application_id,customer_id,application_date,default_within_90d,fold,scheme,probability
TR-001903,TR-C02246,2023-07-01,0,1,clean_time_group_fixed,0.04506827721131135
TR-002021,TR-C03907,2023-07-01,0,1,clean_time_group_fixed,0.06940070656283684
TR-003860,TR-C04324,2023-07-01,0,1,clean_time_group_fixed,0.024266625747656794
TR-005249,TR-C05132,2023-07-01,0,1,clean_time_group_fixed,0.05634201119194622
TR-006221,TR-C03560,2023-07-01,0,1,clean_time_group_fixed,0.016769892131695018
TR-007007,TR-C04158,2023-07-01,0,1,clean_time_group_fixed,0.025846200580974477
TR-007021,TR-C03401,2023-07-01,0,1,clean_time_group_fixed,0.03940256398148846
TR-008965,TR-C01587,2023-07-01,0,1,clean_time_group_fixed,0.0975010399329279
TR-009295,TR-C02342,2023-07-01,0,1,clean_time_group_fixed,0.11561306873414375
TR-009443,TR-C02589,2023-07-01,0,1,clean_time_group_fixed,0.011588712228570504
TR-004269,TR-C04399,2023-07-02,0,1,clean_time_group_fixed,0.011061397873092316
TR-006329,TR-C04382,2023-07-02,0,1,clean_time_group_fixed,0.009572101372404327
TR-007909,TR-C05084,2023-07-02,0,1,clean_time_group_fixed,0.010289971172903036
TR-008646,TR-C02610,2023-07-02,0,1,clean_time_group_fixed,0.017414574013257675
TR-009312,TR-C05046,2023-07-02,0,1,clean_time_group_fixed,0.013618032334761778
TR-001014,TR-C04398,2023-07-03,0,1,clean_time_group_fixed,0.1785890968931311
TR-001238,TR-C01823,2023-07-03,0,1,clean_time_group_fixed,0.041516640854945976
TR-002173,TR-C00902,2023-07-03,0,1,clean_time_group_fixed,0.027217983127289017
TR-003372,TR-C03363,2023-07-03,0,1,clean_time_group_fixed,0.018608155652899118
TR-004614,TR-C04421,2023-07-03,0,1,clean_time_group_fixed,0.031244008610924835
TR-006729,TR-C02655,2023-07-03,0,1,clean_time_group_fixed,0.06658976004645621
TR-006755,TR-C01933,2023-07-03,0,1,clean_time_group_fixed,0.0492327244832477
TR-007516,TR-C04832,2023-07-03,0,1,clean_time_group_fixed,0.026349542483635146
TR-008430,TR-C04956,2023-07-03,0,1,clean_time_group_fixed,0.022510392399145294
TR-000202,TR-C05833,2023-07-04,0,1,clean_time_group_fixed,0.0603394367018322
TR-000239,TR-C04200,2023-07-04,0,1,clean_time_group_fixed,0.034890489434049744
TR-000423,TR-C06198,2023-07-04,0,1,clean_time_group_fixed,0.01831994740911852
TR-001687,TR-C05008,2023-07-04,0,1,clean_time_group_fixed,0.021564867172083606
TR-002446,TR-C02380,2023-07-04,0,1,clean_time_group_fixed,0.033980493800019676
TR-003336,TR-C00106,2023-07-04,0,1,clean_time_group_fixed,0.10520669235967972
TR-004012,TR-C00530,2023-07-04,0,1,clean_time_group_fixed,0.08353608548100513
TR-006247,TR-C00702,2023-07-04,0,1,clean_time_group_fixed,0.024990631077316215
TR-006303,TR-C05642,2023-07-04,0,1,clean_time_group_fixed,0.020454028584744585
TR-006633,TR-C05691,2023-07-04,0,1,clean_time_group_fixed,0.292789943489718
TR-006741,TR-C00181,2023-07-04,0,1,clean_time_group_fixed,0.08742941426795264
TR-006758,TR-C05993,2023-07-04,0,1,clean_time_group_fixed,0.08225542547131548
TR-008683,TR-C01298,2023-07-04,0,1,clean_time_group_fixed,0.0677608735155798
TR-009495,TR-C02702,2023-07-04,0,1,clean_time_group_fixed,0.19023810392906224
TR-001254,TR-C02499,2023-07-05,0,1,clean_time_group_fixed,0.02942602313814603
TR-002479,TR-C01210,2023-07-05,0,1,clean_time_group_fixed,0.009379294246593225
TR-003394,TR-C05109,2023-07-05,0,1,clean_time_group_fixed,0.014821983558162905
TR-003792,TR-C04454,2023-07-05,0,1,clean_time_group_fixed,0.01699862487168328
TR-004352,TR-C03014,2023-07-05,0,1,clean_time_group_fixed,0.14291720246299794
TR-005927,TR-C00642,2023-07-05,0,1,clean_time_group_fixed,0.026937086310903163
TR-006167,TR-C05565,2023-07-05,1,1,clean_time_group_fixed,0.14191123046097526
TR-007092,TR-C05200,2023-07-05,0,1,clean_time_group_fixed,0.047914517166935906
TR-008635,TR-C02010,2023-07-05,1,1,clean_time_group_fixed,0.0411340767384146
TR-009079,TR-C02479,2023-07-05,0,1,clean_time_group_fixed,0.05444098034536851
TR-009571,TR-C00984,2023-07-05,0,1,clean_time_group_fixed,0.029375427979268908
TR-002708,TR-C02775,2023-07-06,0,1,clean_time_group_fixed,0.011570574462191285
TR-002837,TR-C04079,2023-07-06,0,1,clean_time_group_fixed,0.027272160311470672
TR-002966,TR-C03303,2023-07-06,0,1,clean_time_group_fixed,0.022457723685825763
TR-002996,TR-C01351,2023-07-06,0,1,clean_time_group_fixed,0.020200679849622892
TR-003825,TR-C01987,2023-07-06,0,1,clean_time_group_fixed,0.045748152837030445
TR-006551,TR-C01755,2023-07-06,0,1,clean_time_group_fixed,0.01543063653511589
TR-007278,TR-C03702,2023-07-06,1,1,clean_time_group_fixed,0.48479917089151925
TR-007378,TR-C03511,2023-07-06,0,1,clean_time_group_fixed,0.46811942949089996
TR-009554,TR-C03454,2023-07-06,0,1,clean_time_group_fixed,0.024396073755600423
TR-009908,TR-C03358,2023-07-06,0,1,clean_time_group_fixed,0.08552281658999232
TR-000294,TR-C06045,2023-07-07,0,1,clean_time_group_fixed,0.013201590682693446
TR-000384,TR-C05070,2023-07-07,0,1,clean_time_group_fixed,0.02375264209402948
TR-003281,TR-C02917,2023-07-07,0,1,clean_time_group_fixed,0.008944121287984493
TR-003401,TR-C04397,2023-07-07,0,1,clean_time_group_fixed,0.3297235284271177
TR-004268,TR-C03494,2023-07-07,1,1,clean_time_group_fixed,0.37490483419273274
TR-004572,TR-C06151,2023-07-07,0,1,clean_time_group_fixed,0.022736256422440787
TR-005046,TR-C05035,2023-07-07,0,1,clean_time_group_fixed,0.03758120742775096
TR-005473,TR-C06434,2023-07-07,0,1,clean_time_group_fixed,0.02009562924126953
TR-007542,TR-C03162,2023-07-07,0,1,clean_time_group_fixed,0.012246355286866276
TR-007632,TR-C03132,2023-07-07,0,1,clean_time_group_fixed,0.060568947189085245
TR-007834,TR-C06019,2023-07-07,0,1,clean_time_group_fixed,0.021976051811324226
TR-007837,TR-C02012,2023-07-07,0,1,clean_time_group_fixed,0.007940014477553945
TR-008090,TR-C05941,2023-07-07,0,1,clean_time_group_fixed,0.05483330608576459
TR-008714,TR-C02512,2023-07-07,0,1,clean_time_group_fixed,0.035927685416376254
TR-009031,TR-C05840,2023-07-07,0,1,clean_time_group_fixed,0.15222390145160852
TR-000741,TR-C05570,2023-07-08,0,1,clean_time_group_fixed,0.024374968318621543
TR-002863,TR-C04185,2023-07-08,0,1,clean_time_group_fixed,0.1766381121590052
TR-003561,TR-C00834,2023-07-08,0,1,clean_time_group_fixed,0.060007572628686015
TR-004054,TR-C02035,2023-07-08,0,1,clean_time_group_fixed,0.029488685210345696
TR-004508,TR-C04706,2023-07-08,0,1,clean_time_group_fixed,0.009869641164485396
TR-005138,TR-C01999,2023-07-08,0,1,clean_time_group_fixed,0.022551823258125332
TR-006533,TR-C05585,2023-07-08,0,1,clean_time_group_fixed,0.16127432217861992
TR-007479,TR-C03321,2023-07-08,0,1,clean_time_group_fixed,0.02213015153821993
TR-008903,TR-C01385,2023-07-08,0,1,clean_time_group_fixed,0.0282783599821096
TR-009283,TR-C01307,2023-07-08,0,1,clean_time_group_fixed,0.01971202723563434
TR-009530,TR-C02613,2023-07-08,0,1,clean_time_group_fixed,0.012244537203948505
TR-009864,TR-C03296,2023-07-08,0,1,clean_time_group_fixed,0.1244550731200457
TR-000633,TR-C00771,2023-07-09,1,1,clean_time_group_fixed,0.18282993385626478
TR-001713,TR-C05921,2023-07-09,0,1,clean_time_group_fixed,0.06545417616532383
TR-001848,TR-C01979,2023-07-09,0,1,clean_time_group_fixed,0.020073509888993188
TR-001954,TR-C05186,2023-07-09,0,1,clean_time_group_fixed,0.286274780261526
TR-002099,TR-C04105,2023-07-09,0,1,clean_time_group_fixed,0.11892243784149038
TR-007345,TR-C04705,2023-07-09,0,1,clean_time_group_fixed,0.09101863511317959
TR-008384,TR-C01760,2023-07-09,1,1,clean_time_group_fixed,0.13934918113273215
TR-009260,TR-C05706,2023-07-09,0,1,clean_time_group_fixed,0.050070905976365154
TR-001332,TR-C05856,2023-07-10,0,1,clean_time_group_fixed,0.1603675591977088
TR-002212,TR-C03579,2023-07-10,0,1,clean_time_group_fixed,0.0208291476575065
TR-002362,TR-C06106,2023-07-10,0,1,clean_time_group_fixed,0.012716677029331108
TR-003630,TR-C02574,2023-07-10,0,1,clean_time_group_fixed,0.011810102979315949
TR-003922,TR-C00675,2023-07-10,0,1,clean_time_group_fixed,0.1113580219201001
TR-004109,TR-C06159,2023-07-10,0,1,clean_time_group_fixed,0.013321887050881163
TR-008435,TR-C01313,2023-07-10,0,1,clean_time_group_fixed,0.02929922908031257
TR-008501,TR-C00396,2023-07-10,0,1,clean_time_group_fixed,0.0097269713438776
TR-000093,TR-C05355,2023-07-11,0,1,clean_time_group_fixed,0.03523348466723559
TR-000630,TR-C01534,2023-07-11,0,1,clean_time_group_fixed,0.1651462630467047
TR-002944,TR-C03741,2023-07-11,0,1,clean_time_group_fixed,0.013295239831071167
TR-003783,TR-C02531,2023-07-11,0,1,clean_time_group_fixed,0.038396439291667
TR-004318,TR-C03037,2023-07-11,0,1,clean_time_group_fixed,0.024209648641458588
TR-004900,TR-C04869,2023-07-11,0,1,clean_time_group_fixed,0.07154241500560869
TR-005145,TR-C01330,2023-07-11,0,1,clean_time_group_fixed,0.07994551578386981
TR-006583,TR-C01525,2023-07-11,0,1,clean_time_group_fixed,0.014429994950957929
TR-006700,TR-C01199,2023-07-11,0,1,clean_time_group_fixed,0.027710996073337626
TR-007992,TR-C02700,2023-07-11,0,1,clean_time_group_fixed,0.1404386892507024
TR-008108,TR-C02046,2023-07-11,0,1,clean_time_group_fixed,0.07099128674790058
TR-008389,TR-C05778,2023-07-11,0,1,clean_time_group_fixed,0.025221767846610968
TR-000233,TR-C05592,2023-07-12,0,1,clean_time_group_fixed,0.027155831939714856
TR-000437,TR-C03045,2023-07-12,0,1,clean_time_group_fixed,0.018111527648057492
TR-001392,TR-C04847,2023-07-12,0,1,clean_time_group_fixed,0.013041733218047314
TR-001884,TR-C01755,2023-07-12,0,1,clean_time_group_fixed,0.02965323642857588
TR-002104,TR-C05789,2023-07-12,0,1,clean_time_group_fixed,0.022369300834086014
TR-003924,TR-C01288,2023-07-12,0,1,clean_time_group_fixed,0.09996056613068327
TR-004236,TR-C04318,2023-07-12,0,1,clean_time_group_fixed,0.021422376290057745
TR-005909,TR-C02410,2023-07-12,0,1,clean_time_group_fixed,0.02104879978602594
TR-006508,TR-C04409,2023-07-12,0,1,clean_time_group_fixed,0.1806398677688669
TR-008312,TR-C03901,2023-07-12,0,1,clean_time_group_fixed,0.05126660214420358
TR-008977,TR-C01734,2023-07-12,0,1,clean_time_group_fixed,0.04845236254501162
TR-009139,TR-C02800,2023-07-12,0,1,clean_time_group_fixed,0.012998584517282712
TR-009195,TR-C02302,2023-07-12,0,1,clean_time_group_fixed,0.007794268973809429
TR-000407,TR-C01507,2023-07-13,0,1,clean_time_group_fixed,0.017823026276075467
TR-000409,TR-C05057,2023-07-13,0,1,clean_time_group_fixed,0.23378536963619015
TR-006240,TR-C03866,2023-07-13,0,1,clean_time_group_fixed,0.17811432304981153
TR-007359,TR-C05624,2023-07-13,0,1,clean_time_group_fixed,0.08122262244534835
TR-007700,TR-C03800,2023-07-13,0,1,clean_time_group_fixed,0.019124941834315175
TR-007792,TR-C05067,2023-07-13,0,1,clean_time_group_fixed,0.16675577230803498
TR-009834,TR-C02972,2023-07-13,0,1,clean_time_group_fixed,0.0516757630320157
TR-000110,TR-C01913,2023-07-14,0,1,clean_time_group_fixed,0.04396572022596425
TR-001753,TR-C04736,2023-07-14,0,1,clean_time_group_fixed,0.04440807338404468
TR-003098,TR-C00448,2023-07-14,0,1,clean_time_group_fixed,0.2145497976619062
TR-003158,TR-C00142,2023-07-14,0,1,clean_time_group_fixed,0.04674602244446366
TR-004349,TR-C01586,2023-07-14,1,1,clean_time_group_fixed,0.2724993893316767
TR-004717,TR-C04730,2023-07-14,0,1,clean_time_group_fixed,0.01729497830537294
TR-007302,TR-C01544,2023-07-14,1,1,clean_time_group_fixed,0.702151914182076
TR-008574,TR-C06216,2023-07-14,0,1,clean_time_group_fixed,0.021594473275660598
TR-008829,TR-C01694,2023-07-14,0,1,clean_time_group_fixed,0.03880612522242012
TR-000203,TR-C00086,2023-07-15,0,1,clean_time_group_fixed,0.0093838915227875
TR-000614,TR-C01492,2023-07-15,1,1,clean_time_group_fixed,0.6988547711890523
TR-000665,TR-C01407,2023-07-15,0,1,clean_time_group_fixed,0.03231844467396979
TR-001034,TR-C01888,2023-07-15,0,1,clean_time_group_fixed,0.17145178177670306
TR-002127,TR-C00580,2023-07-15,0,1,clean_time_group_fixed,0.027688067068189316
TR-003902,TR-C04827,2023-07-15,0,1,clean_time_group_fixed,0.17491197727759805
TR-004953,TR-C00673,2023-07-15,0,1,clean_time_group_fixed,0.02320783471012291
TR-006481,TR-C05986,2023-07-15,0,1,clean_time_group_fixed,0.027499357837283817
TR-007667,TR-C06419,2023-07-15,0,1,clean_time_group_fixed,0.039217704270274725
TR-007891,TR-C04314,2023-07-15,0,1,clean_time_group_fixed,0.009506633768099374
TR-008020,TR-C01737,2023-07-15,0,1,clean_time_group_fixed,0.10234749300512744
TR-008191,TR-C05461,2023-07-15,0,1,clean_time_group_fixed,0.03744512209609827
TR-008632,TR-C02562,2023-07-15,0,1,clean_time_group_fixed,0.13834859380031928
TR-000368,TR-C05891,2023-07-16,0,1,clean_time_group_fixed,0.059465065137939574
TR-000464,TR-C01788,2023-07-16,0,1,clean_time_group_fixed,0.010019022011806237
TR-001187,TR-C03440,2023-07-16,0,1,clean_time_group_fixed,0.038059681140540216
TR-001286,TR-C00688,2023-07-16,0,1,clean_time_group_fixed,0.060550852868122514
TR-003232,TR-C01378,2023-07-16,0,1,clean_time_group_fixed,0.011409402157447655
TR-003994,TR-C05524,2023-07-16,0,1,clean_time_group_fixed,0.057320985248485695
TR-004229,TR-C01838,2023-07-16,0,1,clean_time_group_fixed,0.06254606224725165
TR-005395,TR-C00551,2023-07-16,0,1,clean_time_group_fixed,0.20014727471452487
TR-005548,TR-C03348,2023-07-16,0,1,clean_time_group_fixed,0.0349078650680916
TR-006186,TR-C00708,2023-07-16,0,1,clean_time_group_fixed,0.025436153783244136
TR-008647,TR-C00559,2023-07-16,0,1,clean_time_group_fixed,0.03108392052410042
TR-009043,TR-C04750,2023-07-16,0,1,clean_time_group_fixed,0.14733232908012076
TR-009859,TR-C00020,2023-07-16,0,1,clean_time_group_fixed,0.14983558977769548
TR-000111,TR-C00441,2023-07-17,0,1,clean_time_group_fixed,0.04976250602347439
TR-005043,TR-C06214,2023-07-17,0,1,clean_time_group_fixed,0.01577203929752383
TR-005199,TR-C06356,2023-07-17,0,1,clean_time_group_fixed,0.037211278694355816
TR-006162,TR-C03855,2023-07-17,0,1,clean_time_group_fixed,0.03457596786871322
TR-007451,TR-C01982,2023-07-17,0,1,clean_time_group_fixed,0.03910277906376396
TR-007489,TR-C04235,2023-07-17,0,1,clean_time_group_fixed,0.033419524625691595
TR-007908,TR-C03640,2023-07-17,0,1,clean_time_group_fixed,0.043247759545445866
TR-008767,TR-C04409,2023-07-17,0,1,clean_time_group_fixed,0.05477949925306946
TR-004385,TR-C03274,2023-07-18,0,1,clean_time_group_fixed,0.13914146186861845
TR-004478,TR-C03581,2023-07-18,0,1,clean_time_group_fixed,0.027006215148166736
TR-005780,TR-C01247,2023-07-18,0,1,clean_time_group_fixed,0.07969937543798757
TR-001413,TR-C01682,2023-07-19,0,1,clean_time_group_fixed,0.0533184473422083
TR-004842,TR-C00922,2023-07-19,0,1,clean_time_group_fixed,0.015409958847654982
TR-005856,TR-C02466,2023-07-19,0,1,clean_time_group_fixed,0.022474708247771966
TR-007580,TR-C02797,2023-07-19,0,1,clean_time_group_fixed,0.020372589182110438
TR-008865,TR-C01535,2023-07-19,0,1,clean_time_group_fixed,0.21252060156446267
TR-009037,TR-C03501,2023-07-19,0,1,clean_time_group_fixed,0.015214858567323013
TR-009357,TR-C02422,2023-07-19,0,1,clean_time_group_fixed,0.18441079910604496
TR-009476,TR-C03995,2023-07-19,0,1,clean_time_group_fixed,0.03282497891148826
TR-001529,TR-C02571,2023-07-20,0,1,clean_time_group_fixed,0.00868711316741803
TR-003533,TR-C01351,2023-07-20,0,1,clean_time_group_fixed,0.01909187609778959
TR-005832,TR-C02505,2023-07-20,0,1,clean_time_group_fixed,0.06411187860038405
TR-006698,TR-C02354,2023-07-20,0,1,clean_time_group_fixed,0.023564065741044745
TR-007603,TR-C02520,2023-07-20,0,1,clean_time_group_fixed,0.01463509093396837
TR-009441,TR-C00526,2023-07-20,0,1,clean_time_group_fixed,0.0160036819815718
TR-000323,TR-C06017,2023-07-21,0,1,clean_time_group_fixed,0.07923511109253857
TR-000461,TR-C01996,2023-07-21,0,1,clean_time_group_fixed,0.009279771139925192
TR-000606,TR-C05652,2023-07-21,0,1,clean_time_group_fixed,0.07178133873630844
TR-001772,TR-C06074,2023-07-21,0,1,clean_time_group_fixed,0.014986187244344043
TR-002176,TR-C05536,2023-07-21,0,1,clean_time_group_fixed,0.024289449409785443
TR-002633,TR-C00299,2023-07-21,0,1,clean_time_group_fixed,0.25344551686306926
TR-002970,TR-C01862,2023-07-21,0,1,clean_time_group_fixed,0.5981481369551145
TR-003014,TR-C04861,2023-07-21,1,1,clean_time_group_fixed,0.4230028112508702
TR-005200,TR-C03415,2023-07-21,0,1,clean_time_group_fixed,0.029815632033912194
TR-005352,TR-C04533,2023-07-21,0,1,clean_time_group_fixed,0.13501937585159118
TR-006867,TR-C03068,2023-07-21,0,1,clean_time_group_fixed,0.02046833205378339
TR-008383,TR-C03038,2023-07-21,0,1,clean_time_group_fixed,0.04699594652417483
TR-009024,TR-C04030,2023-07-21,0,1,clean_time_group_fixed,0.09569304467722742
TR-009578,TR-C00525,2023-07-21,0,1,clean_time_group_fixed,0.013697054362446757
TR-001722,TR-C01061,2023-07-22,0,1,clean_time_group_fixed,0.11862562353136821
TR-004138,TR-C01177,2023-07-22,0,1,clean_time_group_fixed,0.10167005463929209
TR-005792,TR-C03954,2023-07-22,0,1,clean_time_group_fixed,0.03184766350816749
TR-006386,TR-C00292,2023-07-22,0,1,clean_time_group_fixed,0.0683468181256662
TR-006799,TR-C05892,2023-07-22,0,1,clean_time_group_fixed,0.10651760787775454
TR-007241,TR-C05095,2023-07-22,0,1,clean_time_group_fixed,0.02723871945692533
TR-002237,TR-C06396,2023-07-23,0,1,clean_time_group_fixed,0.059632096807763504
TR-003964,TR-C00764,2023-07-23,0,1,clean_time_group_fixed,0.03351894353583503
TR-007412,TR-C01502,2023-07-23,0,1,clean_time_group_fixed,0.026095705142448872
TR-009289,TR-C01812,2023-07-23,1,1,clean_time_group_fixed,0.03044136944291138
TR-000322,TR-C02810,2023-07-24,0,1,clean_time_group_fixed,0.03261584088903891
TR-002234,TR-C04962,2023-07-24,0,1,clean_time_group_fixed,0.010742526758581615
TR-002627,TR-C06038,2023-07-24,0,1,clean_time_group_fixed,0.017649965925526305
TR-009436,TR-C06443,2023-07-24,1,1,clean_time_group_fixed,0.06677697269500517
TR-009510,TR-C02879,2023-07-24,0,1,clean_time_group_fixed,0.21127992819190128
TR-000402,TR-C01441,2023-07-25,0,1,clean_time_group_fixed,0.04831092065618854
TR-000804,TR-C05462,2023-07-25,0,1,clean_time_group_fixed,0.0515851114203031
TR-002873,TR-C00033,2023-07-25,1,1,clean_time_group_fixed,0.558007187313097
TR-004005,TR-C05761,2023-07-25,0,1,clean_time_group_fixed,0.022378559559174477
TR-004694,TR-C01691,2023-07-25,0,1,clean_time_group_fixed,0.12899160942587437
TR-004762,TR-C00921,2023-07-25,0,1,clean_time_group_fixed,0.019667424593282915
TR-005223,TR-C01561,2023-07-25,0,1,clean_time_group_fixed,0.007572293959360541
TR-005483,TR-C05024,2023-07-25,0,1,clean_time_group_fixed,0.01969927211058051
TR-005788,TR-C00768,2023-07-25,1,1,clean_time_group_fixed,0.15357360112851123
TR-006979,TR-C01358,2023-07-25,0,1,clean_time_group_fixed,0.03821434405022917
TR-008650,TR-C00279,2023-07-25,0,1,clean_time_group_fixed,0.03506377436062052
TR-008835,TR-C04253,2023-07-25,0,1,clean_time_group_fixed,0.02841516909772606
TR-008859,TR-C04816,2023-07-25,0,1,clean_time_group_fixed,0.3332773763407545
TR-009488,TR-C00305,2023-07-25,0,1,clean_time_group_fixed,0.015068957466411162
TR-000519,TR-C01414,2023-07-26,0,1,clean_time_group_fixed,0.1422033767925669
TR-000995,TR-C01444,2023-07-26,0,1,clean_time_group_fixed,0.044594987813775355
TR-001053,TR-C03276,2023-07-26,0,1,clean_time_group_fixed,0.5239222756144661
TR-001569,TR-C01311,2023-07-26,0,1,clean_time_group_fixed,0.02184746959469518
TR-002185,TR-C01356,2023-07-26,0,1,clean_time_group_fixed,0.06145353251138081
TR-005269,TR-C05276,2023-07-26,0,1,clean_time_group_fixed,0.06600866546864508
TR-005289,TR-C01376,2023-07-26,0,1,clean_time_group_fixed,0.019565328205339915
TR-006331,TR-C06101,2023-07-26,0,1,clean_time_group_fixed,0.050828365599543256
TR-006452,TR-C02210,2023-07-26,0,1,clean_time_group_fixed,0.0337972644452434
TR-006593,TR-C05360,2023-07-26,0,1,clean_time_group_fixed,0.015598363889644903
TR-007455,TR-C00110,2023-07-26,0,1,clean_time_group_fixed,0.012048994244063832
TR-007877,TR-C03830,2023-07-26,0,1,clean_time_group_fixed,0.0176684974990517
TR-009150,TR-C01850,2023-07-26,0,1,clean_time_group_fixed,0.019135172386176937
TR-001408,TR-C01696,2023-07-27,0,1,clean_time_group_fixed,0.018479343218414827
TR-002443,TR-C02117,2023-07-27,1,1,clean_time_group_fixed,0.03009319774846697
TR-003423,TR-C04293,2023-07-27,0,1,clean_time_group_fixed,0.07931007250365095
TR-004127,TR-C00212,2023-07-27,0,1,clean_time_group_fixed,0.03066740302314155
TR-004214,TR-C00266,2023-07-27,0,1,clean_time_group_fixed,0.022678644475397226
TR-005940,TR-C03272,2023-07-27,0,1,clean_time_group_fixed,0.022663046392662662
TR-006222,TR-C04755,2023-07-27,0,1,clean_time_group_fixed,0.3104453342318715
TR-006501,TR-C01583,2023-07-27,0,1,clean_time_group_fixed,0.022467483465306404
TR-009041,TR-C06383,2023-07-27,1,1,clean_time_group_fixed,0.7781549150842653
TR-009695,TR-C04939,2023-07-27,0,1,clean_time_group_fixed,0.0874143866280988
TR-001422,TR-C02311,2023-07-28,0,1,clean_time_group_fixed,0.027880060357703365
TR-002596,TR-C04398,2023-07-28,0,1,clean_time_group_fixed,0.011817994817474515
TR-002646,TR-C04084,2023-07-28,0,1,clean_time_group_fixed,0.020509978044854056
TR-008368,TR-C05663,2023-07-28,0,1,clean_time_group_fixed,0.028224054243876896
TR-009453,TR-C01706,2023-07-28,0,1,clean_time_group_fixed,0.03827837590323523
TR-009870,TR-C03159,2023-07-28,0,1,clean_time_group_fixed,0.02207858144240927
TR-009910,TR-C01966,2023-07-28,0,1,clean_time_group_fixed,0.05664152123579571
TR-001177,TR-C03482,2023-07-29,0,1,clean_time_group_fixed,0.06310972456015569
TR-002861,TR-C01267,2023-07-29,0,1,clean_time_group_fixed,0.7517965746230868
TR-004216,TR-C01490,2023-07-29,0,1,clean_time_group_fixed,0.0214905107870255
TR-004397,TR-C03956,2023-07-29,0,1,clean_time_group_fixed,0.048896721863416544
TR-008148,TR-C04062,2023-07-29,0,1,clean_time_group_fixed,0.18138704542544823
TR-000477,TR-C04732,2023-07-30,0,1,clean_time_group_fixed,0.018760179838165695
TR-001647,TR-C03917,2023-07-30,0,1,clean_time_group_fixed,0.023698699296572607
TR-002409,TR-C06156,2023-07-30,0,1,clean_time_group_fixed,0.10253448012406902
TR-002946,TR-C02838,2023-07-30,0,1,clean_time_group_fixed,0.01977770571592288
TR-005124,TR-C04470,2023-07-30,0,1,clean_time_group_fixed,0.02505109860610187
TR-006166,TR-C00312,2023-07-30,1,1,clean_time_group_fixed,0.2518560286287688
TR-006211,TR-C05496,2023-07-30,0,1,clean_time_group_fixed,0.008589401184540543
TR-006261,TR-C04206,2023-07-30,0,1,clean_time_group_fixed,0.018380162002594555
TR-006399,TR-C05566,2023-07-30,0,1,clean_time_group_fixed,0.10841791963014348
TR-006726,TR-C02497,2023-07-30,0,1,clean_time_group_fixed,0.013586337786765618
TR-007138,TR-C00718,2023-07-30,0,1,clean_time_group_fixed,0.013001831634251247
TR-009030,TR-C01829,2023-07-30,0,1,clean_time_group_fixed,0.014774896505703097
TR-009221,TR-C00350,2023-07-30,0,1,clean_time_group_fixed,0.009436964179337431
TR-000331,TR-C06433,2023-07-31,0,1,clean_time_group_fixed,0.03821499441293018
TR-000813,TR-C00182,2023-07-31,0,1,clean_time_group_fixed,0.09343989733046135
TR-001946,TR-C05779,2023-07-31,0,1,clean_time_group_fixed,0.03804884141740488
TR-003373,TR-C01740,2023-07-31,0,1,clean_time_group_fixed,0.026127728987507724
TR-003453,TR-C03513,2023-07-31,0,1,clean_time_group_fixed,0.031126046777065566
TR-003686,TR-C06474,2023-07-31,0,1,clean_time_group_fixed,0.03252910701520776
TR-005187,TR-C03945,2023-07-31,0,1,clean_time_group_fixed,0.07254363361691517
TR-009852,TR-C02406,2023-07-31,0,1,clean_time_group_fixed,0.019064896028799138
TR-009973,TR-C02376,2023-07-31,0,1,clean_time_group_fixed,0.014782732820271585
TR-002768,TR-C04707,2023-08-01,0,1,clean_time_group_fixed,0.013550775891288419
TR-003403,TR-C04636,2023-08-01,0,1,clean_time_group_fixed,0.020294785064177527
TR-003568,TR-C06404,2023-08-01,0,1,clean_time_group_fixed,0.016823433992473352
TR-003766,TR-C05075,2023-08-01,0,1,clean_time_group_fixed,0.02707340393018886
TR-003812,TR-C02138,2023-08-01,0,1,clean_time_group_fixed,0.12466143028350203
TR-005038,TR-C00446,2023-08-01,0,1,clean_time_group_fixed,0.009414373481658408
TR-006823,TR-C00242,2023-08-01,0,1,clean_time_group_fixed,0.04217125624868779
TR-008492,TR-C00013,2023-08-01,0,1,clean_time_group_fixed,0.016435726585117442
TR-000107,TR-C06119,2023-08-02,0,1,clean_time_group_fixed,0.1512710388423334
TR-000261,TR-C05438,2023-08-02,0,1,clean_time_group_fixed,0.3302248091055255
TR-001936,TR-C05768,2023-08-02,0,1,clean_time_group_fixed,0.04753553160432108
TR-002732,TR-C00497,2023-08-02,0,1,clean_time_group_fixed,0.014475706203784862
TR-003213,TR-C00587,2023-08-02,0,1,clean_time_group_fixed,0.019435015986634326
TR-004792,TR-C03247,2023-08-02,0,1,clean_time_group_fixed,0.019108921354042532
TR-008674,TR-C01893,2023-08-02,0,1,clean_time_group_fixed,0.02550164941638642
TR-009959,TR-C00023,2023-08-02,0,1,clean_time_group_fixed,0.032501484468802876
TR-002419,TR-C02883,2023-08-03,0,1,clean_time_group_fixed,0.019951512082781182
TR-003974,TR-C04806,2023-08-03,0,1,clean_time_group_fixed,0.01824843863195232
TR-003983,TR-C04636,2023-08-03,0,1,clean_time_group_fixed,0.03679544983207832
TR-004818,TR-C05199,2023-08-03,0,1,clean_time_group_fixed,0.07750625190676783
TR-006681,TR-C01805,2023-08-03,0,1,clean_time_group_fixed,0.033838723935696695
TR-006793,TR-C00123,2023-08-03,0,1,clean_time_group_fixed,0.023947675509984966
TR-008330,TR-C03373,2023-08-03,1,1,clean_time_group_fixed,0.32521119033609547
TR-001245,TR-C04849,2023-08-04,0,1,clean_time_group_fixed,0.07656811532070591
TR-001278,TR-C01141,2023-08-04,0,1,clean_time_group_fixed,0.033783615413348914
TR-004631,TR-C03407,2023-08-04,0,1,clean_time_group_fixed,0.05189194280069331
TR-005045,TR-C05595,2023-08-04,0,1,clean_time_group_fixed,0.05982784818088643
TR-007530,TR-C00604,2023-08-04,0,1,clean_time_group_fixed,0.13503063352421213
TR-009336,TR-C00864,2023-08-04,0,1,clean_time_group_fixed,0.03252642341973143
TR-009364,TR-C05723,2023-08-04,0,1,clean_time_group_fixed,0.03052034021277994
TR-009962,TR-C01997,2023-08-04,0,1,clean_time_group_fixed,0.03125506082067897
TR-009998,TR-C02918,2023-08-04,0,1,clean_time_group_fixed,0.01889020942670918
TR-000062,TR-C05733,2023-08-05,0,1,clean_time_group_fixed,0.025537713820936354
TR-001147,TR-C00678,2023-08-05,0,1,clean_time_group_fixed,0.012738954404899132
TR-001661,TR-C06074,2023-08-05,0,1,clean_time_group_fixed,0.013696268041170292
TR-004032,TR-C00902,2023-08-05,0,1,clean_time_group_fixed,0.03881685170449512
TR-004372,TR-C03998,2023-08-05,0,1,clean_time_group_fixed,0.012361144272505117
TR-004604,TR-C01613,2023-08-05,0,1,clean_time_group_fixed,0.011045476481065637
TR-004847,TR-C05792,2023-08-05,0,1,clean_time_group_fixed,0.020196970781098278
TR-006363,TR-C05086,2023-08-05,0,1,clean_time_group_fixed,0.013473446002876945
TR-006382,TR-C04199,2023-08-05,0,1,clean_time_group_fixed,0.009443632552634947
TR-006627,TR-C00432,2023-08-05,0,1,clean_time_group_fixed,0.03250352718261916
TR-009058,TR-C02800,2023-08-05,0,1,clean_time_group_fixed,0.030484943867894077
TR-000122,TR-C01083,2023-08-06,0,1,clean_time_group_fixed,0.04442240285751994
TR-001512,TR-C00374,2023-08-06,0,1,clean_time_group_fixed,0.06941611338008749
TR-002166,TR-C02007,2023-08-06,0,1,clean_time_group_fixed,0.060363652286688184
TR-002832,TR-C04223,2023-08-06,0,1,clean_time_group_fixed,0.019981029334745402
TR-003780,TR-C00838,2023-08-06,0,1,clean_time_group_fixed,0.028150831930760595
TR-004766,TR-C04190,2023-08-06,0,1,clean_time_group_fixed,0.01708807508833601
TR-006198,TR-C02604,2023-08-06,0,1,clean_time_group_fixed,0.015105564758311341
TR-007594,TR-C05781,2023-08-06,0,1,clean_time_group_fixed,0.12108780990497163
TR-007599,TR-C00316,2023-08-06,0,1,clean_time_group_fixed,0.019491369652921094
TR-008962,TR-C03579,2023-08-06,0,1,clean_time_group_fixed,0.01256273104392744
TR-009986,TR-C02755,2023-08-06,0,1,clean_time_group_fixed,0.04278713484686046
TR-000061,TR-C04926,2023-08-07,0,1,clean_time_group_fixed,0.052295644688605494
TR-000223,TR-C01815,2023-08-07,0,1,clean_time_group_fixed,0.07716639304636713
TR-000232,TR-C04538,2023-08-07,0,1,clean_time_group_fixed,0.03582823718338701
TR-000981,TR-C06489,2023-08-07,0,1,clean_time_group_fixed,0.1124709186996707
TR-002639,TR-C02476,2023-08-07,0,1,clean_time_group_fixed,0.022380698444467162
TR-005879,TR-C01981,2023-08-07,0,1,clean_time_group_fixed,0.030457906688519304
TR-006297,TR-C03628,2023-08-07,0,1,clean_time_group_fixed,0.014585788321040877
TR-007054,TR-C02775,2023-08-07,0,1,clean_time_group_fixed,0.01540167694163793
TR-000333,TR-C04302,2023-08-08,0,1,clean_time_group_fixed,0.01433174561504355
TR-000939,TR-C04402,2023-08-08,0,1,clean_time_group_fixed,0.15233394907167724
TR-002650,TR-C04757,2023-08-08,0,1,clean_time_group_fixed,0.01632252138257943
TR-004243,TR-C00583,2023-08-08,0,1,clean_time_group_fixed,0.1745107931097579
TR-004480,TR-C03033,2023-08-08,0,1,clean_time_group_fixed,0.017295648905183716
TR-005571,TR-C00550,2023-08-08,0,1,clean_time_group_fixed,0.03426364770001006
TR-007474,TR-C02875,2023-08-08,0,1,clean_time_group_fixed,0.04387619017048321
TR-008184,TR-C01954,2023-08-08,0,1,clean_time_group_fixed,0.08421718826373618
TR-009098,TR-C00735,2023-08-08,0,1,clean_time_group_fixed,0.011349481549614824
TR-009869,TR-C01109,2023-08-08,1,1,clean_time_group_fixed,0.030896406348942966
TR-004203,TR-C01868,2023-08-09,0,1,clean_time_group_fixed,0.05108026009912357
TR-004698,TR-C06178,2023-08-09,1,1,clean_time_group_fixed,0.17117849238819538
TR-006423,TR-C01526,2023-08-09,0,1,clean_time_group_fixed,0.015764117625035056
TR-006618,TR-C04008,2023-08-09,0,1,clean_time_group_fixed,0.520183446162189
TR-006923,TR-C01086,2023-08-09,0,1,clean_time_group_fixed,0.03588950673286326
TR-009080,TR-C01650,2023-08-09,0,1,clean_time_group_fixed,0.02971151103554732
TR-000180,TR-C05190,2023-08-10,0,1,clean_time_group_fixed,0.32916974669719146
TR-008187,TR-C05151,2023-08-10,0,1,clean_time_group_fixed,0.02859055863785766
TR-008189,TR-C06286,2023-08-10,0,1,clean_time_group_fixed,0.04040315629366367
TR-009879,TR-C00175,2023-08-10,0,1,clean_time_group_fixed,0.024672580256888066
TR-002054,TR-C00477,2023-08-11,0,1,clean_time_group_fixed,0.22019588407213742
TR-003041,TR-C06102,2023-08-11,0,1,clean_time_group_fixed,0.02896601505101033
TR-004627,TR-C01118,2023-08-11,1,1,clean_time_group_fixed,0.04106312856639641
TR-004715,TR-C06236,2023-08-11,0,1,clean_time_group_fixed,0.01610762213179452
TR-005047,TR-C01618,2023-08-11,0,1,clean_time_group_fixed,0.026499866715872105
TR-006652,TR-C03596,2023-08-11,0,1,clean_time_group_fixed,0.01068307325825829
TR-006914,TR-C05168,2023-08-11,0,1,clean_time_group_fixed,0.1556553143062071
TR-006933,TR-C01036,2023-08-11,0,1,clean_time_group_fixed,0.15550198052578706
TR-007184,TR-C03610,2023-08-11,0,1,clean_time_group_fixed,0.006763193687025141
TR-009344,TR-C00643,2023-08-11,0,1,clean_time_group_fixed,0.006611220242984903
TR-009861,TR-C01198,2023-08-11,0,1,clean_time_group_fixed,0.05012194226693232
TR-009892,TR-C00764,2023-08-11,0,1,clean_time_group_fixed,0.011731223499758076
TR-002816,TR-C01261,2023-08-12,0,1,clean_time_group_fixed,0.2772354641048081
TR-004087,TR-C00786,2023-08-12,0,1,clean_time_group_fixed,0.03169078495810101
TR-005076,TR-C01559,2023-08-12,0,1,clean_time_group_fixed,0.0368732882428253
TR-002471,TR-C00599,2023-08-13,0,1,clean_time_group_fixed,0.027532354441978688
TR-003452,TR-C05290,2023-08-13,1,1,clean_time_group_fixed,0.01591791073901175
TR-003526,TR-C00114,2023-08-13,0,1,clean_time_group_fixed,0.17308011661821404
TR-003687,TR-C04302,2023-08-13,0,1,clean_time_group_fixed,0.09437119823309638
TR-004365,TR-C03012,2023-08-13,0,1,clean_time_group_fixed,0.025359283352477235
TR-004586,TR-C02930,2023-08-13,0,1,clean_time_group_fixed,0.02491387440061805
TR-005986,TR-C03009,2023-08-13,1,1,clean_time_group_fixed,0.5985489536930864
TR-008648,TR-C02222,2023-08-13,0,1,clean_time_group_fixed,0.023948564773656856
TR-000193,TR-C01082,2023-08-14,0,1,clean_time_group_fixed,0.04089972335941598
TR-000747,TR-C00916,2023-08-14,0,1,clean_time_group_fixed,0.03418588273641665
TR-000769,TR-C01368,2023-08-14,0,1,clean_time_group_fixed,0.016808892799490383
TR-000843,TR-C01456,2023-08-14,0,1,clean_time_group_fixed,0.033026777411206354
TR-001186,TR-C00827,2023-08-14,0,1,clean_time_group_fixed,0.07724953267948992
TR-003885,TR-C01432,2023-08-14,0,1,clean_time_group_fixed,0.0669278122967501
TR-007297,TR-C06471,2023-08-14,0,1,clean_time_group_fixed,0.04370250688987942
TR-009575,TR-C06435,2023-08-14,0,1,clean_time_group_fixed,0.023779891732448797
TR-000248,TR-C04846,2023-08-15,0,1,clean_time_group_fixed,0.024451621644301442
TR-000255,TR-C06431,2023-08-15,0,1,clean_time_group_fixed,0.10651339645434514
TR-001863,TR-C02968,2023-08-15,0,1,clean_time_group_fixed,0.044260241930090025
TR-002179,TR-C00112,2023-08-15,0,1,clean_time_group_fixed,0.02141415469007294
TR-003468,TR-C03614,2023-08-15,0,1,clean_time_group_fixed,0.011879558474234612
TR-003953,TR-C02155,2023-08-15,1,1,clean_time_group_fixed,0.06304861886794862
TR-004120,TR-C01492,2023-08-15,1,1,clean_time_group_fixed,0.27548003678191724
TR-006794,TR-C01075,2023-08-15,0,1,clean_time_group_fixed,0.18711935780139724
TR-009555,TR-C05342,2023-08-15,0,1,clean_time_group_fixed,0.1389459681895183
TR-000709,TR-C01287,2023-08-16,0,1,clean_time_group_fixed,0.12532481933161654
TR-000812,TR-C00369,2023-08-16,0,1,clean_time_group_fixed,0.03175972402291922
TR-001358,TR-C05690,2023-08-16,0,1,clean_time_group_fixed,0.03279899927661309
TR-001444,TR-C00868,2023-08-16,0,1,clean_time_group_fixed,0.35775892624688976
TR-001906,TR-C02736,2023-08-16,0,1,clean_time_group_fixed,0.023710145575696073
TR-003314,TR-C04858,2023-08-16,0,1,clean_time_group_fixed,0.02172268073313895
TR-004885,TR-C03902,2023-08-16,0,1,clean_time_group_fixed,0.02374110723569044
TR-005520,TR-C02719,2023-08-16,0,1,clean_time_group_fixed,0.023896231557367507
TR-008758,TR-C01665,2023-08-16,0,1,clean_time_group_fixed,0.01630843482678003
TR-000599,TR-C02453,2023-08-17,0,1,clean_time_group_fixed,0.023428798885803466
TR-000983,TR-C04238,2023-08-17,0,1,clean_time_group_fixed,0.27023383101671544
TR-002957,TR-C04321,2023-08-17,1,1,clean_time_group_fixed,0.6904114500076316
TR-003093,TR-C04566,2023-08-17,0,1,clean_time_group_fixed,0.029032376737967738
TR-004175,TR-C03306,2023-08-17,0,1,clean_time_group_fixed,0.03864576389176711
TR-004232,TR-C02893,2023-08-17,0,1,clean_time_group_fixed,0.018230175982330395
TR-005382,TR-C00361,2023-08-17,0,1,clean_time_group_fixed,0.04035599518828421
TR-005930,TR-C04658,2023-08-17,0,1,clean_time_group_fixed,0.012050352932048841
TR-007653,TR-C04600,2023-08-17,0,1,clean_time_group_fixed,0.015454371755971353
TR-007986,TR-C01287,2023-08-17,0,1,clean_time_group_fixed,0.02099817056171394
TR-008245,TR-C04147,2023-08-17,0,1,clean_time_group_fixed,0.03288359256492595
TR-008547,TR-C06450,2023-08-17,0,1,clean_time_group_fixed,0.05499871863796329
TR-009343,TR-C04649,2023-08-17,0,1,clean_time_group_fixed,0.030996991216191812
TR-009820,TR-C00434,2023-08-17,0,1,clean_time_group_fixed,0.00874451743375692
TR-005420,TR-C00844,2023-08-18,0,1,clean_time_group_fixed,0.0346451012416027
TR-006556,TR-C02035,2023-08-18,1,1,clean_time_group_fixed,0.21692190326021296
TR-008342,TR-C04155,2023-08-18,1,1,clean_time_group_fixed,0.10224860017226443
TR-009130,TR-C01583,2023-08-18,0,1,clean_time_group_fixed,0.04795811686450183
TR-001861,TR-C03667,2023-08-19,0,1,clean_time_group_fixed,0.034806902947786454
TR-003579,TR-C05074,2023-08-19,0,1,clean_time_group_fixed,0.012888114531835476
TR-004854,TR-C00502,2023-08-19,0,1,clean_time_group_fixed,0.4350662300352376
TR-004959,TR-C05662,2023-08-19,0,1,clean_time_group_fixed,0.020169461956926135
TR-005263,TR-C00033,2023-08-19,0,1,clean_time_group_fixed,0.11356816754961331
TR-009142,TR-C04233,2023-08-19,0,1,clean_time_group_fixed,0.27754824801172323
TR-009420,TR-C01424,2023-08-19,0,1,clean_time_group_fixed,0.16418036332216587
TR-009821,TR-C04722,2023-08-19,0,1,clean_time_group_fixed,0.03343448924911742
TR-000292,TR-C06003,2023-08-20,0,1,clean_time_group_fixed,0.03169372121466253
TR-000646,TR-C01082,2023-08-20,0,1,clean_time_group_fixed,0.14702310501997504
TR-003651,TR-C05614,2023-08-20,0,1,clean_time_group_fixed,0.18332995472002092
TR-004146,TR-C00767,2023-08-20,1,1,clean_time_group_fixed,0.1297715013751925
TR-005041,TR-C02460,2023-08-20,0,1,clean_time_group_fixed,0.03457691015393485
TR-005608,TR-C05282,2023-08-20,1,1,clean_time_group_fixed,0.7411251952415353
TR-001060,TR-C01371,2023-08-21,0,1,clean_time_group_fixed,0.011402549618722911
TR-001616,TR-C01797,2023-08-21,0,1,clean_time_group_fixed,0.10607467481194284
TR-002637,TR-C01880,2023-08-21,0,1,clean_time_group_fixed,0.07592614109490278
TR-003797,TR-C05515,2023-08-21,0,1,clean_time_group_fixed,0.057168781223255076
TR-004156,TR-C05787,2023-08-21,0,1,clean_time_group_fixed,0.016437188611739997
TR-005194,TR-C05772,2023-08-21,0,1,clean_time_group_fixed,0.07793666672472425
TR-005508,TR-C02838,2023-08-21,0,1,clean_time_group_fixed,0.019532927108419914
TR-005891,TR-C02243,2023-08-21,0,1,clean_time_group_fixed,0.021768881336572846
TR-007846,TR-C04543,2023-08-21,0,1,clean_time_group_fixed,0.0303738314661409
TR-008485,TR-C02766,2023-08-21,0,1,clean_time_group_fixed,0.4002706822298027
TR-000035,TR-C05483,2023-08-22,0,1,clean_time_group_fixed,0.08180540326046061
TR-001407,TR-C00262,2023-08-22,0,1,clean_time_group_fixed,0.00814638882800497
TR-001560,TR-C01310,2023-08-22,0,1,clean_time_group_fixed,0.008394495487420571
TR-001621,TR-C05150,2023-08-22,0,1,clean_time_group_fixed,0.08166993741156969
TR-002263,TR-C01524,2023-08-22,0,1,clean_time_group_fixed,0.03512118806096985
TR-003720,TR-C03184,2023-08-22,0,1,clean_time_group_fixed,0.020748629467997225
TR-003755,TR-C02607,2023-08-22,0,1,clean_time_group_fixed,0.015984640927504096
TR-004829,TR-C02353,2023-08-22,0,1,clean_time_group_fixed,0.04306559519714368
TR-005149,TR-C02753,2023-08-22,0,1,clean_time_group_fixed,0.01105816041130614
TR-006708,TR-C00663,2023-08-22,0,1,clean_time_group_fixed,0.013595634202533213
TR-007176,TR-C03154,2023-08-22,0,1,clean_time_group_fixed,0.020913876759922356
TR-008024,TR-C05619,2023-08-22,0,1,clean_time_group_fixed,0.11761593382791222
TR-009168,TR-C02805,2023-08-22,0,1,clean_time_group_fixed,0.027349382854346863
TR-009934,TR-C05737,2023-08-22,0,1,clean_time_group_fixed,0.0939412330855023
TR-002858,TR-C01987,2023-08-23,0,1,clean_time_group_fixed,0.13340654175284053
TR-003056,TR-C03328,2023-08-23,0,1,clean_time_group_fixed,0.008275255267235387
TR-003367,TR-C02537,2023-08-23,0,1,clean_time_group_fixed,0.0653075949714348
TR-005182,TR-C03142,2023-08-23,0,1,clean_time_group_fixed,0.13813384948567228
TR-005694,TR-C00786,2023-08-23,0,1,clean_time_group_fixed,0.02060249647509025
TR-006711,TR-C00665,2023-08-23,0,1,clean_time_group_fixed,0.4272606560359492
TR-007806,TR-C02436,2023-08-23,0,1,clean_time_group_fixed,0.08399607517125585
TR-000365,TR-C01831,2023-08-24,0,1,clean_time_group_fixed,0.1637064023449429
TR-001259,TR-C05492,2023-08-24,0,1,clean_time_group_fixed,0.01876099725084444
TR-002555,TR-C05706,2023-08-24,0,1,clean_time_group_fixed,0.04179902945042344
TR-004343,TR-C00846,2023-08-24,0,1,clean_time_group_fixed,0.013296109023097594
TR-004491,TR-C02901,2023-08-24,0,1,clean_time_group_fixed,0.02794928953608516
TR-006101,TR-C05199,2023-08-24,0,1,clean_time_group_fixed,0.037348288805973795
TR-002220,TR-C03090,2023-08-25,0,1,clean_time_group_fixed,0.10551192227617652
TR-003022,TR-C06280,2023-08-25,1,1,clean_time_group_fixed,0.03297077548519742
TR-003806,TR-C06075,2023-08-25,0,1,clean_time_group_fixed,0.010400030949516392
TR-005515,TR-C00369,2023-08-25,0,1,clean_time_group_fixed,0.019804839699834268
TR-005833,TR-C04991,2023-08-25,0,1,clean_time_group_fixed,0.02797483899505855
TR-006568,TR-C03762,2023-08-25,0,1,clean_time_group_fixed,0.17336106354349645
TR-008338,TR-C04299,2023-08-25,0,1,clean_time_group_fixed,0.42225562112488907
TR-008506,TR-C03540,2023-08-25,0,1,clean_time_group_fixed,0.04667229937613016
TR-008757,TR-C00535,2023-08-25,0,1,clean_time_group_fixed,0.054486509753552924
TR-000260,TR-C01122,2023-08-26,0,1,clean_time_group_fixed,0.10966319428471541
TR-002829,TR-C01948,2023-08-26,0,1,clean_time_group_fixed,0.1583472017238935
TR-004796,TR-C00917,2023-08-26,0,1,clean_time_group_fixed,0.02976270842469188
TR-005186,TR-C00039,2023-08-26,0,1,clean_time_group_fixed,0.11858775769577294
TR-005479,TR-C04687,2023-08-26,0,1,clean_time_group_fixed,0.2540719260241503
TR-006961,TR-C00851,2023-08-26,0,1,clean_time_group_fixed,0.04237692900813639
TR-006962,TR-C00949,2023-08-26,0,1,clean_time_group_fixed,0.03564555346795863
TR-008133,TR-C03885,2023-08-26,0,1,clean_time_group_fixed,0.10938510734478346
TR-008324,TR-C01168,2023-08-26,0,1,clean_time_group_fixed,0.08345229404614754
TR-009153,TR-C04747,2023-08-26,0,1,clean_time_group_fixed,0.01257172288738285
TR-009758,TR-C04042,2023-08-26,0,1,clean_time_group_fixed,0.0353179972879848
TR-001666,TR-C03418,2023-08-27,0,1,clean_time_group_fixed,0.04443466948742195
TR-005700,TR-C00020,2023-08-27,0,1,clean_time_group_fixed,0.06629313132101179
TR-005802,TR-C05859,2023-08-27,0,1,clean_time_group_fixed,0.13554616863987068
TR-007150,TR-C01499,2023-08-27,0,1,clean_time_group_fixed,0.06535371692286596
TR-007374,TR-C01940,2023-08-27,0,1,clean_time_group_fixed,0.04449334422089013
TR-007432,TR-C02214,2023-08-27,0,1,clean_time_group_fixed,0.07917712597384377
TR-008049,TR-C05681,2023-08-27,0,1,clean_time_group_fixed,0.07783609870568468
TR-008702,TR-C05371,2023-08-27,0,1,clean_time_group_fixed,0.017567086941636847
TR-009212,TR-C04203,2023-08-27,0,1,clean_time_group_fixed,0.0651578351713415
TR-009519,TR-C00826,2023-08-27,0,1,clean_time_group_fixed,0.03610235680769991
TR-001401,TR-C03913,2023-08-28,0,1,clean_time_group_fixed,0.026681979282980817
TR-002229,TR-C06072,2023-08-28,0,1,clean_time_group_fixed,0.0721283157846652
TR-003379,TR-C02653,2023-08-28,0,1,clean_time_group_fixed,0.050009931452594795
TR-004117,TR-C06144,2023-08-28,0,1,clean_time_group_fixed,0.0629838021792971
TR-008765,TR-C02957,2023-08-28,1,1,clean_time_group_fixed,0.037508994034789994
TR-009369,TR-C05921,2023-08-28,0,1,clean_time_group_fixed,0.20371114061620774
TR-009716,TR-C06337,2023-08-28,0,1,clean_time_group_fixed,0.0394749066006687
TR-000428,TR-C02561,2023-08-29,0,1,clean_time_group_fixed,0.04354825935642988
TR-000890,TR-C00591,2023-08-29,0,1,clean_time_group_fixed,0.02943002068056736
TR-002313,TR-C06086,2023-08-29,1,1,clean_time_group_fixed,0.720977276562664
TR-002910,TR-C04492,2023-08-29,0,1,clean_time_group_fixed,0.08351364489998746
TR-003950,TR-C05156,2023-08-29,0,1,clean_time_group_fixed,0.008077094321196484
TR-004114,TR-C04834,2023-08-29,1,1,clean_time_group_fixed,0.062038017066816976
TR-004121,TR-C04251,2023-08-29,0,1,clean_time_group_fixed,0.12582346431904712
TR-004333,TR-C04493,2023-08-29,0,1,clean_time_group_fixed,0.01731539531426531
TR-004450,TR-C02359,2023-08-29,0,1,clean_time_group_fixed,0.03975079760834726
TR-004868,TR-C00717,2023-08-29,0,1,clean_time_group_fixed,0.09861506767136377
TR-005284,TR-C01702,2023-08-29,1,1,clean_time_group_fixed,0.34119035811235915
TR-007873,TR-C03391,2023-08-29,0,1,clean_time_group_fixed,0.031187919082029798
TR-008068,TR-C04361,2023-08-29,0,1,clean_time_group_fixed,0.0737145241146818
TR-009764,TR-C02823,2023-08-29,0,1,clean_time_group_fixed,0.05337748522286443
TR-009883,TR-C03998,2023-08-29,0,1,clean_time_group_fixed,0.013442326967148335
TR-002785,TR-C01812,2023-08-30,1,1,clean_time_group_fixed,0.1968947891159362
TR-002877,TR-C05095,2023-08-30,0,1,clean_time_group_fixed,0.048385503854275896
TR-006877,TR-C01582,2023-08-30,0,1,clean_time_group_fixed,0.02114614057478717
TR-007006,TR-C03812,2023-08-30,0,1,clean_time_group_fixed,0.026579606942629886
TR-008375,TR-C00686,2023-08-30,0,1,clean_time_group_fixed,0.07288821511438164
TR-009019,TR-C00186,2023-08-30,0,1,clean_time_group_fixed,0.030841572305355943
TR-009927,TR-C00013,2023-08-30,0,1,clean_time_group_fixed,0.017033524161433305
TR-001213,TR-C05666,2023-08-31,0,1,clean_time_group_fixed,0.043888809161029066
TR-002532,TR-C04124,2023-08-31,0,1,clean_time_group_fixed,0.010222189318022361
TR-003978,TR-C00910,2023-08-31,0,1,clean_time_group_fixed,0.014295948437762971
TR-006263,TR-C03121,2023-08-31,0,1,clean_time_group_fixed,0.016742783332675183
TR-007018,TR-C04409,2023-08-31,0,1,clean_time_group_fixed,0.10164701051667481
TR-008013,TR-C00868,2023-08-31,0,1,clean_time_group_fixed,0.35434640987983396
TR-008204,TR-C05122,2023-08-31,0,1,clean_time_group_fixed,0.28189528837940864
TR-000508,TR-C01422,2023-09-01,1,1,clean_time_group_fixed,0.07314319890990074
TR-000662,TR-C01903,2023-09-01,0,1,clean_time_group_fixed,0.03340960145539321
TR-001320,TR-C02461,2023-09-01,0,1,clean_time_group_fixed,0.031020806514883315
TR-003509,TR-C06085,2023-09-01,0,1,clean_time_group_fixed,0.020994853703081427
TR-004275,TR-C01880,2023-09-01,1,1,clean_time_group_fixed,0.08900538174211359
TR-005304,TR-C05166,2023-09-01,0,1,clean_time_group_fixed,0.08547594196350396
TR-005614,TR-C04217,2023-09-01,0,1,clean_time_group_fixed,0.026520747064777504
TR-008839,TR-C03235,2023-09-01,0,1,clean_time_group_fixed,0.035020811723520784
TR-009379,TR-C03834,2023-09-01,0,1,clean_time_group_fixed,0.09719548377559943
TR-001862,TR-C00425,2023-09-02,0,1,clean_time_group_fixed,0.03284716354624523
TR-004390,TR-C01421,2023-09-02,0,1,clean_time_group_fixed,0.026574083291306977
TR-004687,TR-C01447,2023-09-02,0,1,clean_time_group_fixed,0.006470300029007164
TR-004874,TR-C03728,2023-09-02,0,1,clean_time_group_fixed,0.10253695065173145
TR-007518,TR-C06152,2023-09-02,0,1,clean_time_group_fixed,0.035282224993253695
TR-000701,TR-C06202,2023-09-03,0,1,clean_time_group_fixed,0.2079471913381734
TR-001427,TR-C05811,2023-09-03,0,1,clean_time_group_fixed,0.0127010116624477
TR-002975,TR-C04276,2023-09-03,0,1,clean_time_group_fixed,0.010459154668075765
TR-003353,TR-C01715,2023-09-03,0,1,clean_time_group_fixed,0.029731929387729377
TR-004636,TR-C01648,2023-09-03,0,1,clean_time_group_fixed,0.3595316905131
TR-005359,TR-C05550,2023-09-03,0,1,clean_time_group_fixed,0.22621902562994378
TR-007642,TR-C03343,2023-09-03,0,1,clean_time_group_fixed,0.05256192883390768
TR-007759,TR-C04237,2023-09-03,0,1,clean_time_group_fixed,0.041420074303792104
TR-008117,TR-C01636,2023-09-03,0,1,clean_time_group_fixed,0.01956305285533244
TR-009017,TR-C06474,2023-09-03,1,1,clean_time_group_fixed,0.03324671720475596
TR-001571,TR-C01623,2023-09-04,0,1,clean_time_group_fixed,0.04242228573044066
TR-001739,TR-C04540,2023-09-04,0,1,clean_time_group_fixed,0.018960825007551346
TR-001842,TR-C05692,2023-09-04,0,1,clean_time_group_fixed,0.1523318754872738
TR-003075,TR-C04648,2023-09-04,0,1,clean_time_group_fixed,0.16645385759639392
TR-003512,TR-C03002,2023-09-04,0,1,clean_time_group_fixed,0.03192177422896242
TR-005402,TR-C05307,2023-09-04,0,1,clean_time_group_fixed,0.022478104191181222
TR-006008,TR-C03095,2023-09-04,0,1,clean_time_group_fixed,0.05284450267043267
TR-007645,TR-C04491,2023-09-04,0,1,clean_time_group_fixed,0.03166555634450107
TR-008677,TR-C04246,2023-09-04,0,1,clean_time_group_fixed,0.009089740005799672
TR-008822,TR-C02703,2023-09-04,0,1,clean_time_group_fixed,0.051293823728628944
TR-008832,TR-C05716,2023-09-04,0,1,clean_time_group_fixed,0.022326939956702947
TR-001348,TR-C00573,2023-09-05,0,1,clean_time_group_fixed,0.020936542635444318
TR-001688,TR-C01088,2023-09-05,0,1,clean_time_group_fixed,0.0754603385176679
TR-003207,TR-C06179,2023-09-05,0,1,clean_time_group_fixed,0.015681973018926366
TR-003462,TR-C00227,2023-09-05,0,1,clean_time_group_fixed,0.027296922913557245
TR-003815,TR-C04842,2023-09-05,0,1,clean_time_group_fixed,0.014775975337480643
TR-004285,TR-C00720,2023-09-05,0,1,clean_time_group_fixed,0.04921016022332976
TR-006576,TR-C03564,2023-09-05,0,1,clean_time_group_fixed,0.04741688547259745
TR-009078,TR-C05786,2023-09-05,0,1,clean_time_group_fixed,0.10254904352247618
TR-002707,TR-C05946,2023-09-06,0,1,clean_time_group_fixed,0.02159211059582757
TR-003926,TR-C02490,2023-09-06,0,1,clean_time_group_fixed,0.01568644423294448
TR-004144,TR-C06322,2023-09-06,0,1,clean_time_group_fixed,0.032096789238456
TR-005353,TR-C01182,2023-09-06,0,1,clean_time_group_fixed,0.06762864472819988
TR-005898,TR-C06483,2023-09-06,0,1,clean_time_group_fixed,0.041471361609440364
TR-006605,TR-C04303,2023-09-06,0,1,clean_time_group_fixed,0.03295322055639454
TR-007844,TR-C03632,2023-09-06,0,1,clean_time_group_fixed,0.011014840967516018
TR-007872,TR-C06360,2023-09-06,0,1,clean_time_group_fixed,0.03591086202886058
TR-000042,TR-C01887,2023-09-07,0,1,clean_time_group_fixed,0.0092024821262607
TR-001556,TR-C04406,2023-09-07,1,1,clean_time_group_fixed,0.4311895146421873
TR-007173,TR-C04327,2023-09-07,0,1,clean_time_group_fixed,0.018483479940851956
TR-007312,TR-C05274,2023-09-07,0,1,clean_time_group_fixed,0.008098958468952247
TR-008575,TR-C00667,2023-09-07,0,1,clean_time_group_fixed,0.0413159394832854
TR-009004,TR-C02525,2023-09-07,1,1,clean_time_group_fixed,0.11401765529332474
TR-000269,TR-C05730,2023-09-08,0,1,clean_time_group_fixed,0.24792935134978214
TR-002619,TR-C03920,2023-09-08,1,1,clean_time_group_fixed,0.1001401389757849
TR-002935,TR-C03530,2023-09-08,0,1,clean_time_group_fixed,0.056052824873383325
TR-002950,TR-C05993,2023-09-08,0,1,clean_time_group_fixed,0.18381182640696536
TR-007437,TR-C04818,2023-09-08,0,1,clean_time_group_fixed,0.035638721083224065
TR-007946,TR-C04340,2023-09-08,0,1,clean_time_group_fixed,0.01991988325873939
TR-008217,TR-C00745,2023-09-08,0,1,clean_time_group_fixed,0.022014872539759613
TR-008465,TR-C05516,2023-09-08,1,1,clean_time_group_fixed,0.024443870902749923
TR-008892,TR-C05603,2023-09-08,0,1,clean_time_group_fixed,0.11637658816199997
TR-009276,TR-C01702,2023-09-08,0,1,clean_time_group_fixed,0.04588181348064753
TR-009346,TR-C01006,2023-09-08,0,1,clean_time_group_fixed,0.02613996393823599
TR-000119,TR-C06326,2023-09-09,0,1,clean_time_group_fixed,0.25672379157172764
TR-001399,TR-C04918,2023-09-09,0,1,clean_time_group_fixed,0.03706338462236435
TR-002316,TR-C05078,2023-09-09,0,1,clean_time_group_fixed,0.017602383667933867
TR-003635,TR-C01148,2023-09-09,0,1,clean_time_group_fixed,0.017687141206046166
TR-003691,TR-C06258,2023-09-09,0,1,clean_time_group_fixed,0.04642725136092368
TR-006980,TR-C06107,2023-09-09,0,1,clean_time_group_fixed,0.03558230216932001
TR-008399,TR-C05205,2023-09-09,0,1,clean_time_group_fixed,0.07095818961311545
TR-002371,TR-C04049,2023-09-10,0,1,clean_time_group_fixed,0.021152321356560685
TR-003963,TR-C02208,2023-09-10,1,1,clean_time_group_fixed,0.06298404252531654
TR-005079,TR-C01629,2023-09-10,0,1,clean_time_group_fixed,0.054904193611175336
TR-007440,TR-C04577,2023-09-10,0,1,clean_time_group_fixed,0.017316646481707113
TR-007860,TR-C04478,2023-09-10,0,1,clean_time_group_fixed,0.03417704107234447
TR-007870,TR-C04517,2023-09-10,0,1,clean_time_group_fixed,0.07654693240425253
TR-009097,TR-C05574,2023-09-10,1,1,clean_time_group_fixed,0.2212669749437216
TR-009180,TR-C02539,2023-09-10,0,1,clean_time_group_fixed,0.015193630698498158
TR-009786,TR-C02615,2023-09-10,0,1,clean_time_group_fixed,0.025665709746353894
TR-002253,TR-C00648,2023-09-11,0,1,clean_time_group_fixed,0.16792688603217792
TR-003205,TR-C00496,2023-09-11,0,1,clean_time_group_fixed,0.01747692170787765
TR-003577,TR-C04343,2023-09-11,0,1,clean_time_group_fixed,0.005327146089047038
TR-003648,TR-C04166,2023-09-11,1,1,clean_time_group_fixed,0.0903545244648185
TR-006505,TR-C02835,2023-09-11,1,1,clean_time_group_fixed,0.15220607929757157
TR-008538,TR-C05965,2023-09-11,0,1,clean_time_group_fixed,0.04366010826918335
TR-008540,TR-C03015,2023-09-11,0,1,clean_time_group_fixed,0.0746399343940704
TR-009181,TR-C05901,2023-09-11,0,1,clean_time_group_fixed,0.13805257177721478
TR-009729,TR-C04763,2023-09-11,0,1,clean_time_group_fixed,0.23066886925258337
TR-009769,TR-C05943,2023-09-11,0,1,clean_time_group_fixed,0.03864918746675788
TR-002410,TR-C05743,2023-09-12,0,1,clean_time_group_fixed,0.5856408999719751
TR-003071,TR-C01609,2023-09-12,0,1,clean_time_group_fixed,0.01471915598000986
TR-003612,TR-C04172,2023-09-12,0,1,clean_time_group_fixed,0.0900176209734993
TR-003879,TR-C04960,2023-09-12,0,1,clean_time_group_fixed,0.138527038166332
TR-005321,TR-C01440,2023-09-12,0,1,clean_time_group_fixed,0.014884070809627361
TR-006632,TR-C02462,2023-09-12,0,1,clean_time_group_fixed,0.043459678049793345
TR-006857,TR-C04150,2023-09-12,0,1,clean_time_group_fixed,0.019147579037897683
TR-007381,TR-C03405,2023-09-12,0,1,clean_time_group_fixed,0.05484899089939851
TR-007974,TR-C04194,2023-09-12,0,1,clean_time_group_fixed,0.3325709218388268
TR-008155,TR-C00654,2023-09-12,0,1,clean_time_group_fixed,0.06050095495365896
TR-009946,TR-C04918,2023-09-12,0,1,clean_time_group_fixed,0.01222066707707007
TR-000121,TR-C06075,2023-09-13,0,1,clean_time_group_fixed,0.039025555731400506
TR-001578,TR-C01994,2023-09-13,0,1,clean_time_group_fixed,0.017860382566790168
TR-001648,TR-C04218,2023-09-13,0,1,clean_time_group_fixed,0.039429275941416035
TR-002677,TR-C03600,2023-09-13,0,1,clean_time_group_fixed,0.01417276592861337
TR-003184,TR-C04390,2023-09-13,0,1,clean_time_group_fixed,0.3694162076784853
TR-003710,TR-C02488,2023-09-13,0,1,clean_time_group_fixed,0.10439481095404259
TR-003772,TR-C02984,2023-09-13,0,1,clean_time_group_fixed,0.03837190794663317
TR-006455,TR-C01459,2023-09-13,0,1,clean_time_group_fixed,0.02618339986367869
TR-000918,TR-C06127,2023-09-14,0,1,clean_time_group_fixed,0.05547605986032878
TR-001781,TR-C04655,2023-09-14,0,1,clean_time_group_fixed,0.012812040129554595
TR-003520,TR-C05211,2023-09-14,0,1,clean_time_group_fixed,0.007299246296085321
TR-004011,TR-C03540,2023-09-14,0,1,clean_time_group_fixed,0.011345753162716717
TR-005513,TR-C02014,2023-09-14,0,1,clean_time_group_fixed,0.026231177588937237
TR-007514,TR-C04004,2023-09-14,0,1,clean_time_group_fixed,0.07405286039434981
TR-009776,TR-C01763,2023-09-14,0,1,clean_time_group_fixed,0.03360932053639923
TR-009885,TR-C04979,2023-09-14,0,1,clean_time_group_fixed,0.03792186127080448
TR-009996,TR-C00287,2023-09-14,0,1,clean_time_group_fixed,0.07363519160383745
TR-000106,TR-C06431,2023-09-15,0,1,clean_time_group_fixed,0.016990841852919963
TR-000811,TR-C03573,2023-09-15,1,1,clean_time_group_fixed,0.04410253443141138
TR-002466,TR-C01713,2023-09-15,0,1,clean_time_group_fixed,0.17872686883577515
TR-002770,TR-C01084,2023-09-15,0,1,clean_time_group_fixed,0.012523619621113088
TR-002912,TR-C03480,2023-09-15,0,1,clean_time_group_fixed,0.035731191467859705
TR-003829,TR-C06071,2023-09-15,0,1,clean_time_group_fixed,0.02437145346590182
TR-005155,TR-C03503,2023-09-15,0,1,clean_time_group_fixed,0.03200831405062538
TR-008448,TR-C03983,2023-09-15,0,1,clean_time_group_fixed,0.023821217025334594
TR-009059,TR-C01142,2023-09-15,0,1,clean_time_group_fixed,0.1741778159715973
TR-000735,TR-C05083,2023-09-16,0,1,clean_time_group_fixed,0.04658763909776186
TR-000963,TR-C00293,2023-09-16,0,1,clean_time_group_fixed,0.015899655436133878
TR-001130,TR-C02360,2023-09-16,0,1,clean_time_group_fixed,0.0330592435326201
TR-005279,TR-C05729,2023-09-16,0,1,clean_time_group_fixed,0.01189748841269963
TR-005650,TR-C01453,2023-09-16,0,1,clean_time_group_fixed,0.007774050173862261
TR-006546,TR-C00623,2023-09-16,0,1,clean_time_group_fixed,0.05000156553364247
TR-007161,TR-C03478,2023-09-16,0,1,clean_time_group_fixed,0.0332228146914296
TR-008860,TR-C03213,2023-09-16,0,1,clean_time_group_fixed,0.03304594561209438
TR-009299,TR-C01815,2023-09-16,0,1,clean_time_group_fixed,0.09633608966997395
TR-000156,TR-C02846,2023-09-17,0,1,clean_time_group_fixed,0.025270213292885944
TR-000278,TR-C06385,2023-09-17,0,1,clean_time_group_fixed,0.061211464327162804
TR-004191,TR-C04237,2023-09-17,0,1,clean_time_group_fixed,0.061415432341909194
TR-006599,TR-C02341,2023-09-17,0,1,clean_time_group_fixed,0.02524816894753242
TR-006607,TR-C05015,2023-09-17,0,1,clean_time_group_fixed,0.022819593827270248
TR-007881,TR-C03856,2023-09-17,0,1,clean_time_group_fixed,0.0225506944988808
TR-009138,TR-C06235,2023-09-17,0,1,clean_time_group_fixed,0.016981049766099095
TR-009915,TR-C03862,2023-09-17,0,1,clean_time_group_fixed,0.1606467781800092
TR-000698,TR-C03258,2023-09-18,0,1,clean_time_group_fixed,0.20776149655019246
TR-003324,TR-C00351,2023-09-18,0,1,clean_time_group_fixed,0.07384268464545629
TR-004725,TR-C03053,2023-09-18,0,1,clean_time_group_fixed,0.07425950757591122
TR-006151,TR-C04256,2023-09-18,0,1,clean_time_group_fixed,0.015888594833005917
TR-007427,TR-C05664,2023-09-18,0,1,clean_time_group_fixed,0.09375221903750351
TR-007812,TR-C04704,2023-09-18,0,1,clean_time_group_fixed,0.07623438644650408
TR-009162,TR-C03383,2023-09-18,0,1,clean_time_group_fixed,0.008687607624436874
TR-000456,TR-C00191,2023-09-19,0,1,clean_time_group_fixed,0.04384273337139248
TR-000877,TR-C06311,2023-09-19,0,1,clean_time_group_fixed,0.020731937541442782
TR-001031,TR-C05021,2023-09-19,0,1,clean_time_group_fixed,0.03222527570000536
TR-002196,TR-C06251,2023-09-19,0,1,clean_time_group_fixed,0.017246217378611588
TR-002642,TR-C01670,2023-09-19,0,1,clean_time_group_fixed,0.012845184540311276
TR-004007,TR-C02114,2023-09-19,0,1,clean_time_group_fixed,0.03475149306510104
TR-004325,TR-C06269,2023-09-19,0,1,clean_time_group_fixed,0.0620778233048351
TR-004374,TR-C05493,2023-09-19,0,1,clean_time_group_fixed,0.04975542758725259
TR-004732,TR-C02715,2023-09-19,0,1,clean_time_group_fixed,0.04247245135898008
TR-007682,TR-C06322,2023-09-19,0,1,clean_time_group_fixed,0.06830254095875987
TR-007791,TR-C01801,2023-09-19,0,1,clean_time_group_fixed,0.03304275311593705
TR-008417,TR-C01445,2023-09-19,0,1,clean_time_group_fixed,0.040288526188417814
TR-008732,TR-C03019,2023-09-19,0,1,clean_time_group_fixed,0.05225200427493016
TR-009652,TR-C02846,2023-09-19,0,1,clean_time_group_fixed,0.10864336530744235
TR-009772,TR-C01330,2023-09-19,0,1,clean_time_group_fixed,0.07777473370142694
TR-009917,TR-C01838,2023-09-19,0,1,clean_time_group_fixed,0.3111728569344457
TR-000588,TR-C04076,2023-09-20,0,1,clean_time_group_fixed,0.026181463931967994
TR-000940,TR-C00710,2023-09-20,0,1,clean_time_group_fixed,0.020547961593325514
TR-002731,TR-C04657,2023-09-20,0,1,clean_time_group_fixed,0.04340633731581825
TR-003580,TR-C03330,2023-09-20,0,1,clean_time_group_fixed,0.028396202010645934
TR-003659,TR-C00621,2023-09-20,0,1,clean_time_group_fixed,0.045014325757415555
TR-003662,TR-C00776,2023-09-20,0,1,clean_time_group_fixed,0.05908094603656972
TR-004233,TR-C04776,2023-09-20,0,1,clean_time_group_fixed,0.0589023110528889
TR-004425,TR-C02433,2023-09-20,0,1,clean_time_group_fixed,0.43079040522768314
TR-004925,TR-C00025,2023-09-20,0,1,clean_time_group_fixed,0.07729013240416252
TR-005225,TR-C03201,2023-09-20,0,1,clean_time_group_fixed,0.03249397824709913
TR-005452,TR-C00491,2023-09-20,0,1,clean_time_group_fixed,0.031216586331009884
TR-006973,TR-C05658,2023-09-20,0,1,clean_time_group_fixed,0.03262543186751217
TR-000815,TR-C02645,2023-09-21,0,1,clean_time_group_fixed,0.21417650406330785
TR-003058,TR-C01466,2023-09-21,0,1,clean_time_group_fixed,0.014010807053340107
TR-003856,TR-C05398,2023-09-21,0,1,clean_time_group_fixed,0.013041121712248086
TR-004459,TR-C04086,2023-09-21,0,1,clean_time_group_fixed,0.03701906634785413
TR-005720,TR-C03169,2023-09-21,0,1,clean_time_group_fixed,0.2958385241146815
TR-006108,TR-C00541,2023-09-21,0,1,clean_time_group_fixed,0.035003111263353974
TR-009609,TR-C06421,2023-09-21,0,1,clean_time_group_fixed,0.016089555631669233
TR-000308,TR-C00648,2023-09-22,0,1,clean_time_group_fixed,0.05389967821149387
TR-003559,TR-C02202,2023-09-22,0,1,clean_time_group_fixed,0.022616895429372917
TR-003748,TR-C02560,2023-09-22,0,1,clean_time_group_fixed,0.09696533341064183
TR-003841,TR-C06180,2023-09-22,0,1,clean_time_group_fixed,0.009956451078499915
TR-003883,TR-C06096,2023-09-22,0,1,clean_time_group_fixed,0.04022923364418668
TR-006800,TR-C06206,2023-09-22,0,1,clean_time_group_fixed,0.10365842747815883
TR-006840,TR-C05042,2023-09-22,0,1,clean_time_group_fixed,0.05362078092410337
TR-007900,TR-C04019,2023-09-22,0,1,clean_time_group_fixed,0.016312508006977994
TR-008050,TR-C06129,2023-09-22,0,1,clean_time_group_fixed,0.12385213116367655
TR-009450,TR-C04986,2023-09-22,0,1,clean_time_group_fixed,0.022948552772860502
TR-001389,TR-C05932,2023-09-23,0,1,clean_time_group_fixed,0.023732589537611704
TR-001873,TR-C00345,2023-09-23,0,1,clean_time_group_fixed,0.2386114341717683
TR-002122,TR-C03344,2023-09-23,0,1,clean_time_group_fixed,0.018363951439631144
TR-003426,TR-C02804,2023-09-23,0,1,clean_time_group_fixed,0.010491362281461289
TR-003718,TR-C00309,2023-09-23,0,1,clean_time_group_fixed,0.035804439017487116
TR-005669,TR-C02255,2023-09-23,0,1,clean_time_group_fixed,0.026834130619673862
TR-006812,TR-C01839,2023-09-23,0,1,clean_time_group_fixed,0.024892642141186763
TR-007039,TR-C04908,2023-09-23,0,1,clean_time_group_fixed,0.01193041812383277
TR-009816,TR-C00350,2023-09-23,0,1,clean_time_group_fixed,0.029644458952797957
TR-001501,TR-C00435,2023-09-24,0,1,clean_time_group_fixed,0.1863893391530386
TR-003187,TR-C00960,2023-09-24,0,1,clean_time_group_fixed,0.15781090923851004
TR-003569,TR-C03722,2023-09-24,0,1,clean_time_group_fixed,0.10908387290252872
TR-005982,TR-C02554,2023-09-24,0,1,clean_time_group_fixed,0.012338836863588845
TR-008388,TR-C02469,2023-09-24,0,1,clean_time_group_fixed,0.022408082285739046
TR-009198,TR-C05258,2023-09-24,0,1,clean_time_group_fixed,0.03005816128767682
TR-002142,TR-C00527,2023-09-25,0,1,clean_time_group_fixed,0.017635684045386273
TR-002658,TR-C02923,2023-09-25,0,1,clean_time_group_fixed,0.016277249236074202
TR-004018,TR-C00872,2023-09-25,0,1,clean_time_group_fixed,0.00988038123252118
TR-005236,TR-C02877,2023-09-25,1,1,clean_time_group_fixed,0.5443851423631185
TR-005512,TR-C00902,2023-09-25,0,1,clean_time_group_fixed,0.035014285721329357
TR-005902,TR-C06474,2023-09-25,0,1,clean_time_group_fixed,0.026986690270402767
TR-006416,TR-C01542,2023-09-25,0,1,clean_time_group_fixed,0.0631841925950447
TR-006579,TR-C01539,2023-09-25,0,1,clean_time_group_fixed,0.1014704748934249
TR-007279,TR-C00662,2023-09-25,0,1,clean_time_group_fixed,0.029903731898256177
TR-009942,TR-C06416,2023-09-25,0,1,clean_time_group_fixed,0.014809911541850978
TR-001730,TR-C03971,2023-09-26,0,1,clean_time_group_fixed,0.06279789200452773
TR-002147,TR-C04854,2023-09-26,0,1,clean_time_group_fixed,0.010752994028625083
TR-004402,TR-C04133,2023-09-26,1,1,clean_time_group_fixed,0.3776326249343465
TR-005235,TR-C03697,2023-09-26,0,1,clean_time_group_fixed,0.03440991263792901
TR-005597,TR-C00911,2023-09-26,0,1,clean_time_group_fixed,0.027866438007513566
TR-003073,TR-C05659,2023-09-27,0,1,clean_time_group_fixed,0.009019006864485089
TR-003141,TR-C00427,2023-09-27,0,1,clean_time_group_fixed,0.11203176411565854
TR-005100,TR-C05046,2023-09-27,1,1,clean_time_group_fixed,0.01851094514160333
TR-008301,TR-C05757,2023-09-27,0,1,clean_time_group_fixed,0.03644606117740574
TR-008673,TR-C03102,2023-09-27,0,1,clean_time_group_fixed,0.07198159422044921
TR-000059,TR-C06313,2023-09-28,0,1,clean_time_group_fixed,0.07900874726505433
TR-000739,TR-C04923,2023-09-28,0,1,clean_time_group_fixed,0.010929994371525498
TR-000889,TR-C03576,2023-09-28,0,1,clean_time_group_fixed,0.04247774445490565
TR-000922,TR-C04796,2023-09-28,0,1,clean_time_group_fixed,0.05411212570078395
TR-001039,TR-C04458,2023-09-28,0,1,clean_time_group_fixed,0.042533690635552894
TR-001148,TR-C04415,2023-09-28,0,1,clean_time_group_fixed,0.038681867887457005
TR-001620,TR-C01622,2023-09-28,0,1,clean_time_group_fixed,0.02807963791824272
TR-002626,TR-C01929,2023-09-28,0,1,clean_time_group_fixed,0.010457224139442991
TR-004038,TR-C01584,2023-09-28,0,1,clean_time_group_fixed,0.026175402637283476
TR-007929,TR-C00626,2023-09-28,0,1,clean_time_group_fixed,0.07280080521105727
TR-009537,TR-C04862,2023-09-28,0,1,clean_time_group_fixed,0.31898800674353667
TR-000096,TR-C03829,2023-09-29,0,1,clean_time_group_fixed,0.07450558038197197
TR-000783,TR-C00023,2023-09-29,0,1,clean_time_group_fixed,0.020130004275479244
TR-000876,TR-C03685,2023-09-29,1,1,clean_time_group_fixed,0.20147998700876973
TR-003030,TR-C03041,2023-09-29,0,1,clean_time_group_fixed,0.009533738009531023
TR-003689,TR-C01162,2023-09-29,0,1,clean_time_group_fixed,0.027569411376011772
TR-003870,TR-C00728,2023-09-29,0,1,clean_time_group_fixed,0.044598428245326095
TR-004911,TR-C02268,2023-09-29,0,1,clean_time_group_fixed,0.013562876915650897
TR-009049,TR-C03204,2023-09-29,1,1,clean_time_group_fixed,0.564847549771219
TR-009156,TR-C05007,2023-09-29,0,1,clean_time_group_fixed,0.09638047975477779
TR-000113,TR-C01852,2023-09-30,0,1,clean_time_group_fixed,0.06129654040932747
TR-000521,TR-C04495,2023-09-30,0,1,clean_time_group_fixed,0.018263097199221884
TR-000990,TR-C03558,2023-09-30,0,1,clean_time_group_fixed,0.03561072645731145
TR-001083,TR-C02686,2023-09-30,0,1,clean_time_group_fixed,0.037283072373937215
TR-001347,TR-C05723,2023-09-30,0,1,clean_time_group_fixed,0.028938646051284468
TR-002810,TR-C03614,2023-09-30,0,1,clean_time_group_fixed,0.016496974528411406
TR-002820,TR-C03514,2023-09-30,0,1,clean_time_group_fixed,0.033788356851502596
TR-003626,TR-C01643,2023-09-30,0,1,clean_time_group_fixed,0.21551184002742574
TR-004241,TR-C03467,2023-09-30,0,1,clean_time_group_fixed,0.023469155094381234
TR-005603,TR-C03072,2023-09-30,0,1,clean_time_group_fixed,0.019794089434338955
TR-006107,TR-C01600,2023-09-30,0,1,clean_time_group_fixed,0.016542342106339696
TR-009101,TR-C01597,2023-09-30,0,1,clean_time_group_fixed,0.09917143410978022
TR-000847,TR-C05865,2023-10-01,0,1,clean_time_group_fixed,0.017206549604335486
TR-001451,TR-C03587,2023-10-01,0,1,clean_time_group_fixed,0.026303881315586003
TR-004542,TR-C02617,2023-10-01,0,1,clean_time_group_fixed,0.051855570066632044
TR-005411,TR-C05447,2023-10-01,0,1,clean_time_group_fixed,0.02337205813399084
TR-005530,TR-C06345,2023-10-01,0,1,clean_time_group_fixed,0.06367896073751018
TR-006448,TR-C02902,2023-10-01,0,1,clean_time_group_fixed,0.011740506084355852
TR-009171,TR-C06095,2023-10-01,0,1,clean_time_group_fixed,0.015126530236700924
TR-000057,TR-C04036,2023-10-02,0,1,clean_time_group_fixed,0.013151788315390229
TR-001249,TR-C05653,2023-10-02,0,1,clean_time_group_fixed,0.1271737971444244
TR-002016,TR-C00438,2023-10-02,0,1,clean_time_group_fixed,0.10701511026962501
TR-002163,TR-C02383,2023-10-02,1,1,clean_time_group_fixed,0.5996602015664958
TR-002169,TR-C05547,2023-10-02,0,1,clean_time_group_fixed,0.07515474990323348
TR-003025,TR-C03332,2023-10-02,0,1,clean_time_group_fixed,0.021182851924433654
TR-003422,TR-C02268,2023-10-02,0,1,clean_time_group_fixed,0.011575497763518815
TR-005059,TR-C01317,2023-10-02,0,1,clean_time_group_fixed,0.008497046444795184
TR-005635,TR-C00684,2023-10-02,0,1,clean_time_group_fixed,0.03699262253992513
TR-005706,TR-C06478,2023-10-02,0,1,clean_time_group_fixed,0.029962987943916934
TR-006016,TR-C02815,2023-10-02,0,1,clean_time_group_fixed,0.015269246350158281
TR-007886,TR-C02448,2023-10-02,0,1,clean_time_group_fixed,0.06638487680325866
TR-008803,TR-C02427,2023-10-02,0,1,clean_time_group_fixed,0.014747311840279264
TR-002590,TR-C01079,2023-10-03,0,1,clean_time_group_fixed,0.10812968397133882
TR-002926,TR-C01909,2023-10-03,0,1,clean_time_group_fixed,0.07100988724850686
TR-003515,TR-C06252,2023-10-03,0,1,clean_time_group_fixed,0.042688590417685496
TR-007371,TR-C04583,2023-10-03,0,1,clean_time_group_fixed,0.05127540376417368
TR-008760,TR-C05653,2023-10-03,0,1,clean_time_group_fixed,0.013967798915650838
TR-008949,TR-C04027,2023-10-03,0,1,clean_time_group_fixed,0.026709827803136167
TR-000303,TR-C03724,2023-10-04,0,1,clean_time_group_fixed,0.007825478873939494
TR-000571,TR-C00644,2023-10-04,0,1,clean_time_group_fixed,0.044566594565052575
TR-003481,TR-C03758,2023-10-04,0,1,clean_time_group_fixed,0.08554524560464521
TR-004225,TR-C03789,2023-10-04,0,1,clean_time_group_fixed,0.1200837144285887
TR-005127,TR-C02028,2023-10-04,0,1,clean_time_group_fixed,0.02030693886752819
TR-005444,TR-C03832,2023-10-04,0,1,clean_time_group_fixed,0.2997107243267391
TR-005463,TR-C06209,2023-10-04,0,1,clean_time_group_fixed,0.5551454226934108
TR-005684,TR-C01278,2023-10-04,0,1,clean_time_group_fixed,0.06404636485289254
TR-008596,TR-C01311,2023-10-04,0,1,clean_time_group_fixed,0.05228199657721003
TR-003458,TR-C02036,2023-10-05,0,1,clean_time_group_fixed,0.2100700835758133
TR-004124,TR-C05949,2023-10-05,0,1,clean_time_group_fixed,0.008444719491291618
TR-004366,TR-C04166,2023-10-05,0,1,clean_time_group_fixed,0.02345168212653592
TR-006675,TR-C04727,2023-10-05,0,1,clean_time_group_fixed,0.034561100816150395
TR-008474,TR-C04837,2023-10-05,0,1,clean_time_group_fixed,0.013451777923294718
TR-009286,TR-C03724,2023-10-05,0,1,clean_time_group_fixed,0.02126462373944144
TR-009708,TR-C01727,2023-10-05,1,1,clean_time_group_fixed,0.030746167774725535
TR-000481,TR-C06118,2023-10-06,0,1,clean_time_group_fixed,0.017491238906664833
TR-001164,TR-C03833,2023-10-06,0,1,clean_time_group_fixed,0.008573011472256354
TR-005377,TR-C00921,2023-10-06,1,1,clean_time_group_fixed,0.13592660722347927
TR-006164,TR-C05825,2023-10-06,0,1,clean_time_group_fixed,0.03487754191750927
TR-006926,TR-C01221,2023-10-06,0,1,clean_time_group_fixed,0.022381957682535432
TR-008181,TR-C03455,2023-10-06,0,1,clean_time_group_fixed,0.03644073345715546
TR-009581,TR-C00559,2023-10-06,0,1,clean_time_group_fixed,0.021043506771793778
TR-009631,TR-C03907,2023-10-06,0,1,clean_time_group_fixed,0.05387499200151303
TR-009669,TR-C01781,2023-10-06,0,1,clean_time_group_fixed,0.04366927683076377
TR-002939,TR-C03545,2023-10-07,0,1,clean_time_group_fixed,0.03047381578828741
TR-003162,TR-C05869,2023-10-07,0,1,clean_time_group_fixed,0.25337674078607997
TR-004113,TR-C01040,2023-10-07,0,1,clean_time_group_fixed,0.016230570772766434
TR-005509,TR-C04542,2023-10-07,0,1,clean_time_group_fixed,0.015590603957371113
TR-006267,TR-C02850,2023-10-07,0,1,clean_time_group_fixed,0.1798105261848948
TR-006441,TR-C03504,2023-10-07,0,1,clean_time_group_fixed,0.2496486971869254
TR-008093,TR-C04545,2023-10-07,0,1,clean_time_group_fixed,0.02502898779402008
TR-009340,TR-C06274,2023-10-07,0,1,clean_time_group_fixed,0.09264082891850764
TR-002909,TR-C04937,2023-10-08,0,1,clean_time_group_fixed,0.13310000105406286
TR-005131,TR-C02721,2023-10-08,0,1,clean_time_group_fixed,0.09265562383528321
TR-005443,TR-C01908,2023-10-08,0,1,clean_time_group_fixed,0.04940997014939971
TR-005974,TR-C02773,2023-10-08,0,1,clean_time_group_fixed,0.08460318412153249
TR-007862,TR-C06385,2023-10-08,0,1,clean_time_group_fixed,0.01991094037617989
TR-009532,TR-C01221,2023-10-08,0,1,clean_time_group_fixed,0.023788879633775163
TR-009706,TR-C03918,2023-10-08,0,1,clean_time_group_fixed,0.029234499875865034
TR-001085,TR-C00208,2023-10-09,0,1,clean_time_group_fixed,0.051762323609009626
TR-003175,TR-C04594,2023-10-09,0,1,clean_time_group_fixed,0.018064311373268426
TR-003214,TR-C04721,2023-10-09,0,1,clean_time_group_fixed,0.02949179057128242
TR-003944,TR-C01186,2023-10-09,0,1,clean_time_group_fixed,0.336253875636678
TR-004377,TR-C05581,2023-10-09,0,1,clean_time_group_fixed,0.030431316196839347
TR-004496,TR-C00164,2023-10-09,0,1,clean_time_group_fixed,0.008251067840985112
TR-004942,TR-C01033,2023-10-09,0,1,clean_time_group_fixed,0.24271199327483764
TR-005828,TR-C01421,2023-10-09,0,1,clean_time_group_fixed,0.03747148682556951
TR-006913,TR-C01553,2023-10-09,0,1,clean_time_group_fixed,0.17555440779840725
TR-007379,TR-C04236,2023-10-09,0,1,clean_time_group_fixed,0.1117686980142479
TR-007808,TR-C02371,2023-10-09,0,1,clean_time_group_fixed,0.3125987328861501
TR-008057,TR-C03077,2023-10-09,0,1,clean_time_group_fixed,0.03228050667100115
TR-008185,TR-C05937,2023-10-09,0,1,clean_time_group_fixed,0.02535587498220364
TR-008661,TR-C04815,2023-10-09,0,1,clean_time_group_fixed,0.019778660705666334
TR-008994,TR-C05763,2023-10-09,0,1,clean_time_group_fixed,0.03132915096763172
TR-009504,TR-C04135,2023-10-09,0,1,clean_time_group_fixed,0.01589639039602172
TR-000017,TR-C03137,2023-10-10,0,1,clean_time_group_fixed,0.07237678212597416
TR-000027,TR-C02295,2023-10-10,0,1,clean_time_group_fixed,0.03566171485416065
TR-001877,TR-C00923,2023-10-10,0,1,clean_time_group_fixed,0.03188335055156732
TR-006770,TR-C00521,2023-10-10,0,1,clean_time_group_fixed,0.13871171631786489
TR-007939,TR-C05275,2023-10-10,1,1,clean_time_group_fixed,0.00810960027030255
TR-008899,TR-C00457,2023-10-10,1,1,clean_time_group_fixed,0.3225018858451213
TR-008902,TR-C02515,2023-10-10,1,1,clean_time_group_fixed,0.4268913944366814
TR-001740,TR-C04338,2023-10-11,0,1,clean_time_group_fixed,0.01973983328132365
TR-005172,TR-C06295,2023-10-11,0,1,clean_time_group_fixed,0.04322080916572792
TR-005475,TR-C04701,2023-10-11,0,1,clean_time_group_fixed,0.02997661217693054
TR-005759,TR-C03402,2023-10-11,0,1,clean_time_group_fixed,0.009837148477878883
TR-005936,TR-C00049,2023-10-11,0,1,clean_time_group_fixed,0.13058946427085943
TR-006773,TR-C01680,2023-10-11,0,1,clean_time_group_fixed,0.024783933231145878
TR-008280,TR-C05048,2023-10-11,0,1,clean_time_group_fixed,0.10856061399124106
TR-009853,TR-C01828,2023-10-11,1,1,clean_time_group_fixed,0.17752805246704811
TR-000396,TR-C02261,2023-10-12,0,1,clean_time_group_fixed,0.10444731721205786
TR-000520,TR-C02667,2023-10-12,0,1,clean_time_group_fixed,0.08075208806519578
TR-000699,TR-C03688,2023-10-12,0,1,clean_time_group_fixed,0.016490128256978747
TR-001191,TR-C01356,2023-10-12,0,1,clean_time_group_fixed,0.03424026246695254
TR-001396,TR-C00026,2023-10-12,0,1,clean_time_group_fixed,0.03449560472038435
TR-001550,TR-C05666,2023-10-12,1,1,clean_time_group_fixed,0.04421034357692169
TR-001585,TR-C02588,2023-10-12,0,1,clean_time_group_fixed,0.07662574290560574
TR-002056,TR-C06239,2023-10-12,0,1,clean_time_group_fixed,0.03165266328459717
TR-004546,TR-C04404,2023-10-12,0,1,clean_time_group_fixed,0.05082112058265918
TR-005595,TR-C04238,2023-10-12,0,1,clean_time_group_fixed,0.05135489931861917
TR-005723,TR-C05279,2023-10-12,0,1,clean_time_group_fixed,0.016109996921686843
TR-006112,TR-C00997,2023-10-12,0,1,clean_time_group_fixed,0.04533216432572062
TR-007395,TR-C02519,2023-10-12,0,1,clean_time_group_fixed,0.058124628218705454
TR-000190,TR-C05442,2023-10-13,0,1,clean_time_group_fixed,0.03083166838710975
TR-000689,TR-C00849,2023-10-13,0,1,clean_time_group_fixed,0.017322659196271836
TR-001107,TR-C02073,2023-10-13,0,1,clean_time_group_fixed,0.01610125003522598
TR-002384,TR-C01654,2023-10-13,0,1,clean_time_group_fixed,0.02304713999632911
TR-004277,TR-C03844,2023-10-13,0,1,clean_time_group_fixed,0.03917641270354521
TR-004606,TR-C01189,2023-10-13,0,1,clean_time_group_fixed,0.1334750484991641
TR-005707,TR-C00582,2023-10-13,0,1,clean_time_group_fixed,0.042357410195444985
TR-006047,TR-C03088,2023-10-13,0,1,clean_time_group_fixed,0.010507280274918065
TR-006417,TR-C04672,2023-10-13,0,1,clean_time_group_fixed,0.03590734337249094
TR-006443,TR-C00109,2023-10-13,0,1,clean_time_group_fixed,0.016144942790928523
TR-007690,TR-C01251,2023-10-13,0,1,clean_time_group_fixed,0.053384324944073004
TR-008633,TR-C04611,2023-10-13,0,1,clean_time_group_fixed,0.14250261716808382
TR-008778,TR-C04023,2023-10-13,0,1,clean_time_group_fixed,0.03223565644996175
TR-000037,TR-C04879,2023-10-14,1,1,clean_time_group_fixed,0.3291304664556946
TR-000355,TR-C01058,2023-10-14,1,1,clean_time_group_fixed,0.046618568308515906
TR-001457,TR-C02303,2023-10-14,0,1,clean_time_group_fixed,0.024216806313656972
TR-001774,TR-C01888,2023-10-14,1,1,clean_time_group_fixed,0.6322248021460712
TR-002803,TR-C03999,2023-10-14,0,1,clean_time_group_fixed,0.027719376375688366
TR-004438,TR-C04209,2023-10-14,0,1,clean_time_group_fixed,0.023608644324061567
TR-005106,TR-C01246,2023-10-14,0,1,clean_time_group_fixed,0.04277267574993969
TR-006616,TR-C06346,2023-10-14,0,1,clean_time_group_fixed,0.03911768054109036
TR-009544,TR-C05666,2023-10-14,0,1,clean_time_group_fixed,0.04256057109588835
TR-000259,TR-C00799,2023-10-15,0,1,clean_time_group_fixed,0.16874926350489033
TR-000790,TR-C05112,2023-10-15,0,1,clean_time_group_fixed,0.03870622092422565
TR-001052,TR-C03759,2023-10-15,0,1,clean_time_group_fixed,0.011717425291657152
TR-001765,TR-C05717,2023-10-15,0,1,clean_time_group_fixed,0.26013791587968543
TR-002607,TR-C02569,2023-10-15,1,1,clean_time_group_fixed,0.21229711729618098
TR-005438,TR-C00479,2023-10-15,0,1,clean_time_group_fixed,0.044359678079591895
TR-005511,TR-C00020,2023-10-15,0,1,clean_time_group_fixed,0.30142040098200085
TR-005861,TR-C00521,2023-10-15,0,1,clean_time_group_fixed,0.02224826284504331
TR-007049,TR-C05637,2023-10-15,0,1,clean_time_group_fixed,0.02078309257227849
TR-007657,TR-C05720,2023-10-15,0,1,clean_time_group_fixed,0.020127335098427877
TR-009795,TR-C00247,2023-10-15,0,1,clean_time_group_fixed,0.14634668704510972
TR-000828,TR-C00909,2023-10-16,0,1,clean_time_group_fixed,0.03077096786521841
TR-001690,TR-C01407,2023-10-16,0,1,clean_time_group_fixed,0.13175584399800075
TR-002106,TR-C01447,2023-10-16,0,1,clean_time_group_fixed,0.023825421485431323
TR-003599,TR-C03122,2023-10-16,0,1,clean_time_group_fixed,0.032799101888649124
TR-004106,TR-C03486,2023-10-16,1,1,clean_time_group_fixed,0.06990669675893109
TR-004483,TR-C05906,2023-10-16,0,1,clean_time_group_fixed,0.1496861544930403
TR-000988,TR-C04221,2023-10-17,0,1,clean_time_group_fixed,0.02144508365477874
TR-001472,TR-C05747,2023-10-17,0,1,clean_time_group_fixed,0.17154413821864611
TR-001806,TR-C04094,2023-10-17,0,1,clean_time_group_fixed,0.02240058279364784
TR-002652,TR-C01641,2023-10-17,0,1,clean_time_group_fixed,0.02228140052563562
TR-002993,TR-C03204,2023-10-17,0,1,clean_time_group_fixed,0.0399616683480692
TR-004249,TR-C02625,2023-10-17,0,1,clean_time_group_fixed,0.02230703647316387
TR-006404,TR-C01594,2023-10-17,0,1,clean_time_group_fixed,0.06685208248651373
TR-008539,TR-C00513,2023-10-17,0,1,clean_time_group_fixed,0.01601805985297075
TR-000339,TR-C03253,2023-10-18,0,1,clean_time_group_fixed,0.05613454726734222
TR-000616,TR-C05646,2023-10-18,0,1,clean_time_group_fixed,0.014793125693359319
TR-000645,TR-C05359,2023-10-18,0,1,clean_time_group_fixed,0.1979756168823183
TR-003123,TR-C02971,2023-10-18,0,1,clean_time_group_fixed,0.008689867016142331
TR-004238,TR-C00498,2023-10-18,0,1,clean_time_group_fixed,0.020635472853830772
TR-007002,TR-C04888,2023-10-18,0,1,clean_time_group_fixed,0.01567861095511244
TR-008249,TR-C04746,2023-10-18,0,1,clean_time_group_fixed,0.13870221138323763
TR-008504,TR-C03264,2023-10-18,0,1,clean_time_group_fixed,0.06685112549614515
TR-009014,TR-C04036,2023-10-18,0,1,clean_time_group_fixed,0.030602996414131806
TR-001467,TR-C03885,2023-10-19,0,1,clean_time_group_fixed,0.030531004482958868
TR-002046,TR-C05582,2023-10-19,0,1,clean_time_group_fixed,0.18684204057181025
TR-003521,TR-C01976,2023-10-19,0,1,clean_time_group_fixed,0.011851618077015551
TR-004083,TR-C01382,2023-10-19,0,1,clean_time_group_fixed,0.019273745911745785
TR-004622,TR-C04909,2023-10-19,0,1,clean_time_group_fixed,0.03652186070576227
TR-005896,TR-C05212,2023-10-19,0,1,clean_time_group_fixed,0.013312973814631472
TR-007721,TR-C00271,2023-10-19,0,1,clean_time_group_fixed,0.048905385441441365
TR-008653,TR-C01438,2023-10-19,0,1,clean_time_group_fixed,0.015511309333571607
TR-009511,TR-C01782,2023-10-19,0,1,clean_time_group_fixed,0.11673803041083579
TR-001065,TR-C06009,2023-10-20,0,1,clean_time_group_fixed,0.1394599881445274
TR-001152,TR-C06265,2023-10-20,0,1,clean_time_group_fixed,0.08048565271347591
TR-002654,TR-C01601,2023-10-20,0,1,clean_time_group_fixed,0.024327662490666792
TR-004151,TR-C02003,2023-10-20,0,1,clean_time_group_fixed,0.04963625246052372
TR-004398,TR-C05825,2023-10-20,0,1,clean_time_group_fixed,0.036460654522880734
TR-005518,TR-C00876,2023-10-20,0,1,clean_time_group_fixed,0.028955670018572004
TR-007076,TR-C00460,2023-10-20,1,1,clean_time_group_fixed,0.04344403915919257
TR-007851,TR-C05644,2023-10-20,0,1,clean_time_group_fixed,0.03171596701496952
TR-007993,TR-C03668,2023-10-20,0,1,clean_time_group_fixed,0.02764078456703672
TR-001919,TR-C01108,2023-10-21,0,1,clean_time_group_fixed,0.03668612251141995
TR-004305,TR-C06335,2023-10-21,0,1,clean_time_group_fixed,0.009848202486879188
TR-006573,TR-C00354,2023-10-21,0,1,clean_time_group_fixed,0.03955223826437911
TR-007737,TR-C03412,2023-10-21,0,1,clean_time_group_fixed,0.010204162282483989
TR-008952,TR-C02384,2023-10-21,0,1,clean_time_group_fixed,0.026281418899288023
TR-002232,TR-C01779,2023-10-22,0,1,clean_time_group_fixed,0.3463352040689773
TR-003762,TR-C05278,2023-10-22,0,1,clean_time_group_fixed,0.04921644175327759
TR-004329,TR-C03592,2023-10-22,0,1,clean_time_group_fixed,0.03980550771127261
TR-004347,TR-C03012,2023-10-22,0,1,clean_time_group_fixed,0.047418593400432675
TR-004499,TR-C04394,2023-10-22,0,1,clean_time_group_fixed,0.012082993177671864
TR-005450,TR-C05031,2023-10-22,0,1,clean_time_group_fixed,0.14445455089724588
TR-006285,TR-C03878,2023-10-22,0,1,clean_time_group_fixed,0.02034064762141681
TR-009188,TR-C06370,2023-10-22,0,1,clean_time_group_fixed,0.022818514945324622
TR-009497,TR-C05166,2023-10-22,0,1,clean_time_group_fixed,0.23595814418681163
TR-009553,TR-C02786,2023-10-22,1,1,clean_time_group_fixed,0.271282323311406
TR-009593,TR-C02340,2023-10-22,0,1,clean_time_group_fixed,0.050734052462871375
TR-000800,TR-C06220,2023-10-23,0,1,clean_time_group_fixed,0.02181352562675969
TR-003163,TR-C06113,2023-10-23,0,1,clean_time_group_fixed,0.05399441763333553
TR-003555,TR-C00251,2023-10-23,0,1,clean_time_group_fixed,0.01877466943910501
TR-003817,TR-C04515,2023-10-23,0,1,clean_time_group_fixed,0.03314680431120596
TR-003910,TR-C06473,2023-10-23,0,1,clean_time_group_fixed,0.016634189504787282
TR-005781,TR-C05639,2023-10-23,0,1,clean_time_group_fixed,0.5600338668954334
TR-009163,TR-C01827,2023-10-23,0,1,clean_time_group_fixed,0.07834544954424193
TR-001353,TR-C04838,2023-10-24,0,1,clean_time_group_fixed,0.22393330352379173
TR-002700,TR-C01630,2023-10-24,0,1,clean_time_group_fixed,0.0216521336705361
TR-003946,TR-C05289,2023-10-24,0,1,clean_time_group_fixed,0.5169171281214946
TR-004160,TR-C00804,2023-10-24,0,1,clean_time_group_fixed,0.5876045320161046
TR-006229,TR-C02916,2023-10-24,0,1,clean_time_group_fixed,0.015979777668528757
TR-007117,TR-C00930,2023-10-24,0,1,clean_time_group_fixed,0.4590177377988139
TR-009989,TR-C01214,2023-10-24,1,1,clean_time_group_fixed,0.027402042354552018
TR-000424,TR-C04125,2023-10-25,0,1,clean_time_group_fixed,0.14071530434567575
TR-000495,TR-C02518,2023-10-25,1,1,clean_time_group_fixed,0.1677643563898138
TR-001304,TR-C05982,2023-10-25,0,1,clean_time_group_fixed,0.02872566105884768
TR-002538,TR-C00985,2023-10-25,0,1,clean_time_group_fixed,0.04056588107335646
TR-003002,TR-C05083,2023-10-25,0,1,clean_time_group_fixed,0.12035897853718215
TR-003003,TR-C03981,2023-10-25,0,1,clean_time_group_fixed,0.03554037089618073
TR-003787,TR-C05845,2023-10-25,0,1,clean_time_group_fixed,0.1250697287594839
TR-004395,TR-C05295,2023-10-25,0,1,clean_time_group_fixed,0.021869142492124627
TR-005022,TR-C05847,2023-10-25,0,1,clean_time_group_fixed,0.029101029074682153
TR-005969,TR-C03856,2023-10-25,0,1,clean_time_group_fixed,0.010344177845194279
TR-008808,TR-C02434,2023-10-25,0,1,clean_time_group_fixed,0.026756404841368
TR-009978,TR-C04786,2023-10-25,0,1,clean_time_group_fixed,0.0771840172181228
TR-003951,TR-C04942,2023-10-26,0,1,clean_time_group_fixed,0.03713044728720073
TR-004294,TR-C05742,2023-10-26,0,1,clean_time_group_fixed,0.12639511176722126
TR-004899,TR-C06378,2023-10-26,0,1,clean_time_group_fixed,0.19413771903041804
TR-005727,TR-C00897,2023-10-26,0,1,clean_time_group_fixed,0.045477904295560145
TR-006256,TR-C02081,2023-10-26,0,1,clean_time_group_fixed,0.010225200394987989
TR-007544,TR-C01300,2023-10-26,0,1,clean_time_group_fixed,0.02732060350963399
TR-001178,TR-C01652,2023-10-27,0,1,clean_time_group_fixed,0.028442389543824803
TR-001335,TR-C02355,2023-10-27,0,1,clean_time_group_fixed,0.013264210969096794
TR-001973,TR-C02095,2023-10-27,0,1,clean_time_group_fixed,0.05288679013824594
TR-003001,TR-C02621,2023-10-27,0,1,clean_time_group_fixed,0.03280317626530492
TR-003360,TR-C05094,2023-10-27,0,1,clean_time_group_fixed,0.023929065910281645
TR-004222,TR-C00858,2023-10-27,0,1,clean_time_group_fixed,0.026217745773120436
TR-006326,TR-C00108,2023-10-27,0,1,clean_time_group_fixed,0.05828209842383098
TR-008165,TR-C01052,2023-10-27,0,1,clean_time_group_fixed,0.13737347041973977
TR-009939,TR-C06370,2023-10-27,0,1,clean_time_group_fixed,0.11883062100578479
TR-000376,TR-C00820,2023-10-28,0,1,clean_time_group_fixed,0.010147522121074216
TR-004745,TR-C01649,2023-10-28,0,1,clean_time_group_fixed,0.36258515332134544
TR-008188,TR-C03754,2023-10-28,0,1,clean_time_group_fixed,0.02569174117672856
TR-008821,TR-C02671,2023-10-28,0,1,clean_time_group_fixed,0.0324498309756407
TR-000955,TR-C05686,2023-10-29,0,1,clean_time_group_fixed,0.007145943467000704
TR-001119,TR-C03193,2023-10-29,0,1,clean_time_group_fixed,0.06253493225227126
TR-001932,TR-C03349,2023-10-29,0,1,clean_time_group_fixed,0.018615615328279923
TR-002483,TR-C05039,2023-10-29,0,1,clean_time_group_fixed,0.012990620808058705
TR-002520,TR-C01093,2023-10-29,1,1,clean_time_group_fixed,0.7155641461309199
TR-003248,TR-C00606,2023-10-29,1,1,clean_time_group_fixed,0.2656583324717151
TR-003503,TR-C00692,2023-10-29,0,1,clean_time_group_fixed,0.3026342238592476
TR-004540,TR-C04035,2023-10-29,1,1,clean_time_group_fixed,0.10147456093205474
TR-004934,TR-C04751,2023-10-29,0,1,clean_time_group_fixed,0.1749821171635729
TR-005389,TR-C03560,2023-10-29,0,1,clean_time_group_fixed,0.051461320850642964
TR-006564,TR-C03080,2023-10-29,0,1,clean_time_group_fixed,0.024398873542505882
TR-007085,TR-C01335,2023-10-29,0,1,clean_time_group_fixed,0.011313110876418387
TR-007535,TR-C02244,2023-10-29,0,1,clean_time_group_fixed,0.01289087524905354
TR-002346,TR-C02435,2023-10-30,0,1,clean_time_group_fixed,0.024454404423388
TR-003074,TR-C02300,2023-10-30,0,1,clean_time_group_fixed,0.02491746968956752
TR-003437,TR-C00879,2023-10-30,0,1,clean_time_group_fixed,0.03571314226601118
TR-003824,TR-C03538,2023-10-30,0,1,clean_time_group_fixed,0.01647431620038138
TR-004159,TR-C06449,2023-10-30,0,1,clean_time_group_fixed,0.05615562322126777
TR-006043,TR-C01729,2023-10-30,0,1,clean_time_group_fixed,0.06371409254191879
TR-009720,TR-C02604,2023-10-30,0,1,clean_time_group_fixed,0.08847770958965337
TR-009956,TR-C03379,2023-10-30,0,1,clean_time_group_fixed,0.008992161598595585
TR-009970,TR-C05918,2023-10-30,0,1,clean_time_group_fixed,0.028590681876880943
TR-000713,TR-C05031,2023-10-31,0,1,clean_time_group_fixed,0.024491166966724078
TR-000897,TR-C02357,2023-10-31,0,1,clean_time_group_fixed,0.022409653241097137
TR-001663,TR-C04174,2023-10-31,0,1,clean_time_group_fixed,0.07257185395439239
TR-001795,TR-C05493,2023-10-31,0,1,clean_time_group_fixed,0.008990512801532567
TR-002940,TR-C03795,2023-10-31,0,1,clean_time_group_fixed,0.012492304553470638
TR-007195,TR-C04564,2023-10-31,1,1,clean_time_group_fixed,0.4956603613867672
TR-007249,TR-C06301,2023-10-31,0,1,clean_time_group_fixed,0.008431172945357725
TR-001424,TR-C00152,2023-11-01,0,1,clean_time_group_fixed,0.008946041192519988
TR-003584,TR-C04935,2023-11-01,0,1,clean_time_group_fixed,0.037187670496138116
TR-004212,TR-C00521,2023-11-01,0,1,clean_time_group_fixed,0.14513186920978383
TR-004502,TR-C06054,2023-11-01,0,1,clean_time_group_fixed,0.10039691552261333
TR-009115,TR-C03046,2023-11-01,0,1,clean_time_group_fixed,0.013547803715715017
TR-009211,TR-C03101,2023-11-01,0,1,clean_time_group_fixed,0.021742181648042994
TR-009305,TR-C03163,2023-11-01,0,1,clean_time_group_fixed,0.015623796068325941
TR-009685,TR-C01365,2023-11-01,0,1,clean_time_group_fixed,0.028112897095834543
TR-000031,TR-C00884,2023-11-02,0,1,clean_time_group_fixed,0.12251802266305746
TR-001681,TR-C05590,2023-11-02,1,1,clean_time_group_fixed,0.29531816728437615
TR-001724,TR-C03591,2023-11-02,0,1,clean_time_group_fixed,0.018185748684742334
TR-002028,TR-C01082,2023-11-02,0,1,clean_time_group_fixed,0.021147487278900767
TR-002699,TR-C03749,2023-11-02,0,1,clean_time_group_fixed,0.02123082318539904
TR-005066,TR-C03907,2023-11-02,0,1,clean_time_group_fixed,0.07299973310042679
TR-005777,TR-C05202,2023-11-02,0,1,clean_time_group_fixed,0.01423011413506365
TR-006484,TR-C06238,2023-11-02,0,1,clean_time_group_fixed,0.05463358662116447
TR-007832,TR-C03828,2023-11-02,0,1,clean_time_group_fixed,0.03237795786458193
TR-009125,TR-C00866,2023-11-02,0,1,clean_time_group_fixed,0.013887708596853152
TR-000030,TR-C03597,2023-11-03,0,1,clean_time_group_fixed,0.07858516621080099
TR-000103,TR-C00555,2023-11-03,0,1,clean_time_group_fixed,0.09048410464580121
TR-001194,TR-C00125,2023-11-03,0,1,clean_time_group_fixed,0.040065556012251986
TR-001497,TR-C03165,2023-11-03,0,1,clean_time_group_fixed,0.039593849419791986
TR-001770,TR-C03401,2023-11-03,0,1,clean_time_group_fixed,0.18794923635625432
TR-001851,TR-C03434,2023-11-03,0,1,clean_time_group_fixed,0.13401514760180083
TR-001978,TR-C04475,2023-11-03,0,1,clean_time_group_fixed,0.014515711948513229
TR-002210,TR-C04825,2023-11-03,0,1,clean_time_group_fixed,0.022884157474032333
TR-002307,TR-C01082,2023-11-03,0,1,clean_time_group_fixed,0.053607032711522465
TR-003645,TR-C01061,2023-11-03,0,1,clean_time_group_fixed,0.0712836771170145
TR-005035,TR-C04641,2023-11-03,0,1,clean_time_group_fixed,0.015254792798881148
TR-007156,TR-C06388,2023-11-03,0,1,clean_time_group_fixed,0.03169892877983238
TR-008290,TR-C06160,2023-11-03,0,1,clean_time_group_fixed,0.03334756825543574
TR-000553,TR-C00162,2023-11-04,0,1,clean_time_group_fixed,0.02897429558687418
TR-002130,TR-C04908,2023-11-04,0,1,clean_time_group_fixed,0.022911627738991032
TR-004590,TR-C00589,2023-11-04,0,1,clean_time_group_fixed,0.03940966048346022
TR-005293,TR-C01522,2023-11-04,0,1,clean_time_group_fixed,0.01709283967168582
TR-007131,TR-C04371,2023-11-04,1,1,clean_time_group_fixed,0.020214042322529706
TR-007607,TR-C02639,2023-11-04,0,1,clean_time_group_fixed,0.04236619889598702
TR-009931,TR-C06133,2023-11-04,0,1,clean_time_group_fixed,0.088502531625563
TR-000066,TR-C05280,2023-11-05,0,1,clean_time_group_fixed,0.007479838829467437
TR-001719,TR-C03727,2023-11-05,0,1,clean_time_group_fixed,0.04052028850998009
TR-001793,TR-C04565,2023-11-05,0,1,clean_time_group_fixed,0.028274037402287584
TR-003105,TR-C00041,2023-11-05,0,1,clean_time_group_fixed,0.015696139961829118
TR-003448,TR-C01228,2023-11-05,0,1,clean_time_group_fixed,0.03299825671119811
TR-003518,TR-C05139,2023-11-05,0,1,clean_time_group_fixed,0.10290023198125818
TR-004527,TR-C04980,2023-11-05,0,1,clean_time_group_fixed,0.05497569848733862
TR-005552,TR-C06412,2023-11-05,0,1,clean_time_group_fixed,0.17532321716381472
TR-007162,TR-C05596,2023-11-05,0,1,clean_time_group_fixed,0.030153626648205027
TR-007196,TR-C01205,2023-11-05,0,1,clean_time_group_fixed,0.07507451084707062
TR-007831,TR-C05684,2023-11-05,0,1,clean_time_group_fixed,0.030785863342427475
TR-001507,TR-C06476,2023-11-06,0,1,clean_time_group_fixed,0.027834222034001738
TR-002828,TR-C00042,2023-11-06,0,1,clean_time_group_fixed,0.03945218551791092
TR-005008,TR-C06028,2023-11-06,0,1,clean_time_group_fixed,0.15645869238644913
TR-009781,TR-C05005,2023-11-06,0,1,clean_time_group_fixed,0.10660354143413901
TR-000394,TR-C04780,2023-11-07,0,1,clean_time_group_fixed,0.10003734991641608
TR-002657,TR-C04629,2023-11-07,0,1,clean_time_group_fixed,0.03328960735262627
TR-003292,TR-C02424,2023-11-07,0,1,clean_time_group_fixed,0.03699449249071916
TR-003513,TR-C01663,2023-11-07,0,1,clean_time_group_fixed,0.03369315484310561
TR-004104,TR-C00029,2023-11-07,0,1,clean_time_group_fixed,0.09501551862961492
TR-004239,TR-C04296,2023-11-07,0,1,clean_time_group_fixed,0.03483629094632278
TR-004921,TR-C04044,2023-11-07,0,1,clean_time_group_fixed,0.013639112945822911
TR-005244,TR-C05647,2023-11-07,0,1,clean_time_group_fixed,0.029348936214129723
TR-007921,TR-C05650,2023-11-07,0,1,clean_time_group_fixed,0.009599551020072913
TR-000084,TR-C00678,2023-11-08,0,1,clean_time_group_fixed,0.023671626366296983
TR-000350,TR-C00694,2023-11-08,0,1,clean_time_group_fixed,0.01797919659080696
TR-003395,TR-C06272,2023-11-08,0,1,clean_time_group_fixed,0.01685396865985309
TR-004855,TR-C05651,2023-11-08,0,1,clean_time_group_fixed,0.025867888771182755
TR-005398,TR-C00295,2023-11-08,1,1,clean_time_group_fixed,0.1366357815695028
TR-008800,TR-C06420,2023-11-08,0,1,clean_time_group_fixed,0.010657138463730405
TR-008918,TR-C05555,2023-11-08,1,1,clean_time_group_fixed,0.009365913749713194
TR-001990,TR-C05209,2023-11-09,0,1,clean_time_group_fixed,0.07488678474500024
TR-002472,TR-C04621,2023-11-09,0,1,clean_time_group_fixed,0.0377835566743737
TR-003483,TR-C03447,2023-11-09,0,1,clean_time_group_fixed,0.09448241996404715
TR-004440,TR-C02809,2023-11-09,0,1,clean_time_group_fixed,0.03698540552983531
TR-008182,TR-C02572,2023-11-09,1,1,clean_time_group_fixed,0.6737369615210541
TR-008951,TR-C01107,2023-11-09,0,1,clean_time_group_fixed,0.03278403940035628
TR-008981,TR-C04758,2023-11-09,0,1,clean_time_group_fixed,0.37973895381030986
TR-000756,TR-C02660,2023-11-10,0,1,clean_time_group_fixed,0.03465598711362822
TR-000858,TR-C01333,2023-11-10,0,1,clean_time_group_fixed,0.02161021207566982
TR-002093,TR-C01943,2023-11-10,0,1,clean_time_group_fixed,0.02233195016457239
TR-002203,TR-C02064,2023-11-10,0,1,clean_time_group_fixed,0.07029449023746856
TR-002501,TR-C01197,2023-11-10,0,1,clean_time_group_fixed,0.030394682217727665
TR-003702,TR-C03410,2023-11-10,0,1,clean_time_group_fixed,0.00871631780188488
TR-007233,TR-C02868,2023-11-10,0,1,clean_time_group_fixed,0.018251596652655095
TR-007286,TR-C04834,2023-11-10,0,1,clean_time_group_fixed,0.07468237268102819
TR-007694,TR-C00238,2023-11-10,0,1,clean_time_group_fixed,0.019146114968445444
TR-000077,TR-C01140,2023-11-11,0,1,clean_time_group_fixed,0.031486968042707814
TR-001741,TR-C05402,2023-11-11,0,1,clean_time_group_fixed,0.026292536571134034
TR-002687,TR-C02711,2023-11-11,0,1,clean_time_group_fixed,0.013640122210501981
TR-003925,TR-C03817,2023-11-11,0,1,clean_time_group_fixed,0.06624853714304439
TR-004248,TR-C00239,2023-11-11,0,1,clean_time_group_fixed,0.024188018548458534
TR-004683,TR-C01156,2023-11-11,0,1,clean_time_group_fixed,0.08087567664306738
TR-006074,TR-C02402,2023-11-11,0,1,clean_time_group_fixed,0.3856114333845239
TR-009518,TR-C01087,2023-11-11,0,1,clean_time_group_fixed,0.09856446862154508
TR-000764,TR-C05054,2023-11-12,0,1,clean_time_group_fixed,0.02039955878168316
TR-002751,TR-C02252,2023-11-12,1,1,clean_time_group_fixed,0.03909434335065719
TR-002764,TR-C02581,2023-11-12,0,1,clean_time_group_fixed,0.020097293362314986
TR-003274,TR-C04188,2023-11-12,0,1,clean_time_group_fixed,0.03517855550198974
TR-003873,TR-C01106,2023-11-12,0,1,clean_time_group_fixed,0.11327324959737921
TR-005455,TR-C01411,2023-11-12,1,1,clean_time_group_fixed,0.15724461470148265
TR-005580,TR-C02940,2023-11-12,0,1,clean_time_group_fixed,0.19957019040135496
TR-006929,TR-C03853,2023-11-12,0,1,clean_time_group_fixed,0.03637172659577848
TR-007576,TR-C06258,2023-11-12,0,1,clean_time_group_fixed,0.0109035710883021
TR-009691,TR-C04658,2023-11-12,0,1,clean_time_group_fixed,0.01964646709684473
TR-002958,TR-C03660,2023-11-13,0,1,clean_time_group_fixed,0.01111084991139343
TR-003219,TR-C05034,2023-11-13,0,1,clean_time_group_fixed,0.17858905388548002
TR-003239,TR-C02874,2023-11-13,1,1,clean_time_group_fixed,0.061084977797657446
TR-003245,TR-C04621,2023-11-13,0,1,clean_time_group_fixed,0.017191515099213024
TR-003546,TR-C05661,2023-11-13,0,1,clean_time_group_fixed,0.01173299696335112
TR-004299,TR-C06447,2023-11-13,0,1,clean_time_group_fixed,0.09272209781176216
TR-005651,TR-C04838,2023-11-13,0,1,clean_time_group_fixed,0.09995065863098869
TR-008988,TR-C04603,2023-11-13,0,1,clean_time_group_fixed,0.025461555696237034
TR-009506,TR-C00694,2023-11-13,0,1,clean_time_group_fixed,0.022433878204477266
TR-000137,TR-C02178,2023-11-14,0,1,clean_time_group_fixed,0.03451431362272601
TR-002299,TR-C05305,2023-11-14,0,1,clean_time_group_fixed,0.03288520642488253
TR-002536,TR-C04971,2023-11-14,0,1,clean_time_group_fixed,0.02533012992067994
TR-002641,TR-C03079,2023-11-14,1,1,clean_time_group_fixed,0.14186160174085138
TR-002892,TR-C04115,2023-11-14,0,1,clean_time_group_fixed,0.031926959949102794
TR-003721,TR-C01456,2023-11-14,0,1,clean_time_group_fixed,0.04789350847865167
TR-003771,TR-C00298,2023-11-14,1,1,clean_time_group_fixed,0.12466544468508355
TR-004062,TR-C00545,2023-11-14,0,1,clean_time_group_fixed,0.007026573736677828
TR-005916,TR-C06199,2023-11-14,0,1,clean_time_group_fixed,0.05659981194441121
TR-006173,TR-C05890,2023-11-14,0,1,clean_time_group_fixed,0.2943593205012795
TR-007550,TR-C02722,2023-11-14,0,1,clean_time_group_fixed,0.014585610444669637
TR-008566,TR-C06423,2023-11-14,0,1,clean_time_group_fixed,0.10359608466237595
TR-008625,TR-C05768,2023-11-14,1,1,clean_time_group_fixed,0.08838225964947277
TR-000244,TR-C01510,2023-11-15,0,1,clean_time_group_fixed,0.018969211958540257
TR-000962,TR-C00378,2023-11-15,0,1,clean_time_group_fixed,0.06538171157548893
TR-001199,TR-C06334,2023-11-15,0,1,clean_time_group_fixed,0.03058448542395018
TR-002048,TR-C04565,2023-11-15,0,1,clean_time_group_fixed,0.02439144488873672
TR-004787,TR-C01718,2023-11-15,0,1,clean_time_group_fixed,0.04335243784760012
TR-005108,TR-C02757,2023-11-15,0,1,clean_time_group_fixed,0.31032048390923167
TR-005160,TR-C03649,2023-11-15,0,1,clean_time_group_fixed,0.020492006126454288
TR-005841,TR-C04164,2023-11-15,0,1,clean_time_group_fixed,0.021207519897524542
TR-006330,TR-C03813,2023-11-15,0,1,clean_time_group_fixed,0.03589502507464425
TR-006667,TR-C01397,2023-11-15,0,1,clean_time_group_fixed,0.051811927813495987
TR-007894,TR-C01294,2023-11-15,0,1,clean_time_group_fixed,0.021321020500272625
TR-007895,TR-C04485,2023-11-15,1,1,clean_time_group_fixed,0.06991900364262939
TR-008094,TR-C01155,2023-11-15,0,1,clean_time_group_fixed,0.03523120662735927
TR-009753,TR-C01324,2023-11-15,0,1,clean_time_group_fixed,0.022288184689057
TR-000081,TR-C03653,2023-11-16,0,1,clean_time_group_fixed,0.02448161492985061
TR-001135,TR-C03765,2023-11-16,0,1,clean_time_group_fixed,0.024635010363228366
TR-002035,TR-C03579,2023-11-16,0,1,clean_time_group_fixed,0.019936963757720236
TR-004927,TR-C05907,2023-11-16,1,1,clean_time_group_fixed,0.23191889498575938
TR-008420,TR-C00520,2023-11-16,0,1,clean_time_group_fixed,0.0202005997937523
TR-008976,TR-C05975,2023-11-16,0,1,clean_time_group_fixed,0.14322840152802285
TR-003663,TR-C01413,2023-11-17,0,1,clean_time_group_fixed,0.014805354421375838
TR-003786,TR-C05116,2023-11-17,0,1,clean_time_group_fixed,0.02869800235697045
TR-004531,TR-C03241,2023-11-17,0,1,clean_time_group_fixed,0.017704668931906392
TR-004560,TR-C04358,2023-11-17,0,1,clean_time_group_fixed,0.04639653779038745
TR-006539,TR-C03619,2023-11-17,0,1,clean_time_group_fixed,0.09502150539986096
TR-008904,TR-C05663,2023-11-17,0,1,clean_time_group_fixed,0.017980107983793427
TR-009189,TR-C01769,2023-11-17,0,1,clean_time_group_fixed,0.3055818442184494
TR-009982,TR-C04517,2023-11-17,0,1,clean_time_group_fixed,0.014176758680610357
TR-001675,TR-C02573,2023-11-18,0,1,clean_time_group_fixed,0.03148461701937399
TR-002795,TR-C00091,2023-11-18,0,1,clean_time_group_fixed,0.036285148621724835
TR-003834,TR-C03467,2023-11-18,0,1,clean_time_group_fixed,0.031746072466354205
TR-005547,TR-C03195,2023-11-18,0,1,clean_time_group_fixed,0.03116964776423881
TR-006204,TR-C00282,2023-11-18,0,1,clean_time_group_fixed,0.017332575576268106
TR-007787,TR-C04939,2023-11-18,0,1,clean_time_group_fixed,0.022867386528756136
TR-008838,TR-C00917,2023-11-18,0,1,clean_time_group_fixed,0.026989395569055104
TR-009159,TR-C06178,2023-11-18,0,1,clean_time_group_fixed,0.011028475455077912
TR-009452,TR-C01617,2023-11-18,0,1,clean_time_group_fixed,0.03419305314984668
TR-000569,TR-C05549,2023-11-19,0,1,clean_time_group_fixed,0.019550640343778593
TR-002332,TR-C04952,2023-11-19,0,1,clean_time_group_fixed,0.062193926692629846
TR-006154,TR-C01177,2023-11-19,0,1,clean_time_group_fixed,0.06877091258250058
TR-007337,TR-C06471,2023-11-19,0,1,clean_time_group_fixed,0.02513258315192024
TR-000685,TR-C04077,2023-11-20,1,1,clean_time_group_fixed,0.22302360001500499
TR-002285,TR-C05664,2023-11-20,0,1,clean_time_group_fixed,0.04827933898532399
TR-002292,TR-C05713,2023-11-20,0,1,clean_time_group_fixed,0.01975403171057634
TR-002896,TR-C02125,2023-11-20,0,1,clean_time_group_fixed,0.029141901528984677
TR-003765,TR-C00857,2023-11-20,0,1,clean_time_group_fixed,0.42863854036764587
TR-006272,TR-C04609,2023-11-20,0,1,clean_time_group_fixed,0.01321806237431615
TR-006450,TR-C01175,2023-11-20,0,1,clean_time_group_fixed,0.0326999187168701
TR-008604,TR-C02249,2023-11-20,0,1,clean_time_group_fixed,0.03528044490134536
TR-009135,TR-C00376,2023-11-20,0,1,clean_time_group_fixed,0.019848465426652903
TR-004617,TR-C00832,2023-11-21,0,1,clean_time_group_fixed,0.6459433855113939
TR-007507,TR-C03990,2023-11-21,0,1,clean_time_group_fixed,0.20609842873669929
TR-007695,TR-C05986,2023-11-21,0,1,clean_time_group_fixed,0.039355284809191524
TR-008565,TR-C00062,2023-11-21,1,1,clean_time_group_fixed,0.06881914278466944
TR-009065,TR-C02753,2023-11-21,0,1,clean_time_group_fixed,0.046425584126090484
TR-002024,TR-C00934,2023-11-22,0,1,clean_time_group_fixed,0.00879668431986178
TR-002842,TR-C03253,2023-11-22,0,1,clean_time_group_fixed,0.01978931235686353
TR-003923,TR-C05898,2023-11-22,1,1,clean_time_group_fixed,0.6448134112341054
TR-005214,TR-C03176,2023-11-22,0,1,clean_time_group_fixed,0.03902095605776773
TR-008735,TR-C04670,2023-11-22,0,1,clean_time_group_fixed,0.02042403017949003
TR-008884,TR-C02280,2023-11-22,0,1,clean_time_group_fixed,0.046918056989250626
TR-009216,TR-C05651,2023-11-22,0,1,clean_time_group_fixed,0.02611023798462343
TR-000761,TR-C03374,2023-11-23,0,1,clean_time_group_fixed,0.3090269551739537
TR-001800,TR-C00412,2023-11-23,0,1,clean_time_group_fixed,0.032330195960322466
TR-002049,TR-C04916,2023-11-23,0,1,clean_time_group_fixed,0.18297764352979234
TR-003222,TR-C04623,2023-11-23,0,1,clean_time_group_fixed,0.02500251001025387
TR-003979,TR-C00209,2023-11-23,0,1,clean_time_group_fixed,0.03318620283650611
TR-004322,TR-C01922,2023-11-23,0,1,clean_time_group_fixed,0.02485721983404361
TR-005085,TR-C05701,2023-11-23,0,1,clean_time_group_fixed,0.07823466555724963
TR-005277,TR-C03114,2023-11-23,0,1,clean_time_group_fixed,0.07001760166162692
TR-007424,TR-C01701,2023-11-23,0,1,clean_time_group_fixed,0.034332564301268756
TR-007556,TR-C00013,2023-11-23,0,1,clean_time_group_fixed,0.15847538957226232
TR-008299,TR-C06473,2023-11-23,0,1,clean_time_group_fixed,0.07949878556123495
TR-000413,TR-C05385,2023-11-24,0,1,clean_time_group_fixed,0.03205708137273214
TR-001203,TR-C03824,2023-11-24,0,1,clean_time_group_fixed,0.01987281971863086
TR-003543,TR-C04890,2023-11-24,0,1,clean_time_group_fixed,0.14851200964648242
TR-005002,TR-C06278,2023-11-24,0,1,clean_time_group_fixed,0.04168345745676782
TR-005017,TR-C00687,2023-11-24,0,1,clean_time_group_fixed,0.00929262289017693
TR-005408,TR-C03088,2023-11-24,0,1,clean_time_group_fixed,0.11098893256036566
TR-005569,TR-C02613,2023-11-24,0,1,clean_time_group_fixed,0.008984470241150205
TR-005912,TR-C03831,2023-11-24,0,1,clean_time_group_fixed,0.02131442381521674
TR-007317,TR-C02629,2023-11-24,0,1,clean_time_group_fixed,0.03243859133857083
TR-008801,TR-C02974,2023-11-24,0,1,clean_time_group_fixed,0.07444922853731176
TR-008966,TR-C02880,2023-11-24,0,1,clean_time_group_fixed,0.019471515000138922
TR-001462,TR-C05849,2023-11-25,0,1,clean_time_group_fixed,0.08166793162565837
TR-002353,TR-C05440,2023-11-25,1,1,clean_time_group_fixed,0.034752800198530276
TR-004052,TR-C01549,2023-11-25,0,1,clean_time_group_fixed,0.013981104353001789
TR-005675,TR-C01312,2023-11-25,0,1,clean_time_group_fixed,0.014972552462468333
TR-005795,TR-C02503,2023-11-25,0,1,clean_time_group_fixed,0.04832563855591206
TR-008820,TR-C02688,2023-11-25,0,1,clean_time_group_fixed,0.022606433964152146
TR-003726,TR-C02075,2023-11-26,0,1,clean_time_group_fixed,0.021851920126166262
TR-005005,TR-C05292,2023-11-26,0,1,clean_time_group_fixed,0.1087921678956109
TR-005426,TR-C03638,2023-11-26,0,1,clean_time_group_fixed,0.08292565832552068
TR-005824,TR-C04143,2023-11-26,0,1,clean_time_group_fixed,0.027175471644756533
TR-009121,TR-C00730,2023-11-26,0,1,clean_time_group_fixed,0.030884012658442223
TR-009316,TR-C01842,2023-11-26,0,1,clean_time_group_fixed,0.007725928045036589
TR-000078,TR-C02378,2023-11-27,0,1,clean_time_group_fixed,0.039131183585442486
TR-001738,TR-C05813,2023-11-27,0,1,clean_time_group_fixed,0.046329735378014804
TR-002603,TR-C02480,2023-11-27,0,1,clean_time_group_fixed,0.01980308035844557
TR-005295,TR-C03850,2023-11-27,0,1,clean_time_group_fixed,0.01093096681808306
TR-006193,TR-C00704,2023-11-27,0,1,clean_time_group_fixed,0.033887318452095354
TR-007190,TR-C02368,2023-11-27,0,1,clean_time_group_fixed,0.02606740272934861
TR-007315,TR-C02098,2023-11-27,1,1,clean_time_group_fixed,0.6594906564308239
TR-007674,TR-C01148,2023-11-27,0,1,clean_time_group_fixed,0.011717450055596382
TR-008559,TR-C01941,2023-11-27,1,1,clean_time_group_fixed,0.41493829613031297
TR-009007,TR-C06365,2023-11-27,0,1,clean_time_group_fixed,0.07004047163010459
TR-001394,TR-C05738,2023-11-28,0,1,clean_time_group_fixed,0.010735464139737734
TR-001953,TR-C04998,2023-11-28,1,1,clean_time_group_fixed,0.03674900384943422
TR-003318,TR-C04420,2023-11-28,0,1,clean_time_group_fixed,0.051822320227425826
TR-005514,TR-C03946,2023-11-28,0,1,clean_time_group_fixed,0.01697025888593012
TR-006843,TR-C02493,2023-11-28,0,1,clean_time_group_fixed,0.07766628238665013
TR-008029,TR-C01340,2023-11-28,0,1,clean_time_group_fixed,0.0159658207773328
TR-000663,TR-C03152,2023-11-29,0,1,clean_time_group_fixed,0.02953430122097873
TR-001216,TR-C02445,2023-11-29,0,1,clean_time_group_fixed,0.19541872337557992
TR-001388,TR-C03359,2023-11-29,0,1,clean_time_group_fixed,0.0231144448472587
TR-002057,TR-C03730,2023-11-29,0,1,clean_time_group_fixed,0.055877230313893356
TR-005478,TR-C03074,2023-11-29,0,1,clean_time_group_fixed,0.01790299132409301
TR-005800,TR-C00684,2023-11-29,1,1,clean_time_group_fixed,0.05472657653746434
TR-006085,TR-C00422,2023-11-29,0,1,clean_time_group_fixed,0.01682308810717294
TR-006931,TR-C05036,2023-11-29,1,1,clean_time_group_fixed,0.0792788003153598
TR-006989,TR-C04093,2023-11-29,0,1,clean_time_group_fixed,0.009167617993034583
TR-000149,TR-C00363,2023-11-30,0,1,clean_time_group_fixed,0.0798820245389117
TR-000778,TR-C05419,2023-11-30,0,1,clean_time_group_fixed,0.044147475738293175
TR-002997,TR-C00794,2023-11-30,0,1,clean_time_group_fixed,0.06458728368714355
TR-003445,TR-C05060,2023-11-30,0,1,clean_time_group_fixed,0.04335233075266149
TR-004128,TR-C00717,2023-11-30,0,1,clean_time_group_fixed,0.09374393518078522
TR-004265,TR-C05523,2023-11-30,0,1,clean_time_group_fixed,0.3101809735429982
TR-006531,TR-C01153,2023-11-30,0,1,clean_time_group_fixed,0.10939527841585721
TR-006909,TR-C03154,2023-11-30,0,1,clean_time_group_fixed,0.03682903124742592
TR-007833,TR-C02811,2023-11-30,0,1,clean_time_group_fixed,0.018061672928506505
TR-009878,TR-C01552,2023-11-30,0,1,clean_time_group_fixed,0.023903447228189222
TR-000194,TR-C02588,2023-12-01,0,1,clean_time_group_fixed,0.014105729551817773
TR-000765,TR-C00016,2023-12-01,0,1,clean_time_group_fixed,0.018083628907285036
TR-002204,TR-C01874,2023-12-01,0,1,clean_time_group_fixed,0.013406976439157833
TR-002901,TR-C05353,2023-12-01,0,1,clean_time_group_fixed,0.23998139987101536
TR-003375,TR-C00452,2023-12-01,0,1,clean_time_group_fixed,0.013280495165230992
TR-003381,TR-C01606,2023-12-01,0,1,clean_time_group_fixed,0.07603429105643394
TR-005310,TR-C01499,2023-12-01,0,1,clean_time_group_fixed,0.07655067108740436
TR-006766,TR-C01384,2023-12-01,0,1,clean_time_group_fixed,0.14255799170204705
TR-006911,TR-C05823,2023-12-01,0,1,clean_time_group_fixed,0.015904184640679192
TR-006928,TR-C02466,2023-12-01,0,1,clean_time_group_fixed,0.02472613919750008
TR-009062,TR-C02217,2023-12-01,0,1,clean_time_group_fixed,0.00912092727692101
TR-001117,TR-C03899,2023-12-02,0,1,clean_time_group_fixed,0.017809763501405184
TR-002250,TR-C01411,2023-12-02,0,1,clean_time_group_fixed,0.0727422617322253
TR-003121,TR-C00219,2023-12-02,0,1,clean_time_group_fixed,0.04910429830237633
TR-003297,TR-C02426,2023-12-02,0,1,clean_time_group_fixed,0.01998046962876022
TR-004822,TR-C05334,2023-12-02,0,1,clean_time_group_fixed,0.18094847480053566
TR-006597,TR-C01951,2023-12-02,0,1,clean_time_group_fixed,0.20770355475104102
TR-007172,TR-C03584,2023-12-02,0,1,clean_time_group_fixed,0.030430591793824256
TR-008521,TR-C00207,2023-12-02,0,1,clean_time_group_fixed,0.038861295521321566
TR-009093,TR-C02893,2023-12-02,0,1,clean_time_group_fixed,0.0626702071746201
TR-009107,TR-C01594,2023-12-02,0,1,clean_time_group_fixed,0.05226265889182696
TR-009123,TR-C02190,2023-12-02,0,1,clean_time_group_fixed,0.022630154280666677
TR-009366,TR-C03073,2023-12-02,0,1,clean_time_group_fixed,0.01575070311154841
TR-001630,TR-C02453,2023-12-03,0,1,clean_time_group_fixed,0.012447634295294805
TR-001683,TR-C02322,2023-12-03,0,1,clean_time_group_fixed,0.37577155382677147
TR-001967,TR-C03965,2023-12-03,0,1,clean_time_group_fixed,0.014230366739003956
TR-003962,TR-C02669,2023-12-03,0,1,clean_time_group_fixed,0.018769817286723126
TR-004431,TR-C00354,2023-12-03,0,1,clean_time_group_fixed,0.11576321431207597
TR-004881,TR-C03054,2023-12-03,0,1,clean_time_group_fixed,0.11247177219670962
TR-006181,TR-C03807,2023-12-03,0,1,clean_time_group_fixed,0.04428084118558568
TR-006634,TR-C01261,2023-12-03,0,1,clean_time_group_fixed,0.03658907191177078
TR-007101,TR-C00604,2023-12-03,0,1,clean_time_group_fixed,0.02579520015712632
TR-007321,TR-C00428,2023-12-03,0,1,clean_time_group_fixed,0.008482071572359863
TR-007951,TR-C01619,2023-12-03,0,1,clean_time_group_fixed,0.09095234209328838
TR-008256,TR-C04494,2023-12-03,0,1,clean_time_group_fixed,0.06847627671973572
TR-000702,TR-C04675,2023-12-04,0,1,clean_time_group_fixed,0.047665211373484374
TR-001047,TR-C06368,2023-12-04,0,1,clean_time_group_fixed,0.021119576721419238
TR-002643,TR-C01088,2023-12-04,0,1,clean_time_group_fixed,0.042143235055513366
TR-007467,TR-C06159,2023-12-04,0,1,clean_time_group_fixed,0.026443770909171153
TR-007734,TR-C00245,2023-12-04,0,1,clean_time_group_fixed,0.06118034066939345
TR-009744,TR-C00595,2023-12-04,0,1,clean_time_group_fixed,0.008851372734706766
TR-000089,TR-C03010,2023-12-05,0,1,clean_time_group_fixed,0.5968335553278465
TR-000289,TR-C02399,2023-12-05,0,1,clean_time_group_fixed,0.07005764930704317
TR-000465,TR-C04855,2023-12-05,0,1,clean_time_group_fixed,0.06429782826553637
TR-000485,TR-C01454,2023-12-05,1,1,clean_time_group_fixed,0.6391804660551291
TR-002777,TR-C02294,2023-12-05,0,1,clean_time_group_fixed,0.015030999432639872
TR-003337,TR-C03907,2023-12-05,0,1,clean_time_group_fixed,0.17505891645181182
TR-004632,TR-C02151,2023-12-05,0,1,clean_time_group_fixed,0.02438620595429935
TR-005083,TR-C04313,2023-12-05,0,1,clean_time_group_fixed,0.025968489417608726
TR-006715,TR-C05858,2023-12-05,0,1,clean_time_group_fixed,0.06909936830507499
TR-009697,TR-C02058,2023-12-05,0,1,clean_time_group_fixed,0.06631656732837664
TR-000659,TR-C01381,2023-12-06,0,1,clean_time_group_fixed,0.052495825372430326
TR-001766,TR-C01567,2023-12-06,0,1,clean_time_group_fixed,0.09046501331590939
TR-004582,TR-C00299,2023-12-06,0,1,clean_time_group_fixed,0.027703105720490746
TR-005803,TR-C00767,2023-12-06,0,1,clean_time_group_fixed,0.08396629079901526
TR-006818,TR-C03345,2023-12-06,0,1,clean_time_group_fixed,0.052133485738487174
TR-008482,TR-C01880,2023-12-06,0,1,clean_time_group_fixed,0.03073073583495431
TR-008985,TR-C02567,2023-12-06,0,1,clean_time_group_fixed,0.012624989971126092
TR-009279,TR-C03347,2023-12-06,0,1,clean_time_group_fixed,0.011410433734249674
TR-000129,TR-C02401,2023-12-07,0,1,clean_time_group_fixed,0.027698414705833143
TR-000262,TR-C03359,2023-12-07,0,1,clean_time_group_fixed,0.14175247826261364
TR-002116,TR-C01869,2023-12-07,0,1,clean_time_group_fixed,0.03174828143277004
TR-003250,TR-C02654,2023-12-07,0,1,clean_time_group_fixed,0.04579773010531223
TR-007376,TR-C04793,2023-12-07,0,1,clean_time_group_fixed,0.0783478459492302
TR-007494,TR-C01982,2023-12-07,0,1,clean_time_group_fixed,0.027667094968623723
TR-008210,TR-C00250,2023-12-07,0,1,clean_time_group_fixed,0.034049942829769066
TR-009528,TR-C04707,2023-12-07,0,1,clean_time_group_fixed,0.007872303082619029
TR-001282,TR-C03016,2023-12-08,0,1,clean_time_group_fixed,0.025564916213156742
TR-001490,TR-C06209,2023-12-08,1,1,clean_time_group_fixed,0.4036330715556018
TR-001553,TR-C03711,2023-12-08,0,1,clean_time_group_fixed,0.05993842623336
TR-002421,TR-C02951,2023-12-08,0,1,clean_time_group_fixed,0.03478712041173503
TR-004812,TR-C02861,2023-12-08,0,1,clean_time_group_fixed,0.03441523586078339
TR-008199,TR-C01452,2023-12-08,0,1,clean_time_group_fixed,0.040844596862688154
TR-008781,TR-C06245,2023-12-08,0,1,clean_time_group_fixed,0.041041729813402844
TR-009435,TR-C02907,2023-12-08,0,1,clean_time_group_fixed,0.13983357280145617
TR-001671,TR-C01327,2023-12-09,0,1,clean_time_group_fixed,0.029169176251619713
TR-001763,TR-C03019,2023-12-09,0,1,clean_time_group_fixed,0.04419146897509896
TR-002217,TR-C00430,2023-12-09,0,1,clean_time_group_fixed,0.024423128088600577
TR-007325,TR-C04417,2023-12-09,0,1,clean_time_group_fixed,0.30774129748725126
TR-007393,TR-C05797,2023-12-09,0,1,clean_time_group_fixed,0.024362444156488354
TR-001255,TR-C06189,2023-12-10,1,1,clean_time_group_fixed,0.07993569864549607
TR-002178,TR-C06176,2023-12-10,0,1,clean_time_group_fixed,0.15589334597462887
TR-004001,TR-C05881,2023-12-10,0,1,clean_time_group_fixed,0.01974648514921685
TR-004932,TR-C04658,2023-12-10,0,1,clean_time_group_fixed,0.011599501708052181
TR-006775,TR-C02240,2023-12-10,0,1,clean_time_group_fixed,0.13223935860177127
TR-007022,TR-C00963,2023-12-10,0,1,clean_time_group_fixed,0.02848624209411475
TR-008200,TR-C01918,2023-12-10,0,1,clean_time_group_fixed,0.010509907974654998
TR-008266,TR-C06041,2023-12-10,0,1,clean_time_group_fixed,0.026906050274063776
TR-008468,TR-C00294,2023-12-10,0,1,clean_time_group_fixed,0.07139120574333091
TR-008595,TR-C05277,2023-12-10,1,1,clean_time_group_fixed,0.2007139011840013
TR-009110,TR-C05393,2023-12-10,0,1,clean_time_group_fixed,0.012606333563805115
TR-000284,TR-C05472,2023-12-11,0,1,clean_time_group_fixed,0.010493548465965289
TR-001330,TR-C04244,2023-12-11,0,1,clean_time_group_fixed,0.04561905804068191
TR-001368,TR-C05204,2023-12-11,0,1,clean_time_group_fixed,0.030189995843266548
TR-003370,TR-C01973,2023-12-11,0,1,clean_time_group_fixed,0.045185095499355336
TR-006091,TR-C05551,2023-12-11,0,1,clean_time_group_fixed,0.21414467902713216
TR-006637,TR-C00562,2023-12-11,0,1,clean_time_group_fixed,0.01421383410272958
TR-006724,TR-C02165,2023-12-11,0,1,clean_time_group_fixed,0.052376638816313284
TR-007246,TR-C01318,2023-12-11,0,1,clean_time_group_fixed,0.0832244861829967
TR-009056,TR-C05160,2023-12-11,0,1,clean_time_group_fixed,0.01644855237263158
TR-009223,TR-C03950,2023-12-11,0,1,clean_time_group_fixed,0.03482281405332808
TR-003109,TR-C01396,2023-12-12,0,1,clean_time_group_fixed,0.010814453316941412
TR-004364,TR-C04045,2023-12-12,0,1,clean_time_group_fixed,0.01807578972474019
TR-004584,TR-C05580,2023-12-12,0,1,clean_time_group_fixed,0.0999170232404767
TR-005535,TR-C03376,2023-12-12,0,1,clean_time_group_fixed,0.041583764192664754
TR-006320,TR-C02842,2023-12-12,0,1,clean_time_group_fixed,0.05472291634445371
TR-007747,TR-C00407,2023-12-12,0,1,clean_time_group_fixed,0.030368153458816546
TR-008065,TR-C02058,2023-12-12,0,1,clean_time_group_fixed,0.030922159022365312
TR-008106,TR-C01013,2023-12-12,0,1,clean_time_group_fixed,0.808717146855362
TR-008756,TR-C04666,2023-12-12,0,1,clean_time_group_fixed,0.01305914073394551
TR-000627,TR-C04069,2023-12-13,0,1,clean_time_group_fixed,0.04589858646108831
TR-000716,TR-C02481,2023-12-13,0,1,clean_time_group_fixed,0.07272266711772093
TR-001033,TR-C02328,2023-12-13,0,1,clean_time_group_fixed,0.03747637748821635
TR-001857,TR-C01332,2023-12-13,0,1,clean_time_group_fixed,0.07222138086972028
TR-002331,TR-C01023,2023-12-13,0,1,clean_time_group_fixed,0.06230825724606161
TR-002367,TR-C04909,2023-12-13,0,1,clean_time_group_fixed,0.35774891676335047
TR-002391,TR-C04909,2023-12-13,0,1,clean_time_group_fixed,0.03866273236750732
TR-003167,TR-C05546,2023-12-13,1,1,clean_time_group_fixed,0.06170207235209289
TR-004758,TR-C04897,2023-12-13,0,1,clean_time_group_fixed,0.09586235944946182
TR-005885,TR-C01656,2023-12-13,0,1,clean_time_group_fixed,0.01639919117276769
TR-007853,TR-C04114,2023-12-13,0,1,clean_time_group_fixed,0.04576927067117822
TR-007902,TR-C02226,2023-12-13,0,1,clean_time_group_fixed,0.05139870175227641
TR-008715,TR-C02879,2023-12-13,0,1,clean_time_group_fixed,0.029012862832900176
TR-002373,TR-C02054,2023-12-14,0,1,clean_time_group_fixed,0.06771418324819327
TR-003154,TR-C01535,2023-12-14,0,1,clean_time_group_fixed,0.06372199771180893
TR-003364,TR-C03673,2023-12-14,0,1,clean_time_group_fixed,0.042097111612928166
TR-003709,TR-C04818,2023-12-14,0,1,clean_time_group_fixed,0.07362455293764522
TR-004764,TR-C01643,2023-12-14,0,1,clean_time_group_fixed,0.04443026301469338
TR-005294,TR-C05506,2023-12-14,0,1,clean_time_group_fixed,0.04349015637157151
TR-005778,TR-C04649,2023-12-14,0,1,clean_time_group_fixed,0.022738465901329278
TR-006496,TR-C01467,2023-12-14,0,1,clean_time_group_fixed,0.0869309208568938
TR-000049,TR-C01039,2023-12-15,0,1,clean_time_group_fixed,0.13054670993875125
TR-001258,TR-C00715,2023-12-15,0,1,clean_time_group_fixed,0.04728044170669163
TR-003933,TR-C01696,2023-12-15,0,1,clean_time_group_fixed,0.03988485575213557
TR-005339,TR-C04620,2023-12-15,0,1,clean_time_group_fixed,0.048914758732363305
TR-008568,TR-C01341,2023-12-15,0,1,clean_time_group_fixed,0.030207556098978364
TR-009924,TR-C04990,2023-12-15,0,1,clean_time_group_fixed,0.02503330541728693
TR-000116,TR-C00166,2023-12-16,0,1,clean_time_group_fixed,0.012849137910875432
TR-000744,TR-C01608,2023-12-16,0,1,clean_time_group_fixed,0.031402766107723606
TR-001589,TR-C06320,2023-12-16,0,1,clean_time_group_fixed,0.05318971573672337
TR-001596,TR-C02359,2023-12-16,0,1,clean_time_group_fixed,0.025878816792057474
TR-002481,TR-C02021,2023-12-16,0,1,clean_time_group_fixed,0.044529904883315825
TR-002920,TR-C01944,2023-12-16,0,1,clean_time_group_fixed,0.010307698789189941
TR-003044,TR-C05591,2023-12-16,0,1,clean_time_group_fixed,0.015226480345987009
TR-004254,TR-C00104,2023-12-16,0,1,clean_time_group_fixed,0.03547949596817009
TR-004924,TR-C05943,2023-12-16,0,1,clean_time_group_fixed,0.017346391333675267
TR-000272,TR-C04266,2023-12-17,0,1,clean_time_group_fixed,0.051505627091624956
TR-000936,TR-C06173,2023-12-17,0,1,clean_time_group_fixed,0.09140085051056175
TR-001915,TR-C03366,2023-12-17,0,1,clean_time_group_fixed,0.02735382923782249
TR-004228,TR-C05218,2023-12-17,0,1,clean_time_group_fixed,0.0583788557603637
TR-008192,TR-C02112,2023-12-17,0,1,clean_time_group_fixed,0.06820041719488991
TR-008382,TR-C05360,2023-12-17,0,1,clean_time_group_fixed,0.025832642669485453
TR-009467,TR-C06314,2023-12-17,0,1,clean_time_group_fixed,0.10845171921942724
TR-000088,TR-C03345,2023-12-18,0,1,clean_time_group_fixed,0.010609105516295743
TR-001197,TR-C04417,2023-12-18,0,1,clean_time_group_fixed,0.02938066189375371
TR-001807,TR-C03004,2023-12-18,0,1,clean_time_group_fixed,0.008679732485977747
TR-001887,TR-C06214,2023-12-18,0,1,clean_time_group_fixed,0.042937439103406534
TR-002417,TR-C03589,2023-12-18,0,1,clean_time_group_fixed,0.03583522775470587
TR-004466,TR-C00586,2023-12-18,0,1,clean_time_group_fixed,0.014508010316442315
TR-004763,TR-C05764,2023-12-18,0,1,clean_time_group_fixed,0.03655528509208231
TR-006635,TR-C02195,2023-12-18,0,1,clean_time_group_fixed,0.04072931427088938
TR-007248,TR-C04899,2023-12-18,0,1,clean_time_group_fixed,0.017944178157603397
TR-008701,TR-C02223,2023-12-18,0,1,clean_time_group_fixed,0.013042126548809757
TR-009515,TR-C06337,2023-12-18,0,1,clean_time_group_fixed,0.019917817232016972
TR-001378,TR-C05508,2023-12-19,0,1,clean_time_group_fixed,0.046243108595057855
TR-003104,TR-C02170,2023-12-19,0,1,clean_time_group_fixed,0.04592625921630262
TR-003341,TR-C04925,2023-12-19,0,1,clean_time_group_fixed,0.08457880426955602
TR-006526,TR-C04722,2023-12-19,0,1,clean_time_group_fixed,0.12081844619629523
TR-007436,TR-C03924,2023-12-19,0,1,clean_time_group_fixed,0.024065621340891755
TR-007903,TR-C03376,2023-12-19,0,1,clean_time_group_fixed,0.03988458517858204
TR-009660,TR-C01594,2023-12-19,0,1,clean_time_group_fixed,0.06875488011829183
TR-000378,TR-C02626,2023-12-20,0,1,clean_time_group_fixed,0.09290054115053874
TR-001313,TR-C02093,2023-12-20,0,1,clean_time_group_fixed,0.29028944681644725
TR-004435,TR-C03285,2023-12-20,0,1,clean_time_group_fixed,0.030322632488600967
TR-004596,TR-C00886,2023-12-20,1,1,clean_time_group_fixed,0.0543236362933599
TR-004710,TR-C04589,2023-12-20,0,1,clean_time_group_fixed,0.1040275672542747
TR-004821,TR-C03111,2023-12-20,1,1,clean_time_group_fixed,0.048448951967440805
TR-004875,TR-C05844,2023-12-20,1,1,clean_time_group_fixed,0.8992990565852619
TR-006804,TR-C03623,2023-12-20,0,1,clean_time_group_fixed,0.030272384133885864
TR-000219,TR-C05107,2023-12-21,0,1,clean_time_group_fixed,0.05683021804288902
TR-000312,TR-C03758,2023-12-21,0,1,clean_time_group_fixed,0.03918800939568525
TR-001584,TR-C04069,2023-12-21,0,1,clean_time_group_fixed,0.027450190478272275
TR-002456,TR-C05237,2023-12-21,0,1,clean_time_group_fixed,0.015199119989479662
TR-002758,TR-C02465,2023-12-21,0,1,clean_time_group_fixed,0.028013601118916643
TR-003310,TR-C00292,2023-12-21,0,1,clean_time_group_fixed,0.1014067964974517
TR-005676,TR-C00344,2023-12-21,0,1,clean_time_group_fixed,0.041074012014260815
TR-005831,TR-C04925,2023-12-21,0,1,clean_time_group_fixed,0.02482972685460704
TR-006114,TR-C02540,2023-12-21,0,1,clean_time_group_fixed,0.038113435925358645
TR-007079,TR-C01431,2023-12-21,0,1,clean_time_group_fixed,0.09444642353212057
TR-008018,TR-C00813,2023-12-21,0,1,clean_time_group_fixed,0.07477525215951615
TR-000068,TR-C06150,2023-12-22,0,1,clean_time_group_fixed,0.13405641555347897
TR-000620,TR-C03754,2023-12-22,0,1,clean_time_group_fixed,0.02844845656244995
TR-002606,TR-C01064,2023-12-22,0,1,clean_time_group_fixed,0.02949114619347326
TR-002653,TR-C04489,2023-12-22,0,1,clean_time_group_fixed,0.2012952518850789
TR-004426,TR-C03433,2023-12-22,0,1,clean_time_group_fixed,0.04735131562382839
TR-005602,TR-C02211,2023-12-22,0,1,clean_time_group_fixed,0.05242569415010917
TR-005680,TR-C02662,2023-12-22,0,1,clean_time_group_fixed,0.014781030478482532
TR-007035,TR-C03990,2023-12-22,0,1,clean_time_group_fixed,0.1720344133837026
TR-008929,TR-C04492,2023-12-22,0,1,clean_time_group_fixed,0.060984220016860775
TR-009015,TR-C05288,2023-12-22,1,1,clean_time_group_fixed,0.09124046434529046
TR-009393,TR-C05592,2023-12-22,0,1,clean_time_group_fixed,0.03218556366340762
TR-009694,TR-C04856,2023-12-22,0,1,clean_time_group_fixed,0.007805519323308383
TR-002205,TR-C03891,2023-12-23,0,1,clean_time_group_fixed,0.018274334508589694
TR-003330,TR-C01812,2023-12-23,0,1,clean_time_group_fixed,0.12580533667221522
TR-003464,TR-C05747,2023-12-23,0,1,clean_time_group_fixed,0.019966304854591305
TR-004010,TR-C00417,2023-12-23,0,1,clean_time_group_fixed,0.176285442519616
TR-004739,TR-C01123,2023-12-23,0,1,clean_time_group_fixed,0.03915736458990977
TR-004859,TR-C03563,2023-12-23,0,1,clean_time_group_fixed,0.28953510632203144
TR-005769,TR-C02754,2023-12-23,0,1,clean_time_group_fixed,0.12307172907606344
TR-006375,TR-C00188,2023-12-23,0,1,clean_time_group_fixed,0.015328707134625965
TR-002808,TR-C06162,2023-12-24,0,1,clean_time_group_fixed,0.00931661842395529
TR-003988,TR-C02558,2023-12-24,0,1,clean_time_group_fixed,0.010278412635824298
TR-004918,TR-C02482,2023-12-24,0,1,clean_time_group_fixed,0.018194093682368764
TR-006759,TR-C01851,2023-12-24,0,1,clean_time_group_fixed,0.29831920957343366
TR-006879,TR-C00993,2023-12-24,1,1,clean_time_group_fixed,0.11095396482982825
TR-007126,TR-C03643,2023-12-24,0,1,clean_time_group_fixed,0.07363308071160815
TR-008670,TR-C05265,2023-12-24,0,1,clean_time_group_fixed,0.05462493600819831
TR-009732,TR-C00400,2023-12-24,0,1,clean_time_group_fixed,0.02122632311019487
TR-003650,TR-C00105,2023-12-25,0,1,clean_time_group_fixed,0.05930734537222342
TR-004555,TR-C02920,2023-12-25,0,1,clean_time_group_fixed,0.18607528740285337
TR-005618,TR-C02802,2023-12-25,0,1,clean_time_group_fixed,0.0273232578144374
TR-008253,TR-C01700,2023-12-25,0,1,clean_time_group_fixed,0.05406903912536569
TR-009793,TR-C04316,2023-12-25,0,1,clean_time_group_fixed,0.021301622625311427
TR-001161,TR-C04181,2023-12-26,0,1,clean_time_group_fixed,0.11466244837007669
TR-001634,TR-C01510,2023-12-26,0,1,clean_time_group_fixed,0.026153298596563748
TR-003126,TR-C02868,2023-12-26,0,1,clean_time_group_fixed,0.06728078646031897
TR-004353,TR-C02474,2023-12-26,0,1,clean_time_group_fixed,0.04144567717688384
TR-006801,TR-C02276,2023-12-26,0,1,clean_time_group_fixed,0.013346774822748922
TR-006883,TR-C04254,2023-12-26,0,1,clean_time_group_fixed,0.027748022143106534
TR-007149,TR-C00186,2023-12-26,0,1,clean_time_group_fixed,0.014163216462781224
TR-008816,TR-C01019,2023-12-26,0,1,clean_time_group_fixed,0.029927532526239534
TR-009808,TR-C05527,2023-12-26,0,1,clean_time_group_fixed,0.04964112264350522
TR-001208,TR-C01774,2023-12-27,0,1,clean_time_group_fixed,0.0817392531680352
TR-001268,TR-C01309,2023-12-27,1,1,clean_time_group_fixed,0.03610153485201015
TR-001720,TR-C06431,2023-12-27,0,1,clean_time_group_fixed,0.011429625366709526
TR-002091,TR-C01711,2023-12-27,0,1,clean_time_group_fixed,0.06280594772616778
TR-004444,TR-C02405,2023-12-27,0,1,clean_time_group_fixed,0.01282597893750162
TR-004800,TR-C00503,2023-12-27,0,1,clean_time_group_fixed,0.035803874194365065
TR-007905,TR-C02268,2023-12-27,0,1,clean_time_group_fixed,0.018684773604932862
TR-008908,TR-C05186,2023-12-27,0,1,clean_time_group_fixed,0.028761112069082315
TR-009209,TR-C03061,2023-12-27,0,1,clean_time_group_fixed,0.0326864526497879
TR-009684,TR-C01999,2023-12-27,0,1,clean_time_group_fixed,0.1070114807082115
TR-009765,TR-C04519,2023-12-27,0,1,clean_time_group_fixed,0.018409199196447488
TR-009944,TR-C03901,2023-12-27,1,1,clean_time_group_fixed,0.6413425146453116
TR-002348,TR-C04282,2023-12-28,0,1,clean_time_group_fixed,0.01905497941658767
TR-004137,TR-C02071,2023-12-28,0,1,clean_time_group_fixed,0.3958500066247481
TR-004533,TR-C00394,2023-12-28,1,1,clean_time_group_fixed,0.017597969559370732
TR-005859,TR-C01926,2023-12-28,0,1,clean_time_group_fixed,0.011230552340760522
TR-006665,TR-C01658,2023-12-28,0,1,clean_time_group_fixed,0.05165844213117255
TR-007454,TR-C03959,2023-12-28,0,1,clean_time_group_fixed,0.0743854610629983
TR-007764,TR-C01436,2023-12-28,0,1,clean_time_group_fixed,0.043698739530818057
TR-008841,TR-C04441,2023-12-28,0,1,clean_time_group_fixed,0.044018861181892556
TR-009259,TR-C00519,2023-12-28,1,1,clean_time_group_fixed,0.061239769168471424
TR-002310,TR-C03335,2023-12-29,0,1,clean_time_group_fixed,0.1162686109318971
TR-002568,TR-C04593,2023-12-29,0,1,clean_time_group_fixed,0.0971819993198863
TR-003471,TR-C02296,2023-12-29,0,1,clean_time_group_fixed,0.08884032355173563
TR-004901,TR-C02666,2023-12-29,0,1,clean_time_group_fixed,0.025774685688923007
TR-004946,TR-C04357,2023-12-29,0,1,clean_time_group_fixed,0.09591997816394975
TR-005606,TR-C05702,2023-12-29,0,1,clean_time_group_fixed,0.12465090350669034
TR-007130,TR-C04544,2023-12-29,0,1,clean_time_group_fixed,0.06953031965746485
TR-009642,TR-C01207,2023-12-29,0,1,clean_time_group_fixed,0.028956730122646254
TR-009742,TR-C01637,2023-12-29,0,1,clean_time_group_fixed,0.027324585053187894
TR-000210,TR-C05827,2023-12-30,0,1,clean_time_group_fixed,0.07237774721677102
TR-002017,TR-C06069,2023-12-30,0,1,clean_time_group_fixed,0.028485354195054234
TR-002521,TR-C01462,2023-12-30,0,1,clean_time_group_fixed,0.027557115912333913
TR-002754,TR-C02230,2023-12-30,0,1,clean_time_group_fixed,0.13095203774275305
TR-002990,TR-C04611,2023-12-30,0,1,clean_time_group_fixed,0.2031125222207168
TR-003111,TR-C03063,2023-12-30,0,1,clean_time_group_fixed,0.0313226570908574
TR-005326,TR-C03146,2023-12-30,0,1,clean_time_group_fixed,0.030291129014098316
TR-006183,TR-C03831,2023-12-30,0,1,clean_time_group_fixed,0.05189540869470929
TR-007665,TR-C02620,2023-12-30,0,1,clean_time_group_fixed,0.04219808439428565
TR-008263,TR-C03884,2023-12-30,0,1,clean_time_group_fixed,0.022795887452586885
TR-003069,TR-C03159,2023-12-31,0,1,clean_time_group_fixed,0.01983281267136953
TR-003654,TR-C06375,2023-12-31,0,1,clean_time_group_fixed,0.061799243872768174
TR-007369,TR-C01302,2023-12-31,0,1,clean_time_group_fixed,0.008089469727124656
TR-000410,TR-C00173,2024-01-01,0,2,clean_time_group_fixed,0.13554202976107138
TR-001829,TR-C01062,2024-01-01,0,2,clean_time_group_fixed,0.0383904138196104
TR-002668,TR-C02839,2024-01-01,0,2,clean_time_group_fixed,0.08140890915657077
TR-003491,TR-C02422,2024-01-01,0,2,clean_time_group_fixed,0.037596569551014154
TR-005371,TR-C05135,2024-01-01,0,2,clean_time_group_fixed,0.040590848298219795
TR-005465,TR-C06152,2024-01-01,0,2,clean_time_group_fixed,0.036705418947350694
TR-005883,TR-C02587,2024-01-01,0,2,clean_time_group_fixed,0.10523436048093877
TR-007009,TR-C05862,2024-01-01,0,2,clean_time_group_fixed,0.09114018056364719
TR-007400,TR-C06071,2024-01-01,0,2,clean_time_group_fixed,0.011814990016071501
TR-008220,TR-C05436,2024-01-01,0,2,clean_time_group_fixed,0.01573235398649992
TR-009670,TR-C04690,2024-01-01,0,2,clean_time_group_fixed,0.019210524486913426
TR-000182,TR-C00495,2024-01-02,0,2,clean_time_group_fixed,0.007628086847873915
TR-000222,TR-C03892,2024-01-02,0,2,clean_time_group_fixed,0.12640838378038532
TR-000975,TR-C02769,2024-01-02,0,2,clean_time_group_fixed,0.08817113040049339
TR-002840,TR-C00818,2024-01-02,0,2,clean_time_group_fixed,0.03408010895312995
TR-003217,TR-C02863,2024-01-02,0,2,clean_time_group_fixed,0.011334889521679211
TR-003340,TR-C05419,2024-01-02,0,2,clean_time_group_fixed,0.06120537396197247
TR-003907,TR-C01536,2024-01-02,0,2,clean_time_group_fixed,0.024292362194537162
TR-005785,TR-C02638,2024-01-02,0,2,clean_time_group_fixed,0.011932788950407456
TR-006811,TR-C05459,2024-01-02,0,2,clean_time_group_fixed,0.02783624923471898
TR-007174,TR-C00955,2024-01-02,0,2,clean_time_group_fixed,0.017590242181576926
TR-007735,TR-C02269,2024-01-02,0,2,clean_time_group_fixed,0.0339532906538491
TR-007800,TR-C00309,2024-01-02,0,2,clean_time_group_fixed,0.011782966712095066
TR-009337,TR-C04865,2024-01-02,0,2,clean_time_group_fixed,0.07596695682451772
TR-000867,TR-C00915,2024-01-03,1,2,clean_time_group_fixed,0.027243537897262672
TR-000912,TR-C00133,2024-01-03,0,2,clean_time_group_fixed,0.011011137542868353
TR-001956,TR-C00937,2024-01-03,0,2,clean_time_group_fixed,0.023158522750053843
TR-002118,TR-C02666,2024-01-03,0,2,clean_time_group_fixed,0.01110732342861213
TR-002167,TR-C02376,2024-01-03,0,2,clean_time_group_fixed,0.023813390934019154
TR-002430,TR-C00644,2024-01-03,0,2,clean_time_group_fixed,0.022207213107961594
TR-003243,TR-C04572,2024-01-03,0,2,clean_time_group_fixed,0.07441616632556285
TR-004838,TR-C03696,2024-01-03,0,2,clean_time_group_fixed,0.01826987420585454
TR-006358,TR-C03345,2024-01-03,0,2,clean_time_group_fixed,0.09024913666971783
TR-006598,TR-C03707,2024-01-03,0,2,clean_time_group_fixed,0.010507632278526415
TR-006718,TR-C03791,2024-01-03,0,2,clean_time_group_fixed,0.0377716726260102
TR-007813,TR-C06319,2024-01-03,0,2,clean_time_group_fixed,0.023372608077635
TR-000025,TR-C03478,2024-01-04,0,2,clean_time_group_fixed,0.009999584900422959
TR-000640,TR-C06470,2024-01-04,0,2,clean_time_group_fixed,0.013404846526248779
TR-001223,TR-C01968,2024-01-04,0,2,clean_time_group_fixed,0.11558421270054206
TR-001626,TR-C00351,2024-01-04,0,2,clean_time_group_fixed,0.02373993829253862
TR-002925,TR-C06238,2024-01-04,0,2,clean_time_group_fixed,0.01240407933780864
TR-003261,TR-C01974,2024-01-04,0,2,clean_time_group_fixed,0.019219609616160534
TR-003293,TR-C04076,2024-01-04,0,2,clean_time_group_fixed,0.06058559744937932
TR-004291,TR-C01216,2024-01-04,0,2,clean_time_group_fixed,0.015336516500701306
TR-006659,TR-C05654,2024-01-04,0,2,clean_time_group_fixed,0.11447365687216027
TR-007118,TR-C00555,2024-01-04,0,2,clean_time_group_fixed,0.016958756843513008
TR-007889,TR-C02104,2024-01-04,0,2,clean_time_group_fixed,0.027358336538453817
TR-000343,TR-C03547,2024-01-05,0,2,clean_time_group_fixed,0.15298303920178438
TR-007680,TR-C02782,2024-01-05,1,2,clean_time_group_fixed,0.7677820710581809
TR-008672,TR-C03860,2024-01-05,0,2,clean_time_group_fixed,0.013223110296246577
TR-009282,TR-C01048,2024-01-05,0,2,clean_time_group_fixed,0.03599568816156323
TR-002103,TR-C00024,2024-01-06,0,2,clean_time_group_fixed,0.014156239534432912
TR-003055,TR-C04553,2024-01-06,0,2,clean_time_group_fixed,0.07526252650037035
TR-003647,TR-C04563,2024-01-06,0,2,clean_time_group_fixed,0.017050440205021153
TR-005156,TR-C02832,2024-01-06,1,2,clean_time_group_fixed,0.10570073481773734
TR-006831,TR-C00893,2024-01-06,0,2,clean_time_group_fixed,0.011857922100547187
TR-008799,TR-C02602,2024-01-06,0,2,clean_time_group_fixed,0.04124464868137799
TR-001159,TR-C01895,2024-01-07,0,2,clean_time_group_fixed,0.02902752333115762
TR-001632,TR-C02218,2024-01-07,0,2,clean_time_group_fixed,0.03392234877182795
TR-004164,TR-C05389,2024-01-07,0,2,clean_time_group_fixed,0.006929486014293063
TR-004714,TR-C05492,2024-01-07,0,2,clean_time_group_fixed,0.060075613850385526
TR-005139,TR-C02672,2024-01-07,0,2,clean_time_group_fixed,0.030820803321139012
TR-006143,TR-C01266,2024-01-07,0,2,clean_time_group_fixed,0.022717254133659017
TR-007602,TR-C03051,2024-01-07,0,2,clean_time_group_fixed,0.07654575549684244
TR-009193,TR-C03396,2024-01-07,0,2,clean_time_group_fixed,0.009597091127744593
TR-009714,TR-C02820,2024-01-07,0,2,clean_time_group_fixed,0.07129839554942893
TR-000736,TR-C03139,2024-01-08,0,2,clean_time_group_fixed,0.019132337861858955
TR-002597,TR-C03042,2024-01-08,1,2,clean_time_group_fixed,0.44169406693923957
TR-004359,TR-C04824,2024-01-08,0,2,clean_time_group_fixed,0.02099716505905781
TR-009158,TR-C04915,2024-01-08,0,2,clean_time_group_fixed,0.011877602832569173
TR-000372,TR-C04190,2024-01-09,0,2,clean_time_group_fixed,0.0883357569996091
TR-004194,TR-C01931,2024-01-09,0,2,clean_time_group_fixed,0.1372928483321458
TR-004473,TR-C03927,2024-01-09,0,2,clean_time_group_fixed,0.0467644033354879
TR-006937,TR-C05172,2024-01-09,0,2,clean_time_group_fixed,0.054486730006021236
TR-007526,TR-C01351,2024-01-09,0,2,clean_time_group_fixed,0.1291399241244476
TR-007944,TR-C04919,2024-01-09,0,2,clean_time_group_fixed,0.01059897378273508
TR-009865,TR-C06020,2024-01-09,0,2,clean_time_group_fixed,0.32671394002069803
TR-000148,TR-C05252,2024-01-10,1,2,clean_time_group_fixed,0.288460911723793
TR-003266,TR-C03443,2024-01-10,0,2,clean_time_group_fixed,0.01926290370629162
TR-003482,TR-C01997,2024-01-10,0,2,clean_time_group_fixed,0.031133827392851112
TR-004131,TR-C00342,2024-01-10,0,2,clean_time_group_fixed,0.01039440950785773
TR-006581,TR-C00639,2024-01-10,0,2,clean_time_group_fixed,0.3368732995343202
TR-007212,TR-C00034,2024-01-10,0,2,clean_time_group_fixed,0.17195975357582777
TR-007422,TR-C02402,2024-01-10,0,2,clean_time_group_fixed,0.020267651147998243
TR-007772,TR-C02025,2024-01-10,0,2,clean_time_group_fixed,0.0076914576615811706
TR-008313,TR-C00232,2024-01-10,0,2,clean_time_group_fixed,0.24249758197679894
TR-008585,TR-C00658,2024-01-10,0,2,clean_time_group_fixed,0.011256738749728315
TR-009650,TR-C03938,2024-01-10,0,2,clean_time_group_fixed,0.02710890256902413
TR-001250,TR-C01414,2024-01-11,0,2,clean_time_group_fixed,0.3615065212940132
TR-002012,TR-C03038,2024-01-11,0,2,clean_time_group_fixed,0.27313900801645613
TR-003193,TR-C03431,2024-01-11,0,2,clean_time_group_fixed,0.028216518497160295
TR-003474,TR-C03808,2024-01-11,0,2,clean_time_group_fixed,0.10950680704717933
TR-004619,TR-C03399,2024-01-11,0,2,clean_time_group_fixed,0.2964907685047488
TR-005555,TR-C03919,2024-01-11,0,2,clean_time_group_fixed,0.03084575255562283
TR-005814,TR-C01669,2024-01-11,0,2,clean_time_group_fixed,0.009522860731387346
TR-005874,TR-C01200,2024-01-11,0,2,clean_time_group_fixed,0.03329171539980408
TR-006468,TR-C03657,2024-01-11,0,2,clean_time_group_fixed,0.01157992800046706
TR-007057,TR-C04323,2024-01-11,0,2,clean_time_group_fixed,0.02738718556923859
TR-008693,TR-C05697,2024-01-11,0,2,clean_time_group_fixed,0.05999257700174322
TR-000525,TR-C01406,2024-01-12,0,2,clean_time_group_fixed,0.06847686439897803
TR-001949,TR-C00326,2024-01-12,0,2,clean_time_group_fixed,0.16763717304126877
TR-004202,TR-C03049,2024-01-12,0,2,clean_time_group_fixed,0.01819546900751855
TR-005190,TR-C03042,2024-01-12,0,2,clean_time_group_fixed,0.042040185187163626
TR-009638,TR-C04503,2024-01-12,0,2,clean_time_group_fixed,0.04367651696009914
TR-009662,TR-C00697,2024-01-12,0,2,clean_time_group_fixed,0.011362616153993707
TR-000329,TR-C00575,2024-01-13,0,2,clean_time_group_fixed,0.121446400709413
TR-001658,TR-C00026,2024-01-13,0,2,clean_time_group_fixed,0.10546918246017735
TR-002579,TR-C04948,2024-01-13,1,2,clean_time_group_fixed,0.7356312534121585
TR-005166,TR-C00525,2024-01-13,0,2,clean_time_group_fixed,0.10088326539769066
TR-006308,TR-C03245,2024-01-13,0,2,clean_time_group_fixed,0.037487130786380975
TR-006471,TR-C05830,2024-01-13,0,2,clean_time_group_fixed,0.07621669889185748
TR-006771,TR-C05318,2024-01-13,0,2,clean_time_group_fixed,0.02114516855773162
TR-006790,TR-C03445,2024-01-13,0,2,clean_time_group_fixed,0.017990482114900803
TR-007354,TR-C04986,2024-01-13,0,2,clean_time_group_fixed,0.012904446423274256
TR-008958,TR-C02067,2024-01-13,0,2,clean_time_group_fixed,0.02364696880629443
TR-009678,TR-C00261,2024-01-13,0,2,clean_time_group_fixed,0.009123710222087232
TR-002198,TR-C00624,2024-01-14,0,2,clean_time_group_fixed,0.012547121296781236
TR-002724,TR-C06112,2024-01-14,0,2,clean_time_group_fixed,0.018018159691536664
TR-006444,TR-C02352,2024-01-14,0,2,clean_time_group_fixed,0.08735171084832821
TR-007108,TR-C01147,2024-01-14,0,2,clean_time_group_fixed,0.01059148892922098
TR-007326,TR-C04962,2024-01-14,0,2,clean_time_group_fixed,0.021906959362766144
TR-007656,TR-C04295,2024-01-14,0,2,clean_time_group_fixed,0.10298837674266619
TR-008009,TR-C01638,2024-01-14,0,2,clean_time_group_fixed,0.05781873086803667
TR-009424,TR-C04454,2024-01-14,0,2,clean_time_group_fixed,0.02276201826882351
TR-001432,TR-C03944,2024-01-15,0,2,clean_time_group_fixed,0.04067609851936258
TR-001727,TR-C00105,2024-01-15,0,2,clean_time_group_fixed,0.0949327851958436
TR-002201,TR-C05829,2024-01-15,0,2,clean_time_group_fixed,0.04004214691841813
TR-004647,TR-C01713,2024-01-15,0,2,clean_time_group_fixed,0.036650951221122344
TR-005184,TR-C00545,2024-01-15,0,2,clean_time_group_fixed,0.019079184019971177
TR-006048,TR-C05712,2024-01-15,0,2,clean_time_group_fixed,0.15742419560510487
TR-006998,TR-C01146,2024-01-15,0,2,clean_time_group_fixed,0.015622211628579038
TR-007937,TR-C04195,2024-01-15,1,2,clean_time_group_fixed,0.24464151954009794
TR-009493,TR-C02744,2024-01-15,0,2,clean_time_group_fixed,0.030511468030054712
TR-009545,TR-C06267,2024-01-15,0,2,clean_time_group_fixed,0.008473482870542007
TR-003831,TR-C06347,2024-01-16,0,2,clean_time_group_fixed,0.033346990033186676
TR-003996,TR-C01326,2024-01-16,0,2,clean_time_group_fixed,0.012655700989244822
TR-004965,TR-C01595,2024-01-16,0,2,clean_time_group_fixed,0.04584905694107379
TR-006249,TR-C03598,2024-01-16,0,2,clean_time_group_fixed,0.26896652158503404
TR-007963,TR-C00916,2024-01-16,0,2,clean_time_group_fixed,0.32522264802099027
TR-009100,TR-C02641,2024-01-16,0,2,clean_time_group_fixed,0.02081146842615863
TR-009977,TR-C04293,2024-01-16,0,2,clean_time_group_fixed,0.022809007496665416
TR-001387,TR-C01581,2024-01-17,0,2,clean_time_group_fixed,0.03566995621816995
TR-003128,TR-C06385,2024-01-17,0,2,clean_time_group_fixed,0.014043202323265827
TR-004379,TR-C02808,2024-01-17,0,2,clean_time_group_fixed,0.020769551087075094
TR-005848,TR-C05519,2024-01-17,0,2,clean_time_group_fixed,0.012775505439881265
TR-007188,TR-C06035,2024-01-17,0,2,clean_time_group_fixed,0.03957006756189183
TR-008075,TR-C03886,2024-01-17,0,2,clean_time_group_fixed,0.1008313532493284
TR-002275,TR-C05836,2024-01-18,0,2,clean_time_group_fixed,0.5363303977507217
TR-004695,TR-C01279,2024-01-18,0,2,clean_time_group_fixed,0.03377271909011806
TR-004722,TR-C02055,2024-01-18,0,2,clean_time_group_fixed,0.05639659080500222
TR-005786,TR-C05814,2024-01-18,0,2,clean_time_group_fixed,0.01973086327076118
TR-005965,TR-C00949,2024-01-18,0,2,clean_time_group_fixed,0.041245337781355855
TR-006709,TR-C03466,2024-01-18,0,2,clean_time_group_fixed,0.02032027255964831
TR-007309,TR-C01456,2024-01-18,0,2,clean_time_group_fixed,0.022784474806789936
TR-007646,TR-C02522,2024-01-18,0,2,clean_time_group_fixed,0.0780773925121342
TR-008279,TR-C02914,2024-01-18,0,2,clean_time_group_fixed,0.028074482128210704
TR-008432,TR-C01010,2024-01-18,0,2,clean_time_group_fixed,0.025491720129267575
TR-008876,TR-C00546,2024-01-18,1,2,clean_time_group_fixed,0.16240131979426276
TR-000224,TR-C04309,2024-01-19,1,2,clean_time_group_fixed,0.1051723355282776
TR-000706,TR-C01666,2024-01-19,0,2,clean_time_group_fixed,0.017920081405560537
TR-003421,TR-C04244,2024-01-19,0,2,clean_time_group_fixed,0.20192158770774019
TR-003451,TR-C00773,2024-01-19,0,2,clean_time_group_fixed,0.022024228146696172
TR-003666,TR-C02721,2024-01-19,0,2,clean_time_group_fixed,0.019613987501597832
TR-005617,TR-C04941,2024-01-19,0,2,clean_time_group_fixed,0.1280545890430046
TR-005783,TR-C05742,2024-01-19,0,2,clean_time_group_fixed,0.032094913674187465
TR-006021,TR-C01399,2024-01-19,0,2,clean_time_group_fixed,0.04073062537255144
TR-007165,TR-C06020,2024-01-19,0,2,clean_time_group_fixed,0.03507661704705187
TR-009445,TR-C04890,2024-01-19,0,2,clean_time_group_fixed,0.03697006104954411
TR-009718,TR-C00990,2024-01-19,0,2,clean_time_group_fixed,0.08692410155525895
TR-001527,TR-C02231,2024-01-20,0,2,clean_time_group_fixed,0.027829827695139822
TR-005243,TR-C04946,2024-01-20,0,2,clean_time_group_fixed,0.04192579524743695
TR-006431,TR-C02505,2024-01-20,0,2,clean_time_group_fixed,0.02022105442227605
TR-007996,TR-C05357,2024-01-20,0,2,clean_time_group_fixed,0.032642829702801905
TR-008109,TR-C04802,2024-01-20,0,2,clean_time_group_fixed,0.01308201009686755
TR-000316,TR-C00271,2024-01-21,0,2,clean_time_group_fixed,0.09343531997930964
TR-000385,TR-C02828,2024-01-21,0,2,clean_time_group_fixed,0.15316131011140813
TR-001373,TR-C03999,2024-01-21,0,2,clean_time_group_fixed,0.009597208764664704
TR-001410,TR-C05755,2024-01-21,0,2,clean_time_group_fixed,0.008638800228033964
TR-002544,TR-C02480,2024-01-21,0,2,clean_time_group_fixed,0.4129814304706601
TR-004068,TR-C05267,2024-01-21,0,2,clean_time_group_fixed,0.03928831116389219
TR-004845,TR-C02659,2024-01-21,0,2,clean_time_group_fixed,0.028438512869043007
TR-005663,TR-C03723,2024-01-21,0,2,clean_time_group_fixed,0.032123835694116705
TR-006701,TR-C05049,2024-01-21,0,2,clean_time_group_fixed,0.018732328301703335
TR-007835,TR-C04801,2024-01-21,0,2,clean_time_group_fixed,0.039444823587474566
TR-009099,TR-C02584,2024-01-21,1,2,clean_time_group_fixed,0.11949541021833027
TR-009550,TR-C01730,2024-01-21,0,2,clean_time_group_fixed,0.02981636993849202
TR-009838,TR-C03297,2024-01-21,0,2,clean_time_group_fixed,0.027125743168108635
TR-001063,TR-C03625,2024-01-22,0,2,clean_time_group_fixed,0.033080165252874036
TR-002243,TR-C02514,2024-01-22,0,2,clean_time_group_fixed,0.15597692152727008
TR-002351,TR-C06229,2024-01-22,0,2,clean_time_group_fixed,0.09605222462593463
TR-003119,TR-C02528,2024-01-22,0,2,clean_time_group_fixed,0.02099758515665662
TR-005948,TR-C03360,2024-01-22,1,2,clean_time_group_fixed,0.5461299169739061
TR-005975,TR-C01273,2024-01-22,0,2,clean_time_group_fixed,0.021147942229376607
TR-007430,TR-C01520,2024-01-22,0,2,clean_time_group_fixed,0.04478584630485273
TR-008489,TR-C01059,2024-01-22,1,2,clean_time_group_fixed,0.2921027507241644
TR-009349,TR-C02457,2024-01-22,0,2,clean_time_group_fixed,0.03540882199919355
TR-009817,TR-C03004,2024-01-22,0,2,clean_time_group_fixed,0.04706126551621914
TR-001008,TR-C01292,2024-01-23,0,2,clean_time_group_fixed,0.039477221691018374
TR-003632,TR-C02156,2024-01-23,0,2,clean_time_group_fixed,0.01635169607644535
TR-005735,TR-C05287,2024-01-23,0,2,clean_time_group_fixed,0.11370600523432231
TR-006519,TR-C03183,2024-01-23,0,2,clean_time_group_fixed,0.0766315644519798
TR-009520,TR-C00042,2024-01-23,0,2,clean_time_group_fixed,0.13088326897988745
TR-002246,TR-C03143,2024-01-24,0,2,clean_time_group_fixed,0.010230731995410552
TR-002377,TR-C01735,2024-01-24,0,2,clean_time_group_fixed,0.02761692734087654
TR-003673,TR-C04467,2024-01-24,0,2,clean_time_group_fixed,0.48455670119147126
TR-004583,TR-C06317,2024-01-24,0,2,clean_time_group_fixed,0.03896413769152299
TR-005666,TR-C04574,2024-01-24,0,2,clean_time_group_fixed,0.2399910019924779
TR-005808,TR-C02955,2024-01-24,0,2,clean_time_group_fixed,0.04384505692418628
TR-006060,TR-C04561,2024-01-24,0,2,clean_time_group_fixed,0.14247303570642425
TR-007784,TR-C03814,2024-01-24,0,2,clean_time_group_fixed,0.016024015775164047
TR-009586,TR-C04616,2024-01-24,0,2,clean_time_group_fixed,0.15439623724100096
TR-009801,TR-C01320,2024-01-24,0,2,clean_time_group_fixed,0.14083231264993937
TR-009835,TR-C01471,2024-01-24,1,2,clean_time_group_fixed,0.09960594438143677
TR-009837,TR-C03929,2024-01-24,0,2,clean_time_group_fixed,0.032864582515584044
TR-000722,TR-C03907,2024-01-25,0,2,clean_time_group_fixed,0.4407237824173971
TR-000893,TR-C03140,2024-01-25,1,2,clean_time_group_fixed,0.352933430592944
TR-001726,TR-C02623,2024-01-25,0,2,clean_time_group_fixed,0.04380219365604597
TR-002189,TR-C05565,2024-01-25,0,2,clean_time_group_fixed,0.209241638496041
TR-002396,TR-C05907,2024-01-25,0,2,clean_time_group_fixed,0.2036263528302263
TR-002497,TR-C01483,2024-01-25,0,2,clean_time_group_fixed,0.029628249041871134
TR-000498,TR-C00845,2024-01-26,1,2,clean_time_group_fixed,0.2214507792429811
TR-000915,TR-C02964,2024-01-26,0,2,clean_time_group_fixed,0.016673189754043728
TR-001649,TR-C01172,2024-01-26,0,2,clean_time_group_fixed,0.05166881260699257
TR-003641,TR-C06138,2024-01-26,0,2,clean_time_group_fixed,0.02266353666424797
TR-006924,TR-C00247,2024-01-26,0,2,clean_time_group_fixed,0.03085252820585228
TR-007080,TR-C06002,2024-01-26,0,2,clean_time_group_fixed,0.019197415871562998
TR-007773,TR-C02390,2024-01-26,0,2,clean_time_group_fixed,0.023032875672260276
TR-007979,TR-C03736,2024-01-26,0,2,clean_time_group_fixed,0.01564886790121434
TR-008699,TR-C02323,2024-01-26,0,2,clean_time_group_fixed,0.12946116663877782
TR-009762,TR-C03401,2024-01-26,0,2,clean_time_group_fixed,0.019618690596808732
TR-000494,TR-C02915,2024-01-27,0,2,clean_time_group_fixed,0.03015610046932021
TR-002599,TR-C01796,2024-01-27,0,2,clean_time_group_fixed,0.03465725735930892
TR-003099,TR-C02248,2024-01-27,0,2,clean_time_group_fixed,0.013569250319832825
TR-004726,TR-C00661,2024-01-27,0,2,clean_time_group_fixed,0.01833298683755861
TR-005343,TR-C01709,2024-01-27,0,2,clean_time_group_fixed,0.04567640887283642
TR-005658,TR-C02534,2024-01-27,0,2,clean_time_group_fixed,0.011352939515101195
TR-007720,TR-C05822,2024-01-27,0,2,clean_time_group_fixed,0.08216536397480789
TR-008785,TR-C06030,2024-01-27,0,2,clean_time_group_fixed,0.08091606144305057
TR-009876,TR-C00918,2024-01-27,0,2,clean_time_group_fixed,0.03548885086698871
TR-002052,TR-C05672,2024-01-28,0,2,clean_time_group_fixed,0.6371912481493017
TR-002823,TR-C01629,2024-01-28,0,2,clean_time_group_fixed,0.10120167753568403
TR-002844,TR-C03979,2024-01-28,0,2,clean_time_group_fixed,0.0647343564182415
TR-003270,TR-C04967,2024-01-28,0,2,clean_time_group_fixed,0.02069369007147429
TR-004247,TR-C00574,2024-01-28,1,2,clean_time_group_fixed,0.10886367667067293
TR-004361,TR-C04905,2024-01-28,0,2,clean_time_group_fixed,0.013006197679908562
TR-004652,TR-C06251,2024-01-28,0,2,clean_time_group_fixed,0.01570152190537894
TR-005733,TR-C06092,2024-01-28,0,2,clean_time_group_fixed,0.06753968247225152
TR-005993,TR-C05415,2024-01-28,1,2,clean_time_group_fixed,0.455928047422782
TR-007693,TR-C04878,2024-01-28,0,2,clean_time_group_fixed,0.026282599429451367
TR-008304,TR-C04301,2024-01-28,0,2,clean_time_group_fixed,0.027517379308419125
TR-009654,TR-C04505,2024-01-28,0,2,clean_time_group_fixed,0.03612598221207028
TR-000405,TR-C00641,2024-01-29,0,2,clean_time_group_fixed,0.04076300590916624
TR-000622,TR-C00538,2024-01-29,0,2,clean_time_group_fixed,0.03024871645956761
TR-000693,TR-C04173,2024-01-29,0,2,clean_time_group_fixed,0.023034675280594826
TR-001504,TR-C00545,2024-01-29,0,2,clean_time_group_fixed,0.020828589254529104
TR-002222,TR-C01033,2024-01-29,0,2,clean_time_group_fixed,0.01721321374833033
TR-003839,TR-C04943,2024-01-29,0,2,clean_time_group_fixed,0.012905242848103949
TR-004339,TR-C03247,2024-01-29,0,2,clean_time_group_fixed,0.026447540836723248
TR-004923,TR-C05478,2024-01-29,0,2,clean_time_group_fixed,0.027550348781095756
TR-005966,TR-C02972,2024-01-29,0,2,clean_time_group_fixed,0.037013309933303526
TR-008659,TR-C06467,2024-01-29,0,2,clean_time_group_fixed,0.06283612501864994
TR-009899,TR-C03983,2024-01-29,0,2,clean_time_group_fixed,0.050539461391382746
TR-004543,TR-C00143,2024-01-30,0,2,clean_time_group_fixed,0.023570989926604592
TR-005024,TR-C02498,2024-01-30,0,2,clean_time_group_fixed,0.02827167620478294
TR-005274,TR-C02451,2024-01-30,0,2,clean_time_group_fixed,0.007849871538652933
TR-006789,TR-C02023,2024-01-30,0,2,clean_time_group_fixed,0.022106501290513732
TR-007034,TR-C01749,2024-01-30,0,2,clean_time_group_fixed,0.17920365278078793
TR-007578,TR-C01029,2024-01-30,0,2,clean_time_group_fixed,0.1473816566358638
TR-007955,TR-C04453,2024-01-30,0,2,clean_time_group_fixed,0.1334572714644525
TR-008348,TR-C05802,2024-01-30,0,2,clean_time_group_fixed,0.029674150807812612
TR-008544,TR-C00788,2024-01-30,0,2,clean_time_group_fixed,0.02307603383079555
TR-009425,TR-C01872,2024-01-30,0,2,clean_time_group_fixed,0.01459500128200835
TR-009862,TR-C03291,2024-01-30,0,2,clean_time_group_fixed,0.010868623078337079
TR-000931,TR-C01028,2024-01-31,0,2,clean_time_group_fixed,0.012363499517435924
TR-001731,TR-C03052,2024-01-31,0,2,clean_time_group_fixed,0.04802623001099919
TR-003917,TR-C00273,2024-01-31,0,2,clean_time_group_fixed,0.017671816036618385
TR-003929,TR-C04203,2024-01-31,1,2,clean_time_group_fixed,0.07368900113329602
TR-004439,TR-C03411,2024-01-31,0,2,clean_time_group_fixed,0.021875171164410786
TR-004665,TR-C01204,2024-01-31,0,2,clean_time_group_fixed,0.009063051717273849
TR-005852,TR-C06439,2024-01-31,0,2,clean_time_group_fixed,0.01597301740208107
TR-006069,TR-C05815,2024-01-31,0,2,clean_time_group_fixed,0.08107632902724934
TR-007197,TR-C03763,2024-01-31,0,2,clean_time_group_fixed,0.14988425641699238
TR-007285,TR-C03558,2024-01-31,0,2,clean_time_group_fixed,0.06259081000297217
TR-000005,TR-C03679,2024-02-01,0,2,clean_time_group_fixed,0.03366480741891945
TR-003307,TR-C00494,2024-02-01,0,2,clean_time_group_fixed,0.02979252840782874
TR-003346,TR-C03897,2024-02-01,0,2,clean_time_group_fixed,0.07154009566024377
TR-004941,TR-C02479,2024-02-01,0,2,clean_time_group_fixed,0.1407724668960398
TR-009054,TR-C06418,2024-02-01,0,2,clean_time_group_fixed,0.008333542234794265
TR-009064,TR-C04938,2024-02-01,1,2,clean_time_group_fixed,0.044778921188124696
TR-009429,TR-C02080,2024-02-01,0,2,clean_time_group_fixed,0.008981567210335887
TR-004158,TR-C05749,2024-02-02,0,2,clean_time_group_fixed,0.06117968174098973
TR-005232,TR-C03782,2024-02-02,0,2,clean_time_group_fixed,0.7283723003526196
TR-006497,TR-C00016,2024-02-02,0,2,clean_time_group_fixed,0.012529511872548717
TR-006639,TR-C05136,2024-02-02,0,2,clean_time_group_fixed,0.009808577289318911
TR-006995,TR-C05978,2024-02-02,0,2,clean_time_group_fixed,0.1629369441100476
TR-000165,TR-C02900,2024-02-03,0,2,clean_time_group_fixed,0.07874303733906285
TR-000364,TR-C03742,2024-02-03,0,2,clean_time_group_fixed,0.15976246472077588
TR-002005,TR-C04674,2024-02-03,0,2,clean_time_group_fixed,0.03223602971413352
TR-002281,TR-C02349,2024-02-03,0,2,clean_time_group_fixed,0.009374515970510078
TR-003059,TR-C05172,2024-02-03,0,2,clean_time_group_fixed,0.01856907226375327
TR-004575,TR-C06081,2024-02-03,0,2,clean_time_group_fixed,0.016416635349456275
TR-005064,TR-C02109,2024-02-03,0,2,clean_time_group_fixed,0.0535721503006509
TR-006875,TR-C04894,2024-02-03,0,2,clean_time_group_fixed,0.05009556718351721
TR-008267,TR-C04844,2024-02-03,0,2,clean_time_group_fixed,0.029339739693226743
TR-009639,TR-C01000,2024-02-03,0,2,clean_time_group_fixed,0.07729793403936894
TR-000305,TR-C05988,2024-02-04,0,2,clean_time_group_fixed,0.031382977815488766
TR-003603,TR-C01502,2024-02-04,0,2,clean_time_group_fixed,0.06810055391280981
TR-005074,TR-C04491,2024-02-04,0,2,clean_time_group_fixed,0.03911468846682573
TR-006662,TR-C03031,2024-02-04,0,2,clean_time_group_fixed,0.13003916241155852
TR-006768,TR-C02885,2024-02-04,0,2,clean_time_group_fixed,0.009971253383140739
TR-006993,TR-C06430,2024-02-04,0,2,clean_time_group_fixed,0.04652989197789023
TR-007804,TR-C04870,2024-02-04,1,2,clean_time_group_fixed,0.02286030565616421
TR-008198,TR-C00262,2024-02-04,0,2,clean_time_group_fixed,0.01889932693007245
TR-008393,TR-C02754,2024-02-04,0,2,clean_time_group_fixed,0.0792307346182532
TR-008886,TR-C01877,2024-02-04,0,2,clean_time_group_fixed,0.10305467739179194
TR-009966,TR-C05344,2024-02-04,0,2,clean_time_group_fixed,0.039631151631039724
TR-002327,TR-C01207,2024-02-05,0,2,clean_time_group_fixed,0.05631783158412898
TR-003260,TR-C02875,2024-02-05,0,2,clean_time_group_fixed,0.03129214010731546
TR-004376,TR-C01250,2024-02-05,0,2,clean_time_group_fixed,0.05587791911163534
TR-004468,TR-C04079,2024-02-05,0,2,clean_time_group_fixed,0.019581529584265272
TR-005032,TR-C00069,2024-02-05,0,2,clean_time_group_fixed,0.16440942568908123
TR-005208,TR-C01258,2024-02-05,0,2,clean_time_group_fixed,0.03130866395478502
TR-006203,TR-C00644,2024-02-05,0,2,clean_time_group_fixed,0.017612730314122894
TR-006903,TR-C00253,2024-02-05,0,2,clean_time_group_fixed,0.08604777898081997
TR-007462,TR-C06481,2024-02-05,0,2,clean_time_group_fixed,0.012122191742869597
TR-008163,TR-C04079,2024-02-05,0,2,clean_time_group_fixed,0.01862667709518939
TR-000816,TR-C00413,2024-02-06,0,2,clean_time_group_fixed,0.0397979552395322
TR-003047,TR-C03835,2024-02-06,1,2,clean_time_group_fixed,0.041587936231088474
TR-004196,TR-C03220,2024-02-06,1,2,clean_time_group_fixed,0.022900027729465523
TR-005104,TR-C06060,2024-02-06,0,2,clean_time_group_fixed,0.02199951682736638
TR-005685,TR-C00901,2024-02-06,0,2,clean_time_group_fixed,0.015110975833182065
TR-005708,TR-C05982,2024-02-06,0,2,clean_time_group_fixed,0.012941920165286284
TR-006733,TR-C04214,2024-02-06,0,2,clean_time_group_fixed,0.10087826237854887
TR-007491,TR-C01764,2024-02-06,0,2,clean_time_group_fixed,0.017807081806326824
TR-008509,TR-C03970,2024-02-06,1,2,clean_time_group_fixed,0.02828312184719942
TR-008561,TR-C00249,2024-02-06,0,2,clean_time_group_fixed,0.02187080059276474
TR-008695,TR-C03925,2024-02-06,0,2,clean_time_group_fixed,0.3979299453220143
TR-009812,TR-C02268,2024-02-06,0,2,clean_time_group_fixed,0.01372435430653337
TR-001600,TR-C05138,2024-02-07,0,2,clean_time_group_fixed,0.02677371475254969
TR-005519,TR-C03588,2024-02-07,0,2,clean_time_group_fixed,0.011487261756865692
TR-005807,TR-C03069,2024-02-07,1,2,clean_time_group_fixed,0.4070527485327547
TR-006512,TR-C00898,2024-02-07,0,2,clean_time_group_fixed,0.017187521020175196
TR-008414,TR-C04235,2024-02-07,0,2,clean_time_group_fixed,0.04060693673700069
TR-009785,TR-C00331,2024-02-07,0,2,clean_time_group_fixed,0.10934228587398445
TR-009923,TR-C04682,2024-02-07,0,2,clean_time_group_fixed,0.023427148675118754
TR-000643,TR-C02664,2024-02-08,0,2,clean_time_group_fixed,0.17347091523088667
TR-000809,TR-C04221,2024-02-08,0,2,clean_time_group_fixed,0.020137430681738764
TR-000984,TR-C04818,2024-02-08,0,2,clean_time_group_fixed,0.08578514687184367
TR-001760,TR-C00571,2024-02-08,0,2,clean_time_group_fixed,0.030072510230190887
TR-002381,TR-C01418,2024-02-08,0,2,clean_time_group_fixed,0.022617438950810875
TR-002545,TR-C02779,2024-02-08,0,2,clean_time_group_fixed,0.29730691241587787
TR-003097,TR-C03198,2024-02-08,0,2,clean_time_group_fixed,0.05697531893566933
TR-005639,TR-C00370,2024-02-08,0,2,clean_time_group_fixed,0.08093032264608081
TR-006210,TR-C03406,2024-02-08,0,2,clean_time_group_fixed,0.022211960162157592
TR-007091,TR-C01201,2024-02-08,0,2,clean_time_group_fixed,0.012142011816945764
TR-008571,TR-C05379,2024-02-08,0,2,clean_time_group_fixed,0.045709111249515835
TR-009230,TR-C02818,2024-02-08,0,2,clean_time_group_fixed,0.018064467241086953
TR-009297,TR-C05896,2024-02-08,0,2,clean_time_group_fixed,0.06774804611871728
TR-000328,TR-C00849,2024-02-09,0,2,clean_time_group_fixed,0.008454244574287352
TR-001557,TR-C04220,2024-02-09,0,2,clean_time_group_fixed,0.010893158895027613
TR-002324,TR-C04215,2024-02-09,0,2,clean_time_group_fixed,0.022203740301702763
TR-003148,TR-C04716,2024-02-09,0,2,clean_time_group_fixed,0.0187815360679621
TR-005029,TR-C01175,2024-02-09,0,2,clean_time_group_fixed,0.07019950791981054
TR-008080,TR-C01613,2024-02-09,0,2,clean_time_group_fixed,0.023279456544919027
TR-008305,TR-C01062,2024-02-09,0,2,clean_time_group_fixed,0.04536736973555606
TR-006977,TR-C05750,2024-02-10,1,2,clean_time_group_fixed,0.5376444934843643
TR-007609,TR-C03257,2024-02-10,0,2,clean_time_group_fixed,0.04979721613776777
TR-007918,TR-C04805,2024-02-10,0,2,clean_time_group_fixed,0.049665414537854134
TR-007938,TR-C06079,2024-02-10,0,2,clean_time_group_fixed,0.051516619867461554
TR-008360,TR-C02724,2024-02-10,0,2,clean_time_group_fixed,0.04053030090852733
TR-001040,TR-C01701,2024-02-11,0,2,clean_time_group_fixed,0.009638033152142091
TR-001575,TR-C00012,2024-02-11,0,2,clean_time_group_fixed,0.010573438355116635
TR-001802,TR-C00486,2024-02-11,0,2,clean_time_group_fixed,0.02717637376397351
TR-001831,TR-C03706,2024-02-11,0,2,clean_time_group_fixed,0.012680541875787842
TR-001849,TR-C03440,2024-02-11,0,2,clean_time_group_fixed,0.14324084708698814
TR-002370,TR-C02199,2024-02-11,0,2,clean_time_group_fixed,0.06166504820783526
TR-006984,TR-C06494,2024-02-11,0,2,clean_time_group_fixed,0.038170038818459144
TR-007175,TR-C02318,2024-02-11,0,2,clean_time_group_fixed,0.040484057122358016
TR-007906,TR-C00932,2024-02-11,0,2,clean_time_group_fixed,0.013433377745005984
TR-009146,TR-C05534,2024-02-11,0,2,clean_time_group_fixed,0.02678311051409504
TR-000512,TR-C03662,2024-02-12,0,2,clean_time_group_fixed,0.018315761842524654
TR-002959,TR-C01949,2024-02-12,0,2,clean_time_group_fixed,0.021306648607929666
TR-003767,TR-C01867,2024-02-12,0,2,clean_time_group_fixed,0.15641967683633815
TR-004676,TR-C01901,2024-02-12,0,2,clean_time_group_fixed,0.033264416125456484
TR-009239,TR-C02260,2024-02-12,0,2,clean_time_group_fixed,0.044602555420166494
TR-009726,TR-C05808,2024-02-12,0,2,clean_time_group_fixed,0.0092918991339423
TR-002119,TR-C01303,2024-02-13,0,2,clean_time_group_fixed,0.03206796557993621
TR-004067,TR-C04774,2024-02-13,0,2,clean_time_group_fixed,0.031112111905310966
TR-005656,TR-C01732,2024-02-13,0,2,clean_time_group_fixed,0.009318317431247142
TR-009963,TR-C01599,2024-02-13,0,2,clean_time_group_fixed,0.09630365561011314
TR-000174,TR-C02649,2024-02-14,0,2,clean_time_group_fixed,0.020685375654937516
TR-003015,TR-C03143,2024-02-14,0,2,clean_time_group_fixed,0.012744568587449686
TR-005351,TR-C05287,2024-02-14,0,2,clean_time_group_fixed,0.021113564818932447
TR-006148,TR-C04519,2024-02-14,0,2,clean_time_group_fixed,0.029732991498293802
TR-006226,TR-C02416,2024-02-14,1,2,clean_time_group_fixed,0.10032608446524581
TR-006651,TR-C02990,2024-02-14,1,2,clean_time_group_fixed,0.04749181115531174
TR-006935,TR-C04801,2024-02-14,0,2,clean_time_group_fixed,0.029032454889712005
TR-007573,TR-C00938,2024-02-14,1,2,clean_time_group_fixed,0.04306272263086057
TR-000070,TR-C04745,2024-02-15,1,2,clean_time_group_fixed,0.5130155747246278
TR-002871,TR-C02112,2024-02-15,0,2,clean_time_group_fixed,0.019710856697634924
TR-006264,TR-C00674,2024-02-15,0,2,clean_time_group_fixed,0.07023368654607025
TR-006978,TR-C01253,2024-02-15,0,2,clean_time_group_fixed,0.023861648787156013
TR-001962,TR-C06461,2024-02-16,0,2,clean_time_group_fixed,0.05902854259729686
TR-002187,TR-C03736,2024-02-16,0,2,clean_time_group_fixed,0.0117189014561411
TR-002306,TR-C05735,2024-02-16,0,2,clean_time_group_fixed,0.0295877263017912
TR-003235,TR-C00092,2024-02-16,0,2,clean_time_group_fixed,0.01871378171447553
TR-003638,TR-C03021,2024-02-16,0,2,clean_time_group_fixed,0.06190693912230899
TR-004650,TR-C00941,2024-02-16,0,2,clean_time_group_fixed,0.019203162006895248
TR-004896,TR-C01292,2024-02-17,0,2,clean_time_group_fixed,0.22168347899734078
TR-005488,TR-C06484,2024-02-17,0,2,clean_time_group_fixed,0.08960421033626745
TR-005545,TR-C02661,2024-02-17,0,2,clean_time_group_fixed,0.01356689771220338
TR-005892,TR-C01972,2024-02-17,0,2,clean_time_group_fixed,0.06938463716648094
TR-006156,TR-C04332,2024-02-17,0,2,clean_time_group_fixed,0.023364391132760048
TR-006262,TR-C04392,2024-02-17,0,2,clean_time_group_fixed,0.031747796898351506
TR-008796,TR-C01417,2024-02-17,0,2,clean_time_group_fixed,0.026686009667899763
TR-008921,TR-C06423,2024-02-17,0,2,clean_time_group_fixed,0.07072377075623494
TR-009400,TR-C00417,2024-02-17,0,2,clean_time_group_fixed,0.22138241800588665
TR-000998,TR-C04099,2024-02-18,1,2,clean_time_group_fixed,0.06493680327826724
TR-001440,TR-C01461,2024-02-18,0,2,clean_time_group_fixed,0.01725318138164523
TR-003430,TR-C02238,2024-02-18,0,2,clean_time_group_fixed,0.021887597338434338
TR-003827,TR-C00294,2024-02-18,0,2,clean_time_group_fixed,0.20644446576459255
TR-004049,TR-C06319,2024-02-18,0,2,clean_time_group_fixed,0.013647283099853106
TR-006611,TR-C04459,2024-02-18,0,2,clean_time_group_fixed,0.06088867726257876
TR-000825,TR-C06139,2024-02-19,0,2,clean_time_group_fixed,0.31259322295148523
TR-001974,TR-C01825,2024-02-19,0,2,clean_time_group_fixed,0.12452001469884356
TR-003259,TR-C04501,2024-02-19,0,2,clean_time_group_fixed,0.03420169074666205
TR-003798,TR-C03915,2024-02-19,0,2,clean_time_group_fixed,0.04940308434371297
TR-004653,TR-C04063,2024-02-19,0,2,clean_time_group_fixed,0.09964260216217355
TR-005542,TR-C03468,2024-02-19,0,2,clean_time_group_fixed,0.03472821144130515
TR-006563,TR-C03755,2024-02-19,0,2,clean_time_group_fixed,0.13725081352564944
TR-001284,TR-C03030,2024-02-20,0,2,clean_time_group_fixed,0.02319583207573022
TR-004784,TR-C01892,2024-02-20,0,2,clean_time_group_fixed,0.15687237696102727
TR-004810,TR-C05546,2024-02-20,0,2,clean_time_group_fixed,0.01678876328174712
TR-007848,TR-C01813,2024-02-20,0,2,clean_time_group_fixed,0.02345030067086823
TR-000238,TR-C00242,2024-02-21,0,2,clean_time_group_fixed,0.024014552143147214
TR-000479,TR-C04208,2024-02-21,1,2,clean_time_group_fixed,0.49540657554493706
TR-002385,TR-C02106,2024-02-21,0,2,clean_time_group_fixed,0.022179233992350854
TR-005285,TR-C06306,2024-02-21,0,2,clean_time_group_fixed,0.014939584909727946
TR-006494,TR-C06388,2024-02-21,0,2,clean_time_group_fixed,0.1026772308914651
TR-006557,TR-C01314,2024-02-21,0,2,clean_time_group_fixed,0.04471177823182829
TR-006859,TR-C04732,2024-02-21,0,2,clean_time_group_fixed,0.019077895502434328
TR-007549,TR-C00102,2024-02-21,0,2,clean_time_group_fixed,0.009499929341927742
TR-008132,TR-C02898,2024-02-21,1,2,clean_time_group_fixed,0.6891113162325826
TR-009076,TR-C01783,2024-02-21,0,2,clean_time_group_fixed,0.019448584346303532
TR-002089,TR-C02392,2024-02-22,0,2,clean_time_group_fixed,0.016368050197508123
TR-004819,TR-C01710,2024-02-22,0,2,clean_time_group_fixed,0.04741159414622461
TR-005252,TR-C05961,2024-02-22,0,2,clean_time_group_fixed,0.05123309668308164
TR-009715,TR-C02484,2024-02-22,0,2,clean_time_group_fixed,0.020189902667792897
TR-002115,TR-C04607,2024-02-23,0,2,clean_time_group_fixed,0.014256086490346983
TR-002315,TR-C02162,2024-02-23,0,2,clean_time_group_fixed,0.024186752712228397
TR-006018,TR-C01573,2024-02-23,0,2,clean_time_group_fixed,0.07074836460536799
TR-007715,TR-C05013,2024-02-23,0,2,clean_time_group_fixed,0.020617594824486704
TR-008019,TR-C04506,2024-02-23,0,2,clean_time_group_fixed,0.03573571288262217
TR-008938,TR-C00376,2024-02-23,0,2,clean_time_group_fixed,0.010789859930089966
TR-009287,TR-C01183,2024-02-23,0,2,clean_time_group_fixed,0.016075280098474466
TR-003891,TR-C03162,2024-02-24,0,2,clean_time_group_fixed,0.02736495820650878
TR-005292,TR-C00687,2024-02-24,0,2,clean_time_group_fixed,0.02216198866521809
TR-005621,TR-C04207,2024-02-24,0,2,clean_time_group_fixed,0.016286010944055927
TR-006391,TR-C01661,2024-02-24,1,2,clean_time_group_fixed,0.28530621491872593
TR-007232,TR-C06221,2024-02-24,0,2,clean_time_group_fixed,0.02015802538295703
TR-007333,TR-C03585,2024-02-24,1,2,clean_time_group_fixed,0.1960539239996891
TR-008302,TR-C00058,2024-02-24,0,2,clean_time_group_fixed,0.053003032020027104
TR-009417,TR-C01644,2024-02-24,0,2,clean_time_group_fixed,0.009524715138918914
TR-009600,TR-C00497,2024-02-24,0,2,clean_time_group_fixed,0.06997638248773115
TR-000311,TR-C05499,2024-02-25,0,2,clean_time_group_fixed,0.026651078680341167
TR-000949,TR-C06029,2024-02-25,0,2,clean_time_group_fixed,0.012692957202199671
TR-001542,TR-C01368,2024-02-25,0,2,clean_time_group_fixed,0.028190058856817145
TR-002574,TR-C01365,2024-02-25,0,2,clean_time_group_fixed,0.06409116214577738
TR-005337,TR-C02110,2024-02-25,0,2,clean_time_group_fixed,0.013697077624321994
TR-007961,TR-C05335,2024-02-25,0,2,clean_time_group_fixed,0.39495490777001335
TR-008180,TR-C05964,2024-02-25,0,2,clean_time_group_fixed,0.01607065721876164
TR-008771,TR-C04687,2024-02-25,1,2,clean_time_group_fixed,0.16740016548645847
TR-001005,TR-C00094,2024-02-26,0,2,clean_time_group_fixed,0.03479699108327633
TR-001312,TR-C01556,2024-02-26,0,2,clean_time_group_fixed,0.03505041086769612
TR-001363,TR-C01949,2024-02-26,0,2,clean_time_group_fixed,0.020998654480491732
TR-001532,TR-C02758,2024-02-26,0,2,clean_time_group_fixed,0.008503274081268037
TR-002293,TR-C04545,2024-02-26,1,2,clean_time_group_fixed,0.02806270264428194
TR-004208,TR-C02280,2024-02-26,0,2,clean_time_group_fixed,0.02124150418253817
TR-007065,TR-C03858,2024-02-26,0,2,clean_time_group_fixed,0.07849163512076188
TR-007738,TR-C01568,2024-02-26,0,2,clean_time_group_fixed,0.01160766934511911
TR-000414,TR-C03591,2024-02-27,0,2,clean_time_group_fixed,0.0245288142815661
TR-000605,TR-C06362,2024-02-27,0,2,clean_time_group_fixed,0.02784827347328751
TR-003034,TR-C06437,2024-02-27,0,2,clean_time_group_fixed,0.05843301992722925
TR-003416,TR-C03086,2024-02-27,0,2,clean_time_group_fixed,0.03875272442133959
TR-005019,TR-C05209,2024-02-27,1,2,clean_time_group_fixed,0.07355886298906633
TR-005392,TR-C04790,2024-02-27,0,2,clean_time_group_fixed,0.026181725848729413
TR-007513,TR-C04293,2024-02-27,0,2,clean_time_group_fixed,0.03438900277463167
TR-000134,TR-C04209,2024-02-28,0,2,clean_time_group_fixed,0.04699402409855852
TR-000959,TR-C01067,2024-02-28,0,2,clean_time_group_fixed,0.07939470262154813
TR-001010,TR-C00529,2024-02-28,0,2,clean_time_group_fixed,0.16125669844551946
TR-003830,TR-C01472,2024-02-28,0,2,clean_time_group_fixed,0.025003647137852532
TR-004681,TR-C00404,2024-02-28,0,2,clean_time_group_fixed,0.021754489661791315
TR-004866,TR-C00608,2024-02-28,0,2,clean_time_group_fixed,0.025845053999290737
TR-005711,TR-C02003,2024-02-28,0,2,clean_time_group_fixed,0.04504280572179697
TR-006474,TR-C03651,2024-02-28,0,2,clean_time_group_fixed,0.014122771632254442
TR-006552,TR-C03401,2024-02-28,0,2,clean_time_group_fixed,0.037711509521687836
TR-007008,TR-C04712,2024-02-28,1,2,clean_time_group_fixed,0.20310347256451788
TR-007803,TR-C02188,2024-02-28,0,2,clean_time_group_fixed,0.3246817404068494
TR-009122,TR-C04050,2024-02-28,0,2,clean_time_group_fixed,0.011241371972548058
TR-001087,TR-C00724,2024-02-29,0,2,clean_time_group_fixed,0.020026125316581204
TR-003392,TR-C03372,2024-02-29,1,2,clean_time_group_fixed,0.04699770633399923
TR-004563,TR-C01535,2024-02-29,0,2,clean_time_group_fixed,0.03036135800665513
TR-004664,TR-C01120,2024-02-29,0,2,clean_time_group_fixed,0.031144304294306493
TR-005501,TR-C02071,2024-02-29,0,2,clean_time_group_fixed,0.08188227268933893
TR-007565,TR-C05816,2024-02-29,0,2,clean_time_group_fixed,0.03920664122681149
TR-007815,TR-C05814,2024-02-29,0,2,clean_time_group_fixed,0.03868397221772928
TR-008378,TR-C03720,2024-02-29,0,2,clean_time_group_fixed,0.022600381147839837
TR-008478,TR-C00116,2024-02-29,0,2,clean_time_group_fixed,0.020475014336721283
TR-000966,TR-C00427,2024-03-01,0,2,clean_time_group_fixed,0.034035034970830616
TR-003734,TR-C01167,2024-03-01,0,2,clean_time_group_fixed,0.03999203089003136
TR-006106,TR-C06486,2024-03-01,0,2,clean_time_group_fixed,0.23587728632667976
TR-007291,TR-C01572,2024-03-01,0,2,clean_time_group_fixed,0.010105206788794339
TR-000317,TR-C04653,2024-03-02,0,2,clean_time_group_fixed,0.11844987870447414
TR-001546,TR-C01001,2024-03-02,1,2,clean_time_group_fixed,0.06762194841555463
TR-001655,TR-C01971,2024-03-02,1,2,clean_time_group_fixed,0.45168977633944324
TR-001922,TR-C03128,2024-03-02,0,2,clean_time_group_fixed,0.05864519368694999
TR-002748,TR-C03252,2024-03-02,0,2,clean_time_group_fixed,0.05442638371037454
TR-003201,TR-C03424,2024-03-02,0,2,clean_time_group_fixed,0.1477562208216307
TR-004071,TR-C00599,2024-03-02,1,2,clean_time_group_fixed,0.06925877251275625
TR-005128,TR-C00022,2024-03-02,0,2,clean_time_group_fixed,0.047609891498992786
TR-008248,TR-C05464,2024-03-02,1,2,clean_time_group_fixed,0.16422990479553015
TR-008712,TR-C05365,2024-03-02,0,2,clean_time_group_fixed,0.16460722193681904
TR-001613,TR-C00014,2024-03-03,0,2,clean_time_group_fixed,0.011192477337814343
TR-002360,TR-C00528,2024-03-03,0,2,clean_time_group_fixed,0.03016895527081668
TR-004112,TR-C05331,2024-03-03,0,2,clean_time_group_fixed,0.030558840232536286
TR-004537,TR-C01376,2024-03-03,0,2,clean_time_group_fixed,0.043159156341445876
TR-005812,TR-C03651,2024-03-03,0,2,clean_time_group_fixed,0.014277410535551214
TR-006785,TR-C04036,2024-03-03,0,2,clean_time_group_fixed,0.24665787409839066
TR-007958,TR-C04543,2024-03-03,0,2,clean_time_group_fixed,0.027040417263758703
TR-008873,TR-C02314,2024-03-03,0,2,clean_time_group_fixed,0.04923369551779489
TR-009489,TR-C01298,2024-03-03,0,2,clean_time_group_fixed,0.04399620666307531
TR-001073,TR-C01111,2024-03-04,0,2,clean_time_group_fixed,0.01605542125021142
TR-001382,TR-C01966,2024-03-04,0,2,clean_time_group_fixed,0.05968045103215586
TR-001577,TR-C01053,2024-03-04,0,2,clean_time_group_fixed,0.029309695846207358
TR-002738,TR-C02446,2024-03-04,0,2,clean_time_group_fixed,0.05672874764000853
TR-003006,TR-C02684,2024-03-04,0,2,clean_time_group_fixed,0.31865476241145685
TR-005549,TR-C01774,2024-03-04,1,2,clean_time_group_fixed,0.10617133899593495
TR-006280,TR-C06492,2024-03-04,0,2,clean_time_group_fixed,0.056845417047360944
TR-006294,TR-C04017,2024-03-04,0,2,clean_time_group_fixed,0.054105598222055074
TR-006966,TR-C00971,2024-03-04,0,2,clean_time_group_fixed,0.07276963242362468
TR-007529,TR-C02153,2024-03-04,0,2,clean_time_group_fixed,0.12477856892534654
TR-007614,TR-C05590,2024-03-04,0,2,clean_time_group_fixed,0.030131650974480614
TR-007878,TR-C05581,2024-03-04,0,2,clean_time_group_fixed,0.028561261915659913
TR-001217,TR-C05558,2024-03-05,0,2,clean_time_group_fixed,0.025631691275433785
TR-001703,TR-C05417,2024-03-05,0,2,clean_time_group_fixed,0.03320824651596129
TR-002402,TR-C01317,2024-03-05,0,2,clean_time_group_fixed,0.009724783482295921
TR-005101,TR-C00400,2024-03-05,1,2,clean_time_group_fixed,0.05239471666508282
TR-005318,TR-C02801,2024-03-05,1,2,clean_time_group_fixed,0.2553936543341704
TR-005594,TR-C04466,2024-03-05,1,2,clean_time_group_fixed,0.06865336714024108
TR-005937,TR-C06409,2024-03-05,0,2,clean_time_group_fixed,0.014638788711875773
TR-005957,TR-C05745,2024-03-05,0,2,clean_time_group_fixed,0.027482891701335204
TR-006530,TR-C03143,2024-03-05,0,2,clean_time_group_fixed,0.008405028238558477
TR-008171,TR-C05732,2024-03-05,0,2,clean_time_group_fixed,0.12367080475466898
TR-009008,TR-C02996,2024-03-05,0,2,clean_time_group_fixed,0.012098306107790354
TR-009126,TR-C03236,2024-03-05,0,2,clean_time_group_fixed,0.010275752266700324
TR-009201,TR-C00017,2024-03-05,0,2,clean_time_group_fixed,0.15407841674903167
TR-000567,TR-C02937,2024-03-06,0,2,clean_time_group_fixed,0.0465099100165125
TR-000592,TR-C02354,2024-03-06,0,2,clean_time_group_fixed,0.009567800137470849
TR-001729,TR-C05961,2024-03-06,0,2,clean_time_group_fixed,0.04225497179494347
TR-002611,TR-C02204,2024-03-06,0,2,clean_time_group_fixed,0.2982588115549433
TR-007042,TR-C02115,2024-03-06,1,2,clean_time_group_fixed,0.21692538760819896
TR-007193,TR-C05934,2024-03-06,0,2,clean_time_group_fixed,0.06067591493756182
TR-007380,TR-C01076,2024-03-06,0,2,clean_time_group_fixed,0.13433873134355784
TR-008344,TR-C04290,2024-03-06,1,2,clean_time_group_fixed,0.05993699961709397
TR-008351,TR-C04049,2024-03-06,0,2,clean_time_group_fixed,0.0291457086087171
TR-008970,TR-C03195,2024-03-06,0,2,clean_time_group_fixed,0.038388803528903774
TR-009888,TR-C04224,2024-03-06,0,2,clean_time_group_fixed,0.008978581918438932
TR-001723,TR-C03693,2024-03-07,0,2,clean_time_group_fixed,0.39037029267238404
TR-002546,TR-C02459,2024-03-07,0,2,clean_time_group_fixed,0.07792520951723754
TR-003328,TR-C02040,2024-03-07,0,2,clean_time_group_fixed,0.1491815700215332
TR-003731,TR-C00246,2024-03-07,0,2,clean_time_group_fixed,0.09531965711866079
TR-004335,TR-C04648,2024-03-07,0,2,clean_time_group_fixed,0.0975556996771668
TR-006420,TR-C02917,2024-03-07,0,2,clean_time_group_fixed,0.033191715053155296
TR-006438,TR-C03405,2024-03-07,0,2,clean_time_group_fixed,0.013253652206110555
TR-007399,TR-C04134,2024-03-07,0,2,clean_time_group_fixed,0.017758188149076752
TR-008953,TR-C01764,2024-03-07,0,2,clean_time_group_fixed,0.1537016718879151
TR-000429,TR-C03973,2024-03-08,0,2,clean_time_group_fixed,0.00958452631830661
TR-000499,TR-C05559,2024-03-08,0,2,clean_time_group_fixed,0.5741418835743801
TR-000873,TR-C02219,2024-03-08,0,2,clean_time_group_fixed,0.010900733805025662
TR-000887,TR-C02001,2024-03-08,0,2,clean_time_group_fixed,0.24707785657942008
TR-001366,TR-C04938,2024-03-08,0,2,clean_time_group_fixed,0.016289518901009777
TR-001441,TR-C05871,2024-03-08,0,2,clean_time_group_fixed,0.058490038124730324
TR-002197,TR-C05769,2024-03-08,0,2,clean_time_group_fixed,0.012350120402540613
TR-007972,TR-C04245,2024-03-08,0,2,clean_time_group_fixed,0.01591809901648417
TR-000753,TR-C03902,2024-03-09,0,2,clean_time_group_fixed,0.00942527858496914
TR-001020,TR-C00142,2024-03-09,0,2,clean_time_group_fixed,0.037645741157572445
TR-001385,TR-C00930,2024-03-09,0,2,clean_time_group_fixed,0.07508522682789152
TR-007608,TR-C00137,2024-03-09,0,2,clean_time_group_fixed,0.12552177115030627
TR-007998,TR-C05540,2024-03-09,0,2,clean_time_group_fixed,0.06610008831708494
TR-009345,TR-C05626,2024-03-09,0,2,clean_time_group_fixed,0.09932393417713117
TR-009350,TR-C04644,2024-03-09,0,2,clean_time_group_fixed,0.4814078810578792
TR-000526,TR-C05493,2024-03-10,0,2,clean_time_group_fixed,0.043451155311628326
TR-000971,TR-C00250,2024-03-10,0,2,clean_time_group_fixed,0.04588213267941819
TR-001933,TR-C05652,2024-03-10,0,2,clean_time_group_fixed,0.019022003460835917
TR-003398,TR-C03740,2024-03-10,0,2,clean_time_group_fixed,0.023227851340009896
TR-004702,TR-C06177,2024-03-10,0,2,clean_time_group_fixed,0.04713650831315356
TR-007464,TR-C01703,2024-03-10,0,2,clean_time_group_fixed,0.014016947295497026
TR-007893,TR-C04931,2024-03-10,0,2,clean_time_group_fixed,0.007834774283794829
TR-008387,TR-C00152,2024-03-10,1,2,clean_time_group_fixed,0.08059686988921064
TR-008948,TR-C03422,2024-03-10,0,2,clean_time_group_fixed,0.03817226686206305
TR-000704,TR-C02622,2024-03-11,0,2,clean_time_group_fixed,0.0193142432251959
TR-001292,TR-C04567,2024-03-11,0,2,clean_time_group_fixed,0.024245116936828764
TR-002137,TR-C00622,2024-03-11,0,2,clean_time_group_fixed,0.019412007330482643
TR-002900,TR-C01574,2024-03-11,0,2,clean_time_group_fixed,0.40298817831736816
TR-003060,TR-C06046,2024-03-11,0,2,clean_time_group_fixed,0.024107835402639784
TR-003095,TR-C06020,2024-03-11,1,2,clean_time_group_fixed,0.0757156341784775
TR-003835,TR-C05293,2024-03-11,0,2,clean_time_group_fixed,0.027461660639964316
TR-006919,TR-C04143,2024-03-11,0,2,clean_time_group_fixed,0.057093633794520635
TR-008214,TR-C01351,2024-03-11,0,2,clean_time_group_fixed,0.48896010022412495
TR-009477,TR-C03152,2024-03-11,0,2,clean_time_group_fixed,0.020486364778880304
TR-000598,TR-C02322,2024-03-12,1,2,clean_time_group_fixed,0.03296423118473243
TR-002498,TR-C00234,2024-03-12,0,2,clean_time_group_fixed,0.015769584254515728
TR-004192,TR-C02268,2024-03-12,0,2,clean_time_group_fixed,0.06613935232294406
TR-004251,TR-C02359,2024-03-12,0,2,clean_time_group_fixed,0.025226358707416355
TR-004817,TR-C05376,2024-03-12,0,2,clean_time_group_fixed,0.03099419986919672
TR-006798,TR-C00938,2024-03-12,0,2,clean_time_group_fixed,0.018362043585872092
TR-008656,TR-C02139,2024-03-12,0,2,clean_time_group_fixed,0.025272977655345415
TR-009111,TR-C00665,2024-03-12,0,2,clean_time_group_fixed,0.1735741164319041
TR-009734,TR-C06443,2024-03-12,0,2,clean_time_group_fixed,0.0760155165590149
TR-001907,TR-C00670,2024-03-13,0,2,clean_time_group_fixed,0.017535171466849783
TR-001969,TR-C02827,2024-03-13,1,2,clean_time_group_fixed,0.28305857828720654
TR-002683,TR-C04045,2024-03-13,0,2,clean_time_group_fixed,0.007839411013011456
TR-003007,TR-C06175,2024-03-13,0,2,clean_time_group_fixed,0.023911698114437684
TR-004053,TR-C00277,2024-03-13,0,2,clean_time_group_fixed,0.01781517295159641
TR-004615,TR-C01493,2024-03-13,0,2,clean_time_group_fixed,0.061582241421087175
TR-004779,TR-C03163,2024-03-13,0,2,clean_time_group_fixed,0.09457210118413571
TR-006130,TR-C05378,2024-03-13,0,2,clean_time_group_fixed,0.024200902485879677
TR-006202,TR-C06273,2024-03-13,0,2,clean_time_group_fixed,0.03748445964953417
TR-006370,TR-C00867,2024-03-13,0,2,clean_time_group_fixed,0.014972080310303042
TR-009481,TR-C05615,2024-03-13,0,2,clean_time_group_fixed,0.06995971994065196
TR-002242,TR-C00935,2024-03-14,0,2,clean_time_group_fixed,0.011128491544751786
TR-002328,TR-C02936,2024-03-14,0,2,clean_time_group_fixed,0.3071088280677732
TR-004224,TR-C04744,2024-03-14,0,2,clean_time_group_fixed,0.0728390571961033
TR-004668,TR-C01902,2024-03-14,1,2,clean_time_group_fixed,0.0802377084095214
TR-006784,TR-C02311,2024-03-14,0,2,clean_time_group_fixed,0.047320622419149944
TR-008193,TR-C05479,2024-03-14,1,2,clean_time_group_fixed,0.044454560631093404
TR-009090,TR-C05989,2024-03-14,0,2,clean_time_group_fixed,0.0086434205378572
TR-000799,TR-C03292,2024-03-15,0,2,clean_time_group_fixed,0.13438679786336408
TR-002272,TR-C03079,2024-03-15,0,2,clean_time_group_fixed,0.5686375423111334
TR-003570,TR-C03172,2024-03-15,0,2,clean_time_group_fixed,0.08155582712376
TR-004493,TR-C02747,2024-03-15,0,2,clean_time_group_fixed,0.07643706557833521
TR-006507,TR-C03652,2024-03-15,0,2,clean_time_group_fixed,0.039454919989323683
TR-006863,TR-C01100,2024-03-15,0,2,clean_time_group_fixed,0.010045849558581817
TR-007664,TR-C00419,2024-03-15,1,2,clean_time_group_fixed,0.04900593685301643
TR-009182,TR-C01434,2024-03-15,0,2,clean_time_group_fixed,0.02907398673146007
TR-000418,TR-C00524,2024-03-16,0,2,clean_time_group_fixed,0.01197260157354658
TR-001393,TR-C03329,2024-03-16,0,2,clean_time_group_fixed,0.03562549165009659
TR-003492,TR-C00373,2024-03-16,1,2,clean_time_group_fixed,0.09307255683442604
TR-003967,TR-C05215,2024-03-16,0,2,clean_time_group_fixed,0.033877884815574515
TR-004957,TR-C06159,2024-03-16,0,2,clean_time_group_fixed,0.026928965986919715
TR-005531,TR-C05049,2024-03-16,0,2,clean_time_group_fixed,0.06400933425114583
TR-005939,TR-C00560,2024-03-16,0,2,clean_time_group_fixed,0.10098828529954403
TR-006690,TR-C01779,2024-03-16,0,2,clean_time_group_fixed,0.05110869600214582
TR-007582,TR-C05427,2024-03-16,0,2,clean_time_group_fixed,0.0309843808756317
TR-008888,TR-C06459,2024-03-16,0,2,clean_time_group_fixed,0.030958431173262514
TR-001222,TR-C06269,2024-03-17,0,2,clean_time_group_fixed,0.09273756016512508
TR-003276,TR-C02357,2024-03-17,1,2,clean_time_group_fixed,0.0686723803081856
TR-004085,TR-C02563,2024-03-17,0,2,clean_time_group_fixed,0.20764942188774888
TR-004553,TR-C03077,2024-03-17,0,2,clean_time_group_fixed,0.5245756790333634
TR-008296,TR-C03356,2024-03-17,0,2,clean_time_group_fixed,0.09531928873353471
TR-008628,TR-C05648,2024-03-17,0,2,clean_time_group_fixed,0.020446078326654394
TR-009686,TR-C02307,2024-03-17,0,2,clean_time_group_fixed,0.012128438966187488
TR-000426,TR-C03493,2024-03-18,0,2,clean_time_group_fixed,0.025386421456871366
TR-000888,TR-C01748,2024-03-18,0,2,clean_time_group_fixed,0.01341834148358611
TR-001326,TR-C03521,2024-03-18,0,2,clean_time_group_fixed,0.014050827792450425
TR-001679,TR-C04759,2024-03-18,0,2,clean_time_group_fixed,0.11346976535219111
TR-002659,TR-C00688,2024-03-18,0,2,clean_time_group_fixed,0.015422920760409815
TR-004561,TR-C00681,2024-03-18,0,2,clean_time_group_fixed,0.016545529231742667
TR-004704,TR-C05267,2024-03-18,0,2,clean_time_group_fixed,0.014379121768232707
TR-005570,TR-C01550,2024-03-18,0,2,clean_time_group_fixed,0.012612388508884598
TR-007563,TR-C02845,2024-03-18,0,2,clean_time_group_fixed,0.04190810884175487
TR-007671,TR-C04987,2024-03-18,0,2,clean_time_group_fixed,0.016482038154994345
TR-008143,TR-C05901,2024-03-18,1,2,clean_time_group_fixed,0.04590472199201194
TR-000243,TR-C03740,2024-03-19,0,2,clean_time_group_fixed,0.022000232061057726
TR-000903,TR-C06171,2024-03-19,0,2,clean_time_group_fixed,0.08392611440677678
TR-000930,TR-C04600,2024-03-19,0,2,clean_time_group_fixed,0.014107461210146627
TR-001149,TR-C01281,2024-03-19,0,2,clean_time_group_fixed,0.30525780162614097
TR-003311,TR-C04149,2024-03-19,1,2,clean_time_group_fixed,0.2691428168331625
TR-003411,TR-C00722,2024-03-19,0,2,clean_time_group_fixed,0.015620173169524132
TR-005364,TR-C03928,2024-03-19,0,2,clean_time_group_fixed,0.42753844445989725
TR-000296,TR-C06445,2024-03-20,0,2,clean_time_group_fixed,0.025732373962821787
TR-000449,TR-C00536,2024-03-20,0,2,clean_time_group_fixed,0.047742282266555754
TR-002625,TR-C06410,2024-03-20,0,2,clean_time_group_fixed,0.06508979297377603
TR-005031,TR-C05094,2024-03-20,1,2,clean_time_group_fixed,0.02952863701734056
TR-005170,TR-C06104,2024-03-20,0,2,clean_time_group_fixed,0.1800790116940409
TR-000985,TR-C06454,2024-03-21,0,2,clean_time_group_fixed,0.013503580030685684
TR-002006,TR-C01815,2024-03-21,0,2,clean_time_group_fixed,0.06172484157297134
TR-003078,TR-C04462,2024-03-21,0,2,clean_time_group_fixed,0.03466888220268707
TR-003949,TR-C03182,2024-03-21,0,2,clean_time_group_fixed,0.010743751832741684
TR-006153,TR-C02629,2024-03-21,0,2,clean_time_group_fixed,0.27229891360825736
TR-008515,TR-C03943,2024-03-21,0,2,clean_time_group_fixed,0.009791232664673093
TR-009087,TR-C06089,2024-03-21,0,2,clean_time_group_fixed,0.01398605645047836
TR-000534,TR-C03960,2024-03-22,0,2,clean_time_group_fixed,0.011379333876732865
TR-002392,TR-C02090,2024-03-22,0,2,clean_time_group_fixed,0.08985945974242945
TR-003013,TR-C05487,2024-03-22,0,2,clean_time_group_fixed,0.10533617160964194
TR-004320,TR-C00004,2024-03-22,0,2,clean_time_group_fixed,0.7148402332941415
TR-005054,TR-C04906,2024-03-22,0,2,clean_time_group_fixed,0.013881942893942614
TR-005701,TR-C02876,2024-03-22,1,2,clean_time_group_fixed,0.03361081009593077
TR-005955,TR-C05366,2024-03-22,0,2,clean_time_group_fixed,0.049865133751520074
TR-006220,TR-C02337,2024-03-22,0,2,clean_time_group_fixed,0.05251184907810272
TR-006802,TR-C02247,2024-03-22,0,2,clean_time_group_fixed,0.03552212329413774
TR-007296,TR-C05069,2024-03-22,0,2,clean_time_group_fixed,0.02031574700682729
TR-007610,TR-C04894,2024-03-22,0,2,clean_time_group_fixed,0.007192438371756021
TR-009382,TR-C04804,2024-03-22,1,2,clean_time_group_fixed,0.22041220935790362
TR-009576,TR-C02313,2024-03-22,0,2,clean_time_group_fixed,0.019808314828160013
TR-001174,TR-C06167,2024-03-23,0,2,clean_time_group_fixed,0.018296294772228747
TR-001321,TR-C04917,2024-03-23,0,2,clean_time_group_fixed,0.01931453800706836
TR-001736,TR-C02182,2024-03-23,0,2,clean_time_group_fixed,0.06814023850469005
TR-002074,TR-C01730,2024-03-23,0,2,clean_time_group_fixed,0.03984460983963925
TR-002425,TR-C02857,2024-03-23,1,2,clean_time_group_fixed,0.2270642652653267
TR-002686,TR-C02679,2024-03-23,1,2,clean_time_group_fixed,0.1746345466924962
TR-002765,TR-C00991,2024-03-23,0,2,clean_time_group_fixed,0.03657910543563484
TR-004969,TR-C04307,2024-03-23,0,2,clean_time_group_fixed,0.063825057739398
TR-005110,TR-C02919,2024-03-23,0,2,clean_time_group_fixed,0.020177012699415308
TR-005151,TR-C04370,2024-03-23,1,2,clean_time_group_fixed,0.037120393160797904
TR-005421,TR-C01652,2024-03-23,0,2,clean_time_group_fixed,0.019120462739985522
TR-005517,TR-C02054,2024-03-23,0,2,clean_time_group_fixed,0.06953315676949644
TR-005994,TR-C03373,2024-03-23,0,2,clean_time_group_fixed,0.023566490823374604
TR-006589,TR-C03631,2024-03-23,0,2,clean_time_group_fixed,0.2076700873635337
TR-007100,TR-C05021,2024-03-23,0,2,clean_time_group_fixed,0.018364633957519232
TR-007350,TR-C01739,2024-03-23,0,2,clean_time_group_fixed,0.013825066511379165
TR-008250,TR-C00569,2024-03-23,0,2,clean_time_group_fixed,0.08730836767435904
TR-008704,TR-C02009,2024-03-23,0,2,clean_time_group_fixed,0.013955119021190808
TR-000647,TR-C03464,2024-03-24,0,2,clean_time_group_fixed,0.029888446760164236
TR-003472,TR-C05576,2024-03-24,0,2,clean_time_group_fixed,0.009948747349366122
TR-004315,TR-C02366,2024-03-24,0,2,clean_time_group_fixed,0.0167542074559809
TR-006764,TR-C01124,2024-03-24,0,2,clean_time_group_fixed,0.03628100093655418
TR-008436,TR-C06357,2024-03-24,0,2,clean_time_group_fixed,0.04165132420921195
TR-008500,TR-C02969,2024-03-24,0,2,clean_time_group_fixed,0.0222622320502399
TR-001684,TR-C05893,2024-03-25,1,2,clean_time_group_fixed,0.12178065035212816
TR-001792,TR-C05918,2024-03-25,0,2,clean_time_group_fixed,0.01909278517055753
TR-002705,TR-C02480,2024-03-25,0,2,clean_time_group_fixed,0.0697134162673624
TR-003112,TR-C05695,2024-03-25,0,2,clean_time_group_fixed,0.0852300225287687
TR-003144,TR-C03561,2024-03-25,0,2,clean_time_group_fixed,0.04364625447506591
TR-003711,TR-C00184,2024-03-25,0,2,clean_time_group_fixed,0.008367533672406386
TR-003758,TR-C01455,2024-03-25,0,2,clean_time_group_fixed,0.08822953816039728
TR-003778,TR-C01638,2024-03-25,0,2,clean_time_group_fixed,0.011085723204899292
TR-005724,TR-C00629,2024-03-25,0,2,clean_time_group_fixed,0.02949613850338851
TR-006028,TR-C01342,2024-03-25,0,2,clean_time_group_fixed,0.03056546618708925
TR-006184,TR-C03835,2024-03-25,0,2,clean_time_group_fixed,0.02485182506184073
TR-007618,TR-C00380,2024-03-25,0,2,clean_time_group_fixed,0.08531519671293662
TR-007822,TR-C04310,2024-03-25,0,2,clean_time_group_fixed,0.05259161968715878
TR-008294,TR-C03737,2024-03-25,0,2,clean_time_group_fixed,0.031969977735505285
TR-008576,TR-C04211,2024-03-25,0,2,clean_time_group_fixed,0.08859333090221516
TR-008666,TR-C00780,2024-03-25,0,2,clean_time_group_fixed,0.03345566619025863
TR-008759,TR-C01348,2024-03-25,0,2,clean_time_group_fixed,0.029543880649998393
TR-009646,TR-C00767,2024-03-25,0,2,clean_time_group_fixed,0.015635538868561605
TR-000072,TR-C00523,2024-03-26,0,2,clean_time_group_fixed,0.040238738572930026
TR-001670,TR-C03044,2024-03-26,0,2,clean_time_group_fixed,0.026440596213586166
TR-001994,TR-C01104,2024-03-26,1,2,clean_time_group_fixed,0.08490747585575927
TR-002937,TR-C03173,2024-03-26,0,2,clean_time_group_fixed,0.013968941114575487
TR-003845,TR-C04831,2024-03-26,0,2,clean_time_group_fixed,0.07977241811374805
TR-004780,TR-C03962,2024-03-26,0,2,clean_time_group_fixed,0.04274648187544438
TR-006339,TR-C05559,2024-03-26,1,2,clean_time_group_fixed,0.13507421773783965
TR-007120,TR-C05405,2024-03-26,0,2,clean_time_group_fixed,0.0259851696458643
TR-008030,TR-C02222,2024-03-26,1,2,clean_time_group_fixed,0.1545445319931292
TR-008213,TR-C03013,2024-03-26,0,2,clean_time_group_fixed,0.015462739710764579
TR-008963,TR-C01592,2024-03-26,0,2,clean_time_group_fixed,0.027896945537510667
TR-008972,TR-C05869,2024-03-26,0,2,clean_time_group_fixed,0.19821627209211923
TR-009026,TR-C06436,2024-03-26,1,2,clean_time_group_fixed,0.14547016406764404
TR-001307,TR-C05320,2024-03-27,0,2,clean_time_group_fixed,0.08250246189822028
TR-003374,TR-C01224,2024-03-27,0,2,clean_time_group_fixed,0.04879617988483568
TR-004282,TR-C03488,2024-03-27,0,2,clean_time_group_fixed,0.01596301556475484
TR-005210,TR-C03862,2024-03-27,0,2,clean_time_group_fixed,0.03721937505858704
TR-005816,TR-C05999,2024-03-27,0,2,clean_time_group_fixed,0.044544223922697065
TR-006517,TR-C02175,2024-03-27,1,2,clean_time_group_fixed,0.17612648878194895
TR-008111,TR-C03899,2024-03-27,0,2,clean_time_group_fixed,0.02885055925807119
TR-009411,TR-C05842,2024-03-27,0,2,clean_time_group_fixed,0.060340703751019874
TR-002050,TR-C05329,2024-03-28,0,2,clean_time_group_fixed,0.04216819473058125
TR-002867,TR-C05565,2024-03-28,0,2,clean_time_group_fixed,0.3618745198070761
TR-002886,TR-C04555,2024-03-28,0,2,clean_time_group_fixed,0.05995192327643384
TR-003715,TR-C00913,2024-03-28,0,2,clean_time_group_fixed,0.019334492190957342
TR-004126,TR-C02140,2024-03-28,0,2,clean_time_group_fixed,0.03894661673172919
TR-004598,TR-C02755,2024-03-28,0,2,clean_time_group_fixed,0.054481205615907316
TR-004738,TR-C04473,2024-03-28,0,2,clean_time_group_fixed,0.0500533013392832
TR-005299,TR-C01135,2024-03-28,0,2,clean_time_group_fixed,0.027516600272770166
TR-005806,TR-C00621,2024-03-28,1,2,clean_time_group_fixed,0.12288321117526574
TR-007640,TR-C04369,2024-03-28,0,2,clean_time_group_fixed,0.062208475944936746
TR-009231,TR-C03070,2024-03-28,0,2,clean_time_group_fixed,0.009514185468707931
TR-001261,TR-C06122,2024-03-29,0,2,clean_time_group_fixed,0.00921839883059629
TR-002618,TR-C04503,2024-03-29,0,2,clean_time_group_fixed,0.02485560935054273
TR-002831,TR-C03918,2024-03-29,0,2,clean_time_group_fixed,0.017996139522992064
TR-005287,TR-C04465,2024-03-29,0,2,clean_time_group_fixed,0.028738805340398674
TR-005668,TR-C05350,2024-03-29,0,2,clean_time_group_fixed,0.025045443423551545
TR-006246,TR-C02957,2024-03-29,0,2,clean_time_group_fixed,0.025325730882742745
TR-006456,TR-C00518,2024-03-29,0,2,clean_time_group_fixed,0.017609398560237657
TR-008039,TR-C02666,2024-03-29,1,2,clean_time_group_fixed,0.42041761566379304
TR-000650,TR-C03898,2024-03-30,0,2,clean_time_group_fixed,0.012337990853088355
TR-000654,TR-C01097,2024-03-30,0,2,clean_time_group_fixed,0.021150717662465155
TR-001272,TR-C04032,2024-03-30,0,2,clean_time_group_fixed,0.05375484492070542
TR-005766,TR-C01472,2024-03-30,0,2,clean_time_group_fixed,0.10512964113580453
TR-006311,TR-C00283,2024-03-30,0,2,clean_time_group_fixed,0.01657094063147315
TR-007270,TR-C03369,2024-03-30,0,2,clean_time_group_fixed,0.013351487295516254
TR-008326,TR-C06136,2024-03-30,0,2,clean_time_group_fixed,0.05723427314677357
TR-008340,TR-C06042,2024-03-30,0,2,clean_time_group_fixed,0.010950797034329843
TR-002822,TR-C05591,2024-03-31,0,2,clean_time_group_fixed,0.029985768177564896
TR-004200,TR-C03446,2024-03-31,0,2,clean_time_group_fixed,0.08853526771313619
TR-007146,TR-C00660,2024-03-31,0,2,clean_time_group_fixed,0.03183059625632226
TR-009494,TR-C02461,2024-03-31,0,2,clean_time_group_fixed,0.02014957320336481
TR-000582,TR-C03947,2024-04-01,0,2,clean_time_group_fixed,0.15867687626429366
TR-001076,TR-C05028,2024-04-01,0,2,clean_time_group_fixed,0.09295987121470256
TR-001508,TR-C00273,2024-04-01,0,2,clean_time_group_fixed,0.09823711953905587
TR-002476,TR-C00008,2024-04-01,0,2,clean_time_group_fixed,0.06474439288594733
TR-003564,TR-C00687,2024-04-01,0,2,clean_time_group_fixed,0.010013458375320668
TR-004517,TR-C00832,2024-04-01,0,2,clean_time_group_fixed,0.32346874906493894
TR-005040,TR-C01705,2024-04-01,1,2,clean_time_group_fixed,0.01962967538835441
TR-005796,TR-C01567,2024-04-01,0,2,clean_time_group_fixed,0.026069003424237232
TR-006814,TR-C03853,2024-04-01,0,2,clean_time_group_fixed,0.010533418009217144
TR-007320,TR-C05715,2024-04-01,0,2,clean_time_group_fixed,0.02045113093288017
TR-007987,TR-C03145,2024-04-01,0,2,clean_time_group_fixed,0.08308516921026037
TR-008956,TR-C03051,2024-04-01,0,2,clean_time_group_fixed,0.1410359107805168
TR-009702,TR-C02372,2024-04-01,0,2,clean_time_group_fixed,0.021066204890400227
TR-009711,TR-C06177,2024-04-01,0,2,clean_time_group_fixed,0.06390772691877168
TR-005262,TR-C01292,2024-04-02,0,2,clean_time_group_fixed,0.2469255615880301
TR-005855,TR-C02175,2024-04-02,0,2,clean_time_group_fixed,0.07904728871092491
TR-008652,TR-C00927,2024-04-02,0,2,clean_time_group_fixed,0.047116123790203225
TR-008973,TR-C04166,2024-04-02,0,2,clean_time_group_fixed,0.02134012948495513
TR-009988,TR-C06033,2024-04-02,0,2,clean_time_group_fixed,0.044568962898705544
TR-000810,TR-C04713,2024-04-03,0,2,clean_time_group_fixed,0.1815742250487154
TR-000978,TR-C03635,2024-04-03,0,2,clean_time_group_fixed,0.08808374925227108
TR-001783,TR-C06384,2024-04-03,0,2,clean_time_group_fixed,0.020213959672337464
TR-002302,TR-C03946,2024-04-03,0,2,clean_time_group_fixed,0.01587111179875857
TR-002451,TR-C00235,2024-04-03,0,2,clean_time_group_fixed,0.060818877880403764
TR-002671,TR-C00436,2024-04-03,0,2,clean_time_group_fixed,0.03260160813375333
TR-005751,TR-C06436,2024-04-03,0,2,clean_time_group_fixed,0.018732992519796245
TR-006283,TR-C01844,2024-04-03,1,2,clean_time_group_fixed,0.3217219945784468
TR-007224,TR-C02020,2024-04-03,0,2,clean_time_group_fixed,0.03158362253015356
TR-008960,TR-C01355,2024-04-03,0,2,clean_time_group_fixed,0.02009980937102704
TR-009105,TR-C02795,2024-04-03,0,2,clean_time_group_fixed,0.026291341813569215
TR-000967,TR-C06284,2024-04-04,0,2,clean_time_group_fixed,0.011807210873650074
TR-001384,TR-C03970,2024-04-04,0,2,clean_time_group_fixed,0.11275970823480579
TR-002266,TR-C00799,2024-04-04,0,2,clean_time_group_fixed,0.06207125268171528
TR-002715,TR-C02127,2024-04-04,0,2,clean_time_group_fixed,0.09592929308180445
TR-003810,TR-C05617,2024-04-04,0,2,clean_time_group_fixed,0.022690869837727102
TR-004857,TR-C06191,2024-04-04,0,2,clean_time_group_fixed,0.32750434571417714
TR-005565,TR-C06349,2024-04-04,0,2,clean_time_group_fixed,0.045200189768279185
TR-005699,TR-C02425,2024-04-04,0,2,clean_time_group_fixed,0.14143311300853945
TR-006666,TR-C04846,2024-04-04,0,2,clean_time_group_fixed,0.23053915526737975
TR-009240,TR-C03364,2024-04-04,0,2,clean_time_group_fixed,0.023814132676671637
TR-000935,TR-C03243,2024-04-05,0,2,clean_time_group_fixed,0.157820662349827
TR-001188,TR-C06313,2024-04-05,0,2,clean_time_group_fixed,0.09553182428894301
TR-001491,TR-C05973,2024-04-05,0,2,clean_time_group_fixed,0.033424577784884224
TR-004206,TR-C04972,2024-04-05,0,2,clean_time_group_fixed,0.1206617465902696
TR-006385,TR-C01675,2024-04-05,0,2,clean_time_group_fixed,0.1939300214238542
TR-006807,TR-C00389,2024-04-05,0,2,clean_time_group_fixed,0.0112186645387098
TR-007155,TR-C04312,2024-04-05,0,2,clean_time_group_fixed,0.022350881342590955
TR-001583,TR-C00005,2024-04-06,0,2,clean_time_group_fixed,0.02277564784238461
TR-002849,TR-C01893,2024-04-06,0,2,clean_time_group_fixed,0.020832232936975604
TR-005546,TR-C01063,2024-04-06,0,2,clean_time_group_fixed,0.030392139141872995
TR-006100,TR-C04824,2024-04-06,0,2,clean_time_group_fixed,0.033896880423631565
TR-006540,TR-C04689,2024-04-06,0,2,clean_time_group_fixed,0.02909305526730824
TR-007186,TR-C03565,2024-04-06,1,2,clean_time_group_fixed,0.32675157747204475
TR-007215,TR-C03772,2024-04-06,0,2,clean_time_group_fixed,0.01859309852760658
TR-007957,TR-C02331,2024-04-06,0,2,clean_time_group_fixed,0.284857704349743
TR-008524,TR-C02165,2024-04-06,0,2,clean_time_group_fixed,0.06305660622725628
TR-008763,TR-C02239,2024-04-06,0,2,clean_time_group_fixed,0.009132499098159785
TR-009627,TR-C04573,2024-04-06,0,2,clean_time_group_fixed,0.022291518781859462
TR-000373,TR-C01476,2024-04-07,0,2,clean_time_group_fixed,0.04407659027303524
TR-001331,TR-C01201,2024-04-07,0,2,clean_time_group_fixed,0.0928307812128653
TR-001361,TR-C06454,2024-04-07,0,2,clean_time_group_fixed,0.05045169359773248
TR-001581,TR-C02938,2024-04-07,0,2,clean_time_group_fixed,0.44520111506438353
TR-002406,TR-C03554,2024-04-07,0,2,clean_time_group_fixed,0.028115308726322365
TR-002763,TR-C00773,2024-04-07,0,2,clean_time_group_fixed,0.05338723734666758
TR-003011,TR-C06190,2024-04-07,0,2,clean_time_group_fixed,0.02975122429847657
TR-003065,TR-C03929,2024-04-07,0,2,clean_time_group_fixed,0.13467217622298153
TR-004489,TR-C02281,2024-04-07,0,2,clean_time_group_fixed,0.019947904986229052
TR-005349,TR-C03683,2024-04-07,0,2,clean_time_group_fixed,0.3626095866170123
TR-006065,TR-C06222,2024-04-07,0,2,clean_time_group_fixed,0.022167988540956935
TR-006207,TR-C01899,2024-04-07,0,2,clean_time_group_fixed,0.008237114205735415
TR-007045,TR-C05860,2024-04-07,0,2,clean_time_group_fixed,0.02989050853905775
TR-007243,TR-C05896,2024-04-07,0,2,clean_time_group_fixed,0.04765844737175175
TR-009584,TR-C01019,2024-04-07,1,2,clean_time_group_fixed,0.47343219032940176
TR-009733,TR-C06476,2024-04-07,0,2,clean_time_group_fixed,0.02723604702581245
TR-009866,TR-C00530,2024-04-07,0,2,clean_time_group_fixed,0.012843975042855022
TR-001202,TR-C04546,2024-04-08,0,2,clean_time_group_fixed,0.019426030654536793
TR-001230,TR-C01390,2024-04-08,0,2,clean_time_group_fixed,0.03670282713244879
TR-002123,TR-C01850,2024-04-08,0,2,clean_time_group_fixed,0.012394713137308644
TR-002773,TR-C03948,2024-04-08,0,2,clean_time_group_fixed,0.11251882941326267
TR-003012,TR-C01725,2024-04-08,0,2,clean_time_group_fixed,0.008178447400760267
TR-003070,TR-C04854,2024-04-08,0,2,clean_time_group_fixed,0.04599762974309563
TR-004935,TR-C00476,2024-04-08,0,2,clean_time_group_fixed,0.01704317974367694
TR-005880,TR-C04112,2024-04-08,0,2,clean_time_group_fixed,0.023300463969957334
TR-007017,TR-C06256,2024-04-08,0,2,clean_time_group_fixed,0.027386894898272333
TR-008337,TR-C03492,2024-04-08,0,2,clean_time_group_fixed,0.03228663237933437
TR-009174,TR-C00832,2024-04-08,1,2,clean_time_group_fixed,0.08312240329825554
TR-000211,TR-C01911,2024-04-09,0,2,clean_time_group_fixed,0.1258770577415055
TR-001799,TR-C04516,2024-04-09,0,2,clean_time_group_fixed,0.035876009162437036
TR-002059,TR-C00891,2024-04-09,0,2,clean_time_group_fixed,0.00831482619580534
TR-005123,TR-C01366,2024-04-09,0,2,clean_time_group_fixed,0.019157317731917697
TR-005491,TR-C00022,2024-04-09,0,2,clean_time_group_fixed,0.1110964483926532
TR-006010,TR-C03570,2024-04-09,0,2,clean_time_group_fixed,0.023750369277134892
TR-006281,TR-C04597,2024-04-09,0,2,clean_time_group_fixed,0.027744796656563105
TR-007106,TR-C04033,2024-04-09,0,2,clean_time_group_fixed,0.016167515348872043
TR-007247,TR-C03687,2024-04-09,0,2,clean_time_group_fixed,0.044766713928631664
TR-007705,TR-C02861,2024-04-09,0,2,clean_time_group_fixed,0.013701187620712357
TR-001370,TR-C01501,2024-04-10,0,2,clean_time_group_fixed,0.022262407330861766
TR-001662,TR-C01788,2024-04-10,0,2,clean_time_group_fixed,0.007928693415536946
TR-001882,TR-C05957,2024-04-10,0,2,clean_time_group_fixed,0.021062856741289427
TR-004674,TR-C02719,2024-04-10,0,2,clean_time_group_fixed,0.03604881747352802
TR-005704,TR-C06035,2024-04-10,0,2,clean_time_group_fixed,0.015737157307199944
TR-006839,TR-C00340,2024-04-10,0,2,clean_time_group_fixed,0.06873106149815139
TR-008491,TR-C03294,2024-04-10,0,2,clean_time_group_fixed,0.022433914450379663
TR-001012,TR-C01782,2024-04-11,1,2,clean_time_group_fixed,0.3498795445301076
TR-001876,TR-C02023,2024-04-11,0,2,clean_time_group_fixed,0.030092532391718413
TR-002063,TR-C02797,2024-04-11,0,2,clean_time_group_fixed,0.34264969618627156
TR-002760,TR-C00741,2024-04-11,0,2,clean_time_group_fixed,0.03807769442181179
TR-003454,TR-C05016,2024-04-11,0,2,clean_time_group_fixed,0.021025461113899066
TR-003456,TR-C00635,2024-04-11,0,2,clean_time_group_fixed,0.02515283384621497
TR-003489,TR-C03930,2024-04-11,0,2,clean_time_group_fixed,0.007863630412393368
TR-004475,TR-C00383,2024-04-11,0,2,clean_time_group_fixed,0.010394692485360514
TR-005164,TR-C04487,2024-04-11,0,2,clean_time_group_fixed,0.02648545841447972
TR-006044,TR-C02148,2024-04-11,0,2,clean_time_group_fixed,0.011662813614114203
TR-006235,TR-C03380,2024-04-11,0,2,clean_time_group_fixed,0.09537730606686774
TR-008437,TR-C03348,2024-04-11,0,2,clean_time_group_fixed,0.23433105270902396
TR-003317,TR-C02616,2024-04-12,0,2,clean_time_group_fixed,0.05637221396339763
TR-003920,TR-C05504,2024-04-12,0,2,clean_time_group_fixed,0.021204239735030262
TR-005346,TR-C06434,2024-04-12,0,2,clean_time_group_fixed,0.02456948879526273
TR-005376,TR-C04846,2024-04-12,0,2,clean_time_group_fixed,0.06294283838972022
TR-006393,TR-C01555,2024-04-12,0,2,clean_time_group_fixed,0.06365239319526228
TR-009102,TR-C02704,2024-04-12,0,2,clean_time_group_fixed,0.019324458337625465
TR-009413,TR-C03445,2024-04-12,1,2,clean_time_group_fixed,0.08382630245302208
TR-002672,TR-C03244,2024-04-13,0,2,clean_time_group_fixed,0.03322143456749713
TR-003706,TR-C00592,2024-04-13,0,2,clean_time_group_fixed,0.013104703747545856
TR-003816,TR-C02917,2024-04-13,0,2,clean_time_group_fixed,0.009240463449448845
TR-004963,TR-C01694,2024-04-13,0,2,clean_time_group_fixed,0.007791630261350984
TR-006201,TR-C03798,2024-04-13,0,2,clean_time_group_fixed,0.0714057901645078
TR-007435,TR-C02474,2024-04-13,0,2,clean_time_group_fixed,0.027970209293601347
TR-007883,TR-C02835,2024-04-13,0,2,clean_time_group_fixed,0.022923976136998377
TR-009215,TR-C00140,2024-04-13,0,2,clean_time_group_fixed,0.022156903808273436
TR-001989,TR-C06140,2024-04-14,0,2,clean_time_group_fixed,0.021104547646898338
TR-004077,TR-C02761,2024-04-14,0,2,clean_time_group_fixed,0.012492384316432702
TR-004888,TR-C02926,2024-04-14,1,2,clean_time_group_fixed,0.14758526987602993
TR-005435,TR-C01992,2024-04-14,0,2,clean_time_group_fixed,0.04208282675839496
TR-005747,TR-C03885,2024-04-14,0,2,clean_time_group_fixed,0.03776384581745775
TR-006950,TR-C04492,2024-04-14,0,2,clean_time_group_fixed,0.10067880683565751
TR-008840,TR-C02022,2024-04-14,0,2,clean_time_group_fixed,0.0316293081125543
TR-009523,TR-C04020,2024-04-14,0,2,clean_time_group_fixed,0.1706147677406409
TR-000101,TR-C05118,2024-04-15,0,2,clean_time_group_fixed,0.024576978992435897
TR-000321,TR-C00452,2024-04-15,0,2,clean_time_group_fixed,0.039017268843470065
TR-002499,TR-C05022,2024-04-15,0,2,clean_time_group_fixed,0.028340627675960565
TR-002898,TR-C04406,2024-04-15,0,2,clean_time_group_fixed,0.048720654651558316
TR-004659,TR-C01759,2024-04-15,0,2,clean_time_group_fixed,0.04070368112777141
TR-005423,TR-C01730,2024-04-15,0,2,clean_time_group_fixed,0.01960163913887621
TR-001086,TR-C02819,2024-04-16,0,2,clean_time_group_fixed,0.02628928514062375
TR-001769,TR-C00804,2024-04-16,0,2,clean_time_group_fixed,0.07918039254067223
TR-001797,TR-C06304,2024-04-16,0,2,clean_time_group_fixed,0.05708162973808647
TR-002453,TR-C01285,2024-04-16,0,2,clean_time_group_fixed,0.02421846924547918
TR-006083,TR-C05897,2024-04-16,0,2,clean_time_group_fixed,0.01893405727325805
TR-007623,TR-C06181,2024-04-16,0,2,clean_time_group_fixed,0.10697092589361584
TR-007670,TR-C00104,2024-04-16,0,2,clean_time_group_fixed,0.11888552188188502
TR-008626,TR-C02558,2024-04-16,0,2,clean_time_group_fixed,0.012191436051131498
TR-008691,TR-C06485,2024-04-16,0,2,clean_time_group_fixed,0.0718425255300008
TR-008773,TR-C05206,2024-04-16,0,2,clean_time_group_fixed,0.008305085538001095
TR-009132,TR-C03080,2024-04-16,0,2,clean_time_group_fixed,0.01506019773821921
TR-009257,TR-C05383,2024-04-16,0,2,clean_time_group_fixed,0.12000906608071481
TR-002882,TR-C01039,2024-04-17,0,2,clean_time_group_fixed,0.03917304720817641
TR-004514,TR-C05417,2024-04-17,0,2,clean_time_group_fixed,0.26994775235863716
TR-004716,TR-C03935,2024-04-17,0,2,clean_time_group_fixed,0.08154350229358504
TR-005051,TR-C00174,2024-04-17,0,2,clean_time_group_fixed,0.06394693866345574
TR-005653,TR-C01419,2024-04-17,0,2,clean_time_group_fixed,0.010931107543835254
TR-005820,TR-C06063,2024-04-17,0,2,clean_time_group_fixed,0.01622054525727456
TR-005923,TR-C00700,2024-04-17,0,2,clean_time_group_fixed,0.04504552801719832
TR-006340,TR-C05318,2024-04-17,0,2,clean_time_group_fixed,0.01090916000216878
TR-009398,TR-C05049,2024-04-17,0,2,clean_time_group_fixed,0.02128667970153734
TR-009405,TR-C00576,2024-04-17,0,2,clean_time_group_fixed,0.02299385927370459
TR-000309,TR-C00678,2024-04-18,0,2,clean_time_group_fixed,0.016106454910780117
TR-003358,TR-C05740,2024-04-18,0,2,clean_time_group_fixed,0.018045096470243025
TR-007858,TR-C04118,2024-04-18,0,2,clean_time_group_fixed,0.03285160176410627
TR-007899,TR-C02612,2024-04-18,0,2,clean_time_group_fixed,0.015237504247598564
TR-009952,TR-C03207,2024-04-18,0,2,clean_time_group_fixed,0.11570029807921632
TR-009971,TR-C01018,2024-04-18,0,2,clean_time_group_fixed,0.01085030396891666
TR-001048,TR-C06451,2024-04-19,1,2,clean_time_group_fixed,0.40430908705494906
TR-002078,TR-C04402,2024-04-19,0,2,clean_time_group_fixed,0.14095390402061794
TR-002670,TR-C02204,2024-04-19,0,2,clean_time_group_fixed,0.04109314508711165
TR-003150,TR-C05859,2024-04-19,1,2,clean_time_group_fixed,0.04344332381854016
TR-004303,TR-C02593,2024-04-19,0,2,clean_time_group_fixed,0.015312290896279312
TR-005577,TR-C00008,2024-04-19,0,2,clean_time_group_fixed,0.02300952274110571
TR-005917,TR-C02969,2024-04-19,0,2,clean_time_group_fixed,0.023731753880546057
TR-007959,TR-C02031,2024-04-19,0,2,clean_time_group_fixed,0.09465775896764408
TR-007971,TR-C04948,2024-04-19,0,2,clean_time_group_fixed,0.13643590801583302
TR-008729,TR-C03952,2024-04-19,0,2,clean_time_group_fixed,0.011173696987768909
TR-000443,TR-C01918,2024-04-20,0,2,clean_time_group_fixed,0.018794533643042906
TR-001895,TR-C04113,2024-04-20,0,2,clean_time_group_fixed,0.17208895572100516
TR-002778,TR-C02658,2024-04-20,0,2,clean_time_group_fixed,0.026604393017632
TR-003202,TR-C00505,2024-04-20,0,2,clean_time_group_fixed,0.03995890255904115
TR-004446,TR-C06339,2024-04-20,1,2,clean_time_group_fixed,0.07337212703360556
TR-005842,TR-C00366,2024-04-20,0,2,clean_time_group_fixed,0.13731473740422678
TR-006779,TR-C02739,2024-04-20,1,2,clean_time_group_fixed,0.7371061616291085
TR-007496,TR-C03290,2024-04-20,0,2,clean_time_group_fixed,0.041698978484069296
TR-008367,TR-C01631,2024-04-20,0,2,clean_time_group_fixed,0.02848158783874889
TR-000973,TR-C05475,2024-04-21,0,2,clean_time_group_fixed,0.04122596733700752
TR-001592,TR-C02373,2024-04-21,0,2,clean_time_group_fixed,0.13990310169879153
TR-002085,TR-C04549,2024-04-21,0,2,clean_time_group_fixed,0.02473952158346265
TR-003039,TR-C01231,2024-04-21,0,2,clean_time_group_fixed,0.017166121611180127
TR-004342,TR-C06031,2024-04-21,0,2,clean_time_group_fixed,0.08495981376861766
TR-004358,TR-C01469,2024-04-21,0,2,clean_time_group_fixed,0.01601326932268546
TR-004485,TR-C00940,2024-04-21,0,2,clean_time_group_fixed,0.032698351926658965
TR-006757,TR-C05337,2024-04-21,0,2,clean_time_group_fixed,0.033668403465971226
TR-006885,TR-C05597,2024-04-21,0,2,clean_time_group_fixed,0.02053980325095701
TR-006897,TR-C05410,2024-04-21,0,2,clean_time_group_fixed,0.01215275484826645
TR-007375,TR-C03094,2024-04-21,0,2,clean_time_group_fixed,0.03586422302031804
TR-007536,TR-C02267,2024-04-21,0,2,clean_time_group_fixed,0.07836241284166916
TR-008162,TR-C02559,2024-04-21,0,2,clean_time_group_fixed,0.020586651213810654
TR-008262,TR-C04486,2024-04-21,0,2,clean_time_group_fixed,0.022452377355635628
TR-008593,TR-C04247,2024-04-21,0,2,clean_time_group_fixed,0.21339550396969326
TR-000012,TR-C06149,2024-04-22,0,2,clean_time_group_fixed,0.009230557519952476
TR-000697,TR-C05924,2024-04-22,0,2,clean_time_group_fixed,0.01906693797025903
TR-001434,TR-C05502,2024-04-22,0,2,clean_time_group_fixed,0.014506723060240988
TR-001664,TR-C01894,2024-04-22,0,2,clean_time_group_fixed,0.06827830611733192
TR-001685,TR-C05247,2024-04-22,0,2,clean_time_group_fixed,0.028939521374256247
TR-001892,TR-C00066,2024-04-22,0,2,clean_time_group_fixed,0.0164108172973242
TR-004273,TR-C04254,2024-04-22,0,2,clean_time_group_fixed,0.033063333898427666
TR-005384,TR-C02599,2024-04-22,0,2,clean_time_group_fixed,0.0933910979368435
TR-005729,TR-C02868,2024-04-22,1,2,clean_time_group_fixed,0.037652431190449774
TR-006449,TR-C03343,2024-04-22,0,2,clean_time_group_fixed,0.20002233854516985
TR-008208,TR-C01164,2024-04-22,0,2,clean_time_group_fixed,0.014761762416591974
TR-009777,TR-C01084,2024-04-22,0,2,clean_time_group_fixed,0.00930563633147034
TR-000725,TR-C00156,2024-04-23,0,2,clean_time_group_fixed,0.024429975334265917
TR-006953,TR-C02402,2024-04-23,0,2,clean_time_group_fixed,0.09456205542120089
TR-009396,TR-C03684,2024-04-23,0,2,clean_time_group_fixed,0.007977908740066713
TR-009727,TR-C02309,2024-04-23,1,2,clean_time_group_fixed,0.1829639853435454
TR-009873,TR-C05804,2024-04-23,0,2,clean_time_group_fixed,0.0097138035397607
TR-002963,TR-C05637,2024-04-24,0,2,clean_time_group_fixed,0.022190419222231653
TR-003927,TR-C06494,2024-04-24,0,2,clean_time_group_fixed,0.6653568905874099
TR-004856,TR-C04760,2024-04-24,0,2,clean_time_group_fixed,0.1841617646871388
TR-005449,TR-C04374,2024-04-24,0,2,clean_time_group_fixed,0.132255603257441
TR-009384,TR-C02397,2024-04-24,0,2,clean_time_group_fixed,0.020833206628596612
TR-009471,TR-C05178,2024-04-24,0,2,clean_time_group_fixed,0.015113695202668127
TR-009543,TR-C04162,2024-04-24,0,2,clean_time_group_fixed,0.0219069411549967
TR-009813,TR-C02512,2024-04-24,0,2,clean_time_group_fixed,0.18531909237684763
TR-000556,TR-C03580,2024-04-25,0,2,clean_time_group_fixed,0.021911406098042294
TR-001227,TR-C00812,2024-04-25,0,2,clean_time_group_fixed,0.18153706918305224
TR-002766,TR-C04244,2024-04-25,0,2,clean_time_group_fixed,0.10238034403878638
TR-002780,TR-C00803,2024-04-25,0,2,clean_time_group_fixed,0.014828809802821233
TR-002917,TR-C06033,2024-04-25,1,2,clean_time_group_fixed,0.03457698757261226
TR-003076,TR-C04353,2024-04-25,0,2,clean_time_group_fixed,0.035789288714166485
TR-005368,TR-C06007,2024-04-25,0,2,clean_time_group_fixed,0.03897567821112046
TR-005457,TR-C03012,2024-04-25,0,2,clean_time_group_fixed,0.035604680063264414
TR-005695,TR-C01288,2024-04-25,1,2,clean_time_group_fixed,0.04479392423500659
TR-005753,TR-C02561,2024-04-25,0,2,clean_time_group_fixed,0.012280647362392576
TR-005981,TR-C04233,2024-04-25,0,2,clean_time_group_fixed,0.023204957367628832
TR-009551,TR-C02250,2024-04-25,1,2,clean_time_group_fixed,0.12701715270055616
TR-000287,TR-C02126,2024-04-26,0,2,clean_time_group_fixed,0.021194819319540294
TR-000505,TR-C02905,2024-04-26,1,2,clean_time_group_fixed,0.2970460480253371
TR-000607,TR-C04087,2024-04-26,0,2,clean_time_group_fixed,0.0140666104619802
TR-000989,TR-C02466,2024-04-26,0,2,clean_time_group_fixed,0.024255547274042003
TR-001992,TR-C02936,2024-04-26,0,2,clean_time_group_fixed,0.22951282970083764
TR-003344,TR-C02577,2024-04-26,1,2,clean_time_group_fixed,0.019519500208911356
TR-007770,TR-C00142,2024-04-26,0,2,clean_time_group_fixed,0.08361977638971928
TR-008887,TR-C05162,2024-04-26,0,2,clean_time_group_fixed,0.014121409421401445
TR-000613,TR-C06306,2024-04-27,0,2,clean_time_group_fixed,0.05560867179110626
TR-000767,TR-C01922,2024-04-27,0,2,clean_time_group_fixed,0.04899222004057481
TR-001607,TR-C01592,2024-04-27,0,2,clean_time_group_fixed,0.02425904204598363
TR-002094,TR-C03419,2024-04-27,0,2,clean_time_group_fixed,0.08325500925831887
TR-002248,TR-C05422,2024-04-27,0,2,clean_time_group_fixed,0.017350976179596907
TR-002638,TR-C00474,2024-04-27,0,2,clean_time_group_fixed,0.06073983566853929
TR-005638,TR-C01557,2024-04-27,0,2,clean_time_group_fixed,0.013739684045659976
TR-005943,TR-C04026,2024-04-27,0,2,clean_time_group_fixed,0.10879638479313368
TR-006873,TR-C04107,2024-04-27,0,2,clean_time_group_fixed,0.49695054770708785
TR-007242,TR-C00156,2024-04-27,0,2,clean_time_group_fixed,0.042640726590606456
TR-007541,TR-C00671,2024-04-27,0,2,clean_time_group_fixed,0.01430773982312419
TR-007687,TR-C04749,2024-04-27,1,2,clean_time_group_fixed,0.09715314768601646
TR-000127,TR-C00348,2024-04-28,0,2,clean_time_group_fixed,0.041418046773443684
TR-001046,TR-C05055,2024-04-28,0,2,clean_time_group_fixed,0.016123638968646777
TR-002129,TR-C03595,2024-04-28,0,2,clean_time_group_fixed,0.021695634925497715
TR-002915,TR-C05639,2024-04-28,0,2,clean_time_group_fixed,0.025400755438530712
TR-002955,TR-C04842,2024-04-28,0,2,clean_time_group_fixed,0.015374276340968548
TR-003414,TR-C02633,2024-04-28,0,2,clean_time_group_fixed,0.02377158011371451
TR-003444,TR-C06336,2024-04-28,0,2,clean_time_group_fixed,0.01688515054366076
TR-004296,TR-C03944,2024-04-28,0,2,clean_time_group_fixed,0.007473085395806771
TR-005211,TR-C06457,2024-04-28,1,2,clean_time_group_fixed,0.24058263732578483
TR-005361,TR-C06476,2024-04-28,0,2,clean_time_group_fixed,0.06711224374395218
TR-005572,TR-C01533,2024-04-28,0,2,clean_time_group_fixed,0.020149716515895342
TR-006712,TR-C02098,2024-04-28,0,2,clean_time_group_fixed,0.11394544910775407
TR-008408,TR-C02341,2024-04-28,0,2,clean_time_group_fixed,0.013613017418849842
TR-000051,TR-C06149,2024-04-29,0,2,clean_time_group_fixed,0.009106214704652666
TR-002589,TR-C02196,2024-04-29,0,2,clean_time_group_fixed,0.03729741950717291
TR-003052,TR-C05291,2024-04-29,0,2,clean_time_group_fixed,0.01166801359318754
TR-003134,TR-C05223,2024-04-29,0,2,clean_time_group_fixed,0.030265432407260283
TR-003881,TR-C02985,2024-04-29,0,2,clean_time_group_fixed,0.1222550022947092
TR-004056,TR-C03781,2024-04-29,0,2,clean_time_group_fixed,0.05849020804431727
TR-005144,TR-C06485,2024-04-29,0,2,clean_time_group_fixed,0.017931022741501722
TR-005327,TR-C03893,2024-04-29,0,2,clean_time_group_fixed,0.02974835549371177
TR-005403,TR-C05067,2024-04-29,0,2,clean_time_group_fixed,0.05157101838849725
TR-005688,TR-C00010,2024-04-29,0,2,clean_time_group_fixed,0.056102024700935005
TR-005827,TR-C04747,2024-04-29,0,2,clean_time_group_fixed,0.013665662147219235
TR-008113,TR-C03677,2024-04-29,0,2,clean_time_group_fixed,0.018492053082013314
TR-008923,TR-C00921,2024-04-29,1,2,clean_time_group_fixed,0.6058745305992357
TR-001421,TR-C03995,2024-04-30,0,2,clean_time_group_fixed,0.08980201005264273
TR-002102,TR-C02059,2024-04-30,0,2,clean_time_group_fixed,0.020807119204027058
TR-005088,TR-C03798,2024-04-30,0,2,clean_time_group_fixed,0.058540279781575104
TR-005665,TR-C03925,2024-04-30,0,2,clean_time_group_fixed,0.011763515525456526
TR-005989,TR-C03073,2024-04-30,0,2,clean_time_group_fixed,0.014948582158178006
TR-009612,TR-C03184,2024-04-30,0,2,clean_time_group_fixed,0.03672812651279408
TR-002864,TR-C05616,2024-05-01,0,2,clean_time_group_fixed,0.016203588446116645
TR-002914,TR-C02355,2024-05-01,0,2,clean_time_group_fixed,0.01390019483946662
TR-004219,TR-C00399,2024-05-01,0,2,clean_time_group_fixed,0.026976656666936764
TR-005316,TR-C04854,2024-05-01,0,2,clean_time_group_fixed,0.03399261503022057
TR-005897,TR-C05700,2024-05-01,0,2,clean_time_group_fixed,0.01153690699921415
TR-007281,TR-C05215,2024-05-01,0,2,clean_time_group_fixed,0.026921859456040288
TR-008283,TR-C00577,2024-05-01,0,2,clean_time_group_fixed,0.008960114496600807
TR-008685,TR-C05445,2024-05-01,0,2,clean_time_group_fixed,0.06923226880144179
TR-009104,TR-C03778,2024-05-01,0,2,clean_time_group_fixed,0.00853353043890611
TR-000714,TR-C04640,2024-05-02,0,2,clean_time_group_fixed,0.040029871086595836
TR-001375,TR-C00443,2024-05-02,0,2,clean_time_group_fixed,0.12081272094060637
TR-002271,TR-C03354,2024-05-02,0,2,clean_time_group_fixed,0.018303557684780657
TR-005679,TR-C02577,2024-05-02,0,2,clean_time_group_fixed,0.039325993863400244
TR-006658,TR-C00317,2024-05-02,0,2,clean_time_group_fixed,0.009339433323962065
TR-007338,TR-C00646,2024-05-02,0,2,clean_time_group_fixed,0.027916208040988152
TR-008768,TR-C01990,2024-05-02,0,2,clean_time_group_fixed,0.015085774634012573
TR-009534,TR-C01149,2024-05-02,0,2,clean_time_group_fixed,0.011023762284546396
TR-001145,TR-C00208,2024-05-03,0,2,clean_time_group_fixed,0.027935975775072668
TR-002750,TR-C04898,2024-05-03,0,2,clean_time_group_fixed,0.021485771687321825
TR-003117,TR-C02934,2024-05-03,0,2,clean_time_group_fixed,0.430481446664833
TR-003914,TR-C05953,2024-05-03,1,2,clean_time_group_fixed,0.6083579237846022
TR-004954,TR-C02425,2024-05-03,1,2,clean_time_group_fixed,0.17196623321058788
TR-006191,TR-C04950,2024-05-03,0,2,clean_time_group_fixed,0.10418102321226501
TR-006219,TR-C05503,2024-05-03,0,2,clean_time_group_fixed,0.015384784947427663
TR-007984,TR-C01367,2024-05-03,0,2,clean_time_group_fixed,0.015975908652009454
TR-009072,TR-C05108,2024-05-03,0,2,clean_time_group_fixed,0.05103295732028359
TR-009325,TR-C03637,2024-05-03,0,2,clean_time_group_fixed,0.13479729265136856
TR-001226,TR-C06401,2024-05-04,0,2,clean_time_group_fixed,0.19464533071800016
TR-002408,TR-C04272,2024-05-04,0,2,clean_time_group_fixed,0.09225052745159248
TR-002465,TR-C01172,2024-05-04,0,2,clean_time_group_fixed,0.06519076058395343
TR-003646,TR-C00575,2024-05-04,1,2,clean_time_group_fixed,0.03689593301724601
TR-005117,TR-C00354,2024-05-04,0,2,clean_time_group_fixed,0.0238228010994851
TR-006312,TR-C06193,2024-05-04,0,2,clean_time_group_fixed,0.0936390856264412
TR-006511,TR-C03548,2024-05-04,0,2,clean_time_group_fixed,0.3808632340163604
TR-006578,TR-C01136,2024-05-04,0,2,clean_time_group_fixed,0.14773963433071224
TR-007177,TR-C05784,2024-05-04,0,2,clean_time_group_fixed,0.06768118876058
TR-008869,TR-C06351,2024-05-04,0,2,clean_time_group_fixed,0.0226516323325254
TR-009352,TR-C05236,2024-05-04,0,2,clean_time_group_fixed,0.017654207647525726
TR-009990,TR-C00465,2024-05-04,0,2,clean_time_group_fixed,0.032421213604788876
TR-000276,TR-C01781,2024-05-05,0,2,clean_time_group_fixed,0.03816650344863264
TR-000703,TR-C02321,2024-05-05,0,2,clean_time_group_fixed,0.03352120476713006
TR-005485,TR-C03353,2024-05-05,0,2,clean_time_group_fixed,0.016412887994605312
TR-008207,TR-C05859,2024-05-05,0,2,clean_time_group_fixed,0.0793972008046276
TR-008429,TR-C01304,2024-05-05,0,2,clean_time_group_fixed,0.05851689463175056
TR-000071,TR-C01340,2024-05-06,0,2,clean_time_group_fixed,0.019016841804841436
TR-000310,TR-C01074,2024-05-06,0,2,clean_time_group_fixed,0.011038165756904509
TR-000695,TR-C05000,2024-05-06,0,2,clean_time_group_fixed,0.03656648474826823
TR-000872,TR-C00503,2024-05-06,0,2,clean_time_group_fixed,0.05770452410738847
TR-001466,TR-C01832,2024-05-06,1,2,clean_time_group_fixed,0.17587571782794334
TR-003391,TR-C04207,2024-05-06,0,2,clean_time_group_fixed,0.009075983923881809
TR-003764,TR-C05548,2024-05-06,0,2,clean_time_group_fixed,0.09568657161319286
TR-004461,TR-C00035,2024-05-06,0,2,clean_time_group_fixed,0.02800500945490813
TR-001126,TR-C03593,2024-05-07,0,2,clean_time_group_fixed,0.19391662058609105
TR-004357,TR-C02358,2024-05-07,0,2,clean_time_group_fixed,0.03972477734152605
TR-004675,TR-C01874,2024-05-07,0,2,clean_time_group_fixed,0.013183362890508631
TR-006232,TR-C02152,2024-05-07,0,2,clean_time_group_fixed,0.027543310102134975
TR-006560,TR-C01961,2024-05-07,0,2,clean_time_group_fixed,0.05913315464026801
TR-008473,TR-C03634,2024-05-07,0,2,clean_time_group_fixed,0.014938163163846347
TR-009540,TR-C02934,2024-05-07,0,2,clean_time_group_fixed,0.0898022646431036
TR-000580,TR-C02111,2024-05-08,0,2,clean_time_group_fixed,0.07719982092927538
TR-000597,TR-C03391,2024-05-08,0,2,clean_time_group_fixed,0.029686966440004597
TR-000692,TR-C06327,2024-05-08,0,2,clean_time_group_fixed,0.03932547731369257
TR-002620,TR-C01598,2024-05-08,0,2,clean_time_group_fixed,0.1418516406746032
TR-003469,TR-C02363,2024-05-08,0,2,clean_time_group_fixed,0.07842573226334598
TR-007598,TR-C05570,2024-05-08,0,2,clean_time_group_fixed,0.02330812997878244
TR-007661,TR-C00583,2024-05-08,0,2,clean_time_group_fixed,0.01703352352447345
TR-001433,TR-C05757,2024-05-09,0,2,clean_time_group_fixed,0.031345186736662235
TR-003155,TR-C05317,2024-05-09,0,2,clean_time_group_fixed,0.010567674199038557
TR-006571,TR-C05455,2024-05-09,0,2,clean_time_group_fixed,0.019947309643269472
TR-006946,TR-C03742,2024-05-09,0,2,clean_time_group_fixed,0.026471541263132094
TR-006968,TR-C04338,2024-05-09,1,2,clean_time_group_fixed,0.241024978137593
TR-009884,TR-C04055,2024-05-09,1,2,clean_time_group_fixed,0.034737361908503156
TR-009974,TR-C03757,2024-05-09,0,2,clean_time_group_fixed,0.014730461825309848
TR-000483,TR-C02405,2024-05-10,0,2,clean_time_group_fixed,0.01860733556577109
TR-001442,TR-C05373,2024-05-10,0,2,clean_time_group_fixed,0.013337344625791352
TR-001883,TR-C00552,2024-05-10,0,2,clean_time_group_fixed,0.012905928565209996
TR-003198,TR-C00835,2024-05-10,0,2,clean_time_group_fixed,0.0614857002532932
TR-004171,TR-C01752,2024-05-10,0,2,clean_time_group_fixed,0.007991055907899103
TR-006920,TR-C03991,2024-05-10,0,2,clean_time_group_fixed,0.028301548317690408
TR-007031,TR-C06495,2024-05-10,1,2,clean_time_group_fixed,0.6732108735221644
TR-007444,TR-C03835,2024-05-10,0,2,clean_time_group_fixed,0.02345304631075789
TR-008916,TR-C01527,2024-05-10,1,2,clean_time_group_fixed,0.1812526236118386
TR-008959,TR-C00966,2024-05-10,0,2,clean_time_group_fixed,0.10255834894194187
TR-009936,TR-C06018,2024-05-10,0,2,clean_time_group_fixed,0.016732317681627636
TR-000092,TR-C06247,2024-05-11,0,2,clean_time_group_fixed,0.0757694360392834
TR-000332,TR-C03567,2024-05-11,0,2,clean_time_group_fixed,0.0431133061068619
TR-000803,TR-C02610,2024-05-11,0,2,clean_time_group_fixed,0.015518595973140783
TR-000833,TR-C02037,2024-05-11,0,2,clean_time_group_fixed,0.02192767714537329
TR-001804,TR-C01809,2024-05-11,1,2,clean_time_group_fixed,0.145477595428834
TR-008089,TR-C00719,2024-05-11,0,2,clean_time_group_fixed,0.23944643283741404
TR-008244,TR-C01310,2024-05-11,0,2,clean_time_group_fixed,0.008660692445875686
TR-008598,TR-C01581,2024-05-11,0,2,clean_time_group_fixed,0.06868808073611077
TR-000293,TR-C02669,2024-05-12,0,2,clean_time_group_fixed,0.011913373408278471
TR-002690,TR-C01311,2024-05-12,0,2,clean_time_group_fixed,0.047279187439459
TR-003242,TR-C00312,2024-05-12,0,2,clean_time_group_fixed,0.10339881626970901
TR-003808,TR-C03568,2024-05-12,0,2,clean_time_group_fixed,0.033540808784889097
TR-004782,TR-C03576,2024-05-12,0,2,clean_time_group_fixed,0.014928392430194289
TR-008147,TR-C02045,2024-05-12,1,2,clean_time_group_fixed,0.06162436700239969
TR-008992,TR-C04659,2024-05-12,0,2,clean_time_group_fixed,0.03755231175554834
TR-009735,TR-C05453,2024-05-12,0,2,clean_time_group_fixed,0.20766142570354468
TR-000186,TR-C02187,2024-05-13,0,2,clean_time_group_fixed,0.027565025188451803
TR-001120,TR-C00468,2024-05-13,0,2,clean_time_group_fixed,0.02136211255743323
TR-003300,TR-C04293,2024-05-13,0,2,clean_time_group_fixed,0.009171744729369049
TR-003627,TR-C05417,2024-05-13,0,2,clean_time_group_fixed,0.045666978266983724
TR-003823,TR-C02926,2024-05-13,0,2,clean_time_group_fixed,0.1460702142688697
TR-004041,TR-C05704,2024-05-13,0,2,clean_time_group_fixed,0.023577747178944918
TR-005480,TR-C06133,2024-05-13,0,2,clean_time_group_fixed,0.05895038870150643
TR-007871,TR-C04164,2024-05-13,0,2,clean_time_group_fixed,0.01595489986389779
TR-008603,TR-C00631,2024-05-13,0,2,clean_time_group_fixed,0.07082013235371575
TR-008900,TR-C01005,2024-05-13,0,2,clean_time_group_fixed,0.06174436668577566
TR-009172,TR-C05570,2024-05-13,0,2,clean_time_group_fixed,0.013678333166744832
TR-009902,TR-C02287,2024-05-13,0,2,clean_time_group_fixed,0.19546728656329487
TR-000425,TR-C00371,2024-05-14,0,2,clean_time_group_fixed,0.05735527395079265
TR-000805,TR-C04674,2024-05-14,0,2,clean_time_group_fixed,0.01853780467473291
TR-001077,TR-C05943,2024-05-14,0,2,clean_time_group_fixed,0.048950767581946185
TR-001210,TR-C02403,2024-05-14,0,2,clean_time_group_fixed,0.07021897205608409
TR-002455,TR-C03281,2024-05-14,1,2,clean_time_group_fixed,0.19782252049821414
TR-004101,TR-C05834,2024-05-14,0,2,clean_time_group_fixed,0.020368390087169574
TR-008149,TR-C02801,2024-05-14,0,2,clean_time_group_fixed,0.0795609370280979
TR-008352,TR-C06138,2024-05-14,0,2,clean_time_group_fixed,0.06432559036367116
TR-009490,TR-C02148,2024-05-14,0,2,clean_time_group_fixed,0.02147161379991009
TR-000241,TR-C01677,2024-05-15,0,2,clean_time_group_fixed,0.011830764418867861
TR-000370,TR-C04805,2024-05-15,0,2,clean_time_group_fixed,0.11872128295069577
TR-001003,TR-C00352,2024-05-15,0,2,clean_time_group_fixed,0.1147715333344326
TR-001297,TR-C02433,2024-05-15,0,2,clean_time_group_fixed,0.5399193391734874
TR-002830,TR-C00761,2024-05-15,0,2,clean_time_group_fixed,0.06663331663519059
TR-003321,TR-C00016,2024-05-15,0,2,clean_time_group_fixed,0.02319432718831841
TR-004252,TR-C02011,2024-05-15,0,2,clean_time_group_fixed,0.6917582236891496
TR-006077,TR-C03211,2024-05-15,1,2,clean_time_group_fixed,0.6777567118352729
TR-006631,TR-C01297,2024-05-15,0,2,clean_time_group_fixed,0.015638432862451736
TR-006655,TR-C06169,2024-05-15,0,2,clean_time_group_fixed,0.02267752004449675
TR-008928,TR-C02610,2024-05-15,0,2,clean_time_group_fixed,0.02802831180806598
TR-000242,TR-C04080,2024-05-16,0,2,clean_time_group_fixed,0.06971777285548789
TR-001248,TR-C06048,2024-05-16,0,2,clean_time_group_fixed,0.009574285193892394
TR-002148,TR-C02582,2024-05-16,0,2,clean_time_group_fixed,0.05541055497252995
TR-007056,TR-C02576,2024-05-16,0,2,clean_time_group_fixed,0.06960084589252556
TR-007405,TR-C03616,2024-05-16,0,2,clean_time_group_fixed,0.024301515436184553
TR-007591,TR-C00969,2024-05-16,0,2,clean_time_group_fixed,0.033844715941259235
TR-007973,TR-C02133,2024-05-16,0,2,clean_time_group_fixed,0.016520908630448396
TR-008643,TR-C04723,2024-05-16,0,2,clean_time_group_fixed,0.01616856658189687
TR-009000,TR-C03408,2024-05-16,1,2,clean_time_group_fixed,0.7179403642085331
TR-000516,TR-C03024,2024-05-17,0,2,clean_time_group_fixed,0.1121161349295531
TR-000723,TR-C00620,2024-05-17,0,2,clean_time_group_fixed,0.01971930462570773
TR-005381,TR-C04698,2024-05-17,0,2,clean_time_group_fixed,0.04836339980866836
TR-005677,TR-C00447,2024-05-17,0,2,clean_time_group_fixed,0.020470337675188622
TR-007178,TR-C00528,2024-05-17,0,2,clean_time_group_fixed,0.031095585598379685
TR-008120,TR-C05920,2024-05-17,0,2,clean_time_group_fixed,0.05388792454625446
TR-008369,TR-C00667,2024-05-17,0,2,clean_time_group_fixed,0.01702370921755736
TR-008441,TR-C00756,2024-05-17,1,2,clean_time_group_fixed,0.024398421173206182
TR-008717,TR-C03958,2024-05-17,0,2,clean_time_group_fixed,0.09452803977139725
TR-008987,TR-C05783,2024-05-17,0,2,clean_time_group_fixed,0.025079947196995155
TR-002693,TR-C06049,2024-05-18,0,2,clean_time_group_fixed,0.10991195205803955
TR-002702,TR-C00991,2024-05-18,0,2,clean_time_group_fixed,0.016274558271157067
TR-003102,TR-C05044,2024-05-18,0,2,clean_time_group_fixed,0.07557823530243965
TR-003604,TR-C01657,2024-05-18,0,2,clean_time_group_fixed,0.016109509559516292
TR-004995,TR-C03300,2024-05-18,0,2,clean_time_group_fixed,0.01673532261133662
TR-006782,TR-C04683,2024-05-18,1,2,clean_time_group_fixed,0.39996771029717326
TR-007419,TR-C03304,2024-05-18,0,2,clean_time_group_fixed,0.017738346105177234
TR-008798,TR-C06263,2024-05-18,0,2,clean_time_group_fixed,0.05549178590716226
TR-004629,TR-C00409,2024-05-19,0,2,clean_time_group_fixed,0.038937719465591505
TR-004793,TR-C00319,2024-05-19,0,2,clean_time_group_fixed,0.08552676866073586
TR-005016,TR-C06334,2024-05-19,0,2,clean_time_group_fixed,0.015907505761823985
TR-006046,TR-C03803,2024-05-19,0,2,clean_time_group_fixed,0.0845029254387621
TR-007192,TR-C04654,2024-05-19,0,2,clean_time_group_fixed,0.01999968383425431
TR-008416,TR-C04009,2024-05-19,0,2,clean_time_group_fixed,0.01789034390600192
TR-000488,TR-C00061,2024-05-20,0,2,clean_time_group_fixed,0.20457765550007878
TR-000841,TR-C03485,2024-05-20,0,2,clean_time_group_fixed,0.023469747603715417
TR-001097,TR-C05560,2024-05-20,0,2,clean_time_group_fixed,0.06904551507328387
TR-001193,TR-C01340,2024-05-20,0,2,clean_time_group_fixed,0.028446544141957186
TR-001477,TR-C03703,2024-05-20,0,2,clean_time_group_fixed,0.02795976066140262
TR-002043,TR-C05138,2024-05-20,0,2,clean_time_group_fixed,0.04231691283358303
TR-003049,TR-C04999,2024-05-20,0,2,clean_time_group_fixed,0.029536682691720474
TR-005837,TR-C03244,2024-05-20,0,2,clean_time_group_fixed,0.013580601291035522
TR-007043,TR-C04570,2024-05-20,0,2,clean_time_group_fixed,0.02074384492285105
TR-007907,TR-C03754,2024-05-20,0,2,clean_time_group_fixed,0.033857905548271505
TR-008940,TR-C00274,2024-05-20,0,2,clean_time_group_fixed,0.026350619294100524
TR-009597,TR-C02289,2024-05-20,0,2,clean_time_group_fixed,0.011223088102437963
TR-009814,TR-C00821,2024-05-20,0,2,clean_time_group_fixed,0.044618706592711686
TR-000541,TR-C01766,2024-05-21,0,2,clean_time_group_fixed,0.01020472456694151
TR-000683,TR-C05221,2024-05-21,0,2,clean_time_group_fixed,0.023916418500805784
TR-001059,TR-C01504,2024-05-21,0,2,clean_time_group_fixed,0.0144292083195541
TR-001139,TR-C06366,2024-05-21,0,2,clean_time_group_fixed,0.19911640911016312
TR-002558,TR-C06412,2024-05-21,0,2,clean_time_group_fixed,0.08492667731183347
TR-004231,TR-C00776,2024-05-21,0,2,clean_time_group_fixed,0.03180520655329776
TR-004255,TR-C04219,2024-05-21,0,2,clean_time_group_fixed,0.02512573618805656
TR-004824,TR-C01383,2024-05-21,0,2,clean_time_group_fixed,0.028734755853154357
TR-005439,TR-C01916,2024-05-21,0,2,clean_time_group_fixed,0.012039285948842874
TR-006475,TR-C05207,2024-05-21,0,2,clean_time_group_fixed,0.06024704735430213
TR-008392,TR-C02647,2024-05-21,0,2,clean_time_group_fixed,0.023715916537715646
TR-008456,TR-C03054,2024-05-21,0,2,clean_time_group_fixed,0.24739091388582157
TR-008817,TR-C01996,2024-05-21,0,2,clean_time_group_fixed,0.009729572125483628
TR-000271,TR-C03389,2024-05-22,0,2,clean_time_group_fixed,0.019009543990429884
TR-000326,TR-C03810,2024-05-22,0,2,clean_time_group_fixed,0.01156494925258822
TR-000882,TR-C00948,2024-05-22,0,2,clean_time_group_fixed,0.07454252886070313
TR-002259,TR-C02852,2024-05-22,0,2,clean_time_group_fixed,0.027599537240588452
TR-003113,TR-C03320,2024-05-22,0,2,clean_time_group_fixed,0.014406184129932687
TR-006514,TR-C04363,2024-05-22,0,2,clean_time_group_fixed,0.010831931585984828
TR-007533,TR-C01548,2024-05-22,0,2,clean_time_group_fixed,0.022677133301808743
TR-000455,TR-C06231,2024-05-23,0,2,clean_time_group_fixed,0.028913462046088724
TR-000914,TR-C00575,2024-05-23,0,2,clean_time_group_fixed,0.08238061058460829
TR-003652,TR-C01642,2024-05-23,0,2,clean_time_group_fixed,0.014466205863874954
TR-004736,TR-C03021,2024-05-23,0,2,clean_time_group_fixed,0.09615515707299124
TR-006853,TR-C03544,2024-05-23,0,2,clean_time_group_fixed,0.13410401955343365
TR-007096,TR-C03217,2024-05-23,0,2,clean_time_group_fixed,0.009999575811009314
TR-007099,TR-C01125,2024-05-23,1,2,clean_time_group_fixed,0.01654368912349773
TR-007581,TR-C04458,2024-05-23,0,2,clean_time_group_fixed,0.013441178090995803
TR-007820,TR-C02746,2024-05-23,0,2,clean_time_group_fixed,0.15553989716598102
TR-008911,TR-C04994,2024-05-23,0,2,clean_time_group_fixed,0.008307791764978069
TR-009069,TR-C02231,2024-05-23,0,2,clean_time_group_fixed,0.017018750350446255
TR-009187,TR-C01378,2024-05-23,0,2,clean_time_group_fixed,0.04511977552533573
TR-000501,TR-C03601,2024-05-24,0,2,clean_time_group_fixed,0.024951699796175057
TR-001923,TR-C01030,2024-05-24,1,2,clean_time_group_fixed,0.5538524694104007
TR-002510,TR-C02273,2024-05-24,0,2,clean_time_group_fixed,0.052678694674164125
TR-003402,TR-C05228,2024-05-24,0,2,clean_time_group_fixed,0.02128360450899145
TR-003552,TR-C02902,2024-05-24,0,2,clean_time_group_fixed,0.012701574608489707
TR-006428,TR-C04360,2024-05-24,1,2,clean_time_group_fixed,0.12957979628551017
TR-006687,TR-C03307,2024-05-24,0,2,clean_time_group_fixed,0.3067614629475899
TR-006891,TR-C02880,2024-05-24,0,2,clean_time_group_fixed,0.08584513418888326
TR-007145,TR-C00789,2024-05-24,0,2,clean_time_group_fixed,0.015729967470955487
TR-001942,TR-C00465,2024-05-25,0,2,clean_time_group_fixed,0.02774117100028105
TR-002703,TR-C06015,2024-05-25,0,2,clean_time_group_fixed,0.027677213161812816
TR-003931,TR-C03977,2024-05-25,0,2,clean_time_group_fixed,0.010332080120419963
TR-005162,TR-C01252,2024-05-25,0,2,clean_time_group_fixed,0.06534145547162355
TR-006677,TR-C05280,2024-05-25,0,2,clean_time_group_fixed,0.01898497575252142
TR-006679,TR-C05876,2024-05-25,1,2,clean_time_group_fixed,0.5915336272018176
TR-007498,TR-C00629,2024-05-25,0,2,clean_time_group_fixed,0.28784402081293325
TR-008740,TR-C01850,2024-05-25,0,2,clean_time_group_fixed,0.011027659072602962
TR-009330,TR-C05639,2024-05-25,0,2,clean_time_group_fixed,0.247798194700267
TR-000018,TR-C03539,2024-05-26,0,2,clean_time_group_fixed,0.08544862784847285
TR-002124,TR-C04638,2024-05-26,0,2,clean_time_group_fixed,0.09311597466873828
TR-003195,TR-C02137,2024-05-26,0,2,clean_time_group_fixed,0.019318842253118158
TR-004488,TR-C05707,2024-05-26,0,2,clean_time_group_fixed,0.11612834066380236
TR-006439,TR-C05616,2024-05-26,0,2,clean_time_group_fixed,0.009734045459443745
TR-007294,TR-C06156,2024-05-26,0,2,clean_time_group_fixed,0.07116961469360843
TR-007313,TR-C04995,2024-05-26,0,2,clean_time_group_fixed,0.009643757703379982
TR-007731,TR-C00344,2024-05-26,0,2,clean_time_group_fixed,0.016953366897606775
TR-008475,TR-C04241,2024-05-26,0,2,clean_time_group_fixed,0.009476705821597303
TR-009194,TR-C02154,2024-05-26,0,2,clean_time_group_fixed,0.02392566766543941
TR-009767,TR-C04660,2024-05-26,0,2,clean_time_group_fixed,0.0645830018224474
TR-000595,TR-C06369,2024-05-27,0,2,clean_time_group_fixed,0.03084191529608552
TR-000960,TR-C02597,2024-05-27,0,2,clean_time_group_fixed,0.037443072759279994
TR-001236,TR-C04346,2024-05-27,0,2,clean_time_group_fixed,0.014804771228175204
TR-001710,TR-C02119,2024-05-27,0,2,clean_time_group_fixed,0.016652894254576677
TR-004967,TR-C01596,2024-05-27,0,2,clean_time_group_fixed,0.0129501791977434
TR-008172,TR-C02479,2024-05-27,0,2,clean_time_group_fixed,0.038495928899166754
TR-009141,TR-C04453,2024-05-27,0,2,clean_time_group_fixed,0.05811350207405511
TR-009749,TR-C00755,2024-05-27,0,2,clean_time_group_fixed,0.04819345822282527
TR-009967,TR-C06451,2024-05-27,0,2,clean_time_group_fixed,0.050942887122155445
TR-000146,TR-C02666,2024-05-28,0,2,clean_time_group_fixed,0.021870779832449564
TR-001209,TR-C05802,2024-05-28,0,2,clean_time_group_fixed,0.023320927360476876
TR-002507,TR-C06173,2024-05-28,0,2,clean_time_group_fixed,0.02224086301291848
TR-002815,TR-C00937,2024-05-28,0,2,clean_time_group_fixed,0.12442079934155315
TR-003522,TR-C05116,2024-05-28,0,2,clean_time_group_fixed,0.02493634706567478
TR-003769,TR-C04102,2024-05-28,0,2,clean_time_group_fixed,0.022045885462049292
TR-005125,TR-C01815,2024-05-28,0,2,clean_time_group_fixed,0.1046515299055156
TR-005323,TR-C05783,2024-05-28,0,2,clean_time_group_fixed,0.1651521792453617
TR-006133,TR-C01195,2024-05-28,0,2,clean_time_group_fixed,0.025862627375310164
TR-007280,TR-C04957,2024-05-28,0,2,clean_time_group_fixed,0.027453497253765908
TR-008748,TR-C06290,2024-05-28,1,2,clean_time_group_fixed,0.6238296778740531
TR-009280,TR-C05696,2024-05-28,0,2,clean_time_group_fixed,0.018990945238682274
TR-009285,TR-C04886,2024-05-28,0,2,clean_time_group_fixed,0.008320602852362004
TR-009728,TR-C04001,2024-05-28,0,2,clean_time_group_fixed,0.023941266056110334
TR-001096,TR-C05988,2024-05-29,1,2,clean_time_group_fixed,0.035110102598226556
TR-003334,TR-C02181,2024-05-29,0,2,clean_time_group_fixed,0.013333671026812686
TR-004898,TR-C03882,2024-05-29,0,2,clean_time_group_fixed,0.0937054153913715
TR-005657,TR-C00729,2024-05-29,0,2,clean_time_group_fixed,0.015663377337463393
TR-006587,TR-C00376,2024-05-29,0,2,clean_time_group_fixed,0.03120633677307204
TR-007975,TR-C00887,2024-05-29,1,2,clean_time_group_fixed,0.2542046360939098
TR-008975,TR-C04717,2024-05-29,0,2,clean_time_group_fixed,0.09794381946412105
TR-009241,TR-C05301,2024-05-29,0,2,clean_time_group_fixed,0.17090733770113944
TR-000511,TR-C01778,2024-05-30,0,2,clean_time_group_fixed,0.01851244442607535
TR-000675,TR-C03982,2024-05-30,0,2,clean_time_group_fixed,0.03626547010168141
TR-000969,TR-C00938,2024-05-30,0,2,clean_time_group_fixed,0.01781389414579
TR-002023,TR-C05906,2024-05-30,0,2,clean_time_group_fixed,0.03067076266504913
TR-002194,TR-C06433,2024-05-30,0,2,clean_time_group_fixed,0.028014287613855157
TR-002584,TR-C02904,2024-05-30,0,2,clean_time_group_fixed,0.3986475107610569
TR-002674,TR-C03629,2024-05-30,0,2,clean_time_group_fixed,0.2178268416607383
TR-003125,TR-C00650,2024-05-30,0,2,clean_time_group_fixed,0.008261252374030643
TR-003267,TR-C05937,2024-05-30,0,2,clean_time_group_fixed,0.055687330222689436
TR-003290,TR-C05295,2024-05-30,0,2,clean_time_group_fixed,0.20288458530574136
TR-004354,TR-C00359,2024-05-30,0,2,clean_time_group_fixed,0.029454482316345343
TR-004541,TR-C04829,2024-05-30,0,2,clean_time_group_fixed,0.015970998198329502
TR-005745,TR-C03076,2024-05-30,0,2,clean_time_group_fixed,0.10434391453640647
TR-006603,TR-C00999,2024-05-30,0,2,clean_time_group_fixed,0.02379826095592472
TR-008819,TR-C04605,2024-05-30,1,2,clean_time_group_fixed,0.37780480980869735
TR-009547,TR-C05603,2024-05-30,0,2,clean_time_group_fixed,0.011373523875365983
TR-009823,TR-C03782,2024-05-30,0,2,clean_time_group_fixed,0.020918348022996705
TR-009945,TR-C00560,2024-05-30,0,2,clean_time_group_fixed,0.10159749454501689
TR-001493,TR-C04278,2024-05-31,0,2,clean_time_group_fixed,0.009960301750723046
TR-003597,TR-C00694,2024-05-31,0,2,clean_time_group_fixed,0.03955765858444224
TR-003992,TR-C02760,2024-05-31,0,2,clean_time_group_fixed,0.04364227872059152
TR-004920,TR-C04910,2024-05-31,0,2,clean_time_group_fixed,0.2503135824211808
TR-005601,TR-C04618,2024-05-31,0,2,clean_time_group_fixed,0.020831687534932416
TR-007202,TR-C01332,2024-05-31,0,2,clean_time_group_fixed,0.06331216524318352
TR-008174,TR-C02992,2024-05-31,0,2,clean_time_group_fixed,0.020827268553684927
TR-008655,TR-C02001,2024-05-31,0,2,clean_time_group_fixed,0.3531009789887024
TR-008710,TR-C04166,2024-05-31,0,2,clean_time_group_fixed,0.11189417192771534
TR-009538,TR-C02214,2024-05-31,0,2,clean_time_group_fixed,0.03847117657892867
TR-001328,TR-C03573,2024-06-01,0,2,clean_time_group_fixed,0.011196549634935844
TR-003004,TR-C04733,2024-06-01,0,2,clean_time_group_fixed,0.026923908531952433
TR-004375,TR-C02136,2024-06-01,0,2,clean_time_group_fixed,0.02299015932450591
TR-004477,TR-C03138,2024-06-01,0,2,clean_time_group_fixed,0.015504940564271518
TR-006298,TR-C02823,2024-06-01,0,2,clean_time_group_fixed,0.012167375997980243
TR-006693,TR-C02173,2024-06-01,0,2,clean_time_group_fixed,0.06940466496869895
TR-007081,TR-C03054,2024-06-01,0,2,clean_time_group_fixed,0.18454933552937083
TR-009725,TR-C03806,2024-06-01,0,2,clean_time_group_fixed,0.03391046469132311
TR-001131,TR-C05771,2024-06-02,0,2,clean_time_group_fixed,0.01119223800027163
TR-002527,TR-C02294,2024-06-02,0,2,clean_time_group_fixed,0.027179051789495423
TR-004521,TR-C05527,2024-06-02,0,2,clean_time_group_fixed,0.14716348778521732
TR-004747,TR-C06417,2024-06-02,0,2,clean_time_group_fixed,0.00969607530664842
TR-004943,TR-C00755,2024-06-02,0,2,clean_time_group_fixed,0.2078966382577491
TR-006364,TR-C02262,2024-06-02,0,2,clean_time_group_fixed,0.15105263788253562
TR-006437,TR-C00427,2024-06-02,0,2,clean_time_group_fixed,0.03679342262497292
TR-009591,TR-C00755,2024-06-02,1,2,clean_time_group_fixed,0.7112465693901866
TR-009993,TR-C00908,2024-06-02,0,2,clean_time_group_fixed,0.3211244151265685
TR-001524,TR-C05675,2024-06-03,0,2,clean_time_group_fixed,0.0691762277913495
TR-001879,TR-C02728,2024-06-03,0,2,clean_time_group_fixed,0.02010973801836313
TR-004289,TR-C02452,2024-06-03,0,2,clean_time_group_fixed,0.06770818915959854
TR-004310,TR-C05011,2024-06-03,0,2,clean_time_group_fixed,0.07205199464091849
TR-005058,TR-C05088,2024-06-03,0,2,clean_time_group_fixed,0.04677381299635733
TR-007994,TR-C02497,2024-06-03,0,2,clean_time_group_fixed,0.0153821528406658
TR-009750,TR-C01624,2024-06-03,0,2,clean_time_group_fixed,0.03767351614852436
TR-009985,TR-C03993,2024-06-03,0,2,clean_time_group_fixed,0.010900323595713236
TR-000032,TR-C01134,2024-06-04,0,2,clean_time_group_fixed,0.12540100214214428
TR-001026,TR-C00486,2024-06-04,0,2,clean_time_group_fixed,0.14958046485549778
TR-001721,TR-C02087,2024-06-04,0,2,clean_time_group_fixed,0.013686882248981657
TR-002934,TR-C03813,2024-06-04,0,2,clean_time_group_fixed,0.033592596786280945
TR-006721,TR-C05312,2024-06-04,0,2,clean_time_group_fixed,0.033166125169430995
TR-008323,TR-C03691,2024-06-04,0,2,clean_time_group_fixed,0.03191759730236567
TR-000377,TR-C01108,2024-06-05,0,2,clean_time_group_fixed,0.05500252218688948
TR-001355,TR-C02217,2024-06-05,0,2,clean_time_group_fixed,0.014997506975505519
TR-001482,TR-C00016,2024-06-05,0,2,clean_time_group_fixed,0.012663722111685665
TR-002171,TR-C03968,2024-06-05,0,2,clean_time_group_fixed,0.057486268599463285
TR-002394,TR-C04007,2024-06-05,0,2,clean_time_group_fixed,0.057442256661257074
TR-002458,TR-C04313,2024-06-05,0,2,clean_time_group_fixed,0.19043023453561286
TR-006743,TR-C03378,2024-06-05,0,2,clean_time_group_fixed,0.15158123606436985
TR-008003,TR-C03375,2024-06-05,0,2,clean_time_group_fixed,0.018748072837617605
TR-009052,TR-C01466,2024-06-05,0,2,clean_time_group_fixed,0.009770886969154147
TR-009165,TR-C02613,2024-06-05,0,2,clean_time_group_fixed,0.008518087351243781
TR-003390,TR-C01125,2024-06-06,0,2,clean_time_group_fixed,0.016966128944005614
TR-003528,TR-C01766,2024-06-06,0,2,clean_time_group_fixed,0.014009649064785317
TR-003887,TR-C01554,2024-06-06,0,2,clean_time_group_fixed,0.06720682025902583
TR-004084,TR-C02099,2024-06-06,1,2,clean_time_group_fixed,0.23442689434034034
TR-004292,TR-C00841,2024-06-06,0,2,clean_time_group_fixed,0.16350383849657854
TR-004442,TR-C00563,2024-06-06,0,2,clean_time_group_fixed,0.04057982619988199
TR-004975,TR-C01285,2024-06-06,0,2,clean_time_group_fixed,0.04014004113500522
TR-005255,TR-C04443,2024-06-06,0,2,clean_time_group_fixed,0.03400169430806216
TR-005500,TR-C05867,2024-06-06,0,2,clean_time_group_fixed,0.03095601371105019
TR-005913,TR-C05935,2024-06-06,0,2,clean_time_group_fixed,0.03519758590959847
TR-007465,TR-C04730,2024-06-06,0,2,clean_time_group_fixed,0.10375495555161383
TR-008138,TR-C04051,2024-06-06,0,2,clean_time_group_fixed,0.01009580161414398
TR-008261,TR-C01336,2024-06-06,0,2,clean_time_group_fixed,0.041876744800960077
TR-008630,TR-C04761,2024-06-06,0,2,clean_time_group_fixed,0.030729379663956016
TR-008719,TR-C02017,2024-06-06,0,2,clean_time_group_fixed,0.018213886614473485
TR-009173,TR-C02223,2024-06-06,0,2,clean_time_group_fixed,0.014534535820690444
TR-000600,TR-C06290,2024-06-07,0,2,clean_time_group_fixed,0.0209384270452282
TR-000909,TR-C04810,2024-06-07,0,2,clean_time_group_fixed,0.033907496275104546
TR-001761,TR-C01906,2024-06-07,0,2,clean_time_group_fixed,0.024988352876645168
TR-002061,TR-C01267,2024-06-07,0,2,clean_time_group_fixed,0.07165716994714023
TR-002224,TR-C00926,2024-06-07,0,2,clean_time_group_fixed,0.04403723474519146
TR-002291,TR-C05965,2024-06-07,0,2,clean_time_group_fixed,0.29381754921852204
TR-002757,TR-C02193,2024-06-07,0,2,clean_time_group_fixed,0.13509758789875312
TR-003609,TR-C06266,2024-06-07,0,2,clean_time_group_fixed,0.007599191708241025
TR-007857,TR-C03755,2024-06-07,0,2,clean_time_group_fixed,0.007610141040577463
TR-001029,TR-C05816,2024-06-08,0,2,clean_time_group_fixed,0.14128271378246876
TR-001032,TR-C01361,2024-06-08,0,2,clean_time_group_fixed,0.03041619321878945
TR-001072,TR-C03729,2024-06-08,0,2,clean_time_group_fixed,0.14816696141828348
TR-001755,TR-C04383,2024-06-08,0,2,clean_time_group_fixed,0.008481984522247474
TR-004148,TR-C05633,2024-06-08,0,2,clean_time_group_fixed,0.04523682860013878
TR-004609,TR-C02060,2024-06-08,0,2,clean_time_group_fixed,0.09357831523638752
TR-004752,TR-C06296,2024-06-08,0,2,clean_time_group_fixed,0.03593728553189138
TR-004770,TR-C06459,2024-06-08,0,2,clean_time_group_fixed,0.009252623928067468
TR-004886,TR-C05215,2024-06-08,0,2,clean_time_group_fixed,0.012893510142794004
TR-005302,TR-C02249,2024-06-08,0,2,clean_time_group_fixed,0.020753561612908904
TR-006577,TR-C01150,2024-06-08,0,2,clean_time_group_fixed,0.05097103197666222
TR-007616,TR-C01899,2024-06-08,0,2,clean_time_group_fixed,0.008971918152312469
TR-009535,TR-C04161,2024-06-08,0,2,clean_time_group_fixed,0.01599110167100535
TR-009606,TR-C00272,2024-06-08,0,2,clean_time_group_fixed,0.0432391732670982
TR-000926,TR-C00130,2024-06-09,0,2,clean_time_group_fixed,0.007830673300709447
TR-001570,TR-C02117,2024-06-09,0,2,clean_time_group_fixed,0.036281109716212914
TR-004217,TR-C00531,2024-06-09,0,2,clean_time_group_fixed,0.08582743039125165
TR-004341,TR-C06235,2024-06-09,0,2,clean_time_group_fixed,0.02572328797307875
TR-005135,TR-C03588,2024-06-09,0,2,clean_time_group_fixed,0.015910722239503527
TR-005342,TR-C00946,2024-06-09,0,2,clean_time_group_fixed,0.00900870800521704
TR-006495,TR-C05648,2024-06-09,0,2,clean_time_group_fixed,0.36562449057150764
TR-006663,TR-C03009,2024-06-09,1,2,clean_time_group_fixed,0.11331628137861158
TR-007644,TR-C03909,2024-06-09,0,2,clean_time_group_fixed,0.07732602268622202
TR-008356,TR-C00731,2024-06-09,1,2,clean_time_group_fixed,0.15644629264428392
TR-009094,TR-C03815,2024-06-09,0,2,clean_time_group_fixed,0.21318322360721295
TR-009213,TR-C00266,2024-06-09,0,2,clean_time_group_fixed,0.009172304200376883
TR-000529,TR-C02785,2024-06-10,0,2,clean_time_group_fixed,0.032918754454833055
TR-000572,TR-C02019,2024-06-10,0,2,clean_time_group_fixed,0.11580205858006774
TR-000750,TR-C02204,2024-06-10,0,2,clean_time_group_fixed,0.08873193327410181
TR-001657,TR-C05089,2024-06-10,0,2,clean_time_group_fixed,0.013472387101900924
TR-004086,TR-C01036,2024-06-10,0,2,clean_time_group_fixed,0.012752494368144861
TR-007158,TR-C00625,2024-06-10,0,2,clean_time_group_fixed,0.016323728673877453
TR-008511,TR-C05501,2024-06-10,0,2,clean_time_group_fixed,0.008932581582138036
TR-008939,TR-C04522,2024-06-10,0,2,clean_time_group_fixed,0.02138689328782341
TR-000589,TR-C05377,2024-06-11,0,2,clean_time_group_fixed,0.027946785644897783
TR-000814,TR-C00524,2024-06-11,0,2,clean_time_group_fixed,0.12569501824786952
TR-002616,TR-C01089,2024-06-11,0,2,clean_time_group_fixed,0.13797497457079902
TR-003640,TR-C04386,2024-06-11,0,2,clean_time_group_fixed,0.4288468198318764
TR-003643,TR-C05726,2024-06-11,0,2,clean_time_group_fixed,0.0743731869954568
TR-006988,TR-C02455,2024-06-11,0,2,clean_time_group_fixed,0.027194100270090116
TR-000635,TR-C06031,2024-06-12,0,2,clean_time_group_fixed,0.09576050144027265
TR-001951,TR-C06172,2024-06-12,0,2,clean_time_group_fixed,0.012984194662444552
TR-002235,TR-C01811,2024-06-12,0,2,clean_time_group_fixed,0.0370877211119618
TR-002380,TR-C05809,2024-06-12,0,2,clean_time_group_fixed,0.02012405551246341
TR-002972,TR-C02349,2024-06-12,0,2,clean_time_group_fixed,0.017455616702944935
TR-003224,TR-C06044,2024-06-12,0,2,clean_time_group_fixed,0.05917292405927966
TR-003296,TR-C05726,2024-06-12,0,2,clean_time_group_fixed,0.03741453988950464
TR-003661,TR-C04181,2024-06-12,0,2,clean_time_group_fixed,0.010781107670957236
TR-004579,TR-C05409,2024-06-12,0,2,clean_time_group_fixed,0.008062319544282662
TR-004612,TR-C03578,2024-06-12,0,2,clean_time_group_fixed,0.009959500896635616
TR-004720,TR-C04077,2024-06-12,1,2,clean_time_group_fixed,0.1244729709814912
TR-006472,TR-C04322,2024-06-12,0,2,clean_time_group_fixed,0.022205346388830472
TR-006553,TR-C01164,2024-06-12,0,2,clean_time_group_fixed,0.027671222937759934
TR-007259,TR-C00755,2024-06-12,1,2,clean_time_group_fixed,0.7358512572007169
TR-007478,TR-C01807,2024-06-12,0,2,clean_time_group_fixed,0.013493026244118888
TR-007510,TR-C02858,2024-06-12,0,2,clean_time_group_fixed,0.03904638071186837
TR-007522,TR-C05726,2024-06-12,1,2,clean_time_group_fixed,0.34927129068769774
TR-007752,TR-C00795,2024-06-12,0,2,clean_time_group_fixed,0.029944538492969613
TR-007754,TR-C02395,2024-06-12,0,2,clean_time_group_fixed,0.018638486114761228
TR-008124,TR-C04492,2024-06-12,0,2,clean_time_group_fixed,0.1416874910543034
TR-009855,TR-C05306,2024-06-12,0,2,clean_time_group_fixed,0.018171109841953418
TR-002802,TR-C03938,2024-06-13,0,2,clean_time_group_fixed,0.06253662685721952
TR-002853,TR-C00840,2024-06-13,1,2,clean_time_group_fixed,0.21739847310574598
TR-003837,TR-C01384,2024-06-13,0,2,clean_time_group_fixed,0.019367575466557152
TR-004568,TR-C01827,2024-06-13,0,2,clean_time_group_fixed,0.06590815718846298
TR-005642,TR-C04908,2024-06-13,0,2,clean_time_group_fixed,0.039428364816790094
TR-006506,TR-C03866,2024-06-13,0,2,clean_time_group_fixed,0.010168237169289978
TR-007003,TR-C01081,2024-06-13,0,2,clean_time_group_fixed,0.20531056629464156
TR-008718,TR-C05058,2024-06-13,0,2,clean_time_group_fixed,0.018775360193623185
TR-009629,TR-C05875,2024-06-13,0,2,clean_time_group_fixed,0.009673460104299189
TR-001224,TR-C01432,2024-06-14,0,2,clean_time_group_fixed,0.06168910794613944
TR-002146,TR-C01492,2024-06-14,0,2,clean_time_group_fixed,0.11615141460753582
TR-002697,TR-C01307,2024-06-14,0,2,clean_time_group_fixed,0.0174491025577501
TR-002788,TR-C00330,2024-06-14,0,2,clean_time_group_fixed,0.08636326149856456
TR-004308,TR-C05239,2024-06-14,0,2,clean_time_group_fixed,0.06305555058086003
TR-004727,TR-C00153,2024-06-14,0,2,clean_time_group_fixed,0.1547037802418727
TR-005587,TR-C02048,2024-06-14,0,2,clean_time_group_fixed,0.03736855760374759
TR-005895,TR-C04451,2024-06-14,0,2,clean_time_group_fixed,0.10349231342386139
TR-006917,TR-C02994,2024-06-14,0,2,clean_time_group_fixed,0.022467824926258963
TR-007829,TR-C02322,2024-06-14,0,2,clean_time_group_fixed,0.11906042224289766
TR-009516,TR-C00061,2024-06-14,0,2,clean_time_group_fixed,0.19864599717425405
TR-000970,TR-C04551,2024-06-15,0,2,clean_time_group_fixed,0.0205245845130119
TR-000976,TR-C04382,2024-06-15,0,2,clean_time_group_fixed,0.015423182777568567
TR-001115,TR-C06409,2024-06-15,0,2,clean_time_group_fixed,0.016266464835947438
TR-001737,TR-C02598,2024-06-15,0,2,clean_time_group_fixed,0.01099072439337144
TR-002215,TR-C04858,2024-06-15,0,2,clean_time_group_fixed,0.02039899573366192
TR-002615,TR-C02225,2024-06-15,0,2,clean_time_group_fixed,0.015805237810957926
TR-002727,TR-C02602,2024-06-15,0,2,clean_time_group_fixed,0.05396842488518467
TR-006955,TR-C02845,2024-06-15,0,2,clean_time_group_fixed,0.017740373628270027
TR-000170,TR-C04630,2024-06-16,0,2,clean_time_group_fixed,0.01604861224022404
TR-000274,TR-C02360,2024-06-16,0,2,clean_time_group_fixed,0.00855267052328923
TR-000870,TR-C04359,2024-06-16,0,2,clean_time_group_fixed,0.05233888494347753
TR-001860,TR-C04549,2024-06-16,0,2,clean_time_group_fixed,0.025280607791933897
TR-003108,TR-C02025,2024-06-16,0,2,clean_time_group_fixed,0.016995193177361863
TR-003678,TR-C01740,2024-06-16,0,2,clean_time_group_fixed,0.010098543005845706
TR-005523,TR-C04676,2024-06-16,0,2,clean_time_group_fixed,0.06858383893802174
TR-005961,TR-C03277,2024-06-16,1,2,clean_time_group_fixed,0.06113131964142407
TR-006486,TR-C00905,2024-06-16,0,2,clean_time_group_fixed,0.009518685971843145
TR-006582,TR-C03596,2024-06-16,0,2,clean_time_group_fixed,0.030800010917032355
TR-006908,TR-C05525,2024-06-16,0,2,clean_time_group_fixed,0.021192082148514084
TR-007636,TR-C02253,2024-06-16,0,2,clean_time_group_fixed,0.029218981953609575
TR-008660,TR-C03698,2024-06-16,0,2,clean_time_group_fixed,0.02112592323961326
TR-009088,TR-C02614,2024-06-16,0,2,clean_time_group_fixed,0.008965714112394666
TR-000894,TR-C03241,2024-06-17,0,2,clean_time_group_fixed,0.2419148520837383
TR-001100,TR-C00575,2024-06-17,0,2,clean_time_group_fixed,0.07510178083060479
TR-002624,TR-C03713,2024-06-17,0,2,clean_time_group_fixed,0.06728202958896366
TR-004902,TR-C02143,2024-06-17,0,2,clean_time_group_fixed,0.12778644580349893
TR-005442,TR-C05531,2024-06-17,0,2,clean_time_group_fixed,0.1364693020436617
TR-006938,TR-C04069,2024-06-17,0,2,clean_time_group_fixed,0.008880069894225228
TR-007511,TR-C06205,2024-06-17,0,2,clean_time_group_fixed,0.05116263056320788
TR-008275,TR-C05359,2024-06-17,0,2,clean_time_group_fixed,0.11226985358131722
TR-008893,TR-C01410,2024-06-17,0,2,clean_time_group_fixed,0.09006492701061003
TR-001080,TR-C04890,2024-06-18,0,2,clean_time_group_fixed,0.061164009849190765
TR-004380,TR-C02183,2024-06-18,0,2,clean_time_group_fixed,0.044852952742089267
TR-006454,TR-C05680,2024-06-18,1,2,clean_time_group_fixed,0.0151144298053253
TR-006562,TR-C00906,2024-06-18,0,2,clean_time_group_fixed,0.055557435363018555
TR-006646,TR-C03862,2024-06-18,0,2,clean_time_group_fixed,0.03197834826883506
TR-000408,TR-C02302,2024-06-19,0,2,clean_time_group_fixed,0.03143662547628212
TR-001464,TR-C04827,2024-06-19,0,2,clean_time_group_fixed,0.09006802389004863
TR-002552,TR-C03160,2024-06-19,0,2,clean_time_group_fixed,0.019387431397480382
TR-003139,TR-C00740,2024-06-19,0,2,clean_time_group_fixed,0.013984445613293227
TR-003550,TR-C00734,2024-06-19,0,2,clean_time_group_fixed,0.11231972872384252
TR-004699,TR-C02272,2024-06-19,0,2,clean_time_group_fixed,0.08375446569227668
TR-005204,TR-C03572,2024-06-19,0,2,clean_time_group_fixed,0.05186163305989437
TR-005659,TR-C05318,2024-06-19,0,2,clean_time_group_fixed,0.012085493926401332
TR-007641,TR-C01423,2024-06-19,0,2,clean_time_group_fixed,0.13095254826678795
TR-007778,TR-C06236,2024-06-19,0,2,clean_time_group_fixed,0.0578090082442359
TR-009025,TR-C02614,2024-06-19,0,2,clean_time_group_fixed,0.25102063520545614
TR-009779,TR-C06385,2024-06-19,0,2,clean_time_group_fixed,0.045540623808248276
TR-001452,TR-C00087,2024-06-20,0,2,clean_time_group_fixed,0.058852813131767254
TR-003864,TR-C02009,2024-06-20,0,2,clean_time_group_fixed,0.01206584947306261
TR-004263,TR-C01734,2024-06-20,0,2,clean_time_group_fixed,0.5982603046719178
TR-004711,TR-C05675,2024-06-20,1,2,clean_time_group_fixed,0.09368891810950455
TR-006945,TR-C00154,2024-06-20,0,2,clean_time_group_fixed,0.00843867784139688
TR-008226,TR-C00818,2024-06-20,0,2,clean_time_group_fixed,0.024242564918805085
TR-009270,TR-C03049,2024-06-20,0,2,clean_time_group_fixed,0.03564454765235913
TR-002921,TR-C01768,2024-06-21,0,2,clean_time_group_fixed,0.1285345074795614
TR-003079,TR-C01608,2024-06-21,0,2,clean_time_group_fixed,0.0628435543444382
TR-004434,TR-C05536,2024-06-21,0,2,clean_time_group_fixed,0.017620465183938845
TR-004549,TR-C04537,2024-06-21,0,2,clean_time_group_fixed,0.018681957761005483
TR-005419,TR-C04772,2024-06-21,0,2,clean_time_group_fixed,0.02698277703036675
TR-007347,TR-C05642,2024-06-21,0,2,clean_time_group_fixed,0.11050502273138493
TR-009751,TR-C05338,2024-06-21,0,2,clean_time_group_fixed,0.22234445544056075
TR-002649,TR-C01815,2024-06-22,0,2,clean_time_group_fixed,0.05799815385305527
TR-002954,TR-C02035,2024-06-22,0,2,clean_time_group_fixed,0.0433725568776491
TR-004060,TR-C03410,2024-06-22,0,2,clean_time_group_fixed,0.013087472070971122
TR-004823,TR-C01933,2024-06-22,0,2,clean_time_group_fixed,0.05434960243445405
TR-007005,TR-C05814,2024-06-22,0,2,clean_time_group_fixed,0.0461779779800421
TR-007204,TR-C03759,2024-06-22,0,2,clean_time_group_fixed,0.024699341813577236
TR-007420,TR-C01597,2024-06-22,0,2,clean_time_group_fixed,0.021617356944096392
TR-007888,TR-C02033,2024-06-22,0,2,clean_time_group_fixed,0.01657298970512702
TR-009693,TR-C02124,2024-06-22,0,2,clean_time_group_fixed,0.007119805348073772
TR-000883,TR-C05763,2024-06-23,0,2,clean_time_group_fixed,0.017169595488116553
TR-001314,TR-C02377,2024-06-23,0,2,clean_time_group_fixed,0.024744646993257575
TR-002998,TR-C04705,2024-06-23,0,2,clean_time_group_fixed,0.11468145310711317
TR-003362,TR-C03380,2024-06-23,0,2,clean_time_group_fixed,0.09808061379780987
TR-005661,TR-C00122,2024-06-23,0,2,clean_time_group_fixed,0.027120622110052117
TR-006958,TR-C03087,2024-06-23,0,2,clean_time_group_fixed,0.035372033987496936
TR-007621,TR-C01391,2024-06-23,1,2,clean_time_group_fixed,0.12631408915040102
TR-009696,TR-C04785,2024-06-23,0,2,clean_time_group_fixed,0.3734670928761261
TR-009851,TR-C03549,2024-06-23,0,2,clean_time_group_fixed,0.10177195938608062
TR-000707,TR-C06239,2024-06-24,0,2,clean_time_group_fixed,0.011390419247090923
TR-000732,TR-C01020,2024-06-24,0,2,clean_time_group_fixed,0.5361256209536424
TR-002903,TR-C06168,2024-06-24,0,2,clean_time_group_fixed,0.019554887000428452
TR-003537,TR-C02907,2024-06-24,1,2,clean_time_group_fixed,0.06822410800683526
TR-004088,TR-C00883,2024-06-24,0,2,clean_time_group_fixed,0.08513287049789621
TR-005003,TR-C01825,2024-06-24,0,2,clean_time_group_fixed,0.16102442288693417
TR-006559,TR-C02965,2024-06-24,0,2,clean_time_group_fixed,0.02635794429694539
TR-007252,TR-C03921,2024-06-24,0,2,clean_time_group_fixed,0.043660850777399715
TR-007301,TR-C01556,2024-06-24,0,2,clean_time_group_fixed,0.035757936640427306
TR-008264,TR-C02172,2024-06-24,0,2,clean_time_group_fixed,0.06407253975251026
TR-008370,TR-C04690,2024-06-24,1,2,clean_time_group_fixed,0.08803504303467481
TR-008488,TR-C04326,2024-06-24,0,2,clean_time_group_fixed,0.010367211977847651
TR-001707,TR-C05074,2024-06-25,0,2,clean_time_group_fixed,0.12473824002397575
TR-001987,TR-C00664,2024-06-25,0,2,clean_time_group_fixed,0.5153273875711367
TR-004750,TR-C02626,2024-06-25,0,2,clean_time_group_fixed,0.16778697884056706
TR-005915,TR-C01660,2024-06-25,0,2,clean_time_group_fixed,0.1251496720524968
TR-006059,TR-C02256,2024-06-25,0,2,clean_time_group_fixed,0.012369048637053215
TR-007449,TR-C00406,2024-06-25,0,2,clean_time_group_fixed,0.05407451237215392
TR-007743,TR-C06209,2024-06-25,1,2,clean_time_group_fixed,0.12361290858784543
TR-007887,TR-C05346,2024-06-25,0,2,clean_time_group_fixed,0.018678204292922225
TR-009261,TR-C03869,2024-06-25,0,2,clean_time_group_fixed,0.04269710787383816
TR-001606,TR-C05397,2024-06-26,0,2,clean_time_group_fixed,0.011790286436236508
TR-001777,TR-C06412,2024-06-26,0,2,clean_time_group_fixed,0.1144872982029737
TR-002221,TR-C04255,2024-06-26,0,2,clean_time_group_fixed,0.02098693911276203
TR-003601,TR-C00525,2024-06-26,0,2,clean_time_group_fixed,0.04219340521114633
TR-004288,TR-C05221,2024-06-26,0,2,clean_time_group_fixed,0.2552449285538397
TR-006669,TR-C06328,2024-06-26,0,2,clean_time_group_fixed,0.015645241674457033
TR-006921,TR-C01982,2024-06-26,0,2,clean_time_group_fixed,0.02063473218165553
TR-008254,TR-C03448,2024-06-26,0,2,clean_time_group_fixed,0.07175687315623064
TR-009582,TR-C02499,2024-06-26,0,2,clean_time_group_fixed,0.5078259586091178
TR-009845,TR-C02100,2024-06-26,0,2,clean_time_group_fixed,0.008597122055401831
TR-009987,TR-C04169,2024-06-26,0,2,clean_time_group_fixed,0.010721216265777822
TR-003164,TR-C05603,2024-06-27,0,2,clean_time_group_fixed,0.06221097600396791
TR-007239,TR-C00018,2024-06-27,1,2,clean_time_group_fixed,0.23872816936200894
TR-007811,TR-C03044,2024-06-27,0,2,clean_time_group_fixed,0.022891172086347434
TR-002948,TR-C01587,2024-06-28,0,2,clean_time_group_fixed,0.1502287198118802
TR-004519,TR-C06415,2024-06-28,0,2,clean_time_group_fixed,0.04168240716943633
TR-005440,TR-C03175,2024-06-28,0,2,clean_time_group_fixed,0.062428612463734594
TR-006054,TR-C02213,2024-06-28,0,2,clean_time_group_fixed,0.28849500730059363
TR-008931,TR-C06415,2024-06-28,0,2,clean_time_group_fixed,0.016083611009135988
TR-000533,TR-C01962,2024-06-29,0,2,clean_time_group_fixed,0.12624093215127621
TR-002109,TR-C01262,2024-06-29,0,2,clean_time_group_fixed,0.02858672732798829
TR-006199,TR-C01676,2024-06-29,0,2,clean_time_group_fixed,0.4959754599731143
TR-007066,TR-C06069,2024-06-29,0,2,clean_time_group_fixed,0.010291787127161436
TR-009324,TR-C06460,2024-06-29,0,2,clean_time_group_fixed,0.024968827039146248
TR-009503,TR-C00207,2024-06-29,0,2,clean_time_group_fixed,0.07065564282474276
TR-000163,TR-C02015,2024-06-30,0,2,clean_time_group_fixed,0.02376881802021535
TR-000686,TR-C02594,2024-06-30,0,2,clean_time_group_fixed,0.04550126801642586
TR-003118,TR-C03984,2024-06-30,0,2,clean_time_group_fixed,0.08424657588010244
TR-003606,TR-C00253,2024-06-30,0,2,clean_time_group_fixed,0.018093950088387857
TR-003608,TR-C04675,2024-06-30,0,2,clean_time_group_fixed,0.01172026279480497
TR-004108,TR-C05912,2024-06-30,0,2,clean_time_group_fixed,0.028062207508198326
TR-004456,TR-C06333,2024-06-30,0,2,clean_time_group_fixed,0.06481988713173947
TR-004672,TR-C04914,2024-06-30,0,2,clean_time_group_fixed,0.04059569041542475
TR-007825,TR-C05608,2024-06-30,0,2,clean_time_group_fixed,0.02376327320110069
TR-000342,TR-C04277,2024-07-01,0,3,clean_time_group_fixed,0.025958085024622813
TR-001448,TR-C06100,2024-07-01,0,3,clean_time_group_fixed,0.0346660990890535
TR-002468,TR-C04031,2024-07-01,0,3,clean_time_group_fixed,0.028968078832733425
TR-002800,TR-C01796,2024-07-01,0,3,clean_time_group_fixed,0.008986555869383177
TR-004910,TR-C00767,2024-07-01,0,3,clean_time_group_fixed,0.018334839061395464
TR-005140,TR-C02444,2024-07-01,0,3,clean_time_group_fixed,0.07704545265525047
TR-007077,TR-C04843,2024-07-01,0,3,clean_time_group_fixed,0.008931709932416602
TR-007470,TR-C06033,2024-07-01,0,3,clean_time_group_fixed,0.08600245985083571
TR-008464,TR-C03929,2024-07-01,0,3,clean_time_group_fixed,0.3513428903688296
TR-000676,TR-C00176,2024-07-02,0,3,clean_time_group_fixed,0.08663929820690873
TR-000957,TR-C04379,2024-07-02,0,3,clean_time_group_fixed,0.09610544395096411
TR-001212,TR-C01704,2024-07-02,1,3,clean_time_group_fixed,0.028626222053527963
TR-001644,TR-C03392,2024-07-02,0,3,clean_time_group_fixed,0.013445531334134968
TR-002247,TR-C01781,2024-07-02,0,3,clean_time_group_fixed,0.02947968475799931
TR-002278,TR-C03930,2024-07-02,0,3,clean_time_group_fixed,0.015789889739909767
TR-004309,TR-C05868,2024-07-02,0,3,clean_time_group_fixed,0.010922862548542016
TR-005951,TR-C05950,2024-07-02,0,3,clean_time_group_fixed,0.031712804102449255
TR-006549,TR-C01803,2024-07-02,0,3,clean_time_group_fixed,0.036869217749570964
TR-009433,TR-C00036,2024-07-02,0,3,clean_time_group_fixed,0.04843014007385809
TR-009810,TR-C01779,2024-07-02,0,3,clean_time_group_fixed,0.03619065270526983
TR-000968,TR-C01465,2024-07-03,0,3,clean_time_group_fixed,0.02237063736115164
TR-001017,TR-C02363,2024-07-03,0,3,clean_time_group_fixed,0.019036479313881843
TR-001823,TR-C06242,2024-07-03,0,3,clean_time_group_fixed,0.054927319979965195
TR-002424,TR-C04218,2024-07-03,0,3,clean_time_group_fixed,0.06483896326404598
TR-003080,TR-C01895,2024-07-03,0,3,clean_time_group_fixed,0.02635187810400605
TR-003083,TR-C01658,2024-07-03,0,3,clean_time_group_fixed,0.15978785511896376
TR-003273,TR-C02475,2024-07-03,0,3,clean_time_group_fixed,0.013615341358865161
TR-005107,TR-C02425,2024-07-03,0,3,clean_time_group_fixed,0.04285829662640571
TR-005956,TR-C02248,2024-07-03,0,3,clean_time_group_fixed,0.018733067930719396
TR-007708,TR-C00711,2024-07-03,0,3,clean_time_group_fixed,0.027995461751879683
TR-008447,TR-C01396,2024-07-03,0,3,clean_time_group_fixed,0.019231678793248098
TR-008542,TR-C01602,2024-07-03,0,3,clean_time_group_fixed,0.023362962188640892
TR-009539,TR-C05532,2024-07-03,0,3,clean_time_group_fixed,0.02369208650825564
TR-009668,TR-C04017,2024-07-03,0,3,clean_time_group_fixed,0.03704381693178654
TR-009969,TR-C00562,2024-07-03,0,3,clean_time_group_fixed,0.018519755540338956
TR-000082,TR-C05161,2024-07-04,0,3,clean_time_group_fixed,0.029462954047371866
TR-003008,TR-C01682,2024-07-04,0,3,clean_time_group_fixed,0.09452691737639887
TR-003763,TR-C03787,2024-07-04,0,3,clean_time_group_fixed,0.06917293474562448
TR-004657,TR-C00792,2024-07-04,0,3,clean_time_group_fixed,0.153455649622537
TR-006144,TR-C01421,2024-07-04,0,3,clean_time_group_fixed,0.05990854471430847
TR-006299,TR-C00996,2024-07-04,0,3,clean_time_group_fixed,0.04223581359446056
TR-006547,TR-C02544,2024-07-04,1,3,clean_time_group_fixed,0.13454847434658312
TR-007208,TR-C03824,2024-07-04,0,3,clean_time_group_fixed,0.02466435723278399
TR-007960,TR-C01217,2024-07-04,0,3,clean_time_group_fixed,0.09705941708034514
TR-008135,TR-C01832,2024-07-04,0,3,clean_time_group_fixed,0.05100082405511019
TR-008229,TR-C01167,2024-07-04,0,3,clean_time_group_fixed,0.021533275111967645
TR-008463,TR-C05964,2024-07-04,0,3,clean_time_group_fixed,0.01327077312849508
TR-000842,TR-C04834,2024-07-05,0,3,clean_time_group_fixed,0.046673377852628144
TR-001698,TR-C02396,2024-07-05,0,3,clean_time_group_fixed,0.02774974359719408
TR-002139,TR-C00499,2024-07-05,0,3,clean_time_group_fixed,0.17031088830653862
TR-002600,TR-C04747,2024-07-05,0,3,clean_time_group_fixed,0.011265712801154565
TR-004415,TR-C04106,2024-07-05,0,3,clean_time_group_fixed,0.20009702647987151
TR-004624,TR-C03366,2024-07-05,0,3,clean_time_group_fixed,0.01600263180541471
TR-007336,TR-C02317,2024-07-05,0,3,clean_time_group_fixed,0.01574953722289759
TR-008074,TR-C00377,2024-07-05,0,3,clean_time_group_fixed,0.01431785373398338
TR-009740,TR-C04590,2024-07-05,1,3,clean_time_group_fixed,0.039668008270509085
TR-000808,TR-C06060,2024-07-06,1,3,clean_time_group_fixed,0.047637096890453506
TR-003107,TR-C01542,2024-07-06,0,3,clean_time_group_fixed,0.06804144977057625
TR-004966,TR-C05501,2024-07-06,0,3,clean_time_group_fixed,0.043208752564808474
TR-006369,TR-C06045,2024-07-06,0,3,clean_time_group_fixed,0.01897686190456745
TR-007113,TR-C02728,2024-07-06,0,3,clean_time_group_fixed,0.05960206692692618
TR-007756,TR-C05653,2024-07-06,1,3,clean_time_group_fixed,0.06470960529748315
TR-008164,TR-C04223,2024-07-06,0,3,clean_time_group_fixed,0.10694607594386558
TR-008495,TR-C06270,2024-07-06,0,3,clean_time_group_fixed,0.02080667193052071
TR-000392,TR-C04887,2024-07-07,0,3,clean_time_group_fixed,0.03865851705842021
TR-000819,TR-C01496,2024-07-07,1,3,clean_time_group_fixed,0.03254843312003514
TR-001294,TR-C01711,2024-07-07,0,3,clean_time_group_fixed,0.008476998396006385
TR-002847,TR-C03727,2024-07-07,0,3,clean_time_group_fixed,0.03087171077653507
TR-003090,TR-C04346,2024-07-07,0,3,clean_time_group_fixed,0.04797183743677597
TR-004515,TR-C03027,2024-07-07,0,3,clean_time_group_fixed,0.028046868139986723
TR-004753,TR-C05278,2024-07-07,0,3,clean_time_group_fixed,0.03171427661069854
TR-004840,TR-C05154,2024-07-07,0,3,clean_time_group_fixed,0.02051011484777988
TR-007082,TR-C05042,2024-07-07,0,3,clean_time_group_fixed,0.057233421028902616
TR-008322,TR-C03684,2024-07-07,0,3,clean_time_group_fixed,0.010878427615520193
TR-008454,TR-C01234,2024-07-07,0,3,clean_time_group_fixed,0.03717097001837762
TR-009248,TR-C02986,2024-07-07,0,3,clean_time_group_fixed,0.01248886030277097
TR-001549,TR-C03737,2024-07-08,1,3,clean_time_group_fixed,0.08245512167217338
TR-001554,TR-C06420,2024-07-08,0,3,clean_time_group_fixed,0.011887100791449
TR-002218,TR-C05891,2024-07-08,0,3,clean_time_group_fixed,0.07709474978190525
TR-004170,TR-C05720,2024-07-08,0,3,clean_time_group_fixed,0.047267722818072316
TR-004755,TR-C02941,2024-07-08,0,3,clean_time_group_fixed,0.03222739961649014
TR-005532,TR-C01679,2024-07-08,1,3,clean_time_group_fixed,0.12068303756071712
TR-006543,TR-C03217,2024-07-08,0,3,clean_time_group_fixed,0.019505416087279983
TR-001668,TR-C03006,2024-07-09,0,3,clean_time_group_fixed,0.03255004692434503
TR-002462,TR-C05567,2024-07-09,0,3,clean_time_group_fixed,0.033831706796833505
TR-002680,TR-C03464,2024-07-09,0,3,clean_time_group_fixed,0.07492951017856643
TR-003598,TR-C00433,2024-07-09,0,3,clean_time_group_fixed,0.02248726577516456
TR-004314,TR-C02445,2024-07-09,1,3,clean_time_group_fixed,0.2103314295286779
TR-004746,TR-C05034,2024-07-09,0,3,clean_time_group_fixed,0.031741823810593414
TR-005441,TR-C04000,2024-07-09,0,3,clean_time_group_fixed,0.015955553872275475
TR-005484,TR-C00173,2024-07-09,1,3,clean_time_group_fixed,0.08023630619598732
TR-007258,TR-C03408,2024-07-09,0,3,clean_time_group_fixed,0.05708799436874401
TR-009730,TR-C02988,2024-07-09,0,3,clean_time_group_fixed,0.06447617600128543
TR-000431,TR-C02264,2024-07-10,0,3,clean_time_group_fixed,0.012160042316739237
TR-000540,TR-C02293,2024-07-10,1,3,clean_time_group_fixed,0.20700943536481875
TR-001004,TR-C04122,2024-07-10,0,3,clean_time_group_fixed,0.13785379678040854
TR-002851,TR-C00068,2024-07-10,0,3,clean_time_group_fixed,0.07317681198315425
TR-003733,TR-C02517,2024-07-10,0,3,clean_time_group_fixed,0.23219609891673776
TR-004327,TR-C02601,2024-07-10,0,3,clean_time_group_fixed,0.30539819244486266
TR-004557,TR-C02760,2024-07-10,0,3,clean_time_group_fixed,0.04622519990514499
TR-006900,TR-C04915,2024-07-10,0,3,clean_time_group_fixed,0.013086622290958538
TR-007209,TR-C04199,2024-07-10,0,3,clean_time_group_fixed,0.03215435863372478
TR-007413,TR-C05047,2024-07-10,0,3,clean_time_group_fixed,0.01002541051869654
TR-009103,TR-C05412,2024-07-10,1,3,clean_time_group_fixed,0.11737510307328622
TR-000568,TR-C04312,2024-07-11,0,3,clean_time_group_fixed,0.01763362411698319
TR-001173,TR-C01413,2024-07-11,1,3,clean_time_group_fixed,0.32713072011597866
TR-001692,TR-C01334,2024-07-11,0,3,clean_time_group_fixed,0.12176797463116729
TR-002722,TR-C01289,2024-07-11,1,3,clean_time_group_fixed,0.11962686176436244
TR-005683,TR-C05634,2024-07-11,0,3,clean_time_group_fixed,0.05896875775560905
TR-008151,TR-C01669,2024-07-11,0,3,clean_time_group_fixed,0.059914403601318965
TR-001640,TR-C04340,2024-07-12,0,3,clean_time_group_fixed,0.018288016070186555
TR-003560,TR-C00330,2024-07-12,0,3,clean_time_group_fixed,0.13162584489497736
TR-004682,TR-C04665,2024-07-12,1,3,clean_time_group_fixed,0.05318850432881739
TR-006011,TR-C05692,2024-07-12,0,3,clean_time_group_fixed,0.07482588365502961
TR-009184,TR-C02652,2024-07-12,0,3,clean_time_group_fixed,0.021560509424083142
TR-000603,TR-C04526,2024-07-13,0,3,clean_time_group_fixed,0.03153190575117839
TR-000726,TR-C03183,2024-07-13,0,3,clean_time_group_fixed,0.11518124717006217
TR-004603,TR-C04096,2024-07-13,0,3,clean_time_group_fixed,0.028225952104346225
TR-005476,TR-C04263,2024-07-13,0,3,clean_time_group_fixed,0.3568789946707514
TR-006022,TR-C00217,2024-07-13,0,3,clean_time_group_fixed,0.023089107243568566
TR-001018,TR-C01028,2024-07-14,0,3,clean_time_group_fixed,0.018271173731105254
TR-001354,TR-C02337,2024-07-14,0,3,clean_time_group_fixed,0.025095987047755983
TR-002987,TR-C01116,2024-07-14,0,3,clean_time_group_fixed,0.011428920374511528
TR-004680,TR-C00541,2024-07-14,0,3,clean_time_group_fixed,0.20518299277024432
TR-005266,TR-C00110,2024-07-14,0,3,clean_time_group_fixed,0.02665623908485677
TR-006694,TR-C02754,2024-07-14,0,3,clean_time_group_fixed,0.12425424812160014
TR-008433,TR-C05427,2024-07-14,0,3,clean_time_group_fixed,0.05455715051769289
TR-008461,TR-C01967,2024-07-14,0,3,clean_time_group_fixed,0.019955759255946295
TR-001711,TR-C02287,2024-07-15,0,3,clean_time_group_fixed,0.0356198679238928
TR-002053,TR-C01341,2024-07-15,0,3,clean_time_group_fixed,0.02402005804599605
TR-002100,TR-C05018,2024-07-15,0,3,clean_time_group_fixed,0.6873549818776504
TR-003776,TR-C03506,2024-07-15,0,3,clean_time_group_fixed,0.06061913575063871
TR-005813,TR-C04512,2024-07-15,0,3,clean_time_group_fixed,0.1931683189413591
TR-008167,TR-C05042,2024-07-15,1,3,clean_time_group_fixed,0.0966028412771795
TR-000782,TR-C03986,2024-07-16,0,3,clean_time_group_fixed,0.02137925444087864
TR-002018,TR-C04936,2024-07-16,0,3,clean_time_group_fixed,0.029350950065316874
TR-002712,TR-C06131,2024-07-16,0,3,clean_time_group_fixed,0.22892505339576633
TR-003037,TR-C03213,2024-07-16,0,3,clean_time_group_fixed,0.03569150326853317
TR-005819,TR-C02617,2024-07-16,1,3,clean_time_group_fixed,0.14593056633314044
TR-008764,TR-C05877,2024-07-16,0,3,clean_time_group_fixed,0.018250904606349445
TR-009167,TR-C04901,2024-07-16,0,3,clean_time_group_fixed,0.031208314843803885
TR-000171,TR-C02235,2024-07-17,0,3,clean_time_group_fixed,0.028802445547071145
TR-000710,TR-C00953,2024-07-17,0,3,clean_time_group_fixed,0.1346649789805746
TR-001339,TR-C04209,2024-07-17,0,3,clean_time_group_fixed,0.027476999014928137
TR-002529,TR-C05183,2024-07-17,0,3,clean_time_group_fixed,0.08234906344302019
TR-002588,TR-C06161,2024-07-17,0,3,clean_time_group_fixed,0.022037942142517582
TR-003230,TR-C03277,2024-07-17,0,3,clean_time_group_fixed,0.26738387798030266
TR-004220,TR-C05590,2024-07-17,0,3,clean_time_group_fixed,0.14052448605508086
TR-004928,TR-C03894,2024-07-17,0,3,clean_time_group_fixed,0.012913336799324729
TR-006135,TR-C05842,2024-07-17,0,3,clean_time_group_fixed,0.36013767635419697
TR-007537,TR-C02326,2024-07-17,0,3,clean_time_group_fixed,0.029423342943119588
TR-007896,TR-C02725,2024-07-17,0,3,clean_time_group_fixed,0.06225303825364524
TR-002066,TR-C04548,2024-07-18,0,3,clean_time_group_fixed,0.04607493618283465
TR-002791,TR-C02288,2024-07-18,0,3,clean_time_group_fixed,0.07578512234998189
TR-003633,TR-C03872,2024-07-18,0,3,clean_time_group_fixed,0.08194364691061166
TR-000128,TR-C03759,2024-07-19,0,3,clean_time_group_fixed,0.021353470534581708
TR-001050,TR-C02533,2024-07-19,0,3,clean_time_group_fixed,0.03379952594264389
TR-001609,TR-C04988,2024-07-19,0,3,clean_time_group_fixed,0.011846899740319465
TR-002200,TR-C00836,2024-07-19,0,3,clean_time_group_fixed,0.013368865177772605
TR-005378,TR-C00000,2024-07-19,1,3,clean_time_group_fixed,0.05276548624533778
TR-005710,TR-C04372,2024-07-19,0,3,clean_time_group_fixed,0.07472125643878826
TR-008055,TR-C00651,2024-07-19,0,3,clean_time_group_fixed,0.0240851936829548
TR-009329,TR-C03177,2024-07-19,0,3,clean_time_group_fixed,0.016875556892717754
TR-009602,TR-C01300,2024-07-19,0,3,clean_time_group_fixed,0.01499295335401762
TR-000561,TR-C02784,2024-07-20,0,3,clean_time_group_fixed,0.01931578903822797
TR-002025,TR-C02630,2024-07-20,0,3,clean_time_group_fixed,0.10465512508351268
TR-005305,TR-C06189,2024-07-20,0,3,clean_time_group_fixed,0.02486720137614008
TR-005554,TR-C05496,2024-07-20,0,3,clean_time_group_fixed,0.04664372466325606
TR-007287,TR-C03179,2024-07-20,0,3,clean_time_group_fixed,0.07572025288169336
TR-007801,TR-C00684,2024-07-20,1,3,clean_time_group_fixed,0.1469646386514985
TR-008311,TR-C01830,2024-07-20,0,3,clean_time_group_fixed,0.07158323450965234
TR-009563,TR-C00919,2024-07-20,0,3,clean_time_group_fixed,0.05295359774480041
TR-000507,TR-C05930,2024-07-21,0,3,clean_time_group_fixed,0.3545725995888638
TR-000527,TR-C05233,2024-07-21,0,3,clean_time_group_fixed,0.03356587466783553
TR-001311,TR-C01999,2024-07-21,0,3,clean_time_group_fixed,0.037771863676820165
TR-001521,TR-C01238,2024-07-21,0,3,clean_time_group_fixed,0.027305757148516713
TR-002096,TR-C01199,2024-07-21,0,3,clean_time_group_fixed,0.06373489591310173
TR-002108,TR-C05321,2024-07-21,0,3,clean_time_group_fixed,0.02468519571158541
TR-002341,TR-C00804,2024-07-21,0,3,clean_time_group_fixed,0.05388324464126269
TR-003936,TR-C03458,2024-07-21,0,3,clean_time_group_fixed,0.07108537891851427
TR-004105,TR-C05499,2024-07-21,0,3,clean_time_group_fixed,0.010796886387050987
TR-004633,TR-C01525,2024-07-21,1,3,clean_time_group_fixed,0.021947002077248187
TR-005414,TR-C06143,2024-07-21,0,3,clean_time_group_fixed,0.034540294302947964
TR-006965,TR-C02206,2024-07-21,0,3,clean_time_group_fixed,0.08571191029382258
TR-009003,TR-C02930,2024-07-21,0,3,clean_time_group_fixed,0.02033223968855993
TR-009039,TR-C06084,2024-07-21,0,3,clean_time_group_fixed,0.02911460864067402
TR-000167,TR-C04767,2024-07-22,0,3,clean_time_group_fixed,0.01460393874863015
TR-000545,TR-C02532,2024-07-22,0,3,clean_time_group_fixed,0.04036661164367803
TR-000549,TR-C03874,2024-07-22,1,3,clean_time_group_fixed,0.4535429977522892
TR-002891,TR-C02450,2024-07-22,0,3,clean_time_group_fixed,0.01077717157764739
TR-003072,TR-C05863,2024-07-22,0,3,clean_time_group_fixed,0.02932927274556682
TR-003875,TR-C02384,2024-07-22,0,3,clean_time_group_fixed,0.11154197544841205
TR-004931,TR-C04627,2024-07-22,0,3,clean_time_group_fixed,0.03088003519463447
TR-005363,TR-C00204,2024-07-22,0,3,clean_time_group_fixed,0.05284291360576461
TR-005674,TR-C01859,2024-07-22,0,3,clean_time_group_fixed,0.06974078614317898
TR-006328,TR-C01750,2024-07-22,0,3,clean_time_group_fixed,0.02104934463640188
TR-006991,TR-C02566,2024-07-22,0,3,clean_time_group_fixed,0.05352501074680172
TR-009409,TR-C06054,2024-07-22,1,3,clean_time_group_fixed,0.26935596114521115
TR-001912,TR-C05847,2024-07-23,0,3,clean_time_group_fixed,0.020604695480950366
TR-001986,TR-C02885,2024-07-23,0,3,clean_time_group_fixed,0.01913528179384492
TR-002319,TR-C04311,2024-07-23,0,3,clean_time_group_fixed,0.02429718227645891
TR-002714,TR-C04316,2024-07-23,0,3,clean_time_group_fixed,0.023612351700597074
TR-004211,TR-C05763,2024-07-23,0,3,clean_time_group_fixed,0.1444435159513424
TR-004356,TR-C02443,2024-07-23,0,3,clean_time_group_fixed,0.10923283750766835
TR-005576,TR-C01994,2024-07-23,0,3,clean_time_group_fixed,0.09107794309634563
TR-009712,TR-C01471,2024-07-23,0,3,clean_time_group_fixed,0.027370383016899473
TR-000466,TR-C04655,2024-07-24,0,3,clean_time_group_fixed,0.07365903650823216
TR-000718,TR-C02056,2024-07-24,0,3,clean_time_group_fixed,0.09117654030164539
TR-002230,TR-C03600,2024-07-24,0,3,clean_time_group_fixed,0.14968084511431698
TR-002678,TR-C04537,2024-07-24,0,3,clean_time_group_fixed,0.02517160593956157
TR-003024,TR-C00004,2024-07-24,0,3,clean_time_group_fixed,0.045562212029951095
TR-007745,TR-C01890,2024-07-24,0,3,clean_time_group_fixed,0.02877413127611386
TR-008922,TR-C00786,2024-07-24,0,3,clean_time_group_fixed,0.1971904150586396
TR-009827,TR-C04316,2024-07-24,0,3,clean_time_group_fixed,0.016575491504985003
TR-003223,TR-C01769,2024-07-25,0,3,clean_time_group_fixed,0.0963736466488893
TR-003939,TR-C03851,2024-07-25,0,3,clean_time_group_fixed,0.049443452640476754
TR-007628,TR-C04587,2024-07-25,0,3,clean_time_group_fixed,0.1495663324377853
TR-007856,TR-C05106,2024-07-25,0,3,clean_time_group_fixed,0.037210667202195
TR-000313,TR-C00599,2024-07-26,0,3,clean_time_group_fixed,0.028778748760871782
TR-001269,TR-C00649,2024-07-26,1,3,clean_time_group_fixed,0.10909922107725922
TR-003690,TR-C03875,2024-07-26,0,3,clean_time_group_fixed,0.04390621624591919
TR-006269,TR-C04715,2024-07-26,0,3,clean_time_group_fixed,0.12616683730521394
TR-006461,TR-C03112,2024-07-26,1,3,clean_time_group_fixed,0.09608504354990628
TR-009222,TR-C05045,2024-07-26,0,3,clean_time_group_fixed,0.013576562589737029
TR-009628,TR-C05444,2024-07-26,0,3,clean_time_group_fixed,0.02294868079144747
TR-000544,TR-C02044,2024-07-27,1,3,clean_time_group_fixed,0.018644004967496883
TR-001118,TR-C00327,2024-07-27,0,3,clean_time_group_fixed,0.04110587866846863
TR-001502,TR-C01172,2024-07-27,0,3,clean_time_group_fixed,0.29647351358538704
TR-002366,TR-C04378,2024-07-27,1,3,clean_time_group_fixed,0.32223127699005094
TR-002793,TR-C03885,2024-07-27,0,3,clean_time_group_fixed,0.009594167697067875
TR-003600,TR-C03424,2024-07-27,0,3,clean_time_group_fixed,0.10614398519783436
TR-004369,TR-C02403,2024-07-27,0,3,clean_time_group_fixed,0.1990220853952714
TR-004417,TR-C01897,2024-07-27,1,3,clean_time_group_fixed,0.5213414691221621
TR-004592,TR-C02850,2024-07-27,0,3,clean_time_group_fixed,0.3234176671041468
TR-005355,TR-C03639,2024-07-27,0,3,clean_time_group_fixed,0.03240171338363591
TR-005529,TR-C01782,2024-07-27,0,3,clean_time_group_fixed,0.029119185708653503
TR-006356,TR-C06243,2024-07-27,0,3,clean_time_group_fixed,0.06352651233309442
TR-000416,TR-C06319,2024-07-28,0,3,clean_time_group_fixed,0.023135767298484943
TR-000435,TR-C02406,2024-07-28,0,3,clean_time_group_fixed,0.04270916719691999
TR-001352,TR-C05076,2024-07-28,0,3,clean_time_group_fixed,0.04890644043291671
TR-002113,TR-C04245,2024-07-28,0,3,clean_time_group_fixed,0.0404510213423439
TR-004042,TR-C04448,2024-07-28,0,3,clean_time_group_fixed,0.008744809768216262
TR-004295,TR-C04871,2024-07-28,0,3,clean_time_group_fixed,0.026061155716569126
TR-005095,TR-C00581,2024-07-28,1,3,clean_time_group_fixed,0.04920829199748676
TR-005494,TR-C05647,2024-07-28,0,3,clean_time_group_fixed,0.01790455543537656
TR-007137,TR-C06475,2024-07-28,0,3,clean_time_group_fixed,0.02580868579630694
TR-001423,TR-C01602,2024-07-29,0,3,clean_time_group_fixed,0.044368789285257206
TR-004050,TR-C03724,2024-07-29,0,3,clean_time_group_fixed,0.024713635141491032
TR-004261,TR-C03484,2024-07-29,0,3,clean_time_group_fixed,0.07264408221622017
TR-004820,TR-C00688,2024-07-29,0,3,clean_time_group_fixed,0.0437935940498431
TR-008146,TR-C03403,2024-07-29,0,3,clean_time_group_fixed,0.020624722374168247
TR-009317,TR-C05602,2024-07-29,0,3,clean_time_group_fixed,0.02418164178065886
TR-000147,TR-C02280,2024-07-30,0,3,clean_time_group_fixed,0.04169450079273807
TR-000411,TR-C03877,2024-07-30,0,3,clean_time_group_fixed,0.019219615466165844
TR-000807,TR-C05562,2024-07-30,0,3,clean_time_group_fixed,0.03258123671241917
TR-002505,TR-C02514,2024-07-30,0,3,clean_time_group_fixed,0.014304699982853115
TR-005280,TR-C01664,2024-07-30,0,3,clean_time_group_fixed,0.01840322528200751
TR-006056,TR-C00933,2024-07-30,0,3,clean_time_group_fixed,0.00841387448957187
TR-007143,TR-C02067,2024-07-30,0,3,clean_time_group_fixed,0.11186120435854316
TR-007991,TR-C04865,2024-07-30,0,3,clean_time_group_fixed,0.05542387513590928
TR-008269,TR-C03274,2024-07-30,1,3,clean_time_group_fixed,0.3882617207066762
TR-008336,TR-C03198,2024-07-30,0,3,clean_time_group_fixed,0.025264052681744056
TR-009281,TR-C02005,2024-07-30,0,3,clean_time_group_fixed,0.2660839306850064
TR-009918,TR-C03160,2024-07-30,0,3,clean_time_group_fixed,0.06134173863338189
TR-000438,TR-C05906,2024-07-31,0,3,clean_time_group_fixed,0.025760669030144602
TR-000772,TR-C02072,2024-07-31,0,3,clean_time_group_fixed,0.06697054362685094
TR-001281,TR-C03156,2024-07-31,0,3,clean_time_group_fixed,0.0680903058640159
TR-001299,TR-C05008,2024-07-31,0,3,clean_time_group_fixed,0.11184663151147649
TR-001303,TR-C00224,2024-07-31,0,3,clean_time_group_fixed,0.03138999962995009
TR-001610,TR-C06110,2024-07-31,0,3,clean_time_group_fixed,0.3325278195713252
TR-002238,TR-C01479,2024-07-31,1,3,clean_time_group_fixed,0.20187416296123672
TR-004165,TR-C04724,2024-07-31,0,3,clean_time_group_fixed,0.011258813530334377
TR-004423,TR-C05751,2024-07-31,0,3,clean_time_group_fixed,0.023428865093969117
TR-004581,TR-C03100,2024-07-31,1,3,clean_time_group_fixed,0.04053472310884019
TR-007127,TR-C05919,2024-07-31,0,3,clean_time_group_fixed,0.03052398503507038
TR-008499,TR-C06299,2024-07-31,0,3,clean_time_group_fixed,0.06147681641986892
TR-009886,TR-C01673,2024-07-31,0,3,clean_time_group_fixed,0.04126545907545755
TR-001637,TR-C06103,2024-08-01,0,3,clean_time_group_fixed,0.030130859034349925
TR-001902,TR-C03363,2024-08-01,0,3,clean_time_group_fixed,0.03913852711389045
TR-002587,TR-C05241,2024-08-01,0,3,clean_time_group_fixed,0.047686880552893426
TR-004713,TR-C02738,2024-08-01,0,3,clean_time_group_fixed,0.06777131752236938
TR-006070,TR-C01419,2024-08-01,0,3,clean_time_group_fixed,0.022528830658782757
TR-000083,TR-C06152,2024-08-02,0,3,clean_time_group_fixed,0.2711130984240589
TR-000267,TR-C01278,2024-08-02,0,3,clean_time_group_fixed,0.01242349371224058
TR-000436,TR-C03809,2024-08-02,0,3,clean_time_group_fixed,0.03482570983701397
TR-003026,TR-C03381,2024-08-02,0,3,clean_time_group_fixed,0.06248639528105365
TR-003534,TR-C06353,2024-08-02,0,3,clean_time_group_fixed,0.05030382121606999
TR-007331,TR-C02022,2024-08-02,0,3,clean_time_group_fixed,0.010935821146257171
TR-007589,TR-C04518,2024-08-02,1,3,clean_time_group_fixed,0.07184323620256453
TR-007637,TR-C03006,2024-08-02,0,3,clean_time_group_fixed,0.022523961909754264
TR-008170,TR-C00217,2024-08-02,0,3,clean_time_group_fixed,0.016774373323032235
TR-008381,TR-C00781,2024-08-02,0,3,clean_time_group_fixed,0.021841058756628062
TR-009391,TR-C04583,2024-08-02,0,3,clean_time_group_fixed,0.02701138859730623
TR-001489,TR-C01053,2024-08-03,0,3,clean_time_group_fixed,0.03768999584003414
TR-003368,TR-C00529,2024-08-03,0,3,clean_time_group_fixed,0.038166535070951566
TR-004096,TR-C03431,2024-08-03,0,3,clean_time_group_fixed,0.04771403838380926
TR-004688,TR-C05947,2024-08-03,0,3,clean_time_group_fixed,0.03158921492607879
TR-006970,TR-C02424,2024-08-03,0,3,clean_time_group_fixed,0.03579520833243564
TR-007849,TR-C02250,2024-08-03,1,3,clean_time_group_fixed,0.37651907980048394
TR-000217,TR-C01148,2024-08-04,0,3,clean_time_group_fixed,0.02825689586721729
TR-000987,TR-C02463,2024-08-04,0,3,clean_time_group_fixed,0.04026772953577235
TR-001189,TR-C03561,2024-08-04,0,3,clean_time_group_fixed,0.04610351311870712
TR-003745,TR-C04495,2024-08-04,0,3,clean_time_group_fixed,0.08463723912580469
TR-007001,TR-C00558,2024-08-04,0,3,clean_time_group_fixed,0.06877287772216532
TR-008812,TR-C03079,2024-08-04,0,3,clean_time_group_fixed,0.03683470345575651
TR-009598,TR-C06326,2024-08-04,0,3,clean_time_group_fixed,0.3663525609963686
TR-000754,TR-C06134,2024-08-05,0,3,clean_time_group_fixed,0.010331331319282988
TR-003984,TR-C02717,2024-08-05,0,3,clean_time_group_fixed,0.03781785508610014
TR-005070,TR-C00962,2024-08-05,1,3,clean_time_group_fixed,0.5322335373834168
TR-005424,TR-C05042,2024-08-05,0,3,clean_time_group_fixed,0.12488169460280417
TR-005497,TR-C01858,2024-08-05,0,3,clean_time_group_fixed,0.025075210804529395
TR-006094,TR-C04720,2024-08-05,0,3,clean_time_group_fixed,0.017411678274519733
TR-006614,TR-C03949,2024-08-05,0,3,clean_time_group_fixed,0.060606483275047245
TR-009723,TR-C05986,2024-08-05,0,3,clean_time_group_fixed,0.03319936438643877
TR-000560,TR-C03395,2024-08-06,0,3,clean_time_group_fixed,0.02907936007586207
TR-003143,TR-C02954,2024-08-06,0,3,clean_time_group_fixed,0.035488893296888105
TR-003313,TR-C00756,2024-08-06,0,3,clean_time_group_fixed,0.03697697378754812
TR-005887,TR-C01515,2024-08-06,1,3,clean_time_group_fixed,0.03865715479387218
TR-006542,TR-C02587,2024-08-06,0,3,clean_time_group_fixed,0.022000291591559917
TR-007290,TR-C01362,2024-08-06,0,3,clean_time_group_fixed,0.12179391663193583
TR-008005,TR-C03479,2024-08-06,0,3,clean_time_group_fixed,0.06276528640288162
TR-008688,TR-C00939,2024-08-06,0,3,clean_time_group_fixed,0.5900475167972228
TR-001551,TR-C05055,2024-08-07,0,3,clean_time_group_fixed,0.044520582282486974
TR-002460,TR-C00523,2024-08-07,1,3,clean_time_group_fixed,0.21114322951320635
TR-003051,TR-C02921,2024-08-07,0,3,clean_time_group_fixed,0.02200143355862539
TR-004312,TR-C02415,2024-08-07,1,3,clean_time_group_fixed,0.11501117177239828
TR-004648,TR-C03692,2024-08-07,0,3,clean_time_group_fixed,0.012810263742472128
TR-005237,TR-C00545,2024-08-07,0,3,clean_time_group_fixed,0.02752209518989669
TR-006425,TR-C04669,2024-08-07,0,3,clean_time_group_fixed,0.06316491425702354
TR-006912,TR-C01224,2024-08-07,0,3,clean_time_group_fixed,0.034554104398824836
TR-006922,TR-C03202,2024-08-07,0,3,clean_time_group_fixed,0.01970405612181118
TR-007070,TR-C01960,2024-08-07,0,3,clean_time_group_fixed,0.2618875953929993
TR-007289,TR-C00833,2024-08-07,0,3,clean_time_group_fixed,0.009972299174649117
TR-008453,TR-C02924,2024-08-07,0,3,clean_time_group_fixed,0.03513491214094788
TR-008601,TR-C01893,2024-08-07,1,3,clean_time_group_fixed,0.018316285572812833
TR-009085,TR-C02069,2024-08-07,0,3,clean_time_group_fixed,0.4410321333047656
TR-000228,TR-C03353,2024-08-08,0,3,clean_time_group_fixed,0.02875141689891856
TR-001749,TR-C04468,2024-08-08,0,3,clean_time_group_fixed,0.009079340017166215
TR-002528,TR-C00914,2024-08-08,1,3,clean_time_group_fixed,0.04591789297692126
TR-002756,TR-C04574,2024-08-08,0,3,clean_time_group_fixed,0.07246142630638013
TR-003930,TR-C04737,2024-08-08,0,3,clean_time_group_fixed,0.04197281663291904
TR-004317,TR-C00895,2024-08-08,0,3,clean_time_group_fixed,0.10298134883158108
TR-004718,TR-C00933,2024-08-08,0,3,clean_time_group_fixed,0.014941619672140848
TR-005055,TR-C02163,2024-08-08,0,3,clean_time_group_fixed,0.02235413473866859
TR-005836,TR-C03755,2024-08-08,0,3,clean_time_group_fixed,0.010551691214183133
TR-006230,TR-C06063,2024-08-08,0,3,clean_time_group_fixed,0.02451926557983203
TR-007486,TR-C04817,2024-08-08,0,3,clean_time_group_fixed,0.011970923858464901
TR-007540,TR-C01692,2024-08-08,0,3,clean_time_group_fixed,0.02431747821276267
TR-007865,TR-C05296,2024-08-08,0,3,clean_time_group_fixed,0.5666001791629774
TR-001291,TR-C01461,2024-08-09,0,3,clean_time_group_fixed,0.010471766086137618
TR-003116,TR-C06170,2024-08-09,0,3,clean_time_group_fixed,0.11868317838001058
TR-005690,TR-C00861,2024-08-09,0,3,clean_time_group_fixed,0.043372406493735076
TR-006967,TR-C05378,2024-08-09,0,3,clean_time_group_fixed,0.025780762971455463
TR-007073,TR-C03080,2024-08-09,0,3,clean_time_group_fixed,0.03930945104383633
TR-008386,TR-C01448,2024-08-09,0,3,clean_time_group_fixed,0.026448532530423854
TR-008830,TR-C01271,2024-08-09,0,3,clean_time_group_fixed,0.03645664614877805
TR-009361,TR-C00413,2024-08-09,0,3,clean_time_group_fixed,0.29413398661288215
TR-000026,TR-C02632,2024-08-10,0,3,clean_time_group_fixed,0.04175254925074205
TR-004748,TR-C05689,2024-08-10,0,3,clean_time_group_fixed,0.09745426839850534
TR-005063,TR-C05402,2024-08-10,0,3,clean_time_group_fixed,0.1430265579958956
TR-005632,TR-C01451,2024-08-10,0,3,clean_time_group_fixed,0.07406007340647804
TR-007269,TR-C01308,2024-08-10,0,3,clean_time_group_fixed,0.041899935889082696
TR-009843,TR-C02024,2024-08-10,0,3,clean_time_group_fixed,0.4213141807489863
TR-000913,TR-C03449,2024-08-11,0,3,clean_time_group_fixed,0.02655401593237684
TR-003308,TR-C01838,2024-08-11,1,3,clean_time_group_fixed,0.29375378813402686
TR-007713,TR-C06499,2024-08-11,0,3,clean_time_group_fixed,0.03987207965867367
TR-008097,TR-C02052,2024-08-11,0,3,clean_time_group_fixed,0.013551728726836295
TR-008579,TR-C06004,2024-08-11,0,3,clean_time_group_fixed,0.17149997179829335
TR-009220,TR-C00331,2024-08-11,0,3,clean_time_group_fixed,0.092230374966847
TR-001651,TR-C02830,2024-08-12,0,3,clean_time_group_fixed,0.04460629047119135
TR-002261,TR-C03889,2024-08-12,1,3,clean_time_group_fixed,0.07765736805926556
TR-003204,TR-C04978,2024-08-12,0,3,clean_time_group_fixed,0.1539049051157082
TR-003750,TR-C03254,2024-08-12,0,3,clean_time_group_fixed,0.04802219143746911
TR-005099,TR-C01362,2024-08-12,0,3,clean_time_group_fixed,0.06999037677350163
TR-005644,TR-C00516,2024-08-12,0,3,clean_time_group_fixed,0.03089718113291875
TR-008156,TR-C05359,2024-08-12,0,3,clean_time_group_fixed,0.047627194669185004
TR-000838,TR-C00185,2024-08-13,1,3,clean_time_group_fixed,0.13030811238201226
TR-001496,TR-C05663,2024-08-13,0,3,clean_time_group_fixed,0.04037550712482522
TR-002860,TR-C05795,2024-08-13,0,3,clean_time_group_fixed,0.026282908300960493
TR-007028,TR-C06233,2024-08-13,0,3,clean_time_group_fixed,0.011304267948872971
TR-000041,TR-C02320,2024-08-14,0,3,clean_time_group_fixed,0.019105141028664466
TR-000327,TR-C00144,2024-08-14,0,3,clean_time_group_fixed,0.5759852106144706
TR-000892,TR-C00562,2024-08-14,0,3,clean_time_group_fixed,0.013422650824934927
TR-001844,TR-C04250,2024-08-14,0,3,clean_time_group_fixed,0.015591157980847176
TR-003231,TR-C00822,2024-08-14,0,3,clean_time_group_fixed,0.04984408482900784
TR-006030,TR-C05787,2024-08-14,0,3,clean_time_group_fixed,0.04215963658687471
TR-008194,TR-C00838,2024-08-14,0,3,clean_time_group_fixed,0.02358408724282349
TR-008910,TR-C01521,2024-08-14,0,3,clean_time_group_fixed,0.5443360769187622
TR-009268,TR-C06145,2024-08-14,0,3,clean_time_group_fixed,0.026559725545597098
TR-009333,TR-C04877,2024-08-14,0,3,clean_time_group_fixed,0.05523808446463332
TR-009419,TR-C06368,2024-08-14,0,3,clean_time_group_fixed,0.019828612606050604
TR-003042,TR-C01901,2024-08-15,0,3,clean_time_group_fixed,0.03185069403335794
TR-003194,TR-C04544,2024-08-15,0,3,clean_time_group_fixed,0.1378903383797325
TR-003343,TR-C03734,2024-08-15,0,3,clean_time_group_fixed,0.03249236622153203
TR-003794,TR-C03252,2024-08-15,0,3,clean_time_group_fixed,0.132919807588363
TR-004807,TR-C02818,2024-08-15,0,3,clean_time_group_fixed,0.010847322612239111
TR-005189,TR-C01576,2024-08-15,0,3,clean_time_group_fixed,0.023620913117061704
TR-005586,TR-C04508,2024-08-15,0,3,clean_time_group_fixed,0.035471827760116474
TR-005862,TR-C04644,2024-08-15,0,3,clean_time_group_fixed,0.11893877891551495
TR-006099,TR-C03399,2024-08-15,0,3,clean_time_group_fixed,0.02108892560741924
TR-008895,TR-C02024,2024-08-15,0,3,clean_time_group_fixed,0.1837229411684441
TR-009238,TR-C03688,2024-08-15,0,3,clean_time_group_fixed,0.034685060583793066
TR-009512,TR-C04565,2024-08-15,0,3,clean_time_group_fixed,0.07326544771917586
TR-009616,TR-C05018,2024-08-15,1,3,clean_time_group_fixed,0.25551817949709776
TR-000667,TR-C05896,2024-08-16,0,3,clean_time_group_fixed,0.07171826726468977
TR-000752,TR-C00065,2024-08-16,0,3,clean_time_group_fixed,0.041909990030903885
TR-001316,TR-C04969,2024-08-16,0,3,clean_time_group_fixed,0.058909935941208524
TR-001580,TR-C03695,2024-08-16,0,3,clean_time_group_fixed,0.0256322292175758
TR-002807,TR-C00125,2024-08-16,0,3,clean_time_group_fixed,0.03372369229704671
TR-003382,TR-C00751,2024-08-16,0,3,clean_time_group_fixed,0.20631700480024293
TR-005087,TR-C06239,2024-08-16,0,3,clean_time_group_fixed,0.017269991976110958
TR-005120,TR-C00222,2024-08-16,0,3,clean_time_group_fixed,0.012021550116996694
TR-006387,TR-C04353,2024-08-16,1,3,clean_time_group_fixed,0.2773028725919183
TR-006491,TR-C01800,2024-08-16,0,3,clean_time_group_fixed,0.02134699148665596
TR-008058,TR-C00955,2024-08-16,0,3,clean_time_group_fixed,0.05233025167269688
TR-009522,TR-C06175,2024-08-16,0,3,clean_time_group_fixed,0.02391475522370123
TR-000543,TR-C04050,2024-08-17,0,3,clean_time_group_fixed,0.02290558759601317
TR-002199,TR-C01400,2024-08-17,0,3,clean_time_group_fixed,0.11960328200929791
TR-003548,TR-C01589,2024-08-17,1,3,clean_time_group_fixed,0.08138116076022064
TR-005247,TR-C05672,2024-08-17,0,3,clean_time_group_fixed,0.03236446105054159
TR-005919,TR-C00484,2024-08-17,0,3,clean_time_group_fixed,0.015047916166396771
TR-006075,TR-C04928,2024-08-17,0,3,clean_time_group_fixed,0.05180628117548203
TR-008582,TR-C03739,2024-08-17,0,3,clean_time_group_fixed,0.6588457673597626
TR-001449,TR-C01570,2024-08-18,1,3,clean_time_group_fixed,0.6437122949393363
TR-003507,TR-C00407,2024-08-18,0,3,clean_time_group_fixed,0.03058952277010641
TR-003813,TR-C05118,2024-08-18,0,3,clean_time_group_fixed,0.011705664814461912
TR-004258,TR-C06218,2024-08-18,0,3,clean_time_group_fixed,0.1327652702867621
TR-005242,TR-C04623,2024-08-18,0,3,clean_time_group_fixed,0.017790645118966948
TR-007390,TR-C05448,2024-08-18,0,3,clean_time_group_fixed,0.017980479285653942
TR-008733,TR-C00103,2024-08-18,0,3,clean_time_group_fixed,0.008033417312008035
TR-009310,TR-C01778,2024-08-18,0,3,clean_time_group_fixed,0.06732581655115115
TR-001074,TR-C02138,2024-08-19,0,3,clean_time_group_fixed,0.10521870437166601
TR-001786,TR-C04408,2024-08-19,0,3,clean_time_group_fixed,0.1456449022067331
TR-002333,TR-C02937,2024-08-19,1,3,clean_time_group_fixed,0.8225760279378431
TR-002344,TR-C03829,2024-08-19,0,3,clean_time_group_fixed,0.0342918520571514
TR-002947,TR-C01473,2024-08-19,0,3,clean_time_group_fixed,0.10431536965906181
TR-005496,TR-C03666,2024-08-19,0,3,clean_time_group_fixed,0.1300362574912548
TR-005686,TR-C00169,2024-08-19,0,3,clean_time_group_fixed,0.020709087233194746
TR-006434,TR-C01554,2024-08-19,1,3,clean_time_group_fixed,0.22640197440330193
TR-006861,TR-C01224,2024-08-19,0,3,clean_time_group_fixed,0.02288055885961928
TR-007473,TR-C00380,2024-08-19,0,3,clean_time_group_fixed,0.18818907405318117
TR-007624,TR-C00976,2024-08-19,0,3,clean_time_group_fixed,0.05814125789784208
TR-008287,TR-C00408,2024-08-19,0,3,clean_time_group_fixed,0.05612551702653469
TR-009075,TR-C03874,2024-08-19,0,3,clean_time_group_fixed,0.0664002034160077
TR-009338,TR-C00599,2024-08-19,0,3,clean_time_group_fixed,0.05205632537432662
TR-001562,TR-C03738,2024-08-20,0,3,clean_time_group_fixed,0.11699319984552059
TR-002055,TR-C01828,2024-08-20,0,3,clean_time_group_fixed,0.16780065393495625
TR-003387,TR-C02610,2024-08-20,0,3,clean_time_group_fixed,0.026004024072011855
TR-003425,TR-C00249,2024-08-20,0,3,clean_time_group_fixed,0.06967631450241275
TR-004512,TR-C03538,2024-08-20,0,3,clean_time_group_fixed,0.025665368501937593
TR-006940,TR-C05740,2024-08-20,0,3,clean_time_group_fixed,0.5183639120090943
TR-007160,TR-C01324,2024-08-20,0,3,clean_time_group_fixed,0.021345861001722314
TR-008809,TR-C00644,2024-08-20,0,3,clean_time_group_fixed,0.1516070593236917
TR-000624,TR-C05262,2024-08-21,1,3,clean_time_group_fixed,0.06674775886916663
TR-003708,TR-C03046,2024-08-21,0,3,clean_time_group_fixed,0.19398375923865627
TR-004776,TR-C05696,2024-08-21,0,3,clean_time_group_fixed,0.01972680586681848
TR-006936,TR-C01158,2024-08-21,0,3,clean_time_group_fixed,0.26479160319443545
TR-008782,TR-C04004,2024-08-21,1,3,clean_time_group_fixed,0.47312416860849665
TR-009700,TR-C05219,2024-08-21,0,3,clean_time_group_fixed,0.46728368066976755
TR-000482,TR-C01980,2024-08-22,0,3,clean_time_group_fixed,0.15566621182424378
TR-002317,TR-C04384,2024-08-22,0,3,clean_time_group_fixed,0.09966080817410645
TR-002911,TR-C01031,2024-08-22,0,3,clean_time_group_fixed,0.01696429328121425
TR-003218,TR-C01940,2024-08-22,0,3,clean_time_group_fixed,0.04566858520294641
TR-004235,TR-C01777,2024-08-22,0,3,clean_time_group_fixed,0.018863419615013026
TR-005221,TR-C06176,2024-08-22,1,3,clean_time_group_fixed,0.11987774249844885
TR-008532,TR-C00734,2024-08-22,0,3,clean_time_group_fixed,0.02518355090048278
TR-009358,TR-C01631,2024-08-22,0,3,clean_time_group_fixed,0.035994339605040504
TR-009941,TR-C06437,2024-08-22,0,3,clean_time_group_fixed,0.02579142544424174
TR-000980,TR-C00015,2024-08-23,0,3,clean_time_group_fixed,0.0485780011355238
TR-001266,TR-C04295,2024-08-23,0,3,clean_time_group_fixed,0.013348196053064153
TR-001398,TR-C02338,2024-08-23,0,3,clean_time_group_fixed,0.016813652017938538
TR-001672,TR-C06342,2024-08-23,0,3,clean_time_group_fixed,0.02109912147586212
TR-003036,TR-C05161,2024-08-23,0,3,clean_time_group_fixed,0.04053073113595986
TR-003389,TR-C03206,2024-08-23,0,3,clean_time_group_fixed,0.016991336414689473
TR-008663,TR-C06147,2024-08-23,0,3,clean_time_group_fixed,0.025096109025621642
TR-008678,TR-C04595,2024-08-23,0,3,clean_time_group_fixed,0.015910942072173907
TR-009898,TR-C01429,2024-08-23,0,3,clean_time_group_fixed,0.008979230405308925
TR-000063,TR-C06458,2024-08-24,0,3,clean_time_group_fixed,0.015175289823536017
TR-001631,TR-C00065,2024-08-24,0,3,clean_time_group_fixed,0.021868977345617453
TR-002202,TR-C04966,2024-08-24,0,3,clean_time_group_fixed,0.045421360647107216
TR-005334,TR-C00118,2024-08-24,0,3,clean_time_group_fixed,0.21647828143501774
TR-005383,TR-C06424,2024-08-24,0,3,clean_time_group_fixed,0.10546037951303827
TR-006231,TR-C02328,2024-08-24,0,3,clean_time_group_fixed,0.02615821215582544
TR-006492,TR-C00034,2024-08-24,0,3,clean_time_group_fixed,0.02332666612316175
TR-006513,TR-C00238,2024-08-24,0,3,clean_time_group_fixed,0.0220550126079256
TR-006736,TR-C05156,2024-08-24,0,3,clean_time_group_fixed,0.04069707156429477
TR-006858,TR-C02506,2024-08-24,0,3,clean_time_group_fixed,0.010735116367142741
TR-007884,TR-C06338,2024-08-24,0,3,clean_time_group_fixed,0.03084897022465041
TR-008062,TR-C05431,2024-08-24,0,3,clean_time_group_fixed,0.022418287429539063
TR-009250,TR-C05990,2024-08-24,0,3,clean_time_group_fixed,0.03692451986956657
TR-007867,TR-C00963,2024-08-25,1,3,clean_time_group_fixed,0.18747887199127924
TR-008088,TR-C04535,2024-08-25,0,3,clean_time_group_fixed,0.02846771106705298
TR-009114,TR-C00856,2024-08-25,0,3,clean_time_group_fixed,0.027004044929220174
TR-003096,TR-C00851,2024-08-26,0,3,clean_time_group_fixed,0.07572061781190927
TR-004985,TR-C01886,2024-08-26,0,3,clean_time_group_fixed,0.020922169549803023
TR-006273,TR-C05392,2024-08-26,0,3,clean_time_group_fixed,0.016549252570002015
TR-006657,TR-C01033,2024-08-26,0,3,clean_time_group_fixed,0.014186456075986963
TR-008784,TR-C05561,2024-08-26,0,3,clean_time_group_fixed,0.026045196709454273
TR-009245,TR-C01811,2024-08-26,0,3,clean_time_group_fixed,0.01460878356192528
TR-000336,TR-C06318,2024-08-27,0,3,clean_time_group_fixed,0.025088087614332025
TR-001179,TR-C05430,2024-08-27,0,3,clean_time_group_fixed,0.024380765366420035
TR-002368,TR-C05110,2024-08-27,1,3,clean_time_group_fixed,0.07714240325908521
TR-003225,TR-C02418,2024-08-27,0,3,clean_time_group_fixed,0.04881327397606114
TR-003677,TR-C00278,2024-08-27,0,3,clean_time_group_fixed,0.027600612496662437
TR-003982,TR-C01096,2024-08-27,0,3,clean_time_group_fixed,0.296857375144494
TR-005829,TR-C00745,2024-08-27,0,3,clean_time_group_fixed,0.024721308566305066
TR-006128,TR-C05969,2024-08-27,0,3,clean_time_group_fixed,0.00952115298216078
TR-007134,TR-C01910,2024-08-27,0,3,clean_time_group_fixed,0.034417488419912566
TR-007221,TR-C05405,2024-08-27,0,3,clean_time_group_fixed,0.04574917129139112
TR-007597,TR-C06222,2024-08-27,0,3,clean_time_group_fixed,0.0713061039294597
TR-008687,TR-C04740,2024-08-27,0,3,clean_time_group_fixed,0.014534189177263391
TR-009607,TR-C05587,2024-08-27,0,3,clean_time_group_fixed,0.44123672869651176
TR-000430,TR-C01840,2024-08-28,0,3,clean_time_group_fixed,0.017715108418672913
TR-001528,TR-C02281,2024-08-28,0,3,clean_time_group_fixed,0.03862316333693152
TR-003443,TR-C05553,2024-08-28,0,3,clean_time_group_fixed,0.033520298698858225
TR-005179,TR-C04299,2024-08-28,0,3,clean_time_group_fixed,0.08810134659441965
TR-005297,TR-C02893,2024-08-28,0,3,clean_time_group_fixed,0.02446538270343153
TR-006360,TR-C01284,2024-08-28,1,3,clean_time_group_fixed,0.031796489159178695
TR-006833,TR-C04234,2024-08-28,0,3,clean_time_group_fixed,0.06701774486339826
TR-007011,TR-C00397,2024-08-28,0,3,clean_time_group_fixed,0.052369341742792286
TR-007365,TR-C02732,2024-08-28,0,3,clean_time_group_fixed,0.05428172925933919
TR-008040,TR-C05186,2024-08-28,0,3,clean_time_group_fixed,0.11230787426919131
TR-008682,TR-C02950,2024-08-28,0,3,clean_time_group_fixed,0.29900069714012406
TR-008720,TR-C06421,2024-08-28,0,3,clean_time_group_fixed,0.024370576130697402
TR-009074,TR-C00191,2024-08-28,0,3,clean_time_group_fixed,0.07420457035112019
TR-009166,TR-C01646,2024-08-28,0,3,clean_time_group_fixed,0.018384532532807422
TR-000531,TR-C03271,2024-08-29,0,3,clean_time_group_fixed,0.03777940053506057
TR-000738,TR-C04177,2024-08-29,0,3,clean_time_group_fixed,0.013765754646393633
TR-001184,TR-C05096,2024-08-29,0,3,clean_time_group_fixed,0.03649809315271784
TR-001359,TR-C01910,2024-08-29,0,3,clean_time_group_fixed,0.04395074290999278
TR-002857,TR-C01455,2024-08-29,0,3,clean_time_group_fixed,0.12782135899529756
TR-002951,TR-C05838,2024-08-29,0,3,clean_time_group_fixed,0.03733798466975542
TR-004389,TR-C05201,2024-08-29,0,3,clean_time_group_fixed,0.024515664305932904
TR-005219,TR-C01795,2024-08-29,0,3,clean_time_group_fixed,0.037524487027799557
TR-006469,TR-C04483,2024-08-29,0,3,clean_time_group_fixed,0.015403310750775709
TR-008350,TR-C06080,2024-08-29,0,3,clean_time_group_fixed,0.014008170876164327
TR-009154,TR-C00479,2024-08-29,0,3,clean_time_group_fixed,0.03288918314774018
TR-000044,TR-C01277,2024-08-30,0,3,clean_time_group_fixed,0.037101583949803625
TR-000102,TR-C02850,2024-08-30,0,3,clean_time_group_fixed,0.030082006797815516
TR-000145,TR-C01976,2024-08-30,0,3,clean_time_group_fixed,0.030107860418449487
TR-001478,TR-C05605,2024-08-30,1,3,clean_time_group_fixed,0.030259193101517534
TR-001505,TR-C03205,2024-08-30,0,3,clean_time_group_fixed,0.06720881462456643
TR-002295,TR-C03366,2024-08-30,0,3,clean_time_group_fixed,0.01550048040970317
TR-003637,TR-C01128,2024-08-30,0,3,clean_time_group_fixed,0.010789804164561411
TR-003911,TR-C03096,2024-08-30,0,3,clean_time_group_fixed,0.07159426593547888
TR-005648,TR-C01709,2024-08-30,0,3,clean_time_group_fixed,0.024870042157780523
TR-009296,TR-C01517,2024-08-30,0,3,clean_time_group_fixed,0.0355763736276723
TR-001045,TR-C01695,2024-08-31,0,3,clean_time_group_fixed,0.030551194536137926
TR-004836,TR-C02886,2024-08-31,0,3,clean_time_group_fixed,0.03793400721997498
TR-007852,TR-C05822,2024-08-31,0,3,clean_time_group_fixed,0.05499263503004146
TR-009710,TR-C00545,2024-08-31,0,3,clean_time_group_fixed,0.027263829389463746
TR-000011,TR-C04560,2024-09-01,0,3,clean_time_group_fixed,0.05211672879672132
TR-000395,TR-C04147,2024-09-01,0,3,clean_time_group_fixed,0.07964404249738187
TR-001165,TR-C02988,2024-09-01,0,3,clean_time_group_fixed,0.20322594619774745
TR-001519,TR-C02218,2024-09-01,0,3,clean_time_group_fixed,0.027692851507363198
TR-003244,TR-C01039,2024-09-01,0,3,clean_time_group_fixed,0.01613479167773058
TR-004259,TR-C04826,2024-09-01,0,3,clean_time_group_fixed,0.026723141237311274
TR-005470,TR-C05710,2024-09-01,0,3,clean_time_group_fixed,0.021338978806055106
TR-005505,TR-C00510,2024-09-01,0,3,clean_time_group_fixed,0.24118211843813864
TR-006714,TR-C06373,2024-09-01,0,3,clean_time_group_fixed,0.039074658714662175
TR-007114,TR-C01550,2024-09-01,0,3,clean_time_group_fixed,0.08944343150151605
TR-007266,TR-C04112,2024-09-01,0,3,clean_time_group_fixed,0.0459817389069004
TR-007568,TR-C02293,2024-09-01,0,3,clean_time_group_fixed,0.0851078787086297
TR-009235,TR-C01934,2024-09-01,0,3,clean_time_group_fixed,0.23600373198681715
TR-009269,TR-C06420,2024-09-01,0,3,clean_time_group_fixed,0.0694701284719645
TR-000550,TR-C05746,2024-09-02,0,3,clean_time_group_fixed,0.4854884299816859
TR-002190,TR-C02412,2024-09-02,0,3,clean_time_group_fixed,0.2035124680997026
TR-002339,TR-C05226,2024-09-02,0,3,clean_time_group_fixed,0.019498083181996275
TR-003322,TR-C02552,2024-09-02,0,3,clean_time_group_fixed,0.053450962978301146
TR-005298,TR-C03654,2024-09-02,0,3,clean_time_group_fixed,0.3039754660290318
TR-005949,TR-C00678,2024-09-02,0,3,clean_time_group_fixed,0.035096960531187604
TR-008554,TR-C06454,2024-09-02,0,3,clean_time_group_fixed,0.01687410928050463
TR-009318,TR-C04405,2024-09-02,0,3,clean_time_group_fixed,0.012821454131739055
TR-009585,TR-C03207,2024-09-02,1,3,clean_time_group_fixed,0.28619072419506525
TR-002902,TR-C01010,2024-09-03,0,3,clean_time_group_fixed,0.14959910282063701
TR-007892,TR-C03068,2024-09-03,0,3,clean_time_group_fixed,0.07816723593578086
TR-008345,TR-C02382,2024-09-03,0,3,clean_time_group_fixed,0.010466688094569113
TR-008458,TR-C01156,2024-09-03,0,3,clean_time_group_fixed,0.019674281051383778
TR-009572,TR-C05758,2024-09-03,0,3,clean_time_group_fixed,0.030318933966881813
TR-002233,TR-C06273,2024-09-04,0,3,clean_time_group_fixed,0.042395853321119496
TR-003226,TR-C02718,2024-09-04,0,3,clean_time_group_fixed,0.04363401536364159
TR-004556,TR-C04986,2024-09-04,0,3,clean_time_group_fixed,0.01957920516284276
TR-005050,TR-C05799,2024-09-04,0,3,clean_time_group_fixed,0.1338679570334581
TR-005741,TR-C00841,2024-09-04,0,3,clean_time_group_fixed,0.034894152933400875
TR-006126,TR-C00072,2024-09-04,0,3,clean_time_group_fixed,0.09113677185130198
TR-006197,TR-C05371,2024-09-04,0,3,clean_time_group_fixed,0.021391796547875975
TR-006218,TR-C00085,2024-09-04,0,3,clean_time_group_fixed,0.015031275273920284
TR-006638,TR-C04728,2024-09-04,0,3,clean_time_group_fixed,0.019598306298078308
TR-006661,TR-C03825,2024-09-04,1,3,clean_time_group_fixed,0.556527598093621
TR-009486,TR-C02198,2024-09-04,0,3,clean_time_group_fixed,0.09461561853309458
TR-000742,TR-C01597,2024-09-05,0,3,clean_time_group_fixed,0.013498664198127787
TR-000748,TR-C04838,2024-09-05,0,3,clean_time_group_fixed,0.012913477187230104
TR-001488,TR-C02201,2024-09-05,0,3,clean_time_group_fixed,0.015903289024613472
TR-003517,TR-C02427,2024-09-05,0,3,clean_time_group_fixed,0.0166105567190709
TR-005020,TR-C03779,2024-09-05,0,3,clean_time_group_fixed,0.05073865726947909
TR-005698,TR-C01242,2024-09-05,0,3,clean_time_group_fixed,0.13678093250079482
TR-006366,TR-C01130,2024-09-05,0,3,clean_time_group_fixed,0.019193294960264028
TR-000952,TR-C01664,2024-09-06,1,3,clean_time_group_fixed,0.13419974899745074
TR-001141,TR-C03693,2024-09-06,0,3,clean_time_group_fixed,0.027931070120789832
TR-001812,TR-C02145,2024-09-06,0,3,clean_time_group_fixed,0.06586512322053141
TR-002838,TR-C02497,2024-09-06,0,3,clean_time_group_fixed,0.021207351489458594
TR-003524,TR-C03244,2024-09-06,1,3,clean_time_group_fixed,0.06542888384114388
TR-003791,TR-C02733,2024-09-06,0,3,clean_time_group_fixed,0.028876535032631104
TR-004864,TR-C04505,2024-09-06,0,3,clean_time_group_fixed,0.020563373416476842
TR-005096,TR-C01111,2024-09-06,0,3,clean_time_group_fixed,0.026831459005365082
TR-006407,TR-C00296,2024-09-06,0,3,clean_time_group_fixed,0.017502688585856154
TR-008607,TR-C05142,2024-09-06,0,3,clean_time_group_fixed,0.035992545259029715
TR-009462,TR-C03563,2024-09-06,0,3,clean_time_group_fixed,0.057637750273880135
TR-000390,TR-C00623,2024-09-07,0,3,clean_time_group_fixed,0.017764006564944635
TR-000446,TR-C05868,2024-09-07,0,3,clean_time_group_fixed,0.012796423598160042
TR-000874,TR-C03506,2024-09-07,0,3,clean_time_group_fixed,0.04964947164390071
TR-002586,TR-C06263,2024-09-07,0,3,clean_time_group_fixed,0.11063611491720235
TR-002645,TR-C00003,2024-09-07,0,3,clean_time_group_fixed,0.024375422648437842
TR-004977,TR-C06246,2024-09-07,0,3,clean_time_group_fixed,0.4617661532358231
TR-005691,TR-C02312,2024-09-07,0,3,clean_time_group_fixed,0.023433319318799325
TR-006147,TR-C04434,2024-09-07,0,3,clean_time_group_fixed,0.02331643391912901
TR-006161,TR-C01331,2024-09-07,0,3,clean_time_group_fixed,0.15830355232741566
TR-007353,TR-C04744,2024-09-07,1,3,clean_time_group_fixed,0.06238740465478333
TR-007652,TR-C05187,2024-09-07,0,3,clean_time_group_fixed,0.04570195355800783
TR-007683,TR-C01775,2024-09-07,0,3,clean_time_group_fixed,0.0389480775216376
TR-000401,TR-C02203,2024-09-08,0,3,clean_time_group_fixed,0.017067963803442224
TR-001840,TR-C03857,2024-09-08,0,3,clean_time_group_fixed,0.3693012981045277
TR-004240,TR-C03004,2024-09-08,0,3,clean_time_group_fixed,0.021477259752043343
TR-004421,TR-C00624,2024-09-08,0,3,clean_time_group_fixed,0.04787414875283699
TR-004562,TR-C05670,2024-09-08,0,3,clean_time_group_fixed,0.11840852701172566
TR-005797,TR-C04938,2024-09-08,0,3,clean_time_group_fixed,0.03694073183373117
TR-007157,TR-C04069,2024-09-08,0,3,clean_time_group_fixed,0.011840574834973314
TR-007171,TR-C04620,2024-09-08,0,3,clean_time_group_fixed,0.11418586521163283
TR-009437,TR-C06152,2024-09-08,0,3,clean_time_group_fixed,0.012511435207908034
TR-001916,TR-C02918,2024-09-09,0,3,clean_time_group_fixed,0.012087824459736012
TR-003751,TR-C02624,2024-09-09,0,3,clean_time_group_fixed,0.011428324216804482
TR-004141,TR-C00999,2024-09-09,0,3,clean_time_group_fixed,0.09811870460127477
TR-004703,TR-C04340,2024-09-09,0,3,clean_time_group_fixed,0.013410674245852603
TR-005230,TR-C04972,2024-09-09,0,3,clean_time_group_fixed,0.2810521210087425
TR-007989,TR-C03885,2024-09-09,0,3,clean_time_group_fixed,0.009301702939648432
TR-009082,TR-C00339,2024-09-09,0,3,clean_time_group_fixed,0.034795850864785136
TR-000775,TR-C05057,2024-09-10,0,3,clean_time_group_fixed,0.03487051059345641
TR-003822,TR-C03561,2024-09-10,1,3,clean_time_group_fixed,0.06121563590704918
TR-008276,TR-C05222,2024-09-10,0,3,clean_time_group_fixed,0.029205074010871204
TR-009831,TR-C01351,2024-09-10,0,3,clean_time_group_fixed,0.15139266925471848
TR-000565,TR-C04206,2024-09-11,0,3,clean_time_group_fixed,0.019733164273297757
TR-001377,TR-C03451,2024-09-11,0,3,clean_time_group_fixed,0.04040142946707613
TR-001611,TR-C03803,2024-09-11,1,3,clean_time_group_fixed,0.03227624841145261
TR-006115,TR-C03812,2024-09-11,1,3,clean_time_group_fixed,0.0315410239314952
TR-006992,TR-C05605,2024-09-11,0,3,clean_time_group_fixed,0.020949356170927705
TR-008642,TR-C04659,2024-09-11,0,3,clean_time_group_fixed,0.028640828827194906
TR-009334,TR-C03465,2024-09-11,0,3,clean_time_group_fixed,0.16482211057055157
TR-000004,TR-C04828,2024-09-12,1,3,clean_time_group_fixed,0.06140305341272717
TR-000345,TR-C02757,2024-09-12,0,3,clean_time_group_fixed,0.05339788357180278
TR-000575,TR-C02700,2024-09-12,0,3,clean_time_group_fixed,0.021630178414702474
TR-001369,TR-C00000,2024-09-12,0,3,clean_time_group_fixed,0.023092494289662147
TR-004097,TR-C06076,2024-09-12,1,3,clean_time_group_fixed,0.10122665671298277
TR-004393,TR-C05995,2024-09-12,0,3,clean_time_group_fixed,0.05469154543225194
TR-004407,TR-C01809,2024-09-12,0,3,clean_time_group_fixed,0.023536631908911032
TR-006470,TR-C00306,2024-09-12,0,3,clean_time_group_fixed,0.29057932544322607
TR-007119,TR-C01083,2024-09-12,0,3,clean_time_group_fixed,0.2213019034196745
TR-007911,TR-C05234,2024-09-12,0,3,clean_time_group_fixed,0.1268387217795566
TR-008769,TR-C03399,2024-09-12,0,3,clean_time_group_fixed,0.018496691174330178
TR-008905,TR-C02541,2024-09-12,0,3,clean_time_group_fixed,0.04766496779337669
TR-009937,TR-C01075,2024-09-12,0,3,clean_time_group_fixed,0.13600876424801236
TR-000016,TR-C02179,2024-09-13,0,3,clean_time_group_fixed,0.20250274236659926
TR-002928,TR-C01635,2024-09-13,0,3,clean_time_group_fixed,0.021400999793282083
TR-004511,TR-C04780,2024-09-13,0,3,clean_time_group_fixed,0.02594686317523831
TR-004570,TR-C06195,2024-09-13,0,3,clean_time_group_fixed,0.02704702775120237
TR-005181,TR-C00120,2024-09-13,1,3,clean_time_group_fixed,0.08646202360928731
TR-007717,TR-C04564,2024-09-13,0,3,clean_time_group_fixed,0.46463827839672234
TR-008549,TR-C00716,2024-09-13,1,3,clean_time_group_fixed,0.21489465239630035
TR-001317,TR-C05910,2024-09-14,0,3,clean_time_group_fixed,0.0496781282975368
TR-001629,TR-C02882,2024-09-14,0,3,clean_time_group_fixed,0.05123441399194813
TR-001837,TR-C00687,2024-09-14,0,3,clean_time_group_fixed,0.010793428267488999
TR-002960,TR-C01149,2024-09-14,0,3,clean_time_group_fixed,0.014646250045819768
TR-005738,TR-C01322,2024-09-14,0,3,clean_time_group_fixed,0.024972632803199585
TR-006288,TR-C03228,2024-09-14,0,3,clean_time_group_fixed,0.02172968232795508
TR-006934,TR-C06082,2024-09-14,1,3,clean_time_group_fixed,0.48067961736833337
TR-007490,TR-C01164,2024-09-14,0,3,clean_time_group_fixed,0.04463442769263816
TR-007515,TR-C02774,2024-09-14,0,3,clean_time_group_fixed,0.016255126355185646
TR-008186,TR-C01356,2024-09-14,0,3,clean_time_group_fixed,0.06651653563209377
TR-008494,TR-C04306,2024-09-14,0,3,clean_time_group_fixed,0.04751089832766015
TR-008991,TR-C02848,2024-09-14,0,3,clean_time_group_fixed,0.0507882210044556
TR-009615,TR-C03053,2024-09-14,0,3,clean_time_group_fixed,0.009823919180754365
TR-000608,TR-C03408,2024-09-15,0,3,clean_time_group_fixed,0.09083699238761078
TR-000844,TR-C02240,2024-09-15,0,3,clean_time_group_fixed,0.07211651296918145
TR-001635,TR-C03912,2024-09-15,1,3,clean_time_group_fixed,0.03713706835714957
TR-003168,TR-C00692,2024-09-15,1,3,clean_time_group_fixed,0.08402905379650441
TR-003886,TR-C03530,2024-09-15,0,3,clean_time_group_fixed,0.24171071152636847
TR-004297,TR-C04636,2024-09-15,0,3,clean_time_group_fixed,0.1813423915705072
TR-005459,TR-C05587,2024-09-15,0,3,clean_time_group_fixed,0.08968667384701887
TR-008744,TR-C02671,2024-09-15,0,3,clean_time_group_fixed,0.029282629211069618
TR-009070,TR-C04603,2024-09-15,0,3,clean_time_group_fixed,0.014926976420649628
TR-009253,TR-C02676,2024-09-15,0,3,clean_time_group_fixed,0.01586730245210268
TR-009459,TR-C06428,2024-09-15,0,3,clean_time_group_fixed,0.08846701447987859
TR-000285,TR-C06118,2024-09-16,0,3,clean_time_group_fixed,0.03446927713442807
TR-001426,TR-C04064,2024-09-16,0,3,clean_time_group_fixed,0.03357138313565415
TR-004089,TR-C04761,2024-09-16,0,3,clean_time_group_fixed,0.020681738727147642
TR-004168,TR-C01268,2024-09-16,0,3,clean_time_group_fixed,0.09449139443598037
TR-004319,TR-C01987,2024-09-16,0,3,clean_time_group_fixed,0.16065229711668041
TR-005412,TR-C02517,2024-09-16,0,3,clean_time_group_fixed,0.02532040559782006
TR-005600,TR-C05168,2024-09-16,0,3,clean_time_group_fixed,0.048003488976340616
TR-006255,TR-C05958,2024-09-16,0,3,clean_time_group_fixed,0.08205086337211003
TR-007194,TR-C01532,2024-09-16,0,3,clean_time_group_fixed,0.017183992656400814
TR-008092,TR-C04945,2024-09-16,0,3,clean_time_group_fixed,0.016517619826806374
TR-009983,TR-C00929,2024-09-16,0,3,clean_time_group_fixed,0.019887702863093375
TR-000188,TR-C04538,2024-09-17,0,3,clean_time_group_fixed,0.09312361289164849
TR-001140,TR-C04909,2024-09-17,0,3,clean_time_group_fixed,0.03090932578357107
TR-001324,TR-C01990,2024-09-17,0,3,clean_time_group_fixed,0.02435282032944661
TR-002729,TR-C00372,2024-09-17,0,3,clean_time_group_fixed,0.0421150873939594
TR-002755,TR-C02422,2024-09-17,0,3,clean_time_group_fixed,0.1259611616686651
TR-004055,TR-C00736,2024-09-17,0,3,clean_time_group_fixed,0.22293098242230427
TR-004628,TR-C06344,2024-09-17,1,3,clean_time_group_fixed,0.27332739051257693
TR-004846,TR-C05995,2024-09-17,0,3,clean_time_group_fixed,0.025775684794744732
TR-005920,TR-C00958,2024-09-17,0,3,clean_time_group_fixed,0.07514008193182252
TR-006613,TR-C06056,2024-09-17,0,3,clean_time_group_fixed,0.08830669675961823
TR-007025,TR-C02363,2024-09-17,0,3,clean_time_group_fixed,0.1305183524121512
TR-008512,TR-C04466,2024-09-17,0,3,clean_time_group_fixed,0.13430325081299987
TR-009370,TR-C02899,2024-09-17,0,3,clean_time_group_fixed,0.02261688045993699
TR-009426,TR-C03663,2024-09-17,0,3,clean_time_group_fixed,0.029986772192257143
TR-009626,TR-C05116,2024-09-17,0,3,clean_time_group_fixed,0.030222725014460633
TR-000857,TR-C00761,2024-09-18,0,3,clean_time_group_fixed,0.07495504371908125
TR-001904,TR-C03694,2024-09-18,0,3,clean_time_group_fixed,0.030538148981864046
TR-003432,TR-C05621,2024-09-18,0,3,clean_time_group_fixed,0.044720450284250084
TR-005973,TR-C00577,2024-09-18,0,3,clean_time_group_fixed,0.011671888012694717
TR-007547,TR-C02877,2024-09-18,1,3,clean_time_group_fixed,0.1341371719056261
TR-008298,TR-C03259,2024-09-18,0,3,clean_time_group_fixed,0.03891898338820654
TR-008783,TR-C06344,2024-09-18,0,3,clean_time_group_fixed,0.02464551566662092
TR-009822,TR-C02446,2024-09-18,1,3,clean_time_group_fixed,0.47185655290793005
TR-000053,TR-C01406,2024-09-19,0,3,clean_time_group_fixed,0.027088719768652368
TR-000503,TR-C04515,2024-09-19,0,3,clean_time_group_fixed,0.029206671762984453
TR-000636,TR-C03962,2024-09-19,0,3,clean_time_group_fixed,0.03990282538557697
TR-000673,TR-C01234,2024-09-19,0,3,clean_time_group_fixed,0.008296111301414269
TR-001972,TR-C02718,2024-09-19,0,3,clean_time_group_fixed,0.03067267641042848
TR-002002,TR-C00943,2024-09-19,0,3,clean_time_group_fixed,0.023837687190450017
TR-002464,TR-C01351,2024-09-19,0,3,clean_time_group_fixed,0.15871214996765015
TR-002930,TR-C00439,2024-09-19,0,3,clean_time_group_fixed,0.07683368049468776
TR-003413,TR-C04265,2024-09-19,0,3,clean_time_group_fixed,0.14120324227405348
TR-004381,TR-C05225,2024-09-19,0,3,clean_time_group_fixed,0.18828149319792473
TR-005719,TR-C03314,2024-09-19,0,3,clean_time_group_fixed,0.10048606919755655
TR-005971,TR-C03587,2024-09-19,0,3,clean_time_group_fixed,0.08322323030419362
TR-006314,TR-C05709,2024-09-19,1,3,clean_time_group_fixed,0.2253099086904293
TR-007330,TR-C03745,2024-09-19,0,3,clean_time_group_fixed,0.02969151441971423
TR-009363,TR-C02432,2024-09-19,0,3,clean_time_group_fixed,0.0418575854703696
TR-004313,TR-C01885,2024-09-20,0,3,clean_time_group_fixed,0.01640167528421796
TR-004567,TR-C05459,2024-09-20,0,3,clean_time_group_fixed,0.055085875253134894
TR-006082,TR-C00464,2024-09-20,0,3,clean_time_group_fixed,0.10003953971934493
TR-006119,TR-C01108,2024-09-20,0,3,clean_time_group_fixed,0.04237622191116906
TR-006981,TR-C04376,2024-09-20,0,3,clean_time_group_fixed,0.027792515433306207
TR-000734,TR-C04463,2024-09-21,0,3,clean_time_group_fixed,0.03598680218309137
TR-002576,TR-C05807,2024-09-21,0,3,clean_time_group_fixed,0.0564312302323692
TR-002929,TR-C01830,2024-09-21,0,3,clean_time_group_fixed,0.02154232803005694
TR-003138,TR-C00603,2024-09-21,0,3,clean_time_group_fixed,0.1998317930379447
TR-003174,TR-C03332,2024-09-21,0,3,clean_time_group_fixed,0.05289028295556067
TR-006381,TR-C03469,2024-09-21,0,3,clean_time_group_fixed,0.01910144505519802
TR-008103,TR-C03481,2024-09-21,0,3,clean_time_group_fixed,0.20387996102646222
TR-009640,TR-C05976,2024-09-21,0,3,clean_time_group_fixed,0.047297969509111075
TR-009997,TR-C01945,2024-09-21,0,3,clean_time_group_fixed,0.028444255272429487
TR-002305,TR-C02241,2024-09-22,0,3,clean_time_group_fixed,0.1338401996038851
TR-004176,TR-C06301,2024-09-22,0,3,clean_time_group_fixed,0.02369097864535951
TR-004594,TR-C02385,2024-09-22,0,3,clean_time_group_fixed,0.01652970292487128
TR-005240,TR-C02977,2024-09-22,0,3,clean_time_group_fixed,0.015345065978374779
TR-005410,TR-C01844,2024-09-22,0,3,clean_time_group_fixed,0.023403775207375375
TR-006808,TR-C03011,2024-09-22,0,3,clean_time_group_fixed,0.028404811972543305
TR-007583,TR-C00115,2024-09-22,0,3,clean_time_group_fixed,0.0241751302902239
TR-009368,TR-C03723,2024-09-22,0,3,clean_time_group_fixed,0.024036935629788633
TR-001456,TR-C00160,2024-09-23,1,3,clean_time_group_fixed,0.023014480773838233
TR-001959,TR-C06462,2024-09-23,0,3,clean_time_group_fixed,0.05112586474869493
TR-002814,TR-C01691,2024-09-23,1,3,clean_time_group_fixed,0.47547183997994386
TR-002962,TR-C04270,2024-09-23,0,3,clean_time_group_fixed,0.011984094283184272
TR-003688,TR-C03976,2024-09-23,0,3,clean_time_group_fixed,0.09700947902751485
TR-004973,TR-C00136,2024-09-23,0,3,clean_time_group_fixed,0.048665352442629026
TR-005317,TR-C03597,2024-09-23,0,3,clean_time_group_fixed,0.11751387661372564
TR-006656,TR-C01765,2024-09-23,0,3,clean_time_group_fixed,0.05474906793883066
TR-007457,TR-C03517,2024-09-23,0,3,clean_time_group_fixed,0.025608865362210027
TR-007711,TR-C03767,2024-09-23,0,3,clean_time_group_fixed,0.06967995797834968
TR-008380,TR-C00631,2024-09-23,0,3,clean_time_group_fixed,0.03244207081432399
TR-008600,TR-C00400,2024-09-23,0,3,clean_time_group_fixed,0.01296379184034063
TR-008780,TR-C06095,2024-09-23,0,3,clean_time_group_fixed,0.0261075695236241
TR-009605,TR-C05629,2024-09-23,0,3,clean_time_group_fixed,0.16182582591601147
TR-000937,TR-C05811,2024-09-24,0,3,clean_time_group_fixed,0.04548248679206458
TR-004663,TR-C05960,2024-09-24,1,3,clean_time_group_fixed,0.14296209862484538
TR-004811,TR-C05413,2024-09-24,0,3,clean_time_group_fixed,0.0657628292475292
TR-004862,TR-C04762,2024-09-24,0,3,clean_time_group_fixed,0.019792856991890345
TR-005188,TR-C02693,2024-09-24,0,3,clean_time_group_fixed,0.23997510629852045
TR-005358,TR-C02299,2024-09-24,0,3,clean_time_group_fixed,0.014784673717157179
TR-005764,TR-C05828,2024-09-24,0,3,clean_time_group_fixed,0.09882040586539129
TR-007795,TR-C01313,2024-09-24,1,3,clean_time_group_fixed,0.5213862648886469
TR-008098,TR-C05967,2024-09-24,0,3,clean_time_group_fixed,0.03425830467529811
TR-008158,TR-C03231,2024-09-24,0,3,clean_time_group_fixed,0.013078341239945866
TR-002260,TR-C03419,2024-09-25,0,3,clean_time_group_fixed,0.012980818414643283
TR-002512,TR-C03507,2024-09-25,0,3,clean_time_group_fixed,0.26471460615740866
TR-004036,TR-C02869,2024-09-25,0,3,clean_time_group_fixed,0.04832047734737607
TR-005904,TR-C00945,2024-09-25,0,3,clean_time_group_fixed,0.05580996593697662
TR-007094,TR-C03331,2024-09-25,0,3,clean_time_group_fixed,0.045363068409443506
TR-007620,TR-C01175,2024-09-25,0,3,clean_time_group_fixed,0.025945182170832887
TR-008502,TR-C03238,2024-09-25,0,3,clean_time_group_fixed,0.14809506968794445
TR-009656,TR-C04298,2024-09-25,0,3,clean_time_group_fixed,0.050998689136213866
TR-009698,TR-C04644,2024-09-25,0,3,clean_time_group_fixed,0.45807663420738426
TR-000412,TR-C05237,2024-09-26,0,3,clean_time_group_fixed,0.3264214884950416
TR-000916,TR-C01531,2024-09-26,0,3,clean_time_group_fixed,0.01846606603839844
TR-004544,TR-C00317,2024-09-26,0,3,clean_time_group_fixed,0.012473867730942449
TR-004970,TR-C01045,2024-09-26,0,3,clean_time_group_fixed,0.02592206291980182
TR-004986,TR-C05086,2024-09-26,0,3,clean_time_group_fixed,0.018351469368172037
TR-005248,TR-C05212,2024-09-26,0,3,clean_time_group_fixed,0.05932759733428662
TR-006185,TR-C05938,2024-09-26,0,3,clean_time_group_fixed,0.7480243095064594
TR-006974,TR-C03657,2024-09-26,0,3,clean_time_group_fixed,0.011192959924858265
TR-008671,TR-C03120,2024-09-26,0,3,clean_time_group_fixed,0.028341346710986114
TR-000504,TR-C00955,2024-09-27,0,3,clean_time_group_fixed,0.01745341933752497
TR-001136,TR-C00993,2024-09-27,0,3,clean_time_group_fixed,0.034325652216760885
TR-001776,TR-C03470,2024-09-27,0,3,clean_time_group_fixed,0.029869508357863395
TR-002666,TR-C01216,2024-09-27,0,3,clean_time_group_fixed,0.013881530785739869
TR-007293,TR-C01905,2024-09-27,0,3,clean_time_group_fixed,0.2781678590705128
TR-007418,TR-C00801,2024-09-27,0,3,clean_time_group_fixed,0.05321939490879444
TR-007548,TR-C03370,2024-09-27,0,3,clean_time_group_fixed,0.03848500038535604
TR-008935,TR-C05030,2024-09-27,0,3,clean_time_group_fixed,0.026289849189751444
TR-008964,TR-C05516,2024-09-27,0,3,clean_time_group_fixed,0.0316246048232813
TR-000381,TR-C02096,2024-09-28,0,3,clean_time_group_fixed,0.035491963848248737
TR-002467,TR-C04803,2024-09-28,0,3,clean_time_group_fixed,0.026119262049791998
TR-004671,TR-C03404,2024-09-28,0,3,clean_time_group_fixed,0.051150598849013545
TR-004760,TR-C06084,2024-09-28,0,3,clean_time_group_fixed,0.016811620835302857
TR-005062,TR-C03412,2024-09-28,0,3,clean_time_group_fixed,0.0471305575316202
TR-006601,TR-C05951,2024-09-28,0,3,clean_time_group_fixed,0.021866684288284487
TR-008459,TR-C05456,2024-09-28,0,3,clean_time_group_fixed,0.10494769635780056
TR-008736,TR-C00360,2024-09-28,0,3,clean_time_group_fixed,0.018010502248225105
TR-008747,TR-C06020,2024-09-28,0,3,clean_time_group_fixed,0.2295301630029979
TR-000124,TR-C00503,2024-09-29,0,3,clean_time_group_fixed,0.030325178891753266
TR-001169,TR-C05502,2024-09-29,0,3,clean_time_group_fixed,0.019884340049735577
TR-003749,TR-C04047,2024-09-29,0,3,clean_time_group_fixed,0.44770048194286716
TR-005380,TR-C01796,2024-09-29,0,3,clean_time_group_fixed,0.015694047694694162
TR-007538,TR-C00628,2024-09-29,0,3,clean_time_group_fixed,0.03758427320721508
TR-008680,TR-C03133,2024-09-29,0,3,clean_time_group_fixed,0.024727987576634997
TR-008750,TR-C00295,2024-09-29,0,3,clean_time_group_fixed,0.11854409928989369
TR-002082,TR-C04540,2024-09-30,0,3,clean_time_group_fixed,0.032817491625522804
TR-002270,TR-C02004,2024-09-30,0,3,clean_time_group_fixed,0.032038335712155086
TR-003040,TR-C01954,2024-09-30,0,3,clean_time_group_fixed,0.01900038376426657
TR-003674,TR-C02918,2024-09-30,0,3,clean_time_group_fixed,0.01393188500104384
TR-003724,TR-C06215,2024-09-30,0,3,clean_time_group_fixed,0.020125006315093723
TR-007492,TR-C05457,2024-09-30,0,3,clean_time_group_fixed,0.02777264484774864
TR-009263,TR-C00210,2024-09-30,0,3,clean_time_group_fixed,0.06028067638704657
TR-000661,TR-C00709,2024-10-01,0,3,clean_time_group_fixed,0.029583333525512453
TR-001386,TR-C06263,2024-10-01,0,3,clean_time_group_fixed,0.039042135290777144
TR-001998,TR-C00418,2024-10-01,0,3,clean_time_group_fixed,0.1303325232398576
TR-002134,TR-C04455,2024-10-01,0,3,clean_time_group_fixed,0.01833594959622972
TR-005325,TR-C01278,2024-10-01,0,3,clean_time_group_fixed,0.014118394615878754
TR-006463,TR-C04508,2024-10-01,0,3,clean_time_group_fixed,0.03846172391849674
TR-006997,TR-C06281,2024-10-01,0,3,clean_time_group_fixed,0.031096585279697934
TR-007948,TR-C05140,2024-10-01,0,3,clean_time_group_fixed,0.15989166891066325
TR-008998,TR-C05707,2024-10-01,0,3,clean_time_group_fixed,0.01169927497891373
TR-009348,TR-C01974,2024-10-01,0,3,clean_time_group_fixed,0.01860790618844742
TR-001323,TR-C00764,2024-10-02,0,3,clean_time_group_fixed,0.026642559717561635
TR-001500,TR-C03111,2024-10-02,0,3,clean_time_group_fixed,0.0656927229331801
TR-001808,TR-C04448,2024-10-02,0,3,clean_time_group_fixed,0.027340837788459214
TR-004260,TR-C02889,2024-10-02,0,3,clean_time_group_fixed,0.028120094205042162
TR-008110,TR-C06125,2024-10-02,0,3,clean_time_group_fixed,0.2275367339983356
TR-008611,TR-C06179,2024-10-02,0,3,clean_time_group_fixed,0.02320410169128918
TR-000403,TR-C00560,2024-10-03,0,3,clean_time_group_fixed,0.030222005901409613
TR-001267,TR-C02004,2024-10-03,0,3,clean_time_group_fixed,0.01406097600307497
TR-001383,TR-C04701,2024-10-03,0,3,clean_time_group_fixed,0.036979759546564295
TR-002004,TR-C01001,2024-10-03,0,3,clean_time_group_fixed,0.07435134860481414
TR-002090,TR-C05389,2024-10-03,0,3,clean_time_group_fixed,0.01602248305121675
TR-002414,TR-C02354,2024-10-03,0,3,clean_time_group_fixed,0.00778886198278952
TR-002676,TR-C04307,2024-10-03,0,3,clean_time_group_fixed,0.016355260988293097
TR-003190,TR-C05733,2024-10-03,0,3,clean_time_group_fixed,0.026109368787617965
TR-003625,TR-C02550,2024-10-03,0,3,clean_time_group_fixed,0.03155356798803103
TR-004887,TR-C06182,2024-10-03,1,3,clean_time_group_fixed,0.023861880751459542
TR-006650,TR-C03736,2024-10-03,0,3,clean_time_group_fixed,0.013792453550928731
TR-007999,TR-C04010,2024-10-03,0,3,clean_time_group_fixed,0.03911624438097897
TR-008944,TR-C04748,2024-10-03,0,3,clean_time_group_fixed,0.060296129119615384
TR-000073,TR-C03430,2024-10-04,0,3,clean_time_group_fixed,0.01131413792198055
TR-001859,TR-C05392,2024-10-04,0,3,clean_time_group_fixed,0.16174590703220518
TR-002042,TR-C04554,2024-10-04,0,3,clean_time_group_fixed,0.017574259539280053
TR-003959,TR-C05443,2024-10-04,0,3,clean_time_group_fixed,0.07474449805676664
TR-004383,TR-C04825,2024-10-04,0,3,clean_time_group_fixed,0.07142309743031704
TR-004834,TR-C01833,2024-10-04,0,3,clean_time_group_fixed,0.021712545134900788
TR-006138,TR-C01509,2024-10-04,0,3,clean_time_group_fixed,0.02485469760104463
TR-006394,TR-C03680,2024-10-04,0,3,clean_time_group_fixed,0.05888334931942749
TR-006704,TR-C06475,2024-10-04,0,3,clean_time_group_fixed,0.00925010276142078
TR-007709,TR-C04606,2024-10-04,0,3,clean_time_group_fixed,0.03767474399197819
TR-008021,TR-C00094,2024-10-04,0,3,clean_time_group_fixed,0.10418575897834918
TR-009920,TR-C02334,2024-10-04,0,3,clean_time_group_fixed,0.022042412769780594
TR-000793,TR-C02638,2024-10-05,0,3,clean_time_group_fixed,0.06764848933344898
TR-003505,TR-C02265,2024-10-05,0,3,clean_time_group_fixed,0.14349419938979657
TR-004003,TR-C00721,2024-10-05,0,3,clean_time_group_fixed,0.07536405631175676
TR-004250,TR-C02928,2024-10-05,0,3,clean_time_group_fixed,0.033688867186970284
TR-005776,TR-C04310,2024-10-05,0,3,clean_time_group_fixed,0.027252298948336053
TR-006359,TR-C05107,2024-10-05,0,3,clean_time_group_fixed,0.03368481434318366
TR-006403,TR-C05539,2024-10-05,0,3,clean_time_group_fixed,0.3170320867430827
TR-007185,TR-C05592,2024-10-05,0,3,clean_time_group_fixed,0.008569992620076863
TR-007225,TR-C00433,2024-10-05,0,3,clean_time_group_fixed,0.012567370414128566
TR-008490,TR-C06029,2024-10-05,1,3,clean_time_group_fixed,0.044383628509727706
TR-009739,TR-C05245,2024-10-05,0,3,clean_time_group_fixed,0.010408124687540904
TR-001151,TR-C01625,2024-10-06,0,3,clean_time_group_fixed,0.014220512924300873
TR-001535,TR-C02114,2024-10-06,0,3,clean_time_group_fixed,0.02897748468252558
TR-003460,TR-C00738,2024-10-06,0,3,clean_time_group_fixed,0.12418710402406512
TR-004301,TR-C02916,2024-10-06,0,3,clean_time_group_fixed,0.07236750491438465
TR-004643,TR-C04040,2024-10-06,0,3,clean_time_group_fixed,0.09882474233534791
TR-006002,TR-C00407,2024-10-06,0,3,clean_time_group_fixed,0.012811522835074841
TR-006647,TR-C06224,2024-10-06,0,3,clean_time_group_fixed,0.019217865729109315
TR-006713,TR-C02728,2024-10-06,0,3,clean_time_group_fixed,0.013867642276761884
TR-007755,TR-C01468,2024-10-06,0,3,clean_time_group_fixed,0.044563601935027744
TR-008407,TR-C03674,2024-10-06,0,3,clean_time_group_fixed,0.018744848610997115
TR-009036,TR-C02011,2024-10-06,0,3,clean_time_group_fixed,0.028565100655299134
TR-009309,TR-C02326,2024-10-06,0,3,clean_time_group_fixed,0.045534180454190935
TR-000668,TR-C01759,2024-10-07,0,3,clean_time_group_fixed,0.021851610152680404
TR-001175,TR-C04238,2024-10-07,1,3,clean_time_group_fixed,0.26294474183322414
TR-001686,TR-C03449,2024-10-07,0,3,clean_time_group_fixed,0.3359879171938134
TR-002609,TR-C05147,2024-10-07,0,3,clean_time_group_fixed,0.06173295047212869
TR-003264,TR-C05020,2024-10-07,0,3,clean_time_group_fixed,0.05571360146585005
TR-004368,TR-C00967,2024-10-07,0,3,clean_time_group_fixed,0.01932417606860243
TR-005466,TR-C02031,2024-10-07,0,3,clean_time_group_fixed,0.0877865704829855
TR-006189,TR-C06292,2024-10-07,0,3,clean_time_group_fixed,0.011931166970851665
TR-006479,TR-C05551,2024-10-07,0,3,clean_time_group_fixed,0.21832990187487855
TR-007689,TR-C02051,2024-10-07,0,3,clean_time_group_fixed,0.02821130693667257
TR-008584,TR-C01412,2024-10-07,0,3,clean_time_group_fixed,0.06520157394648135
TR-008679,TR-C00226,2024-10-07,0,3,clean_time_group_fixed,0.055428620531954687
TR-008797,TR-C04402,2024-10-07,0,3,clean_time_group_fixed,0.2070656372433353
TR-000152,TR-C00439,2024-10-08,0,3,clean_time_group_fixed,0.014253823831309234
TR-003115,TR-C05490,2024-10-08,0,3,clean_time_group_fixed,0.030840653367320777
TR-004445,TR-C02266,2024-10-08,0,3,clean_time_group_fixed,0.025946880914719982
TR-005713,TR-C06320,2024-10-08,1,3,clean_time_group_fixed,0.12486867717283073
TR-005942,TR-C03424,2024-10-08,0,3,clean_time_group_fixed,0.0174629180777995
TR-006302,TR-C05822,2024-10-08,0,3,clean_time_group_fixed,0.0436755516425496
TR-006745,TR-C00117,2024-10-08,0,3,clean_time_group_fixed,0.018360748396064372
TR-007551,TR-C03194,2024-10-08,0,3,clean_time_group_fixed,0.03944299411858606
TR-007863,TR-C06381,2024-10-08,0,3,clean_time_group_fixed,0.2537840002185637
TR-000854,TR-C06466,2024-10-09,0,3,clean_time_group_fixed,0.11378143675876456
TR-003759,TR-C03761,2024-10-09,0,3,clean_time_group_fixed,0.04223838251865078
TR-006954,TR-C00437,2024-10-09,0,3,clean_time_group_fixed,0.04179261541191784
TR-007051,TR-C02194,2024-10-09,0,3,clean_time_group_fixed,0.05904084885179079
TR-008917,TR-C04306,2024-10-09,0,3,clean_time_group_fixed,0.10711708829907161
TR-009335,TR-C02163,2024-10-09,0,3,clean_time_group_fixed,0.03711854368996159
TR-000325,TR-C03651,2024-10-10,0,3,clean_time_group_fixed,0.03666045420267083
TR-000773,TR-C06000,2024-10-10,0,3,clean_time_group_fixed,0.02905442384858516
TR-001523,TR-C00331,2024-10-10,0,3,clean_time_group_fixed,0.16144939903913028
TR-006338,TR-C01416,2024-10-10,0,3,clean_time_group_fixed,0.022572545793761622
TR-007990,TR-C03641,2024-10-10,0,3,clean_time_group_fixed,0.22695922804233973
TR-008543,TR-C02856,2024-10-10,0,3,clean_time_group_fixed,0.04883911534688415
TR-009002,TR-C04410,2024-10-10,0,3,clean_time_group_fixed,0.022880463269353425
TR-009891,TR-C01099,2024-10-10,0,3,clean_time_group_fixed,0.014462011805712549
TR-000458,TR-C02747,2024-10-11,1,3,clean_time_group_fixed,0.1005493219153963
TR-000462,TR-C06483,2024-10-11,1,3,clean_time_group_fixed,0.09265516323205199
TR-000539,TR-C03437,2024-10-11,0,3,clean_time_group_fixed,0.06319750128470895
TR-001253,TR-C05148,2024-10-11,0,3,clean_time_group_fixed,0.1406298107677179
TR-001563,TR-C05978,2024-10-11,0,3,clean_time_group_fixed,0.017494227738111778
TR-002376,TR-C05463,2024-10-11,0,3,clean_time_group_fixed,0.022233518868718327
TR-002592,TR-C00007,2024-10-11,0,3,clean_time_group_fixed,0.04008451018465162
TR-003035,TR-C02485,2024-10-11,0,3,clean_time_group_fixed,0.45584477953719876
TR-003703,TR-C00038,2024-10-11,0,3,clean_time_group_fixed,0.05109121335314099
TR-004865,TR-C04569,2024-10-11,0,3,clean_time_group_fixed,0.09790632425206071
TR-005533,TR-C00328,2024-10-11,1,3,clean_time_group_fixed,0.038455066510320726
TR-006561,TR-C02881,2024-10-11,0,3,clean_time_group_fixed,0.08314421287639395
TR-006837,TR-C05794,2024-10-11,0,3,clean_time_group_fixed,0.011461038897463865
TR-007500,TR-C03290,2024-10-11,0,3,clean_time_group_fixed,0.030644489180025426
TR-007742,TR-C02007,2024-10-11,0,3,clean_time_group_fixed,0.10828364055595957
TR-008242,TR-C04711,2024-10-11,0,3,clean_time_group_fixed,0.028102727234884748
TR-008658,TR-C03797,2024-10-11,0,3,clean_time_group_fixed,0.01686320391552035
TR-009108,TR-C06172,2024-10-11,0,3,clean_time_group_fixed,0.02901409969819783
TR-009784,TR-C03834,2024-10-11,0,3,clean_time_group_fixed,0.04175502062551159
TR-000487,TR-C02349,2024-10-12,0,3,clean_time_group_fixed,0.012525711116487329
TR-004025,TR-C03125,2024-10-12,0,3,clean_time_group_fixed,0.023916142502730386
TR-004507,TR-C03833,2024-10-12,0,3,clean_time_group_fixed,0.012560283816186648
TR-005721,TR-C03624,2024-10-12,0,3,clean_time_group_fixed,0.04918663808390835
TR-007142,TR-C00887,2024-10-12,1,3,clean_time_group_fixed,0.14013118113302225
TR-007245,TR-C00477,2024-10-12,0,3,clean_time_group_fixed,0.026077921633933042
TR-007579,TR-C01043,2024-10-12,0,3,clean_time_group_fixed,0.03920171519426271
TR-007956,TR-C03280,2024-10-12,0,3,clean_time_group_fixed,0.07920518269120584
TR-008251,TR-C00110,2024-10-12,0,3,clean_time_group_fixed,0.01912478709018635
TR-000108,TR-C01840,2024-10-13,0,3,clean_time_group_fixed,0.04565195425357568
TR-001109,TR-C05633,2024-10-13,0,3,clean_time_group_fixed,0.03658083465426847
TR-001821,TR-C02515,2024-10-13,0,3,clean_time_group_fixed,0.17149543450816637
TR-002157,TR-C06302,2024-10-13,0,3,clean_time_group_fixed,0.03170952690590244
TR-002573,TR-C02208,2024-10-13,0,3,clean_time_group_fixed,0.02989281692857067
TR-002913,TR-C03594,2024-10-13,0,3,clean_time_group_fixed,0.024908677212178362
TR-003961,TR-C03139,2024-10-13,0,3,clean_time_group_fixed,0.09459679951827334
TR-005801,TR-C03009,2024-10-13,0,3,clean_time_group_fixed,0.2391520285072057
TR-006000,TR-C05582,2024-10-13,0,3,clean_time_group_fixed,0.013266108796661373
TR-006899,TR-C06289,2024-10-13,0,3,clean_time_group_fixed,0.02845600437400067
TR-008315,TR-C03212,2024-10-13,0,3,clean_time_group_fixed,0.022303489046272718
TR-009633,TR-C01364,2024-10-13,0,3,clean_time_group_fixed,0.014859850523636685
TR-000209,TR-C02632,2024-10-14,0,3,clean_time_group_fixed,0.189998907435377
TR-000609,TR-C02748,2024-10-14,0,3,clean_time_group_fixed,0.36386334934982606
TR-000801,TR-C00414,2024-10-14,0,3,clean_time_group_fixed,0.1458674491517797
TR-001104,TR-C02901,2024-10-14,0,3,clean_time_group_fixed,0.013942293722167291
TR-001622,TR-C03687,2024-10-14,0,3,clean_time_group_fixed,0.27711987448427117
TR-004974,TR-C00753,2024-10-14,0,3,clean_time_group_fixed,0.013775758992326933
TR-005671,TR-C01264,2024-10-14,0,3,clean_time_group_fixed,0.06832130586886295
TR-006756,TR-C03081,2024-10-14,0,3,clean_time_group_fixed,0.09951451907993274
TR-007718,TR-C04577,2024-10-14,0,3,clean_time_group_fixed,0.024365177066252477
TR-007760,TR-C02922,2024-10-14,0,3,clean_time_group_fixed,0.04508565410258998
TR-000444,TR-C04023,2024-10-15,1,3,clean_time_group_fixed,0.07953976171037688
TR-001337,TR-C05943,2024-10-15,0,3,clean_time_group_fixed,0.018303030426521393
TR-001526,TR-C02073,2024-10-15,0,3,clean_time_group_fixed,0.026001706878181045
TR-002284,TR-C02672,2024-10-15,0,3,clean_time_group_fixed,0.20504582732454085
TR-002843,TR-C02968,2024-10-15,0,3,clean_time_group_fixed,0.27777361995484706
TR-003279,TR-C01293,2024-10-15,0,3,clean_time_group_fixed,0.061957931070524365
TR-003636,TR-C01708,2024-10-15,0,3,clean_time_group_fixed,0.17571850247005857
TR-007714,TR-C01496,2024-10-15,0,3,clean_time_group_fixed,0.03329786246033429
TR-008706,TR-C03428,2024-10-15,0,3,clean_time_group_fixed,0.10937385279490171
TR-009018,TR-C03232,2024-10-15,0,3,clean_time_group_fixed,0.012131938839510418
TR-002440,TR-C02817,2024-10-16,0,3,clean_time_group_fixed,0.022291953758839047
TR-004441,TR-C06295,2024-10-16,0,3,clean_time_group_fixed,0.016932094570346865
TR-006032,TR-C05370,2024-10-16,0,3,clean_time_group_fixed,0.02022746455757779
TR-006223,TR-C05361,2024-10-16,0,3,clean_time_group_fixed,0.08264396557627673
TR-007874,TR-C04126,2024-10-16,0,3,clean_time_group_fixed,0.02045938957093554
TR-009456,TR-C01300,2024-10-16,0,3,clean_time_group_fixed,0.014065945942455185
TR-000923,TR-C01167,2024-10-17,0,3,clean_time_group_fixed,0.017982237965672915
TR-001748,TR-C02918,2024-10-17,1,3,clean_time_group_fixed,0.022051834510322083
TR-002506,TR-C03162,2024-10-17,0,3,clean_time_group_fixed,0.012658891813768102
TR-005998,TR-C01843,2024-10-17,0,3,clean_time_group_fixed,0.026517157657612995
TR-009228,TR-C00722,2024-10-17,0,3,clean_time_group_fixed,0.012343642962658375
TR-001470,TR-C05527,2024-10-18,0,3,clean_time_group_fixed,0.02532410722300995
TR-001975,TR-C04751,2024-10-18,0,3,clean_time_group_fixed,0.01891404594752056
TR-003045,TR-C04722,2024-10-18,0,3,clean_time_group_fixed,0.43354930520438956
TR-003325,TR-C01519,2024-10-18,1,3,clean_time_group_fixed,0.17781788837883072
TR-004816,TR-C04804,2024-10-18,0,3,clean_time_group_fixed,0.09898994325367867
TR-005873,TR-C04418,2024-10-18,0,3,clean_time_group_fixed,0.03409890698871099
TR-005976,TR-C06484,2024-10-18,0,3,clean_time_group_fixed,0.024406940856271573
TR-007625,TR-C01242,2024-10-18,0,3,clean_time_group_fixed,0.10104348716960777
TR-000687,TR-C02421,2024-10-19,0,3,clean_time_group_fixed,0.028424329837428246
TR-002753,TR-C00889,2024-10-19,0,3,clean_time_group_fixed,0.03954195695100765
TR-003285,TR-C02195,2024-10-19,0,3,clean_time_group_fixed,0.022593376202995938
TR-003410,TR-C03529,2024-10-19,0,3,clean_time_group_fixed,0.020893957940759492
TR-003747,TR-C04819,2024-10-19,0,3,clean_time_group_fixed,0.05049070360576568
TR-005328,TR-C01526,2024-10-19,0,3,clean_time_group_fixed,0.11225896447720159
TR-006737,TR-C03371,2024-10-19,0,3,clean_time_group_fixed,0.027155229089327396
TR-008044,TR-C05826,2024-10-19,0,3,clean_time_group_fixed,0.04591656653088579
TR-008980,TR-C00344,2024-10-19,0,3,clean_time_group_fixed,0.013692528372906864
TR-009068,TR-C05509,2024-10-19,0,3,clean_time_group_fixed,0.023779572853799266
TR-009948,TR-C01627,2024-10-19,1,3,clean_time_group_fixed,0.058427925675857334
TR-002183,TR-C02577,2024-10-20,0,3,clean_time_group_fixed,0.03053322478421241
TR-002549,TR-C05347,2024-10-20,1,3,clean_time_group_fixed,0.12051018944263961
TR-003320,TR-C01200,2024-10-20,0,3,clean_time_group_fixed,0.02314464975376041
TR-003553,TR-C02595,2024-10-20,0,3,clean_time_group_fixed,0.3648403222724579
TR-004009,TR-C01568,2024-10-20,0,3,clean_time_group_fixed,0.03955952267873919
TR-007728,TR-C00743,2024-10-20,0,3,clean_time_group_fixed,0.019303567432916863
TR-008105,TR-C05802,2024-10-20,1,3,clean_time_group_fixed,0.11946688838328336
TR-008235,TR-C04546,2024-10-20,0,3,clean_time_group_fixed,0.03069152659166065
TR-009766,TR-C00737,2024-10-20,0,3,clean_time_group_fixed,0.029346979083931232
TR-009897,TR-C06467,2024-10-20,0,3,clean_time_group_fixed,0.042508765546106345
TR-000022,TR-C05337,2024-10-21,0,3,clean_time_group_fixed,0.05308696026946974
TR-001841,TR-C02335,2024-10-21,0,3,clean_time_group_fixed,0.03326186946443955
TR-003756,TR-C00379,2024-10-21,0,3,clean_time_group_fixed,0.03213490253055717
TR-004843,TR-C04032,2024-10-21,0,3,clean_time_group_fixed,0.00928491963793731
TR-005152,TR-C00484,2024-10-21,0,3,clean_time_group_fixed,0.019661206207405676
TR-007159,TR-C05573,2024-10-21,0,3,clean_time_group_fixed,0.03322694799738451
TR-007590,TR-C01476,2024-10-21,0,3,clean_time_group_fixed,0.01900936720962607
TR-007922,TR-C02120,2024-10-21,0,3,clean_time_group_fixed,0.037666484704284554
TR-008041,TR-C05717,2024-10-21,0,3,clean_time_group_fixed,0.15597163808687584
TR-008081,TR-C04276,2024-10-21,0,3,clean_time_group_fixed,0.011620740971841893
TR-008391,TR-C01174,2024-10-21,0,3,clean_time_group_fixed,0.025162330831624752
TR-008879,TR-C04913,2024-10-21,0,3,clean_time_group_fixed,0.025682537046245457
TR-009385,TR-C01526,2024-10-21,0,3,clean_time_group_fixed,0.280140234532482
TR-009423,TR-C03335,2024-10-21,0,3,clean_time_group_fixed,0.06719568639970849
TR-009487,TR-C02153,2024-10-21,0,3,clean_time_group_fixed,0.07434137265775169
TR-009508,TR-C05443,2024-10-21,0,3,clean_time_group_fixed,0.009517415643707602
TR-001310,TR-C04253,2024-10-22,0,3,clean_time_group_fixed,0.28636663496811066
TR-003361,TR-C02986,2024-10-22,0,3,clean_time_group_fixed,0.011917559650887604
TR-004344,TR-C02657,2024-10-22,0,3,clean_time_group_fixed,0.012827254028338243
TR-005972,TR-C03205,2024-10-22,0,3,clean_time_group_fixed,0.017281461021189843
TR-006141,TR-C03041,2024-10-22,0,3,clean_time_group_fixed,0.019011178125749262
TR-008850,TR-C02001,2024-10-22,0,3,clean_time_group_fixed,0.10639343692713586
TR-008941,TR-C04139,2024-10-22,0,3,clean_time_group_fixed,0.02415932642528463
TR-009341,TR-C03150,2024-10-22,0,3,clean_time_group_fixed,0.010280662919252382
TR-001696,TR-C05617,2024-10-23,0,3,clean_time_group_fixed,0.018400228874050135
TR-003965,TR-C04566,2024-10-23,0,3,clean_time_group_fixed,0.009182475309757597
TR-004580,TR-C00229,2024-10-23,0,3,clean_time_group_fixed,0.022114720529080926
TR-004853,TR-C05521,2024-10-23,0,3,clean_time_group_fixed,0.043747947420760956
TR-004891,TR-C04500,2024-10-23,0,3,clean_time_group_fixed,0.07676369558482675
TR-007793,TR-C06092,2024-10-23,0,3,clean_time_group_fixed,0.07791456293312317
TR-009422,TR-C01977,2024-10-23,0,3,clean_time_group_fixed,0.028163230405138417
TR-001758,TR-C05830,2024-10-24,0,3,clean_time_group_fixed,0.11727841101227411
TR-002141,TR-C03039,2024-10-24,0,3,clean_time_group_fixed,0.01361246385577147
TR-002355,TR-C02130,2024-10-24,0,3,clean_time_group_fixed,0.009585095663186672
TR-003356,TR-C03437,2024-10-24,0,3,clean_time_group_fixed,0.03176653625307242
TR-003901,TR-C01092,2024-10-24,0,3,clean_time_group_fixed,0.03682951073891808
TR-005526,TR-C05795,2024-10-24,0,3,clean_time_group_fixed,0.049939751580637744
TR-006003,TR-C01423,2024-10-24,0,3,clean_time_group_fixed,0.027911044753826247
TR-008177,TR-C02811,2024-10-24,0,3,clean_time_group_fixed,0.03390465982595405
TR-001514,TR-C01231,2024-10-25,0,3,clean_time_group_fixed,0.026475792463357156
TR-003536,TR-C02125,2024-10-25,1,3,clean_time_group_fixed,0.16311963349576242
TR-004618,TR-C00764,2024-10-25,0,3,clean_time_group_fixed,0.01935670928071123
TR-004982,TR-C02423,2024-10-25,0,3,clean_time_group_fixed,0.022148732175891923
TR-005338,TR-C06404,2024-10-25,0,3,clean_time_group_fixed,0.017438144135526672
TR-005373,TR-C01496,2024-10-25,0,3,clean_time_group_fixed,0.0151147235755412
TR-005471,TR-C02769,2024-10-25,0,3,clean_time_group_fixed,0.24167219947689153
TR-007969,TR-C01351,2024-10-25,0,3,clean_time_group_fixed,0.028007782016643425
TR-008446,TR-C05239,2024-10-25,0,3,clean_time_group_fixed,0.20423665772286811
TR-008867,TR-C00587,2024-10-25,0,3,clean_time_group_fixed,0.017858586551535147
TR-010000,TR-C03283,2024-10-25,0,3,clean_time_group_fixed,0.03991877003985093
TR-005447,TR-C02422,2024-10-26,0,3,clean_time_group_fixed,0.11484195590159021
TR-007724,TR-C06294,2024-10-26,0,3,clean_time_group_fixed,0.0383321776895087
TR-008897,TR-C00412,2024-10-26,0,3,clean_time_group_fixed,0.035229153059279567
TR-009940,TR-C06262,2024-10-26,0,3,clean_time_group_fixed,0.016477718945584443
TR-000471,TR-C04639,2024-10-27,0,3,clean_time_group_fixed,0.06227699634683086
TR-000514,TR-C01700,2024-10-27,0,3,clean_time_group_fixed,0.03129336502469043
TR-001594,TR-C01784,2024-10-27,0,3,clean_time_group_fixed,0.023713076077218554
TR-002283,TR-C06150,2024-10-27,0,3,clean_time_group_fixed,0.027905768935800313
TR-002542,TR-C00984,2024-10-27,0,3,clean_time_group_fixed,0.027779402095028282
TR-003046,TR-C05632,2024-10-27,0,3,clean_time_group_fixed,0.04316457375223317
TR-003583,TR-C06185,2024-10-27,0,3,clean_time_group_fixed,0.02745620950968519
TR-003998,TR-C05502,2024-10-27,0,3,clean_time_group_fixed,0.028221148136987884
TR-005838,TR-C00034,2024-10-27,0,3,clean_time_group_fixed,0.041320149478631406
TR-007222,TR-C03393,2024-10-27,0,3,clean_time_group_fixed,0.02573305525279552
TR-009127,TR-C03980,2024-10-27,1,3,clean_time_group_fixed,0.33040379130158615
TR-000045,TR-C05093,2024-10-28,0,3,clean_time_group_fixed,0.39441659910123766
TR-000830,TR-C01606,2024-10-28,0,3,clean_time_group_fixed,0.15096356185528395
TR-001155,TR-C02111,2024-10-28,1,3,clean_time_group_fixed,0.04013560665778859
TR-004826,TR-C01960,2024-10-28,0,3,clean_time_group_fixed,0.021099407201832593
TR-005752,TR-C02780,2024-10-28,0,3,clean_time_group_fixed,0.022171742896751587
TR-006042,TR-C05739,2024-10-28,0,3,clean_time_group_fixed,0.05071982849400648
TR-007348,TR-C03913,2024-10-28,0,3,clean_time_group_fixed,0.022474338579990445
TR-009353,TR-C02977,2024-10-28,0,3,clean_time_group_fixed,0.04100273241361298
TR-009867,TR-C02409,2024-10-28,0,3,clean_time_group_fixed,0.02118017027644253
TR-006260,TR-C05550,2024-10-29,0,3,clean_time_group_fixed,0.03778257439068433
TR-006316,TR-C03160,2024-10-29,0,3,clean_time_group_fixed,0.02499192775403532
TR-008505,TR-C01317,2024-10-29,0,3,clean_time_group_fixed,0.02655377951329248
TR-008535,TR-C04923,2024-10-29,0,3,clean_time_group_fixed,0.016135384777685002
TR-008645,TR-C03516,2024-10-29,0,3,clean_time_group_fixed,0.037718924749537586
TR-009935,TR-C00520,2024-10-29,0,3,clean_time_group_fixed,0.03399347790114804
TR-000441,TR-C01816,2024-10-30,0,3,clean_time_group_fixed,0.0250761302373085
TR-001747,TR-C04471,2024-10-30,0,3,clean_time_group_fixed,0.03333793099179588
TR-001817,TR-C04341,2024-10-30,0,3,clean_time_group_fixed,0.023413329392797916
TR-002865,TR-C00727,2024-10-30,0,3,clean_time_group_fixed,0.10309332125041061
TR-003525,TR-C00885,2024-10-30,0,3,clean_time_group_fixed,0.029726142557764346
TR-005697,TR-C02718,2024-10-30,0,3,clean_time_group_fixed,0.03352141470859558
TR-007966,TR-C01902,2024-10-30,1,3,clean_time_group_fixed,0.4820413440932912
TR-008195,TR-C03128,2024-10-30,0,3,clean_time_group_fixed,0.04238658752802265
TR-009980,TR-C02361,2024-10-30,0,3,clean_time_group_fixed,0.1486142743711735
TR-000997,TR-C01810,2024-10-31,0,3,clean_time_group_fixed,0.044679135112752434
TR-001201,TR-C03067,2024-10-31,0,3,clean_time_group_fixed,0.0139893027239197
TR-004014,TR-C04744,2024-10-31,0,3,clean_time_group_fixed,0.1224469984228792
TR-004815,TR-C03312,2024-10-31,0,3,clean_time_group_fixed,0.24633548819472623
TR-005175,TR-C02142,2024-10-31,1,3,clean_time_group_fixed,0.15545648891837874
TR-005678,TR-C04804,2024-10-31,0,3,clean_time_group_fixed,0.03791094602778544
TR-006371,TR-C05410,2024-10-31,0,3,clean_time_group_fixed,0.028397118729952472
TR-006521,TR-C04874,2024-10-31,0,3,clean_time_group_fixed,0.10013629366775087
TR-007257,TR-C03898,2024-10-31,0,3,clean_time_group_fixed,0.02208749414215983
TR-008270,TR-C01187,2024-10-31,0,3,clean_time_group_fixed,0.026939708835776892
TR-009414,TR-C04442,2024-10-31,0,3,clean_time_group_fixed,0.026145552542336758
TR-001674,TR-C03083,2024-11-01,0,3,clean_time_group_fixed,0.3055337778190159
TR-005033,TR-C06097,2024-11-01,0,3,clean_time_group_fixed,0.03198647997406957
TR-007425,TR-C06017,2024-11-01,1,3,clean_time_group_fixed,0.6309411892236442
TR-008154,TR-C04605,2024-11-01,0,3,clean_time_group_fixed,0.023407641235937023
TR-008961,TR-C05491,2024-11-01,0,3,clean_time_group_fixed,0.024099150108266784
TR-000820,TR-C02008,2024-11-02,0,3,clean_time_group_fixed,0.045570424297834394
TR-001409,TR-C06019,2024-11-02,0,3,clean_time_group_fixed,0.024557097236664244
TR-002149,TR-C03621,2024-11-02,0,3,clean_time_group_fixed,0.04283506673294365
TR-003192,TR-C00657,2024-11-02,0,3,clean_time_group_fixed,0.010119361987214411
TR-004403,TR-C02896,2024-11-02,0,3,clean_time_group_fixed,0.02507923977470526
TR-008239,TR-C04977,2024-11-02,0,3,clean_time_group_fixed,0.024142672129626647
TR-000184,TR-C02442,2024-11-03,0,3,clean_time_group_fixed,0.09089995331178209
TR-002741,TR-C01765,2024-11-03,0,3,clean_time_group_fixed,0.04811320456440575
TR-003801,TR-C03705,2024-11-03,0,3,clean_time_group_fixed,0.05265592546342503
TR-005009,TR-C05544,2024-11-03,0,3,clean_time_group_fixed,0.26353396527330364
TR-005133,TR-C05008,2024-11-03,0,3,clean_time_group_fixed,0.027371623699500164
TR-005583,TR-C02677,2024-11-03,0,3,clean_time_group_fixed,0.022032308242406047
TR-006653,TR-C00489,2024-11-03,0,3,clean_time_group_fixed,0.08706748122600429
TR-007528,TR-C03693,2024-11-03,0,3,clean_time_group_fixed,0.029119775351012428
TR-007847,TR-C00377,2024-11-03,0,3,clean_time_group_fixed,0.01582141196425819
TR-008134,TR-C05102,2024-11-03,0,3,clean_time_group_fixed,0.028279959779858685
TR-008578,TR-C04279,2024-11-03,0,3,clean_time_group_fixed,0.029806158794833486
TR-009339,TR-C06114,2024-11-03,0,3,clean_time_group_fixed,0.10235679746943527
TR-001573,TR-C04550,2024-11-04,0,3,clean_time_group_fixed,0.038532432057299455
TR-005454,TR-C00655,2024-11-04,0,3,clean_time_group_fixed,0.048292865689566984
TR-005495,TR-C01844,2024-11-04,0,3,clean_time_group_fixed,0.026343061855960546
TR-005616,TR-C04481,2024-11-04,0,3,clean_time_group_fixed,0.06579345620317394
TR-006335,TR-C00719,2024-11-04,0,3,clean_time_group_fixed,0.06215673716308991
TR-007505,TR-C05729,2024-11-04,0,3,clean_time_group_fixed,0.03362082616759764
TR-001403,TR-C01428,2024-11-05,1,3,clean_time_group_fixed,0.16244444485895027
TR-002441,TR-C00805,2024-11-05,0,3,clean_time_group_fixed,0.18940600009235956
TR-004743,TR-C00254,2024-11-05,0,3,clean_time_group_fixed,0.028245723322885424
TR-007179,TR-C02599,2024-11-05,0,3,clean_time_group_fixed,0.025013240643509457
TR-007446,TR-C00212,2024-11-05,0,3,clean_time_group_fixed,0.18612323142597584
TR-008713,TR-C03156,2024-11-05,0,3,clean_time_group_fixed,0.030180065439775413
TR-001900,TR-C01109,2024-11-06,0,3,clean_time_group_fixed,0.12222499771411906
TR-002107,TR-C02331,2024-11-06,0,3,clean_time_group_fixed,0.49500257521533503
TR-002227,TR-C05324,2024-11-06,0,3,clean_time_group_fixed,0.025455245916769575
TR-002813,TR-C03880,2024-11-06,0,3,clean_time_group_fixed,0.025406436160830395
TR-003863,TR-C06119,2024-11-06,1,3,clean_time_group_fixed,0.22155647894531807
TR-006815,TR-C05055,2024-11-06,0,3,clean_time_group_fixed,0.02050169867207539
TR-007343,TR-C03526,2024-11-06,0,3,clean_time_group_fixed,0.021336611584013582
TR-009010,TR-C02016,2024-11-06,0,3,clean_time_group_fixed,0.14774903754002566
TR-009314,TR-C00839,2024-11-06,0,3,clean_time_group_fixed,0.03154542296434988
TR-003048,TR-C02153,2024-11-07,0,3,clean_time_group_fixed,0.037325664609355845
TR-003582,TR-C02146,2024-11-07,0,3,clean_time_group_fixed,0.011035314153677417
TR-004103,TR-C03833,2024-11-07,0,3,clean_time_group_fixed,0.019076543507718327
TR-004670,TR-C02564,2024-11-07,0,3,clean_time_group_fixed,0.01988800645571071
TR-005393,TR-C01212,2024-11-07,0,3,clean_time_group_fixed,0.03641337767975381
TR-005464,TR-C00855,2024-11-07,0,3,clean_time_group_fixed,0.22407030241256135
TR-005643,TR-C05088,2024-11-07,0,3,clean_time_group_fixed,0.1398604745507437
TR-005790,TR-C00143,2024-11-07,0,3,clean_time_group_fixed,0.06916457509082205
TR-008792,TR-C02035,2024-11-07,0,3,clean_time_group_fixed,0.0693574111991856
TR-000120,TR-C04580,2024-11-08,0,3,clean_time_group_fixed,0.0948490988844569
TR-001454,TR-C02261,2024-11-08,0,3,clean_time_group_fixed,0.03705072430498605
TR-002058,TR-C03621,2024-11-08,0,3,clean_time_group_fixed,0.027731646353438832
TR-003088,TR-C02713,2024-11-08,0,3,clean_time_group_fixed,0.04840311936735941
TR-006157,TR-C04374,2024-11-08,0,3,clean_time_group_fixed,0.4242367476243243
TR-008102,TR-C05065,2024-11-08,0,3,clean_time_group_fixed,0.01616543259638602
TR-008317,TR-C04279,2024-11-08,0,3,clean_time_group_fixed,0.047266729722142214
TR-008828,TR-C03568,2024-11-08,0,3,clean_time_group_fixed,0.2940709819584653
TR-009066,TR-C03205,2024-11-08,0,3,clean_time_group_fixed,0.032389943178566506
TR-009086,TR-C01539,2024-11-08,0,3,clean_time_group_fixed,0.023861373905732737
TR-000733,TR-C05060,2024-11-09,0,3,clean_time_group_fixed,0.04359927551605359
TR-000911,TR-C04329,2024-11-09,1,3,clean_time_group_fixed,0.02796370838949702
TR-001279,TR-C06319,2024-11-09,0,3,clean_time_group_fixed,0.03080023501496227
TR-001473,TR-C01638,2024-11-09,1,3,clean_time_group_fixed,0.06833770340722134
TR-001561,TR-C05789,2024-11-09,0,3,clean_time_group_fixed,0.013484670902217718
TR-003299,TR-C01684,2024-11-09,0,3,clean_time_group_fixed,0.040153516540184744
TR-006168,TR-C00658,2024-11-09,0,3,clean_time_group_fixed,0.016008897181206187
TR-006252,TR-C01680,2024-11-09,0,3,clean_time_group_fixed,0.024429907864072575
TR-006345,TR-C02425,2024-11-09,0,3,clean_time_group_fixed,0.29557317858839605
TR-006625,TR-C00684,2024-11-09,1,3,clean_time_group_fixed,0.3773300953565885
TR-006767,TR-C01986,2024-11-09,0,3,clean_time_group_fixed,0.06294587734236713
TR-007062,TR-C03577,2024-11-09,0,3,clean_time_group_fixed,0.04629636295405991
TR-007539,TR-C00616,2024-11-09,0,3,clean_time_group_fixed,0.020717961711665796
TR-007719,TR-C04425,2024-11-09,0,3,clean_time_group_fixed,0.02914982061469446
TR-008426,TR-C05033,2024-11-09,0,3,clean_time_group_fixed,0.201825708014903
TR-008483,TR-C03669,2024-11-09,0,3,clean_time_group_fixed,0.06681462426596241
TR-009046,TR-C06116,2024-11-09,0,3,clean_time_group_fixed,0.02279521349029898
TR-009807,TR-C01164,2024-11-09,1,3,clean_time_group_fixed,0.3327217822372214
TR-001158,TR-C04099,2024-11-10,0,3,clean_time_group_fixed,0.030343678738426777
TR-002060,TR-C04377,2024-11-10,0,3,clean_time_group_fixed,0.30127562888258075
TR-002805,TR-C00996,2024-11-10,0,3,clean_time_group_fixed,0.22578040813359082
TR-004311,TR-C04937,2024-11-10,0,3,clean_time_group_fixed,0.023730760591521044
TR-004474,TR-C02364,2024-11-10,0,3,clean_time_group_fixed,0.018223411173011544
TR-006865,TR-C02180,2024-11-10,0,3,clean_time_group_fixed,0.04862679382621467
TR-007342,TR-C02915,2024-11-10,0,3,clean_time_group_fixed,0.14681463113961293
TR-009057,TR-C01031,2024-11-10,0,3,clean_time_group_fixed,0.012073813737109423
TR-001163,TR-C02493,2024-11-11,1,3,clean_time_group_fixed,0.03349494126223942
TR-001750,TR-C01222,2024-11-11,0,3,clean_time_group_fixed,0.10862019823495209
TR-003435,TR-C01857,2024-11-11,1,3,clean_time_group_fixed,0.6733818200152831
TR-003511,TR-C02662,2024-11-11,0,3,clean_time_group_fixed,0.021233422160712136
TR-004443,TR-C06355,2024-11-11,0,3,clean_time_group_fixed,0.023592491932884402
TR-005619,TR-C05950,2024-11-11,1,3,clean_time_group_fixed,0.012345027668411793
TR-006464,TR-C01732,2024-11-11,0,3,clean_time_group_fixed,0.01260183205351568
TR-006695,TR-C05927,2024-11-11,0,3,clean_time_group_fixed,0.2282564041763343
TR-007310,TR-C03174,2024-11-11,0,3,clean_time_group_fixed,0.05362652032902767
TR-009383,TR-C04536,2024-11-11,0,3,clean_time_group_fixed,0.035492267887949805
TR-000768,TR-C00553,2024-11-12,0,3,clean_time_group_fixed,0.07801802748143205
TR-001599,TR-C00482,2024-11-12,0,3,clean_time_group_fixed,0.010062652485658956
TR-002216,TR-C04971,2024-11-12,0,3,clean_time_group_fixed,0.034852875417590495
TR-002245,TR-C01446,2024-11-12,0,3,clean_time_group_fixed,0.09300242738661114
TR-002735,TR-C03261,2024-11-12,0,3,clean_time_group_fixed,0.054831608702472716
TR-004585,TR-C02432,2024-11-12,0,3,clean_time_group_fixed,0.010748698977534572
TR-004903,TR-C04532,2024-11-12,0,3,clean_time_group_fixed,0.08832810113532343
TR-005231,TR-C04202,2024-11-12,0,3,clean_time_group_fixed,0.013777951822971951
TR-006208,TR-C04288,2024-11-12,0,3,clean_time_group_fixed,0.05620896512536754
TR-006884,TR-C05982,2024-11-12,0,3,clean_time_group_fixed,0.02026793524949066
TR-006932,TR-C05623,2024-11-12,0,3,clean_time_group_fixed,0.029115288556393688
TR-007029,TR-C03147,2024-11-12,0,3,clean_time_group_fixed,0.06204354947082508
TR-007050,TR-C02001,2024-11-12,0,3,clean_time_group_fixed,0.25790410302214806
TR-007153,TR-C03454,2024-11-12,0,3,clean_time_group_fixed,0.012639165610813598
TR-008033,TR-C01869,2024-11-12,0,3,clean_time_group_fixed,0.07415779829432446
TR-009557,TR-C00042,2024-11-12,0,3,clean_time_group_fixed,0.06392480224915349
TR-009754,TR-C06283,2024-11-12,0,3,clean_time_group_fixed,0.012907651227337294
TR-000175,TR-C01402,2024-11-13,0,3,clean_time_group_fixed,0.16610204747791518
TR-003029,TR-C00054,2024-11-13,0,3,clean_time_group_fixed,0.05210530102944341
TR-003338,TR-C04880,2024-11-13,0,3,clean_time_group_fixed,0.013059151425798571
TR-004919,TR-C05441,2024-11-13,1,3,clean_time_group_fixed,0.34810526074342013
TR-005890,TR-C03169,2024-11-13,0,3,clean_time_group_fixed,0.06473479220400867
TR-007617,TR-C02061,2024-11-13,0,3,clean_time_group_fixed,0.01587167397714063
TR-008100,TR-C02281,2024-11-13,0,3,clean_time_group_fixed,0.02545426983937101
TR-009152,TR-C04278,2024-11-13,0,3,clean_time_group_fixed,0.04806558571291081
TR-009277,TR-C01734,2024-11-13,0,3,clean_time_group_fixed,0.6065211233255217
TR-009454,TR-C01900,2024-11-13,0,3,clean_time_group_fixed,0.07056279603483857
TR-001341,TR-C01260,2024-11-14,0,3,clean_time_group_fixed,0.056863326210719156
TR-001418,TR-C04365,2024-11-14,0,3,clean_time_group_fixed,0.10912668136554349
TR-001918,TR-C03026,2024-11-14,0,3,clean_time_group_fixed,0.06328452272157546
TR-002393,TR-C03530,2024-11-14,0,3,clean_time_group_fixed,0.16889388278992884
TR-002398,TR-C00720,2024-11-14,0,3,clean_time_group_fixed,0.008442088865949146
TR-003246,TR-C02371,2024-11-14,0,3,clean_time_group_fixed,0.04144441763389894
TR-004281,TR-C01697,2024-11-14,0,3,clean_time_group_fixed,0.20356258438181496
TR-005103,TR-C04238,2024-11-14,1,3,clean_time_group_fixed,0.23344172273535507
TR-006753,TR-C05578,2024-11-14,0,3,clean_time_group_fixed,0.0731590778975761
TR-007012,TR-C05951,2024-11-14,0,3,clean_time_group_fixed,0.14925255590814734
TR-007059,TR-C05485,2024-11-14,0,3,clean_time_group_fixed,0.05685105375779121
TR-007167,TR-C00032,2024-11-14,0,3,clean_time_group_fixed,0.055627174534342634
TR-007788,TR-C05192,2024-11-14,0,3,clean_time_group_fixed,0.015941442264587182
TR-007915,TR-C04214,2024-11-14,1,3,clean_time_group_fixed,0.03423252612595802
TR-008032,TR-C05028,2024-11-14,0,3,clean_time_group_fixed,0.04047179107387255
TR-000132,TR-C02336,2024-11-15,0,3,clean_time_group_fixed,0.271719225650691
TR-000330,TR-C04365,2024-11-15,1,3,clean_time_group_fixed,0.042114867409584776
TR-001897,TR-C00976,2024-11-15,0,3,clean_time_group_fixed,0.012360092802542294
TR-002003,TR-C01370,2024-11-15,0,3,clean_time_group_fixed,0.025619803321167117
TR-002475,TR-C03867,2024-11-15,1,3,clean_time_group_fixed,0.013807778770748751
TR-002776,TR-C05776,2024-11-15,0,3,clean_time_group_fixed,0.10474250642080439
TR-002919,TR-C04489,2024-11-15,0,3,clean_time_group_fixed,0.15573177483608613
TR-003754,TR-C03031,2024-11-15,0,3,clean_time_group_fixed,0.03415178766158401
TR-005687,TR-C05007,2024-11-15,0,3,clean_time_group_fixed,0.015313888038004564
TR-005805,TR-C05939,2024-11-15,0,3,clean_time_group_fixed,0.10668245484241676
TR-007615,TR-C00112,2024-11-15,0,3,clean_time_group_fixed,0.04025108736969965
TR-008059,TR-C04538,2024-11-15,0,3,clean_time_group_fixed,0.02954339234029203
TR-008772,TR-C02570,2024-11-15,0,3,clean_time_group_fixed,0.01722167379712495
TR-009418,TR-C00400,2024-11-15,0,3,clean_time_group_fixed,0.014355770073791956
TR-000766,TR-C04665,2024-11-16,0,3,clean_time_group_fixed,0.07948636665387498
TR-003463,TR-C04065,2024-11-16,0,3,clean_time_group_fixed,0.04075415808740508
TR-004253,TR-C03280,2024-11-16,0,3,clean_time_group_fixed,0.030943699659706697
TR-005018,TR-C01821,2024-11-16,0,3,clean_time_group_fixed,0.04889275087405203
TR-005399,TR-C06433,2024-11-16,0,3,clean_time_group_fixed,0.02713995752152147
TR-005588,TR-C00207,2024-11-16,0,3,clean_time_group_fixed,0.036593088845535804
TR-006395,TR-C04870,2024-11-16,0,3,clean_time_group_fixed,0.17574391478716433
TR-007074,TR-C04783,2024-11-16,0,3,clean_time_group_fixed,0.035568072079904985
TR-007203,TR-C03935,2024-11-16,0,3,clean_time_group_fixed,0.022640032145771802
TR-007357,TR-C00878,2024-11-16,0,3,clean_time_group_fixed,0.040212368188864714
TR-007384,TR-C00328,2024-11-16,0,3,clean_time_group_fixed,0.02087186247359554
TR-008627,TR-C03812,2024-11-16,0,3,clean_time_group_fixed,0.02758117287624245
TR-009509,TR-C01398,2024-11-16,0,3,clean_time_group_fixed,0.013438750953946274
TR-000823,TR-C01856,2024-11-17,0,3,clean_time_group_fixed,0.033200027081951626
TR-001351,TR-C05044,2024-11-17,0,3,clean_time_group_fixed,0.13330394021893605
TR-002008,TR-C00278,2024-11-17,0,3,clean_time_group_fixed,0.143984612285617
TR-002014,TR-C02883,2024-11-17,0,3,clean_time_group_fixed,0.08021830922258409
TR-002219,TR-C00422,2024-11-17,0,3,clean_time_group_fixed,0.02099754580338795
TR-004095,TR-C00786,2024-11-17,0,3,clean_time_group_fixed,0.018697166158415893
TR-007004,TR-C05532,2024-11-17,0,3,clean_time_group_fixed,0.08645569438716179
TR-007733,TR-C02058,2024-11-17,0,3,clean_time_group_fixed,0.036840055297394675
TR-000532,TR-C06195,2024-11-18,0,3,clean_time_group_fixed,0.07758472165828417
TR-001240,TR-C05672,2024-11-18,0,3,clean_time_group_fixed,0.0935384791002709
TR-003278,TR-C04671,2024-11-18,0,3,clean_time_group_fixed,0.02802449245326085
TR-003523,TR-C02114,2024-11-18,0,3,clean_time_group_fixed,0.028893185954015663
TR-006622,TR-C01302,2024-11-18,0,3,clean_time_group_fixed,0.05033179269489739
TR-006788,TR-C00429,2024-11-18,0,3,clean_time_group_fixed,0.15588632009334155
TR-006888,TR-C00446,2024-11-18,0,3,clean_time_group_fixed,0.011150769455457002
TR-007545,TR-C00243,2024-11-18,0,3,clean_time_group_fixed,0.20165188472923123
TR-008462,TR-C05287,2024-11-18,0,3,clean_time_group_fixed,0.0710654322977009
TR-009775,TR-C03687,2024-11-18,1,3,clean_time_group_fixed,0.49869466847341537
TR-009933,TR-C04110,2024-11-18,0,3,clean_time_group_fixed,0.01515209891094896
TR-001007,TR-C04434,2024-11-19,0,3,clean_time_group_fixed,0.024283644553362328
TR-001067,TR-C04854,2024-11-19,0,3,clean_time_group_fixed,0.02791122712754491
TR-001568,TR-C01694,2024-11-19,0,3,clean_time_group_fixed,0.054114257256455196
TR-002631,TR-C03057,2024-11-19,0,3,clean_time_group_fixed,0.08300258078872895
TR-005460,TR-C00492,2024-11-19,0,3,clean_time_group_fixed,0.11731846140745775
TR-006036,TR-C06430,2024-11-19,0,3,clean_time_group_fixed,0.03181917407575874
TR-006838,TR-C04564,2024-11-19,0,3,clean_time_group_fixed,0.03362846193477807
TR-009722,TR-C00766,2024-11-19,0,3,clean_time_group_fixed,0.02138081575896776
TR-009748,TR-C01397,2024-11-19,0,3,clean_time_group_fixed,0.28315109936915056
TR-001811,TR-C01070,2024-11-20,0,3,clean_time_group_fixed,0.12325372235189634
TR-001875,TR-C03693,2024-11-20,0,3,clean_time_group_fixed,0.028660865904337952
TR-002076,TR-C00809,2024-11-20,0,3,clean_time_group_fixed,0.3198953433037048
TR-003181,TR-C05531,2024-11-20,0,3,clean_time_group_fixed,0.03267383673799035
TR-009047,TR-C05201,2024-11-20,1,3,clean_time_group_fixed,0.028973434705688667
TR-009254,TR-C05939,2024-11-20,0,3,clean_time_group_fixed,0.10604007918022096
TR-009580,TR-C02348,2024-11-20,0,3,clean_time_group_fixed,0.015160046799150154
TR-002792,TR-C02385,2024-11-21,0,3,clean_time_group_fixed,0.026343025505721766
TR-004999,TR-C00658,2024-11-21,0,3,clean_time_group_fixed,0.019289350115095576
TR-006171,TR-C04831,2024-11-21,0,3,clean_time_group_fixed,0.02066472466381139
TR-006816,TR-C02168,2024-11-21,0,3,clean_time_group_fixed,0.07993598606697619
TR-000199,TR-C04106,2024-11-22,0,3,clean_time_group_fixed,0.03341034424586406
TR-001036,TR-C03253,2024-11-22,0,3,clean_time_group_fixed,0.042059690406253666
TR-003018,TR-C00413,2024-11-22,0,3,clean_time_group_fixed,0.14069929336134215
TR-003283,TR-C05356,2024-11-22,0,3,clean_time_group_fixed,0.09608116956870337
TR-003304,TR-C02216,2024-11-22,0,3,clean_time_group_fixed,0.04186143772770423
TR-003449,TR-C05865,2024-11-22,0,3,clean_time_group_fixed,0.009241830968678805
TR-003547,TR-C02212,2024-11-22,0,3,clean_time_group_fixed,0.044343711377514645
TR-005057,TR-C01303,2024-11-22,0,3,clean_time_group_fixed,0.03303778474309135
TR-007210,TR-C02131,2024-11-22,0,3,clean_time_group_fixed,0.009733348743433725
TR-008121,TR-C03853,2024-11-22,0,3,clean_time_group_fixed,0.013176192234013952
TR-008779,TR-C00453,2024-11-22,0,3,clean_time_group_fixed,0.04455112315420759
TR-008802,TR-C05931,2024-11-22,0,3,clean_time_group_fixed,0.02008774702325483
TR-009444,TR-C04503,2024-11-22,0,3,clean_time_group_fixed,0.05159083960824638
TR-001211,TR-C05870,2024-11-23,0,3,clean_time_group_fixed,0.07185144670008356
TR-003696,TR-C00238,2024-11-23,0,3,clean_time_group_fixed,0.01766443594272246
TR-003746,TR-C03351,2024-11-23,0,3,clean_time_group_fixed,0.018965339908999342
TR-004890,TR-C00017,2024-11-23,0,3,clean_time_group_fixed,0.24028277343856072
TR-006538,TR-C04082,2024-11-23,0,3,clean_time_group_fixed,0.022756496933233145
TR-007668,TR-C00678,2024-11-23,1,3,clean_time_group_fixed,0.08377246992944226
TR-008141,TR-C06357,2024-11-23,0,3,clean_time_group_fixed,0.013055963655553535
TR-008211,TR-C00433,2024-11-23,0,3,clean_time_group_fixed,0.010241792716865806
TR-008606,TR-C01188,2024-11-23,0,3,clean_time_group_fixed,0.04742195631192565
TR-009427,TR-C06200,2024-11-23,0,3,clean_time_group_fixed,0.021490692433565467
TR-009579,TR-C05444,2024-11-23,0,3,clean_time_group_fixed,0.059694470902445826
TR-002375,TR-C02456,2024-11-24,0,3,clean_time_group_fixed,0.02358732929891049
TR-006152,TR-C05412,2024-11-24,0,3,clean_time_group_fixed,0.028279880549442995
TR-007023,TR-C03042,2024-11-24,0,3,clean_time_group_fixed,0.016329893431941894
TR-007725,TR-C00209,2024-11-24,0,3,clean_time_group_fixed,0.09206880804260548
TR-008631,TR-C03032,2024-11-24,0,3,clean_time_group_fixed,0.09043997768724807
TR-009243,TR-C04143,2024-11-24,0,3,clean_time_group_fixed,0.01970735814712375
TR-009404,TR-C00945,2024-11-24,0,3,clean_time_group_fixed,0.038526689283397086
TR-000288,TR-C03140,2024-11-25,0,3,clean_time_group_fixed,0.010929951463939104
TR-002223,TR-C00386,2024-11-25,0,3,clean_time_group_fixed,0.023758239953709685
TR-004405,TR-C01983,2024-11-25,0,3,clean_time_group_fixed,0.01819031559496303
TR-005301,TR-C01537,2024-11-25,0,3,clean_time_group_fixed,0.041828178659349805
TR-005401,TR-C05553,2024-11-25,0,3,clean_time_group_fixed,0.02246697321374846
TR-005773,TR-C02403,2024-11-25,0,3,clean_time_group_fixed,0.020558673214157414
TR-006762,TR-C05504,2024-11-25,0,3,clean_time_group_fixed,0.02663656382970406
TR-006795,TR-C04650,2024-11-25,0,3,clean_time_group_fixed,0.010501920795750746
TR-006956,TR-C04648,2024-11-25,0,3,clean_time_group_fixed,0.06089059148842945
TR-008409,TR-C00486,2024-11-25,0,3,clean_time_group_fixed,0.016693576715058334
TR-009323,TR-C02326,2024-11-25,0,3,clean_time_group_fixed,0.08627434713612801
TR-009914,TR-C02415,2024-11-25,0,3,clean_time_group_fixed,0.06536477157972674
TR-000770,TR-C00856,2024-11-26,0,3,clean_time_group_fixed,0.03377032915148236
TR-001181,TR-C06250,2024-11-26,0,3,clean_time_group_fixed,0.06089635768889245
TR-005023,TR-C00790,2024-11-26,0,3,clean_time_group_fixed,0.026761971480363446
TR-005620,TR-C04494,2024-11-26,0,3,clean_time_group_fixed,0.3676648625285799
TR-005672,TR-C04539,2024-11-26,1,3,clean_time_group_fixed,0.02158781233106413
TR-005934,TR-C00673,2024-11-26,0,3,clean_time_group_fixed,0.14125872055291483
TR-008259,TR-C00298,2024-11-26,0,3,clean_time_group_fixed,0.012159852382748006
TR-009028,TR-C05252,2024-11-26,0,3,clean_time_group_fixed,0.2802745992577365
TR-000257,TR-C03879,2024-11-27,0,3,clean_time_group_fixed,0.22173361964978414
TR-001709,TR-C05287,2024-11-27,0,3,clean_time_group_fixed,0.04064183372108157
TR-002907,TR-C04218,2024-11-27,1,3,clean_time_group_fixed,0.06823742436464364
TR-002927,TR-C01875,2024-11-27,0,3,clean_time_group_fixed,0.01963947837584213
TR-003476,TR-C04696,2024-11-27,0,3,clean_time_group_fixed,0.07515607419923366
TR-003611,TR-C01833,2024-11-27,0,3,clean_time_group_fixed,0.04521913220089384
TR-004578,TR-C03713,2024-11-27,0,3,clean_time_group_fixed,0.03047010275671136
TR-004980,TR-C02160,2024-11-27,0,3,clean_time_group_fixed,0.06844236406759542
TR-007861,TR-C02722,2024-11-27,0,3,clean_time_group_fixed,0.012841403747713014
TR-009573,TR-C03094,2024-11-27,0,3,clean_time_group_fixed,0.12221149529170076
TR-000290,TR-C06186,2024-11-28,0,3,clean_time_group_fixed,0.13115858303352051
TR-000480,TR-C02193,2024-11-28,0,3,clean_time_group_fixed,0.014933453733379518
TR-001075,TR-C04967,2024-11-28,0,3,clean_time_group_fixed,0.0719675268570148
TR-001735,TR-C00891,2024-11-28,0,3,clean_time_group_fixed,0.03953344698267085
TR-006258,TR-C02674,2024-11-28,0,3,clean_time_group_fixed,0.083607971607645
TR-007964,TR-C03824,2024-11-28,0,3,clean_time_group_fixed,0.07216724259380915
TR-008890,TR-C03233,2024-11-28,0,3,clean_time_group_fixed,0.028931111521156808
TR-009529,TR-C02111,2024-11-28,0,3,clean_time_group_fixed,0.09894827065052206
TR-001856,TR-C03399,2024-11-29,0,3,clean_time_group_fixed,0.09964354136231708
TR-002874,TR-C00098,2024-11-29,0,3,clean_time_group_fixed,0.010098351073367456
TR-005163,TR-C06279,2024-11-29,0,3,clean_time_group_fixed,0.014056948735489341
TR-005370,TR-C02391,2024-11-29,1,3,clean_time_group_fixed,0.2537302759250849
TR-005626,TR-C03966,2024-11-29,0,3,clean_time_group_fixed,0.11365159921647257
TR-005867,TR-C05301,2024-11-29,0,3,clean_time_group_fixed,0.04994463487234212
TR-006402,TR-C06359,2024-11-29,0,3,clean_time_group_fixed,0.016725353587147385
TR-007183,TR-C00693,2024-11-29,1,3,clean_time_group_fixed,0.27363924548635477
TR-008525,TR-C04887,2024-11-29,0,3,clean_time_group_fixed,0.04470658379601402
TR-009912,TR-C00903,2024-11-29,0,3,clean_time_group_fixed,0.17398809273865085
TR-000802,TR-C02516,2024-11-30,0,3,clean_time_group_fixed,0.18689163239525383
TR-002379,TR-C03174,2024-11-30,1,3,clean_time_group_fixed,0.11068539415897395
TR-004455,TR-C06003,2024-11-30,1,3,clean_time_group_fixed,0.3482897074644954
TR-005048,TR-C02438,2024-11-30,0,3,clean_time_group_fixed,0.02115103116015588
TR-009953,TR-C05514,2024-11-30,0,3,clean_time_group_fixed,0.039777477353731445
TR-000476,TR-C02454,2024-12-01,0,3,clean_time_group_fixed,0.038231243770824375
TR-003384,TR-C05417,2024-12-01,0,3,clean_time_group_fixed,0.02232375718675694
TR-004593,TR-C03068,2024-12-01,0,3,clean_time_group_fixed,0.057141589452837725
TR-004961,TR-C01675,2024-12-01,0,3,clean_time_group_fixed,0.17790258533132475
TR-005557,TR-C03431,2024-12-01,0,3,clean_time_group_fixed,0.022371558746401066
TR-006013,TR-C05397,2024-12-01,0,3,clean_time_group_fixed,0.03306874604982866
TR-006066,TR-C01541,2024-12-01,0,3,clean_time_group_fixed,0.24895021345153817
TR-000557,TR-C02175,2024-12-02,0,3,clean_time_group_fixed,0.12801612868669368
TR-001533,TR-C00059,2024-12-02,0,3,clean_time_group_fixed,0.016124273075867272
TR-001825,TR-C01038,2024-12-02,0,3,clean_time_group_fixed,0.04860624782618259
TR-002079,TR-C01597,2024-12-02,0,3,clean_time_group_fixed,0.014752243759017805
TR-003531,TR-C02994,2024-12-02,0,3,clean_time_group_fixed,0.13209709217891105
TR-003716,TR-C01936,2024-12-02,0,3,clean_time_group_fixed,0.039339854327600114
TR-004414,TR-C03269,2024-12-02,0,3,clean_time_group_fixed,0.19398679048857898
TR-004447,TR-C05466,2024-12-02,0,3,clean_time_group_fixed,0.030390566685360828
TR-004504,TR-C03604,2024-12-02,0,3,clean_time_group_fixed,0.02767861088226671
TR-004799,TR-C04118,2024-12-02,0,3,clean_time_group_fixed,0.01863792141423391
TR-004926,TR-C00808,2024-12-02,0,3,clean_time_group_fixed,0.43904419800164746
TR-005877,TR-C01808,2024-12-02,0,3,clean_time_group_fixed,0.11879960215645467
TR-007223,TR-C05560,2024-12-02,0,3,clean_time_group_fixed,0.023167823894058654
TR-008047,TR-C04885,2024-12-02,0,3,clean_time_group_fixed,0.03359201854364807
TR-008844,TR-C02515,2024-12-02,1,3,clean_time_group_fixed,0.09324144733779602
TR-009402,TR-C01867,2024-12-02,0,3,clean_time_group_fixed,0.05866587842363271
TR-009799,TR-C03426,2024-12-02,0,3,clean_time_group_fixed,0.015948361928913246
TR-000577,TR-C05340,2024-12-03,0,3,clean_time_group_fixed,0.0794133206916358
TR-000846,TR-C02751,2024-12-03,0,3,clean_time_group_fixed,0.028344034473544687
TR-003736,TR-C03846,2024-12-03,0,3,clean_time_group_fixed,0.04326786898691071
TR-004759,TR-C01189,2024-12-03,0,3,clean_time_group_fixed,0.054512255594121234
TR-006886,TR-C01393,2024-12-03,0,3,clean_time_group_fixed,0.4067511295386178
TR-007351,TR-C02937,2024-12-03,0,3,clean_time_group_fixed,0.1965028416471922
TR-008856,TR-C05440,2024-12-03,0,3,clean_time_group_fixed,0.02376661015580013
TR-009432,TR-C04419,2024-12-03,0,3,clean_time_group_fixed,0.033629363499457526
TR-000335,TR-C01786,2024-12-04,0,3,clean_time_group_fixed,0.01689373402226119
TR-001853,TR-C03092,2024-12-04,0,3,clean_time_group_fixed,0.19052697832414262
TR-002435,TR-C03754,2024-12-04,0,3,clean_time_group_fixed,0.013335078579295433
TR-004107,TR-C06499,2024-12-04,0,3,clean_time_group_fixed,0.05292697652553106
TR-004422,TR-C02950,2024-12-04,0,3,clean_time_group_fixed,0.2691434755757148
TR-004883,TR-C03308,2024-12-04,0,3,clean_time_group_fixed,0.06086964683810988
TR-005599,TR-C04720,2024-12-04,0,3,clean_time_group_fixed,0.010262051417141862
TR-005926,TR-C04618,2024-12-04,0,3,clean_time_group_fixed,0.02270535072244966
TR-006227,TR-C02794,2024-12-04,0,3,clean_time_group_fixed,0.07578438944725205
TR-006772,TR-C05788,2024-12-04,0,3,clean_time_group_fixed,0.07285804917276281
TR-006781,TR-C04135,2024-12-04,0,3,clean_time_group_fixed,0.025367669595321593
TR-008026,TR-C04710,2024-12-04,0,3,clean_time_group_fixed,0.0914224615513993
TR-008874,TR-C04505,2024-12-04,0,3,clean_time_group_fixed,0.02494474243089471
TR-009160,TR-C06032,2024-12-04,0,3,clean_time_group_fixed,0.1637618650284667
TR-009183,TR-C05635,2024-12-04,0,3,clean_time_group_fixed,0.01840606380563327
TR-000993,TR-C02980,2024-12-05,0,3,clean_time_group_fixed,0.044686489508556866
TR-001265,TR-C03068,2024-12-05,0,3,clean_time_group_fixed,0.029974267185564007
TR-001733,TR-C05750,2024-12-05,1,3,clean_time_group_fixed,0.33996288473815495
TR-001745,TR-C01789,2024-12-05,0,3,clean_time_group_fixed,0.036334358894809834
TR-002694,TR-C06417,2024-12-05,0,3,clean_time_group_fixed,0.02824725185605181
TR-002895,TR-C04378,2024-12-05,0,3,clean_time_group_fixed,0.3797994872193262
TR-004324,TR-C02855,2024-12-05,0,3,clean_time_group_fixed,0.0546353235333366
TR-005202,TR-C02576,2024-12-05,0,3,clean_time_group_fixed,0.24773444998402896
TR-000470,TR-C01297,2024-12-06,0,3,clean_time_group_fixed,0.12128309409432407
TR-000694,TR-C04969,2024-12-06,1,3,clean_time_group_fixed,0.33685063275953425
TR-001572,TR-C03064,2024-12-06,0,3,clean_time_group_fixed,0.01998791131382807
TR-001858,TR-C03794,2024-12-06,0,3,clean_time_group_fixed,0.085438827787347
TR-001928,TR-C03302,2024-12-06,0,3,clean_time_group_fixed,0.2294501820940883
TR-002029,TR-C04745,2024-12-06,0,3,clean_time_group_fixed,0.15722748001502213
TR-002428,TR-C05422,2024-12-06,0,3,clean_time_group_fixed,0.08833964294200197
TR-002796,TR-C01600,2024-12-06,0,3,clean_time_group_fixed,0.036558960658922016
TR-005052,TR-C00372,2024-12-06,0,3,clean_time_group_fixed,0.014528759612771308
TR-005860,TR-C01035,2024-12-06,0,3,clean_time_group_fixed,0.1742258198318666
TR-007129,TR-C00415,2024-12-06,0,3,clean_time_group_fixed,0.011805353083639804
TR-009051,TR-C00072,2024-12-06,0,3,clean_time_group_fixed,0.012458770436317414
TR-009741,TR-C04300,2024-12-06,0,3,clean_time_group_fixed,0.023153325200416436
TR-000221,TR-C03645,2024-12-07,0,3,clean_time_group_fixed,0.018559713446171286
TR-001809,TR-C02291,2024-12-07,0,3,clean_time_group_fixed,0.016945113184995468
TR-004571,TR-C06177,2024-12-07,0,3,clean_time_group_fixed,0.03987527756015701
TR-006250,TR-C03262,2024-12-07,0,3,clean_time_group_fixed,0.046326649807780854
TR-006460,TR-C05419,2024-12-07,0,3,clean_time_group_fixed,0.09656347914844524
TR-006604,TR-C03734,2024-12-07,0,3,clean_time_group_fixed,0.3325716856221669
TR-006751,TR-C03143,2024-12-07,0,3,clean_time_group_fixed,0.017613897475289315
TR-007103,TR-C02059,2024-12-07,0,3,clean_time_group_fixed,0.021372401750394784
TR-007235,TR-C06251,2024-12-07,0,3,clean_time_group_fixed,0.05063225090881062
TR-008846,TR-C05287,2024-12-07,0,3,clean_time_group_fixed,0.05978375388205764
TR-008996,TR-C06471,2024-12-07,0,3,clean_time_group_fixed,0.09180321789441218
TR-009676,TR-C04792,2024-12-07,0,3,clean_time_group_fixed,0.11301272369652623
TR-000176,TR-C02738,2024-12-08,0,3,clean_time_group_fixed,0.024645295838058703
TR-003061,TR-C04366,2024-12-08,0,3,clean_time_group_fixed,0.009534430199549979
TR-004150,TR-C06452,2024-12-08,1,3,clean_time_group_fixed,0.2730853202466443
TR-004178,TR-C02217,2024-12-08,0,3,clean_time_group_fixed,0.011488459168876551
TR-004523,TR-C01029,2024-12-08,0,3,clean_time_group_fixed,0.019591750226387487
TR-008152,TR-C06090,2024-12-08,0,3,clean_time_group_fixed,0.04677746888687277
TR-008550,TR-C01511,2024-12-08,0,3,clean_time_group_fixed,0.07004306997279386
TR-009151,TR-C02098,2024-12-08,0,3,clean_time_group_fixed,0.4445418514232871
TR-002884,TR-C05206,2024-12-09,0,3,clean_time_group_fixed,0.007789795202320734
TR-003166,TR-C06434,2024-12-09,0,3,clean_time_group_fixed,0.06526405519588181
TR-004051,TR-C00301,2024-12-09,0,3,clean_time_group_fixed,0.009218489927612627
TR-005157,TR-C05069,2024-12-09,1,3,clean_time_group_fixed,0.05086927127609739
TR-005550,TR-C01930,2024-12-09,0,3,clean_time_group_fixed,0.037202600136018706
TR-006849,TR-C05124,2024-12-09,0,3,clean_time_group_fixed,0.020802603621326302
TR-007322,TR-C01121,2024-12-09,0,3,clean_time_group_fixed,0.1463938359218772
TR-008724,TR-C00242,2024-12-09,0,3,clean_time_group_fixed,0.028405474571232738
TR-009118,TR-C05837,2024-12-09,0,3,clean_time_group_fixed,0.03224993478537525
TR-000523,TR-C06403,2024-12-10,0,3,clean_time_group_fixed,0.2760837428116183
TR-002480,TR-C00147,2024-12-10,0,3,clean_time_group_fixed,0.10045721115822137
TR-002554,TR-C02657,2024-12-10,0,3,clean_time_group_fixed,0.014166191538204193
TR-002872,TR-C06244,2024-12-10,0,3,clean_time_group_fixed,0.010013533811401683
TR-004193,TR-C02262,2024-12-10,0,3,clean_time_group_fixed,0.06730532311155739
TR-004791,TR-C01876,2024-12-10,0,3,clean_time_group_fixed,0.009273961917761687
TR-006379,TR-C02542,2024-12-10,0,3,clean_time_group_fixed,0.036158626910914954
TR-007450,TR-C04630,2024-12-10,0,3,clean_time_group_fixed,0.04269180072272793
TR-009249,TR-C01867,2024-12-10,0,3,clean_time_group_fixed,0.05436002333762069
TR-000420,TR-C01212,2024-12-11,0,3,clean_time_group_fixed,0.07666966989223921
TR-000528,TR-C01485,2024-12-11,0,3,clean_time_group_fixed,0.01575464830262589
TR-002322,TR-C02927,2024-12-11,1,3,clean_time_group_fixed,0.07126818207174954
TR-003146,TR-C01196,2024-12-11,0,3,clean_time_group_fixed,0.12548061612878544
TR-004174,TR-C02740,2024-12-11,0,3,clean_time_group_fixed,0.273609126494282
TR-004436,TR-C05864,2024-12-11,0,3,clean_time_group_fixed,0.044613500020068655
TR-004437,TR-C06354,2024-12-11,0,3,clean_time_group_fixed,0.1256534498067824
TR-005510,TR-C00148,2024-12-11,0,3,clean_time_group_fixed,0.5636207214879296
TR-006322,TR-C00493,2024-12-11,0,3,clean_time_group_fixed,0.03127542024740329
TR-007567,TR-C02845,2024-12-11,0,3,clean_time_group_fixed,0.019943323175931067
TR-008725,TR-C04417,2024-12-11,1,3,clean_time_group_fixed,0.07082148955844746
TR-008813,TR-C02957,2024-12-11,0,3,clean_time_group_fixed,0.29194315710140817
TR-000337,TR-C01871,2024-12-12,0,3,clean_time_group_fixed,0.16902242565760844
TR-002852,TR-C04153,2024-12-12,0,3,clean_time_group_fixed,0.031562516697739566
TR-003269,TR-C03907,2024-12-12,0,3,clean_time_group_fixed,0.0925068313843986
TR-003892,TR-C03162,2024-12-12,0,3,clean_time_group_fixed,0.009475821716090523
TR-003941,TR-C03079,2024-12-12,0,3,clean_time_group_fixed,0.050166312932797975
TR-004023,TR-C00760,2024-12-12,0,3,clean_time_group_fixed,0.018154773048099107
TR-005774,TR-C00294,2024-12-12,0,3,clean_time_group_fixed,0.030208164105908233
TR-007075,TR-C02041,2024-12-12,0,3,clean_time_group_fixed,0.033303734558782994
TR-009147,TR-C01276,2024-12-12,0,3,clean_time_group_fixed,0.011504670680673375
TR-000249,TR-C05030,2024-12-13,0,3,clean_time_group_fixed,0.05623329521636911
TR-004246,TR-C03005,2024-12-13,0,3,clean_time_group_fixed,0.060205164581625094
TR-004968,TR-C06266,2024-12-13,0,3,clean_time_group_fixed,0.011743310488783597
TR-005354,TR-C01349,2024-12-13,0,3,clean_time_group_fixed,0.02421458555445257
TR-006746,TR-C02358,2024-12-13,0,3,clean_time_group_fixed,0.0304707891553114
TR-009687,TR-C01110,2024-12-13,0,3,clean_time_group_fixed,0.1767685062245924
TR-009819,TR-C03047,2024-12-13,0,3,clean_time_group_fixed,0.08981582189180719
TR-009925,TR-C01293,2024-12-13,0,3,clean_time_group_fixed,0.012314616322513655
TR-000794,TR-C03115,2024-12-14,0,3,clean_time_group_fixed,0.07848180537172138
TR-001333,TR-C01847,2024-12-14,0,3,clean_time_group_fixed,0.03178074150684617
TR-005641,TR-C04649,2024-12-14,1,3,clean_time_group_fixed,0.6686210891120719
TR-006052,TR-C06320,2024-12-14,0,3,clean_time_group_fixed,0.061453611054228405
TR-009655,TR-C02730,2024-12-14,0,3,clean_time_group_fixed,0.013927012446480138
TR-001429,TR-C00627,2024-12-15,0,3,clean_time_group_fixed,0.016705624447636992
TR-001940,TR-C02920,2024-12-15,0,3,clean_time_group_fixed,0.06834722979472452
TR-002404,TR-C03657,2024-12-15,0,3,clean_time_group_fixed,0.01534150645502595
TR-002595,TR-C02228,2024-12-15,1,3,clean_time_group_fixed,0.31126175599532524
TR-002636,TR-C06261,2024-12-15,0,3,clean_time_group_fixed,0.3576171444008027
TR-005864,TR-C01886,2024-12-15,0,3,clean_time_group_fixed,0.03540344965542051
TR-006654,TR-C02729,2024-12-15,0,3,clean_time_group_fixed,0.045623838674613885
TR-007182,TR-C00943,2024-12-15,0,3,clean_time_group_fixed,0.02563764497628523
TR-007251,TR-C04588,2024-12-15,0,3,clean_time_group_fixed,0.03731608940291934
TR-007845,TR-C00155,2024-12-15,0,3,clean_time_group_fixed,0.1655349478393839
TR-008310,TR-C05453,2024-12-15,0,3,clean_time_group_fixed,0.18622333518438786
TR-008355,TR-C01566,2024-12-15,0,3,clean_time_group_fixed,0.04433137855751279
TR-000902,TR-C01829,2024-12-16,0,3,clean_time_group_fixed,0.07977080168335897
TR-000921,TR-C04663,2024-12-16,0,3,clean_time_group_fixed,0.2957849625767406
TR-001274,TR-C02051,2024-12-16,0,3,clean_time_group_fixed,0.013228528304317711
TR-001280,TR-C01726,2024-12-16,0,3,clean_time_group_fixed,0.047806682808132245
TR-002211,TR-C04293,2024-12-16,0,3,clean_time_group_fixed,0.02210667465556475
TR-003777,TR-C00427,2024-12-16,0,3,clean_time_group_fixed,0.07108205673449895
TR-008486,TR-C03542,2024-12-16,0,3,clean_time_group_fixed,0.040224070039110195
TR-001146,TR-C03043,2024-12-17,0,3,clean_time_group_fixed,0.07063504668480838
TR-001289,TR-C02755,2024-12-17,0,3,clean_time_group_fixed,0.025067539100497322
TR-002289,TR-C05422,2024-12-17,0,3,clean_time_group_fixed,0.03605047532081792
TR-002605,TR-C03927,2024-12-17,0,3,clean_time_group_fixed,0.533124666258528
TR-005044,TR-C02919,2024-12-17,0,3,clean_time_group_fixed,0.023721986581305147
TR-006194,TR-C01700,2024-12-17,0,3,clean_time_group_fixed,0.05647865471518015
TR-007109,TR-C05345,2024-12-17,0,3,clean_time_group_fixed,0.024610440497813947
TR-007383,TR-C05885,2024-12-17,0,3,clean_time_group_fixed,0.13765313199832946
TR-007409,TR-C02693,2024-12-17,0,3,clean_time_group_fixed,0.10220247745017821
TR-007696,TR-C05946,2024-12-17,0,3,clean_time_group_fixed,0.0395401101657702
TR-009500,TR-C03189,2024-12-17,0,3,clean_time_group_fixed,0.03860869791040494
TR-000157,TR-C04256,2024-12-18,0,3,clean_time_group_fixed,0.012846903437482706
TR-000632,TR-C02034,2024-12-18,0,3,clean_time_group_fixed,0.02320886478729249
TR-000982,TR-C05301,2024-12-18,0,3,clean_time_group_fixed,0.30742515108231405
TR-001539,TR-C06308,2024-12-18,0,3,clean_time_group_fixed,0.03276359419360027
TR-002570,TR-C02602,2024-12-18,0,3,clean_time_group_fixed,0.04483614323493431
TR-003124,TR-C03160,2024-12-18,0,3,clean_time_group_fixed,0.04552460644621535
TR-003508,TR-C00704,2024-12-18,0,3,clean_time_group_fixed,0.14348863327368602
TR-006588,TR-C01442,2024-12-18,0,3,clean_time_group_fixed,0.019500732531757124
TR-006960,TR-C05358,2024-12-18,0,3,clean_time_group_fixed,0.07557214405598722
TR-007786,TR-C02040,2024-12-18,0,3,clean_time_group_fixed,0.02623652264788842
TR-008513,TR-C01647,2024-12-18,0,3,clean_time_group_fixed,0.02238426342364061
TR-000379,TR-C06132,2024-12-19,0,3,clean_time_group_fixed,0.35712944546512504
TR-000397,TR-C01134,2024-12-19,0,3,clean_time_group_fixed,0.05565010752326148
TR-001395,TR-C04263,2024-12-19,0,3,clean_time_group_fixed,0.02376211784773976
TR-001608,TR-C05859,2024-12-19,0,3,clean_time_group_fixed,0.3814612281299431
TR-002296,TR-C01889,2024-12-19,0,3,clean_time_group_fixed,0.1557235077250575
TR-003366,TR-C03397,2024-12-19,0,3,clean_time_group_fixed,0.14453318368420778
TR-003919,TR-C04048,2024-12-19,0,3,clean_time_group_fixed,0.11200995928380787
TR-005870,TR-C06238,2024-12-19,0,3,clean_time_group_fixed,0.537963017456442
TR-007288,TR-C04772,2024-12-19,1,3,clean_time_group_fixed,0.056519416881353465
TR-009355,TR-C03409,2024-12-19,0,3,clean_time_group_fixed,0.06637915273038911
TR-009860,TR-C01004,2024-12-19,0,3,clean_time_group_fixed,0.02651230255670281
TR-001796,TR-C01723,2024-12-20,0,3,clean_time_group_fixed,0.0817540864147869
TR-001813,TR-C00324,2024-12-20,0,3,clean_time_group_fixed,0.03312274976161951
TR-004031,TR-C00390,2024-12-20,0,3,clean_time_group_fixed,0.6192847073878471
TR-005129,TR-C02689,2024-12-20,0,3,clean_time_group_fixed,0.013128490584854593
TR-005561,TR-C06299,2024-12-20,0,3,clean_time_group_fixed,0.019685512947237388
TR-005990,TR-C02519,2024-12-20,0,3,clean_time_group_fixed,0.050246298028987606
TR-006584,TR-C04436,2024-12-20,0,3,clean_time_group_fixed,0.02814498958488381
TR-006680,TR-C01463,2024-12-20,0,3,clean_time_group_fixed,0.14212683873517662
TR-008669,TR-C03909,2024-12-20,0,3,clean_time_group_fixed,0.3091401239483076
TR-000069,TR-C00591,2024-12-21,1,3,clean_time_group_fixed,0.0740803101939413
TR-001263,TR-C06444,2024-12-21,0,3,clean_time_group_fixed,0.026680741807566535
TR-003898,TR-C00354,2024-12-21,0,3,clean_time_group_fixed,0.021307985936187015
TR-003966,TR-C00057,2024-12-21,0,3,clean_time_group_fixed,0.2099416090143751
TR-004316,TR-C03163,2024-12-21,1,3,clean_time_group_fixed,0.05360047853764277
TR-005331,TR-C03439,2024-12-21,0,3,clean_time_group_fixed,0.1790386659751886
TR-005596,TR-C03165,2024-12-21,1,3,clean_time_group_fixed,0.382398899899437
TR-005850,TR-C06492,2024-12-21,1,3,clean_time_group_fixed,0.5637428667769449
TR-007741,TR-C03824,2024-12-21,0,3,clean_time_group_fixed,0.1190281972892595
TR-007799,TR-C00778,2024-12-21,0,3,clean_time_group_fixed,0.016516814753692717
TR-008257,TR-C03486,2024-12-21,0,3,clean_time_group_fixed,0.03658374199366766
TR-009266,TR-C01337,2024-12-21,0,3,clean_time_group_fixed,0.1542693559424495
TR-009416,TR-C00937,2024-12-21,0,3,clean_time_group_fixed,0.01951349397725654
TR-000932,TR-C03158,2024-12-22,0,3,clean_time_group_fixed,0.07128746160530486
TR-002742,TR-C03223,2024-12-22,0,3,clean_time_group_fixed,0.019785020479789337
TR-004940,TR-C01693,2024-12-22,0,3,clean_time_group_fixed,0.012511372140607418
TR-005427,TR-C06378,2024-12-22,0,3,clean_time_group_fixed,0.15920584884387798
TR-005905,TR-C02021,2024-12-22,0,3,clean_time_group_fixed,0.034158741352404355
TR-006941,TR-C04278,2024-12-22,0,3,clean_time_group_fixed,0.03491442184216539
TR-007592,TR-C03323,2024-12-22,0,3,clean_time_group_fixed,0.05722756752741722
TR-009372,TR-C06200,2024-12-22,0,3,clean_time_group_fixed,0.010896491836631134
TR-000986,TR-C04281,2024-12-23,0,3,clean_time_group_fixed,0.16069817655873161
TR-001468,TR-C05779,2024-12-23,0,3,clean_time_group_fixed,0.01865832782385335
TR-002422,TR-C01944,2024-12-23,0,3,clean_time_group_fixed,0.010545749743877276
TR-002979,TR-C05288,2024-12-23,0,3,clean_time_group_fixed,0.04974010493866108
TR-005622,TR-C03581,2024-12-23,0,3,clean_time_group_fixed,0.01875549989260844
TR-005703,TR-C03365,2024-12-23,0,3,clean_time_group_fixed,0.0935312293321598
TR-007300,TR-C01240,2024-12-23,0,3,clean_time_group_fixed,0.041433352142902675
TR-009140,TR-C01266,2024-12-23,0,3,clean_time_group_fixed,0.02675549051715712
TR-000098,TR-C06121,2024-12-24,0,3,clean_time_group_fixed,0.05631853890319541
TR-000196,TR-C01424,2024-12-24,1,3,clean_time_group_fixed,0.29725001153567027
TR-000318,TR-C01009,2024-12-24,0,3,clean_time_group_fixed,0.09035702958237965
TR-000651,TR-C01533,2024-12-24,0,3,clean_time_group_fixed,0.0314652907969789
TR-002685,TR-C02277,2024-12-24,0,3,clean_time_group_fixed,0.05012640642827403
TR-003335,TR-C03992,2024-12-24,0,3,clean_time_group_fixed,0.19939969481494405
TR-008353,TR-C04479,2024-12-24,0,3,clean_time_group_fixed,0.152169974186282
TR-008815,TR-C01216,2024-12-24,0,3,clean_time_group_fixed,0.01960718155447834
TR-009381,TR-C05458,2024-12-24,0,3,clean_time_group_fixed,0.033050189745516045
TR-009895,TR-C04151,2024-12-24,0,3,clean_time_group_fixed,0.022638599639267235
TR-000920,TR-C03151,2024-12-25,0,3,clean_time_group_fixed,0.01636384200253317
TR-002286,TR-C05910,2024-12-25,0,3,clean_time_group_fixed,0.03729334742997474
TR-003203,TR-C06436,2024-12-25,0,3,clean_time_group_fixed,0.020939263974946255
TR-003629,TR-C06301,2024-12-25,0,3,clean_time_group_fixed,0.02289105095145462
TR-004154,TR-C00229,2024-12-25,0,3,clean_time_group_fixed,0.039229104359060143
TR-005097,TR-C04700,2024-12-25,0,3,clean_time_group_fixed,0.028307025237148706
TR-005171,TR-C04123,2024-12-25,0,3,clean_time_group_fixed,0.02816621134682312
TR-006697,TR-C01756,2024-12-25,0,3,clean_time_group_fixed,0.030715654817552666
TR-008577,TR-C01882,2024-12-25,0,3,clean_time_group_fixed,0.046035733714166464
TR-000050,TR-C04766,2024-12-26,0,3,clean_time_group_fixed,0.06514540219846536
TR-000904,TR-C00188,2024-12-26,0,3,clean_time_group_fixed,0.04021119108573666
TR-001225,TR-C00763,2024-12-26,1,3,clean_time_group_fixed,0.5252966731481354
TR-001517,TR-C01911,2024-12-26,0,3,clean_time_group_fixed,0.05820429068874376
TR-007722,TR-C03231,2024-12-26,0,3,clean_time_group_fixed,0.015771787788842983
TR-008028,TR-C05647,2024-12-26,0,3,clean_time_group_fixed,0.04515917158639785
TR-008361,TR-C03486,2024-12-26,0,3,clean_time_group_fixed,0.023371500164123118
TR-008919,TR-C04915,2024-12-26,0,3,clean_time_group_fixed,0.013082324201670095
TR-009644,TR-C00323,2024-12-26,0,3,clean_time_group_fixed,0.031935309324483435
TR-009667,TR-C00280,2024-12-26,0,3,clean_time_group_fixed,0.01832967468255329
TR-009957,TR-C00800,2024-12-26,0,3,clean_time_group_fixed,0.020683381643351605
TR-000910,TR-C05319,2024-12-27,0,3,clean_time_group_fixed,0.024750263084506643
TR-001183,TR-C04298,2024-12-27,0,3,clean_time_group_fixed,0.09930670347885848
TR-002383,TR-C05207,2024-12-27,0,3,clean_time_group_fixed,0.017749568281845866
TR-002571,TR-C06187,2024-12-27,0,3,clean_time_group_fixed,0.014261533069997348
TR-002602,TR-C01725,2024-12-27,0,3,clean_time_group_fixed,0.015936872712909975
TR-002630,TR-C04170,2024-12-27,0,3,clean_time_group_fixed,0.2166376252578061
TR-003529,TR-C04155,2024-12-27,0,3,clean_time_group_fixed,0.024921639041488884
TR-005303,TR-C04426,2024-12-27,0,3,clean_time_group_fixed,0.12327795089429466
TR-006525,TR-C05707,2024-12-27,0,3,clean_time_group_fixed,0.07905891867221919
TR-008716,TR-C04903,2024-12-27,0,3,clean_time_group_fixed,0.012077077950179873
TR-008804,TR-C02820,2024-12-27,0,3,clean_time_group_fixed,0.2123737570937177
TR-000445,TR-C01272,2024-12-28,0,3,clean_time_group_fixed,0.019284546651673482
TR-000657,TR-C04864,2024-12-28,0,3,clean_time_group_fixed,0.010431073554815847
TR-001247,TR-C03430,2024-12-28,0,3,clean_time_group_fixed,0.013169342986587894
TR-004016,TR-C05685,2024-12-28,0,3,clean_time_group_fixed,0.021549005411182053
TR-005265,TR-C04527,2024-12-28,0,3,clean_time_group_fixed,0.04633394557059058
TR-005322,TR-C02608,2024-12-28,0,3,clean_time_group_fixed,0.032940705114876935
TR-005567,TR-C00546,2024-12-28,0,3,clean_time_group_fixed,0.04758076627988779
TR-006906,TR-C04401,2024-12-28,0,3,clean_time_group_fixed,0.01901930384486746
TR-007626,TR-C06199,2024-12-28,0,3,clean_time_group_fixed,0.027688802988789677
TR-008675,TR-C02453,2024-12-28,0,3,clean_time_group_fixed,0.044858165402471784
TR-009027,TR-C05613,2024-12-28,0,3,clean_time_group_fixed,0.05259429780620434
TR-009258,TR-C05371,2024-12-28,0,3,clean_time_group_fixed,0.050219376679336306
TR-009649,TR-C02967,2024-12-28,1,3,clean_time_group_fixed,0.12055291373675435
TR-000578,TR-C00368,2024-12-29,0,3,clean_time_group_fixed,0.053111558779016
TR-002309,TR-C02776,2024-12-29,0,3,clean_time_group_fixed,0.040559180712722534
TR-003212,TR-C03529,2024-12-29,0,3,clean_time_group_fixed,0.021735227340195992
TR-003616,TR-C01705,2024-12-29,0,3,clean_time_group_fixed,0.02671577410328832
TR-005670,TR-C00572,2024-12-29,0,3,clean_time_group_fixed,0.03222633157577365
TR-005692,TR-C04136,2024-12-29,0,3,clean_time_group_fixed,0.05784877253731152
TR-006007,TR-C05690,2024-12-29,0,3,clean_time_group_fixed,0.02753658567106744
TR-007686,TR-C00514,2024-12-29,0,3,clean_time_group_fixed,0.10028632704380752
TR-009179,TR-C03390,2024-12-29,0,3,clean_time_group_fixed,0.03494768353131296
TR-009501,TR-C01395,2024-12-29,0,3,clean_time_group_fixed,0.02210467834837955
TR-001438,TR-C00983,2024-12-30,0,3,clean_time_group_fixed,0.017062214943201467
TR-002073,TR-C05159,2024-12-30,1,3,clean_time_group_fixed,0.5260141542034638
TR-005021,TR-C04599,2024-12-30,0,3,clean_time_group_fixed,0.023166696295376814
TR-005791,TR-C00251,2024-12-30,0,3,clean_time_group_fixed,0.026819397354340684
TR-006916,TR-C03618,2024-12-30,0,3,clean_time_group_fixed,0.018848869878619307
TR-000251,TR-C01382,2024-12-31,0,3,clean_time_group_fixed,0.01982038916521234
TR-002906,TR-C01347,2024-12-31,0,3,clean_time_group_fixed,0.06462390920094474
TR-003861,TR-C05398,2024-12-31,0,3,clean_time_group_fixed,0.020944728605257923
TR-004412,TR-C03084,2024-12-31,0,3,clean_time_group_fixed,0.1423276055425255
TR-004453,TR-C01245,2024-12-31,0,3,clean_time_group_fixed,0.012159034742938248
TR-007585,TR-C03378,2024-12-31,0,3,clean_time_group_fixed,0.0303350544585811
TR-008027,TR-C05584,2024-12-31,0,3,clean_time_group_fixed,0.028949686061331192
TR-001903,TR-C02246,2023-07-01,0,1,clean_time_group_tuned,0.03296732481916587
TR-002021,TR-C03907,2023-07-01,0,1,clean_time_group_tuned,0.09942471845885861
TR-003860,TR-C04324,2023-07-01,0,1,clean_time_group_tuned,0.02287103753403701
TR-005249,TR-C05132,2023-07-01,0,1,clean_time_group_tuned,0.03280490326658909
TR-006221,TR-C03560,2023-07-01,0,1,clean_time_group_tuned,0.028668910611243655
TR-007007,TR-C04158,2023-07-01,0,1,clean_time_group_tuned,0.03418148718306002
TR-007021,TR-C03401,2023-07-01,0,1,clean_time_group_tuned,0.02458553034554988
TR-008965,TR-C01587,2023-07-01,0,1,clean_time_group_tuned,0.09367960615273395
TR-009295,TR-C02342,2023-07-01,0,1,clean_time_group_tuned,0.10222180513606922
TR-009443,TR-C02589,2023-07-01,0,1,clean_time_group_tuned,0.021445863782562014
TR-004269,TR-C04399,2023-07-02,0,1,clean_time_group_tuned,0.013339603140803957
TR-006329,TR-C04382,2023-07-02,0,1,clean_time_group_tuned,0.019706265767876593
TR-007909,TR-C05084,2023-07-02,0,1,clean_time_group_tuned,0.02274750912328047
TR-008646,TR-C02610,2023-07-02,0,1,clean_time_group_tuned,0.022730997150142148
TR-009312,TR-C05046,2023-07-02,0,1,clean_time_group_tuned,0.024529623191271523
TR-001014,TR-C04398,2023-07-03,0,1,clean_time_group_tuned,0.18688711263884158
TR-001238,TR-C01823,2023-07-03,0,1,clean_time_group_tuned,0.0685835453615795
TR-002173,TR-C00902,2023-07-03,0,1,clean_time_group_tuned,0.027925953710849293
TR-003372,TR-C03363,2023-07-03,0,1,clean_time_group_tuned,0.02942322780643062
TR-004614,TR-C04421,2023-07-03,0,1,clean_time_group_tuned,0.026774064309476056
TR-006729,TR-C02655,2023-07-03,0,1,clean_time_group_tuned,0.06160307301942986
TR-006755,TR-C01933,2023-07-03,0,1,clean_time_group_tuned,0.08266644949126689
TR-007516,TR-C04832,2023-07-03,0,1,clean_time_group_tuned,0.02903443171444261
TR-008430,TR-C04956,2023-07-03,0,1,clean_time_group_tuned,0.023943399377651234
TR-000202,TR-C05833,2023-07-04,0,1,clean_time_group_tuned,0.07494664011703141
TR-000239,TR-C04200,2023-07-04,0,1,clean_time_group_tuned,0.042280419567241205
TR-000423,TR-C06198,2023-07-04,0,1,clean_time_group_tuned,0.0225809890570525
TR-001687,TR-C05008,2023-07-04,0,1,clean_time_group_tuned,0.030511418993726697
TR-002446,TR-C02380,2023-07-04,0,1,clean_time_group_tuned,0.031154580796905734
TR-003336,TR-C00106,2023-07-04,0,1,clean_time_group_tuned,0.09224329075447105
TR-004012,TR-C00530,2023-07-04,0,1,clean_time_group_tuned,0.11003766197312755
TR-006247,TR-C00702,2023-07-04,0,1,clean_time_group_tuned,0.027697824640200503
TR-006303,TR-C05642,2023-07-04,0,1,clean_time_group_tuned,0.03863123572327531
TR-006633,TR-C05691,2023-07-04,0,1,clean_time_group_tuned,0.17129996713626403
TR-006741,TR-C00181,2023-07-04,0,1,clean_time_group_tuned,0.05821568652312932
TR-006758,TR-C05993,2023-07-04,0,1,clean_time_group_tuned,0.06951610721560456
TR-008683,TR-C01298,2023-07-04,0,1,clean_time_group_tuned,0.0690373321969715
TR-009495,TR-C02702,2023-07-04,0,1,clean_time_group_tuned,0.153793743038185
TR-001254,TR-C02499,2023-07-05,0,1,clean_time_group_tuned,0.046460289028506796
TR-002479,TR-C01210,2023-07-05,0,1,clean_time_group_tuned,0.014305948697112835
TR-003394,TR-C05109,2023-07-05,0,1,clean_time_group_tuned,0.023673591815584913
TR-003792,TR-C04454,2023-07-05,0,1,clean_time_group_tuned,0.01662195706895386
TR-004352,TR-C03014,2023-07-05,0,1,clean_time_group_tuned,0.12052333056911488
TR-005927,TR-C00642,2023-07-05,0,1,clean_time_group_tuned,0.03351314250440579
TR-006167,TR-C05565,2023-07-05,1,1,clean_time_group_tuned,0.08657401569561712
TR-007092,TR-C05200,2023-07-05,0,1,clean_time_group_tuned,0.04869929078159078
TR-008635,TR-C02010,2023-07-05,1,1,clean_time_group_tuned,0.03759918564131062
TR-009079,TR-C02479,2023-07-05,0,1,clean_time_group_tuned,0.0372842520904147
TR-009571,TR-C00984,2023-07-05,0,1,clean_time_group_tuned,0.027841197230749286
TR-002708,TR-C02775,2023-07-06,0,1,clean_time_group_tuned,0.016748087626181216
TR-002837,TR-C04079,2023-07-06,0,1,clean_time_group_tuned,0.061986338596254735
TR-002966,TR-C03303,2023-07-06,0,1,clean_time_group_tuned,0.02989296243371704
TR-002996,TR-C01351,2023-07-06,0,1,clean_time_group_tuned,0.02210986163508863
TR-003825,TR-C01987,2023-07-06,0,1,clean_time_group_tuned,0.04327380144088289
TR-006551,TR-C01755,2023-07-06,0,1,clean_time_group_tuned,0.023629176966155546
TR-007278,TR-C03702,2023-07-06,1,1,clean_time_group_tuned,0.5083353613915753
TR-007378,TR-C03511,2023-07-06,0,1,clean_time_group_tuned,0.44058695617275934
TR-009554,TR-C03454,2023-07-06,0,1,clean_time_group_tuned,0.03015597127336842
TR-009908,TR-C03358,2023-07-06,0,1,clean_time_group_tuned,0.08335639134987519
TR-000294,TR-C06045,2023-07-07,0,1,clean_time_group_tuned,0.019496171406553305
TR-000384,TR-C05070,2023-07-07,0,1,clean_time_group_tuned,0.029033586600182747
TR-003281,TR-C02917,2023-07-07,0,1,clean_time_group_tuned,0.02044972863889171
TR-003401,TR-C04397,2023-07-07,0,1,clean_time_group_tuned,0.25058052502561023
TR-004268,TR-C03494,2023-07-07,1,1,clean_time_group_tuned,0.24517346029043732
TR-004572,TR-C06151,2023-07-07,0,1,clean_time_group_tuned,0.01888190466782409
TR-005046,TR-C05035,2023-07-07,0,1,clean_time_group_tuned,0.044939773548444986
TR-005473,TR-C06434,2023-07-07,0,1,clean_time_group_tuned,0.039746298880786186
TR-007542,TR-C03162,2023-07-07,0,1,clean_time_group_tuned,0.021879482665772696
TR-007632,TR-C03132,2023-07-07,0,1,clean_time_group_tuned,0.07195815080228737
TR-007834,TR-C06019,2023-07-07,0,1,clean_time_group_tuned,0.021439989515598994
TR-007837,TR-C02012,2023-07-07,0,1,clean_time_group_tuned,0.015521209330760361
TR-008090,TR-C05941,2023-07-07,0,1,clean_time_group_tuned,0.045084315450401875
TR-008714,TR-C02512,2023-07-07,0,1,clean_time_group_tuned,0.01913575520162806
TR-009031,TR-C05840,2023-07-07,0,1,clean_time_group_tuned,0.24167377789018482
TR-000741,TR-C05570,2023-07-08,0,1,clean_time_group_tuned,0.036523102325087625
TR-002863,TR-C04185,2023-07-08,0,1,clean_time_group_tuned,0.16684976696735423
TR-003561,TR-C00834,2023-07-08,0,1,clean_time_group_tuned,0.07026671904704296
TR-004054,TR-C02035,2023-07-08,0,1,clean_time_group_tuned,0.03898000104925719
TR-004508,TR-C04706,2023-07-08,0,1,clean_time_group_tuned,0.012108879025469924
TR-005138,TR-C01999,2023-07-08,0,1,clean_time_group_tuned,0.031056274889842653
TR-006533,TR-C05585,2023-07-08,0,1,clean_time_group_tuned,0.10836352781173116
TR-007479,TR-C03321,2023-07-08,0,1,clean_time_group_tuned,0.01901486807050364
TR-008903,TR-C01385,2023-07-08,0,1,clean_time_group_tuned,0.04474516023851395
TR-009283,TR-C01307,2023-07-08,0,1,clean_time_group_tuned,0.04154408915411336
TR-009530,TR-C02613,2023-07-08,0,1,clean_time_group_tuned,0.017823982218097053
TR-009864,TR-C03296,2023-07-08,0,1,clean_time_group_tuned,0.15339273268029582
TR-000633,TR-C00771,2023-07-09,1,1,clean_time_group_tuned,0.1141711418678717
TR-001713,TR-C05921,2023-07-09,0,1,clean_time_group_tuned,0.09869682628250133
TR-001848,TR-C01979,2023-07-09,0,1,clean_time_group_tuned,0.05075865329827861
TR-001954,TR-C05186,2023-07-09,0,1,clean_time_group_tuned,0.3075251745228118
TR-002099,TR-C04105,2023-07-09,0,1,clean_time_group_tuned,0.11485933893200381
TR-007345,TR-C04705,2023-07-09,0,1,clean_time_group_tuned,0.1480258840397583
TR-008384,TR-C01760,2023-07-09,1,1,clean_time_group_tuned,0.12287043002893572
TR-009260,TR-C05706,2023-07-09,0,1,clean_time_group_tuned,0.052325643534893815
TR-001332,TR-C05856,2023-07-10,0,1,clean_time_group_tuned,0.1471215488279246
TR-002212,TR-C03579,2023-07-10,0,1,clean_time_group_tuned,0.016620351871408538
TR-002362,TR-C06106,2023-07-10,0,1,clean_time_group_tuned,0.02634139337663387
TR-003630,TR-C02574,2023-07-10,0,1,clean_time_group_tuned,0.012346582008992477
TR-003922,TR-C00675,2023-07-10,0,1,clean_time_group_tuned,0.12899171227259157
TR-004109,TR-C06159,2023-07-10,0,1,clean_time_group_tuned,0.01825829366899697
TR-008435,TR-C01313,2023-07-10,0,1,clean_time_group_tuned,0.0492620299781342
TR-008501,TR-C00396,2023-07-10,0,1,clean_time_group_tuned,0.01458247029175615
TR-000093,TR-C05355,2023-07-11,0,1,clean_time_group_tuned,0.030862644138425738
TR-000630,TR-C01534,2023-07-11,0,1,clean_time_group_tuned,0.1144415734846889
TR-002944,TR-C03741,2023-07-11,0,1,clean_time_group_tuned,0.025029342430435045
TR-003783,TR-C02531,2023-07-11,0,1,clean_time_group_tuned,0.03129084518082967
TR-004318,TR-C03037,2023-07-11,0,1,clean_time_group_tuned,0.026875044435591067
TR-004900,TR-C04869,2023-07-11,0,1,clean_time_group_tuned,0.06851498759119537
TR-005145,TR-C01330,2023-07-11,0,1,clean_time_group_tuned,0.11890760366870201
TR-006583,TR-C01525,2023-07-11,0,1,clean_time_group_tuned,0.024622964740677086
TR-006700,TR-C01199,2023-07-11,0,1,clean_time_group_tuned,0.036734383313795305
TR-007992,TR-C02700,2023-07-11,0,1,clean_time_group_tuned,0.13812817123811494
TR-008108,TR-C02046,2023-07-11,0,1,clean_time_group_tuned,0.07063896724502891
TR-008389,TR-C05778,2023-07-11,0,1,clean_time_group_tuned,0.016030425056784776
TR-000233,TR-C05592,2023-07-12,0,1,clean_time_group_tuned,0.02912239376962376
TR-000437,TR-C03045,2023-07-12,0,1,clean_time_group_tuned,0.03162070761187645
TR-001392,TR-C04847,2023-07-12,0,1,clean_time_group_tuned,0.025389924908840684
TR-001884,TR-C01755,2023-07-12,0,1,clean_time_group_tuned,0.028881503190845103
TR-002104,TR-C05789,2023-07-12,0,1,clean_time_group_tuned,0.01805789184693066
TR-003924,TR-C01288,2023-07-12,0,1,clean_time_group_tuned,0.0828171858075755
TR-004236,TR-C04318,2023-07-12,0,1,clean_time_group_tuned,0.024037266015551385
TR-005909,TR-C02410,2023-07-12,0,1,clean_time_group_tuned,0.0162541956778075
TR-006508,TR-C04409,2023-07-12,0,1,clean_time_group_tuned,0.10243571950381962
TR-008312,TR-C03901,2023-07-12,0,1,clean_time_group_tuned,0.03396701561569231
TR-008977,TR-C01734,2023-07-12,0,1,clean_time_group_tuned,0.08371165457475269
TR-009139,TR-C02800,2023-07-12,0,1,clean_time_group_tuned,0.015759160666757557
TR-009195,TR-C02302,2023-07-12,0,1,clean_time_group_tuned,0.01272215808967865
TR-000407,TR-C01507,2023-07-13,0,1,clean_time_group_tuned,0.028484786983971805
TR-000409,TR-C05057,2023-07-13,0,1,clean_time_group_tuned,0.149291710454124
TR-006240,TR-C03866,2023-07-13,0,1,clean_time_group_tuned,0.18018554637351097
TR-007359,TR-C05624,2023-07-13,0,1,clean_time_group_tuned,0.07224488161149188
TR-007700,TR-C03800,2023-07-13,0,1,clean_time_group_tuned,0.023306505281712336
TR-007792,TR-C05067,2023-07-13,0,1,clean_time_group_tuned,0.24436548528197952
TR-009834,TR-C02972,2023-07-13,0,1,clean_time_group_tuned,0.042800100573707756
TR-000110,TR-C01913,2023-07-14,0,1,clean_time_group_tuned,0.025167413969138346
TR-001753,TR-C04736,2023-07-14,0,1,clean_time_group_tuned,0.040668902923889784
TR-003098,TR-C00448,2023-07-14,0,1,clean_time_group_tuned,0.3068709417711996
TR-003158,TR-C00142,2023-07-14,0,1,clean_time_group_tuned,0.04714132474226544
TR-004349,TR-C01586,2023-07-14,1,1,clean_time_group_tuned,0.1459417567175789
TR-004717,TR-C04730,2023-07-14,0,1,clean_time_group_tuned,0.042487559358238065
TR-007302,TR-C01544,2023-07-14,1,1,clean_time_group_tuned,0.6455920243633427
TR-008574,TR-C06216,2023-07-14,0,1,clean_time_group_tuned,0.0550100651364939
TR-008829,TR-C01694,2023-07-14,0,1,clean_time_group_tuned,0.04357775435998789
TR-000203,TR-C00086,2023-07-15,0,1,clean_time_group_tuned,0.015932180098776803
TR-000614,TR-C01492,2023-07-15,1,1,clean_time_group_tuned,0.6376132327099285
TR-000665,TR-C01407,2023-07-15,0,1,clean_time_group_tuned,0.05840691039378356
TR-001034,TR-C01888,2023-07-15,0,1,clean_time_group_tuned,0.20739047714698358
TR-002127,TR-C00580,2023-07-15,0,1,clean_time_group_tuned,0.030302584672453975
TR-003902,TR-C04827,2023-07-15,0,1,clean_time_group_tuned,0.09556364105949151
TR-004953,TR-C00673,2023-07-15,0,1,clean_time_group_tuned,0.015862423095385315
TR-006481,TR-C05986,2023-07-15,0,1,clean_time_group_tuned,0.029927340362263563
TR-007667,TR-C06419,2023-07-15,0,1,clean_time_group_tuned,0.0342718573190054
TR-007891,TR-C04314,2023-07-15,0,1,clean_time_group_tuned,0.012994004625670819
TR-008020,TR-C01737,2023-07-15,0,1,clean_time_group_tuned,0.09897432128898431
TR-008191,TR-C05461,2023-07-15,0,1,clean_time_group_tuned,0.027170816347155083
TR-008632,TR-C02562,2023-07-15,0,1,clean_time_group_tuned,0.12351019848780334
TR-000368,TR-C05891,2023-07-16,0,1,clean_time_group_tuned,0.06571726513553072
TR-000464,TR-C01788,2023-07-16,0,1,clean_time_group_tuned,0.02674807749504804
TR-001187,TR-C03440,2023-07-16,0,1,clean_time_group_tuned,0.07905594289435398
TR-001286,TR-C00688,2023-07-16,0,1,clean_time_group_tuned,0.04905093495066043
TR-003232,TR-C01378,2023-07-16,0,1,clean_time_group_tuned,0.015254571760408323
TR-003994,TR-C05524,2023-07-16,0,1,clean_time_group_tuned,0.0671663400060431
TR-004229,TR-C01838,2023-07-16,0,1,clean_time_group_tuned,0.0494502230507391
TR-005395,TR-C00551,2023-07-16,0,1,clean_time_group_tuned,0.133627277124909
TR-005548,TR-C03348,2023-07-16,0,1,clean_time_group_tuned,0.040627170241377304
TR-006186,TR-C00708,2023-07-16,0,1,clean_time_group_tuned,0.03477329779414617
TR-008647,TR-C00559,2023-07-16,0,1,clean_time_group_tuned,0.04428659712342265
TR-009043,TR-C04750,2023-07-16,0,1,clean_time_group_tuned,0.08077425632827254
TR-009859,TR-C00020,2023-07-16,0,1,clean_time_group_tuned,0.11822820627171447
TR-000111,TR-C00441,2023-07-17,0,1,clean_time_group_tuned,0.06352378554800625
TR-005043,TR-C06214,2023-07-17,0,1,clean_time_group_tuned,0.02051123751335146
TR-005199,TR-C06356,2023-07-17,0,1,clean_time_group_tuned,0.036140498488242453
TR-006162,TR-C03855,2023-07-17,0,1,clean_time_group_tuned,0.05272497500601341
TR-007451,TR-C01982,2023-07-17,0,1,clean_time_group_tuned,0.03601758528558935
TR-007489,TR-C04235,2023-07-17,0,1,clean_time_group_tuned,0.0454595756872902
TR-007908,TR-C03640,2023-07-17,0,1,clean_time_group_tuned,0.06971687183499543
TR-008767,TR-C04409,2023-07-17,0,1,clean_time_group_tuned,0.05266765505736962
TR-004385,TR-C03274,2023-07-18,0,1,clean_time_group_tuned,0.10780428409784794
TR-004478,TR-C03581,2023-07-18,0,1,clean_time_group_tuned,0.039400405179611235
TR-005780,TR-C01247,2023-07-18,0,1,clean_time_group_tuned,0.08404086388061154
TR-001413,TR-C01682,2023-07-19,0,1,clean_time_group_tuned,0.06175670129479687
TR-004842,TR-C00922,2023-07-19,0,1,clean_time_group_tuned,0.01598646537859267
TR-005856,TR-C02466,2023-07-19,0,1,clean_time_group_tuned,0.021104210252350757
TR-007580,TR-C02797,2023-07-19,0,1,clean_time_group_tuned,0.038032066306620885
TR-008865,TR-C01535,2023-07-19,0,1,clean_time_group_tuned,0.15972036719134786
TR-009037,TR-C03501,2023-07-19,0,1,clean_time_group_tuned,0.01472763956347008
TR-009357,TR-C02422,2023-07-19,0,1,clean_time_group_tuned,0.17223699536605197
TR-009476,TR-C03995,2023-07-19,0,1,clean_time_group_tuned,0.058444749015204425
TR-001529,TR-C02571,2023-07-20,0,1,clean_time_group_tuned,0.012304417904111877
TR-003533,TR-C01351,2023-07-20,0,1,clean_time_group_tuned,0.03116475831864954
TR-005832,TR-C02505,2023-07-20,0,1,clean_time_group_tuned,0.07131404871359198
TR-006698,TR-C02354,2023-07-20,0,1,clean_time_group_tuned,0.025023308122102454
TR-007603,TR-C02520,2023-07-20,0,1,clean_time_group_tuned,0.03325399503610749
TR-009441,TR-C00526,2023-07-20,0,1,clean_time_group_tuned,0.020321746605016337
TR-000323,TR-C06017,2023-07-21,0,1,clean_time_group_tuned,0.05307078379172088
TR-000461,TR-C01996,2023-07-21,0,1,clean_time_group_tuned,0.02058891579472159
TR-000606,TR-C05652,2023-07-21,0,1,clean_time_group_tuned,0.06678033950339951
TR-001772,TR-C06074,2023-07-21,0,1,clean_time_group_tuned,0.020714730094241494
TR-002176,TR-C05536,2023-07-21,0,1,clean_time_group_tuned,0.03650588792548564
TR-002633,TR-C00299,2023-07-21,0,1,clean_time_group_tuned,0.07089704364186325
TR-002970,TR-C01862,2023-07-21,0,1,clean_time_group_tuned,0.4794738395741979
TR-003014,TR-C04861,2023-07-21,1,1,clean_time_group_tuned,0.4323248438879842
TR-005200,TR-C03415,2023-07-21,0,1,clean_time_group_tuned,0.039145756138796485
TR-005352,TR-C04533,2023-07-21,0,1,clean_time_group_tuned,0.14919256506173817
TR-006867,TR-C03068,2023-07-21,0,1,clean_time_group_tuned,0.02933429377863332
TR-008383,TR-C03038,2023-07-21,0,1,clean_time_group_tuned,0.05910201317469521
TR-009024,TR-C04030,2023-07-21,0,1,clean_time_group_tuned,0.05655449890323807
TR-009578,TR-C00525,2023-07-21,0,1,clean_time_group_tuned,0.01695088780653808
TR-001722,TR-C01061,2023-07-22,0,1,clean_time_group_tuned,0.06801185898398003
TR-004138,TR-C01177,2023-07-22,0,1,clean_time_group_tuned,0.16820019251643323
TR-005792,TR-C03954,2023-07-22,0,1,clean_time_group_tuned,0.039876178230499104
TR-006386,TR-C00292,2023-07-22,0,1,clean_time_group_tuned,0.04800577044777523
TR-006799,TR-C05892,2023-07-22,0,1,clean_time_group_tuned,0.06960917710885987
TR-007241,TR-C05095,2023-07-22,0,1,clean_time_group_tuned,0.0841065514283083
TR-002237,TR-C06396,2023-07-23,0,1,clean_time_group_tuned,0.060802901935175103
TR-003964,TR-C00764,2023-07-23,0,1,clean_time_group_tuned,0.056911724859867376
TR-007412,TR-C01502,2023-07-23,0,1,clean_time_group_tuned,0.033046294681973655
TR-009289,TR-C01812,2023-07-23,1,1,clean_time_group_tuned,0.03232622398471331
TR-000322,TR-C02810,2023-07-24,0,1,clean_time_group_tuned,0.08668984702453789
TR-002234,TR-C04962,2023-07-24,0,1,clean_time_group_tuned,0.01626883408545795
TR-002627,TR-C06038,2023-07-24,0,1,clean_time_group_tuned,0.03435324716819894
TR-009436,TR-C06443,2023-07-24,1,1,clean_time_group_tuned,0.02932103774607601
TR-009510,TR-C02879,2023-07-24,0,1,clean_time_group_tuned,0.21420696336336922
TR-000402,TR-C01441,2023-07-25,0,1,clean_time_group_tuned,0.04782292811697258
TR-000804,TR-C05462,2023-07-25,0,1,clean_time_group_tuned,0.07167685932285695
TR-002873,TR-C00033,2023-07-25,1,1,clean_time_group_tuned,0.44746140942561535
TR-004005,TR-C05761,2023-07-25,0,1,clean_time_group_tuned,0.030376054058699878
TR-004694,TR-C01691,2023-07-25,0,1,clean_time_group_tuned,0.1330097260248498
TR-004762,TR-C00921,2023-07-25,0,1,clean_time_group_tuned,0.02508612976812818
TR-005223,TR-C01561,2023-07-25,0,1,clean_time_group_tuned,0.015131091060452304
TR-005483,TR-C05024,2023-07-25,0,1,clean_time_group_tuned,0.01996916943517793
TR-005788,TR-C00768,2023-07-25,1,1,clean_time_group_tuned,0.0932379896664049
TR-006979,TR-C01358,2023-07-25,0,1,clean_time_group_tuned,0.030567215951643547
TR-008650,TR-C00279,2023-07-25,0,1,clean_time_group_tuned,0.03053056022654394
TR-008835,TR-C04253,2023-07-25,0,1,clean_time_group_tuned,0.027157380810160912
TR-008859,TR-C04816,2023-07-25,0,1,clean_time_group_tuned,0.17542249767638615
TR-009488,TR-C00305,2023-07-25,0,1,clean_time_group_tuned,0.023967531567973318
TR-000519,TR-C01414,2023-07-26,0,1,clean_time_group_tuned,0.10743440242720644
TR-000995,TR-C01444,2023-07-26,0,1,clean_time_group_tuned,0.07389258857721258
TR-001053,TR-C03276,2023-07-26,0,1,clean_time_group_tuned,0.46752624291103756
TR-001569,TR-C01311,2023-07-26,0,1,clean_time_group_tuned,0.027427913980604797
TR-002185,TR-C01356,2023-07-26,0,1,clean_time_group_tuned,0.09437085387880864
TR-005269,TR-C05276,2023-07-26,0,1,clean_time_group_tuned,0.1215050408707801
TR-005289,TR-C01376,2023-07-26,0,1,clean_time_group_tuned,0.020584842202656634
TR-006331,TR-C06101,2023-07-26,0,1,clean_time_group_tuned,0.053036637114735885
TR-006452,TR-C02210,2023-07-26,0,1,clean_time_group_tuned,0.03533412660076369
TR-006593,TR-C05360,2023-07-26,0,1,clean_time_group_tuned,0.021239548307622008
TR-007455,TR-C00110,2023-07-26,0,1,clean_time_group_tuned,0.015114718524018453
TR-007877,TR-C03830,2023-07-26,0,1,clean_time_group_tuned,0.037780767044863
TR-009150,TR-C01850,2023-07-26,0,1,clean_time_group_tuned,0.020293714371333003
TR-001408,TR-C01696,2023-07-27,0,1,clean_time_group_tuned,0.01565019695427481
TR-002443,TR-C02117,2023-07-27,1,1,clean_time_group_tuned,0.04795173273717681
TR-003423,TR-C04293,2023-07-27,0,1,clean_time_group_tuned,0.1133823996864043
TR-004127,TR-C00212,2023-07-27,0,1,clean_time_group_tuned,0.04077120826346277
TR-004214,TR-C00266,2023-07-27,0,1,clean_time_group_tuned,0.026076655407150005
TR-005940,TR-C03272,2023-07-27,0,1,clean_time_group_tuned,0.016122851502105393
TR-006222,TR-C04755,2023-07-27,0,1,clean_time_group_tuned,0.24469022718878977
TR-006501,TR-C01583,2023-07-27,0,1,clean_time_group_tuned,0.026693280303434153
TR-009041,TR-C06383,2023-07-27,1,1,clean_time_group_tuned,0.7016650067348521
TR-009695,TR-C04939,2023-07-27,0,1,clean_time_group_tuned,0.07361138105168485
TR-001422,TR-C02311,2023-07-28,0,1,clean_time_group_tuned,0.017507973343471823
TR-002596,TR-C04398,2023-07-28,0,1,clean_time_group_tuned,0.021077255417385123
TR-002646,TR-C04084,2023-07-28,0,1,clean_time_group_tuned,0.0236476873610892
TR-008368,TR-C05663,2023-07-28,0,1,clean_time_group_tuned,0.02943935275797131
TR-009453,TR-C01706,2023-07-28,0,1,clean_time_group_tuned,0.061722156457649426
TR-009870,TR-C03159,2023-07-28,0,1,clean_time_group_tuned,0.03188141149458577
TR-009910,TR-C01966,2023-07-28,0,1,clean_time_group_tuned,0.07691475909204189
TR-001177,TR-C03482,2023-07-29,0,1,clean_time_group_tuned,0.06866750473275471
TR-002861,TR-C01267,2023-07-29,0,1,clean_time_group_tuned,0.6385608299003115
TR-004216,TR-C01490,2023-07-29,0,1,clean_time_group_tuned,0.019043597818804815
TR-004397,TR-C03956,2023-07-29,0,1,clean_time_group_tuned,0.04642635172737299
TR-008148,TR-C04062,2023-07-29,0,1,clean_time_group_tuned,0.20953269067366434
TR-000477,TR-C04732,2023-07-30,0,1,clean_time_group_tuned,0.02803373967577905
TR-001647,TR-C03917,2023-07-30,0,1,clean_time_group_tuned,0.02182210375544421
TR-002409,TR-C06156,2023-07-30,0,1,clean_time_group_tuned,0.09260363842472302
TR-002946,TR-C02838,2023-07-30,0,1,clean_time_group_tuned,0.019344826881736738
TR-005124,TR-C04470,2023-07-30,0,1,clean_time_group_tuned,0.0318256333215659
TR-006166,TR-C00312,2023-07-30,1,1,clean_time_group_tuned,0.22844912073132173
TR-006211,TR-C05496,2023-07-30,0,1,clean_time_group_tuned,0.017856836053296597
TR-006261,TR-C04206,2023-07-30,0,1,clean_time_group_tuned,0.03859973898045109
TR-006399,TR-C05566,2023-07-30,0,1,clean_time_group_tuned,0.18065170976112482
TR-006726,TR-C02497,2023-07-30,0,1,clean_time_group_tuned,0.024468474818795407
TR-007138,TR-C00718,2023-07-30,0,1,clean_time_group_tuned,0.01779251704067147
TR-009030,TR-C01829,2023-07-30,0,1,clean_time_group_tuned,0.01665268877915076
TR-009221,TR-C00350,2023-07-30,0,1,clean_time_group_tuned,0.01846017301207083
TR-000331,TR-C06433,2023-07-31,0,1,clean_time_group_tuned,0.03794220517001407
TR-000813,TR-C00182,2023-07-31,0,1,clean_time_group_tuned,0.10493728187234386
TR-001946,TR-C05779,2023-07-31,0,1,clean_time_group_tuned,0.039304251170817414
TR-003373,TR-C01740,2023-07-31,0,1,clean_time_group_tuned,0.029856101042479564
TR-003453,TR-C03513,2023-07-31,0,1,clean_time_group_tuned,0.033674778380109
TR-003686,TR-C06474,2023-07-31,0,1,clean_time_group_tuned,0.030601629316690238
TR-005187,TR-C03945,2023-07-31,0,1,clean_time_group_tuned,0.11718597405303295
TR-009852,TR-C02406,2023-07-31,0,1,clean_time_group_tuned,0.025936166261336227
TR-009973,TR-C02376,2023-07-31,0,1,clean_time_group_tuned,0.02525534660404055
TR-002768,TR-C04707,2023-08-01,0,1,clean_time_group_tuned,0.02298772299028866
TR-003403,TR-C04636,2023-08-01,0,1,clean_time_group_tuned,0.04263711525198192
TR-003568,TR-C06404,2023-08-01,0,1,clean_time_group_tuned,0.026422407213661396
TR-003766,TR-C05075,2023-08-01,0,1,clean_time_group_tuned,0.02224826399447262
TR-003812,TR-C02138,2023-08-01,0,1,clean_time_group_tuned,0.15811086472456967
TR-005038,TR-C00446,2023-08-01,0,1,clean_time_group_tuned,0.015218748540039472
TR-006823,TR-C00242,2023-08-01,0,1,clean_time_group_tuned,0.05355961712533239
TR-008492,TR-C00013,2023-08-01,0,1,clean_time_group_tuned,0.015137204566986258
TR-000107,TR-C06119,2023-08-02,0,1,clean_time_group_tuned,0.19113518761700676
TR-000261,TR-C05438,2023-08-02,0,1,clean_time_group_tuned,0.28838150924990347
TR-001936,TR-C05768,2023-08-02,0,1,clean_time_group_tuned,0.035429990923904885
TR-002732,TR-C00497,2023-08-02,0,1,clean_time_group_tuned,0.030096216922135058
TR-003213,TR-C00587,2023-08-02,0,1,clean_time_group_tuned,0.03237525775911438
TR-004792,TR-C03247,2023-08-02,0,1,clean_time_group_tuned,0.016034020325144643
TR-008674,TR-C01893,2023-08-02,0,1,clean_time_group_tuned,0.027721132391760724
TR-009959,TR-C00023,2023-08-02,0,1,clean_time_group_tuned,0.027147030420949934
TR-002419,TR-C02883,2023-08-03,0,1,clean_time_group_tuned,0.016356090502462096
TR-003974,TR-C04806,2023-08-03,0,1,clean_time_group_tuned,0.046813234759814734
TR-003983,TR-C04636,2023-08-03,0,1,clean_time_group_tuned,0.07225564302348872
TR-004818,TR-C05199,2023-08-03,0,1,clean_time_group_tuned,0.12166411949586613
TR-006681,TR-C01805,2023-08-03,0,1,clean_time_group_tuned,0.03764945934623031
TR-006793,TR-C00123,2023-08-03,0,1,clean_time_group_tuned,0.017590641036783667
TR-008330,TR-C03373,2023-08-03,1,1,clean_time_group_tuned,0.3105387595952658
TR-001245,TR-C04849,2023-08-04,0,1,clean_time_group_tuned,0.06681669383652275
TR-001278,TR-C01141,2023-08-04,0,1,clean_time_group_tuned,0.03270450151379218
TR-004631,TR-C03407,2023-08-04,0,1,clean_time_group_tuned,0.03614297230780325
TR-005045,TR-C05595,2023-08-04,0,1,clean_time_group_tuned,0.049900959364876554
TR-007530,TR-C00604,2023-08-04,0,1,clean_time_group_tuned,0.21528114707613172
TR-009336,TR-C00864,2023-08-04,0,1,clean_time_group_tuned,0.03972117948829959
TR-009364,TR-C05723,2023-08-04,0,1,clean_time_group_tuned,0.042081649857791795
TR-009962,TR-C01997,2023-08-04,0,1,clean_time_group_tuned,0.03938109305762083
TR-009998,TR-C02918,2023-08-04,0,1,clean_time_group_tuned,0.019961061530246633
TR-000062,TR-C05733,2023-08-05,0,1,clean_time_group_tuned,0.025153999046001067
TR-001147,TR-C00678,2023-08-05,0,1,clean_time_group_tuned,0.017046694887829297
TR-001661,TR-C06074,2023-08-05,0,1,clean_time_group_tuned,0.027820998035277707
TR-004032,TR-C00902,2023-08-05,0,1,clean_time_group_tuned,0.06583000679798753
TR-004372,TR-C03998,2023-08-05,0,1,clean_time_group_tuned,0.026772821192194554
TR-004604,TR-C01613,2023-08-05,0,1,clean_time_group_tuned,0.02710081788335248
TR-004847,TR-C05792,2023-08-05,0,1,clean_time_group_tuned,0.018394691406344282
TR-006363,TR-C05086,2023-08-05,0,1,clean_time_group_tuned,0.01901128163037985
TR-006382,TR-C04199,2023-08-05,0,1,clean_time_group_tuned,0.017578257786697464
TR-006627,TR-C00432,2023-08-05,0,1,clean_time_group_tuned,0.020103734827010472
TR-009058,TR-C02800,2023-08-05,0,1,clean_time_group_tuned,0.0417894348737011
TR-000122,TR-C01083,2023-08-06,0,1,clean_time_group_tuned,0.055555914758990556
TR-001512,TR-C00374,2023-08-06,0,1,clean_time_group_tuned,0.059196121418548464
TR-002166,TR-C02007,2023-08-06,0,1,clean_time_group_tuned,0.14520168975003062
TR-002832,TR-C04223,2023-08-06,0,1,clean_time_group_tuned,0.02802759358650597
TR-003780,TR-C00838,2023-08-06,0,1,clean_time_group_tuned,0.04694376059474458
TR-004766,TR-C04190,2023-08-06,0,1,clean_time_group_tuned,0.028810517731187014
TR-006198,TR-C02604,2023-08-06,0,1,clean_time_group_tuned,0.018941975924454162
TR-007594,TR-C05781,2023-08-06,0,1,clean_time_group_tuned,0.13106837652381229
TR-007599,TR-C00316,2023-08-06,0,1,clean_time_group_tuned,0.04183746739096241
TR-008962,TR-C03579,2023-08-06,0,1,clean_time_group_tuned,0.01827957886732501
TR-009986,TR-C02755,2023-08-06,0,1,clean_time_group_tuned,0.03143546586039647
TR-000061,TR-C04926,2023-08-07,0,1,clean_time_group_tuned,0.06057091754613364
TR-000223,TR-C01815,2023-08-07,0,1,clean_time_group_tuned,0.13691688253639958
TR-000232,TR-C04538,2023-08-07,0,1,clean_time_group_tuned,0.021945222998673613
TR-000981,TR-C06489,2023-08-07,0,1,clean_time_group_tuned,0.056316173745978415
TR-002639,TR-C02476,2023-08-07,0,1,clean_time_group_tuned,0.022675393100698715
TR-005879,TR-C01981,2023-08-07,0,1,clean_time_group_tuned,0.0526000490762172
TR-006297,TR-C03628,2023-08-07,0,1,clean_time_group_tuned,0.015493816037978466
TR-007054,TR-C02775,2023-08-07,0,1,clean_time_group_tuned,0.01900863615398151
TR-000333,TR-C04302,2023-08-08,0,1,clean_time_group_tuned,0.03306861031686579
TR-000939,TR-C04402,2023-08-08,0,1,clean_time_group_tuned,0.06102073326089126
TR-002650,TR-C04757,2023-08-08,0,1,clean_time_group_tuned,0.015855963531355318
TR-004243,TR-C00583,2023-08-08,0,1,clean_time_group_tuned,0.18029196362999714
TR-004480,TR-C03033,2023-08-08,0,1,clean_time_group_tuned,0.01562730937502685
TR-005571,TR-C00550,2023-08-08,0,1,clean_time_group_tuned,0.021695602691874746
TR-007474,TR-C02875,2023-08-08,0,1,clean_time_group_tuned,0.04213904988094706
TR-008184,TR-C01954,2023-08-08,0,1,clean_time_group_tuned,0.08343858629942234
TR-009098,TR-C00735,2023-08-08,0,1,clean_time_group_tuned,0.02034119571647013
TR-009869,TR-C01109,2023-08-08,1,1,clean_time_group_tuned,0.06442996756367396
TR-004203,TR-C01868,2023-08-09,0,1,clean_time_group_tuned,0.037464389062734416
TR-004698,TR-C06178,2023-08-09,1,1,clean_time_group_tuned,0.13054492004943277
TR-006423,TR-C01526,2023-08-09,0,1,clean_time_group_tuned,0.026096521066006476
TR-006618,TR-C04008,2023-08-09,0,1,clean_time_group_tuned,0.3399477504374698
TR-006923,TR-C01086,2023-08-09,0,1,clean_time_group_tuned,0.02715226394323403
TR-009080,TR-C01650,2023-08-09,0,1,clean_time_group_tuned,0.02284326997226589
TR-000180,TR-C05190,2023-08-10,0,1,clean_time_group_tuned,0.24242006750444073
TR-008187,TR-C05151,2023-08-10,0,1,clean_time_group_tuned,0.03056459810502638
TR-008189,TR-C06286,2023-08-10,0,1,clean_time_group_tuned,0.04316692060901317
TR-009879,TR-C00175,2023-08-10,0,1,clean_time_group_tuned,0.029837102848604753
TR-002054,TR-C00477,2023-08-11,0,1,clean_time_group_tuned,0.2026113307867173
TR-003041,TR-C06102,2023-08-11,0,1,clean_time_group_tuned,0.03732584540169738
TR-004627,TR-C01118,2023-08-11,1,1,clean_time_group_tuned,0.04175653067875885
TR-004715,TR-C06236,2023-08-11,0,1,clean_time_group_tuned,0.02101004474521227
TR-005047,TR-C01618,2023-08-11,0,1,clean_time_group_tuned,0.05746554536637818
TR-006652,TR-C03596,2023-08-11,0,1,clean_time_group_tuned,0.026651018032137416
TR-006914,TR-C05168,2023-08-11,0,1,clean_time_group_tuned,0.1587861383110627
TR-006933,TR-C01036,2023-08-11,0,1,clean_time_group_tuned,0.11085222949456781
TR-007184,TR-C03610,2023-08-11,0,1,clean_time_group_tuned,0.012268652564081712
TR-009344,TR-C00643,2023-08-11,0,1,clean_time_group_tuned,0.01241967572937709
TR-009861,TR-C01198,2023-08-11,0,1,clean_time_group_tuned,0.04219586090094109
TR-009892,TR-C00764,2023-08-11,0,1,clean_time_group_tuned,0.021326098583598567
TR-002816,TR-C01261,2023-08-12,0,1,clean_time_group_tuned,0.2415168634475373
TR-004087,TR-C00786,2023-08-12,0,1,clean_time_group_tuned,0.0357879472470589
TR-005076,TR-C01559,2023-08-12,0,1,clean_time_group_tuned,0.03393901589509768
TR-002471,TR-C00599,2023-08-13,0,1,clean_time_group_tuned,0.03372322776339477
TR-003452,TR-C05290,2023-08-13,1,1,clean_time_group_tuned,0.02135563154195407
TR-003526,TR-C00114,2023-08-13,0,1,clean_time_group_tuned,0.13685345746857733
TR-003687,TR-C04302,2023-08-13,0,1,clean_time_group_tuned,0.2614582984518623
TR-004365,TR-C03012,2023-08-13,0,1,clean_time_group_tuned,0.04408292442620731
TR-004586,TR-C02930,2023-08-13,0,1,clean_time_group_tuned,0.022471554817028234
TR-005986,TR-C03009,2023-08-13,1,1,clean_time_group_tuned,0.41107097119612224
TR-008648,TR-C02222,2023-08-13,0,1,clean_time_group_tuned,0.021641953745485422
TR-000193,TR-C01082,2023-08-14,0,1,clean_time_group_tuned,0.08645249766396396
TR-000747,TR-C00916,2023-08-14,0,1,clean_time_group_tuned,0.06796369481771697
TR-000769,TR-C01368,2023-08-14,0,1,clean_time_group_tuned,0.01671517445122557
TR-000843,TR-C01456,2023-08-14,0,1,clean_time_group_tuned,0.02708413399348732
TR-001186,TR-C00827,2023-08-14,0,1,clean_time_group_tuned,0.09052624166700857
TR-003885,TR-C01432,2023-08-14,0,1,clean_time_group_tuned,0.07126406392289535
TR-007297,TR-C06471,2023-08-14,0,1,clean_time_group_tuned,0.039396559522659275
TR-009575,TR-C06435,2023-08-14,0,1,clean_time_group_tuned,0.018981848409830266
TR-000248,TR-C04846,2023-08-15,0,1,clean_time_group_tuned,0.05151394286599581
TR-000255,TR-C06431,2023-08-15,0,1,clean_time_group_tuned,0.09655973825705554
TR-001863,TR-C02968,2023-08-15,0,1,clean_time_group_tuned,0.0395963684475909
TR-002179,TR-C00112,2023-08-15,0,1,clean_time_group_tuned,0.022463433207435095
TR-003468,TR-C03614,2023-08-15,0,1,clean_time_group_tuned,0.0179903270899964
TR-003953,TR-C02155,2023-08-15,1,1,clean_time_group_tuned,0.059519878126695465
TR-004120,TR-C01492,2023-08-15,1,1,clean_time_group_tuned,0.31927529657025955
TR-006794,TR-C01075,2023-08-15,0,1,clean_time_group_tuned,0.2638166491589711
TR-009555,TR-C05342,2023-08-15,0,1,clean_time_group_tuned,0.12578520405174629
TR-000709,TR-C01287,2023-08-16,0,1,clean_time_group_tuned,0.10861663602669835
TR-000812,TR-C00369,2023-08-16,0,1,clean_time_group_tuned,0.04370164847690308
TR-001358,TR-C05690,2023-08-16,0,1,clean_time_group_tuned,0.03444659764129079
TR-001444,TR-C00868,2023-08-16,0,1,clean_time_group_tuned,0.3059805423478491
TR-001906,TR-C02736,2023-08-16,0,1,clean_time_group_tuned,0.028886934369492172
TR-003314,TR-C04858,2023-08-16,0,1,clean_time_group_tuned,0.03060451787951916
TR-004885,TR-C03902,2023-08-16,0,1,clean_time_group_tuned,0.017689018725738893
TR-005520,TR-C02719,2023-08-16,0,1,clean_time_group_tuned,0.026034018887219585
TR-008758,TR-C01665,2023-08-16,0,1,clean_time_group_tuned,0.02338969408262341
TR-000599,TR-C02453,2023-08-17,0,1,clean_time_group_tuned,0.032281812410968225
TR-000983,TR-C04238,2023-08-17,0,1,clean_time_group_tuned,0.3013025105369151
TR-002957,TR-C04321,2023-08-17,1,1,clean_time_group_tuned,0.6083099026102552
TR-003093,TR-C04566,2023-08-17,0,1,clean_time_group_tuned,0.03493304006679316
TR-004175,TR-C03306,2023-08-17,0,1,clean_time_group_tuned,0.06127235854872394
TR-004232,TR-C02893,2023-08-17,0,1,clean_time_group_tuned,0.026283683875113494
TR-005382,TR-C00361,2023-08-17,0,1,clean_time_group_tuned,0.056439039504354346
TR-005930,TR-C04658,2023-08-17,0,1,clean_time_group_tuned,0.018393617509075245
TR-007653,TR-C04600,2023-08-17,0,1,clean_time_group_tuned,0.029730035716980463
TR-007986,TR-C01287,2023-08-17,0,1,clean_time_group_tuned,0.025002933337643377
TR-008245,TR-C04147,2023-08-17,0,1,clean_time_group_tuned,0.07806006175853702
TR-008547,TR-C06450,2023-08-17,0,1,clean_time_group_tuned,0.02633109145100539
TR-009343,TR-C04649,2023-08-17,0,1,clean_time_group_tuned,0.03477319255471512
TR-009820,TR-C00434,2023-08-17,0,1,clean_time_group_tuned,0.014281871279858936
TR-005420,TR-C00844,2023-08-18,0,1,clean_time_group_tuned,0.030537616043194073
TR-006556,TR-C02035,2023-08-18,1,1,clean_time_group_tuned,0.2077920498126324
TR-008342,TR-C04155,2023-08-18,1,1,clean_time_group_tuned,0.11883786637713446
TR-009130,TR-C01583,2023-08-18,0,1,clean_time_group_tuned,0.0444995297758578
TR-001861,TR-C03667,2023-08-19,0,1,clean_time_group_tuned,0.02505624631569517
TR-003579,TR-C05074,2023-08-19,0,1,clean_time_group_tuned,0.014869308522523645
TR-004854,TR-C00502,2023-08-19,0,1,clean_time_group_tuned,0.3777746689688218
TR-004959,TR-C05662,2023-08-19,0,1,clean_time_group_tuned,0.013656939726151158
TR-005263,TR-C00033,2023-08-19,0,1,clean_time_group_tuned,0.06733366744060355
TR-009142,TR-C04233,2023-08-19,0,1,clean_time_group_tuned,0.1967501483464126
TR-009420,TR-C01424,2023-08-19,0,1,clean_time_group_tuned,0.10881821611753856
TR-009821,TR-C04722,2023-08-19,0,1,clean_time_group_tuned,0.03637439388558574
TR-000292,TR-C06003,2023-08-20,0,1,clean_time_group_tuned,0.03200915424000776
TR-000646,TR-C01082,2023-08-20,0,1,clean_time_group_tuned,0.18149288607497577
TR-003651,TR-C05614,2023-08-20,0,1,clean_time_group_tuned,0.12171802412125421
TR-004146,TR-C00767,2023-08-20,1,1,clean_time_group_tuned,0.1397771848020484
TR-005041,TR-C02460,2023-08-20,0,1,clean_time_group_tuned,0.020932575142317153
TR-005608,TR-C05282,2023-08-20,1,1,clean_time_group_tuned,0.5761681479321312
TR-001060,TR-C01371,2023-08-21,0,1,clean_time_group_tuned,0.021428865292890224
TR-001616,TR-C01797,2023-08-21,0,1,clean_time_group_tuned,0.12468351430273034
TR-002637,TR-C01880,2023-08-21,0,1,clean_time_group_tuned,0.057810783039653924
TR-003797,TR-C05515,2023-08-21,0,1,clean_time_group_tuned,0.060384996263559906
TR-004156,TR-C05787,2023-08-21,0,1,clean_time_group_tuned,0.02574575803098028
TR-005194,TR-C05772,2023-08-21,0,1,clean_time_group_tuned,0.08590320063055226
TR-005508,TR-C02838,2023-08-21,0,1,clean_time_group_tuned,0.022099109730530433
TR-005891,TR-C02243,2023-08-21,0,1,clean_time_group_tuned,0.02040987278366072
TR-007846,TR-C04543,2023-08-21,0,1,clean_time_group_tuned,0.07650184757812442
TR-008485,TR-C02766,2023-08-21,0,1,clean_time_group_tuned,0.4071038151078822
TR-000035,TR-C05483,2023-08-22,0,1,clean_time_group_tuned,0.1497222214175725
TR-001407,TR-C00262,2023-08-22,0,1,clean_time_group_tuned,0.018192018046327755
TR-001560,TR-C01310,2023-08-22,0,1,clean_time_group_tuned,0.014975695663236819
TR-001621,TR-C05150,2023-08-22,0,1,clean_time_group_tuned,0.14350340859216215
TR-002263,TR-C01524,2023-08-22,0,1,clean_time_group_tuned,0.02983598616239088
TR-003720,TR-C03184,2023-08-22,0,1,clean_time_group_tuned,0.0180288072333607
TR-003755,TR-C02607,2023-08-22,0,1,clean_time_group_tuned,0.01776278891428145
TR-004829,TR-C02353,2023-08-22,0,1,clean_time_group_tuned,0.04676482298218758
TR-005149,TR-C02753,2023-08-22,0,1,clean_time_group_tuned,0.016589477162062157
TR-006708,TR-C00663,2023-08-22,0,1,clean_time_group_tuned,0.01608454865545209
TR-007176,TR-C03154,2023-08-22,0,1,clean_time_group_tuned,0.015824589137812043
TR-008024,TR-C05619,2023-08-22,0,1,clean_time_group_tuned,0.05999247753947728
TR-009168,TR-C02805,2023-08-22,0,1,clean_time_group_tuned,0.03916076677769718
TR-009934,TR-C05737,2023-08-22,0,1,clean_time_group_tuned,0.21597989659050854
TR-002858,TR-C01987,2023-08-23,0,1,clean_time_group_tuned,0.09675642793009707
TR-003056,TR-C03328,2023-08-23,0,1,clean_time_group_tuned,0.013349756302102798
TR-003367,TR-C02537,2023-08-23,0,1,clean_time_group_tuned,0.08665890837537224
TR-005182,TR-C03142,2023-08-23,0,1,clean_time_group_tuned,0.10573445653289261
TR-005694,TR-C00786,2023-08-23,0,1,clean_time_group_tuned,0.041565208321355254
TR-006711,TR-C00665,2023-08-23,0,1,clean_time_group_tuned,0.37672629950114767
TR-007806,TR-C02436,2023-08-23,0,1,clean_time_group_tuned,0.07802074914929595
TR-000365,TR-C01831,2023-08-24,0,1,clean_time_group_tuned,0.1380373933175164
TR-001259,TR-C05492,2023-08-24,0,1,clean_time_group_tuned,0.02915764190346789
TR-002555,TR-C05706,2023-08-24,0,1,clean_time_group_tuned,0.061206848117914055
TR-004343,TR-C00846,2023-08-24,0,1,clean_time_group_tuned,0.018431955264426522
TR-004491,TR-C02901,2023-08-24,0,1,clean_time_group_tuned,0.02329160378544632
TR-006101,TR-C05199,2023-08-24,0,1,clean_time_group_tuned,0.028079134111831498
TR-002220,TR-C03090,2023-08-25,0,1,clean_time_group_tuned,0.09189918199780366
TR-003022,TR-C06280,2023-08-25,1,1,clean_time_group_tuned,0.03928685482564145
TR-003806,TR-C06075,2023-08-25,0,1,clean_time_group_tuned,0.012200200787212396
TR-005515,TR-C00369,2023-08-25,0,1,clean_time_group_tuned,0.016824794654863102
TR-005833,TR-C04991,2023-08-25,0,1,clean_time_group_tuned,0.02833992370912744
TR-006568,TR-C03762,2023-08-25,0,1,clean_time_group_tuned,0.14874912212021044
TR-008338,TR-C04299,2023-08-25,0,1,clean_time_group_tuned,0.4335882860172779
TR-008506,TR-C03540,2023-08-25,0,1,clean_time_group_tuned,0.02881392559590797
TR-008757,TR-C00535,2023-08-25,0,1,clean_time_group_tuned,0.08753390595599295
TR-000260,TR-C01122,2023-08-26,0,1,clean_time_group_tuned,0.14025157503776195
TR-002829,TR-C01948,2023-08-26,0,1,clean_time_group_tuned,0.18533320648205656
TR-004796,TR-C00917,2023-08-26,0,1,clean_time_group_tuned,0.04523528721171889
TR-005186,TR-C00039,2023-08-26,0,1,clean_time_group_tuned,0.07953708448871133
TR-005479,TR-C04687,2023-08-26,0,1,clean_time_group_tuned,0.29014117831713504
TR-006961,TR-C00851,2023-08-26,0,1,clean_time_group_tuned,0.045511481886528475
TR-006962,TR-C00949,2023-08-26,0,1,clean_time_group_tuned,0.059409235994213216
TR-008133,TR-C03885,2023-08-26,0,1,clean_time_group_tuned,0.052534868096426754
TR-008324,TR-C01168,2023-08-26,0,1,clean_time_group_tuned,0.06849283383386325
TR-009153,TR-C04747,2023-08-26,0,1,clean_time_group_tuned,0.027676302991395514
TR-009758,TR-C04042,2023-08-26,0,1,clean_time_group_tuned,0.02177776571852061
TR-001666,TR-C03418,2023-08-27,0,1,clean_time_group_tuned,0.07321122301094693
TR-005700,TR-C00020,2023-08-27,0,1,clean_time_group_tuned,0.0934117773267859
TR-005802,TR-C05859,2023-08-27,0,1,clean_time_group_tuned,0.10180958255470916
TR-007150,TR-C01499,2023-08-27,0,1,clean_time_group_tuned,0.10941621875479465
TR-007374,TR-C01940,2023-08-27,0,1,clean_time_group_tuned,0.043089843019698794
TR-007432,TR-C02214,2023-08-27,0,1,clean_time_group_tuned,0.061646758435007006
TR-008049,TR-C05681,2023-08-27,0,1,clean_time_group_tuned,0.04590086794250588
TR-008702,TR-C05371,2023-08-27,0,1,clean_time_group_tuned,0.019957085054782865
TR-009212,TR-C04203,2023-08-27,0,1,clean_time_group_tuned,0.030172778365973152
TR-009519,TR-C00826,2023-08-27,0,1,clean_time_group_tuned,0.024659528458998988
TR-001401,TR-C03913,2023-08-28,0,1,clean_time_group_tuned,0.024779032159381962
TR-002229,TR-C06072,2023-08-28,0,1,clean_time_group_tuned,0.07689409520281762
TR-003379,TR-C02653,2023-08-28,0,1,clean_time_group_tuned,0.023217285091798486
TR-004117,TR-C06144,2023-08-28,0,1,clean_time_group_tuned,0.044821571769574235
TR-008765,TR-C02957,2023-08-28,1,1,clean_time_group_tuned,0.031915687378754186
TR-009369,TR-C05921,2023-08-28,0,1,clean_time_group_tuned,0.1327081950355968
TR-009716,TR-C06337,2023-08-28,0,1,clean_time_group_tuned,0.027076263504571943
TR-000428,TR-C02561,2023-08-29,0,1,clean_time_group_tuned,0.06228632881140431
TR-000890,TR-C00591,2023-08-29,0,1,clean_time_group_tuned,0.036680300032587765
TR-002313,TR-C06086,2023-08-29,1,1,clean_time_group_tuned,0.5669119030758015
TR-002910,TR-C04492,2023-08-29,0,1,clean_time_group_tuned,0.061989460013030094
TR-003950,TR-C05156,2023-08-29,0,1,clean_time_group_tuned,0.015357112782619354
TR-004114,TR-C04834,2023-08-29,1,1,clean_time_group_tuned,0.04010322527422798
TR-004121,TR-C04251,2023-08-29,0,1,clean_time_group_tuned,0.09204483527976837
TR-004333,TR-C04493,2023-08-29,0,1,clean_time_group_tuned,0.027827634825983064
TR-004450,TR-C02359,2023-08-29,0,1,clean_time_group_tuned,0.03045683137886976
TR-004868,TR-C00717,2023-08-29,0,1,clean_time_group_tuned,0.07844732612028216
TR-005284,TR-C01702,2023-08-29,1,1,clean_time_group_tuned,0.26017302949433196
TR-007873,TR-C03391,2023-08-29,0,1,clean_time_group_tuned,0.07408607902350105
TR-008068,TR-C04361,2023-08-29,0,1,clean_time_group_tuned,0.05903318467235615
TR-009764,TR-C02823,2023-08-29,0,1,clean_time_group_tuned,0.043302485570578315
TR-009883,TR-C03998,2023-08-29,0,1,clean_time_group_tuned,0.01818487325609666
TR-002785,TR-C01812,2023-08-30,1,1,clean_time_group_tuned,0.1524907293038935
TR-002877,TR-C05095,2023-08-30,0,1,clean_time_group_tuned,0.057085433628890486
TR-006877,TR-C01582,2023-08-30,0,1,clean_time_group_tuned,0.019805395750167803
TR-007006,TR-C03812,2023-08-30,0,1,clean_time_group_tuned,0.03699131649263438
TR-008375,TR-C00686,2023-08-30,0,1,clean_time_group_tuned,0.09416631689064052
TR-009019,TR-C00186,2023-08-30,0,1,clean_time_group_tuned,0.023953760464026416
TR-009927,TR-C00013,2023-08-30,0,1,clean_time_group_tuned,0.02552761067547231
TR-001213,TR-C05666,2023-08-31,0,1,clean_time_group_tuned,0.049177817502986186
TR-002532,TR-C04124,2023-08-31,0,1,clean_time_group_tuned,0.013470343799848086
TR-003978,TR-C00910,2023-08-31,0,1,clean_time_group_tuned,0.01673238530139651
TR-006263,TR-C03121,2023-08-31,0,1,clean_time_group_tuned,0.027907274567238106
TR-007018,TR-C04409,2023-08-31,0,1,clean_time_group_tuned,0.10465999346100763
TR-008013,TR-C00868,2023-08-31,0,1,clean_time_group_tuned,0.2469500606555081
TR-008204,TR-C05122,2023-08-31,0,1,clean_time_group_tuned,0.20309919922466207
TR-000508,TR-C01422,2023-09-01,1,1,clean_time_group_tuned,0.0921833425466552
TR-000662,TR-C01903,2023-09-01,0,1,clean_time_group_tuned,0.043985085419803005
TR-001320,TR-C02461,2023-09-01,0,1,clean_time_group_tuned,0.07108261444100065
TR-003509,TR-C06085,2023-09-01,0,1,clean_time_group_tuned,0.024176475585429593
TR-004275,TR-C01880,2023-09-01,1,1,clean_time_group_tuned,0.1500595537860862
TR-005304,TR-C05166,2023-09-01,0,1,clean_time_group_tuned,0.09505917129985636
TR-005614,TR-C04217,2023-09-01,0,1,clean_time_group_tuned,0.04097988945468673
TR-008839,TR-C03235,2023-09-01,0,1,clean_time_group_tuned,0.06237125052706763
TR-009379,TR-C03834,2023-09-01,0,1,clean_time_group_tuned,0.04487583361592247
TR-001862,TR-C00425,2023-09-02,0,1,clean_time_group_tuned,0.029232024744114626
TR-004390,TR-C01421,2023-09-02,0,1,clean_time_group_tuned,0.07821132359260458
TR-004687,TR-C01447,2023-09-02,0,1,clean_time_group_tuned,0.012284314936708592
TR-004874,TR-C03728,2023-09-02,0,1,clean_time_group_tuned,0.11162176564031923
TR-007518,TR-C06152,2023-09-02,0,1,clean_time_group_tuned,0.033514649970642234
TR-000701,TR-C06202,2023-09-03,0,1,clean_time_group_tuned,0.1312296694361585
TR-001427,TR-C05811,2023-09-03,0,1,clean_time_group_tuned,0.02206271370201382
TR-002975,TR-C04276,2023-09-03,0,1,clean_time_group_tuned,0.020325879703076737
TR-003353,TR-C01715,2023-09-03,0,1,clean_time_group_tuned,0.04190374442858451
TR-004636,TR-C01648,2023-09-03,0,1,clean_time_group_tuned,0.2692577966510899
TR-005359,TR-C05550,2023-09-03,0,1,clean_time_group_tuned,0.18013030651721448
TR-007642,TR-C03343,2023-09-03,0,1,clean_time_group_tuned,0.04931307238615655
TR-007759,TR-C04237,2023-09-03,0,1,clean_time_group_tuned,0.03315163533825657
TR-008117,TR-C01636,2023-09-03,0,1,clean_time_group_tuned,0.028441993633668883
TR-009017,TR-C06474,2023-09-03,1,1,clean_time_group_tuned,0.04493619306278601
TR-001571,TR-C01623,2023-09-04,0,1,clean_time_group_tuned,0.038916136433578455
TR-001739,TR-C04540,2023-09-04,0,1,clean_time_group_tuned,0.04992461168613697
TR-001842,TR-C05692,2023-09-04,0,1,clean_time_group_tuned,0.12466245822915
TR-003075,TR-C04648,2023-09-04,0,1,clean_time_group_tuned,0.07865478601137661
TR-003512,TR-C03002,2023-09-04,0,1,clean_time_group_tuned,0.02547347219483218
TR-005402,TR-C05307,2023-09-04,0,1,clean_time_group_tuned,0.023997694752878218
TR-006008,TR-C03095,2023-09-04,0,1,clean_time_group_tuned,0.05194032926115819
TR-007645,TR-C04491,2023-09-04,0,1,clean_time_group_tuned,0.03530711310411235
TR-008677,TR-C04246,2023-09-04,0,1,clean_time_group_tuned,0.012936183201328609
TR-008822,TR-C02703,2023-09-04,0,1,clean_time_group_tuned,0.0288875672567677
TR-008832,TR-C05716,2023-09-04,0,1,clean_time_group_tuned,0.020243145593691614
TR-001348,TR-C00573,2023-09-05,0,1,clean_time_group_tuned,0.029511301156705826
TR-001688,TR-C01088,2023-09-05,0,1,clean_time_group_tuned,0.04181412430993238
TR-003207,TR-C06179,2023-09-05,0,1,clean_time_group_tuned,0.02193326418140005
TR-003462,TR-C00227,2023-09-05,0,1,clean_time_group_tuned,0.045276891058636755
TR-003815,TR-C04842,2023-09-05,0,1,clean_time_group_tuned,0.02019999932837796
TR-004285,TR-C00720,2023-09-05,0,1,clean_time_group_tuned,0.08203593094327173
TR-006576,TR-C03564,2023-09-05,0,1,clean_time_group_tuned,0.07272864516521124
TR-009078,TR-C05786,2023-09-05,0,1,clean_time_group_tuned,0.09706138977512582
TR-002707,TR-C05946,2023-09-06,0,1,clean_time_group_tuned,0.0362193409191642
TR-003926,TR-C02490,2023-09-06,0,1,clean_time_group_tuned,0.016282542655899106
TR-004144,TR-C06322,2023-09-06,0,1,clean_time_group_tuned,0.07204640958074257
TR-005353,TR-C01182,2023-09-06,0,1,clean_time_group_tuned,0.07366894382988777
TR-005898,TR-C06483,2023-09-06,0,1,clean_time_group_tuned,0.07038232910949772
TR-006605,TR-C04303,2023-09-06,0,1,clean_time_group_tuned,0.05176560985923321
TR-007844,TR-C03632,2023-09-06,0,1,clean_time_group_tuned,0.015706501546080536
TR-007872,TR-C06360,2023-09-06,0,1,clean_time_group_tuned,0.0468322268629734
TR-000042,TR-C01887,2023-09-07,0,1,clean_time_group_tuned,0.02479824284497315
TR-001556,TR-C04406,2023-09-07,1,1,clean_time_group_tuned,0.2811273968056701
TR-007173,TR-C04327,2023-09-07,0,1,clean_time_group_tuned,0.017739900321311414
TR-007312,TR-C05274,2023-09-07,0,1,clean_time_group_tuned,0.012357194251272003
TR-008575,TR-C00667,2023-09-07,0,1,clean_time_group_tuned,0.09198962696023175
TR-009004,TR-C02525,2023-09-07,1,1,clean_time_group_tuned,0.12546780697730112
TR-000269,TR-C05730,2023-09-08,0,1,clean_time_group_tuned,0.223500408835987
TR-002619,TR-C03920,2023-09-08,1,1,clean_time_group_tuned,0.05214817059787345
TR-002935,TR-C03530,2023-09-08,0,1,clean_time_group_tuned,0.05692893201804961
TR-002950,TR-C05993,2023-09-08,0,1,clean_time_group_tuned,0.18045016320534316
TR-007437,TR-C04818,2023-09-08,0,1,clean_time_group_tuned,0.05663448023064606
TR-007946,TR-C04340,2023-09-08,0,1,clean_time_group_tuned,0.03421342347720352
TR-008217,TR-C00745,2023-09-08,0,1,clean_time_group_tuned,0.026611423061208644
TR-008465,TR-C05516,2023-09-08,1,1,clean_time_group_tuned,0.029544671384616
TR-008892,TR-C05603,2023-09-08,0,1,clean_time_group_tuned,0.14021516979905344
TR-009276,TR-C01702,2023-09-08,0,1,clean_time_group_tuned,0.08670604278952063
TR-009346,TR-C01006,2023-09-08,0,1,clean_time_group_tuned,0.03456425935916606
TR-000119,TR-C06326,2023-09-09,0,1,clean_time_group_tuned,0.27049100403127385
TR-001399,TR-C04918,2023-09-09,0,1,clean_time_group_tuned,0.05001731646735039
TR-002316,TR-C05078,2023-09-09,0,1,clean_time_group_tuned,0.019296613237438785
TR-003635,TR-C01148,2023-09-09,0,1,clean_time_group_tuned,0.02721660727208052
TR-003691,TR-C06258,2023-09-09,0,1,clean_time_group_tuned,0.031835948302169535
TR-006980,TR-C06107,2023-09-09,0,1,clean_time_group_tuned,0.018248856561685
TR-008399,TR-C05205,2023-09-09,0,1,clean_time_group_tuned,0.08320892311964764
TR-002371,TR-C04049,2023-09-10,0,1,clean_time_group_tuned,0.018639740050575258
TR-003963,TR-C02208,2023-09-10,1,1,clean_time_group_tuned,0.12247087983261995
TR-005079,TR-C01629,2023-09-10,0,1,clean_time_group_tuned,0.053325522275667274
TR-007440,TR-C04577,2023-09-10,0,1,clean_time_group_tuned,0.023181040199443784
TR-007860,TR-C04478,2023-09-10,0,1,clean_time_group_tuned,0.05721549840121706
TR-007870,TR-C04517,2023-09-10,0,1,clean_time_group_tuned,0.04160431340812992
TR-009097,TR-C05574,2023-09-10,1,1,clean_time_group_tuned,0.1351678923386287
TR-009180,TR-C02539,2023-09-10,0,1,clean_time_group_tuned,0.019147371601235568
TR-009786,TR-C02615,2023-09-10,0,1,clean_time_group_tuned,0.042662772127968485
TR-002253,TR-C00648,2023-09-11,0,1,clean_time_group_tuned,0.18812006643194712
TR-003205,TR-C00496,2023-09-11,0,1,clean_time_group_tuned,0.02700540876614753
TR-003577,TR-C04343,2023-09-11,0,1,clean_time_group_tuned,0.011920746009026118
TR-003648,TR-C04166,2023-09-11,1,1,clean_time_group_tuned,0.08706632321011026
TR-006505,TR-C02835,2023-09-11,1,1,clean_time_group_tuned,0.1869409463035988
TR-008538,TR-C05965,2023-09-11,0,1,clean_time_group_tuned,0.06382847073974074
TR-008540,TR-C03015,2023-09-11,0,1,clean_time_group_tuned,0.10142269418680955
TR-009181,TR-C05901,2023-09-11,0,1,clean_time_group_tuned,0.1026463094652247
TR-009729,TR-C04763,2023-09-11,0,1,clean_time_group_tuned,0.2077164127474245
TR-009769,TR-C05943,2023-09-11,0,1,clean_time_group_tuned,0.045227690939488294
TR-002410,TR-C05743,2023-09-12,0,1,clean_time_group_tuned,0.3670700273790739
TR-003071,TR-C01609,2023-09-12,0,1,clean_time_group_tuned,0.018817717758226406
TR-003612,TR-C04172,2023-09-12,0,1,clean_time_group_tuned,0.08854614571460201
TR-003879,TR-C04960,2023-09-12,0,1,clean_time_group_tuned,0.11753970693679497
TR-005321,TR-C01440,2023-09-12,0,1,clean_time_group_tuned,0.04085711486263249
TR-006632,TR-C02462,2023-09-12,0,1,clean_time_group_tuned,0.06295126103254835
TR-006857,TR-C04150,2023-09-12,0,1,clean_time_group_tuned,0.030994766434692532
TR-007381,TR-C03405,2023-09-12,0,1,clean_time_group_tuned,0.07085322494374419
TR-007974,TR-C04194,2023-09-12,0,1,clean_time_group_tuned,0.3637199399985556
TR-008155,TR-C00654,2023-09-12,0,1,clean_time_group_tuned,0.03375789005271414
TR-009946,TR-C04918,2023-09-12,0,1,clean_time_group_tuned,0.012527643345136296
TR-000121,TR-C06075,2023-09-13,0,1,clean_time_group_tuned,0.022657859081586827
TR-001578,TR-C01994,2023-09-13,0,1,clean_time_group_tuned,0.018511106648895014
TR-001648,TR-C04218,2023-09-13,0,1,clean_time_group_tuned,0.0340115317345611
TR-002677,TR-C03600,2023-09-13,0,1,clean_time_group_tuned,0.016344692189351157
TR-003184,TR-C04390,2023-09-13,0,1,clean_time_group_tuned,0.40535052440257674
TR-003710,TR-C02488,2023-09-13,0,1,clean_time_group_tuned,0.10447270783517384
TR-003772,TR-C02984,2023-09-13,0,1,clean_time_group_tuned,0.04169147567732721
TR-006455,TR-C01459,2023-09-13,0,1,clean_time_group_tuned,0.05960493730098218
TR-000918,TR-C06127,2023-09-14,0,1,clean_time_group_tuned,0.06081783962640327
TR-001781,TR-C04655,2023-09-14,0,1,clean_time_group_tuned,0.015073917185808227
TR-003520,TR-C05211,2023-09-14,0,1,clean_time_group_tuned,0.012519387545265721
TR-004011,TR-C03540,2023-09-14,0,1,clean_time_group_tuned,0.021030446748326964
TR-005513,TR-C02014,2023-09-14,0,1,clean_time_group_tuned,0.03813697783167788
TR-007514,TR-C04004,2023-09-14,0,1,clean_time_group_tuned,0.10266690393993137
TR-009776,TR-C01763,2023-09-14,0,1,clean_time_group_tuned,0.029447781890301807
TR-009885,TR-C04979,2023-09-14,0,1,clean_time_group_tuned,0.0795681081032299
TR-009996,TR-C00287,2023-09-14,0,1,clean_time_group_tuned,0.09003208047237203
TR-000106,TR-C06431,2023-09-15,0,1,clean_time_group_tuned,0.0320550708765246
TR-000811,TR-C03573,2023-09-15,1,1,clean_time_group_tuned,0.04963893418533051
TR-002466,TR-C01713,2023-09-15,0,1,clean_time_group_tuned,0.19803439603791845
TR-002770,TR-C01084,2023-09-15,0,1,clean_time_group_tuned,0.02474151463598437
TR-002912,TR-C03480,2023-09-15,0,1,clean_time_group_tuned,0.051819324628551086
TR-003829,TR-C06071,2023-09-15,0,1,clean_time_group_tuned,0.039041538539445725
TR-005155,TR-C03503,2023-09-15,0,1,clean_time_group_tuned,0.06475656299485523
TR-008448,TR-C03983,2023-09-15,0,1,clean_time_group_tuned,0.03681194110033481
TR-009059,TR-C01142,2023-09-15,0,1,clean_time_group_tuned,0.1659812854679239
TR-000735,TR-C05083,2023-09-16,0,1,clean_time_group_tuned,0.10585825804309822
TR-000963,TR-C00293,2023-09-16,0,1,clean_time_group_tuned,0.03597134262631625
TR-001130,TR-C02360,2023-09-16,0,1,clean_time_group_tuned,0.04882775763219972
TR-005279,TR-C05729,2023-09-16,0,1,clean_time_group_tuned,0.027084573804895786
TR-005650,TR-C01453,2023-09-16,0,1,clean_time_group_tuned,0.012600736305508212
TR-006546,TR-C00623,2023-09-16,0,1,clean_time_group_tuned,0.03234638269394771
TR-007161,TR-C03478,2023-09-16,0,1,clean_time_group_tuned,0.04137411590757885
TR-008860,TR-C03213,2023-09-16,0,1,clean_time_group_tuned,0.07295423753402537
TR-009299,TR-C01815,2023-09-16,0,1,clean_time_group_tuned,0.16384796553608674
TR-000156,TR-C02846,2023-09-17,0,1,clean_time_group_tuned,0.020034940042841603
TR-000278,TR-C06385,2023-09-17,0,1,clean_time_group_tuned,0.06514845331446631
TR-004191,TR-C04237,2023-09-17,0,1,clean_time_group_tuned,0.09848609515113797
TR-006599,TR-C02341,2023-09-17,0,1,clean_time_group_tuned,0.025335062812404358
TR-006607,TR-C05015,2023-09-17,0,1,clean_time_group_tuned,0.03332156434739529
TR-007881,TR-C03856,2023-09-17,0,1,clean_time_group_tuned,0.03799249786607768
TR-009138,TR-C06235,2023-09-17,0,1,clean_time_group_tuned,0.02383441230305373
TR-009915,TR-C03862,2023-09-17,0,1,clean_time_group_tuned,0.0946699675758253
TR-000698,TR-C03258,2023-09-18,0,1,clean_time_group_tuned,0.16674228353156223
TR-003324,TR-C00351,2023-09-18,0,1,clean_time_group_tuned,0.0869254703221315
TR-004725,TR-C03053,2023-09-18,0,1,clean_time_group_tuned,0.051976194660763336
TR-006151,TR-C04256,2023-09-18,0,1,clean_time_group_tuned,0.04069932558112013
TR-007427,TR-C05664,2023-09-18,0,1,clean_time_group_tuned,0.15126423173594816
TR-007812,TR-C04704,2023-09-18,0,1,clean_time_group_tuned,0.08031198744828628
TR-009162,TR-C03383,2023-09-18,0,1,clean_time_group_tuned,0.01987294180278634
TR-000456,TR-C00191,2023-09-19,0,1,clean_time_group_tuned,0.05599582655559813
TR-000877,TR-C06311,2023-09-19,0,1,clean_time_group_tuned,0.029752395966009666
TR-001031,TR-C05021,2023-09-19,0,1,clean_time_group_tuned,0.07300138014347753
TR-002196,TR-C06251,2023-09-19,0,1,clean_time_group_tuned,0.02804209619630061
TR-002642,TR-C01670,2023-09-19,0,1,clean_time_group_tuned,0.017237374981838992
TR-004007,TR-C02114,2023-09-19,0,1,clean_time_group_tuned,0.02511695384144812
TR-004325,TR-C06269,2023-09-19,0,1,clean_time_group_tuned,0.045579901831560896
TR-004374,TR-C05493,2023-09-19,0,1,clean_time_group_tuned,0.04083192696111131
TR-004732,TR-C02715,2023-09-19,0,1,clean_time_group_tuned,0.050778179464498044
TR-007682,TR-C06322,2023-09-19,0,1,clean_time_group_tuned,0.04884662699425887
TR-007791,TR-C01801,2023-09-19,0,1,clean_time_group_tuned,0.04357493130234716
TR-008417,TR-C01445,2023-09-19,0,1,clean_time_group_tuned,0.03006299194916152
TR-008732,TR-C03019,2023-09-19,0,1,clean_time_group_tuned,0.0580695557584676
TR-009652,TR-C02846,2023-09-19,0,1,clean_time_group_tuned,0.17111916420025763
TR-009772,TR-C01330,2023-09-19,0,1,clean_time_group_tuned,0.09936767408295677
TR-009917,TR-C01838,2023-09-19,0,1,clean_time_group_tuned,0.15198779847125732
TR-000588,TR-C04076,2023-09-20,0,1,clean_time_group_tuned,0.06035418130403257
TR-000940,TR-C00710,2023-09-20,0,1,clean_time_group_tuned,0.02975020040283868
TR-002731,TR-C04657,2023-09-20,0,1,clean_time_group_tuned,0.03660334308362975
TR-003580,TR-C03330,2023-09-20,0,1,clean_time_group_tuned,0.050158799922378164
TR-003659,TR-C00621,2023-09-20,0,1,clean_time_group_tuned,0.047846024952415515
TR-003662,TR-C00776,2023-09-20,0,1,clean_time_group_tuned,0.04476662510901705
TR-004233,TR-C04776,2023-09-20,0,1,clean_time_group_tuned,0.0813456222601804
TR-004425,TR-C02433,2023-09-20,0,1,clean_time_group_tuned,0.3909859443037882
TR-004925,TR-C00025,2023-09-20,0,1,clean_time_group_tuned,0.05041805674763331
TR-005225,TR-C03201,2023-09-20,0,1,clean_time_group_tuned,0.021424822476268746
TR-005452,TR-C00491,2023-09-20,0,1,clean_time_group_tuned,0.06500468273724853
TR-006973,TR-C05658,2023-09-20,0,1,clean_time_group_tuned,0.024468345773969884
TR-000815,TR-C02645,2023-09-21,0,1,clean_time_group_tuned,0.28775316966175263
TR-003058,TR-C01466,2023-09-21,0,1,clean_time_group_tuned,0.017201767747458654
TR-003856,TR-C05398,2023-09-21,0,1,clean_time_group_tuned,0.03270520438016565
TR-004459,TR-C04086,2023-09-21,0,1,clean_time_group_tuned,0.06448987177810975
TR-005720,TR-C03169,2023-09-21,0,1,clean_time_group_tuned,0.39051098113160154
TR-006108,TR-C00541,2023-09-21,0,1,clean_time_group_tuned,0.04112730799686158
TR-009609,TR-C06421,2023-09-21,0,1,clean_time_group_tuned,0.02969924040531656
TR-000308,TR-C00648,2023-09-22,0,1,clean_time_group_tuned,0.06648537334942227
TR-003559,TR-C02202,2023-09-22,0,1,clean_time_group_tuned,0.04200745251351631
TR-003748,TR-C02560,2023-09-22,0,1,clean_time_group_tuned,0.09408151449246924
TR-003841,TR-C06180,2023-09-22,0,1,clean_time_group_tuned,0.018994302876066554
TR-003883,TR-C06096,2023-09-22,0,1,clean_time_group_tuned,0.025834238093095818
TR-006800,TR-C06206,2023-09-22,0,1,clean_time_group_tuned,0.0965015238863658
TR-006840,TR-C05042,2023-09-22,0,1,clean_time_group_tuned,0.09142956985236463
TR-007900,TR-C04019,2023-09-22,0,1,clean_time_group_tuned,0.033897400701810215
TR-008050,TR-C06129,2023-09-22,0,1,clean_time_group_tuned,0.09895090346861354
TR-009450,TR-C04986,2023-09-22,0,1,clean_time_group_tuned,0.03257276539053133
TR-001389,TR-C05932,2023-09-23,0,1,clean_time_group_tuned,0.05726616761983837
TR-001873,TR-C00345,2023-09-23,0,1,clean_time_group_tuned,0.20589481774269852
TR-002122,TR-C03344,2023-09-23,0,1,clean_time_group_tuned,0.01819626370489402
TR-003426,TR-C02804,2023-09-23,0,1,clean_time_group_tuned,0.01909510048479071
TR-003718,TR-C00309,2023-09-23,0,1,clean_time_group_tuned,0.0563471957854888
TR-005669,TR-C02255,2023-09-23,0,1,clean_time_group_tuned,0.05590689399368438
TR-006812,TR-C01839,2023-09-23,0,1,clean_time_group_tuned,0.0347668550387783
TR-007039,TR-C04908,2023-09-23,0,1,clean_time_group_tuned,0.01284751920217473
TR-009816,TR-C00350,2023-09-23,0,1,clean_time_group_tuned,0.023754379780559547
TR-001501,TR-C00435,2023-09-24,0,1,clean_time_group_tuned,0.14387231769277053
TR-003187,TR-C00960,2023-09-24,0,1,clean_time_group_tuned,0.1684657261359023
TR-003569,TR-C03722,2023-09-24,0,1,clean_time_group_tuned,0.111294001734135
TR-005982,TR-C02554,2023-09-24,0,1,clean_time_group_tuned,0.017046677074795118
TR-008388,TR-C02469,2023-09-24,0,1,clean_time_group_tuned,0.020195786248936812
TR-009198,TR-C05258,2023-09-24,0,1,clean_time_group_tuned,0.045206799205935386
TR-002142,TR-C00527,2023-09-25,0,1,clean_time_group_tuned,0.030024139389354526
TR-002658,TR-C02923,2023-09-25,0,1,clean_time_group_tuned,0.02117353013402199
TR-004018,TR-C00872,2023-09-25,0,1,clean_time_group_tuned,0.01791683642625797
TR-005236,TR-C02877,2023-09-25,1,1,clean_time_group_tuned,0.5221215850576335
TR-005512,TR-C00902,2023-09-25,0,1,clean_time_group_tuned,0.039077302211577826
TR-005902,TR-C06474,2023-09-25,0,1,clean_time_group_tuned,0.04950342702257495
TR-006416,TR-C01542,2023-09-25,0,1,clean_time_group_tuned,0.10143489877495715
TR-006579,TR-C01539,2023-09-25,0,1,clean_time_group_tuned,0.0762944689177532
TR-007279,TR-C00662,2023-09-25,0,1,clean_time_group_tuned,0.026024407370101057
TR-009942,TR-C06416,2023-09-25,0,1,clean_time_group_tuned,0.020868944322221066
TR-001730,TR-C03971,2023-09-26,0,1,clean_time_group_tuned,0.09944231775638675
TR-002147,TR-C04854,2023-09-26,0,1,clean_time_group_tuned,0.019002741882283004
TR-004402,TR-C04133,2023-09-26,1,1,clean_time_group_tuned,0.38845273414501086
TR-005235,TR-C03697,2023-09-26,0,1,clean_time_group_tuned,0.0486091217789751
TR-005597,TR-C00911,2023-09-26,0,1,clean_time_group_tuned,0.03655804331815977
TR-003073,TR-C05659,2023-09-27,0,1,clean_time_group_tuned,0.016827405604822408
TR-003141,TR-C00427,2023-09-27,0,1,clean_time_group_tuned,0.11176355375781848
TR-005100,TR-C05046,2023-09-27,1,1,clean_time_group_tuned,0.017237700715674615
TR-008301,TR-C05757,2023-09-27,0,1,clean_time_group_tuned,0.033075739952458875
TR-008673,TR-C03102,2023-09-27,0,1,clean_time_group_tuned,0.07416444692602026
TR-000059,TR-C06313,2023-09-28,0,1,clean_time_group_tuned,0.0818375012575071
TR-000739,TR-C04923,2023-09-28,0,1,clean_time_group_tuned,0.01915001392949116
TR-000889,TR-C03576,2023-09-28,0,1,clean_time_group_tuned,0.058693471689988695
TR-000922,TR-C04796,2023-09-28,0,1,clean_time_group_tuned,0.0979931695234846
TR-001039,TR-C04458,2023-09-28,0,1,clean_time_group_tuned,0.03746327557572349
TR-001148,TR-C04415,2023-09-28,0,1,clean_time_group_tuned,0.03568563894652517
TR-001620,TR-C01622,2023-09-28,0,1,clean_time_group_tuned,0.02066261950476614
TR-002626,TR-C01929,2023-09-28,0,1,clean_time_group_tuned,0.026687674362671845
TR-004038,TR-C01584,2023-09-28,0,1,clean_time_group_tuned,0.017939416364435756
TR-007929,TR-C00626,2023-09-28,0,1,clean_time_group_tuned,0.07031722537993057
TR-009537,TR-C04862,2023-09-28,0,1,clean_time_group_tuned,0.3064409958250102
TR-000096,TR-C03829,2023-09-29,0,1,clean_time_group_tuned,0.03953374000058495
TR-000783,TR-C00023,2023-09-29,0,1,clean_time_group_tuned,0.016186412061388326
TR-000876,TR-C03685,2023-09-29,1,1,clean_time_group_tuned,0.21632256117187681
TR-003030,TR-C03041,2023-09-29,0,1,clean_time_group_tuned,0.015044057162307181
TR-003689,TR-C01162,2023-09-29,0,1,clean_time_group_tuned,0.031096053270008694
TR-003870,TR-C00728,2023-09-29,0,1,clean_time_group_tuned,0.033410712685945754
TR-004911,TR-C02268,2023-09-29,0,1,clean_time_group_tuned,0.0159078787759383
TR-009049,TR-C03204,2023-09-29,1,1,clean_time_group_tuned,0.3750301446082683
TR-009156,TR-C05007,2023-09-29,0,1,clean_time_group_tuned,0.08623162295122719
TR-000113,TR-C01852,2023-09-30,0,1,clean_time_group_tuned,0.058426264228465356
TR-000521,TR-C04495,2023-09-30,0,1,clean_time_group_tuned,0.018433635331206212
TR-000990,TR-C03558,2023-09-30,0,1,clean_time_group_tuned,0.03466635044022126
TR-001083,TR-C02686,2023-09-30,0,1,clean_time_group_tuned,0.04091214764008583
TR-001347,TR-C05723,2023-09-30,0,1,clean_time_group_tuned,0.054059683473782066
TR-002810,TR-C03614,2023-09-30,0,1,clean_time_group_tuned,0.025591181000500125
TR-002820,TR-C03514,2023-09-30,0,1,clean_time_group_tuned,0.03311935765756183
TR-003626,TR-C01643,2023-09-30,0,1,clean_time_group_tuned,0.07504963837028246
TR-004241,TR-C03467,2023-09-30,0,1,clean_time_group_tuned,0.038347640358273094
TR-005603,TR-C03072,2023-09-30,0,1,clean_time_group_tuned,0.033270560628957904
TR-006107,TR-C01600,2023-09-30,0,1,clean_time_group_tuned,0.0432238087652065
TR-009101,TR-C01597,2023-09-30,0,1,clean_time_group_tuned,0.16848083131838637
TR-000847,TR-C05865,2023-10-01,0,1,clean_time_group_tuned,0.03805385689032604
TR-001451,TR-C03587,2023-10-01,0,1,clean_time_group_tuned,0.04172277849575992
TR-004542,TR-C02617,2023-10-01,0,1,clean_time_group_tuned,0.041395514614025526
TR-005411,TR-C05447,2023-10-01,0,1,clean_time_group_tuned,0.019167348568675847
TR-005530,TR-C06345,2023-10-01,0,1,clean_time_group_tuned,0.059301164059604214
TR-006448,TR-C02902,2023-10-01,0,1,clean_time_group_tuned,0.012118304635200246
TR-009171,TR-C06095,2023-10-01,0,1,clean_time_group_tuned,0.01604215689547505
TR-000057,TR-C04036,2023-10-02,0,1,clean_time_group_tuned,0.017480713289501598
TR-001249,TR-C05653,2023-10-02,0,1,clean_time_group_tuned,0.0799506888980588
TR-002016,TR-C00438,2023-10-02,0,1,clean_time_group_tuned,0.0740488483726964
TR-002163,TR-C02383,2023-10-02,1,1,clean_time_group_tuned,0.602952947797335
TR-002169,TR-C05547,2023-10-02,0,1,clean_time_group_tuned,0.11073041926851632
TR-003025,TR-C03332,2023-10-02,0,1,clean_time_group_tuned,0.04281252271747955
TR-003422,TR-C02268,2023-10-02,0,1,clean_time_group_tuned,0.014582617549209162
TR-005059,TR-C01317,2023-10-02,0,1,clean_time_group_tuned,0.02484833724159058
TR-005635,TR-C00684,2023-10-02,0,1,clean_time_group_tuned,0.10226925696750451
TR-005706,TR-C06478,2023-10-02,0,1,clean_time_group_tuned,0.021473621340088612
TR-006016,TR-C02815,2023-10-02,0,1,clean_time_group_tuned,0.02937303843611501
TR-007886,TR-C02448,2023-10-02,0,1,clean_time_group_tuned,0.04032320082796012
TR-008803,TR-C02427,2023-10-02,0,1,clean_time_group_tuned,0.02538121332968178
TR-002590,TR-C01079,2023-10-03,0,1,clean_time_group_tuned,0.07285954296552435
TR-002926,TR-C01909,2023-10-03,0,1,clean_time_group_tuned,0.0931519733120881
TR-003515,TR-C06252,2023-10-03,0,1,clean_time_group_tuned,0.026940154649137724
TR-007371,TR-C04583,2023-10-03,0,1,clean_time_group_tuned,0.04814803191714642
TR-008760,TR-C05653,2023-10-03,0,1,clean_time_group_tuned,0.022378946292641696
TR-008949,TR-C04027,2023-10-03,0,1,clean_time_group_tuned,0.02044892557515714
TR-000303,TR-C03724,2023-10-04,0,1,clean_time_group_tuned,0.012201101244347768
TR-000571,TR-C00644,2023-10-04,0,1,clean_time_group_tuned,0.03274593443552167
TR-003481,TR-C03758,2023-10-04,0,1,clean_time_group_tuned,0.05453854964431327
TR-004225,TR-C03789,2023-10-04,0,1,clean_time_group_tuned,0.1300856831170001
TR-005127,TR-C02028,2023-10-04,0,1,clean_time_group_tuned,0.028774984562253487
TR-005444,TR-C03832,2023-10-04,0,1,clean_time_group_tuned,0.26781207096769244
TR-005463,TR-C06209,2023-10-04,0,1,clean_time_group_tuned,0.5203347869893883
TR-005684,TR-C01278,2023-10-04,0,1,clean_time_group_tuned,0.09674431679299136
TR-008596,TR-C01311,2023-10-04,0,1,clean_time_group_tuned,0.07119499558146575
TR-003458,TR-C02036,2023-10-05,0,1,clean_time_group_tuned,0.19211527136503795
TR-004124,TR-C05949,2023-10-05,0,1,clean_time_group_tuned,0.01249856784812835
TR-004366,TR-C04166,2023-10-05,0,1,clean_time_group_tuned,0.014948524487144356
TR-006675,TR-C04727,2023-10-05,0,1,clean_time_group_tuned,0.04684280072382597
TR-008474,TR-C04837,2023-10-05,0,1,clean_time_group_tuned,0.018032445938944146
TR-009286,TR-C03724,2023-10-05,0,1,clean_time_group_tuned,0.01802983814346519
TR-009708,TR-C01727,2023-10-05,1,1,clean_time_group_tuned,0.026475849383178048
TR-000481,TR-C06118,2023-10-06,0,1,clean_time_group_tuned,0.025372217330484302
TR-001164,TR-C03833,2023-10-06,0,1,clean_time_group_tuned,0.013776464524346412
TR-005377,TR-C00921,2023-10-06,1,1,clean_time_group_tuned,0.1404842291759661
TR-006164,TR-C05825,2023-10-06,0,1,clean_time_group_tuned,0.04743329918128017
TR-006926,TR-C01221,2023-10-06,0,1,clean_time_group_tuned,0.027569298780455567
TR-008181,TR-C03455,2023-10-06,0,1,clean_time_group_tuned,0.06180347308515831
TR-009581,TR-C00559,2023-10-06,0,1,clean_time_group_tuned,0.022821213273656396
TR-009631,TR-C03907,2023-10-06,0,1,clean_time_group_tuned,0.11097587632425643
TR-009669,TR-C01781,2023-10-06,0,1,clean_time_group_tuned,0.04403081120031149
TR-002939,TR-C03545,2023-10-07,0,1,clean_time_group_tuned,0.017493652840627868
TR-003162,TR-C05869,2023-10-07,0,1,clean_time_group_tuned,0.1381212325517054
TR-004113,TR-C01040,2023-10-07,0,1,clean_time_group_tuned,0.02636230933129516
TR-005509,TR-C04542,2023-10-07,0,1,clean_time_group_tuned,0.019343151906261142
TR-006267,TR-C02850,2023-10-07,0,1,clean_time_group_tuned,0.4356194359017017
TR-006441,TR-C03504,2023-10-07,0,1,clean_time_group_tuned,0.24780194516036114
TR-008093,TR-C04545,2023-10-07,0,1,clean_time_group_tuned,0.019982532238576874
TR-009340,TR-C06274,2023-10-07,0,1,clean_time_group_tuned,0.11267109617355617
TR-002909,TR-C04937,2023-10-08,0,1,clean_time_group_tuned,0.1466860094593636
TR-005131,TR-C02721,2023-10-08,0,1,clean_time_group_tuned,0.09156079832451006
TR-005443,TR-C01908,2023-10-08,0,1,clean_time_group_tuned,0.06757191310235215
TR-005974,TR-C02773,2023-10-08,0,1,clean_time_group_tuned,0.06975707258163011
TR-007862,TR-C06385,2023-10-08,0,1,clean_time_group_tuned,0.03286822499718847
TR-009532,TR-C01221,2023-10-08,0,1,clean_time_group_tuned,0.029133358992740308
TR-009706,TR-C03918,2023-10-08,0,1,clean_time_group_tuned,0.024060771531206625
TR-001085,TR-C00208,2023-10-09,0,1,clean_time_group_tuned,0.028540977450911206
TR-003175,TR-C04594,2023-10-09,0,1,clean_time_group_tuned,0.03127289335927113
TR-003214,TR-C04721,2023-10-09,0,1,clean_time_group_tuned,0.03973725228944685
TR-003944,TR-C01186,2023-10-09,0,1,clean_time_group_tuned,0.3402405789375106
TR-004377,TR-C05581,2023-10-09,0,1,clean_time_group_tuned,0.03164542191789133
TR-004496,TR-C00164,2023-10-09,0,1,clean_time_group_tuned,0.012268652564081712
TR-004942,TR-C01033,2023-10-09,0,1,clean_time_group_tuned,0.24085075242137777
TR-005828,TR-C01421,2023-10-09,0,1,clean_time_group_tuned,0.06815628651020937
TR-006913,TR-C01553,2023-10-09,0,1,clean_time_group_tuned,0.12891985932290456
TR-007379,TR-C04236,2023-10-09,0,1,clean_time_group_tuned,0.10297235431757175
TR-007808,TR-C02371,2023-10-09,0,1,clean_time_group_tuned,0.22099169652462264
TR-008057,TR-C03077,2023-10-09,0,1,clean_time_group_tuned,0.03885941006625165
TR-008185,TR-C05937,2023-10-09,0,1,clean_time_group_tuned,0.020637285351164335
TR-008661,TR-C04815,2023-10-09,0,1,clean_time_group_tuned,0.016473830589715008
TR-008994,TR-C05763,2023-10-09,0,1,clean_time_group_tuned,0.07572061303840708
TR-009504,TR-C04135,2023-10-09,0,1,clean_time_group_tuned,0.039641028566691015
TR-000017,TR-C03137,2023-10-10,0,1,clean_time_group_tuned,0.07932216229800151
TR-000027,TR-C02295,2023-10-10,0,1,clean_time_group_tuned,0.0348569659947773
TR-001877,TR-C00923,2023-10-10,0,1,clean_time_group_tuned,0.041373029785022115
TR-006770,TR-C00521,2023-10-10,0,1,clean_time_group_tuned,0.07418184831766732
TR-007939,TR-C05275,2023-10-10,1,1,clean_time_group_tuned,0.012397576182758796
TR-008899,TR-C00457,2023-10-10,1,1,clean_time_group_tuned,0.35885424120201403
TR-008902,TR-C02515,2023-10-10,1,1,clean_time_group_tuned,0.4218475092267916
TR-001740,TR-C04338,2023-10-11,0,1,clean_time_group_tuned,0.02876912383926951
TR-005172,TR-C06295,2023-10-11,0,1,clean_time_group_tuned,0.054058173100779205
TR-005475,TR-C04701,2023-10-11,0,1,clean_time_group_tuned,0.023702697769255595
TR-005759,TR-C03402,2023-10-11,0,1,clean_time_group_tuned,0.020686079070381738
TR-005936,TR-C00049,2023-10-11,0,1,clean_time_group_tuned,0.25285070576984264
TR-006773,TR-C01680,2023-10-11,0,1,clean_time_group_tuned,0.0384625102350033
TR-008280,TR-C05048,2023-10-11,0,1,clean_time_group_tuned,0.11221731806398384
TR-009853,TR-C01828,2023-10-11,1,1,clean_time_group_tuned,0.10834557059467544
TR-000396,TR-C02261,2023-10-12,0,1,clean_time_group_tuned,0.1265053537535899
TR-000520,TR-C02667,2023-10-12,0,1,clean_time_group_tuned,0.051869767613273665
TR-000699,TR-C03688,2023-10-12,0,1,clean_time_group_tuned,0.019134387200646273
TR-001191,TR-C01356,2023-10-12,0,1,clean_time_group_tuned,0.048836413135378974
TR-001396,TR-C00026,2023-10-12,0,1,clean_time_group_tuned,0.04689587361957315
TR-001550,TR-C05666,2023-10-12,1,1,clean_time_group_tuned,0.028223413408028215
TR-001585,TR-C02588,2023-10-12,0,1,clean_time_group_tuned,0.12748328717025895
TR-002056,TR-C06239,2023-10-12,0,1,clean_time_group_tuned,0.03578558154532492
TR-004546,TR-C04404,2023-10-12,0,1,clean_time_group_tuned,0.06921905047916689
TR-005595,TR-C04238,2023-10-12,0,1,clean_time_group_tuned,0.06703234726849523
TR-005723,TR-C05279,2023-10-12,0,1,clean_time_group_tuned,0.023003701105243805
TR-006112,TR-C00997,2023-10-12,0,1,clean_time_group_tuned,0.08096477896094013
TR-007395,TR-C02519,2023-10-12,0,1,clean_time_group_tuned,0.04223276809309459
TR-000190,TR-C05442,2023-10-13,0,1,clean_time_group_tuned,0.03507173089674195
TR-000689,TR-C00849,2023-10-13,0,1,clean_time_group_tuned,0.027275717947234213
TR-001107,TR-C02073,2023-10-13,0,1,clean_time_group_tuned,0.040294931836096594
TR-002384,TR-C01654,2023-10-13,0,1,clean_time_group_tuned,0.033901849462383
TR-004277,TR-C03844,2023-10-13,0,1,clean_time_group_tuned,0.026771246588438456
TR-004606,TR-C01189,2023-10-13,0,1,clean_time_group_tuned,0.11288340578356179
TR-005707,TR-C00582,2023-10-13,0,1,clean_time_group_tuned,0.05134101799789867
TR-006047,TR-C03088,2023-10-13,0,1,clean_time_group_tuned,0.013558154686994403
TR-006417,TR-C04672,2023-10-13,0,1,clean_time_group_tuned,0.042845661151952034
TR-006443,TR-C00109,2023-10-13,0,1,clean_time_group_tuned,0.02594277876995219
TR-007690,TR-C01251,2023-10-13,0,1,clean_time_group_tuned,0.05315548365912659
TR-008633,TR-C04611,2023-10-13,0,1,clean_time_group_tuned,0.09484401154736197
TR-008778,TR-C04023,2023-10-13,0,1,clean_time_group_tuned,0.032263771521717687
TR-000037,TR-C04879,2023-10-14,1,1,clean_time_group_tuned,0.18750114767983767
TR-000355,TR-C01058,2023-10-14,1,1,clean_time_group_tuned,0.09683594910927765
TR-001457,TR-C02303,2023-10-14,0,1,clean_time_group_tuned,0.039650954623661194
TR-001774,TR-C01888,2023-10-14,1,1,clean_time_group_tuned,0.6816653028610027
TR-002803,TR-C03999,2023-10-14,0,1,clean_time_group_tuned,0.040185237055247805
TR-004438,TR-C04209,2023-10-14,0,1,clean_time_group_tuned,0.06352646800267629
TR-005106,TR-C01246,2023-10-14,0,1,clean_time_group_tuned,0.030880152727807426
TR-006616,TR-C06346,2023-10-14,0,1,clean_time_group_tuned,0.03660518885931253
TR-009544,TR-C05666,2023-10-14,0,1,clean_time_group_tuned,0.04902645344055892
TR-000259,TR-C00799,2023-10-15,0,1,clean_time_group_tuned,0.1560834595332023
TR-000790,TR-C05112,2023-10-15,0,1,clean_time_group_tuned,0.04048435027967714
TR-001052,TR-C03759,2023-10-15,0,1,clean_time_group_tuned,0.01713701146680826
TR-001765,TR-C05717,2023-10-15,0,1,clean_time_group_tuned,0.1036639586466476
TR-002607,TR-C02569,2023-10-15,1,1,clean_time_group_tuned,0.21637621594813036
TR-005438,TR-C00479,2023-10-15,0,1,clean_time_group_tuned,0.06646984965070822
TR-005511,TR-C00020,2023-10-15,0,1,clean_time_group_tuned,0.3911771514351508
TR-005861,TR-C00521,2023-10-15,0,1,clean_time_group_tuned,0.025237875291784298
TR-007049,TR-C05637,2023-10-15,0,1,clean_time_group_tuned,0.01955597190367187
TR-007657,TR-C05720,2023-10-15,0,1,clean_time_group_tuned,0.02151978986272699
TR-009795,TR-C00247,2023-10-15,0,1,clean_time_group_tuned,0.22043710244291762
TR-000828,TR-C00909,2023-10-16,0,1,clean_time_group_tuned,0.052150991867197884
TR-001690,TR-C01407,2023-10-16,0,1,clean_time_group_tuned,0.15124051662140692
TR-002106,TR-C01447,2023-10-16,0,1,clean_time_group_tuned,0.030425022937198058
TR-003599,TR-C03122,2023-10-16,0,1,clean_time_group_tuned,0.03221584923873581
TR-004106,TR-C03486,2023-10-16,1,1,clean_time_group_tuned,0.08815748281687234
TR-004483,TR-C05906,2023-10-16,0,1,clean_time_group_tuned,0.16882906853621082
TR-000988,TR-C04221,2023-10-17,0,1,clean_time_group_tuned,0.03959181998550783
TR-001472,TR-C05747,2023-10-17,0,1,clean_time_group_tuned,0.15750186316922352
TR-001806,TR-C04094,2023-10-17,0,1,clean_time_group_tuned,0.03086311193241925
TR-002652,TR-C01641,2023-10-17,0,1,clean_time_group_tuned,0.028846647298288487
TR-002993,TR-C03204,2023-10-17,0,1,clean_time_group_tuned,0.08280962234413404
TR-004249,TR-C02625,2023-10-17,0,1,clean_time_group_tuned,0.04578949132785401
TR-006404,TR-C01594,2023-10-17,0,1,clean_time_group_tuned,0.06659533263033203
TR-008539,TR-C00513,2023-10-17,0,1,clean_time_group_tuned,0.02231236434506318
TR-000339,TR-C03253,2023-10-18,0,1,clean_time_group_tuned,0.048476427307907397
TR-000616,TR-C05646,2023-10-18,0,1,clean_time_group_tuned,0.02834449294298475
TR-000645,TR-C05359,2023-10-18,0,1,clean_time_group_tuned,0.1410124143124593
TR-003123,TR-C02971,2023-10-18,0,1,clean_time_group_tuned,0.015069350514214225
TR-004238,TR-C00498,2023-10-18,0,1,clean_time_group_tuned,0.025370904635512042
TR-007002,TR-C04888,2023-10-18,0,1,clean_time_group_tuned,0.018108267385984166
TR-008249,TR-C04746,2023-10-18,0,1,clean_time_group_tuned,0.12365012272253072
TR-008504,TR-C03264,2023-10-18,0,1,clean_time_group_tuned,0.08269602825214518
TR-009014,TR-C04036,2023-10-18,0,1,clean_time_group_tuned,0.024253130128333297
TR-001467,TR-C03885,2023-10-19,0,1,clean_time_group_tuned,0.03537623872611584
TR-002046,TR-C05582,2023-10-19,0,1,clean_time_group_tuned,0.20638265450077725
TR-003521,TR-C01976,2023-10-19,0,1,clean_time_group_tuned,0.017549752046002988
TR-004083,TR-C01382,2023-10-19,0,1,clean_time_group_tuned,0.031024705374439562
TR-004622,TR-C04909,2023-10-19,0,1,clean_time_group_tuned,0.0439997858369809
TR-005896,TR-C05212,2023-10-19,0,1,clean_time_group_tuned,0.02317149155572672
TR-007721,TR-C00271,2023-10-19,0,1,clean_time_group_tuned,0.038936045512179766
TR-008653,TR-C01438,2023-10-19,0,1,clean_time_group_tuned,0.017743262602898355
TR-009511,TR-C01782,2023-10-19,0,1,clean_time_group_tuned,0.1315533162672128
TR-001065,TR-C06009,2023-10-20,0,1,clean_time_group_tuned,0.26100603893437063
TR-001152,TR-C06265,2023-10-20,0,1,clean_time_group_tuned,0.13016475731164592
TR-002654,TR-C01601,2023-10-20,0,1,clean_time_group_tuned,0.01798084756503421
TR-004151,TR-C02003,2023-10-20,0,1,clean_time_group_tuned,0.058631256365403915
TR-004398,TR-C05825,2023-10-20,0,1,clean_time_group_tuned,0.040551511727847864
TR-005518,TR-C00876,2023-10-20,0,1,clean_time_group_tuned,0.06202864950631304
TR-007076,TR-C00460,2023-10-20,1,1,clean_time_group_tuned,0.09338243217170335
TR-007851,TR-C05644,2023-10-20,0,1,clean_time_group_tuned,0.03658316367683564
TR-007993,TR-C03668,2023-10-20,0,1,clean_time_group_tuned,0.03839101549118568
TR-001919,TR-C01108,2023-10-21,0,1,clean_time_group_tuned,0.03389059645791082
TR-004305,TR-C06335,2023-10-21,0,1,clean_time_group_tuned,0.015478467430143859
TR-006573,TR-C00354,2023-10-21,0,1,clean_time_group_tuned,0.04453945255603563
TR-007737,TR-C03412,2023-10-21,0,1,clean_time_group_tuned,0.02516003288743377
TR-008952,TR-C02384,2023-10-21,0,1,clean_time_group_tuned,0.03960254877976965
TR-002232,TR-C01779,2023-10-22,0,1,clean_time_group_tuned,0.34227322226405926
TR-003762,TR-C05278,2023-10-22,0,1,clean_time_group_tuned,0.052388504438651326
TR-004329,TR-C03592,2023-10-22,0,1,clean_time_group_tuned,0.035098537767718256
TR-004347,TR-C03012,2023-10-22,0,1,clean_time_group_tuned,0.0627936264125298
TR-004499,TR-C04394,2023-10-22,0,1,clean_time_group_tuned,0.022894548780510737
TR-005450,TR-C05031,2023-10-22,0,1,clean_time_group_tuned,0.13813873008827326
TR-006285,TR-C03878,2023-10-22,0,1,clean_time_group_tuned,0.02596104730775019
TR-009188,TR-C06370,2023-10-22,0,1,clean_time_group_tuned,0.03478339127021557
TR-009497,TR-C05166,2023-10-22,0,1,clean_time_group_tuned,0.17353543966156745
TR-009553,TR-C02786,2023-10-22,1,1,clean_time_group_tuned,0.3007219541515106
TR-009593,TR-C02340,2023-10-22,0,1,clean_time_group_tuned,0.040093418198391545
TR-000800,TR-C06220,2023-10-23,0,1,clean_time_group_tuned,0.022609519165916605
TR-003163,TR-C06113,2023-10-23,0,1,clean_time_group_tuned,0.11424035076064676
TR-003555,TR-C00251,2023-10-23,0,1,clean_time_group_tuned,0.021241664787998736
TR-003817,TR-C04515,2023-10-23,0,1,clean_time_group_tuned,0.053295003940244445
TR-003910,TR-C06473,2023-10-23,0,1,clean_time_group_tuned,0.035913935961865436
TR-005781,TR-C05639,2023-10-23,0,1,clean_time_group_tuned,0.5440724180030893
TR-009163,TR-C01827,2023-10-23,0,1,clean_time_group_tuned,0.12618012350386948
TR-001353,TR-C04838,2023-10-24,0,1,clean_time_group_tuned,0.30459605126558165
TR-002700,TR-C01630,2023-10-24,0,1,clean_time_group_tuned,0.022399274214244348
TR-003946,TR-C05289,2023-10-24,0,1,clean_time_group_tuned,0.4394502899605698
TR-004160,TR-C00804,2023-10-24,0,1,clean_time_group_tuned,0.4836888536195264
TR-006229,TR-C02916,2023-10-24,0,1,clean_time_group_tuned,0.022666321614620562
TR-007117,TR-C00930,2023-10-24,0,1,clean_time_group_tuned,0.392179044606177
TR-009989,TR-C01214,2023-10-24,1,1,clean_time_group_tuned,0.025744112324661953
TR-000424,TR-C04125,2023-10-25,0,1,clean_time_group_tuned,0.1507896965258782
TR-000495,TR-C02518,2023-10-25,1,1,clean_time_group_tuned,0.15851275753450386
TR-001304,TR-C05982,2023-10-25,0,1,clean_time_group_tuned,0.022042535868036672
TR-002538,TR-C00985,2023-10-25,0,1,clean_time_group_tuned,0.03498353601203373
TR-003002,TR-C05083,2023-10-25,0,1,clean_time_group_tuned,0.09119837305548092
TR-003003,TR-C03981,2023-10-25,0,1,clean_time_group_tuned,0.02154909837168331
TR-003787,TR-C05845,2023-10-25,0,1,clean_time_group_tuned,0.13737942731221944
TR-004395,TR-C05295,2023-10-25,0,1,clean_time_group_tuned,0.02769533773991007
TR-005022,TR-C05847,2023-10-25,0,1,clean_time_group_tuned,0.030241102853763618
TR-005969,TR-C03856,2023-10-25,0,1,clean_time_group_tuned,0.025587635875552493
TR-008808,TR-C02434,2023-10-25,0,1,clean_time_group_tuned,0.056235333002365405
TR-009978,TR-C04786,2023-10-25,0,1,clean_time_group_tuned,0.08453238985728645
TR-003951,TR-C04942,2023-10-26,0,1,clean_time_group_tuned,0.06315956434608937
TR-004294,TR-C05742,2023-10-26,0,1,clean_time_group_tuned,0.0807131991072179
TR-004899,TR-C06378,2023-10-26,0,1,clean_time_group_tuned,0.20142142791220244
TR-005727,TR-C00897,2023-10-26,0,1,clean_time_group_tuned,0.04162701133823615
TR-006256,TR-C02081,2023-10-26,0,1,clean_time_group_tuned,0.022942811639949826
TR-007544,TR-C01300,2023-10-26,0,1,clean_time_group_tuned,0.025449371440968628
TR-001178,TR-C01652,2023-10-27,0,1,clean_time_group_tuned,0.031508735992023695
TR-001335,TR-C02355,2023-10-27,0,1,clean_time_group_tuned,0.04077895343299272
TR-001973,TR-C02095,2023-10-27,0,1,clean_time_group_tuned,0.05668994636997187
TR-003001,TR-C02621,2023-10-27,0,1,clean_time_group_tuned,0.07737583462964863
TR-003360,TR-C05094,2023-10-27,0,1,clean_time_group_tuned,0.018012773075923635
TR-004222,TR-C00858,2023-10-27,0,1,clean_time_group_tuned,0.038109376102407076
TR-006326,TR-C00108,2023-10-27,0,1,clean_time_group_tuned,0.07586111081484434
TR-008165,TR-C01052,2023-10-27,0,1,clean_time_group_tuned,0.16666838987696034
TR-009939,TR-C06370,2023-10-27,0,1,clean_time_group_tuned,0.11966877628719484
TR-000376,TR-C00820,2023-10-28,0,1,clean_time_group_tuned,0.014612056867429606
TR-004745,TR-C01649,2023-10-28,0,1,clean_time_group_tuned,0.2871943044025376
TR-008188,TR-C03754,2023-10-28,0,1,clean_time_group_tuned,0.031931340196459435
TR-008821,TR-C02671,2023-10-28,0,1,clean_time_group_tuned,0.02437168365249323
TR-000955,TR-C05686,2023-10-29,0,1,clean_time_group_tuned,0.011875950047368864
TR-001119,TR-C03193,2023-10-29,0,1,clean_time_group_tuned,0.07147892591386194
TR-001932,TR-C03349,2023-10-29,0,1,clean_time_group_tuned,0.026079778792748944
TR-002483,TR-C05039,2023-10-29,0,1,clean_time_group_tuned,0.0231638401181725
TR-002520,TR-C01093,2023-10-29,1,1,clean_time_group_tuned,0.5268481693438304
TR-003248,TR-C00606,2023-10-29,1,1,clean_time_group_tuned,0.36708761728229294
TR-003503,TR-C00692,2023-10-29,0,1,clean_time_group_tuned,0.24733549443700256
TR-004540,TR-C04035,2023-10-29,1,1,clean_time_group_tuned,0.11041123123866488
TR-004934,TR-C04751,2023-10-29,0,1,clean_time_group_tuned,0.08016187710726526
TR-005389,TR-C03560,2023-10-29,0,1,clean_time_group_tuned,0.03483964097055301
TR-006564,TR-C03080,2023-10-29,0,1,clean_time_group_tuned,0.023126138401820814
TR-007085,TR-C01335,2023-10-29,0,1,clean_time_group_tuned,0.01791495937505063
TR-007535,TR-C02244,2023-10-29,0,1,clean_time_group_tuned,0.02531496841972331
TR-002346,TR-C02435,2023-10-30,0,1,clean_time_group_tuned,0.02360442939086993
TR-003074,TR-C02300,2023-10-30,0,1,clean_time_group_tuned,0.02998640431971625
TR-003437,TR-C00879,2023-10-30,0,1,clean_time_group_tuned,0.04574455436288861
TR-003824,TR-C03538,2023-10-30,0,1,clean_time_group_tuned,0.02607896164235878
TR-004159,TR-C06449,2023-10-30,0,1,clean_time_group_tuned,0.04818908029129374
TR-006043,TR-C01729,2023-10-30,0,1,clean_time_group_tuned,0.04464925726227414
TR-009720,TR-C02604,2023-10-30,0,1,clean_time_group_tuned,0.11004014395415872
TR-009956,TR-C03379,2023-10-30,0,1,clean_time_group_tuned,0.013384892994697844
TR-009970,TR-C05918,2023-10-30,0,1,clean_time_group_tuned,0.04285038462502543
TR-000713,TR-C05031,2023-10-31,0,1,clean_time_group_tuned,0.02955217409666517
TR-000897,TR-C02357,2023-10-31,0,1,clean_time_group_tuned,0.02642160927645784
TR-001663,TR-C04174,2023-10-31,0,1,clean_time_group_tuned,0.10915654954972843
TR-001795,TR-C05493,2023-10-31,0,1,clean_time_group_tuned,0.012564762489433733
TR-002940,TR-C03795,2023-10-31,0,1,clean_time_group_tuned,0.020066694319267542
TR-007195,TR-C04564,2023-10-31,1,1,clean_time_group_tuned,0.3898866645292262
TR-007249,TR-C06301,2023-10-31,0,1,clean_time_group_tuned,0.018142277256667887
TR-001424,TR-C00152,2023-11-01,0,1,clean_time_group_tuned,0.024595374143614252
TR-003584,TR-C04935,2023-11-01,0,1,clean_time_group_tuned,0.05012284486266016
TR-004212,TR-C00521,2023-11-01,0,1,clean_time_group_tuned,0.08787535424344338
TR-004502,TR-C06054,2023-11-01,0,1,clean_time_group_tuned,0.13129418171963658
TR-009115,TR-C03046,2023-11-01,0,1,clean_time_group_tuned,0.01630501852788688
TR-009211,TR-C03101,2023-11-01,0,1,clean_time_group_tuned,0.021479350102790288
TR-009305,TR-C03163,2023-11-01,0,1,clean_time_group_tuned,0.019279172763094966
TR-009685,TR-C01365,2023-11-01,0,1,clean_time_group_tuned,0.04635568666680092
TR-000031,TR-C00884,2023-11-02,0,1,clean_time_group_tuned,0.1616547038926168
TR-001681,TR-C05590,2023-11-02,1,1,clean_time_group_tuned,0.17437253287280968
TR-001724,TR-C03591,2023-11-02,0,1,clean_time_group_tuned,0.02455704543102476
TR-002028,TR-C01082,2023-11-02,0,1,clean_time_group_tuned,0.04032936953865605
TR-002699,TR-C03749,2023-11-02,0,1,clean_time_group_tuned,0.02382506819585434
TR-005066,TR-C03907,2023-11-02,0,1,clean_time_group_tuned,0.04325661004371616
TR-005777,TR-C05202,2023-11-02,0,1,clean_time_group_tuned,0.015607351703706855
TR-006484,TR-C06238,2023-11-02,0,1,clean_time_group_tuned,0.03669591119643137
TR-007832,TR-C03828,2023-11-02,0,1,clean_time_group_tuned,0.04958712452519603
TR-009125,TR-C00866,2023-11-02,0,1,clean_time_group_tuned,0.016941648940590786
TR-000030,TR-C03597,2023-11-03,0,1,clean_time_group_tuned,0.06282322927085407
TR-000103,TR-C00555,2023-11-03,0,1,clean_time_group_tuned,0.07066305914035942
TR-001194,TR-C00125,2023-11-03,0,1,clean_time_group_tuned,0.039713319878033435
TR-001497,TR-C03165,2023-11-03,0,1,clean_time_group_tuned,0.034225775930613385
TR-001770,TR-C03401,2023-11-03,0,1,clean_time_group_tuned,0.1397860463993693
TR-001851,TR-C03434,2023-11-03,0,1,clean_time_group_tuned,0.19032992471181145
TR-001978,TR-C04475,2023-11-03,0,1,clean_time_group_tuned,0.016041587051699814
TR-002210,TR-C04825,2023-11-03,0,1,clean_time_group_tuned,0.0196824876202948
TR-002307,TR-C01082,2023-11-03,0,1,clean_time_group_tuned,0.035736216051766204
TR-003645,TR-C01061,2023-11-03,0,1,clean_time_group_tuned,0.07329510598972448
TR-005035,TR-C04641,2023-11-03,0,1,clean_time_group_tuned,0.02538557603075845
TR-007156,TR-C06388,2023-11-03,0,1,clean_time_group_tuned,0.03671965276524051
TR-008290,TR-C06160,2023-11-03,0,1,clean_time_group_tuned,0.03646660006860412
TR-000553,TR-C00162,2023-11-04,0,1,clean_time_group_tuned,0.04855316842620058
TR-002130,TR-C04908,2023-11-04,0,1,clean_time_group_tuned,0.022569849276651528
TR-004590,TR-C00589,2023-11-04,0,1,clean_time_group_tuned,0.033469154868171584
TR-005293,TR-C01522,2023-11-04,0,1,clean_time_group_tuned,0.027441915230764016
TR-007131,TR-C04371,2023-11-04,1,1,clean_time_group_tuned,0.016499823126928746
TR-007607,TR-C02639,2023-11-04,0,1,clean_time_group_tuned,0.06441015546383967
TR-009931,TR-C06133,2023-11-04,0,1,clean_time_group_tuned,0.14018152899565883
TR-000066,TR-C05280,2023-11-05,0,1,clean_time_group_tuned,0.014159007626923131
TR-001719,TR-C03727,2023-11-05,0,1,clean_time_group_tuned,0.027067525077225808
TR-001793,TR-C04565,2023-11-05,0,1,clean_time_group_tuned,0.035442997951158815
TR-003105,TR-C00041,2023-11-05,0,1,clean_time_group_tuned,0.0216568291284858
TR-003448,TR-C01228,2023-11-05,0,1,clean_time_group_tuned,0.027608157564076412
TR-003518,TR-C05139,2023-11-05,0,1,clean_time_group_tuned,0.08672827042295884
TR-004527,TR-C04980,2023-11-05,0,1,clean_time_group_tuned,0.023799765964775673
TR-005552,TR-C06412,2023-11-05,0,1,clean_time_group_tuned,0.15945639125063465
TR-007162,TR-C05596,2023-11-05,0,1,clean_time_group_tuned,0.021257963197088024
TR-007196,TR-C01205,2023-11-05,0,1,clean_time_group_tuned,0.07450469400628967
TR-007831,TR-C05684,2023-11-05,0,1,clean_time_group_tuned,0.030557192428722638
TR-001507,TR-C06476,2023-11-06,0,1,clean_time_group_tuned,0.018221419458462264
TR-002828,TR-C00042,2023-11-06,0,1,clean_time_group_tuned,0.0402078497154837
TR-005008,TR-C06028,2023-11-06,0,1,clean_time_group_tuned,0.17525678468581746
TR-009781,TR-C05005,2023-11-06,0,1,clean_time_group_tuned,0.11068695346655415
TR-000394,TR-C04780,2023-11-07,0,1,clean_time_group_tuned,0.08531676800553066
TR-002657,TR-C04629,2023-11-07,0,1,clean_time_group_tuned,0.0540634110872085
TR-003292,TR-C02424,2023-11-07,0,1,clean_time_group_tuned,0.08782876014203561
TR-003513,TR-C01663,2023-11-07,0,1,clean_time_group_tuned,0.033901148536089866
TR-004104,TR-C00029,2023-11-07,0,1,clean_time_group_tuned,0.10578540333847569
TR-004239,TR-C04296,2023-11-07,0,1,clean_time_group_tuned,0.031704123661000845
TR-004921,TR-C04044,2023-11-07,0,1,clean_time_group_tuned,0.026402308005885538
TR-005244,TR-C05647,2023-11-07,0,1,clean_time_group_tuned,0.039862641853666336
TR-007921,TR-C05650,2023-11-07,0,1,clean_time_group_tuned,0.014817004519711853
TR-000084,TR-C00678,2023-11-08,0,1,clean_time_group_tuned,0.018704625387269486
TR-000350,TR-C00694,2023-11-08,0,1,clean_time_group_tuned,0.016480546754478315
TR-003395,TR-C06272,2023-11-08,0,1,clean_time_group_tuned,0.01816928263921252
TR-004855,TR-C05651,2023-11-08,0,1,clean_time_group_tuned,0.02938039938630894
TR-005398,TR-C00295,2023-11-08,1,1,clean_time_group_tuned,0.15255890260191177
TR-008800,TR-C06420,2023-11-08,0,1,clean_time_group_tuned,0.02132504006170363
TR-008918,TR-C05555,2023-11-08,1,1,clean_time_group_tuned,0.01655089960320842
TR-001990,TR-C05209,2023-11-09,0,1,clean_time_group_tuned,0.07212519724211322
TR-002472,TR-C04621,2023-11-09,0,1,clean_time_group_tuned,0.055404825402282
TR-003483,TR-C03447,2023-11-09,0,1,clean_time_group_tuned,0.09461107795320846
TR-004440,TR-C02809,2023-11-09,0,1,clean_time_group_tuned,0.06117240446796119
TR-008182,TR-C02572,2023-11-09,1,1,clean_time_group_tuned,0.6392224819195962
TR-008951,TR-C01107,2023-11-09,0,1,clean_time_group_tuned,0.03762494561645557
TR-008981,TR-C04758,2023-11-09,0,1,clean_time_group_tuned,0.5158956266142095
TR-000756,TR-C02660,2023-11-10,0,1,clean_time_group_tuned,0.04593063076815641
TR-000858,TR-C01333,2023-11-10,0,1,clean_time_group_tuned,0.018101704452000475
TR-002093,TR-C01943,2023-11-10,0,1,clean_time_group_tuned,0.030106742352807126
TR-002203,TR-C02064,2023-11-10,0,1,clean_time_group_tuned,0.07693204142834721
TR-002501,TR-C01197,2023-11-10,0,1,clean_time_group_tuned,0.029119724015230056
TR-003702,TR-C03410,2023-11-10,0,1,clean_time_group_tuned,0.015055480235240596
TR-007233,TR-C02868,2023-11-10,0,1,clean_time_group_tuned,0.030189838256223657
TR-007286,TR-C04834,2023-11-10,0,1,clean_time_group_tuned,0.04382649581743435
TR-007694,TR-C00238,2023-11-10,0,1,clean_time_group_tuned,0.044229237768852764
TR-000077,TR-C01140,2023-11-11,0,1,clean_time_group_tuned,0.03654396964956738
TR-001741,TR-C05402,2023-11-11,0,1,clean_time_group_tuned,0.03816672655644742
TR-002687,TR-C02711,2023-11-11,0,1,clean_time_group_tuned,0.013588531334810167
TR-003925,TR-C03817,2023-11-11,0,1,clean_time_group_tuned,0.05700119697859367
TR-004248,TR-C00239,2023-11-11,0,1,clean_time_group_tuned,0.028474093897209694
TR-004683,TR-C01156,2023-11-11,0,1,clean_time_group_tuned,0.10151241950337957
TR-006074,TR-C02402,2023-11-11,0,1,clean_time_group_tuned,0.30968764470474375
TR-009518,TR-C01087,2023-11-11,0,1,clean_time_group_tuned,0.08500211233257349
TR-000764,TR-C05054,2023-11-12,0,1,clean_time_group_tuned,0.030774234348026883
TR-002751,TR-C02252,2023-11-12,1,1,clean_time_group_tuned,0.04760569766272263
TR-002764,TR-C02581,2023-11-12,0,1,clean_time_group_tuned,0.034410852803736146
TR-003274,TR-C04188,2023-11-12,0,1,clean_time_group_tuned,0.033445545106067516
TR-003873,TR-C01106,2023-11-12,0,1,clean_time_group_tuned,0.12048167774596817
TR-005455,TR-C01411,2023-11-12,1,1,clean_time_group_tuned,0.12006222815203464
TR-005580,TR-C02940,2023-11-12,0,1,clean_time_group_tuned,0.17152713159416977
TR-006929,TR-C03853,2023-11-12,0,1,clean_time_group_tuned,0.040019757235635556
TR-007576,TR-C06258,2023-11-12,0,1,clean_time_group_tuned,0.012838458567254114
TR-009691,TR-C04658,2023-11-12,0,1,clean_time_group_tuned,0.02086505788132995
TR-002958,TR-C03660,2023-11-13,0,1,clean_time_group_tuned,0.019702613321015076
TR-003219,TR-C05034,2023-11-13,0,1,clean_time_group_tuned,0.18014804101546392
TR-003239,TR-C02874,2023-11-13,1,1,clean_time_group_tuned,0.16778451620926302
TR-003245,TR-C04621,2023-11-13,0,1,clean_time_group_tuned,0.02359765973942236
TR-003546,TR-C05661,2023-11-13,0,1,clean_time_group_tuned,0.018747411596139806
TR-004299,TR-C06447,2023-11-13,0,1,clean_time_group_tuned,0.08366544067545656
TR-005651,TR-C04838,2023-11-13,0,1,clean_time_group_tuned,0.06380405229170326
TR-008988,TR-C04603,2023-11-13,0,1,clean_time_group_tuned,0.024967357277891396
TR-009506,TR-C00694,2023-11-13,0,1,clean_time_group_tuned,0.046350914500025715
TR-000137,TR-C02178,2023-11-14,0,1,clean_time_group_tuned,0.026103852125634347
TR-002299,TR-C05305,2023-11-14,0,1,clean_time_group_tuned,0.0351277646052458
TR-002536,TR-C04971,2023-11-14,0,1,clean_time_group_tuned,0.04800027649868609
TR-002641,TR-C03079,2023-11-14,1,1,clean_time_group_tuned,0.23348765569079313
TR-002892,TR-C04115,2023-11-14,0,1,clean_time_group_tuned,0.02572188937174806
TR-003721,TR-C01456,2023-11-14,0,1,clean_time_group_tuned,0.06604791419648026
TR-003771,TR-C00298,2023-11-14,1,1,clean_time_group_tuned,0.08314571305914761
TR-004062,TR-C00545,2023-11-14,0,1,clean_time_group_tuned,0.019768756190487367
TR-005916,TR-C06199,2023-11-14,0,1,clean_time_group_tuned,0.1012400736705128
TR-006173,TR-C05890,2023-11-14,0,1,clean_time_group_tuned,0.30018114842910965
TR-007550,TR-C02722,2023-11-14,0,1,clean_time_group_tuned,0.017130501198767713
TR-008566,TR-C06423,2023-11-14,0,1,clean_time_group_tuned,0.13685216486063095
TR-008625,TR-C05768,2023-11-14,1,1,clean_time_group_tuned,0.11874521999829893
TR-000244,TR-C01510,2023-11-15,0,1,clean_time_group_tuned,0.017775255404408864
TR-000962,TR-C00378,2023-11-15,0,1,clean_time_group_tuned,0.0435279397436072
TR-001199,TR-C06334,2023-11-15,0,1,clean_time_group_tuned,0.024229111042510854
TR-002048,TR-C04565,2023-11-15,0,1,clean_time_group_tuned,0.014290370560789143
TR-004787,TR-C01718,2023-11-15,0,1,clean_time_group_tuned,0.06263165881130034
TR-005108,TR-C02757,2023-11-15,0,1,clean_time_group_tuned,0.32274089464085415
TR-005160,TR-C03649,2023-11-15,0,1,clean_time_group_tuned,0.01520489774256311
TR-005841,TR-C04164,2023-11-15,0,1,clean_time_group_tuned,0.028850287804510866
TR-006330,TR-C03813,2023-11-15,0,1,clean_time_group_tuned,0.05836025141657738
TR-006667,TR-C01397,2023-11-15,0,1,clean_time_group_tuned,0.09336389550824015
TR-007894,TR-C01294,2023-11-15,0,1,clean_time_group_tuned,0.020070749357413212
TR-007895,TR-C04485,2023-11-15,1,1,clean_time_group_tuned,0.07608912008990934
TR-008094,TR-C01155,2023-11-15,0,1,clean_time_group_tuned,0.04249338441389283
TR-009753,TR-C01324,2023-11-15,0,1,clean_time_group_tuned,0.020009447425801057
TR-000081,TR-C03653,2023-11-16,0,1,clean_time_group_tuned,0.03312902294876507
TR-001135,TR-C03765,2023-11-16,0,1,clean_time_group_tuned,0.0434154802608008
TR-002035,TR-C03579,2023-11-16,0,1,clean_time_group_tuned,0.036757590108741474
TR-004927,TR-C05907,2023-11-16,1,1,clean_time_group_tuned,0.20026262106274292
TR-008420,TR-C00520,2023-11-16,0,1,clean_time_group_tuned,0.017393068984471627
TR-008976,TR-C05975,2023-11-16,0,1,clean_time_group_tuned,0.10540545730346047
TR-003663,TR-C01413,2023-11-17,0,1,clean_time_group_tuned,0.030245726932821286
TR-003786,TR-C05116,2023-11-17,0,1,clean_time_group_tuned,0.05088057018202805
TR-004531,TR-C03241,2023-11-17,0,1,clean_time_group_tuned,0.01932987849991101
TR-004560,TR-C04358,2023-11-17,0,1,clean_time_group_tuned,0.03547280248491247
TR-006539,TR-C03619,2023-11-17,0,1,clean_time_group_tuned,0.11792610460326787
TR-008904,TR-C05663,2023-11-17,0,1,clean_time_group_tuned,0.025030843098120203
TR-009189,TR-C01769,2023-11-17,0,1,clean_time_group_tuned,0.35369427005633497
TR-009982,TR-C04517,2023-11-17,0,1,clean_time_group_tuned,0.018598547813354432
TR-001675,TR-C02573,2023-11-18,0,1,clean_time_group_tuned,0.025517000092886044
TR-002795,TR-C00091,2023-11-18,0,1,clean_time_group_tuned,0.03205713614493786
TR-003834,TR-C03467,2023-11-18,0,1,clean_time_group_tuned,0.03053436351792315
TR-005547,TR-C03195,2023-11-18,0,1,clean_time_group_tuned,0.01980091674489032
TR-006204,TR-C00282,2023-11-18,0,1,clean_time_group_tuned,0.04637535826351235
TR-007787,TR-C04939,2023-11-18,0,1,clean_time_group_tuned,0.026014961887452566
TR-008838,TR-C00917,2023-11-18,0,1,clean_time_group_tuned,0.044333762297492064
TR-009159,TR-C06178,2023-11-18,0,1,clean_time_group_tuned,0.013207954752387901
TR-009452,TR-C01617,2023-11-18,0,1,clean_time_group_tuned,0.03444178682861619
TR-000569,TR-C05549,2023-11-19,0,1,clean_time_group_tuned,0.034703010763465596
TR-002332,TR-C04952,2023-11-19,0,1,clean_time_group_tuned,0.1247387244327388
TR-006154,TR-C01177,2023-11-19,0,1,clean_time_group_tuned,0.11652764839351884
TR-007337,TR-C06471,2023-11-19,0,1,clean_time_group_tuned,0.027471166623670846
TR-000685,TR-C04077,2023-11-20,1,1,clean_time_group_tuned,0.20230956956322388
TR-002285,TR-C05664,2023-11-20,0,1,clean_time_group_tuned,0.03712778701464502
TR-002292,TR-C05713,2023-11-20,0,1,clean_time_group_tuned,0.021789493164230976
TR-002896,TR-C02125,2023-11-20,0,1,clean_time_group_tuned,0.04732351967498237
TR-003765,TR-C00857,2023-11-20,0,1,clean_time_group_tuned,0.14776758860839356
TR-006272,TR-C04609,2023-11-20,0,1,clean_time_group_tuned,0.034271870167415175
TR-006450,TR-C01175,2023-11-20,0,1,clean_time_group_tuned,0.04148775305301842
TR-008604,TR-C02249,2023-11-20,0,1,clean_time_group_tuned,0.03279229584006247
TR-009135,TR-C00376,2023-11-20,0,1,clean_time_group_tuned,0.015502085550193775
TR-004617,TR-C00832,2023-11-21,0,1,clean_time_group_tuned,0.6101651169104968
TR-007507,TR-C03990,2023-11-21,0,1,clean_time_group_tuned,0.23865925178340294
TR-007695,TR-C05986,2023-11-21,0,1,clean_time_group_tuned,0.06279721272575149
TR-008565,TR-C00062,2023-11-21,1,1,clean_time_group_tuned,0.03982646516153567
TR-009065,TR-C02753,2023-11-21,0,1,clean_time_group_tuned,0.07361941532247755
TR-002024,TR-C00934,2023-11-22,0,1,clean_time_group_tuned,0.021734672802771637
TR-002842,TR-C03253,2023-11-22,0,1,clean_time_group_tuned,0.043095401998921215
TR-003923,TR-C05898,2023-11-22,1,1,clean_time_group_tuned,0.6194462779008026
TR-005214,TR-C03176,2023-11-22,0,1,clean_time_group_tuned,0.06483735907863279
TR-008735,TR-C04670,2023-11-22,0,1,clean_time_group_tuned,0.04360813468749246
TR-008884,TR-C02280,2023-11-22,0,1,clean_time_group_tuned,0.0437037241176876
TR-009216,TR-C05651,2023-11-22,0,1,clean_time_group_tuned,0.01975855472926396
TR-000761,TR-C03374,2023-11-23,0,1,clean_time_group_tuned,0.32105006140535963
TR-001800,TR-C00412,2023-11-23,0,1,clean_time_group_tuned,0.04475481006765648
TR-002049,TR-C04916,2023-11-23,0,1,clean_time_group_tuned,0.231544068247438
TR-003222,TR-C04623,2023-11-23,0,1,clean_time_group_tuned,0.016130159314671634
TR-003979,TR-C00209,2023-11-23,0,1,clean_time_group_tuned,0.0286536780147953
TR-004322,TR-C01922,2023-11-23,0,1,clean_time_group_tuned,0.04153064998403421
TR-005085,TR-C05701,2023-11-23,0,1,clean_time_group_tuned,0.13556687080234794
TR-005277,TR-C03114,2023-11-23,0,1,clean_time_group_tuned,0.08247725744059248
TR-007424,TR-C01701,2023-11-23,0,1,clean_time_group_tuned,0.037514189108147744
TR-007556,TR-C00013,2023-11-23,0,1,clean_time_group_tuned,0.15414617074233536
TR-008299,TR-C06473,2023-11-23,0,1,clean_time_group_tuned,0.11480552325195285
TR-000413,TR-C05385,2023-11-24,0,1,clean_time_group_tuned,0.028020317120369433
TR-001203,TR-C03824,2023-11-24,0,1,clean_time_group_tuned,0.02687104480734272
TR-003543,TR-C04890,2023-11-24,0,1,clean_time_group_tuned,0.0787427146891465
TR-005002,TR-C06278,2023-11-24,0,1,clean_time_group_tuned,0.06260071076348149
TR-005017,TR-C00687,2023-11-24,0,1,clean_time_group_tuned,0.016194887213513556
TR-005408,TR-C03088,2023-11-24,0,1,clean_time_group_tuned,0.13435073040605675
TR-005569,TR-C02613,2023-11-24,0,1,clean_time_group_tuned,0.018715254688781307
TR-005912,TR-C03831,2023-11-24,0,1,clean_time_group_tuned,0.017439373994157927
TR-007317,TR-C02629,2023-11-24,0,1,clean_time_group_tuned,0.028989135354280944
TR-008801,TR-C02974,2023-11-24,0,1,clean_time_group_tuned,0.05911735381626657
TR-008966,TR-C02880,2023-11-24,0,1,clean_time_group_tuned,0.017214016728903266
TR-001462,TR-C05849,2023-11-25,0,1,clean_time_group_tuned,0.07095844750706973
TR-002353,TR-C05440,2023-11-25,1,1,clean_time_group_tuned,0.020037353127630105
TR-004052,TR-C01549,2023-11-25,0,1,clean_time_group_tuned,0.023520362672285522
TR-005675,TR-C01312,2023-11-25,0,1,clean_time_group_tuned,0.01784912154549643
TR-005795,TR-C02503,2023-11-25,0,1,clean_time_group_tuned,0.029868955677635544
TR-008820,TR-C02688,2023-11-25,0,1,clean_time_group_tuned,0.03775709178748117
TR-003726,TR-C02075,2023-11-26,0,1,clean_time_group_tuned,0.05308430783751685
TR-005005,TR-C05292,2023-11-26,0,1,clean_time_group_tuned,0.13672605227049506
TR-005426,TR-C03638,2023-11-26,0,1,clean_time_group_tuned,0.06127331693123092
TR-005824,TR-C04143,2023-11-26,0,1,clean_time_group_tuned,0.03168988350056808
TR-009121,TR-C00730,2023-11-26,0,1,clean_time_group_tuned,0.025583016329152962
TR-009316,TR-C01842,2023-11-26,0,1,clean_time_group_tuned,0.01428409411870265
TR-000078,TR-C02378,2023-11-27,0,1,clean_time_group_tuned,0.05288022264632258
TR-001738,TR-C05813,2023-11-27,0,1,clean_time_group_tuned,0.04186042341539681
TR-002603,TR-C02480,2023-11-27,0,1,clean_time_group_tuned,0.022476264254689373
TR-005295,TR-C03850,2023-11-27,0,1,clean_time_group_tuned,0.02086907679289433
TR-006193,TR-C00704,2023-11-27,0,1,clean_time_group_tuned,0.061195249797096354
TR-007190,TR-C02368,2023-11-27,0,1,clean_time_group_tuned,0.025384826333287952
TR-007315,TR-C02098,2023-11-27,1,1,clean_time_group_tuned,0.7344117980239349
TR-007674,TR-C01148,2023-11-27,0,1,clean_time_group_tuned,0.03072496733394597
TR-008559,TR-C01941,2023-11-27,1,1,clean_time_group_tuned,0.5209940951975127
TR-009007,TR-C06365,2023-11-27,0,1,clean_time_group_tuned,0.09181346798363982
TR-001394,TR-C05738,2023-11-28,0,1,clean_time_group_tuned,0.01895881944007709
TR-001953,TR-C04998,2023-11-28,1,1,clean_time_group_tuned,0.05995972047955303
TR-003318,TR-C04420,2023-11-28,0,1,clean_time_group_tuned,0.05092837738873955
TR-005514,TR-C03946,2023-11-28,0,1,clean_time_group_tuned,0.03424620681138884
TR-006843,TR-C02493,2023-11-28,0,1,clean_time_group_tuned,0.06915275134111373
TR-008029,TR-C01340,2023-11-28,0,1,clean_time_group_tuned,0.025160341192368006
TR-000663,TR-C03152,2023-11-29,0,1,clean_time_group_tuned,0.028674041650922657
TR-001216,TR-C02445,2023-11-29,0,1,clean_time_group_tuned,0.17086598448747192
TR-001388,TR-C03359,2023-11-29,0,1,clean_time_group_tuned,0.03010072510738347
TR-002057,TR-C03730,2023-11-29,0,1,clean_time_group_tuned,0.08245949517882359
TR-005478,TR-C03074,2023-11-29,0,1,clean_time_group_tuned,0.02472598652063928
TR-005800,TR-C00684,2023-11-29,1,1,clean_time_group_tuned,0.08229263411702648
TR-006085,TR-C00422,2023-11-29,0,1,clean_time_group_tuned,0.02370224491667147
TR-006931,TR-C05036,2023-11-29,1,1,clean_time_group_tuned,0.11242093176557684
TR-006989,TR-C04093,2023-11-29,0,1,clean_time_group_tuned,0.018502287979628065
TR-000149,TR-C00363,2023-11-30,0,1,clean_time_group_tuned,0.040304797254555255
TR-000778,TR-C05419,2023-11-30,0,1,clean_time_group_tuned,0.03777279654161265
TR-002997,TR-C00794,2023-11-30,0,1,clean_time_group_tuned,0.036940293966743545
TR-003445,TR-C05060,2023-11-30,0,1,clean_time_group_tuned,0.02950862213093389
TR-004128,TR-C00717,2023-11-30,0,1,clean_time_group_tuned,0.07593976861457216
TR-004265,TR-C05523,2023-11-30,0,1,clean_time_group_tuned,0.3676340768150233
TR-006531,TR-C01153,2023-11-30,0,1,clean_time_group_tuned,0.1484426895997132
TR-006909,TR-C03154,2023-11-30,0,1,clean_time_group_tuned,0.033047038296749306
TR-007833,TR-C02811,2023-11-30,0,1,clean_time_group_tuned,0.016514419976812963
TR-009878,TR-C01552,2023-11-30,0,1,clean_time_group_tuned,0.04043148149717369
TR-000194,TR-C02588,2023-12-01,0,1,clean_time_group_tuned,0.029938073505958847
TR-000765,TR-C00016,2023-12-01,0,1,clean_time_group_tuned,0.02140136438051269
TR-002204,TR-C01874,2023-12-01,0,1,clean_time_group_tuned,0.012250107781289486
TR-002901,TR-C05353,2023-12-01,0,1,clean_time_group_tuned,0.20439716786270817
TR-003375,TR-C00452,2023-12-01,0,1,clean_time_group_tuned,0.013627252028527381
TR-003381,TR-C01606,2023-12-01,0,1,clean_time_group_tuned,0.07069082795627528
TR-005310,TR-C01499,2023-12-01,0,1,clean_time_group_tuned,0.05848670039076951
TR-006766,TR-C01384,2023-12-01,0,1,clean_time_group_tuned,0.20291110759486253
TR-006911,TR-C05823,2023-12-01,0,1,clean_time_group_tuned,0.024594419870196185
TR-006928,TR-C02466,2023-12-01,0,1,clean_time_group_tuned,0.02738369793568974
TR-009062,TR-C02217,2023-12-01,0,1,clean_time_group_tuned,0.01588608763300203
TR-001117,TR-C03899,2023-12-02,0,1,clean_time_group_tuned,0.03237111211545877
TR-002250,TR-C01411,2023-12-02,0,1,clean_time_group_tuned,0.06467243206138278
TR-003121,TR-C00219,2023-12-02,0,1,clean_time_group_tuned,0.03846055202779608
TR-003297,TR-C02426,2023-12-02,0,1,clean_time_group_tuned,0.019101002704922397
TR-004822,TR-C05334,2023-12-02,0,1,clean_time_group_tuned,0.2359901353570044
TR-006597,TR-C01951,2023-12-02,0,1,clean_time_group_tuned,0.2089088335290765
TR-007172,TR-C03584,2023-12-02,0,1,clean_time_group_tuned,0.048645147217417736
TR-008521,TR-C00207,2023-12-02,0,1,clean_time_group_tuned,0.047702607650295686
TR-009093,TR-C02893,2023-12-02,0,1,clean_time_group_tuned,0.09401439775830299
TR-009107,TR-C01594,2023-12-02,0,1,clean_time_group_tuned,0.056633753960763256
TR-009123,TR-C02190,2023-12-02,0,1,clean_time_group_tuned,0.025198784370685654
TR-009366,TR-C03073,2023-12-02,0,1,clean_time_group_tuned,0.015374458873235118
TR-001630,TR-C02453,2023-12-03,0,1,clean_time_group_tuned,0.023607473749147304
TR-001683,TR-C02322,2023-12-03,0,1,clean_time_group_tuned,0.2589541771758774
TR-001967,TR-C03965,2023-12-03,0,1,clean_time_group_tuned,0.014245408236760132
TR-003962,TR-C02669,2023-12-03,0,1,clean_time_group_tuned,0.05171334871610183
TR-004431,TR-C00354,2023-12-03,0,1,clean_time_group_tuned,0.15333517781234152
TR-004881,TR-C03054,2023-12-03,0,1,clean_time_group_tuned,0.11657380079345978
TR-006181,TR-C03807,2023-12-03,0,1,clean_time_group_tuned,0.054697250289375415
TR-006634,TR-C01261,2023-12-03,0,1,clean_time_group_tuned,0.041472673931139487
TR-007101,TR-C00604,2023-12-03,0,1,clean_time_group_tuned,0.028125267355300538
TR-007321,TR-C00428,2023-12-03,0,1,clean_time_group_tuned,0.0171927622276709
TR-007951,TR-C01619,2023-12-03,0,1,clean_time_group_tuned,0.11553577443598823
TR-008256,TR-C04494,2023-12-03,0,1,clean_time_group_tuned,0.08471190977095731
TR-000702,TR-C04675,2023-12-04,0,1,clean_time_group_tuned,0.037028025645170236
TR-001047,TR-C06368,2023-12-04,0,1,clean_time_group_tuned,0.016471075608258362
TR-002643,TR-C01088,2023-12-04,0,1,clean_time_group_tuned,0.03388272397080707
TR-007467,TR-C06159,2023-12-04,0,1,clean_time_group_tuned,0.041062061804731084
TR-007734,TR-C00245,2023-12-04,0,1,clean_time_group_tuned,0.12726684547628025
TR-009744,TR-C00595,2023-12-04,0,1,clean_time_group_tuned,0.015333076986596809
TR-000089,TR-C03010,2023-12-05,0,1,clean_time_group_tuned,0.515239109340738
TR-000289,TR-C02399,2023-12-05,0,1,clean_time_group_tuned,0.07206929573090579
TR-000465,TR-C04855,2023-12-05,0,1,clean_time_group_tuned,0.08659355735675411
TR-000485,TR-C01454,2023-12-05,1,1,clean_time_group_tuned,0.5512610709303879
TR-002777,TR-C02294,2023-12-05,0,1,clean_time_group_tuned,0.01929557124429609
TR-003337,TR-C03907,2023-12-05,0,1,clean_time_group_tuned,0.107879829553867
TR-004632,TR-C02151,2023-12-05,0,1,clean_time_group_tuned,0.02150008945709844
TR-005083,TR-C04313,2023-12-05,0,1,clean_time_group_tuned,0.02892764050091918
TR-006715,TR-C05858,2023-12-05,0,1,clean_time_group_tuned,0.10387563180136274
TR-009697,TR-C02058,2023-12-05,0,1,clean_time_group_tuned,0.0898903628923929
TR-000659,TR-C01381,2023-12-06,0,1,clean_time_group_tuned,0.05263584094358486
TR-001766,TR-C01567,2023-12-06,0,1,clean_time_group_tuned,0.07258809848331951
TR-004582,TR-C00299,2023-12-06,0,1,clean_time_group_tuned,0.08130401621775638
TR-005803,TR-C00767,2023-12-06,0,1,clean_time_group_tuned,0.11692809589101637
TR-006818,TR-C03345,2023-12-06,0,1,clean_time_group_tuned,0.09599590064044655
TR-008482,TR-C01880,2023-12-06,0,1,clean_time_group_tuned,0.031131320196987913
TR-008985,TR-C02567,2023-12-06,0,1,clean_time_group_tuned,0.03279588625233103
TR-009279,TR-C03347,2023-12-06,0,1,clean_time_group_tuned,0.020017877511439217
TR-000129,TR-C02401,2023-12-07,0,1,clean_time_group_tuned,0.019762879383590747
TR-000262,TR-C03359,2023-12-07,0,1,clean_time_group_tuned,0.11613377829767439
TR-002116,TR-C01869,2023-12-07,0,1,clean_time_group_tuned,0.054821158371325555
TR-003250,TR-C02654,2023-12-07,0,1,clean_time_group_tuned,0.05764888362497268
TR-007376,TR-C04793,2023-12-07,0,1,clean_time_group_tuned,0.16761717004612894
TR-007494,TR-C01982,2023-12-07,0,1,clean_time_group_tuned,0.021032094820560444
TR-008210,TR-C00250,2023-12-07,0,1,clean_time_group_tuned,0.046240043017165285
TR-009528,TR-C04707,2023-12-07,0,1,clean_time_group_tuned,0.01349354560996552
TR-001282,TR-C03016,2023-12-08,0,1,clean_time_group_tuned,0.04971648919095327
TR-001490,TR-C06209,2023-12-08,1,1,clean_time_group_tuned,0.3611067863897364
TR-001553,TR-C03711,2023-12-08,0,1,clean_time_group_tuned,0.0482078676244629
TR-002421,TR-C02951,2023-12-08,0,1,clean_time_group_tuned,0.03844656903920076
TR-004812,TR-C02861,2023-12-08,0,1,clean_time_group_tuned,0.034754162990068095
TR-008199,TR-C01452,2023-12-08,0,1,clean_time_group_tuned,0.02190121280112299
TR-008781,TR-C06245,2023-12-08,0,1,clean_time_group_tuned,0.054330911801794356
TR-009435,TR-C02907,2023-12-08,0,1,clean_time_group_tuned,0.10739445420441837
TR-001671,TR-C01327,2023-12-09,0,1,clean_time_group_tuned,0.022246352923544516
TR-001763,TR-C03019,2023-12-09,0,1,clean_time_group_tuned,0.08197270326092998
TR-002217,TR-C00430,2023-12-09,0,1,clean_time_group_tuned,0.021801093764936986
TR-007325,TR-C04417,2023-12-09,0,1,clean_time_group_tuned,0.15267744126497126
TR-007393,TR-C05797,2023-12-09,0,1,clean_time_group_tuned,0.028898782615125195
TR-001255,TR-C06189,2023-12-10,1,1,clean_time_group_tuned,0.11288750354831735
TR-002178,TR-C06176,2023-12-10,0,1,clean_time_group_tuned,0.11262238420140565
TR-004001,TR-C05881,2023-12-10,0,1,clean_time_group_tuned,0.020391697549837495
TR-004932,TR-C04658,2023-12-10,0,1,clean_time_group_tuned,0.015279267415956518
TR-006775,TR-C02240,2023-12-10,0,1,clean_time_group_tuned,0.17223685450370593
TR-007022,TR-C00963,2023-12-10,0,1,clean_time_group_tuned,0.021945759734241312
TR-008200,TR-C01918,2023-12-10,0,1,clean_time_group_tuned,0.01534936422662283
TR-008266,TR-C06041,2023-12-10,0,1,clean_time_group_tuned,0.037594846056121914
TR-008468,TR-C00294,2023-12-10,0,1,clean_time_group_tuned,0.0995134279903876
TR-008595,TR-C05277,2023-12-10,1,1,clean_time_group_tuned,0.23643909496954701
TR-009110,TR-C05393,2023-12-10,0,1,clean_time_group_tuned,0.016892123198116164
TR-000284,TR-C05472,2023-12-11,0,1,clean_time_group_tuned,0.01682828084016832
TR-001330,TR-C04244,2023-12-11,0,1,clean_time_group_tuned,0.06543038890737152
TR-001368,TR-C05204,2023-12-11,0,1,clean_time_group_tuned,0.03781475609756557
TR-003370,TR-C01973,2023-12-11,0,1,clean_time_group_tuned,0.03712145771093206
TR-006091,TR-C05551,2023-12-11,0,1,clean_time_group_tuned,0.23103703897514397
TR-006637,TR-C00562,2023-12-11,0,1,clean_time_group_tuned,0.0186669481782753
TR-006724,TR-C02165,2023-12-11,0,1,clean_time_group_tuned,0.1026235008142869
TR-007246,TR-C01318,2023-12-11,0,1,clean_time_group_tuned,0.10313870603603484
TR-009056,TR-C05160,2023-12-11,0,1,clean_time_group_tuned,0.016623700363242462
TR-009223,TR-C03950,2023-12-11,0,1,clean_time_group_tuned,0.07260251596283368
TR-003109,TR-C01396,2023-12-12,0,1,clean_time_group_tuned,0.017922312649350923
TR-004364,TR-C04045,2023-12-12,0,1,clean_time_group_tuned,0.02720235899448902
TR-004584,TR-C05580,2023-12-12,0,1,clean_time_group_tuned,0.11864620751967864
TR-005535,TR-C03376,2023-12-12,0,1,clean_time_group_tuned,0.05811612821118386
TR-006320,TR-C02842,2023-12-12,0,1,clean_time_group_tuned,0.05312186089997007
TR-007747,TR-C00407,2023-12-12,0,1,clean_time_group_tuned,0.03702988971674569
TR-008065,TR-C02058,2023-12-12,0,1,clean_time_group_tuned,0.03145746946859126
TR-008106,TR-C01013,2023-12-12,0,1,clean_time_group_tuned,0.71303263566796
TR-008756,TR-C04666,2023-12-12,0,1,clean_time_group_tuned,0.01719071205745083
TR-000627,TR-C04069,2023-12-13,0,1,clean_time_group_tuned,0.039680361452889126
TR-000716,TR-C02481,2023-12-13,0,1,clean_time_group_tuned,0.051879157692563314
TR-001033,TR-C02328,2023-12-13,0,1,clean_time_group_tuned,0.030951977187008498
TR-001857,TR-C01332,2023-12-13,0,1,clean_time_group_tuned,0.0801928030311783
TR-002331,TR-C01023,2023-12-13,0,1,clean_time_group_tuned,0.04591832689251247
TR-002367,TR-C04909,2023-12-13,0,1,clean_time_group_tuned,0.3744843980003841
TR-002391,TR-C04909,2023-12-13,0,1,clean_time_group_tuned,0.05401155150452369
TR-003167,TR-C05546,2023-12-13,1,1,clean_time_group_tuned,0.09202543126916056
TR-004758,TR-C04897,2023-12-13,0,1,clean_time_group_tuned,0.0595243169677823
TR-005885,TR-C01656,2023-12-13,0,1,clean_time_group_tuned,0.017936145385630226
TR-007853,TR-C04114,2023-12-13,0,1,clean_time_group_tuned,0.03809209244561746
TR-007902,TR-C02226,2023-12-13,0,1,clean_time_group_tuned,0.05569722081671399
TR-008715,TR-C02879,2023-12-13,0,1,clean_time_group_tuned,0.039089357042858056
TR-002373,TR-C02054,2023-12-14,0,1,clean_time_group_tuned,0.06631354774050043
TR-003154,TR-C01535,2023-12-14,0,1,clean_time_group_tuned,0.10361080994512335
TR-003364,TR-C03673,2023-12-14,0,1,clean_time_group_tuned,0.03432559298074193
TR-003709,TR-C04818,2023-12-14,0,1,clean_time_group_tuned,0.03997589050877857
TR-004764,TR-C01643,2023-12-14,0,1,clean_time_group_tuned,0.04623130948322317
TR-005294,TR-C05506,2023-12-14,0,1,clean_time_group_tuned,0.03481531552295616
TR-005778,TR-C04649,2023-12-14,0,1,clean_time_group_tuned,0.02246640309722474
TR-006496,TR-C01467,2023-12-14,0,1,clean_time_group_tuned,0.0770536024465345
TR-000049,TR-C01039,2023-12-15,0,1,clean_time_group_tuned,0.14971559360668865
TR-001258,TR-C00715,2023-12-15,0,1,clean_time_group_tuned,0.078103522034985
TR-003933,TR-C01696,2023-12-15,0,1,clean_time_group_tuned,0.04275034098734128
TR-005339,TR-C04620,2023-12-15,0,1,clean_time_group_tuned,0.058544803912278474
TR-008568,TR-C01341,2023-12-15,0,1,clean_time_group_tuned,0.03748292092984452
TR-009924,TR-C04990,2023-12-15,0,1,clean_time_group_tuned,0.018634864060560467
TR-000116,TR-C00166,2023-12-16,0,1,clean_time_group_tuned,0.019819867911183696
TR-000744,TR-C01608,2023-12-16,0,1,clean_time_group_tuned,0.05157199027474589
TR-001589,TR-C06320,2023-12-16,0,1,clean_time_group_tuned,0.04481506659755733
TR-001596,TR-C02359,2023-12-16,0,1,clean_time_group_tuned,0.0253210803536657
TR-002481,TR-C02021,2023-12-16,0,1,clean_time_group_tuned,0.029933423307170325
TR-002920,TR-C01944,2023-12-16,0,1,clean_time_group_tuned,0.019804248592642314
TR-003044,TR-C05591,2023-12-16,0,1,clean_time_group_tuned,0.02424089368548721
TR-004254,TR-C00104,2023-12-16,0,1,clean_time_group_tuned,0.03561883251364025
TR-004924,TR-C05943,2023-12-16,0,1,clean_time_group_tuned,0.025743063639840077
TR-000272,TR-C04266,2023-12-17,0,1,clean_time_group_tuned,0.0819480681789724
TR-000936,TR-C06173,2023-12-17,0,1,clean_time_group_tuned,0.19037873412865855
TR-001915,TR-C03366,2023-12-17,0,1,clean_time_group_tuned,0.01864356844137128
TR-004228,TR-C05218,2023-12-17,0,1,clean_time_group_tuned,0.0363379709632024
TR-008192,TR-C02112,2023-12-17,0,1,clean_time_group_tuned,0.031814661022897955
TR-008382,TR-C05360,2023-12-17,0,1,clean_time_group_tuned,0.05132954318627441
TR-009467,TR-C06314,2023-12-17,0,1,clean_time_group_tuned,0.09107934257293253
TR-000088,TR-C03345,2023-12-18,0,1,clean_time_group_tuned,0.02402420567958943
TR-001197,TR-C04417,2023-12-18,0,1,clean_time_group_tuned,0.06390418826876565
TR-001807,TR-C03004,2023-12-18,0,1,clean_time_group_tuned,0.013003077384693274
TR-001887,TR-C06214,2023-12-18,0,1,clean_time_group_tuned,0.0890350924150108
TR-002417,TR-C03589,2023-12-18,0,1,clean_time_group_tuned,0.03288888270364908
TR-004466,TR-C00586,2023-12-18,0,1,clean_time_group_tuned,0.0172407291056375
TR-004763,TR-C05764,2023-12-18,0,1,clean_time_group_tuned,0.036423454277301356
TR-006635,TR-C02195,2023-12-18,0,1,clean_time_group_tuned,0.04792687924061052
TR-007248,TR-C04899,2023-12-18,0,1,clean_time_group_tuned,0.01686239911006374
TR-008701,TR-C02223,2023-12-18,0,1,clean_time_group_tuned,0.016623475998837855
TR-009515,TR-C06337,2023-12-18,0,1,clean_time_group_tuned,0.037842083750241874
TR-001378,TR-C05508,2023-12-19,0,1,clean_time_group_tuned,0.034666852137438454
TR-003104,TR-C02170,2023-12-19,0,1,clean_time_group_tuned,0.03692123385849484
TR-003341,TR-C04925,2023-12-19,0,1,clean_time_group_tuned,0.12466005421847248
TR-006526,TR-C04722,2023-12-19,0,1,clean_time_group_tuned,0.09404566177596445
TR-007436,TR-C03924,2023-12-19,0,1,clean_time_group_tuned,0.029944371746243915
TR-007903,TR-C03376,2023-12-19,0,1,clean_time_group_tuned,0.03260360397682753
TR-009660,TR-C01594,2023-12-19,0,1,clean_time_group_tuned,0.08243214367685901
TR-000378,TR-C02626,2023-12-20,0,1,clean_time_group_tuned,0.1218245398737296
TR-001313,TR-C02093,2023-12-20,0,1,clean_time_group_tuned,0.3046149852359149
TR-004435,TR-C03285,2023-12-20,0,1,clean_time_group_tuned,0.04264431762644586
TR-004596,TR-C00886,2023-12-20,1,1,clean_time_group_tuned,0.07941274325950026
TR-004710,TR-C04589,2023-12-20,0,1,clean_time_group_tuned,0.05928148931649947
TR-004821,TR-C03111,2023-12-20,1,1,clean_time_group_tuned,0.05801783525945113
TR-004875,TR-C05844,2023-12-20,1,1,clean_time_group_tuned,0.7667580398727659
TR-006804,TR-C03623,2023-12-20,0,1,clean_time_group_tuned,0.03664783428324882
TR-000219,TR-C05107,2023-12-21,0,1,clean_time_group_tuned,0.11266927539812152
TR-000312,TR-C03758,2023-12-21,0,1,clean_time_group_tuned,0.0744658567218866
TR-001584,TR-C04069,2023-12-21,0,1,clean_time_group_tuned,0.043827061628905054
TR-002456,TR-C05237,2023-12-21,0,1,clean_time_group_tuned,0.01766614062842241
TR-002758,TR-C02465,2023-12-21,0,1,clean_time_group_tuned,0.0430295904162042
TR-003310,TR-C00292,2023-12-21,0,1,clean_time_group_tuned,0.09219128317274483
TR-005676,TR-C00344,2023-12-21,0,1,clean_time_group_tuned,0.05706948933952244
TR-005831,TR-C04925,2023-12-21,0,1,clean_time_group_tuned,0.017386339340195206
TR-006114,TR-C02540,2023-12-21,0,1,clean_time_group_tuned,0.05041085163140164
TR-007079,TR-C01431,2023-12-21,0,1,clean_time_group_tuned,0.07367984251068485
TR-008018,TR-C00813,2023-12-21,0,1,clean_time_group_tuned,0.07069322037477466
TR-000068,TR-C06150,2023-12-22,0,1,clean_time_group_tuned,0.10028608772731949
TR-000620,TR-C03754,2023-12-22,0,1,clean_time_group_tuned,0.022894946036762707
TR-002606,TR-C01064,2023-12-22,0,1,clean_time_group_tuned,0.03609079185569942
TR-002653,TR-C04489,2023-12-22,0,1,clean_time_group_tuned,0.20027739766963246
TR-004426,TR-C03433,2023-12-22,0,1,clean_time_group_tuned,0.03168273709686983
TR-005602,TR-C02211,2023-12-22,0,1,clean_time_group_tuned,0.08080708545593965
TR-005680,TR-C02662,2023-12-22,0,1,clean_time_group_tuned,0.03627619021652374
TR-007035,TR-C03990,2023-12-22,0,1,clean_time_group_tuned,0.19215578021519011
TR-008929,TR-C04492,2023-12-22,0,1,clean_time_group_tuned,0.09586112402920455
TR-009015,TR-C05288,2023-12-22,1,1,clean_time_group_tuned,0.08433504009574135
TR-009393,TR-C05592,2023-12-22,0,1,clean_time_group_tuned,0.01872406916370043
TR-009694,TR-C04856,2023-12-22,0,1,clean_time_group_tuned,0.014574592016968759
TR-002205,TR-C03891,2023-12-23,0,1,clean_time_group_tuned,0.02203859953548387
TR-003330,TR-C01812,2023-12-23,0,1,clean_time_group_tuned,0.15612644711013646
TR-003464,TR-C05747,2023-12-23,0,1,clean_time_group_tuned,0.018806899703325098
TR-004010,TR-C00417,2023-12-23,0,1,clean_time_group_tuned,0.11698782994254685
TR-004739,TR-C01123,2023-12-23,0,1,clean_time_group_tuned,0.027456739924873866
TR-004859,TR-C03563,2023-12-23,0,1,clean_time_group_tuned,0.24399613253718375
TR-005769,TR-C02754,2023-12-23,0,1,clean_time_group_tuned,0.18587795093558743
TR-006375,TR-C00188,2023-12-23,0,1,clean_time_group_tuned,0.01593379485003532
TR-002808,TR-C06162,2023-12-24,0,1,clean_time_group_tuned,0.01498914242479718
TR-003988,TR-C02558,2023-12-24,0,1,clean_time_group_tuned,0.015389994422618146
TR-004918,TR-C02482,2023-12-24,0,1,clean_time_group_tuned,0.019186166179953376
TR-006759,TR-C01851,2023-12-24,0,1,clean_time_group_tuned,0.2895031316972426
TR-006879,TR-C00993,2023-12-24,1,1,clean_time_group_tuned,0.05654367213493313
TR-007126,TR-C03643,2023-12-24,0,1,clean_time_group_tuned,0.10094283796221261
TR-008670,TR-C05265,2023-12-24,0,1,clean_time_group_tuned,0.04434694622470779
TR-009732,TR-C00400,2023-12-24,0,1,clean_time_group_tuned,0.04125027462541418
TR-003650,TR-C00105,2023-12-25,0,1,clean_time_group_tuned,0.07650716160890218
TR-004555,TR-C02920,2023-12-25,0,1,clean_time_group_tuned,0.12867660880241105
TR-005618,TR-C02802,2023-12-25,0,1,clean_time_group_tuned,0.03673025021113773
TR-008253,TR-C01700,2023-12-25,0,1,clean_time_group_tuned,0.050001019956813525
TR-009793,TR-C04316,2023-12-25,0,1,clean_time_group_tuned,0.015260018482570683
TR-001161,TR-C04181,2023-12-26,0,1,clean_time_group_tuned,0.14212472659157735
TR-001634,TR-C01510,2023-12-26,0,1,clean_time_group_tuned,0.017402292990015736
TR-003126,TR-C02868,2023-12-26,0,1,clean_time_group_tuned,0.04245334640839343
TR-004353,TR-C02474,2023-12-26,0,1,clean_time_group_tuned,0.057205920527928694
TR-006801,TR-C02276,2023-12-26,0,1,clean_time_group_tuned,0.01696867581975412
TR-006883,TR-C04254,2023-12-26,0,1,clean_time_group_tuned,0.029924040786532873
TR-007149,TR-C00186,2023-12-26,0,1,clean_time_group_tuned,0.014754370973006959
TR-008816,TR-C01019,2023-12-26,0,1,clean_time_group_tuned,0.024972046288657422
TR-009808,TR-C05527,2023-12-26,0,1,clean_time_group_tuned,0.04387968673832257
TR-001208,TR-C01774,2023-12-27,0,1,clean_time_group_tuned,0.10396457836916614
TR-001268,TR-C01309,2023-12-27,1,1,clean_time_group_tuned,0.05024103032264694
TR-001720,TR-C06431,2023-12-27,0,1,clean_time_group_tuned,0.024808512812885878
TR-002091,TR-C01711,2023-12-27,0,1,clean_time_group_tuned,0.08301450246182915
TR-004444,TR-C02405,2023-12-27,0,1,clean_time_group_tuned,0.01855667986190748
TR-004800,TR-C00503,2023-12-27,0,1,clean_time_group_tuned,0.061910943589946796
TR-007905,TR-C02268,2023-12-27,0,1,clean_time_group_tuned,0.021720919621388116
TR-008908,TR-C05186,2023-12-27,0,1,clean_time_group_tuned,0.022310471405609985
TR-009209,TR-C03061,2023-12-27,0,1,clean_time_group_tuned,0.03939379495804142
TR-009684,TR-C01999,2023-12-27,0,1,clean_time_group_tuned,0.09602079350089673
TR-009765,TR-C04519,2023-12-27,0,1,clean_time_group_tuned,0.030402191277391088
TR-009944,TR-C03901,2023-12-27,1,1,clean_time_group_tuned,0.4855207111030201
TR-002348,TR-C04282,2023-12-28,0,1,clean_time_group_tuned,0.03335190757034544
TR-004137,TR-C02071,2023-12-28,0,1,clean_time_group_tuned,0.3634161949958202
TR-004533,TR-C00394,2023-12-28,1,1,clean_time_group_tuned,0.03179460082496421
TR-005859,TR-C01926,2023-12-28,0,1,clean_time_group_tuned,0.016170732152162602
TR-006665,TR-C01658,2023-12-28,0,1,clean_time_group_tuned,0.046884872915836096
TR-007454,TR-C03959,2023-12-28,0,1,clean_time_group_tuned,0.08625515888498086
TR-007764,TR-C01436,2023-12-28,0,1,clean_time_group_tuned,0.04273458668600036
TR-008841,TR-C04441,2023-12-28,0,1,clean_time_group_tuned,0.03865808196164264
TR-009259,TR-C00519,2023-12-28,1,1,clean_time_group_tuned,0.05323272620811361
TR-002310,TR-C03335,2023-12-29,0,1,clean_time_group_tuned,0.08929057818562065
TR-002568,TR-C04593,2023-12-29,0,1,clean_time_group_tuned,0.17959692500079796
TR-003471,TR-C02296,2023-12-29,0,1,clean_time_group_tuned,0.05317275177389836
TR-004901,TR-C02666,2023-12-29,0,1,clean_time_group_tuned,0.022334649885214695
TR-004946,TR-C04357,2023-12-29,0,1,clean_time_group_tuned,0.1463009088093315
TR-005606,TR-C05702,2023-12-29,0,1,clean_time_group_tuned,0.07972531506710809
TR-007130,TR-C04544,2023-12-29,0,1,clean_time_group_tuned,0.07814562577577665
TR-009642,TR-C01207,2023-12-29,0,1,clean_time_group_tuned,0.016377985323736705
TR-009742,TR-C01637,2023-12-29,0,1,clean_time_group_tuned,0.033898306597741866
TR-000210,TR-C05827,2023-12-30,0,1,clean_time_group_tuned,0.10624191963425836
TR-002017,TR-C06069,2023-12-30,0,1,clean_time_group_tuned,0.043440348974852244
TR-002521,TR-C01462,2023-12-30,0,1,clean_time_group_tuned,0.021633416927503535
TR-002754,TR-C02230,2023-12-30,0,1,clean_time_group_tuned,0.07651692891660382
TR-002990,TR-C04611,2023-12-30,0,1,clean_time_group_tuned,0.19438893145744607
TR-003111,TR-C03063,2023-12-30,0,1,clean_time_group_tuned,0.08167195958191935
TR-005326,TR-C03146,2023-12-30,0,1,clean_time_group_tuned,0.026321419719427752
TR-006183,TR-C03831,2023-12-30,0,1,clean_time_group_tuned,0.0415559543176106
TR-007665,TR-C02620,2023-12-30,0,1,clean_time_group_tuned,0.027162964651020916
TR-008263,TR-C03884,2023-12-30,0,1,clean_time_group_tuned,0.027366139260649663
TR-003069,TR-C03159,2023-12-31,0,1,clean_time_group_tuned,0.03376173960173621
TR-003654,TR-C06375,2023-12-31,0,1,clean_time_group_tuned,0.06269162250927
TR-007369,TR-C01302,2023-12-31,0,1,clean_time_group_tuned,0.01750937806571958
TR-000410,TR-C00173,2024-01-01,0,2,clean_time_group_tuned,0.17015252895221952
TR-001829,TR-C01062,2024-01-01,0,2,clean_time_group_tuned,0.042498467130187026
TR-002668,TR-C02839,2024-01-01,0,2,clean_time_group_tuned,0.12186228884617015
TR-003491,TR-C02422,2024-01-01,0,2,clean_time_group_tuned,0.02974143033483349
TR-005371,TR-C05135,2024-01-01,0,2,clean_time_group_tuned,0.03493054496631042
TR-005465,TR-C06152,2024-01-01,0,2,clean_time_group_tuned,0.04072837218808205
TR-005883,TR-C02587,2024-01-01,0,2,clean_time_group_tuned,0.1350261244832429
TR-007009,TR-C05862,2024-01-01,0,2,clean_time_group_tuned,0.06958425927802162
TR-007400,TR-C06071,2024-01-01,0,2,clean_time_group_tuned,0.010815665575098391
TR-008220,TR-C05436,2024-01-01,0,2,clean_time_group_tuned,0.013110800821199453
TR-009670,TR-C04690,2024-01-01,0,2,clean_time_group_tuned,0.019092073722023834
TR-000182,TR-C00495,2024-01-02,0,2,clean_time_group_tuned,0.006994088169819655
TR-000222,TR-C03892,2024-01-02,0,2,clean_time_group_tuned,0.0995706606597826
TR-000975,TR-C02769,2024-01-02,0,2,clean_time_group_tuned,0.08744526924984085
TR-002840,TR-C00818,2024-01-02,0,2,clean_time_group_tuned,0.047937043137878034
TR-003217,TR-C02863,2024-01-02,0,2,clean_time_group_tuned,0.01168018050519278
TR-003340,TR-C05419,2024-01-02,0,2,clean_time_group_tuned,0.03835554295325843
TR-003907,TR-C01536,2024-01-02,0,2,clean_time_group_tuned,0.024466485387083545
TR-005785,TR-C02638,2024-01-02,0,2,clean_time_group_tuned,0.012112505358489244
TR-006811,TR-C05459,2024-01-02,0,2,clean_time_group_tuned,0.03150419181193628
TR-007174,TR-C00955,2024-01-02,0,2,clean_time_group_tuned,0.0356265299784574
TR-007735,TR-C02269,2024-01-02,0,2,clean_time_group_tuned,0.02846449650626855
TR-007800,TR-C00309,2024-01-02,0,2,clean_time_group_tuned,0.008968341038609393
TR-009337,TR-C04865,2024-01-02,0,2,clean_time_group_tuned,0.04243179064766706
TR-000867,TR-C00915,2024-01-03,1,2,clean_time_group_tuned,0.03239909358508009
TR-000912,TR-C00133,2024-01-03,0,2,clean_time_group_tuned,0.009584764806357926
TR-001956,TR-C00937,2024-01-03,0,2,clean_time_group_tuned,0.016386616160359736
TR-002118,TR-C02666,2024-01-03,0,2,clean_time_group_tuned,0.014504071806915335
TR-002167,TR-C02376,2024-01-03,0,2,clean_time_group_tuned,0.012468615732812863
TR-002430,TR-C00644,2024-01-03,0,2,clean_time_group_tuned,0.03025987225293258
TR-003243,TR-C04572,2024-01-03,0,2,clean_time_group_tuned,0.06179054861533127
TR-004838,TR-C03696,2024-01-03,0,2,clean_time_group_tuned,0.01274693419422872
TR-006358,TR-C03345,2024-01-03,0,2,clean_time_group_tuned,0.09422563832394262
TR-006598,TR-C03707,2024-01-03,0,2,clean_time_group_tuned,0.007468757333298407
TR-006718,TR-C03791,2024-01-03,0,2,clean_time_group_tuned,0.05461761782272052
TR-007813,TR-C06319,2024-01-03,0,2,clean_time_group_tuned,0.018083923768940975
TR-000025,TR-C03478,2024-01-04,0,2,clean_time_group_tuned,0.00815967310083068
TR-000640,TR-C06470,2024-01-04,0,2,clean_time_group_tuned,0.029633538763343282
TR-001223,TR-C01968,2024-01-04,0,2,clean_time_group_tuned,0.08830131491266278
TR-001626,TR-C00351,2024-01-04,0,2,clean_time_group_tuned,0.015238854828411653
TR-002925,TR-C06238,2024-01-04,0,2,clean_time_group_tuned,0.011748158085861932
TR-003261,TR-C01974,2024-01-04,0,2,clean_time_group_tuned,0.016608947437183063
TR-003293,TR-C04076,2024-01-04,0,2,clean_time_group_tuned,0.04868632051271017
TR-004291,TR-C01216,2024-01-04,0,2,clean_time_group_tuned,0.02671268013402911
TR-006659,TR-C05654,2024-01-04,0,2,clean_time_group_tuned,0.0778078748035879
TR-007118,TR-C00555,2024-01-04,0,2,clean_time_group_tuned,0.013268714739489092
TR-007889,TR-C02104,2024-01-04,0,2,clean_time_group_tuned,0.01805940551667408
TR-000343,TR-C03547,2024-01-05,0,2,clean_time_group_tuned,0.198061346689934
TR-007680,TR-C02782,2024-01-05,1,2,clean_time_group_tuned,0.6753515242831286
TR-008672,TR-C03860,2024-01-05,0,2,clean_time_group_tuned,0.015070999761498624
TR-009282,TR-C01048,2024-01-05,0,2,clean_time_group_tuned,0.022209863125479654
TR-002103,TR-C00024,2024-01-06,0,2,clean_time_group_tuned,0.022866520267322853
TR-003055,TR-C04553,2024-01-06,0,2,clean_time_group_tuned,0.07771521121647884
TR-003647,TR-C04563,2024-01-06,0,2,clean_time_group_tuned,0.032670244841465204
TR-005156,TR-C02832,2024-01-06,1,2,clean_time_group_tuned,0.095150889211786
TR-006831,TR-C00893,2024-01-06,0,2,clean_time_group_tuned,0.025064403196980087
TR-008799,TR-C02602,2024-01-06,0,2,clean_time_group_tuned,0.026151560897559593
TR-001159,TR-C01895,2024-01-07,0,2,clean_time_group_tuned,0.025838316446933757
TR-001632,TR-C02218,2024-01-07,0,2,clean_time_group_tuned,0.02470886934419809
TR-004164,TR-C05389,2024-01-07,0,2,clean_time_group_tuned,0.008404489939571835
TR-004714,TR-C05492,2024-01-07,0,2,clean_time_group_tuned,0.09008164716699155
TR-005139,TR-C02672,2024-01-07,0,2,clean_time_group_tuned,0.01997107003875242
TR-006143,TR-C01266,2024-01-07,0,2,clean_time_group_tuned,0.015675515981638004
TR-007602,TR-C03051,2024-01-07,0,2,clean_time_group_tuned,0.10550114843137072
TR-009193,TR-C03396,2024-01-07,0,2,clean_time_group_tuned,0.009828411456479965
TR-009714,TR-C02820,2024-01-07,0,2,clean_time_group_tuned,0.02669377764273768
TR-000736,TR-C03139,2024-01-08,0,2,clean_time_group_tuned,0.01745126464002837
TR-002597,TR-C03042,2024-01-08,1,2,clean_time_group_tuned,0.3034188602577533
TR-004359,TR-C04824,2024-01-08,0,2,clean_time_group_tuned,0.015499140510877122
TR-009158,TR-C04915,2024-01-08,0,2,clean_time_group_tuned,0.009841172065724674
TR-000372,TR-C04190,2024-01-09,0,2,clean_time_group_tuned,0.07740769922238941
TR-004194,TR-C01931,2024-01-09,0,2,clean_time_group_tuned,0.3016372941273134
TR-004473,TR-C03927,2024-01-09,0,2,clean_time_group_tuned,0.05404735137769467
TR-006937,TR-C05172,2024-01-09,0,2,clean_time_group_tuned,0.04118490352362675
TR-007526,TR-C01351,2024-01-09,0,2,clean_time_group_tuned,0.0750178304082655
TR-007944,TR-C04919,2024-01-09,0,2,clean_time_group_tuned,0.014086923392272101
TR-009865,TR-C06020,2024-01-09,0,2,clean_time_group_tuned,0.33872751016911196
TR-000148,TR-C05252,2024-01-10,1,2,clean_time_group_tuned,0.322362811765738
TR-003266,TR-C03443,2024-01-10,0,2,clean_time_group_tuned,0.024537522234127657
TR-003482,TR-C01997,2024-01-10,0,2,clean_time_group_tuned,0.03031530915951373
TR-004131,TR-C00342,2024-01-10,0,2,clean_time_group_tuned,0.008251531649358169
TR-006581,TR-C00639,2024-01-10,0,2,clean_time_group_tuned,0.23496974293826328
TR-007212,TR-C00034,2024-01-10,0,2,clean_time_group_tuned,0.1659793950521945
TR-007422,TR-C02402,2024-01-10,0,2,clean_time_group_tuned,0.026999501238572053
TR-007772,TR-C02025,2024-01-10,0,2,clean_time_group_tuned,0.007412838086026407
TR-008313,TR-C00232,2024-01-10,0,2,clean_time_group_tuned,0.293725894525597
TR-008585,TR-C00658,2024-01-10,0,2,clean_time_group_tuned,0.025123053445311745
TR-009650,TR-C03938,2024-01-10,0,2,clean_time_group_tuned,0.026405051534948328
TR-001250,TR-C01414,2024-01-11,0,2,clean_time_group_tuned,0.3277603322133529
TR-002012,TR-C03038,2024-01-11,0,2,clean_time_group_tuned,0.28806153659131006
TR-003193,TR-C03431,2024-01-11,0,2,clean_time_group_tuned,0.01921741758495105
TR-003474,TR-C03808,2024-01-11,0,2,clean_time_group_tuned,0.08227953248596756
TR-004619,TR-C03399,2024-01-11,0,2,clean_time_group_tuned,0.17828155817384733
TR-005555,TR-C03919,2024-01-11,0,2,clean_time_group_tuned,0.04914308414332
TR-005814,TR-C01669,2024-01-11,0,2,clean_time_group_tuned,0.007948140500478755
TR-005874,TR-C01200,2024-01-11,0,2,clean_time_group_tuned,0.060427453990956434
TR-006468,TR-C03657,2024-01-11,0,2,clean_time_group_tuned,0.011371526913867891
TR-007057,TR-C04323,2024-01-11,0,2,clean_time_group_tuned,0.0302190506411392
TR-008693,TR-C05697,2024-01-11,0,2,clean_time_group_tuned,0.03603612970331599
TR-000525,TR-C01406,2024-01-12,0,2,clean_time_group_tuned,0.050387133699369084
TR-001949,TR-C00326,2024-01-12,0,2,clean_time_group_tuned,0.2334088129270061
TR-004202,TR-C03049,2024-01-12,0,2,clean_time_group_tuned,0.014251215077844081
TR-005190,TR-C03042,2024-01-12,0,2,clean_time_group_tuned,0.045606282558023875
TR-009638,TR-C04503,2024-01-12,0,2,clean_time_group_tuned,0.03450704723462467
TR-009662,TR-C00697,2024-01-12,0,2,clean_time_group_tuned,0.012875736491883885
TR-000329,TR-C00575,2024-01-13,0,2,clean_time_group_tuned,0.11870317325884583
TR-001658,TR-C00026,2024-01-13,0,2,clean_time_group_tuned,0.09872887970582886
TR-002579,TR-C04948,2024-01-13,1,2,clean_time_group_tuned,0.7597592129906993
TR-005166,TR-C00525,2024-01-13,0,2,clean_time_group_tuned,0.12203534089750227
TR-006308,TR-C03245,2024-01-13,0,2,clean_time_group_tuned,0.02245327445329272
TR-006471,TR-C05830,2024-01-13,0,2,clean_time_group_tuned,0.07265030766246386
TR-006771,TR-C05318,2024-01-13,0,2,clean_time_group_tuned,0.030675395077066514
TR-006790,TR-C03445,2024-01-13,0,2,clean_time_group_tuned,0.01547171000506142
TR-007354,TR-C04986,2024-01-13,0,2,clean_time_group_tuned,0.013769798580113894
TR-008958,TR-C02067,2024-01-13,0,2,clean_time_group_tuned,0.015286158921459233
TR-009678,TR-C00261,2024-01-13,0,2,clean_time_group_tuned,0.00783929253065683
TR-002198,TR-C00624,2024-01-14,0,2,clean_time_group_tuned,0.00909474157402653
TR-002724,TR-C06112,2024-01-14,0,2,clean_time_group_tuned,0.017280623957649476
TR-006444,TR-C02352,2024-01-14,0,2,clean_time_group_tuned,0.06432452338911057
TR-007108,TR-C01147,2024-01-14,0,2,clean_time_group_tuned,0.008503358793549565
TR-007326,TR-C04962,2024-01-14,0,2,clean_time_group_tuned,0.032259235025841736
TR-007656,TR-C04295,2024-01-14,0,2,clean_time_group_tuned,0.16698680284908135
TR-008009,TR-C01638,2024-01-14,0,2,clean_time_group_tuned,0.05685216864616123
TR-009424,TR-C04454,2024-01-14,0,2,clean_time_group_tuned,0.048682931169181744
TR-001432,TR-C03944,2024-01-15,0,2,clean_time_group_tuned,0.05687473875924729
TR-001727,TR-C00105,2024-01-15,0,2,clean_time_group_tuned,0.059346130060926996
TR-002201,TR-C05829,2024-01-15,0,2,clean_time_group_tuned,0.03721735548453583
TR-004647,TR-C01713,2024-01-15,0,2,clean_time_group_tuned,0.022685282376729246
TR-005184,TR-C00545,2024-01-15,0,2,clean_time_group_tuned,0.024371636919738954
TR-006048,TR-C05712,2024-01-15,0,2,clean_time_group_tuned,0.22027910712713925
TR-006998,TR-C01146,2024-01-15,0,2,clean_time_group_tuned,0.011308222892448795
TR-007937,TR-C04195,2024-01-15,1,2,clean_time_group_tuned,0.16082873581480595
TR-009493,TR-C02744,2024-01-15,0,2,clean_time_group_tuned,0.03608530242091993
TR-009545,TR-C06267,2024-01-15,0,2,clean_time_group_tuned,0.007098428905920299
TR-003831,TR-C06347,2024-01-16,0,2,clean_time_group_tuned,0.02835678727916151
TR-003996,TR-C01326,2024-01-16,0,2,clean_time_group_tuned,0.009834027418084685
TR-004965,TR-C01595,2024-01-16,0,2,clean_time_group_tuned,0.0261677721659915
TR-006249,TR-C03598,2024-01-16,0,2,clean_time_group_tuned,0.3482537044439119
TR-007963,TR-C00916,2024-01-16,0,2,clean_time_group_tuned,0.31137640229726166
TR-009100,TR-C02641,2024-01-16,0,2,clean_time_group_tuned,0.02682493984451098
TR-009977,TR-C04293,2024-01-16,0,2,clean_time_group_tuned,0.039700654242468505
TR-001387,TR-C01581,2024-01-17,0,2,clean_time_group_tuned,0.05764271797351544
TR-003128,TR-C06385,2024-01-17,0,2,clean_time_group_tuned,0.010243413496693474
TR-004379,TR-C02808,2024-01-17,0,2,clean_time_group_tuned,0.019057690523304378
TR-005848,TR-C05519,2024-01-17,0,2,clean_time_group_tuned,0.009493669499654706
TR-007188,TR-C06035,2024-01-17,0,2,clean_time_group_tuned,0.0278151550171378
TR-008075,TR-C03886,2024-01-17,0,2,clean_time_group_tuned,0.04793557556663675
TR-002275,TR-C05836,2024-01-18,0,2,clean_time_group_tuned,0.5352354011044405
TR-004695,TR-C01279,2024-01-18,0,2,clean_time_group_tuned,0.023483783555864942
TR-004722,TR-C02055,2024-01-18,0,2,clean_time_group_tuned,0.04286065905057475
TR-005786,TR-C05814,2024-01-18,0,2,clean_time_group_tuned,0.02404274989306783
TR-005965,TR-C00949,2024-01-18,0,2,clean_time_group_tuned,0.0768847241651277
TR-006709,TR-C03466,2024-01-18,0,2,clean_time_group_tuned,0.03591862505703756
TR-007309,TR-C01456,2024-01-18,0,2,clean_time_group_tuned,0.023448453193763336
TR-007646,TR-C02522,2024-01-18,0,2,clean_time_group_tuned,0.049201605875264995
TR-008279,TR-C02914,2024-01-18,0,2,clean_time_group_tuned,0.028047024462305142
TR-008432,TR-C01010,2024-01-18,0,2,clean_time_group_tuned,0.021413195667656263
TR-008876,TR-C00546,2024-01-18,1,2,clean_time_group_tuned,0.13496796844186046
TR-000224,TR-C04309,2024-01-19,1,2,clean_time_group_tuned,0.06239781061279466
TR-000706,TR-C01666,2024-01-19,0,2,clean_time_group_tuned,0.017416722730608077
TR-003421,TR-C04244,2024-01-19,0,2,clean_time_group_tuned,0.23281861505035267
TR-003451,TR-C00773,2024-01-19,0,2,clean_time_group_tuned,0.023361244349168798
TR-003666,TR-C02721,2024-01-19,0,2,clean_time_group_tuned,0.03024004432701693
TR-005617,TR-C04941,2024-01-19,0,2,clean_time_group_tuned,0.1230457269795043
TR-005783,TR-C05742,2024-01-19,0,2,clean_time_group_tuned,0.02214009189655321
TR-006021,TR-C01399,2024-01-19,0,2,clean_time_group_tuned,0.04114929684006926
TR-007165,TR-C06020,2024-01-19,0,2,clean_time_group_tuned,0.0258408632255651
TR-009445,TR-C04890,2024-01-19,0,2,clean_time_group_tuned,0.019842702651118316
TR-009718,TR-C00990,2024-01-19,0,2,clean_time_group_tuned,0.06994018224088713
TR-001527,TR-C02231,2024-01-20,0,2,clean_time_group_tuned,0.023694258757157242
TR-005243,TR-C04946,2024-01-20,0,2,clean_time_group_tuned,0.044239705274197065
TR-006431,TR-C02505,2024-01-20,0,2,clean_time_group_tuned,0.046300157250447796
TR-007996,TR-C05357,2024-01-20,0,2,clean_time_group_tuned,0.01669319609856412
TR-008109,TR-C04802,2024-01-20,0,2,clean_time_group_tuned,0.009639198621558386
TR-000316,TR-C00271,2024-01-21,0,2,clean_time_group_tuned,0.08607822473533089
TR-000385,TR-C02828,2024-01-21,0,2,clean_time_group_tuned,0.11999045959001993
TR-001373,TR-C03999,2024-01-21,0,2,clean_time_group_tuned,0.007866899218627137
TR-001410,TR-C05755,2024-01-21,0,2,clean_time_group_tuned,0.007061033788433035
TR-002544,TR-C02480,2024-01-21,0,2,clean_time_group_tuned,0.48867769040680326
TR-004068,TR-C05267,2024-01-21,0,2,clean_time_group_tuned,0.04105734640472879
TR-004845,TR-C02659,2024-01-21,0,2,clean_time_group_tuned,0.025313800220771676
TR-005663,TR-C03723,2024-01-21,0,2,clean_time_group_tuned,0.03134683728337852
TR-006701,TR-C05049,2024-01-21,0,2,clean_time_group_tuned,0.014138642434963555
TR-007835,TR-C04801,2024-01-21,0,2,clean_time_group_tuned,0.03918992728349044
TR-009099,TR-C02584,2024-01-21,1,2,clean_time_group_tuned,0.1234853309769125
TR-009550,TR-C01730,2024-01-21,0,2,clean_time_group_tuned,0.059214020056232906
TR-009838,TR-C03297,2024-01-21,0,2,clean_time_group_tuned,0.0761043857661899
TR-001063,TR-C03625,2024-01-22,0,2,clean_time_group_tuned,0.013805939642572294
TR-002243,TR-C02514,2024-01-22,0,2,clean_time_group_tuned,0.1163741657200154
TR-002351,TR-C06229,2024-01-22,0,2,clean_time_group_tuned,0.10036485489737688
TR-003119,TR-C02528,2024-01-22,0,2,clean_time_group_tuned,0.019545542526462643
TR-005948,TR-C03360,2024-01-22,1,2,clean_time_group_tuned,0.5457977960977678
TR-005975,TR-C01273,2024-01-22,0,2,clean_time_group_tuned,0.014460003888277919
TR-007430,TR-C01520,2024-01-22,0,2,clean_time_group_tuned,0.02868921114761018
TR-008489,TR-C01059,2024-01-22,1,2,clean_time_group_tuned,0.2703164440031886
TR-009349,TR-C02457,2024-01-22,0,2,clean_time_group_tuned,0.031255099964999644
TR-009817,TR-C03004,2024-01-22,0,2,clean_time_group_tuned,0.041169795559877466
TR-001008,TR-C01292,2024-01-23,0,2,clean_time_group_tuned,0.12063128390762126
TR-003632,TR-C02156,2024-01-23,0,2,clean_time_group_tuned,0.010024126746856673
TR-005735,TR-C05287,2024-01-23,0,2,clean_time_group_tuned,0.10202986595644295
TR-006519,TR-C03183,2024-01-23,0,2,clean_time_group_tuned,0.07637850715288334
TR-009520,TR-C00042,2024-01-23,0,2,clean_time_group_tuned,0.10817141589858907
TR-002246,TR-C03143,2024-01-24,0,2,clean_time_group_tuned,0.0103939721715479
TR-002377,TR-C01735,2024-01-24,0,2,clean_time_group_tuned,0.033377183092551596
TR-003673,TR-C04467,2024-01-24,0,2,clean_time_group_tuned,0.5523388842705458
TR-004583,TR-C06317,2024-01-24,0,2,clean_time_group_tuned,0.03542545709129324
TR-005666,TR-C04574,2024-01-24,0,2,clean_time_group_tuned,0.3133452469071242
TR-005808,TR-C02955,2024-01-24,0,2,clean_time_group_tuned,0.06326341725807569
TR-006060,TR-C04561,2024-01-24,0,2,clean_time_group_tuned,0.08331223148332167
TR-007784,TR-C03814,2024-01-24,0,2,clean_time_group_tuned,0.016358931318117408
TR-009586,TR-C04616,2024-01-24,0,2,clean_time_group_tuned,0.2583318544962864
TR-009801,TR-C01320,2024-01-24,0,2,clean_time_group_tuned,0.0920517047657373
TR-009835,TR-C01471,2024-01-24,1,2,clean_time_group_tuned,0.06250952840543887
TR-009837,TR-C03929,2024-01-24,0,2,clean_time_group_tuned,0.032519420373406806
TR-000722,TR-C03907,2024-01-25,0,2,clean_time_group_tuned,0.493828041360655
TR-000893,TR-C03140,2024-01-25,1,2,clean_time_group_tuned,0.35367204194631074
TR-001726,TR-C02623,2024-01-25,0,2,clean_time_group_tuned,0.0361541675937559
TR-002189,TR-C05565,2024-01-25,0,2,clean_time_group_tuned,0.24446676860972263
TR-002396,TR-C05907,2024-01-25,0,2,clean_time_group_tuned,0.12215831504514586
TR-002497,TR-C01483,2024-01-25,0,2,clean_time_group_tuned,0.01946747907829622
TR-000498,TR-C00845,2024-01-26,1,2,clean_time_group_tuned,0.12351190027153358
TR-000915,TR-C02964,2024-01-26,0,2,clean_time_group_tuned,0.01841382178284798
TR-001649,TR-C01172,2024-01-26,0,2,clean_time_group_tuned,0.038715344490785314
TR-003641,TR-C06138,2024-01-26,0,2,clean_time_group_tuned,0.03370889285249797
TR-006924,TR-C00247,2024-01-26,0,2,clean_time_group_tuned,0.035253122609939
TR-007080,TR-C06002,2024-01-26,0,2,clean_time_group_tuned,0.026515259528529324
TR-007773,TR-C02390,2024-01-26,0,2,clean_time_group_tuned,0.031658867205715945
TR-007979,TR-C03736,2024-01-26,0,2,clean_time_group_tuned,0.015212730208592746
TR-008699,TR-C02323,2024-01-26,0,2,clean_time_group_tuned,0.07770823237840857
TR-009762,TR-C03401,2024-01-26,0,2,clean_time_group_tuned,0.020303512432194904
TR-000494,TR-C02915,2024-01-27,0,2,clean_time_group_tuned,0.0378197992296504
TR-002599,TR-C01796,2024-01-27,0,2,clean_time_group_tuned,0.023788113811957508
TR-003099,TR-C02248,2024-01-27,0,2,clean_time_group_tuned,0.00837855251011747
TR-004726,TR-C00661,2024-01-27,0,2,clean_time_group_tuned,0.021116762887707214
TR-005343,TR-C01709,2024-01-27,0,2,clean_time_group_tuned,0.038527608947084166
TR-005658,TR-C02534,2024-01-27,0,2,clean_time_group_tuned,0.01738376080996259
TR-007720,TR-C05822,2024-01-27,0,2,clean_time_group_tuned,0.11702096126001503
TR-008785,TR-C06030,2024-01-27,0,2,clean_time_group_tuned,0.12287016510664
TR-009876,TR-C00918,2024-01-27,0,2,clean_time_group_tuned,0.020802886057351037
TR-002052,TR-C05672,2024-01-28,0,2,clean_time_group_tuned,0.6193963471683186
TR-002823,TR-C01629,2024-01-28,0,2,clean_time_group_tuned,0.08264880844599515
TR-002844,TR-C03979,2024-01-28,0,2,clean_time_group_tuned,0.1152164539485813
TR-003270,TR-C04967,2024-01-28,0,2,clean_time_group_tuned,0.01347354466365148
TR-004247,TR-C00574,2024-01-28,1,2,clean_time_group_tuned,0.10312911567624912
TR-004361,TR-C04905,2024-01-28,0,2,clean_time_group_tuned,0.007415164348307122
TR-004652,TR-C06251,2024-01-28,0,2,clean_time_group_tuned,0.015326791341021944
TR-005733,TR-C06092,2024-01-28,0,2,clean_time_group_tuned,0.060981956822207195
TR-005993,TR-C05415,2024-01-28,1,2,clean_time_group_tuned,0.19328769201933535
TR-007693,TR-C04878,2024-01-28,0,2,clean_time_group_tuned,0.030904689176399904
TR-008304,TR-C04301,2024-01-28,0,2,clean_time_group_tuned,0.04293728257355227
TR-009654,TR-C04505,2024-01-28,0,2,clean_time_group_tuned,0.10742992358078808
TR-000405,TR-C00641,2024-01-29,0,2,clean_time_group_tuned,0.03123902734384527
TR-000622,TR-C00538,2024-01-29,0,2,clean_time_group_tuned,0.04960558429532892
TR-000693,TR-C04173,2024-01-29,0,2,clean_time_group_tuned,0.01318280989990884
TR-001504,TR-C00545,2024-01-29,0,2,clean_time_group_tuned,0.042385092040775056
TR-002222,TR-C01033,2024-01-29,0,2,clean_time_group_tuned,0.03336096252103901
TR-003839,TR-C04943,2024-01-29,0,2,clean_time_group_tuned,0.011477656587906535
TR-004339,TR-C03247,2024-01-29,0,2,clean_time_group_tuned,0.015369819724093521
TR-004923,TR-C05478,2024-01-29,0,2,clean_time_group_tuned,0.03929628826371217
TR-005966,TR-C02972,2024-01-29,0,2,clean_time_group_tuned,0.05160143466178674
TR-008659,TR-C06467,2024-01-29,0,2,clean_time_group_tuned,0.12681705164268237
TR-009899,TR-C03983,2024-01-29,0,2,clean_time_group_tuned,0.05237362285504603
TR-004543,TR-C00143,2024-01-30,0,2,clean_time_group_tuned,0.0357871811890758
TR-005024,TR-C02498,2024-01-30,0,2,clean_time_group_tuned,0.034164623539013624
TR-005274,TR-C02451,2024-01-30,0,2,clean_time_group_tuned,0.008781226857698976
TR-006789,TR-C02023,2024-01-30,0,2,clean_time_group_tuned,0.013457227773644607
TR-007034,TR-C01749,2024-01-30,0,2,clean_time_group_tuned,0.13084478157948495
TR-007578,TR-C01029,2024-01-30,0,2,clean_time_group_tuned,0.2078047315123125
TR-007955,TR-C04453,2024-01-30,0,2,clean_time_group_tuned,0.06486334982782921
TR-008348,TR-C05802,2024-01-30,0,2,clean_time_group_tuned,0.020345595583427533
TR-008544,TR-C00788,2024-01-30,0,2,clean_time_group_tuned,0.012415966204473976
TR-009425,TR-C01872,2024-01-30,0,2,clean_time_group_tuned,0.011207155252539024
TR-009862,TR-C03291,2024-01-30,0,2,clean_time_group_tuned,0.010179053120050342
TR-000931,TR-C01028,2024-01-31,0,2,clean_time_group_tuned,0.00961588876242157
TR-001731,TR-C03052,2024-01-31,0,2,clean_time_group_tuned,0.030613346303921308
TR-003917,TR-C00273,2024-01-31,0,2,clean_time_group_tuned,0.018983935114155737
TR-003929,TR-C04203,2024-01-31,1,2,clean_time_group_tuned,0.0854236201169489
TR-004439,TR-C03411,2024-01-31,0,2,clean_time_group_tuned,0.023314971895462375
TR-004665,TR-C01204,2024-01-31,0,2,clean_time_group_tuned,0.014100521558180396
TR-005852,TR-C06439,2024-01-31,0,2,clean_time_group_tuned,0.03152054730411132
TR-006069,TR-C05815,2024-01-31,0,2,clean_time_group_tuned,0.06915488094709137
TR-007197,TR-C03763,2024-01-31,0,2,clean_time_group_tuned,0.16559075890554503
TR-007285,TR-C03558,2024-01-31,0,2,clean_time_group_tuned,0.04551267835366602
TR-000005,TR-C03679,2024-02-01,0,2,clean_time_group_tuned,0.042147879246407075
TR-003307,TR-C00494,2024-02-01,0,2,clean_time_group_tuned,0.02004356198884955
TR-003346,TR-C03897,2024-02-01,0,2,clean_time_group_tuned,0.1554906447300301
TR-004941,TR-C02479,2024-02-01,0,2,clean_time_group_tuned,0.1330715329766095
TR-009054,TR-C06418,2024-02-01,0,2,clean_time_group_tuned,0.01570249820632546
TR-009064,TR-C04938,2024-02-01,1,2,clean_time_group_tuned,0.04893692838692639
TR-009429,TR-C02080,2024-02-01,0,2,clean_time_group_tuned,0.0073706303616551715
TR-004158,TR-C05749,2024-02-02,0,2,clean_time_group_tuned,0.04036051741963585
TR-005232,TR-C03782,2024-02-02,0,2,clean_time_group_tuned,0.7427651857378114
TR-006497,TR-C00016,2024-02-02,0,2,clean_time_group_tuned,0.010751062290941941
TR-006639,TR-C05136,2024-02-02,0,2,clean_time_group_tuned,0.011107923474276617
TR-006995,TR-C05978,2024-02-02,0,2,clean_time_group_tuned,0.24490802783410617
TR-000165,TR-C02900,2024-02-03,0,2,clean_time_group_tuned,0.02669036172703341
TR-000364,TR-C03742,2024-02-03,0,2,clean_time_group_tuned,0.13258773675255484
TR-002005,TR-C04674,2024-02-03,0,2,clean_time_group_tuned,0.029751769312064785
TR-002281,TR-C02349,2024-02-03,0,2,clean_time_group_tuned,0.01520571537228174
TR-003059,TR-C05172,2024-02-03,0,2,clean_time_group_tuned,0.04734148511180722
TR-004575,TR-C06081,2024-02-03,0,2,clean_time_group_tuned,0.02877619848252181
TR-005064,TR-C02109,2024-02-03,0,2,clean_time_group_tuned,0.06462954268324876
TR-006875,TR-C04894,2024-02-03,0,2,clean_time_group_tuned,0.06171339209625197
TR-008267,TR-C04844,2024-02-03,0,2,clean_time_group_tuned,0.06508538588918918
TR-009639,TR-C01000,2024-02-03,0,2,clean_time_group_tuned,0.058099663439230044
TR-000305,TR-C05988,2024-02-04,0,2,clean_time_group_tuned,0.021777362712843355
TR-003603,TR-C01502,2024-02-04,0,2,clean_time_group_tuned,0.056210701095675636
TR-005074,TR-C04491,2024-02-04,0,2,clean_time_group_tuned,0.047753109638543095
TR-006662,TR-C03031,2024-02-04,0,2,clean_time_group_tuned,0.12127026517025391
TR-006768,TR-C02885,2024-02-04,0,2,clean_time_group_tuned,0.007427648563600039
TR-006993,TR-C06430,2024-02-04,0,2,clean_time_group_tuned,0.034993542460174616
TR-007804,TR-C04870,2024-02-04,1,2,clean_time_group_tuned,0.022448979882367433
TR-008198,TR-C00262,2024-02-04,0,2,clean_time_group_tuned,0.011702491201684201
TR-008393,TR-C02754,2024-02-04,0,2,clean_time_group_tuned,0.09510135233206678
TR-008886,TR-C01877,2024-02-04,0,2,clean_time_group_tuned,0.13045719286386423
TR-009966,TR-C05344,2024-02-04,0,2,clean_time_group_tuned,0.040510697245173734
TR-002327,TR-C01207,2024-02-05,0,2,clean_time_group_tuned,0.02763584094854634
TR-003260,TR-C02875,2024-02-05,0,2,clean_time_group_tuned,0.03204403389908903
TR-004376,TR-C01250,2024-02-05,0,2,clean_time_group_tuned,0.03829609162657473
TR-004468,TR-C04079,2024-02-05,0,2,clean_time_group_tuned,0.02047844954776943
TR-005032,TR-C00069,2024-02-05,0,2,clean_time_group_tuned,0.07745998811129162
TR-005208,TR-C01258,2024-02-05,0,2,clean_time_group_tuned,0.044270187674367745
TR-006203,TR-C00644,2024-02-05,0,2,clean_time_group_tuned,0.011864063172456071
TR-006903,TR-C00253,2024-02-05,0,2,clean_time_group_tuned,0.078423068194081
TR-007462,TR-C06481,2024-02-05,0,2,clean_time_group_tuned,0.018942970679757455
TR-008163,TR-C04079,2024-02-05,0,2,clean_time_group_tuned,0.020641501551088706
TR-000816,TR-C00413,2024-02-06,0,2,clean_time_group_tuned,0.04941674210645858
TR-003047,TR-C03835,2024-02-06,1,2,clean_time_group_tuned,0.028323753262947112
TR-004196,TR-C03220,2024-02-06,1,2,clean_time_group_tuned,0.017982510203313994
TR-005104,TR-C06060,2024-02-06,0,2,clean_time_group_tuned,0.01849383761120114
TR-005685,TR-C00901,2024-02-06,0,2,clean_time_group_tuned,0.008912426784283691
TR-005708,TR-C05982,2024-02-06,0,2,clean_time_group_tuned,0.012102837022506538
TR-006733,TR-C04214,2024-02-06,0,2,clean_time_group_tuned,0.0810711788928051
TR-007491,TR-C01764,2024-02-06,0,2,clean_time_group_tuned,0.01834672147187652
TR-008509,TR-C03970,2024-02-06,1,2,clean_time_group_tuned,0.039266984237801554
TR-008561,TR-C00249,2024-02-06,0,2,clean_time_group_tuned,0.025910031158483122
TR-008695,TR-C03925,2024-02-06,0,2,clean_time_group_tuned,0.33659061323262285
TR-009812,TR-C02268,2024-02-06,0,2,clean_time_group_tuned,0.011681103797514681
TR-001600,TR-C05138,2024-02-07,0,2,clean_time_group_tuned,0.02170665066361404
TR-005519,TR-C03588,2024-02-07,0,2,clean_time_group_tuned,0.01048214987083597
TR-005807,TR-C03069,2024-02-07,1,2,clean_time_group_tuned,0.25570019082414663
TR-006512,TR-C00898,2024-02-07,0,2,clean_time_group_tuned,0.021132185926071925
TR-008414,TR-C04235,2024-02-07,0,2,clean_time_group_tuned,0.04174021417252246
TR-009785,TR-C00331,2024-02-07,0,2,clean_time_group_tuned,0.18273438752051444
TR-009923,TR-C04682,2024-02-07,0,2,clean_time_group_tuned,0.012872879623822454
TR-000643,TR-C02664,2024-02-08,0,2,clean_time_group_tuned,0.2812529082725767
TR-000809,TR-C04221,2024-02-08,0,2,clean_time_group_tuned,0.02674500338193552
TR-000984,TR-C04818,2024-02-08,0,2,clean_time_group_tuned,0.07178056345469702
TR-001760,TR-C00571,2024-02-08,0,2,clean_time_group_tuned,0.027935639338484843
TR-002381,TR-C01418,2024-02-08,0,2,clean_time_group_tuned,0.035284411155969524
TR-002545,TR-C02779,2024-02-08,0,2,clean_time_group_tuned,0.37204018182709103
TR-003097,TR-C03198,2024-02-08,0,2,clean_time_group_tuned,0.04180340814594153
TR-005639,TR-C00370,2024-02-08,0,2,clean_time_group_tuned,0.1980256532429347
TR-006210,TR-C03406,2024-02-08,0,2,clean_time_group_tuned,0.028845670468657502
TR-007091,TR-C01201,2024-02-08,0,2,clean_time_group_tuned,0.017991678644648096
TR-008571,TR-C05379,2024-02-08,0,2,clean_time_group_tuned,0.03278618501875124
TR-009230,TR-C02818,2024-02-08,0,2,clean_time_group_tuned,0.024324547248228065
TR-009297,TR-C05896,2024-02-08,0,2,clean_time_group_tuned,0.03803497344626279
TR-000328,TR-C00849,2024-02-09,0,2,clean_time_group_tuned,0.007456165858705466
TR-001557,TR-C04220,2024-02-09,0,2,clean_time_group_tuned,0.010612782871578378
TR-002324,TR-C04215,2024-02-09,0,2,clean_time_group_tuned,0.01559283344295676
TR-003148,TR-C04716,2024-02-09,0,2,clean_time_group_tuned,0.014254110646544827
TR-005029,TR-C01175,2024-02-09,0,2,clean_time_group_tuned,0.05355798278846516
TR-008080,TR-C01613,2024-02-09,0,2,clean_time_group_tuned,0.01681589019413988
TR-008305,TR-C01062,2024-02-09,0,2,clean_time_group_tuned,0.02621340605106722
TR-006977,TR-C05750,2024-02-10,1,2,clean_time_group_tuned,0.6957443964564077
TR-007609,TR-C03257,2024-02-10,0,2,clean_time_group_tuned,0.04622059056216775
TR-007918,TR-C04805,2024-02-10,0,2,clean_time_group_tuned,0.04350593502275763
TR-007938,TR-C06079,2024-02-10,0,2,clean_time_group_tuned,0.02310669516136948
TR-008360,TR-C02724,2024-02-10,0,2,clean_time_group_tuned,0.034513182117597144
TR-001040,TR-C01701,2024-02-11,0,2,clean_time_group_tuned,0.007800011835967703
TR-001575,TR-C00012,2024-02-11,0,2,clean_time_group_tuned,0.008893148603142297
TR-001802,TR-C00486,2024-02-11,0,2,clean_time_group_tuned,0.01956299888392122
TR-001831,TR-C03706,2024-02-11,0,2,clean_time_group_tuned,0.009730963896134634
TR-001849,TR-C03440,2024-02-11,0,2,clean_time_group_tuned,0.1374910040210007
TR-002370,TR-C02199,2024-02-11,0,2,clean_time_group_tuned,0.06164607662705254
TR-006984,TR-C06494,2024-02-11,0,2,clean_time_group_tuned,0.02378299685605096
TR-007175,TR-C02318,2024-02-11,0,2,clean_time_group_tuned,0.0523525802228567
TR-007906,TR-C00932,2024-02-11,0,2,clean_time_group_tuned,0.014332204123092744
TR-009146,TR-C05534,2024-02-11,0,2,clean_time_group_tuned,0.03430600085121006
TR-000512,TR-C03662,2024-02-12,0,2,clean_time_group_tuned,0.029195688507170883
TR-002959,TR-C01949,2024-02-12,0,2,clean_time_group_tuned,0.04752526004711993
TR-003767,TR-C01867,2024-02-12,0,2,clean_time_group_tuned,0.13653824779686022
TR-004676,TR-C01901,2024-02-12,0,2,clean_time_group_tuned,0.02900982367544453
TR-009239,TR-C02260,2024-02-12,0,2,clean_time_group_tuned,0.044580026005794166
TR-009726,TR-C05808,2024-02-12,0,2,clean_time_group_tuned,0.012733244438592122
TR-002119,TR-C01303,2024-02-13,0,2,clean_time_group_tuned,0.03235325425696899
TR-004067,TR-C04774,2024-02-13,0,2,clean_time_group_tuned,0.02708894985189392
TR-005656,TR-C01732,2024-02-13,0,2,clean_time_group_tuned,0.006766062121969644
TR-009963,TR-C01599,2024-02-13,0,2,clean_time_group_tuned,0.027721483237714388
TR-000174,TR-C02649,2024-02-14,0,2,clean_time_group_tuned,0.031239407369603886
TR-003015,TR-C03143,2024-02-14,0,2,clean_time_group_tuned,0.01075098595451155
TR-005351,TR-C05287,2024-02-14,0,2,clean_time_group_tuned,0.02105054184678032
TR-006148,TR-C04519,2024-02-14,0,2,clean_time_group_tuned,0.013810177732989329
TR-006226,TR-C02416,2024-02-14,1,2,clean_time_group_tuned,0.09740846346195979
TR-006651,TR-C02990,2024-02-14,1,2,clean_time_group_tuned,0.06794460582579658
TR-006935,TR-C04801,2024-02-14,0,2,clean_time_group_tuned,0.021350065556120318
TR-007573,TR-C00938,2024-02-14,1,2,clean_time_group_tuned,0.08434302308557086
TR-000070,TR-C04745,2024-02-15,1,2,clean_time_group_tuned,0.5108280336821046
TR-002871,TR-C02112,2024-02-15,0,2,clean_time_group_tuned,0.025074858833205444
TR-006264,TR-C00674,2024-02-15,0,2,clean_time_group_tuned,0.12159026050815724
TR-006978,TR-C01253,2024-02-15,0,2,clean_time_group_tuned,0.010330267452305615
TR-001962,TR-C06461,2024-02-16,0,2,clean_time_group_tuned,0.0472724811425305
TR-002187,TR-C03736,2024-02-16,0,2,clean_time_group_tuned,0.008892578535848433
TR-002306,TR-C05735,2024-02-16,0,2,clean_time_group_tuned,0.03853952875742584
TR-003235,TR-C00092,2024-02-16,0,2,clean_time_group_tuned,0.014681976771097381
TR-003638,TR-C03021,2024-02-16,0,2,clean_time_group_tuned,0.06297463904400506
TR-004650,TR-C00941,2024-02-16,0,2,clean_time_group_tuned,0.03444343958267734
TR-004896,TR-C01292,2024-02-17,0,2,clean_time_group_tuned,0.15598059426072483
TR-005488,TR-C06484,2024-02-17,0,2,clean_time_group_tuned,0.08784408462436637
TR-005545,TR-C02661,2024-02-17,0,2,clean_time_group_tuned,0.008529558783938455
TR-005892,TR-C01972,2024-02-17,0,2,clean_time_group_tuned,0.11125722108427649
TR-006156,TR-C04332,2024-02-17,0,2,clean_time_group_tuned,0.016733405118616825
TR-006262,TR-C04392,2024-02-17,0,2,clean_time_group_tuned,0.018370104899367492
TR-008796,TR-C01417,2024-02-17,0,2,clean_time_group_tuned,0.02136322997742753
TR-008921,TR-C06423,2024-02-17,0,2,clean_time_group_tuned,0.05766868519453907
TR-009400,TR-C00417,2024-02-17,0,2,clean_time_group_tuned,0.15544389392593522
TR-000998,TR-C04099,2024-02-18,1,2,clean_time_group_tuned,0.05730750427156907
TR-001440,TR-C01461,2024-02-18,0,2,clean_time_group_tuned,0.023436839309619435
TR-003430,TR-C02238,2024-02-18,0,2,clean_time_group_tuned,0.02605356249551295
TR-003827,TR-C00294,2024-02-18,0,2,clean_time_group_tuned,0.15718385407671964
TR-004049,TR-C06319,2024-02-18,0,2,clean_time_group_tuned,0.013364583952392001
TR-006611,TR-C04459,2024-02-18,0,2,clean_time_group_tuned,0.06678542704183242
TR-000825,TR-C06139,2024-02-19,0,2,clean_time_group_tuned,0.46342817929951796
TR-001974,TR-C01825,2024-02-19,0,2,clean_time_group_tuned,0.057954220123207244
TR-003259,TR-C04501,2024-02-19,0,2,clean_time_group_tuned,0.026618540842717097
TR-003798,TR-C03915,2024-02-19,0,2,clean_time_group_tuned,0.05661687052579979
TR-004653,TR-C04063,2024-02-19,0,2,clean_time_group_tuned,0.045607768245008465
TR-005542,TR-C03468,2024-02-19,0,2,clean_time_group_tuned,0.0765635639236521
TR-006563,TR-C03755,2024-02-19,0,2,clean_time_group_tuned,0.12245249818289312
TR-001284,TR-C03030,2024-02-20,0,2,clean_time_group_tuned,0.04367941047177796
TR-004784,TR-C01892,2024-02-20,0,2,clean_time_group_tuned,0.11038878132575239
TR-004810,TR-C05546,2024-02-20,0,2,clean_time_group_tuned,0.02542088050680223
TR-007848,TR-C01813,2024-02-20,0,2,clean_time_group_tuned,0.014740137721171376
TR-000238,TR-C00242,2024-02-21,0,2,clean_time_group_tuned,0.023236187269081027
TR-000479,TR-C04208,2024-02-21,1,2,clean_time_group_tuned,0.4589494195425601
TR-002385,TR-C02106,2024-02-21,0,2,clean_time_group_tuned,0.019582270819162365
TR-005285,TR-C06306,2024-02-21,0,2,clean_time_group_tuned,0.019168160423310272
TR-006494,TR-C06388,2024-02-21,0,2,clean_time_group_tuned,0.054047390002156734
TR-006557,TR-C01314,2024-02-21,0,2,clean_time_group_tuned,0.07530941676495041
TR-006859,TR-C04732,2024-02-21,0,2,clean_time_group_tuned,0.015244446935594026
TR-007549,TR-C00102,2024-02-21,0,2,clean_time_group_tuned,0.010266208813199562
TR-008132,TR-C02898,2024-02-21,1,2,clean_time_group_tuned,0.6178453023758645
TR-009076,TR-C01783,2024-02-21,0,2,clean_time_group_tuned,0.02950517578067391
TR-002089,TR-C02392,2024-02-22,0,2,clean_time_group_tuned,0.016873865808556484
TR-004819,TR-C01710,2024-02-22,0,2,clean_time_group_tuned,0.031386200815530965
TR-005252,TR-C05961,2024-02-22,0,2,clean_time_group_tuned,0.06701279330768918
TR-009715,TR-C02484,2024-02-22,0,2,clean_time_group_tuned,0.01697190195406698
TR-002115,TR-C04607,2024-02-23,0,2,clean_time_group_tuned,0.012228621180730849
TR-002315,TR-C02162,2024-02-23,0,2,clean_time_group_tuned,0.03164565899617658
TR-006018,TR-C01573,2024-02-23,0,2,clean_time_group_tuned,0.0954056589658712
TR-007715,TR-C05013,2024-02-23,0,2,clean_time_group_tuned,0.015000872632384357
TR-008019,TR-C04506,2024-02-23,0,2,clean_time_group_tuned,0.044612800700841775
TR-008938,TR-C00376,2024-02-23,0,2,clean_time_group_tuned,0.01613354188192663
TR-009287,TR-C01183,2024-02-23,0,2,clean_time_group_tuned,0.022178940591788196
TR-003891,TR-C03162,2024-02-24,0,2,clean_time_group_tuned,0.034893331103621035
TR-005292,TR-C00687,2024-02-24,0,2,clean_time_group_tuned,0.021903350560136058
TR-005621,TR-C04207,2024-02-24,0,2,clean_time_group_tuned,0.011855347166840485
TR-006391,TR-C01661,2024-02-24,1,2,clean_time_group_tuned,0.3435350054899149
TR-007232,TR-C06221,2024-02-24,0,2,clean_time_group_tuned,0.014305064750677117
TR-007333,TR-C03585,2024-02-24,1,2,clean_time_group_tuned,0.2007911625899025
TR-008302,TR-C00058,2024-02-24,0,2,clean_time_group_tuned,0.03826028563436654
TR-009417,TR-C01644,2024-02-24,0,2,clean_time_group_tuned,0.011553149899859614
TR-009600,TR-C00497,2024-02-24,0,2,clean_time_group_tuned,0.04501071081494024
TR-000311,TR-C05499,2024-02-25,0,2,clean_time_group_tuned,0.01838393379201358
TR-000949,TR-C06029,2024-02-25,0,2,clean_time_group_tuned,0.018125073077395453
TR-001542,TR-C01368,2024-02-25,0,2,clean_time_group_tuned,0.021494429448005815
TR-002574,TR-C01365,2024-02-25,0,2,clean_time_group_tuned,0.060251300026543934
TR-005337,TR-C02110,2024-02-25,0,2,clean_time_group_tuned,0.010810042627536421
TR-007961,TR-C05335,2024-02-25,0,2,clean_time_group_tuned,0.4180685199882192
TR-008180,TR-C05964,2024-02-25,0,2,clean_time_group_tuned,0.01556734833854824
TR-008771,TR-C04687,2024-02-25,1,2,clean_time_group_tuned,0.17052106115961221
TR-001005,TR-C00094,2024-02-26,0,2,clean_time_group_tuned,0.031825395035909934
TR-001312,TR-C01556,2024-02-26,0,2,clean_time_group_tuned,0.032076716645543665
TR-001363,TR-C01949,2024-02-26,0,2,clean_time_group_tuned,0.018804068981393328
TR-001532,TR-C02758,2024-02-26,0,2,clean_time_group_tuned,0.006725165383009571
TR-002293,TR-C04545,2024-02-26,1,2,clean_time_group_tuned,0.04735535153457837
TR-004208,TR-C02280,2024-02-26,0,2,clean_time_group_tuned,0.021255398299744977
TR-007065,TR-C03858,2024-02-26,0,2,clean_time_group_tuned,0.04940729374532536
TR-007738,TR-C01568,2024-02-26,0,2,clean_time_group_tuned,0.012464458484594394
TR-000414,TR-C03591,2024-02-27,0,2,clean_time_group_tuned,0.024586203753583044
TR-000605,TR-C06362,2024-02-27,0,2,clean_time_group_tuned,0.023946598981753758
TR-003034,TR-C06437,2024-02-27,0,2,clean_time_group_tuned,0.028594817978769
TR-003416,TR-C03086,2024-02-27,0,2,clean_time_group_tuned,0.04060524132645923
TR-005019,TR-C05209,2024-02-27,1,2,clean_time_group_tuned,0.06646667805161365
TR-005392,TR-C04790,2024-02-27,0,2,clean_time_group_tuned,0.04553659712333235
TR-007513,TR-C04293,2024-02-27,0,2,clean_time_group_tuned,0.016751427594355838
TR-000134,TR-C04209,2024-02-28,0,2,clean_time_group_tuned,0.05095325961874525
TR-000959,TR-C01067,2024-02-28,0,2,clean_time_group_tuned,0.06437160278480827
TR-001010,TR-C00529,2024-02-28,0,2,clean_time_group_tuned,0.19152319925450897
TR-003830,TR-C01472,2024-02-28,0,2,clean_time_group_tuned,0.012993728940763557
TR-004681,TR-C00404,2024-02-28,0,2,clean_time_group_tuned,0.028639540014134404
TR-004866,TR-C00608,2024-02-28,0,2,clean_time_group_tuned,0.014611544221556754
TR-005711,TR-C02003,2024-02-28,0,2,clean_time_group_tuned,0.03680030818654156
TR-006474,TR-C03651,2024-02-28,0,2,clean_time_group_tuned,0.008859894490047182
TR-006552,TR-C03401,2024-02-28,0,2,clean_time_group_tuned,0.0854580491042563
TR-007008,TR-C04712,2024-02-28,1,2,clean_time_group_tuned,0.2781748272622088
TR-007803,TR-C02188,2024-02-28,0,2,clean_time_group_tuned,0.32299475239495096
TR-009122,TR-C04050,2024-02-28,0,2,clean_time_group_tuned,0.009040766767460224
TR-001087,TR-C00724,2024-02-29,0,2,clean_time_group_tuned,0.04133792990701938
TR-003392,TR-C03372,2024-02-29,1,2,clean_time_group_tuned,0.04800178423736903
TR-004563,TR-C01535,2024-02-29,0,2,clean_time_group_tuned,0.03730683505227678
TR-004664,TR-C01120,2024-02-29,0,2,clean_time_group_tuned,0.018921165528560165
TR-005501,TR-C02071,2024-02-29,0,2,clean_time_group_tuned,0.050109363037372255
TR-007565,TR-C05816,2024-02-29,0,2,clean_time_group_tuned,0.03919244496849762
TR-007815,TR-C05814,2024-02-29,0,2,clean_time_group_tuned,0.03789811931946407
TR-008378,TR-C03720,2024-02-29,0,2,clean_time_group_tuned,0.033189395425412216
TR-008478,TR-C00116,2024-02-29,0,2,clean_time_group_tuned,0.016322881453699235
TR-000966,TR-C00427,2024-03-01,0,2,clean_time_group_tuned,0.018907425354768227
TR-003734,TR-C01167,2024-03-01,0,2,clean_time_group_tuned,0.037066545550225254
TR-006106,TR-C06486,2024-03-01,0,2,clean_time_group_tuned,0.1816937827453104
TR-007291,TR-C01572,2024-03-01,0,2,clean_time_group_tuned,0.00847991298997235
TR-000317,TR-C04653,2024-03-02,0,2,clean_time_group_tuned,0.06539753137441554
TR-001546,TR-C01001,2024-03-02,1,2,clean_time_group_tuned,0.08941903499994987
TR-001655,TR-C01971,2024-03-02,1,2,clean_time_group_tuned,0.4540578151629576
TR-001922,TR-C03128,2024-03-02,0,2,clean_time_group_tuned,0.07557661081407913
TR-002748,TR-C03252,2024-03-02,0,2,clean_time_group_tuned,0.061168221506290345
TR-003201,TR-C03424,2024-03-02,0,2,clean_time_group_tuned,0.11627346028393114
TR-004071,TR-C00599,2024-03-02,1,2,clean_time_group_tuned,0.05834556531981046
TR-005128,TR-C00022,2024-03-02,0,2,clean_time_group_tuned,0.04075122561032955
TR-008248,TR-C05464,2024-03-02,1,2,clean_time_group_tuned,0.2039266831730938
TR-008712,TR-C05365,2024-03-02,0,2,clean_time_group_tuned,0.19498430024337854
TR-001613,TR-C00014,2024-03-03,0,2,clean_time_group_tuned,0.012108861140524264
TR-002360,TR-C00528,2024-03-03,0,2,clean_time_group_tuned,0.03100683104459335
TR-004112,TR-C05331,2024-03-03,0,2,clean_time_group_tuned,0.030056973191215006
TR-004537,TR-C01376,2024-03-03,0,2,clean_time_group_tuned,0.02496505957975673
TR-005812,TR-C03651,2024-03-03,0,2,clean_time_group_tuned,0.010206084394637384
TR-006785,TR-C04036,2024-03-03,0,2,clean_time_group_tuned,0.4392894113795103
TR-007958,TR-C04543,2024-03-03,0,2,clean_time_group_tuned,0.019659246884118173
TR-008873,TR-C02314,2024-03-03,0,2,clean_time_group_tuned,0.01668929265685206
TR-009489,TR-C01298,2024-03-03,0,2,clean_time_group_tuned,0.043432971416474175
TR-001073,TR-C01111,2024-03-04,0,2,clean_time_group_tuned,0.01572757442469968
TR-001382,TR-C01966,2024-03-04,0,2,clean_time_group_tuned,0.08334803372834679
TR-001577,TR-C01053,2024-03-04,0,2,clean_time_group_tuned,0.02096901979105449
TR-002738,TR-C02446,2024-03-04,0,2,clean_time_group_tuned,0.03396232586266706
TR-003006,TR-C02684,2024-03-04,0,2,clean_time_group_tuned,0.3409863768609402
TR-005549,TR-C01774,2024-03-04,1,2,clean_time_group_tuned,0.08285060364018063
TR-006280,TR-C06492,2024-03-04,0,2,clean_time_group_tuned,0.08824609663967405
TR-006294,TR-C04017,2024-03-04,0,2,clean_time_group_tuned,0.06517569632462035
TR-006966,TR-C00971,2024-03-04,0,2,clean_time_group_tuned,0.0396297750066963
TR-007529,TR-C02153,2024-03-04,0,2,clean_time_group_tuned,0.15678004239753787
TR-007614,TR-C05590,2024-03-04,0,2,clean_time_group_tuned,0.019016401622134877
TR-007878,TR-C05581,2024-03-04,0,2,clean_time_group_tuned,0.038517203524038354
TR-001217,TR-C05558,2024-03-05,0,2,clean_time_group_tuned,0.018750254666791658
TR-001703,TR-C05417,2024-03-05,0,2,clean_time_group_tuned,0.061618600009615845
TR-002402,TR-C01317,2024-03-05,0,2,clean_time_group_tuned,0.008221306251783628
TR-005101,TR-C00400,2024-03-05,1,2,clean_time_group_tuned,0.02550847969455473
TR-005318,TR-C02801,2024-03-05,1,2,clean_time_group_tuned,0.20585184358865952
TR-005594,TR-C04466,2024-03-05,1,2,clean_time_group_tuned,0.07105023648151589
TR-005937,TR-C06409,2024-03-05,0,2,clean_time_group_tuned,0.01647019420721519
TR-005957,TR-C05745,2024-03-05,0,2,clean_time_group_tuned,0.030794890534664218
TR-006530,TR-C03143,2024-03-05,0,2,clean_time_group_tuned,0.008632091062971907
TR-008171,TR-C05732,2024-03-05,0,2,clean_time_group_tuned,0.05321699686651785
TR-009008,TR-C02996,2024-03-05,0,2,clean_time_group_tuned,0.015084050223822658
TR-009126,TR-C03236,2024-03-05,0,2,clean_time_group_tuned,0.009964739793552814
TR-009201,TR-C00017,2024-03-05,0,2,clean_time_group_tuned,0.19492674774211965
TR-000567,TR-C02937,2024-03-06,0,2,clean_time_group_tuned,0.028059298652041417
TR-000592,TR-C02354,2024-03-06,0,2,clean_time_group_tuned,0.00818214831886604
TR-001729,TR-C05961,2024-03-06,0,2,clean_time_group_tuned,0.07505568465852364
TR-002611,TR-C02204,2024-03-06,0,2,clean_time_group_tuned,0.2853635808098643
TR-007042,TR-C02115,2024-03-06,1,2,clean_time_group_tuned,0.1880549378691002
TR-007193,TR-C05934,2024-03-06,0,2,clean_time_group_tuned,0.044320982286031624
TR-007380,TR-C01076,2024-03-06,0,2,clean_time_group_tuned,0.08052382537363248
TR-008344,TR-C04290,2024-03-06,1,2,clean_time_group_tuned,0.0406503021571718
TR-008351,TR-C04049,2024-03-06,0,2,clean_time_group_tuned,0.049514814836794596
TR-008970,TR-C03195,2024-03-06,0,2,clean_time_group_tuned,0.053721595259267764
TR-009888,TR-C04224,2024-03-06,0,2,clean_time_group_tuned,0.00846064113982703
TR-001723,TR-C03693,2024-03-07,0,2,clean_time_group_tuned,0.1820599194594594
TR-002546,TR-C02459,2024-03-07,0,2,clean_time_group_tuned,0.06624715274596
TR-003328,TR-C02040,2024-03-07,0,2,clean_time_group_tuned,0.10852872283245137
TR-003731,TR-C00246,2024-03-07,0,2,clean_time_group_tuned,0.053123674819114355
TR-004335,TR-C04648,2024-03-07,0,2,clean_time_group_tuned,0.03959778295681062
TR-006420,TR-C02917,2024-03-07,0,2,clean_time_group_tuned,0.020333523762416376
TR-006438,TR-C03405,2024-03-07,0,2,clean_time_group_tuned,0.012136956021112729
TR-007399,TR-C04134,2024-03-07,0,2,clean_time_group_tuned,0.01536701837860898
TR-008953,TR-C01764,2024-03-07,0,2,clean_time_group_tuned,0.07700791700712498
TR-000429,TR-C03973,2024-03-08,0,2,clean_time_group_tuned,0.007462447640553702
TR-000499,TR-C05559,2024-03-08,0,2,clean_time_group_tuned,0.6070824573223985
TR-000873,TR-C02219,2024-03-08,0,2,clean_time_group_tuned,0.009924590259206174
TR-000887,TR-C02001,2024-03-08,0,2,clean_time_group_tuned,0.21063803315089802
TR-001366,TR-C04938,2024-03-08,0,2,clean_time_group_tuned,0.02251884594967485
TR-001441,TR-C05871,2024-03-08,0,2,clean_time_group_tuned,0.024896345321123337
TR-002197,TR-C05769,2024-03-08,0,2,clean_time_group_tuned,0.009983308293081614
TR-007972,TR-C04245,2024-03-08,0,2,clean_time_group_tuned,0.013792587857416787
TR-000753,TR-C03902,2024-03-09,0,2,clean_time_group_tuned,0.00868936982643854
TR-001020,TR-C00142,2024-03-09,0,2,clean_time_group_tuned,0.03461100897775696
TR-001385,TR-C00930,2024-03-09,0,2,clean_time_group_tuned,0.07227235072969027
TR-007608,TR-C00137,2024-03-09,0,2,clean_time_group_tuned,0.07781034497890785
TR-007998,TR-C05540,2024-03-09,0,2,clean_time_group_tuned,0.09863746159289027
TR-009345,TR-C05626,2024-03-09,0,2,clean_time_group_tuned,0.07061999117118835
TR-009350,TR-C04644,2024-03-09,0,2,clean_time_group_tuned,0.44054607755289943
TR-000526,TR-C05493,2024-03-10,0,2,clean_time_group_tuned,0.03625465882768496
TR-000971,TR-C00250,2024-03-10,0,2,clean_time_group_tuned,0.0187542432462556
TR-001933,TR-C05652,2024-03-10,0,2,clean_time_group_tuned,0.014606159957631246
TR-003398,TR-C03740,2024-03-10,0,2,clean_time_group_tuned,0.022930215003599933
TR-004702,TR-C06177,2024-03-10,0,2,clean_time_group_tuned,0.061941014494946676
TR-007464,TR-C01703,2024-03-10,0,2,clean_time_group_tuned,0.01061785402222921
TR-007893,TR-C04931,2024-03-10,0,2,clean_time_group_tuned,0.007027201697015883
TR-008387,TR-C00152,2024-03-10,1,2,clean_time_group_tuned,0.10305525633649905
TR-008948,TR-C03422,2024-03-10,0,2,clean_time_group_tuned,0.036848374975943676
TR-000704,TR-C02622,2024-03-11,0,2,clean_time_group_tuned,0.025872435506664612
TR-001292,TR-C04567,2024-03-11,0,2,clean_time_group_tuned,0.01853103427571237
TR-002137,TR-C00622,2024-03-11,0,2,clean_time_group_tuned,0.01927407608614419
TR-002900,TR-C01574,2024-03-11,0,2,clean_time_group_tuned,0.5388314375105441
TR-003060,TR-C06046,2024-03-11,0,2,clean_time_group_tuned,0.01559488455144959
TR-003095,TR-C06020,2024-03-11,1,2,clean_time_group_tuned,0.08636545388757179
TR-003835,TR-C05293,2024-03-11,0,2,clean_time_group_tuned,0.032186013780041996
TR-006919,TR-C04143,2024-03-11,0,2,clean_time_group_tuned,0.024543157081029505
TR-008214,TR-C01351,2024-03-11,0,2,clean_time_group_tuned,0.5623163497046887
TR-009477,TR-C03152,2024-03-11,0,2,clean_time_group_tuned,0.013577368875542064
TR-000598,TR-C02322,2024-03-12,1,2,clean_time_group_tuned,0.037524502770820596
TR-002498,TR-C00234,2024-03-12,0,2,clean_time_group_tuned,0.0084504408325335
TR-004192,TR-C02268,2024-03-12,0,2,clean_time_group_tuned,0.028203973787697907
TR-004251,TR-C02359,2024-03-12,0,2,clean_time_group_tuned,0.017141716759364312
TR-004817,TR-C05376,2024-03-12,0,2,clean_time_group_tuned,0.04334617183038429
TR-006798,TR-C00938,2024-03-12,0,2,clean_time_group_tuned,0.012230121431791727
TR-008656,TR-C02139,2024-03-12,0,2,clean_time_group_tuned,0.04100385909180505
TR-009111,TR-C00665,2024-03-12,0,2,clean_time_group_tuned,0.22185354576898375
TR-009734,TR-C06443,2024-03-12,0,2,clean_time_group_tuned,0.07370763920191792
TR-001907,TR-C00670,2024-03-13,0,2,clean_time_group_tuned,0.015608124334434254
TR-001969,TR-C02827,2024-03-13,1,2,clean_time_group_tuned,0.16251422214010672
TR-002683,TR-C04045,2024-03-13,0,2,clean_time_group_tuned,0.007380648843878842
TR-003007,TR-C06175,2024-03-13,0,2,clean_time_group_tuned,0.020670622777914913
TR-004053,TR-C00277,2024-03-13,0,2,clean_time_group_tuned,0.011219059494012407
TR-004615,TR-C01493,2024-03-13,0,2,clean_time_group_tuned,0.050485116748852775
TR-004779,TR-C03163,2024-03-13,0,2,clean_time_group_tuned,0.05205735702888423
TR-006130,TR-C05378,2024-03-13,0,2,clean_time_group_tuned,0.03177500545175375
TR-006202,TR-C06273,2024-03-13,0,2,clean_time_group_tuned,0.0174413234865059
TR-006370,TR-C00867,2024-03-13,0,2,clean_time_group_tuned,0.011291644126236297
TR-009481,TR-C05615,2024-03-13,0,2,clean_time_group_tuned,0.06650625901137348
TR-002242,TR-C00935,2024-03-14,0,2,clean_time_group_tuned,0.011747154849444198
TR-002328,TR-C02936,2024-03-14,0,2,clean_time_group_tuned,0.3327079996101171
TR-004224,TR-C04744,2024-03-14,0,2,clean_time_group_tuned,0.049474230849137484
TR-004668,TR-C01902,2024-03-14,1,2,clean_time_group_tuned,0.04824723232289438
TR-006784,TR-C02311,2024-03-14,0,2,clean_time_group_tuned,0.057841886826830086
TR-008193,TR-C05479,2024-03-14,1,2,clean_time_group_tuned,0.03031107738284557
TR-009090,TR-C05989,2024-03-14,0,2,clean_time_group_tuned,0.011129416364884862
TR-000799,TR-C03292,2024-03-15,0,2,clean_time_group_tuned,0.05684340247134871
TR-002272,TR-C03079,2024-03-15,0,2,clean_time_group_tuned,0.6418686024332722
TR-003570,TR-C03172,2024-03-15,0,2,clean_time_group_tuned,0.07859610934368257
TR-004493,TR-C02747,2024-03-15,0,2,clean_time_group_tuned,0.07415540866507293
TR-006507,TR-C03652,2024-03-15,0,2,clean_time_group_tuned,0.03499052162709795
TR-006863,TR-C01100,2024-03-15,0,2,clean_time_group_tuned,0.01317493681654214
TR-007664,TR-C00419,2024-03-15,1,2,clean_time_group_tuned,0.04940853190395372
TR-009182,TR-C01434,2024-03-15,0,2,clean_time_group_tuned,0.03269155384910265
TR-000418,TR-C00524,2024-03-16,0,2,clean_time_group_tuned,0.007109172071118351
TR-001393,TR-C03329,2024-03-16,0,2,clean_time_group_tuned,0.019595579161374665
TR-003492,TR-C00373,2024-03-16,1,2,clean_time_group_tuned,0.051888946724281265
TR-003967,TR-C05215,2024-03-16,0,2,clean_time_group_tuned,0.0537261069678617
TR-004957,TR-C06159,2024-03-16,0,2,clean_time_group_tuned,0.0270383415205661
TR-005531,TR-C05049,2024-03-16,0,2,clean_time_group_tuned,0.03929101287365226
TR-005939,TR-C00560,2024-03-16,0,2,clean_time_group_tuned,0.08301254495537673
TR-006690,TR-C01779,2024-03-16,0,2,clean_time_group_tuned,0.035741248810951115
TR-007582,TR-C05427,2024-03-16,0,2,clean_time_group_tuned,0.046089552820613104
TR-008888,TR-C06459,2024-03-16,0,2,clean_time_group_tuned,0.025500979875519244
TR-001222,TR-C06269,2024-03-17,0,2,clean_time_group_tuned,0.0876232714890633
TR-003276,TR-C02357,2024-03-17,1,2,clean_time_group_tuned,0.05140654444404321
TR-004085,TR-C02563,2024-03-17,0,2,clean_time_group_tuned,0.22182901288563542
TR-004553,TR-C03077,2024-03-17,0,2,clean_time_group_tuned,0.532509989552613
TR-008296,TR-C03356,2024-03-17,0,2,clean_time_group_tuned,0.06045449216556375
TR-008628,TR-C05648,2024-03-17,0,2,clean_time_group_tuned,0.011486855733460607
TR-009686,TR-C02307,2024-03-17,0,2,clean_time_group_tuned,0.02073651104599207
TR-000426,TR-C03493,2024-03-18,0,2,clean_time_group_tuned,0.013707024296210136
TR-000888,TR-C01748,2024-03-18,0,2,clean_time_group_tuned,0.016645703342240206
TR-001326,TR-C03521,2024-03-18,0,2,clean_time_group_tuned,0.012069640938044869
TR-001679,TR-C04759,2024-03-18,0,2,clean_time_group_tuned,0.11345145368039174
TR-002659,TR-C00688,2024-03-18,0,2,clean_time_group_tuned,0.03355748181403822
TR-004561,TR-C00681,2024-03-18,0,2,clean_time_group_tuned,0.010860503866089385
TR-004704,TR-C05267,2024-03-18,0,2,clean_time_group_tuned,0.010749039367202704
TR-005570,TR-C01550,2024-03-18,0,2,clean_time_group_tuned,0.009513641293468031
TR-007563,TR-C02845,2024-03-18,0,2,clean_time_group_tuned,0.034371204341177256
TR-007671,TR-C04987,2024-03-18,0,2,clean_time_group_tuned,0.015673568459783186
TR-008143,TR-C05901,2024-03-18,1,2,clean_time_group_tuned,0.03870486793766907
TR-000243,TR-C03740,2024-03-19,0,2,clean_time_group_tuned,0.015928043352954044
TR-000903,TR-C06171,2024-03-19,0,2,clean_time_group_tuned,0.07054348257364544
TR-000930,TR-C04600,2024-03-19,0,2,clean_time_group_tuned,0.017836327892453905
TR-001149,TR-C01281,2024-03-19,0,2,clean_time_group_tuned,0.21735054423562927
TR-003311,TR-C04149,2024-03-19,1,2,clean_time_group_tuned,0.15014790099842465
TR-003411,TR-C00722,2024-03-19,0,2,clean_time_group_tuned,0.0071950662657757
TR-005364,TR-C03928,2024-03-19,0,2,clean_time_group_tuned,0.33298870290958377
TR-000296,TR-C06445,2024-03-20,0,2,clean_time_group_tuned,0.03409985934587886
TR-000449,TR-C00536,2024-03-20,0,2,clean_time_group_tuned,0.026288370304849328
TR-002625,TR-C06410,2024-03-20,0,2,clean_time_group_tuned,0.05911594730614771
TR-005031,TR-C05094,2024-03-20,1,2,clean_time_group_tuned,0.06183246972480584
TR-005170,TR-C06104,2024-03-20,0,2,clean_time_group_tuned,0.14367806380789064
TR-000985,TR-C06454,2024-03-21,0,2,clean_time_group_tuned,0.01899965146524412
TR-002006,TR-C01815,2024-03-21,0,2,clean_time_group_tuned,0.06150850826530629
TR-003078,TR-C04462,2024-03-21,0,2,clean_time_group_tuned,0.026812743451403217
TR-003949,TR-C03182,2024-03-21,0,2,clean_time_group_tuned,0.007751206285354494
TR-006153,TR-C02629,2024-03-21,0,2,clean_time_group_tuned,0.17371844116165286
TR-008515,TR-C03943,2024-03-21,0,2,clean_time_group_tuned,0.00740292440361458
TR-009087,TR-C06089,2024-03-21,0,2,clean_time_group_tuned,0.019701745892275815
TR-000534,TR-C03960,2024-03-22,0,2,clean_time_group_tuned,0.010584652461628208
TR-002392,TR-C02090,2024-03-22,0,2,clean_time_group_tuned,0.10455525821258255
TR-003013,TR-C05487,2024-03-22,0,2,clean_time_group_tuned,0.05787725962302088
TR-004320,TR-C00004,2024-03-22,0,2,clean_time_group_tuned,0.6146463859759359
TR-005054,TR-C04906,2024-03-22,0,2,clean_time_group_tuned,0.009854785260333846
TR-005701,TR-C02876,2024-03-22,1,2,clean_time_group_tuned,0.02619219983236345
TR-005955,TR-C05366,2024-03-22,0,2,clean_time_group_tuned,0.04368050756580351
TR-006220,TR-C02337,2024-03-22,0,2,clean_time_group_tuned,0.08582982705855989
TR-006802,TR-C02247,2024-03-22,0,2,clean_time_group_tuned,0.04801520148751694
TR-007296,TR-C05069,2024-03-22,0,2,clean_time_group_tuned,0.01876842636102587
TR-007610,TR-C04894,2024-03-22,0,2,clean_time_group_tuned,0.009992199230246697
TR-009382,TR-C04804,2024-03-22,1,2,clean_time_group_tuned,0.26525981368368035
TR-009576,TR-C02313,2024-03-22,0,2,clean_time_group_tuned,0.023035938361406248
TR-001174,TR-C06167,2024-03-23,0,2,clean_time_group_tuned,0.01883702514474596
TR-001321,TR-C04917,2024-03-23,0,2,clean_time_group_tuned,0.035483096826201745
TR-001736,TR-C02182,2024-03-23,0,2,clean_time_group_tuned,0.09137561859637726
TR-002074,TR-C01730,2024-03-23,0,2,clean_time_group_tuned,0.047902515125889146
TR-002425,TR-C02857,2024-03-23,1,2,clean_time_group_tuned,0.2229448032515909
TR-002686,TR-C02679,2024-03-23,1,2,clean_time_group_tuned,0.09516069566649903
TR-002765,TR-C00991,2024-03-23,0,2,clean_time_group_tuned,0.035062974806568115
TR-004969,TR-C04307,2024-03-23,0,2,clean_time_group_tuned,0.08512647428732215
TR-005110,TR-C02919,2024-03-23,0,2,clean_time_group_tuned,0.01612871393371692
TR-005151,TR-C04370,2024-03-23,1,2,clean_time_group_tuned,0.03063942718836159
TR-005421,TR-C01652,2024-03-23,0,2,clean_time_group_tuned,0.019941819028145392
TR-005517,TR-C02054,2024-03-23,0,2,clean_time_group_tuned,0.058841164291976014
TR-005994,TR-C03373,2024-03-23,0,2,clean_time_group_tuned,0.016171671800968984
TR-006589,TR-C03631,2024-03-23,0,2,clean_time_group_tuned,0.0946848517113484
TR-007100,TR-C05021,2024-03-23,0,2,clean_time_group_tuned,0.014052583136602936
TR-007350,TR-C01739,2024-03-23,0,2,clean_time_group_tuned,0.010980298361560146
TR-008250,TR-C00569,2024-03-23,0,2,clean_time_group_tuned,0.10097105391974241
TR-008704,TR-C02009,2024-03-23,0,2,clean_time_group_tuned,0.020575647879126108
TR-000647,TR-C03464,2024-03-24,0,2,clean_time_group_tuned,0.01666462921189146
TR-003472,TR-C05576,2024-03-24,0,2,clean_time_group_tuned,0.009604489749305205
TR-004315,TR-C02366,2024-03-24,0,2,clean_time_group_tuned,0.025893109334270713
TR-006764,TR-C01124,2024-03-24,0,2,clean_time_group_tuned,0.022310587415652717
TR-008436,TR-C06357,2024-03-24,0,2,clean_time_group_tuned,0.02044630628520052
TR-008500,TR-C02969,2024-03-24,0,2,clean_time_group_tuned,0.026594425251131967
TR-001684,TR-C05893,2024-03-25,1,2,clean_time_group_tuned,0.13249838659391544
TR-001792,TR-C05918,2024-03-25,0,2,clean_time_group_tuned,0.009653841964728457
TR-002705,TR-C02480,2024-03-25,0,2,clean_time_group_tuned,0.0364528546067705
TR-003112,TR-C05695,2024-03-25,0,2,clean_time_group_tuned,0.08920018017244634
TR-003144,TR-C03561,2024-03-25,0,2,clean_time_group_tuned,0.027241080546954382
TR-003711,TR-C00184,2024-03-25,0,2,clean_time_group_tuned,0.009873222110203772
TR-003758,TR-C01455,2024-03-25,0,2,clean_time_group_tuned,0.14315300365885972
TR-003778,TR-C01638,2024-03-25,0,2,clean_time_group_tuned,0.012474762232013995
TR-005724,TR-C00629,2024-03-25,0,2,clean_time_group_tuned,0.014018845323584763
TR-006028,TR-C01342,2024-03-25,0,2,clean_time_group_tuned,0.028249564132898745
TR-006184,TR-C03835,2024-03-25,0,2,clean_time_group_tuned,0.024812176419280026
TR-007618,TR-C00380,2024-03-25,0,2,clean_time_group_tuned,0.05075120585765899
TR-007822,TR-C04310,2024-03-25,0,2,clean_time_group_tuned,0.07475135847375101
TR-008294,TR-C03737,2024-03-25,0,2,clean_time_group_tuned,0.03066301589267246
TR-008576,TR-C04211,2024-03-25,0,2,clean_time_group_tuned,0.05913466717612602
TR-008666,TR-C00780,2024-03-25,0,2,clean_time_group_tuned,0.01629210350802905
TR-008759,TR-C01348,2024-03-25,0,2,clean_time_group_tuned,0.016880938547884486
TR-009646,TR-C00767,2024-03-25,0,2,clean_time_group_tuned,0.010912051157907698
TR-000072,TR-C00523,2024-03-26,0,2,clean_time_group_tuned,0.030564798440046538
TR-001670,TR-C03044,2024-03-26,0,2,clean_time_group_tuned,0.017868698345240797
TR-001994,TR-C01104,2024-03-26,1,2,clean_time_group_tuned,0.09919245487797687
TR-002937,TR-C03173,2024-03-26,0,2,clean_time_group_tuned,0.024992051255638265
TR-003845,TR-C04831,2024-03-26,0,2,clean_time_group_tuned,0.07981878479203054
TR-004780,TR-C03962,2024-03-26,0,2,clean_time_group_tuned,0.028550615275293345
TR-006339,TR-C05559,2024-03-26,1,2,clean_time_group_tuned,0.0960938530939613
TR-007120,TR-C05405,2024-03-26,0,2,clean_time_group_tuned,0.06402219349352035
TR-008030,TR-C02222,2024-03-26,1,2,clean_time_group_tuned,0.13475434937085456
TR-008213,TR-C03013,2024-03-26,0,2,clean_time_group_tuned,0.01563142359470892
TR-008963,TR-C01592,2024-03-26,0,2,clean_time_group_tuned,0.041310136404101576
TR-008972,TR-C05869,2024-03-26,0,2,clean_time_group_tuned,0.10897802667562685
TR-009026,TR-C06436,2024-03-26,1,2,clean_time_group_tuned,0.11658459995940815
TR-001307,TR-C05320,2024-03-27,0,2,clean_time_group_tuned,0.06084935889799055
TR-003374,TR-C01224,2024-03-27,0,2,clean_time_group_tuned,0.02284075235021167
TR-004282,TR-C03488,2024-03-27,0,2,clean_time_group_tuned,0.00807070972917724
TR-005210,TR-C03862,2024-03-27,0,2,clean_time_group_tuned,0.060822844682833395
TR-005816,TR-C05999,2024-03-27,0,2,clean_time_group_tuned,0.06921194090251491
TR-006517,TR-C02175,2024-03-27,1,2,clean_time_group_tuned,0.26631160302588686
TR-008111,TR-C03899,2024-03-27,0,2,clean_time_group_tuned,0.032099252597767934
TR-009411,TR-C05842,2024-03-27,0,2,clean_time_group_tuned,0.05784057033005941
TR-002050,TR-C05329,2024-03-28,0,2,clean_time_group_tuned,0.035807021573353894
TR-002867,TR-C05565,2024-03-28,0,2,clean_time_group_tuned,0.4310057357893231
TR-002886,TR-C04555,2024-03-28,0,2,clean_time_group_tuned,0.029610805992502452
TR-003715,TR-C00913,2024-03-28,0,2,clean_time_group_tuned,0.013440380773715706
TR-004126,TR-C02140,2024-03-28,0,2,clean_time_group_tuned,0.023343066843572784
TR-004598,TR-C02755,2024-03-28,0,2,clean_time_group_tuned,0.059043020672382124
TR-004738,TR-C04473,2024-03-28,0,2,clean_time_group_tuned,0.05111924697983077
TR-005299,TR-C01135,2024-03-28,0,2,clean_time_group_tuned,0.01839757445250592
TR-005806,TR-C00621,2024-03-28,1,2,clean_time_group_tuned,0.11580124180834454
TR-007640,TR-C04369,2024-03-28,0,2,clean_time_group_tuned,0.04146707663135566
TR-009231,TR-C03070,2024-03-28,0,2,clean_time_group_tuned,0.01175989546352013
TR-001261,TR-C06122,2024-03-29,0,2,clean_time_group_tuned,0.0077902316672398345
TR-002618,TR-C04503,2024-03-29,0,2,clean_time_group_tuned,0.015169002300792926
TR-002831,TR-C03918,2024-03-29,0,2,clean_time_group_tuned,0.012338176962573189
TR-005287,TR-C04465,2024-03-29,0,2,clean_time_group_tuned,0.019980420171485498
TR-005668,TR-C05350,2024-03-29,0,2,clean_time_group_tuned,0.023749878053675733
TR-006246,TR-C02957,2024-03-29,0,2,clean_time_group_tuned,0.010107701955114057
TR-006456,TR-C00518,2024-03-29,0,2,clean_time_group_tuned,0.017173222363726134
TR-008039,TR-C02666,2024-03-29,1,2,clean_time_group_tuned,0.26481112053726114
TR-000650,TR-C03898,2024-03-30,0,2,clean_time_group_tuned,0.007489125724422665
TR-000654,TR-C01097,2024-03-30,0,2,clean_time_group_tuned,0.01856592539028512
TR-001272,TR-C04032,2024-03-30,0,2,clean_time_group_tuned,0.024519273306092
TR-005766,TR-C01472,2024-03-30,0,2,clean_time_group_tuned,0.1060077912437892
TR-006311,TR-C00283,2024-03-30,0,2,clean_time_group_tuned,0.01602486109873164
TR-007270,TR-C03369,2024-03-30,0,2,clean_time_group_tuned,0.023507952642174777
TR-008326,TR-C06136,2024-03-30,0,2,clean_time_group_tuned,0.06862097687069338
TR-008340,TR-C06042,2024-03-30,0,2,clean_time_group_tuned,0.008229255098713384
TR-002822,TR-C05591,2024-03-31,0,2,clean_time_group_tuned,0.02336663831483977
TR-004200,TR-C03446,2024-03-31,0,2,clean_time_group_tuned,0.09978826069362133
TR-007146,TR-C00660,2024-03-31,0,2,clean_time_group_tuned,0.02244403240348996
TR-009494,TR-C02461,2024-03-31,0,2,clean_time_group_tuned,0.02979235844197217
TR-000582,TR-C03947,2024-04-01,0,2,clean_time_group_tuned,0.21372132268175018
TR-001076,TR-C05028,2024-04-01,0,2,clean_time_group_tuned,0.05562160072771089
TR-001508,TR-C00273,2024-04-01,0,2,clean_time_group_tuned,0.07200791840249927
TR-002476,TR-C00008,2024-04-01,0,2,clean_time_group_tuned,0.04887818696139287
TR-003564,TR-C00687,2024-04-01,0,2,clean_time_group_tuned,0.016872157500918004
TR-004517,TR-C00832,2024-04-01,0,2,clean_time_group_tuned,0.35324088609364906
TR-005040,TR-C01705,2024-04-01,1,2,clean_time_group_tuned,0.020025829523892424
TR-005796,TR-C01567,2024-04-01,0,2,clean_time_group_tuned,0.013382031599558145
TR-006814,TR-C03853,2024-04-01,0,2,clean_time_group_tuned,0.010815795200125692
TR-007320,TR-C05715,2024-04-01,0,2,clean_time_group_tuned,0.023184998162912987
TR-007987,TR-C03145,2024-04-01,0,2,clean_time_group_tuned,0.07274957463302666
TR-008956,TR-C03051,2024-04-01,0,2,clean_time_group_tuned,0.19619436624216144
TR-009702,TR-C02372,2024-04-01,0,2,clean_time_group_tuned,0.03080546991569532
TR-009711,TR-C06177,2024-04-01,0,2,clean_time_group_tuned,0.04331950188604528
TR-005262,TR-C01292,2024-04-02,0,2,clean_time_group_tuned,0.28139298089288606
TR-005855,TR-C02175,2024-04-02,0,2,clean_time_group_tuned,0.15242744949933396
TR-008652,TR-C00927,2024-04-02,0,2,clean_time_group_tuned,0.057974746231908854
TR-008973,TR-C04166,2024-04-02,0,2,clean_time_group_tuned,0.02760237632140646
TR-009988,TR-C06033,2024-04-02,0,2,clean_time_group_tuned,0.02464850268251033
TR-000810,TR-C04713,2024-04-03,0,2,clean_time_group_tuned,0.2104432210346961
TR-000978,TR-C03635,2024-04-03,0,2,clean_time_group_tuned,0.05443624215937051
TR-001783,TR-C06384,2024-04-03,0,2,clean_time_group_tuned,0.03396286935035794
TR-002302,TR-C03946,2024-04-03,0,2,clean_time_group_tuned,0.017583123298498357
TR-002451,TR-C00235,2024-04-03,0,2,clean_time_group_tuned,0.039483384856292374
TR-002671,TR-C00436,2024-04-03,0,2,clean_time_group_tuned,0.030024677432392607
TR-005751,TR-C06436,2024-04-03,0,2,clean_time_group_tuned,0.03272837990632933
TR-006283,TR-C01844,2024-04-03,1,2,clean_time_group_tuned,0.2907594195106614
TR-007224,TR-C02020,2024-04-03,0,2,clean_time_group_tuned,0.05218684861229647
TR-008960,TR-C01355,2024-04-03,0,2,clean_time_group_tuned,0.021617342494218178
TR-009105,TR-C02795,2024-04-03,0,2,clean_time_group_tuned,0.04087530808057975
TR-000967,TR-C06284,2024-04-04,0,2,clean_time_group_tuned,0.011204379959568524
TR-001384,TR-C03970,2024-04-04,0,2,clean_time_group_tuned,0.09479113892957756
TR-002266,TR-C00799,2024-04-04,0,2,clean_time_group_tuned,0.04402948045244762
TR-002715,TR-C02127,2024-04-04,0,2,clean_time_group_tuned,0.10951538363445351
TR-003810,TR-C05617,2024-04-04,0,2,clean_time_group_tuned,0.024399480745087267
TR-004857,TR-C06191,2024-04-04,0,2,clean_time_group_tuned,0.36282620833405455
TR-005565,TR-C06349,2024-04-04,0,2,clean_time_group_tuned,0.047815493655688386
TR-005699,TR-C02425,2024-04-04,0,2,clean_time_group_tuned,0.2688150807835637
TR-006666,TR-C04846,2024-04-04,0,2,clean_time_group_tuned,0.327987165084339
TR-009240,TR-C03364,2024-04-04,0,2,clean_time_group_tuned,0.02341657274350085
TR-000935,TR-C03243,2024-04-05,0,2,clean_time_group_tuned,0.16012350508460757
TR-001188,TR-C06313,2024-04-05,0,2,clean_time_group_tuned,0.10013897183747521
TR-001491,TR-C05973,2024-04-05,0,2,clean_time_group_tuned,0.029711869305201626
TR-004206,TR-C04972,2024-04-05,0,2,clean_time_group_tuned,0.11580054493894115
TR-006385,TR-C01675,2024-04-05,0,2,clean_time_group_tuned,0.195183320656087
TR-006807,TR-C00389,2024-04-05,0,2,clean_time_group_tuned,0.009278669628863099
TR-007155,TR-C04312,2024-04-05,0,2,clean_time_group_tuned,0.040692894657705626
TR-001583,TR-C00005,2024-04-06,0,2,clean_time_group_tuned,0.02034758230052078
TR-002849,TR-C01893,2024-04-06,0,2,clean_time_group_tuned,0.030145249904839536
TR-005546,TR-C01063,2024-04-06,0,2,clean_time_group_tuned,0.03696861383421706
TR-006100,TR-C04824,2024-04-06,0,2,clean_time_group_tuned,0.04714410048792095
TR-006540,TR-C04689,2024-04-06,0,2,clean_time_group_tuned,0.03830853181202821
TR-007186,TR-C03565,2024-04-06,1,2,clean_time_group_tuned,0.25852337325077146
TR-007215,TR-C03772,2024-04-06,0,2,clean_time_group_tuned,0.024107151519405526
TR-007957,TR-C02331,2024-04-06,0,2,clean_time_group_tuned,0.31886299956039954
TR-008524,TR-C02165,2024-04-06,0,2,clean_time_group_tuned,0.10392714834377813
TR-008763,TR-C02239,2024-04-06,0,2,clean_time_group_tuned,0.012179327034879348
TR-009627,TR-C04573,2024-04-06,0,2,clean_time_group_tuned,0.034091942921041944
TR-000373,TR-C01476,2024-04-07,0,2,clean_time_group_tuned,0.045301263047878425
TR-001331,TR-C01201,2024-04-07,0,2,clean_time_group_tuned,0.04402142990422994
TR-001361,TR-C06454,2024-04-07,0,2,clean_time_group_tuned,0.07160021566227931
TR-001581,TR-C02938,2024-04-07,0,2,clean_time_group_tuned,0.40434351183098416
TR-002406,TR-C03554,2024-04-07,0,2,clean_time_group_tuned,0.02182707000595213
TR-002763,TR-C00773,2024-04-07,0,2,clean_time_group_tuned,0.054631877979630344
TR-003011,TR-C06190,2024-04-07,0,2,clean_time_group_tuned,0.018585368279986
TR-003065,TR-C03929,2024-04-07,0,2,clean_time_group_tuned,0.13285247580351792
TR-004489,TR-C02281,2024-04-07,0,2,clean_time_group_tuned,0.014928162767204597
TR-005349,TR-C03683,2024-04-07,0,2,clean_time_group_tuned,0.3833054628330842
TR-006065,TR-C06222,2024-04-07,0,2,clean_time_group_tuned,0.0198393195625209
TR-006207,TR-C01899,2024-04-07,0,2,clean_time_group_tuned,0.011211983600044342
TR-007045,TR-C05860,2024-04-07,0,2,clean_time_group_tuned,0.021756368812758112
TR-007243,TR-C05896,2024-04-07,0,2,clean_time_group_tuned,0.06609491512512891
TR-009584,TR-C01019,2024-04-07,1,2,clean_time_group_tuned,0.36020739774180455
TR-009733,TR-C06476,2024-04-07,0,2,clean_time_group_tuned,0.03405068006091519
TR-009866,TR-C00530,2024-04-07,0,2,clean_time_group_tuned,0.01584507800976136
TR-001202,TR-C04546,2024-04-08,0,2,clean_time_group_tuned,0.021522715929189633
TR-001230,TR-C01390,2024-04-08,0,2,clean_time_group_tuned,0.01931784853878649
TR-002123,TR-C01850,2024-04-08,0,2,clean_time_group_tuned,0.021353971235177557
TR-002773,TR-C03948,2024-04-08,0,2,clean_time_group_tuned,0.06490252839555227
TR-003012,TR-C01725,2024-04-08,0,2,clean_time_group_tuned,0.013559303873410204
TR-003070,TR-C04854,2024-04-08,0,2,clean_time_group_tuned,0.017929182996957494
TR-004935,TR-C00476,2024-04-08,0,2,clean_time_group_tuned,0.010568014766039722
TR-005880,TR-C04112,2024-04-08,0,2,clean_time_group_tuned,0.029378760729843648
TR-007017,TR-C06256,2024-04-08,0,2,clean_time_group_tuned,0.02888650097541021
TR-008337,TR-C03492,2024-04-08,0,2,clean_time_group_tuned,0.058813457583577075
TR-009174,TR-C00832,2024-04-08,1,2,clean_time_group_tuned,0.06868965820353665
TR-000211,TR-C01911,2024-04-09,0,2,clean_time_group_tuned,0.15945019241868383
TR-001799,TR-C04516,2024-04-09,0,2,clean_time_group_tuned,0.023870828273717858
TR-002059,TR-C00891,2024-04-09,0,2,clean_time_group_tuned,0.011183174370808218
TR-005123,TR-C01366,2024-04-09,0,2,clean_time_group_tuned,0.05837924009958544
TR-005491,TR-C00022,2024-04-09,0,2,clean_time_group_tuned,0.08124195572789367
TR-006010,TR-C03570,2024-04-09,0,2,clean_time_group_tuned,0.021965747479812944
TR-006281,TR-C04597,2024-04-09,0,2,clean_time_group_tuned,0.019338427741427383
TR-007106,TR-C04033,2024-04-09,0,2,clean_time_group_tuned,0.019269205370129917
TR-007247,TR-C03687,2024-04-09,0,2,clean_time_group_tuned,0.036998014176794616
TR-007705,TR-C02861,2024-04-09,0,2,clean_time_group_tuned,0.012167854089485597
TR-001370,TR-C01501,2024-04-10,0,2,clean_time_group_tuned,0.02862040173301724
TR-001662,TR-C01788,2024-04-10,0,2,clean_time_group_tuned,0.0072583004776098576
TR-001882,TR-C05957,2024-04-10,0,2,clean_time_group_tuned,0.0128334330090781
TR-004674,TR-C02719,2024-04-10,0,2,clean_time_group_tuned,0.06787813988028778
TR-005704,TR-C06035,2024-04-10,0,2,clean_time_group_tuned,0.02405202378950276
TR-006839,TR-C00340,2024-04-10,0,2,clean_time_group_tuned,0.07782441758743774
TR-008491,TR-C03294,2024-04-10,0,2,clean_time_group_tuned,0.02356172434069372
TR-001012,TR-C01782,2024-04-11,1,2,clean_time_group_tuned,0.4461430770565878
TR-001876,TR-C02023,2024-04-11,0,2,clean_time_group_tuned,0.022416022338359983
TR-002063,TR-C02797,2024-04-11,0,2,clean_time_group_tuned,0.1439681837899607
TR-002760,TR-C00741,2024-04-11,0,2,clean_time_group_tuned,0.029944614545207075
TR-003454,TR-C05016,2024-04-11,0,2,clean_time_group_tuned,0.023994127433265143
TR-003456,TR-C00635,2024-04-11,0,2,clean_time_group_tuned,0.03568729552302824
TR-003489,TR-C03930,2024-04-11,0,2,clean_time_group_tuned,0.011314423098946463
TR-004475,TR-C00383,2024-04-11,0,2,clean_time_group_tuned,0.01441803870630889
TR-005164,TR-C04487,2024-04-11,0,2,clean_time_group_tuned,0.033844645512433304
TR-006044,TR-C02148,2024-04-11,0,2,clean_time_group_tuned,0.010001199367974742
TR-006235,TR-C03380,2024-04-11,0,2,clean_time_group_tuned,0.0754828718687903
TR-008437,TR-C03348,2024-04-11,0,2,clean_time_group_tuned,0.1095180565848495
TR-003317,TR-C02616,2024-04-12,0,2,clean_time_group_tuned,0.03355844419223434
TR-003920,TR-C05504,2024-04-12,0,2,clean_time_group_tuned,0.013963909955326188
TR-005346,TR-C06434,2024-04-12,0,2,clean_time_group_tuned,0.014723819634086633
TR-005376,TR-C04846,2024-04-12,0,2,clean_time_group_tuned,0.14860866562658495
TR-006393,TR-C01555,2024-04-12,0,2,clean_time_group_tuned,0.05448731555859402
TR-009102,TR-C02704,2024-04-12,0,2,clean_time_group_tuned,0.024902133360620627
TR-009413,TR-C03445,2024-04-12,1,2,clean_time_group_tuned,0.04520798515735101
TR-002672,TR-C03244,2024-04-13,0,2,clean_time_group_tuned,0.02288666408126531
TR-003706,TR-C00592,2024-04-13,0,2,clean_time_group_tuned,0.02279238103754852
TR-003816,TR-C02917,2024-04-13,0,2,clean_time_group_tuned,0.009398957796897724
TR-004963,TR-C01694,2024-04-13,0,2,clean_time_group_tuned,0.007543368491433099
TR-006201,TR-C03798,2024-04-13,0,2,clean_time_group_tuned,0.06014781787015185
TR-007435,TR-C02474,2024-04-13,0,2,clean_time_group_tuned,0.05267929140973876
TR-007883,TR-C02835,2024-04-13,0,2,clean_time_group_tuned,0.03165809885606102
TR-009215,TR-C00140,2024-04-13,0,2,clean_time_group_tuned,0.01648043747836794
TR-001989,TR-C06140,2024-04-14,0,2,clean_time_group_tuned,0.016093766110312883
TR-004077,TR-C02761,2024-04-14,0,2,clean_time_group_tuned,0.019289001768156826
TR-004888,TR-C02926,2024-04-14,1,2,clean_time_group_tuned,0.1087204261243601
TR-005435,TR-C01992,2024-04-14,0,2,clean_time_group_tuned,0.07452980901648279
TR-005747,TR-C03885,2024-04-14,0,2,clean_time_group_tuned,0.022463825986127953
TR-006950,TR-C04492,2024-04-14,0,2,clean_time_group_tuned,0.10790633515035992
TR-008840,TR-C02022,2024-04-14,0,2,clean_time_group_tuned,0.0359176586260295
TR-009523,TR-C04020,2024-04-14,0,2,clean_time_group_tuned,0.08941448190272197
TR-000101,TR-C05118,2024-04-15,0,2,clean_time_group_tuned,0.01782643266090963
TR-000321,TR-C00452,2024-04-15,0,2,clean_time_group_tuned,0.013423387020430081
TR-002499,TR-C05022,2024-04-15,0,2,clean_time_group_tuned,0.01943183972230582
TR-002898,TR-C04406,2024-04-15,0,2,clean_time_group_tuned,0.04015736609588286
TR-004659,TR-C01759,2024-04-15,0,2,clean_time_group_tuned,0.04556733852952845
TR-005423,TR-C01730,2024-04-15,0,2,clean_time_group_tuned,0.016374232783068807
TR-001086,TR-C02819,2024-04-16,0,2,clean_time_group_tuned,0.018262230648954374
TR-001769,TR-C00804,2024-04-16,0,2,clean_time_group_tuned,0.1289702886071442
TR-001797,TR-C06304,2024-04-16,0,2,clean_time_group_tuned,0.07640055733619545
TR-002453,TR-C01285,2024-04-16,0,2,clean_time_group_tuned,0.02711088671135493
TR-006083,TR-C05897,2024-04-16,0,2,clean_time_group_tuned,0.016978005026857573
TR-007623,TR-C06181,2024-04-16,0,2,clean_time_group_tuned,0.05443911992332856
TR-007670,TR-C00104,2024-04-16,0,2,clean_time_group_tuned,0.10513092554136902
TR-008626,TR-C02558,2024-04-16,0,2,clean_time_group_tuned,0.01732142174713939
TR-008691,TR-C06485,2024-04-16,0,2,clean_time_group_tuned,0.039913479061086186
TR-008773,TR-C05206,2024-04-16,0,2,clean_time_group_tuned,0.007345935337714844
TR-009132,TR-C03080,2024-04-16,0,2,clean_time_group_tuned,0.035847424905157556
TR-009257,TR-C05383,2024-04-16,0,2,clean_time_group_tuned,0.07413322977517456
TR-002882,TR-C01039,2024-04-17,0,2,clean_time_group_tuned,0.022293888955161406
TR-004514,TR-C05417,2024-04-17,0,2,clean_time_group_tuned,0.17841751745992096
TR-004716,TR-C03935,2024-04-17,0,2,clean_time_group_tuned,0.13910729020067555
TR-005051,TR-C00174,2024-04-17,0,2,clean_time_group_tuned,0.06452101076531415
TR-005653,TR-C01419,2024-04-17,0,2,clean_time_group_tuned,0.011794487055855729
TR-005820,TR-C06063,2024-04-17,0,2,clean_time_group_tuned,0.02024524201784569
TR-005923,TR-C00700,2024-04-17,0,2,clean_time_group_tuned,0.04054277467521228
TR-006340,TR-C05318,2024-04-17,0,2,clean_time_group_tuned,0.013061832052675408
TR-009398,TR-C05049,2024-04-17,0,2,clean_time_group_tuned,0.02823098361284267
TR-009405,TR-C00576,2024-04-17,0,2,clean_time_group_tuned,0.014821443257759453
TR-000309,TR-C00678,2024-04-18,0,2,clean_time_group_tuned,0.015890229552680393
TR-003358,TR-C05740,2024-04-18,0,2,clean_time_group_tuned,0.03608294647894115
TR-007858,TR-C04118,2024-04-18,0,2,clean_time_group_tuned,0.043536030711840645
TR-007899,TR-C02612,2024-04-18,0,2,clean_time_group_tuned,0.009208136703793016
TR-009952,TR-C03207,2024-04-18,0,2,clean_time_group_tuned,0.08305214239278373
TR-009971,TR-C01018,2024-04-18,0,2,clean_time_group_tuned,0.010420739320468954
TR-001048,TR-C06451,2024-04-19,1,2,clean_time_group_tuned,0.5020485690432148
TR-002078,TR-C04402,2024-04-19,0,2,clean_time_group_tuned,0.13271981405326583
TR-002670,TR-C02204,2024-04-19,0,2,clean_time_group_tuned,0.01614792399143968
TR-003150,TR-C05859,2024-04-19,1,2,clean_time_group_tuned,0.04745861080054481
TR-004303,TR-C02593,2024-04-19,0,2,clean_time_group_tuned,0.020484565463030357
TR-005577,TR-C00008,2024-04-19,0,2,clean_time_group_tuned,0.03799764274991148
TR-005917,TR-C02969,2024-04-19,0,2,clean_time_group_tuned,0.018741353055689008
TR-007959,TR-C02031,2024-04-19,0,2,clean_time_group_tuned,0.07633019915336355
TR-007971,TR-C04948,2024-04-19,0,2,clean_time_group_tuned,0.14304533052312315
TR-008729,TR-C03952,2024-04-19,0,2,clean_time_group_tuned,0.013399406825850193
TR-000443,TR-C01918,2024-04-20,0,2,clean_time_group_tuned,0.00890748572586728
TR-001895,TR-C04113,2024-04-20,0,2,clean_time_group_tuned,0.1467360364368263
TR-002778,TR-C02658,2024-04-20,0,2,clean_time_group_tuned,0.01593707383554204
TR-003202,TR-C00505,2024-04-20,0,2,clean_time_group_tuned,0.023748526264059145
TR-004446,TR-C06339,2024-04-20,1,2,clean_time_group_tuned,0.07940462958595515
TR-005842,TR-C00366,2024-04-20,0,2,clean_time_group_tuned,0.16883706353230854
TR-006779,TR-C02739,2024-04-20,1,2,clean_time_group_tuned,0.748208081706998
TR-007496,TR-C03290,2024-04-20,0,2,clean_time_group_tuned,0.07319682085518439
TR-008367,TR-C01631,2024-04-20,0,2,clean_time_group_tuned,0.01911790722985335
TR-000973,TR-C05475,2024-04-21,0,2,clean_time_group_tuned,0.03830538516043841
TR-001592,TR-C02373,2024-04-21,0,2,clean_time_group_tuned,0.09533641827241092
TR-002085,TR-C04549,2024-04-21,0,2,clean_time_group_tuned,0.02442427595269073
TR-003039,TR-C01231,2024-04-21,0,2,clean_time_group_tuned,0.015551870865370044
TR-004342,TR-C06031,2024-04-21,0,2,clean_time_group_tuned,0.20569158583707392
TR-004358,TR-C01469,2024-04-21,0,2,clean_time_group_tuned,0.015215035649687009
TR-004485,TR-C00940,2024-04-21,0,2,clean_time_group_tuned,0.030418805150747682
TR-006757,TR-C05337,2024-04-21,0,2,clean_time_group_tuned,0.029052752198027287
TR-006885,TR-C05597,2024-04-21,0,2,clean_time_group_tuned,0.015897855649284174
TR-006897,TR-C05410,2024-04-21,0,2,clean_time_group_tuned,0.03037703693149511
TR-007375,TR-C03094,2024-04-21,0,2,clean_time_group_tuned,0.0274376642521521
TR-007536,TR-C02267,2024-04-21,0,2,clean_time_group_tuned,0.051219792904881406
TR-008162,TR-C02559,2024-04-21,0,2,clean_time_group_tuned,0.01442380960731913
TR-008262,TR-C04486,2024-04-21,0,2,clean_time_group_tuned,0.016825039461760876
TR-008593,TR-C04247,2024-04-21,0,2,clean_time_group_tuned,0.15581736925675202
TR-000012,TR-C06149,2024-04-22,0,2,clean_time_group_tuned,0.007498481594831791
TR-000697,TR-C05924,2024-04-22,0,2,clean_time_group_tuned,0.018033262348402756
TR-001434,TR-C05502,2024-04-22,0,2,clean_time_group_tuned,0.01705245273971798
TR-001664,TR-C01894,2024-04-22,0,2,clean_time_group_tuned,0.07362427808995749
TR-001685,TR-C05247,2024-04-22,0,2,clean_time_group_tuned,0.018534854043954312
TR-001892,TR-C00066,2024-04-22,0,2,clean_time_group_tuned,0.017137757502742785
TR-004273,TR-C04254,2024-04-22,0,2,clean_time_group_tuned,0.032289767783461036
TR-005384,TR-C02599,2024-04-22,0,2,clean_time_group_tuned,0.04744768302289069
TR-005729,TR-C02868,2024-04-22,1,2,clean_time_group_tuned,0.033220234265170304
TR-006449,TR-C03343,2024-04-22,0,2,clean_time_group_tuned,0.09914083952771868
TR-008208,TR-C01164,2024-04-22,0,2,clean_time_group_tuned,0.011137079664005387
TR-009777,TR-C01084,2024-04-22,0,2,clean_time_group_tuned,0.011615421274943553
TR-000725,TR-C00156,2024-04-23,0,2,clean_time_group_tuned,0.023944577006541286
TR-006953,TR-C02402,2024-04-23,0,2,clean_time_group_tuned,0.11292503206247649
TR-009396,TR-C03684,2024-04-23,0,2,clean_time_group_tuned,0.008352725409095214
TR-009727,TR-C02309,2024-04-23,1,2,clean_time_group_tuned,0.2395127282630775
TR-009873,TR-C05804,2024-04-23,0,2,clean_time_group_tuned,0.006756662446052902
TR-002963,TR-C05637,2024-04-24,0,2,clean_time_group_tuned,0.023188006491738893
TR-003927,TR-C06494,2024-04-24,0,2,clean_time_group_tuned,0.5886767706114465
TR-004856,TR-C04760,2024-04-24,0,2,clean_time_group_tuned,0.2012030183203049
TR-005449,TR-C04374,2024-04-24,0,2,clean_time_group_tuned,0.17482811061475567
TR-009384,TR-C02397,2024-04-24,0,2,clean_time_group_tuned,0.031684745928275776
TR-009471,TR-C05178,2024-04-24,0,2,clean_time_group_tuned,0.0125802692888992
TR-009543,TR-C04162,2024-04-24,0,2,clean_time_group_tuned,0.019734794266505273
TR-009813,TR-C02512,2024-04-24,0,2,clean_time_group_tuned,0.26550534516449775
TR-000556,TR-C03580,2024-04-25,0,2,clean_time_group_tuned,0.01167529414097742
TR-001227,TR-C00812,2024-04-25,0,2,clean_time_group_tuned,0.18648126923542796
TR-002766,TR-C04244,2024-04-25,0,2,clean_time_group_tuned,0.09481702531258669
TR-002780,TR-C00803,2024-04-25,0,2,clean_time_group_tuned,0.01184241046027795
TR-002917,TR-C06033,2024-04-25,1,2,clean_time_group_tuned,0.03946080139657066
TR-003076,TR-C04353,2024-04-25,0,2,clean_time_group_tuned,0.021487503807291846
TR-005368,TR-C06007,2024-04-25,0,2,clean_time_group_tuned,0.01930026199936772
TR-005457,TR-C03012,2024-04-25,0,2,clean_time_group_tuned,0.028105104757639283
TR-005695,TR-C01288,2024-04-25,1,2,clean_time_group_tuned,0.047743682995660154
TR-005753,TR-C02561,2024-04-25,0,2,clean_time_group_tuned,0.012186667335500329
TR-005981,TR-C04233,2024-04-25,0,2,clean_time_group_tuned,0.016836747201075874
TR-009551,TR-C02250,2024-04-25,1,2,clean_time_group_tuned,0.07601946264179266
TR-000287,TR-C02126,2024-04-26,0,2,clean_time_group_tuned,0.015190903321588024
TR-000505,TR-C02905,2024-04-26,1,2,clean_time_group_tuned,0.23249843555484548
TR-000607,TR-C04087,2024-04-26,0,2,clean_time_group_tuned,0.009598113032542526
TR-000989,TR-C02466,2024-04-26,0,2,clean_time_group_tuned,0.01908249233600574
TR-001992,TR-C02936,2024-04-26,0,2,clean_time_group_tuned,0.30279035525729514
TR-003344,TR-C02577,2024-04-26,1,2,clean_time_group_tuned,0.025652794304530855
TR-007770,TR-C00142,2024-04-26,0,2,clean_time_group_tuned,0.10893512289337078
TR-008887,TR-C05162,2024-04-26,0,2,clean_time_group_tuned,0.013682668229780167
TR-000613,TR-C06306,2024-04-27,0,2,clean_time_group_tuned,0.07418644873078722
TR-000767,TR-C01922,2024-04-27,0,2,clean_time_group_tuned,0.04793959933399538
TR-001607,TR-C01592,2024-04-27,0,2,clean_time_group_tuned,0.012984146359241734
TR-002094,TR-C03419,2024-04-27,0,2,clean_time_group_tuned,0.09207003662566449
TR-002248,TR-C05422,2024-04-27,0,2,clean_time_group_tuned,0.016002962632448957
TR-002638,TR-C00474,2024-04-27,0,2,clean_time_group_tuned,0.08798830399932538
TR-005638,TR-C01557,2024-04-27,0,2,clean_time_group_tuned,0.017570044747994406
TR-005943,TR-C04026,2024-04-27,0,2,clean_time_group_tuned,0.19467848507309204
TR-006873,TR-C04107,2024-04-27,0,2,clean_time_group_tuned,0.5692876566547085
TR-007242,TR-C00156,2024-04-27,0,2,clean_time_group_tuned,0.05162523640476149
TR-007541,TR-C00671,2024-04-27,0,2,clean_time_group_tuned,0.01081579040177999
TR-007687,TR-C04749,2024-04-27,1,2,clean_time_group_tuned,0.11453281888566742
TR-000127,TR-C00348,2024-04-28,0,2,clean_time_group_tuned,0.023751456459251512
TR-001046,TR-C05055,2024-04-28,0,2,clean_time_group_tuned,0.018962682445520206
TR-002129,TR-C03595,2024-04-28,0,2,clean_time_group_tuned,0.021453742901671582
TR-002915,TR-C05639,2024-04-28,0,2,clean_time_group_tuned,0.01979908442612907
TR-002955,TR-C04842,2024-04-28,0,2,clean_time_group_tuned,0.028740511597491344
TR-003414,TR-C02633,2024-04-28,0,2,clean_time_group_tuned,0.02500291397023293
TR-003444,TR-C06336,2024-04-28,0,2,clean_time_group_tuned,0.01756367295245827
TR-004296,TR-C03944,2024-04-28,0,2,clean_time_group_tuned,0.00703627399201542
TR-005211,TR-C06457,2024-04-28,1,2,clean_time_group_tuned,0.41513134259555867
TR-005361,TR-C06476,2024-04-28,0,2,clean_time_group_tuned,0.07689761009570434
TR-005572,TR-C01533,2024-04-28,0,2,clean_time_group_tuned,0.019672922020303154
TR-006712,TR-C02098,2024-04-28,0,2,clean_time_group_tuned,0.0885938700532479
TR-008408,TR-C02341,2024-04-28,0,2,clean_time_group_tuned,0.012256559620409474
TR-000051,TR-C06149,2024-04-29,0,2,clean_time_group_tuned,0.009483951567090532
TR-002589,TR-C02196,2024-04-29,0,2,clean_time_group_tuned,0.018661345786365628
TR-003052,TR-C05291,2024-04-29,0,2,clean_time_group_tuned,0.014702248003423514
TR-003134,TR-C05223,2024-04-29,0,2,clean_time_group_tuned,0.02767122727295169
TR-003881,TR-C02985,2024-04-29,0,2,clean_time_group_tuned,0.08354562197414538
TR-004056,TR-C03781,2024-04-29,0,2,clean_time_group_tuned,0.03616789337095416
TR-005144,TR-C06485,2024-04-29,0,2,clean_time_group_tuned,0.009257621275137627
TR-005327,TR-C03893,2024-04-29,0,2,clean_time_group_tuned,0.024277005231878063
TR-005403,TR-C05067,2024-04-29,0,2,clean_time_group_tuned,0.02945873246831638
TR-005688,TR-C00010,2024-04-29,0,2,clean_time_group_tuned,0.025221682933997906
TR-005827,TR-C04747,2024-04-29,0,2,clean_time_group_tuned,0.01825877148234179
TR-008113,TR-C03677,2024-04-29,0,2,clean_time_group_tuned,0.02524564885011555
TR-008923,TR-C00921,2024-04-29,1,2,clean_time_group_tuned,0.5335614749477425
TR-001421,TR-C03995,2024-04-30,0,2,clean_time_group_tuned,0.109203730993578
TR-002102,TR-C02059,2024-04-30,0,2,clean_time_group_tuned,0.026483414326970742
TR-005088,TR-C03798,2024-04-30,0,2,clean_time_group_tuned,0.029733795884087685
TR-005665,TR-C03925,2024-04-30,0,2,clean_time_group_tuned,0.008895203266397804
TR-005989,TR-C03073,2024-04-30,0,2,clean_time_group_tuned,0.018667843301666626
TR-009612,TR-C03184,2024-04-30,0,2,clean_time_group_tuned,0.17013386222848276
TR-002864,TR-C05616,2024-05-01,0,2,clean_time_group_tuned,0.01903508996069576
TR-002914,TR-C02355,2024-05-01,0,2,clean_time_group_tuned,0.008868846935215322
TR-004219,TR-C00399,2024-05-01,0,2,clean_time_group_tuned,0.023565760150372775
TR-005316,TR-C04854,2024-05-01,0,2,clean_time_group_tuned,0.0237035336440575
TR-005897,TR-C05700,2024-05-01,0,2,clean_time_group_tuned,0.00893715691994514
TR-007281,TR-C05215,2024-05-01,0,2,clean_time_group_tuned,0.016150101025362056
TR-008283,TR-C00577,2024-05-01,0,2,clean_time_group_tuned,0.008735398401148734
TR-008685,TR-C05445,2024-05-01,0,2,clean_time_group_tuned,0.09575571284298995
TR-009104,TR-C03778,2024-05-01,0,2,clean_time_group_tuned,0.008103896414588179
TR-000714,TR-C04640,2024-05-02,0,2,clean_time_group_tuned,0.038570788078013875
TR-001375,TR-C00443,2024-05-02,0,2,clean_time_group_tuned,0.09171622928260408
TR-002271,TR-C03354,2024-05-02,0,2,clean_time_group_tuned,0.027972849396274098
TR-005679,TR-C02577,2024-05-02,0,2,clean_time_group_tuned,0.03512806635592195
TR-006658,TR-C00317,2024-05-02,0,2,clean_time_group_tuned,0.013778835820576705
TR-007338,TR-C00646,2024-05-02,0,2,clean_time_group_tuned,0.032995169835666
TR-008768,TR-C01990,2024-05-02,0,2,clean_time_group_tuned,0.009385399190356091
TR-009534,TR-C01149,2024-05-02,0,2,clean_time_group_tuned,0.009408884820578604
TR-001145,TR-C00208,2024-05-03,0,2,clean_time_group_tuned,0.05800475189043702
TR-002750,TR-C04898,2024-05-03,0,2,clean_time_group_tuned,0.013774774958570296
TR-003117,TR-C02934,2024-05-03,0,2,clean_time_group_tuned,0.4384833002029794
TR-003914,TR-C05953,2024-05-03,1,2,clean_time_group_tuned,0.5528686890012541
TR-004954,TR-C02425,2024-05-03,1,2,clean_time_group_tuned,0.23065848218892968
TR-006191,TR-C04950,2024-05-03,0,2,clean_time_group_tuned,0.08021397605262602
TR-006219,TR-C05503,2024-05-03,0,2,clean_time_group_tuned,0.023082371750130032
TR-007984,TR-C01367,2024-05-03,0,2,clean_time_group_tuned,0.008217782159213526
TR-009072,TR-C05108,2024-05-03,0,2,clean_time_group_tuned,0.052375458769690277
TR-009325,TR-C03637,2024-05-03,0,2,clean_time_group_tuned,0.20018492555009282
TR-001226,TR-C06401,2024-05-04,0,2,clean_time_group_tuned,0.19393215731447452
TR-002408,TR-C04272,2024-05-04,0,2,clean_time_group_tuned,0.11419937653446233
TR-002465,TR-C01172,2024-05-04,0,2,clean_time_group_tuned,0.07494409788937864
TR-003646,TR-C00575,2024-05-04,1,2,clean_time_group_tuned,0.03744227957198601
TR-005117,TR-C00354,2024-05-04,0,2,clean_time_group_tuned,0.022496790049404625
TR-006312,TR-C06193,2024-05-04,0,2,clean_time_group_tuned,0.053993933552827535
TR-006511,TR-C03548,2024-05-04,0,2,clean_time_group_tuned,0.3611365429013737
TR-006578,TR-C01136,2024-05-04,0,2,clean_time_group_tuned,0.11077648436891041
TR-007177,TR-C05784,2024-05-04,0,2,clean_time_group_tuned,0.1066685167208869
TR-008869,TR-C06351,2024-05-04,0,2,clean_time_group_tuned,0.0223501827970315
TR-009352,TR-C05236,2024-05-04,0,2,clean_time_group_tuned,0.013167071644447444
TR-009990,TR-C00465,2024-05-04,0,2,clean_time_group_tuned,0.015828639654075237
TR-000276,TR-C01781,2024-05-05,0,2,clean_time_group_tuned,0.037700848100481896
TR-000703,TR-C02321,2024-05-05,0,2,clean_time_group_tuned,0.025317803195203537
TR-005485,TR-C03353,2024-05-05,0,2,clean_time_group_tuned,0.013053508312375919
TR-008207,TR-C05859,2024-05-05,0,2,clean_time_group_tuned,0.07241087552920218
TR-008429,TR-C01304,2024-05-05,0,2,clean_time_group_tuned,0.053261087002183086
TR-000071,TR-C01340,2024-05-06,0,2,clean_time_group_tuned,0.03130944023870632
TR-000310,TR-C01074,2024-05-06,0,2,clean_time_group_tuned,0.010158376427882846
TR-000695,TR-C05000,2024-05-06,0,2,clean_time_group_tuned,0.02762989645082808
TR-000872,TR-C00503,2024-05-06,0,2,clean_time_group_tuned,0.05605231912235221
TR-001466,TR-C01832,2024-05-06,1,2,clean_time_group_tuned,0.11077198718306892
TR-003391,TR-C04207,2024-05-06,0,2,clean_time_group_tuned,0.014389145220848725
TR-003764,TR-C05548,2024-05-06,0,2,clean_time_group_tuned,0.06654907216509152
TR-004461,TR-C00035,2024-05-06,0,2,clean_time_group_tuned,0.03581136535885133
TR-001126,TR-C03593,2024-05-07,0,2,clean_time_group_tuned,0.12521190713678704
TR-004357,TR-C02358,2024-05-07,0,2,clean_time_group_tuned,0.02038523827486888
TR-004675,TR-C01874,2024-05-07,0,2,clean_time_group_tuned,0.011546613463444242
TR-006232,TR-C02152,2024-05-07,0,2,clean_time_group_tuned,0.0274735825165385
TR-006560,TR-C01961,2024-05-07,0,2,clean_time_group_tuned,0.05109341844883665
TR-008473,TR-C03634,2024-05-07,0,2,clean_time_group_tuned,0.014503985745740912
TR-009540,TR-C02934,2024-05-07,0,2,clean_time_group_tuned,0.04867615593449
TR-000580,TR-C02111,2024-05-08,0,2,clean_time_group_tuned,0.12062201495280317
TR-000597,TR-C03391,2024-05-08,0,2,clean_time_group_tuned,0.05095920539489115
TR-000692,TR-C06327,2024-05-08,0,2,clean_time_group_tuned,0.03306223526462688
TR-002620,TR-C01598,2024-05-08,0,2,clean_time_group_tuned,0.11223308263268394
TR-003469,TR-C02363,2024-05-08,0,2,clean_time_group_tuned,0.04330054324451554
TR-007598,TR-C05570,2024-05-08,0,2,clean_time_group_tuned,0.01833812685321939
TR-007661,TR-C00583,2024-05-08,0,2,clean_time_group_tuned,0.022062798705781293
TR-001433,TR-C05757,2024-05-09,0,2,clean_time_group_tuned,0.043081918415589324
TR-003155,TR-C05317,2024-05-09,0,2,clean_time_group_tuned,0.011670029222768764
TR-006571,TR-C05455,2024-05-09,0,2,clean_time_group_tuned,0.016055940699055738
TR-006946,TR-C03742,2024-05-09,0,2,clean_time_group_tuned,0.028624469916183705
TR-006968,TR-C04338,2024-05-09,1,2,clean_time_group_tuned,0.2459382966513368
TR-009884,TR-C04055,2024-05-09,1,2,clean_time_group_tuned,0.024003191697259528
TR-009974,TR-C03757,2024-05-09,0,2,clean_time_group_tuned,0.011728248749502915
TR-000483,TR-C02405,2024-05-10,0,2,clean_time_group_tuned,0.041884426859162244
TR-001442,TR-C05373,2024-05-10,0,2,clean_time_group_tuned,0.009800223915606737
TR-001883,TR-C00552,2024-05-10,0,2,clean_time_group_tuned,0.015448377585031784
TR-003198,TR-C00835,2024-05-10,0,2,clean_time_group_tuned,0.04422647586731909
TR-004171,TR-C01752,2024-05-10,0,2,clean_time_group_tuned,0.01174138374828426
TR-006920,TR-C03991,2024-05-10,0,2,clean_time_group_tuned,0.04668159139599068
TR-007031,TR-C06495,2024-05-10,1,2,clean_time_group_tuned,0.6879753030511416
TR-007444,TR-C03835,2024-05-10,0,2,clean_time_group_tuned,0.014313071577699038
TR-008916,TR-C01527,2024-05-10,1,2,clean_time_group_tuned,0.14866347933965243
TR-008959,TR-C00966,2024-05-10,0,2,clean_time_group_tuned,0.05909058340078749
TR-009936,TR-C06018,2024-05-10,0,2,clean_time_group_tuned,0.014612953162079561
TR-000092,TR-C06247,2024-05-11,0,2,clean_time_group_tuned,0.06281220086637199
TR-000332,TR-C03567,2024-05-11,0,2,clean_time_group_tuned,0.06000044881129734
TR-000803,TR-C02610,2024-05-11,0,2,clean_time_group_tuned,0.013962272440896501
TR-000833,TR-C02037,2024-05-11,0,2,clean_time_group_tuned,0.024923091923867564
TR-001804,TR-C01809,2024-05-11,1,2,clean_time_group_tuned,0.14349955399554337
TR-008089,TR-C00719,2024-05-11,0,2,clean_time_group_tuned,0.3367676964185089
TR-008244,TR-C01310,2024-05-11,0,2,clean_time_group_tuned,0.008232161363945445
TR-008598,TR-C01581,2024-05-11,0,2,clean_time_group_tuned,0.034361256380500256
TR-000293,TR-C02669,2024-05-12,0,2,clean_time_group_tuned,0.013789049747644704
TR-002690,TR-C01311,2024-05-12,0,2,clean_time_group_tuned,0.024960348634916505
TR-003242,TR-C00312,2024-05-12,0,2,clean_time_group_tuned,0.12169665606679525
TR-003808,TR-C03568,2024-05-12,0,2,clean_time_group_tuned,0.0238903217745483
TR-004782,TR-C03576,2024-05-12,0,2,clean_time_group_tuned,0.011135254145324298
TR-008147,TR-C02045,2024-05-12,1,2,clean_time_group_tuned,0.10752303526933808
TR-008992,TR-C04659,2024-05-12,0,2,clean_time_group_tuned,0.03056213847843449
TR-009735,TR-C05453,2024-05-12,0,2,clean_time_group_tuned,0.26599712691489397
TR-000186,TR-C02187,2024-05-13,0,2,clean_time_group_tuned,0.020444220499505592
TR-001120,TR-C00468,2024-05-13,0,2,clean_time_group_tuned,0.0181864482213042
TR-003300,TR-C04293,2024-05-13,0,2,clean_time_group_tuned,0.009630026812032235
TR-003627,TR-C05417,2024-05-13,0,2,clean_time_group_tuned,0.039847339959528015
TR-003823,TR-C02926,2024-05-13,0,2,clean_time_group_tuned,0.11136053868644472
TR-004041,TR-C05704,2024-05-13,0,2,clean_time_group_tuned,0.03175430989429451
TR-005480,TR-C06133,2024-05-13,0,2,clean_time_group_tuned,0.11528746930852435
TR-007871,TR-C04164,2024-05-13,0,2,clean_time_group_tuned,0.012626264207547045
TR-008603,TR-C00631,2024-05-13,0,2,clean_time_group_tuned,0.09002531447600325
TR-008900,TR-C01005,2024-05-13,0,2,clean_time_group_tuned,0.027020736419960032
TR-009172,TR-C05570,2024-05-13,0,2,clean_time_group_tuned,0.010448403921592145
TR-009902,TR-C02287,2024-05-13,0,2,clean_time_group_tuned,0.2220094849168824
TR-000425,TR-C00371,2024-05-14,0,2,clean_time_group_tuned,0.04987096774531597
TR-000805,TR-C04674,2024-05-14,0,2,clean_time_group_tuned,0.01749460457876987
TR-001077,TR-C05943,2024-05-14,0,2,clean_time_group_tuned,0.045859527831351145
TR-001210,TR-C02403,2024-05-14,0,2,clean_time_group_tuned,0.07841245733930874
TR-002455,TR-C03281,2024-05-14,1,2,clean_time_group_tuned,0.13829853603088996
TR-004101,TR-C05834,2024-05-14,0,2,clean_time_group_tuned,0.02108404542320774
TR-008149,TR-C02801,2024-05-14,0,2,clean_time_group_tuned,0.12559918498078643
TR-008352,TR-C06138,2024-05-14,0,2,clean_time_group_tuned,0.07062787056102506
TR-009490,TR-C02148,2024-05-14,0,2,clean_time_group_tuned,0.023566972429907667
TR-000241,TR-C01677,2024-05-15,0,2,clean_time_group_tuned,0.007422676580758533
TR-000370,TR-C04805,2024-05-15,0,2,clean_time_group_tuned,0.1782284612553348
TR-001003,TR-C00352,2024-05-15,0,2,clean_time_group_tuned,0.07039581773394855
TR-001297,TR-C02433,2024-05-15,0,2,clean_time_group_tuned,0.49037397336957705
TR-002830,TR-C00761,2024-05-15,0,2,clean_time_group_tuned,0.04707190118051923
TR-003321,TR-C00016,2024-05-15,0,2,clean_time_group_tuned,0.024589331360591545
TR-004252,TR-C02011,2024-05-15,0,2,clean_time_group_tuned,0.6386846974999305
TR-006077,TR-C03211,2024-05-15,1,2,clean_time_group_tuned,0.5497963195421063
TR-006631,TR-C01297,2024-05-15,0,2,clean_time_group_tuned,0.010655295570435791
TR-006655,TR-C06169,2024-05-15,0,2,clean_time_group_tuned,0.02390979555109721
TR-008928,TR-C02610,2024-05-15,0,2,clean_time_group_tuned,0.02377427454808343
TR-000242,TR-C04080,2024-05-16,0,2,clean_time_group_tuned,0.09607057857995427
TR-001248,TR-C06048,2024-05-16,0,2,clean_time_group_tuned,0.011637235862452341
TR-002148,TR-C02582,2024-05-16,0,2,clean_time_group_tuned,0.02818267101958485
TR-007056,TR-C02576,2024-05-16,0,2,clean_time_group_tuned,0.03904317600818585
TR-007405,TR-C03616,2024-05-16,0,2,clean_time_group_tuned,0.043846541868013414
TR-007591,TR-C00969,2024-05-16,0,2,clean_time_group_tuned,0.03159854808869738
TR-007973,TR-C02133,2024-05-16,0,2,clean_time_group_tuned,0.012483763187668397
TR-008643,TR-C04723,2024-05-16,0,2,clean_time_group_tuned,0.017331459326711676
TR-009000,TR-C03408,2024-05-16,1,2,clean_time_group_tuned,0.7138935642271967
TR-000516,TR-C03024,2024-05-17,0,2,clean_time_group_tuned,0.1054706403269697
TR-000723,TR-C00620,2024-05-17,0,2,clean_time_group_tuned,0.015268449675268567
TR-005381,TR-C04698,2024-05-17,0,2,clean_time_group_tuned,0.023539685602249946
TR-005677,TR-C00447,2024-05-17,0,2,clean_time_group_tuned,0.015587857842922806
TR-007178,TR-C00528,2024-05-17,0,2,clean_time_group_tuned,0.019664860416352428
TR-008120,TR-C05920,2024-05-17,0,2,clean_time_group_tuned,0.055499324818881035
TR-008369,TR-C00667,2024-05-17,0,2,clean_time_group_tuned,0.012138744711219437
TR-008441,TR-C00756,2024-05-17,1,2,clean_time_group_tuned,0.01752624909448205
TR-008717,TR-C03958,2024-05-17,0,2,clean_time_group_tuned,0.11009908871002413
TR-008987,TR-C05783,2024-05-17,0,2,clean_time_group_tuned,0.029360285290166696
TR-002693,TR-C06049,2024-05-18,0,2,clean_time_group_tuned,0.12069651538303669
TR-002702,TR-C00991,2024-05-18,0,2,clean_time_group_tuned,0.019302450962678193
TR-003102,TR-C05044,2024-05-18,0,2,clean_time_group_tuned,0.08203087110670843
TR-003604,TR-C01657,2024-05-18,0,2,clean_time_group_tuned,0.025715425240627636
TR-004995,TR-C03300,2024-05-18,0,2,clean_time_group_tuned,0.021771469476469046
TR-006782,TR-C04683,2024-05-18,1,2,clean_time_group_tuned,0.4610795167018253
TR-007419,TR-C03304,2024-05-18,0,2,clean_time_group_tuned,0.014918086095789
TR-008798,TR-C06263,2024-05-18,0,2,clean_time_group_tuned,0.025821681895730645
TR-004629,TR-C00409,2024-05-19,0,2,clean_time_group_tuned,0.04930282131145857
TR-004793,TR-C00319,2024-05-19,0,2,clean_time_group_tuned,0.07919436450565448
TR-005016,TR-C06334,2024-05-19,0,2,clean_time_group_tuned,0.01551631030847256
TR-006046,TR-C03803,2024-05-19,0,2,clean_time_group_tuned,0.1293248107769487
TR-007192,TR-C04654,2024-05-19,0,2,clean_time_group_tuned,0.03278624576316736
TR-008416,TR-C04009,2024-05-19,0,2,clean_time_group_tuned,0.01588762815079233
TR-000488,TR-C00061,2024-05-20,0,2,clean_time_group_tuned,0.19761294740820862
TR-000841,TR-C03485,2024-05-20,0,2,clean_time_group_tuned,0.0351869589326993
TR-001097,TR-C05560,2024-05-20,0,2,clean_time_group_tuned,0.05217713133679282
TR-001193,TR-C01340,2024-05-20,0,2,clean_time_group_tuned,0.019762272606457482
TR-001477,TR-C03703,2024-05-20,0,2,clean_time_group_tuned,0.024248327266213118
TR-002043,TR-C05138,2024-05-20,0,2,clean_time_group_tuned,0.04076197346197614
TR-003049,TR-C04999,2024-05-20,0,2,clean_time_group_tuned,0.049996390637260114
TR-005837,TR-C03244,2024-05-20,0,2,clean_time_group_tuned,0.013232056000003056
TR-007043,TR-C04570,2024-05-20,0,2,clean_time_group_tuned,0.016851856117342707
TR-007907,TR-C03754,2024-05-20,0,2,clean_time_group_tuned,0.019564964147383165
TR-008940,TR-C00274,2024-05-20,0,2,clean_time_group_tuned,0.02295734261941075
TR-009597,TR-C02289,2024-05-20,0,2,clean_time_group_tuned,0.009928563836068839
TR-009814,TR-C00821,2024-05-20,0,2,clean_time_group_tuned,0.019672199269405007
TR-000541,TR-C01766,2024-05-21,0,2,clean_time_group_tuned,0.012907386515308128
TR-000683,TR-C05221,2024-05-21,0,2,clean_time_group_tuned,0.01843640774985502
TR-001059,TR-C01504,2024-05-21,0,2,clean_time_group_tuned,0.0137184949320865
TR-001139,TR-C06366,2024-05-21,0,2,clean_time_group_tuned,0.24137166595628115
TR-002558,TR-C06412,2024-05-21,0,2,clean_time_group_tuned,0.09185388971586485
TR-004231,TR-C00776,2024-05-21,0,2,clean_time_group_tuned,0.022551526269485457
TR-004255,TR-C04219,2024-05-21,0,2,clean_time_group_tuned,0.022292761457196737
TR-004824,TR-C01383,2024-05-21,0,2,clean_time_group_tuned,0.0374838232991126
TR-005439,TR-C01916,2024-05-21,0,2,clean_time_group_tuned,0.012472543731028369
TR-006475,TR-C05207,2024-05-21,0,2,clean_time_group_tuned,0.037655160555247716
TR-008392,TR-C02647,2024-05-21,0,2,clean_time_group_tuned,0.01771717699162061
TR-008456,TR-C03054,2024-05-21,0,2,clean_time_group_tuned,0.3478875486686703
TR-008817,TR-C01996,2024-05-21,0,2,clean_time_group_tuned,0.008174296755207625
TR-000271,TR-C03389,2024-05-22,0,2,clean_time_group_tuned,0.016368194743701873
TR-000326,TR-C03810,2024-05-22,0,2,clean_time_group_tuned,0.014205403887347314
TR-000882,TR-C00948,2024-05-22,0,2,clean_time_group_tuned,0.08700628522408947
TR-002259,TR-C02852,2024-05-22,0,2,clean_time_group_tuned,0.021550285853303274
TR-003113,TR-C03320,2024-05-22,0,2,clean_time_group_tuned,0.010156092156887047
TR-006514,TR-C04363,2024-05-22,0,2,clean_time_group_tuned,0.01275559749472544
TR-007533,TR-C01548,2024-05-22,0,2,clean_time_group_tuned,0.02854266238249205
TR-000455,TR-C06231,2024-05-23,0,2,clean_time_group_tuned,0.019372459446460027
TR-000914,TR-C00575,2024-05-23,0,2,clean_time_group_tuned,0.04515447473042349
TR-003652,TR-C01642,2024-05-23,0,2,clean_time_group_tuned,0.013688442879033402
TR-004736,TR-C03021,2024-05-23,0,2,clean_time_group_tuned,0.09925699434234664
TR-006853,TR-C03544,2024-05-23,0,2,clean_time_group_tuned,0.10479469030647076
TR-007096,TR-C03217,2024-05-23,0,2,clean_time_group_tuned,0.018741323645954884
TR-007099,TR-C01125,2024-05-23,1,2,clean_time_group_tuned,0.009817691171855613
TR-007581,TR-C04458,2024-05-23,0,2,clean_time_group_tuned,0.009822546329668285
TR-007820,TR-C02746,2024-05-23,0,2,clean_time_group_tuned,0.13721025886709035
TR-008911,TR-C04994,2024-05-23,0,2,clean_time_group_tuned,0.011753025786399366
TR-009069,TR-C02231,2024-05-23,0,2,clean_time_group_tuned,0.012214721850575878
TR-009187,TR-C01378,2024-05-23,0,2,clean_time_group_tuned,0.05292540024343877
TR-000501,TR-C03601,2024-05-24,0,2,clean_time_group_tuned,0.021234011781446623
TR-001923,TR-C01030,2024-05-24,1,2,clean_time_group_tuned,0.6211579606964426
TR-002510,TR-C02273,2024-05-24,0,2,clean_time_group_tuned,0.029613866592405978
TR-003402,TR-C05228,2024-05-24,0,2,clean_time_group_tuned,0.02584224249534669
TR-003552,TR-C02902,2024-05-24,0,2,clean_time_group_tuned,0.00874451156228986
TR-006428,TR-C04360,2024-05-24,1,2,clean_time_group_tuned,0.1050213669699121
TR-006687,TR-C03307,2024-05-24,0,2,clean_time_group_tuned,0.19460350432412393
TR-006891,TR-C02880,2024-05-24,0,2,clean_time_group_tuned,0.09352884763230959
TR-007145,TR-C00789,2024-05-24,0,2,clean_time_group_tuned,0.013122737002911848
TR-001942,TR-C00465,2024-05-25,0,2,clean_time_group_tuned,0.017446361510306152
TR-002703,TR-C06015,2024-05-25,0,2,clean_time_group_tuned,0.03575067308548604
TR-003931,TR-C03977,2024-05-25,0,2,clean_time_group_tuned,0.012976671110611317
TR-005162,TR-C01252,2024-05-25,0,2,clean_time_group_tuned,0.10477531525083437
TR-006677,TR-C05280,2024-05-25,0,2,clean_time_group_tuned,0.018900945753873855
TR-006679,TR-C05876,2024-05-25,1,2,clean_time_group_tuned,0.5287930447680677
TR-007498,TR-C00629,2024-05-25,0,2,clean_time_group_tuned,0.15702479319458662
TR-008740,TR-C01850,2024-05-25,0,2,clean_time_group_tuned,0.009928516904812272
TR-009330,TR-C05639,2024-05-25,0,2,clean_time_group_tuned,0.30165820714343455
TR-000018,TR-C03539,2024-05-26,0,2,clean_time_group_tuned,0.03491336595941244
TR-002124,TR-C04638,2024-05-26,0,2,clean_time_group_tuned,0.1554660826575414
TR-003195,TR-C02137,2024-05-26,0,2,clean_time_group_tuned,0.012152649744828012
TR-004488,TR-C05707,2024-05-26,0,2,clean_time_group_tuned,0.1155844112119876
TR-006439,TR-C05616,2024-05-26,0,2,clean_time_group_tuned,0.0074000257801014315
TR-007294,TR-C06156,2024-05-26,0,2,clean_time_group_tuned,0.12611593051126826
TR-007313,TR-C04995,2024-05-26,0,2,clean_time_group_tuned,0.007682921676754472
TR-007731,TR-C00344,2024-05-26,0,2,clean_time_group_tuned,0.013023941015094716
TR-008475,TR-C04241,2024-05-26,0,2,clean_time_group_tuned,0.008770263578406705
TR-009194,TR-C02154,2024-05-26,0,2,clean_time_group_tuned,0.010660541771395955
TR-009767,TR-C04660,2024-05-26,0,2,clean_time_group_tuned,0.0547873824011769
TR-000595,TR-C06369,2024-05-27,0,2,clean_time_group_tuned,0.036986627998352645
TR-000960,TR-C02597,2024-05-27,0,2,clean_time_group_tuned,0.05926041203288557
TR-001236,TR-C04346,2024-05-27,0,2,clean_time_group_tuned,0.010326209833672783
TR-001710,TR-C02119,2024-05-27,0,2,clean_time_group_tuned,0.016485343467130067
TR-004967,TR-C01596,2024-05-27,0,2,clean_time_group_tuned,0.0137080248776441
TR-008172,TR-C02479,2024-05-27,0,2,clean_time_group_tuned,0.03382680438396622
TR-009141,TR-C04453,2024-05-27,0,2,clean_time_group_tuned,0.032634245282051604
TR-009749,TR-C00755,2024-05-27,0,2,clean_time_group_tuned,0.16272003489187511
TR-009967,TR-C06451,2024-05-27,0,2,clean_time_group_tuned,0.04387795657244093
TR-000146,TR-C02666,2024-05-28,0,2,clean_time_group_tuned,0.024063296715688045
TR-001209,TR-C05802,2024-05-28,0,2,clean_time_group_tuned,0.03447191265199097
TR-002507,TR-C06173,2024-05-28,0,2,clean_time_group_tuned,0.014981795063969182
TR-002815,TR-C00937,2024-05-28,0,2,clean_time_group_tuned,0.06863103380342626
TR-003522,TR-C05116,2024-05-28,0,2,clean_time_group_tuned,0.013752516625353747
TR-003769,TR-C04102,2024-05-28,0,2,clean_time_group_tuned,0.022502998866206447
TR-005125,TR-C01815,2024-05-28,0,2,clean_time_group_tuned,0.09858914896603362
TR-005323,TR-C05783,2024-05-28,0,2,clean_time_group_tuned,0.1262935229574259
TR-006133,TR-C01195,2024-05-28,0,2,clean_time_group_tuned,0.017074559751255568
TR-007280,TR-C04957,2024-05-28,0,2,clean_time_group_tuned,0.022553077740272605
TR-008748,TR-C06290,2024-05-28,1,2,clean_time_group_tuned,0.6307112855403978
TR-009280,TR-C05696,2024-05-28,0,2,clean_time_group_tuned,0.01360580478064754
TR-009285,TR-C04886,2024-05-28,0,2,clean_time_group_tuned,0.012520176798459315
TR-009728,TR-C04001,2024-05-28,0,2,clean_time_group_tuned,0.011758803815190807
TR-001096,TR-C05988,2024-05-29,1,2,clean_time_group_tuned,0.031778332228100635
TR-003334,TR-C02181,2024-05-29,0,2,clean_time_group_tuned,0.01116389738481433
TR-004898,TR-C03882,2024-05-29,0,2,clean_time_group_tuned,0.0817754134172657
TR-005657,TR-C00729,2024-05-29,0,2,clean_time_group_tuned,0.021084976849922547
TR-006587,TR-C00376,2024-05-29,0,2,clean_time_group_tuned,0.015227477610148268
TR-007975,TR-C00887,2024-05-29,1,2,clean_time_group_tuned,0.24751081887952037
TR-008975,TR-C04717,2024-05-29,0,2,clean_time_group_tuned,0.12359970542885099
TR-009241,TR-C05301,2024-05-29,0,2,clean_time_group_tuned,0.17636698899360695
TR-000511,TR-C01778,2024-05-30,0,2,clean_time_group_tuned,0.021034066231419048
TR-000675,TR-C03982,2024-05-30,0,2,clean_time_group_tuned,0.042840373173321344
TR-000969,TR-C00938,2024-05-30,0,2,clean_time_group_tuned,0.015568289261817853
TR-002023,TR-C05906,2024-05-30,0,2,clean_time_group_tuned,0.02055890365170297
TR-002194,TR-C06433,2024-05-30,0,2,clean_time_group_tuned,0.03478032964907665
TR-002584,TR-C02904,2024-05-30,0,2,clean_time_group_tuned,0.2461753931882889
TR-002674,TR-C03629,2024-05-30,0,2,clean_time_group_tuned,0.13786255187224147
TR-003125,TR-C00650,2024-05-30,0,2,clean_time_group_tuned,0.014270717173690727
TR-003267,TR-C05937,2024-05-30,0,2,clean_time_group_tuned,0.04089305358419591
TR-003290,TR-C05295,2024-05-30,0,2,clean_time_group_tuned,0.4038072343493311
TR-004354,TR-C00359,2024-05-30,0,2,clean_time_group_tuned,0.0394548972635949
TR-004541,TR-C04829,2024-05-30,0,2,clean_time_group_tuned,0.013397570280181462
TR-005745,TR-C03076,2024-05-30,0,2,clean_time_group_tuned,0.13268738218477974
TR-006603,TR-C00999,2024-05-30,0,2,clean_time_group_tuned,0.011160198817161139
TR-008819,TR-C04605,2024-05-30,1,2,clean_time_group_tuned,0.347877926273237
TR-009547,TR-C05603,2024-05-30,0,2,clean_time_group_tuned,0.01121886357045219
TR-009823,TR-C03782,2024-05-30,0,2,clean_time_group_tuned,0.02292337986712749
TR-009945,TR-C00560,2024-05-30,0,2,clean_time_group_tuned,0.12256889756439472
TR-001493,TR-C04278,2024-05-31,0,2,clean_time_group_tuned,0.014775512408169572
TR-003597,TR-C00694,2024-05-31,0,2,clean_time_group_tuned,0.05778196535733696
TR-003992,TR-C02760,2024-05-31,0,2,clean_time_group_tuned,0.033767992059277815
TR-004920,TR-C04910,2024-05-31,0,2,clean_time_group_tuned,0.2830988156198331
TR-005601,TR-C04618,2024-05-31,0,2,clean_time_group_tuned,0.03186040864980482
TR-007202,TR-C01332,2024-05-31,0,2,clean_time_group_tuned,0.04543226974124659
TR-008174,TR-C02992,2024-05-31,0,2,clean_time_group_tuned,0.01702997916365144
TR-008655,TR-C02001,2024-05-31,0,2,clean_time_group_tuned,0.2827620561169414
TR-008710,TR-C04166,2024-05-31,0,2,clean_time_group_tuned,0.0890455981980804
TR-009538,TR-C02214,2024-05-31,0,2,clean_time_group_tuned,0.03833974302640286
TR-001328,TR-C03573,2024-06-01,0,2,clean_time_group_tuned,0.008474579693567286
TR-003004,TR-C04733,2024-06-01,0,2,clean_time_group_tuned,0.02484898396937087
TR-004375,TR-C02136,2024-06-01,0,2,clean_time_group_tuned,0.023330429582410862
TR-004477,TR-C03138,2024-06-01,0,2,clean_time_group_tuned,0.011422092956410593
TR-006298,TR-C02823,2024-06-01,0,2,clean_time_group_tuned,0.014069618024408866
TR-006693,TR-C02173,2024-06-01,0,2,clean_time_group_tuned,0.04209016933302209
TR-007081,TR-C03054,2024-06-01,0,2,clean_time_group_tuned,0.29403873778443473
TR-009725,TR-C03806,2024-06-01,0,2,clean_time_group_tuned,0.022767139853402577
TR-001131,TR-C05771,2024-06-02,0,2,clean_time_group_tuned,0.007233298707784981
TR-002527,TR-C02294,2024-06-02,0,2,clean_time_group_tuned,0.018645173096904014
TR-004521,TR-C05527,2024-06-02,0,2,clean_time_group_tuned,0.08268003044813477
TR-004747,TR-C06417,2024-06-02,0,2,clean_time_group_tuned,0.008149428655784035
TR-004943,TR-C00755,2024-06-02,0,2,clean_time_group_tuned,0.15397073413380505
TR-006364,TR-C02262,2024-06-02,0,2,clean_time_group_tuned,0.25329874961090476
TR-006437,TR-C00427,2024-06-02,0,2,clean_time_group_tuned,0.01610384703286353
TR-009591,TR-C00755,2024-06-02,1,2,clean_time_group_tuned,0.6680089911783204
TR-009993,TR-C00908,2024-06-02,0,2,clean_time_group_tuned,0.44023992611575047
TR-001524,TR-C05675,2024-06-03,0,2,clean_time_group_tuned,0.09970771627193906
TR-001879,TR-C02728,2024-06-03,0,2,clean_time_group_tuned,0.01661629003826337
TR-004289,TR-C02452,2024-06-03,0,2,clean_time_group_tuned,0.05555242388456503
TR-004310,TR-C05011,2024-06-03,0,2,clean_time_group_tuned,0.0862978329620919
TR-005058,TR-C05088,2024-06-03,0,2,clean_time_group_tuned,0.06009164091114419
TR-007994,TR-C02497,2024-06-03,0,2,clean_time_group_tuned,0.009725394859082375
TR-009750,TR-C01624,2024-06-03,0,2,clean_time_group_tuned,0.031594313384360403
TR-009985,TR-C03993,2024-06-03,0,2,clean_time_group_tuned,0.010050378204738752
TR-000032,TR-C01134,2024-06-04,0,2,clean_time_group_tuned,0.09860276609207377
TR-001026,TR-C00486,2024-06-04,0,2,clean_time_group_tuned,0.10621570591692073
TR-001721,TR-C02087,2024-06-04,0,2,clean_time_group_tuned,0.0142192696334238
TR-002934,TR-C03813,2024-06-04,0,2,clean_time_group_tuned,0.03385321692323378
TR-006721,TR-C05312,2024-06-04,0,2,clean_time_group_tuned,0.048086462350356136
TR-008323,TR-C03691,2024-06-04,0,2,clean_time_group_tuned,0.019061682975522774
TR-000377,TR-C01108,2024-06-05,0,2,clean_time_group_tuned,0.03765460889734999
TR-001355,TR-C02217,2024-06-05,0,2,clean_time_group_tuned,0.011501994324870014
TR-001482,TR-C00016,2024-06-05,0,2,clean_time_group_tuned,0.007704939744524232
TR-002171,TR-C03968,2024-06-05,0,2,clean_time_group_tuned,0.09915195874414173
TR-002394,TR-C04007,2024-06-05,0,2,clean_time_group_tuned,0.03582567170927109
TR-002458,TR-C04313,2024-06-05,0,2,clean_time_group_tuned,0.13984268286994822
TR-006743,TR-C03378,2024-06-05,0,2,clean_time_group_tuned,0.15415314439451105
TR-008003,TR-C03375,2024-06-05,0,2,clean_time_group_tuned,0.025442935858701148
TR-009052,TR-C01466,2024-06-05,0,2,clean_time_group_tuned,0.009625126418547748
TR-009165,TR-C02613,2024-06-05,0,2,clean_time_group_tuned,0.008613283614151836
TR-003390,TR-C01125,2024-06-06,0,2,clean_time_group_tuned,0.011137036312586461
TR-003528,TR-C01766,2024-06-06,0,2,clean_time_group_tuned,0.016805305619355507
TR-003887,TR-C01554,2024-06-06,0,2,clean_time_group_tuned,0.03455963107638497
TR-004084,TR-C02099,2024-06-06,1,2,clean_time_group_tuned,0.3066300277560813
TR-004292,TR-C00841,2024-06-06,0,2,clean_time_group_tuned,0.34439932545364704
TR-004442,TR-C00563,2024-06-06,0,2,clean_time_group_tuned,0.05010325551656535
TR-004975,TR-C01285,2024-06-06,0,2,clean_time_group_tuned,0.10625270193028707
TR-005255,TR-C04443,2024-06-06,0,2,clean_time_group_tuned,0.052892176781295056
TR-005500,TR-C05867,2024-06-06,0,2,clean_time_group_tuned,0.030703002245693924
TR-005913,TR-C05935,2024-06-06,0,2,clean_time_group_tuned,0.02988004386197331
TR-007465,TR-C04730,2024-06-06,0,2,clean_time_group_tuned,0.05496841694921646
TR-008138,TR-C04051,2024-06-06,0,2,clean_time_group_tuned,0.008628965999838157
TR-008261,TR-C01336,2024-06-06,0,2,clean_time_group_tuned,0.05672784219745918
TR-008630,TR-C04761,2024-06-06,0,2,clean_time_group_tuned,0.0352619053555603
TR-008719,TR-C02017,2024-06-06,0,2,clean_time_group_tuned,0.018297625448689
TR-009173,TR-C02223,2024-06-06,0,2,clean_time_group_tuned,0.013485470010642351
TR-000600,TR-C06290,2024-06-07,0,2,clean_time_group_tuned,0.0273699038205757
TR-000909,TR-C04810,2024-06-07,0,2,clean_time_group_tuned,0.0386777619990203
TR-001761,TR-C01906,2024-06-07,0,2,clean_time_group_tuned,0.02431488665191404
TR-002061,TR-C01267,2024-06-07,0,2,clean_time_group_tuned,0.06102114771737833
TR-002224,TR-C00926,2024-06-07,0,2,clean_time_group_tuned,0.025232200810360556
TR-002291,TR-C05965,2024-06-07,0,2,clean_time_group_tuned,0.2250443100428924
TR-002757,TR-C02193,2024-06-07,0,2,clean_time_group_tuned,0.12607016308792338
TR-003609,TR-C06266,2024-06-07,0,2,clean_time_group_tuned,0.008277216122502741
TR-007857,TR-C03755,2024-06-07,0,2,clean_time_group_tuned,0.009728246332615991
TR-001029,TR-C05816,2024-06-08,0,2,clean_time_group_tuned,0.11834141495219976
TR-001032,TR-C01361,2024-06-08,0,2,clean_time_group_tuned,0.08615956914579777
TR-001072,TR-C03729,2024-06-08,0,2,clean_time_group_tuned,0.11149553399248457
TR-001755,TR-C04383,2024-06-08,0,2,clean_time_group_tuned,0.020220958887450173
TR-004148,TR-C05633,2024-06-08,0,2,clean_time_group_tuned,0.058893173111715415
TR-004609,TR-C02060,2024-06-08,0,2,clean_time_group_tuned,0.09571177900292378
TR-004752,TR-C06296,2024-06-08,0,2,clean_time_group_tuned,0.036671974653943874
TR-004770,TR-C06459,2024-06-08,0,2,clean_time_group_tuned,0.00894676597441232
TR-004886,TR-C05215,2024-06-08,0,2,clean_time_group_tuned,0.01536484199084687
TR-005302,TR-C02249,2024-06-08,0,2,clean_time_group_tuned,0.01311759829150741
TR-006577,TR-C01150,2024-06-08,0,2,clean_time_group_tuned,0.03179905298072475
TR-007616,TR-C01899,2024-06-08,0,2,clean_time_group_tuned,0.01556292246173449
TR-009535,TR-C04161,2024-06-08,0,2,clean_time_group_tuned,0.008047632844350314
TR-009606,TR-C00272,2024-06-08,0,2,clean_time_group_tuned,0.02630538904018377
TR-000926,TR-C00130,2024-06-09,0,2,clean_time_group_tuned,0.008521846478726863
TR-001570,TR-C02117,2024-06-09,0,2,clean_time_group_tuned,0.018429389251562102
TR-004217,TR-C00531,2024-06-09,0,2,clean_time_group_tuned,0.09776476592001422
TR-004341,TR-C06235,2024-06-09,0,2,clean_time_group_tuned,0.016014372344286543
TR-005135,TR-C03588,2024-06-09,0,2,clean_time_group_tuned,0.011463517037117744
TR-005342,TR-C00946,2024-06-09,0,2,clean_time_group_tuned,0.008633529096147837
TR-006495,TR-C05648,2024-06-09,0,2,clean_time_group_tuned,0.2953940207967728
TR-006663,TR-C03009,2024-06-09,1,2,clean_time_group_tuned,0.07323947149835465
TR-007644,TR-C03909,2024-06-09,0,2,clean_time_group_tuned,0.0726277768994685
TR-008356,TR-C00731,2024-06-09,1,2,clean_time_group_tuned,0.17862378603222184
TR-009094,TR-C03815,2024-06-09,0,2,clean_time_group_tuned,0.18121310963280118
TR-009213,TR-C00266,2024-06-09,0,2,clean_time_group_tuned,0.011036646969087118
TR-000529,TR-C02785,2024-06-10,0,2,clean_time_group_tuned,0.0276562320217852
TR-000572,TR-C02019,2024-06-10,0,2,clean_time_group_tuned,0.13557054981875907
TR-000750,TR-C02204,2024-06-10,0,2,clean_time_group_tuned,0.1812207960371695
TR-001657,TR-C05089,2024-06-10,0,2,clean_time_group_tuned,0.015438271834660315
TR-004086,TR-C01036,2024-06-10,0,2,clean_time_group_tuned,0.009316926449909585
TR-007158,TR-C00625,2024-06-10,0,2,clean_time_group_tuned,0.012139529376623236
TR-008511,TR-C05501,2024-06-10,0,2,clean_time_group_tuned,0.007483056356785784
TR-008939,TR-C04522,2024-06-10,0,2,clean_time_group_tuned,0.013811549629332127
TR-000589,TR-C05377,2024-06-11,0,2,clean_time_group_tuned,0.01890154903824638
TR-000814,TR-C00524,2024-06-11,0,2,clean_time_group_tuned,0.08796440485970014
TR-002616,TR-C01089,2024-06-11,0,2,clean_time_group_tuned,0.1297291678677242
TR-003640,TR-C04386,2024-06-11,0,2,clean_time_group_tuned,0.43053038206835975
TR-003643,TR-C05726,2024-06-11,0,2,clean_time_group_tuned,0.0468231251289523
TR-006988,TR-C02455,2024-06-11,0,2,clean_time_group_tuned,0.01829151201880158
TR-000635,TR-C06031,2024-06-12,0,2,clean_time_group_tuned,0.12419079047736829
TR-001951,TR-C06172,2024-06-12,0,2,clean_time_group_tuned,0.012132282179049094
TR-002235,TR-C01811,2024-06-12,0,2,clean_time_group_tuned,0.024857745494283722
TR-002380,TR-C05809,2024-06-12,0,2,clean_time_group_tuned,0.025562193550720574
TR-002972,TR-C02349,2024-06-12,0,2,clean_time_group_tuned,0.018029487999435313
TR-003224,TR-C06044,2024-06-12,0,2,clean_time_group_tuned,0.07990205036330013
TR-003296,TR-C05726,2024-06-12,0,2,clean_time_group_tuned,0.07020812339174401
TR-003661,TR-C04181,2024-06-12,0,2,clean_time_group_tuned,0.008004554799927479
TR-004579,TR-C05409,2024-06-12,0,2,clean_time_group_tuned,0.007149024173011551
TR-004612,TR-C03578,2024-06-12,0,2,clean_time_group_tuned,0.015941894945014485
TR-004720,TR-C04077,2024-06-12,1,2,clean_time_group_tuned,0.12034685896942089
TR-006472,TR-C04322,2024-06-12,0,2,clean_time_group_tuned,0.025855363076289977
TR-006553,TR-C01164,2024-06-12,0,2,clean_time_group_tuned,0.04434881092947412
TR-007259,TR-C00755,2024-06-12,1,2,clean_time_group_tuned,0.7930768765857446
TR-007478,TR-C01807,2024-06-12,0,2,clean_time_group_tuned,0.015509033142309935
TR-007510,TR-C02858,2024-06-12,0,2,clean_time_group_tuned,0.043992351513027605
TR-007522,TR-C05726,2024-06-12,1,2,clean_time_group_tuned,0.2955091900265888
TR-007752,TR-C00795,2024-06-12,0,2,clean_time_group_tuned,0.03335244683623281
TR-007754,TR-C02395,2024-06-12,0,2,clean_time_group_tuned,0.013559925426769748
TR-008124,TR-C04492,2024-06-12,0,2,clean_time_group_tuned,0.19969443483636506
TR-009855,TR-C05306,2024-06-12,0,2,clean_time_group_tuned,0.018222356900768562
TR-002802,TR-C03938,2024-06-13,0,2,clean_time_group_tuned,0.07853788312686463
TR-002853,TR-C00840,2024-06-13,1,2,clean_time_group_tuned,0.160577423972682
TR-003837,TR-C01384,2024-06-13,0,2,clean_time_group_tuned,0.014269242974300744
TR-004568,TR-C01827,2024-06-13,0,2,clean_time_group_tuned,0.0613634555792869
TR-005642,TR-C04908,2024-06-13,0,2,clean_time_group_tuned,0.019380785664584833
TR-006506,TR-C03866,2024-06-13,0,2,clean_time_group_tuned,0.0199379587063251
TR-007003,TR-C01081,2024-06-13,0,2,clean_time_group_tuned,0.12620901768663534
TR-008718,TR-C05058,2024-06-13,0,2,clean_time_group_tuned,0.013237144620942293
TR-009629,TR-C05875,2024-06-13,0,2,clean_time_group_tuned,0.00777342350923702
TR-001224,TR-C01432,2024-06-14,0,2,clean_time_group_tuned,0.05393898363429491
TR-002146,TR-C01492,2024-06-14,0,2,clean_time_group_tuned,0.0646968810217988
TR-002697,TR-C01307,2024-06-14,0,2,clean_time_group_tuned,0.009164399036092103
TR-002788,TR-C00330,2024-06-14,0,2,clean_time_group_tuned,0.19592489439092103
TR-004308,TR-C05239,2024-06-14,0,2,clean_time_group_tuned,0.06355320775049066
TR-004727,TR-C00153,2024-06-14,0,2,clean_time_group_tuned,0.16448298632794858
TR-005587,TR-C02048,2024-06-14,0,2,clean_time_group_tuned,0.10334139571145332
TR-005895,TR-C04451,2024-06-14,0,2,clean_time_group_tuned,0.13797058717028635
TR-006917,TR-C02994,2024-06-14,0,2,clean_time_group_tuned,0.025012911199171536
TR-007829,TR-C02322,2024-06-14,0,2,clean_time_group_tuned,0.12006462089581195
TR-009516,TR-C00061,2024-06-14,0,2,clean_time_group_tuned,0.3421850349453931
TR-000970,TR-C04551,2024-06-15,0,2,clean_time_group_tuned,0.019152151342982423
TR-000976,TR-C04382,2024-06-15,0,2,clean_time_group_tuned,0.01054612030706721
TR-001115,TR-C06409,2024-06-15,0,2,clean_time_group_tuned,0.015195848795771549
TR-001737,TR-C02598,2024-06-15,0,2,clean_time_group_tuned,0.016169645783525224
TR-002215,TR-C04858,2024-06-15,0,2,clean_time_group_tuned,0.020550479466655988
TR-002615,TR-C02225,2024-06-15,0,2,clean_time_group_tuned,0.011783429595473228
TR-002727,TR-C02602,2024-06-15,0,2,clean_time_group_tuned,0.07678696979622775
TR-006955,TR-C02845,2024-06-15,0,2,clean_time_group_tuned,0.017030767041622902
TR-000170,TR-C04630,2024-06-16,0,2,clean_time_group_tuned,0.011377080416591636
TR-000274,TR-C02360,2024-06-16,0,2,clean_time_group_tuned,0.010877333153158949
TR-000870,TR-C04359,2024-06-16,0,2,clean_time_group_tuned,0.04803202870586626
TR-001860,TR-C04549,2024-06-16,0,2,clean_time_group_tuned,0.030478743245584656
TR-003108,TR-C02025,2024-06-16,0,2,clean_time_group_tuned,0.013775975388760983
TR-003678,TR-C01740,2024-06-16,0,2,clean_time_group_tuned,0.008861168851189122
TR-005523,TR-C04676,2024-06-16,0,2,clean_time_group_tuned,0.027013986564475775
TR-005961,TR-C03277,2024-06-16,1,2,clean_time_group_tuned,0.02911901516439059
TR-006486,TR-C00905,2024-06-16,0,2,clean_time_group_tuned,0.007802301058582193
TR-006582,TR-C03596,2024-06-16,0,2,clean_time_group_tuned,0.0299705423852321
TR-006908,TR-C05525,2024-06-16,0,2,clean_time_group_tuned,0.012953527626871075
TR-007636,TR-C02253,2024-06-16,0,2,clean_time_group_tuned,0.01844406651424186
TR-008660,TR-C03698,2024-06-16,0,2,clean_time_group_tuned,0.013952257137530125
TR-009088,TR-C02614,2024-06-16,0,2,clean_time_group_tuned,0.015615174148317491
TR-000894,TR-C03241,2024-06-17,0,2,clean_time_group_tuned,0.19496331189408236
TR-001100,TR-C00575,2024-06-17,0,2,clean_time_group_tuned,0.08892660743473957
TR-002624,TR-C03713,2024-06-17,0,2,clean_time_group_tuned,0.04370404471149704
TR-004902,TR-C02143,2024-06-17,0,2,clean_time_group_tuned,0.06045711315819834
TR-005442,TR-C05531,2024-06-17,0,2,clean_time_group_tuned,0.23807717469536524
TR-006938,TR-C04069,2024-06-17,0,2,clean_time_group_tuned,0.00921231960415186
TR-007511,TR-C06205,2024-06-17,0,2,clean_time_group_tuned,0.030172454684987596
TR-008275,TR-C05359,2024-06-17,0,2,clean_time_group_tuned,0.08536946248262936
TR-008893,TR-C01410,2024-06-17,0,2,clean_time_group_tuned,0.12174946686295639
TR-001080,TR-C04890,2024-06-18,0,2,clean_time_group_tuned,0.051079252129478246
TR-004380,TR-C02183,2024-06-18,0,2,clean_time_group_tuned,0.037020572551789054
TR-006454,TR-C05680,2024-06-18,1,2,clean_time_group_tuned,0.01284550497261468
TR-006562,TR-C00906,2024-06-18,0,2,clean_time_group_tuned,0.10341672072739559
TR-006646,TR-C03862,2024-06-18,0,2,clean_time_group_tuned,0.017550764241728908
TR-000408,TR-C02302,2024-06-19,0,2,clean_time_group_tuned,0.04881930149095489
TR-001464,TR-C04827,2024-06-19,0,2,clean_time_group_tuned,0.07092194919678844
TR-002552,TR-C03160,2024-06-19,0,2,clean_time_group_tuned,0.01323111398370168
TR-003139,TR-C00740,2024-06-19,0,2,clean_time_group_tuned,0.022687146103365485
TR-003550,TR-C00734,2024-06-19,0,2,clean_time_group_tuned,0.16038501054620746
TR-004699,TR-C02272,2024-06-19,0,2,clean_time_group_tuned,0.12089525319477192
TR-005204,TR-C03572,2024-06-19,0,2,clean_time_group_tuned,0.0769863625925587
TR-005659,TR-C05318,2024-06-19,0,2,clean_time_group_tuned,0.0210842083087365
TR-007641,TR-C01423,2024-06-19,0,2,clean_time_group_tuned,0.1487886320208086
TR-007778,TR-C06236,2024-06-19,0,2,clean_time_group_tuned,0.042258379919365756
TR-009025,TR-C02614,2024-06-19,0,2,clean_time_group_tuned,0.253227570663947
TR-009779,TR-C06385,2024-06-19,0,2,clean_time_group_tuned,0.04760043186055358
TR-001452,TR-C00087,2024-06-20,0,2,clean_time_group_tuned,0.06839401311461571
TR-003864,TR-C02009,2024-06-20,0,2,clean_time_group_tuned,0.014587866291096707
TR-004263,TR-C01734,2024-06-20,0,2,clean_time_group_tuned,0.5021668473325925
TR-004711,TR-C05675,2024-06-20,1,2,clean_time_group_tuned,0.060262500717645745
TR-006945,TR-C00154,2024-06-20,0,2,clean_time_group_tuned,0.007156408448717733
TR-008226,TR-C00818,2024-06-20,0,2,clean_time_group_tuned,0.023719210563449982
TR-009270,TR-C03049,2024-06-20,0,2,clean_time_group_tuned,0.023437801595990036
TR-002921,TR-C01768,2024-06-21,0,2,clean_time_group_tuned,0.1073716122145416
TR-003079,TR-C01608,2024-06-21,0,2,clean_time_group_tuned,0.07776574380334683
TR-004434,TR-C05536,2024-06-21,0,2,clean_time_group_tuned,0.029001555854197898
TR-004549,TR-C04537,2024-06-21,0,2,clean_time_group_tuned,0.015199699590622643
TR-005419,TR-C04772,2024-06-21,0,2,clean_time_group_tuned,0.015893654297150686
TR-007347,TR-C05642,2024-06-21,0,2,clean_time_group_tuned,0.16996243807132802
TR-009751,TR-C05338,2024-06-21,0,2,clean_time_group_tuned,0.2021084376710064
TR-002649,TR-C01815,2024-06-22,0,2,clean_time_group_tuned,0.11512954634422627
TR-002954,TR-C02035,2024-06-22,0,2,clean_time_group_tuned,0.04998487767441945
TR-004060,TR-C03410,2024-06-22,0,2,clean_time_group_tuned,0.014115605092024905
TR-004823,TR-C01933,2024-06-22,0,2,clean_time_group_tuned,0.048882990893759366
TR-007005,TR-C05814,2024-06-22,0,2,clean_time_group_tuned,0.03020742388017645
TR-007204,TR-C03759,2024-06-22,0,2,clean_time_group_tuned,0.013825506416407592
TR-007420,TR-C01597,2024-06-22,0,2,clean_time_group_tuned,0.027231170779278058
TR-007888,TR-C02033,2024-06-22,0,2,clean_time_group_tuned,0.016245468097451976
TR-009693,TR-C02124,2024-06-22,0,2,clean_time_group_tuned,0.007277976815182232
TR-000883,TR-C05763,2024-06-23,0,2,clean_time_group_tuned,0.017084710644303402
TR-001314,TR-C02377,2024-06-23,0,2,clean_time_group_tuned,0.030813008838075678
TR-002998,TR-C04705,2024-06-23,0,2,clean_time_group_tuned,0.19807136681046889
TR-003362,TR-C03380,2024-06-23,0,2,clean_time_group_tuned,0.09303247785580222
TR-005661,TR-C00122,2024-06-23,0,2,clean_time_group_tuned,0.016977945166265794
TR-006958,TR-C03087,2024-06-23,0,2,clean_time_group_tuned,0.04792246017138345
TR-007621,TR-C01391,2024-06-23,1,2,clean_time_group_tuned,0.17983618447334085
TR-009696,TR-C04785,2024-06-23,0,2,clean_time_group_tuned,0.3122178416789193
TR-009851,TR-C03549,2024-06-23,0,2,clean_time_group_tuned,0.08293172049603227
TR-000707,TR-C06239,2024-06-24,0,2,clean_time_group_tuned,0.015682365974857254
TR-000732,TR-C01020,2024-06-24,0,2,clean_time_group_tuned,0.5619603756379755
TR-002903,TR-C06168,2024-06-24,0,2,clean_time_group_tuned,0.025472156642502086
TR-003537,TR-C02907,2024-06-24,1,2,clean_time_group_tuned,0.06361904416251586
TR-004088,TR-C00883,2024-06-24,0,2,clean_time_group_tuned,0.09952392639997125
TR-005003,TR-C01825,2024-06-24,0,2,clean_time_group_tuned,0.19241707647045944
TR-006559,TR-C02965,2024-06-24,0,2,clean_time_group_tuned,0.023232206377389163
TR-007252,TR-C03921,2024-06-24,0,2,clean_time_group_tuned,0.03741426854144741
TR-007301,TR-C01556,2024-06-24,0,2,clean_time_group_tuned,0.03863809443028625
TR-008264,TR-C02172,2024-06-24,0,2,clean_time_group_tuned,0.044842860883230626
TR-008370,TR-C04690,2024-06-24,1,2,clean_time_group_tuned,0.238293623317986
TR-008488,TR-C04326,2024-06-24,0,2,clean_time_group_tuned,0.013317720914501473
TR-001707,TR-C05074,2024-06-25,0,2,clean_time_group_tuned,0.07910388953933835
TR-001987,TR-C00664,2024-06-25,0,2,clean_time_group_tuned,0.5025313910883916
TR-004750,TR-C02626,2024-06-25,0,2,clean_time_group_tuned,0.16974115752960148
TR-005915,TR-C01660,2024-06-25,0,2,clean_time_group_tuned,0.17430762987703943
TR-006059,TR-C02256,2024-06-25,0,2,clean_time_group_tuned,0.008468206121138966
TR-007449,TR-C00406,2024-06-25,0,2,clean_time_group_tuned,0.07670840768956812
TR-007743,TR-C06209,2024-06-25,1,2,clean_time_group_tuned,0.21472190440005148
TR-007887,TR-C05346,2024-06-25,0,2,clean_time_group_tuned,0.023219561592377248
TR-009261,TR-C03869,2024-06-25,0,2,clean_time_group_tuned,0.04625232604288463
TR-001606,TR-C05397,2024-06-26,0,2,clean_time_group_tuned,0.012865087692357464
TR-001777,TR-C06412,2024-06-26,0,2,clean_time_group_tuned,0.04729847187910479
TR-002221,TR-C04255,2024-06-26,0,2,clean_time_group_tuned,0.02244239769344279
TR-003601,TR-C00525,2024-06-26,0,2,clean_time_group_tuned,0.05473660351256766
TR-004288,TR-C05221,2024-06-26,0,2,clean_time_group_tuned,0.20702274882783692
TR-006669,TR-C06328,2024-06-26,0,2,clean_time_group_tuned,0.022738030739170176
TR-006921,TR-C01982,2024-06-26,0,2,clean_time_group_tuned,0.02024657647644644
TR-008254,TR-C03448,2024-06-26,0,2,clean_time_group_tuned,0.04610082315540217
TR-009582,TR-C02499,2024-06-26,0,2,clean_time_group_tuned,0.5063118153475127
TR-009845,TR-C02100,2024-06-26,0,2,clean_time_group_tuned,0.009438782818820837
TR-009987,TR-C04169,2024-06-26,0,2,clean_time_group_tuned,0.009929958294549752
TR-003164,TR-C05603,2024-06-27,0,2,clean_time_group_tuned,0.07345739224224332
TR-007239,TR-C00018,2024-06-27,1,2,clean_time_group_tuned,0.12097939035080585
TR-007811,TR-C03044,2024-06-27,0,2,clean_time_group_tuned,0.021168221441923804
TR-002948,TR-C01587,2024-06-28,0,2,clean_time_group_tuned,0.14771436472799604
TR-004519,TR-C06415,2024-06-28,0,2,clean_time_group_tuned,0.03984279581274706
TR-005440,TR-C03175,2024-06-28,0,2,clean_time_group_tuned,0.06891398137561006
TR-006054,TR-C02213,2024-06-28,0,2,clean_time_group_tuned,0.19656721972082583
TR-008931,TR-C06415,2024-06-28,0,2,clean_time_group_tuned,0.03222279794248593
TR-000533,TR-C01962,2024-06-29,0,2,clean_time_group_tuned,0.14595960039090358
TR-002109,TR-C01262,2024-06-29,0,2,clean_time_group_tuned,0.019720959360983083
TR-006199,TR-C01676,2024-06-29,0,2,clean_time_group_tuned,0.32694735975349654
TR-007066,TR-C06069,2024-06-29,0,2,clean_time_group_tuned,0.010881635736031856
TR-009324,TR-C06460,2024-06-29,0,2,clean_time_group_tuned,0.015957974226391364
TR-009503,TR-C00207,2024-06-29,0,2,clean_time_group_tuned,0.060951956513370084
TR-000163,TR-C02015,2024-06-30,0,2,clean_time_group_tuned,0.016255633273897143
TR-000686,TR-C02594,2024-06-30,0,2,clean_time_group_tuned,0.07011584181904708
TR-003118,TR-C03984,2024-06-30,0,2,clean_time_group_tuned,0.08465402769013333
TR-003606,TR-C00253,2024-06-30,0,2,clean_time_group_tuned,0.011517322259127279
TR-003608,TR-C04675,2024-06-30,0,2,clean_time_group_tuned,0.011823415272376786
TR-004108,TR-C05912,2024-06-30,0,2,clean_time_group_tuned,0.052870649572602534
TR-004456,TR-C06333,2024-06-30,0,2,clean_time_group_tuned,0.06150780358049415
TR-004672,TR-C04914,2024-06-30,0,2,clean_time_group_tuned,0.038162282201072886
TR-007825,TR-C05608,2024-06-30,0,2,clean_time_group_tuned,0.01216920848534684
TR-000342,TR-C04277,2024-07-01,0,3,clean_time_group_tuned,0.037370621501338186
TR-001448,TR-C06100,2024-07-01,0,3,clean_time_group_tuned,0.03708428174709369
TR-002468,TR-C04031,2024-07-01,0,3,clean_time_group_tuned,0.042345391848532754
TR-002800,TR-C01796,2024-07-01,0,3,clean_time_group_tuned,0.021601395975295895
TR-004910,TR-C00767,2024-07-01,0,3,clean_time_group_tuned,0.02909369269112766
TR-005140,TR-C02444,2024-07-01,0,3,clean_time_group_tuned,0.09747104586489111
TR-007077,TR-C04843,2024-07-01,0,3,clean_time_group_tuned,0.024669396858715758
TR-007470,TR-C06033,2024-07-01,0,3,clean_time_group_tuned,0.08227101055277222
TR-008464,TR-C03929,2024-07-01,0,3,clean_time_group_tuned,0.31645790789686973
TR-000676,TR-C00176,2024-07-02,0,3,clean_time_group_tuned,0.10566584247306962
TR-000957,TR-C04379,2024-07-02,0,3,clean_time_group_tuned,0.10838511844670977
TR-001212,TR-C01704,2024-07-02,1,3,clean_time_group_tuned,0.03228696501677666
TR-001644,TR-C03392,2024-07-02,0,3,clean_time_group_tuned,0.028645613163063223
TR-002247,TR-C01781,2024-07-02,0,3,clean_time_group_tuned,0.049620725709262
TR-002278,TR-C03930,2024-07-02,0,3,clean_time_group_tuned,0.022485954791452392
TR-004309,TR-C05868,2024-07-02,0,3,clean_time_group_tuned,0.022965169663423705
TR-005951,TR-C05950,2024-07-02,0,3,clean_time_group_tuned,0.039101831815673706
TR-006549,TR-C01803,2024-07-02,0,3,clean_time_group_tuned,0.039171490003519785
TR-009433,TR-C00036,2024-07-02,0,3,clean_time_group_tuned,0.06374144412232459
TR-009810,TR-C01779,2024-07-02,0,3,clean_time_group_tuned,0.04854078290945764
TR-000968,TR-C01465,2024-07-03,0,3,clean_time_group_tuned,0.03152444879551406
TR-001017,TR-C02363,2024-07-03,0,3,clean_time_group_tuned,0.029530652115900186
TR-001823,TR-C06242,2024-07-03,0,3,clean_time_group_tuned,0.05927700244522191
TR-002424,TR-C04218,2024-07-03,0,3,clean_time_group_tuned,0.052032669290255955
TR-003080,TR-C01895,2024-07-03,0,3,clean_time_group_tuned,0.045992349827499314
TR-003083,TR-C01658,2024-07-03,0,3,clean_time_group_tuned,0.18671301460121004
TR-003273,TR-C02475,2024-07-03,0,3,clean_time_group_tuned,0.02959887762160706
TR-005107,TR-C02425,2024-07-03,0,3,clean_time_group_tuned,0.040344417899472546
TR-005956,TR-C02248,2024-07-03,0,3,clean_time_group_tuned,0.028871906521499686
TR-007708,TR-C00711,2024-07-03,0,3,clean_time_group_tuned,0.037919020364295314
TR-008447,TR-C01396,2024-07-03,0,3,clean_time_group_tuned,0.028095205972662518
TR-008542,TR-C01602,2024-07-03,0,3,clean_time_group_tuned,0.03267073496342899
TR-009539,TR-C05532,2024-07-03,0,3,clean_time_group_tuned,0.04044587933099024
TR-009668,TR-C04017,2024-07-03,0,3,clean_time_group_tuned,0.061378069091550976
TR-009969,TR-C00562,2024-07-03,0,3,clean_time_group_tuned,0.03692146437612588
TR-000082,TR-C05161,2024-07-04,0,3,clean_time_group_tuned,0.03781876153443589
TR-003008,TR-C01682,2024-07-04,0,3,clean_time_group_tuned,0.12594778884065877
TR-003763,TR-C03787,2024-07-04,0,3,clean_time_group_tuned,0.0820931809353558
TR-004657,TR-C00792,2024-07-04,0,3,clean_time_group_tuned,0.1633415383359727
TR-006144,TR-C01421,2024-07-04,0,3,clean_time_group_tuned,0.07062182980071127
TR-006299,TR-C00996,2024-07-04,0,3,clean_time_group_tuned,0.052396782195360404
TR-006547,TR-C02544,2024-07-04,1,3,clean_time_group_tuned,0.10658340149095737
TR-007208,TR-C03824,2024-07-04,0,3,clean_time_group_tuned,0.039763136845190464
TR-007960,TR-C01217,2024-07-04,0,3,clean_time_group_tuned,0.07992793947921817
TR-008135,TR-C01832,2024-07-04,0,3,clean_time_group_tuned,0.06255801771509721
TR-008229,TR-C01167,2024-07-04,0,3,clean_time_group_tuned,0.02990580622823631
TR-008463,TR-C05964,2024-07-04,0,3,clean_time_group_tuned,0.02556642398070154
TR-000842,TR-C04834,2024-07-05,0,3,clean_time_group_tuned,0.06382484946293203
TR-001698,TR-C02396,2024-07-05,0,3,clean_time_group_tuned,0.03633983945283836
TR-002139,TR-C00499,2024-07-05,0,3,clean_time_group_tuned,0.18212618282747528
TR-002600,TR-C04747,2024-07-05,0,3,clean_time_group_tuned,0.02244532948551723
TR-004415,TR-C04106,2024-07-05,0,3,clean_time_group_tuned,0.19372545752832332
TR-004624,TR-C03366,2024-07-05,0,3,clean_time_group_tuned,0.029637971322608963
TR-007336,TR-C02317,2024-07-05,0,3,clean_time_group_tuned,0.029243816520772722
TR-008074,TR-C00377,2024-07-05,0,3,clean_time_group_tuned,0.027418978307257404
TR-009740,TR-C04590,2024-07-05,1,3,clean_time_group_tuned,0.04473272081013157
TR-000808,TR-C06060,2024-07-06,1,3,clean_time_group_tuned,0.044273970511682734
TR-003107,TR-C01542,2024-07-06,0,3,clean_time_group_tuned,0.09561701740607931
TR-004966,TR-C05501,2024-07-06,0,3,clean_time_group_tuned,0.07147839801685262
TR-006369,TR-C06045,2024-07-06,0,3,clean_time_group_tuned,0.031744240785283664
TR-007113,TR-C02728,2024-07-06,0,3,clean_time_group_tuned,0.09788642221817863
TR-007756,TR-C05653,2024-07-06,1,3,clean_time_group_tuned,0.0692871538844378
TR-008164,TR-C04223,2024-07-06,0,3,clean_time_group_tuned,0.1437740134099233
TR-008495,TR-C06270,2024-07-06,0,3,clean_time_group_tuned,0.02407281786295171
TR-000392,TR-C04887,2024-07-07,0,3,clean_time_group_tuned,0.041465125065512524
TR-000819,TR-C01496,2024-07-07,1,3,clean_time_group_tuned,0.05249073436490628
TR-001294,TR-C01711,2024-07-07,0,3,clean_time_group_tuned,0.020715379776661512
TR-002847,TR-C03727,2024-07-07,0,3,clean_time_group_tuned,0.05236827757365664
TR-003090,TR-C04346,2024-07-07,0,3,clean_time_group_tuned,0.0469349721216016
TR-004515,TR-C03027,2024-07-07,0,3,clean_time_group_tuned,0.03908458969346699
TR-004753,TR-C05278,2024-07-07,0,3,clean_time_group_tuned,0.0378584680708772
TR-004840,TR-C05154,2024-07-07,0,3,clean_time_group_tuned,0.05560518046381129
TR-007082,TR-C05042,2024-07-07,0,3,clean_time_group_tuned,0.07048997510346257
TR-008322,TR-C03684,2024-07-07,0,3,clean_time_group_tuned,0.02168248052578688
TR-008454,TR-C01234,2024-07-07,0,3,clean_time_group_tuned,0.04666144295551895
TR-009248,TR-C02986,2024-07-07,0,3,clean_time_group_tuned,0.024572203241905847
TR-001549,TR-C03737,2024-07-08,1,3,clean_time_group_tuned,0.10286621187148814
TR-001554,TR-C06420,2024-07-08,0,3,clean_time_group_tuned,0.02737873086001135
TR-002218,TR-C05891,2024-07-08,0,3,clean_time_group_tuned,0.11836546641339912
TR-004170,TR-C05720,2024-07-08,0,3,clean_time_group_tuned,0.05121757937094331
TR-004755,TR-C02941,2024-07-08,0,3,clean_time_group_tuned,0.04295413284081532
TR-005532,TR-C01679,2024-07-08,1,3,clean_time_group_tuned,0.1839441110525048
TR-006543,TR-C03217,2024-07-08,0,3,clean_time_group_tuned,0.02918119433621387
TR-001668,TR-C03006,2024-07-09,0,3,clean_time_group_tuned,0.031118165360434442
TR-002462,TR-C05567,2024-07-09,0,3,clean_time_group_tuned,0.04417674299064722
TR-002680,TR-C03464,2024-07-09,0,3,clean_time_group_tuned,0.06482296716186958
TR-003598,TR-C00433,2024-07-09,0,3,clean_time_group_tuned,0.031019017632738174
TR-004314,TR-C02445,2024-07-09,1,3,clean_time_group_tuned,0.16314218055036064
TR-004746,TR-C05034,2024-07-09,0,3,clean_time_group_tuned,0.04434070850611012
TR-005441,TR-C04000,2024-07-09,0,3,clean_time_group_tuned,0.029931708637089438
TR-005484,TR-C00173,2024-07-09,1,3,clean_time_group_tuned,0.07542789301849757
TR-007258,TR-C03408,2024-07-09,0,3,clean_time_group_tuned,0.0836973127833814
TR-009730,TR-C02988,2024-07-09,0,3,clean_time_group_tuned,0.07956040382922691
TR-000431,TR-C02264,2024-07-10,0,3,clean_time_group_tuned,0.02378132724347859
TR-000540,TR-C02293,2024-07-10,1,3,clean_time_group_tuned,0.12252766788176805
TR-001004,TR-C04122,2024-07-10,0,3,clean_time_group_tuned,0.14585232957897243
TR-002851,TR-C00068,2024-07-10,0,3,clean_time_group_tuned,0.11530646757586323
TR-003733,TR-C02517,2024-07-10,0,3,clean_time_group_tuned,0.14864759444480077
TR-004327,TR-C02601,2024-07-10,0,3,clean_time_group_tuned,0.267471885101865
TR-004557,TR-C02760,2024-07-10,0,3,clean_time_group_tuned,0.05234070615009873
TR-006900,TR-C04915,2024-07-10,0,3,clean_time_group_tuned,0.023069417550289285
TR-007209,TR-C04199,2024-07-10,0,3,clean_time_group_tuned,0.04628436200477567
TR-007413,TR-C05047,2024-07-10,0,3,clean_time_group_tuned,0.024572808214125347
TR-009103,TR-C05412,2024-07-10,1,3,clean_time_group_tuned,0.15201162534683918
TR-000568,TR-C04312,2024-07-11,0,3,clean_time_group_tuned,0.0302630845306461
TR-001173,TR-C01413,2024-07-11,1,3,clean_time_group_tuned,0.17606420985583449
TR-001692,TR-C01334,2024-07-11,0,3,clean_time_group_tuned,0.1719400639695608
TR-002722,TR-C01289,2024-07-11,1,3,clean_time_group_tuned,0.08310191861708129
TR-005683,TR-C05634,2024-07-11,0,3,clean_time_group_tuned,0.06899861670861343
TR-008151,TR-C01669,2024-07-11,0,3,clean_time_group_tuned,0.07567961602322561
TR-001640,TR-C04340,2024-07-12,0,3,clean_time_group_tuned,0.03241682654535798
TR-003560,TR-C00330,2024-07-12,0,3,clean_time_group_tuned,0.1061317055266507
TR-004682,TR-C04665,2024-07-12,1,3,clean_time_group_tuned,0.07027428132290724
TR-006011,TR-C05692,2024-07-12,0,3,clean_time_group_tuned,0.10174923783751626
TR-009184,TR-C02652,2024-07-12,0,3,clean_time_group_tuned,0.04645087959917392
TR-000603,TR-C04526,2024-07-13,0,3,clean_time_group_tuned,0.03882031850264734
TR-000726,TR-C03183,2024-07-13,0,3,clean_time_group_tuned,0.09427419660449667
TR-004603,TR-C04096,2024-07-13,0,3,clean_time_group_tuned,0.036014347315714235
TR-005476,TR-C04263,2024-07-13,0,3,clean_time_group_tuned,0.2415603319748677
TR-006022,TR-C00217,2024-07-13,0,3,clean_time_group_tuned,0.03830361290649637
TR-001018,TR-C01028,2024-07-14,0,3,clean_time_group_tuned,0.03172116045802319
TR-001354,TR-C02337,2024-07-14,0,3,clean_time_group_tuned,0.0342345640264525
TR-002987,TR-C01116,2024-07-14,0,3,clean_time_group_tuned,0.029238264735522053
TR-004680,TR-C00541,2024-07-14,0,3,clean_time_group_tuned,0.23311350142632484
TR-005266,TR-C00110,2024-07-14,0,3,clean_time_group_tuned,0.043064442775390385
TR-006694,TR-C02754,2024-07-14,0,3,clean_time_group_tuned,0.10931210594398293
TR-008433,TR-C05427,2024-07-14,0,3,clean_time_group_tuned,0.038830894920076776
TR-008461,TR-C01967,2024-07-14,0,3,clean_time_group_tuned,0.029683710499363643
TR-001711,TR-C02287,2024-07-15,0,3,clean_time_group_tuned,0.04420786167648503
TR-002053,TR-C01341,2024-07-15,0,3,clean_time_group_tuned,0.036998608409967784
TR-002100,TR-C05018,2024-07-15,0,3,clean_time_group_tuned,0.5400808974064314
TR-003776,TR-C03506,2024-07-15,0,3,clean_time_group_tuned,0.05321909809355846
TR-005813,TR-C04512,2024-07-15,0,3,clean_time_group_tuned,0.16731140525773977
TR-008167,TR-C05042,2024-07-15,1,3,clean_time_group_tuned,0.10661698640053169
TR-000782,TR-C03986,2024-07-16,0,3,clean_time_group_tuned,0.037425022790691445
TR-002018,TR-C04936,2024-07-16,0,3,clean_time_group_tuned,0.05329209957461357
TR-002712,TR-C06131,2024-07-16,0,3,clean_time_group_tuned,0.14188791221965066
TR-003037,TR-C03213,2024-07-16,0,3,clean_time_group_tuned,0.04563089082508451
TR-005819,TR-C02617,2024-07-16,1,3,clean_time_group_tuned,0.09097860348982106
TR-008764,TR-C05877,2024-07-16,0,3,clean_time_group_tuned,0.030848525234555908
TR-009167,TR-C04901,2024-07-16,0,3,clean_time_group_tuned,0.04055114625838703
TR-000171,TR-C02235,2024-07-17,0,3,clean_time_group_tuned,0.04005971172078736
TR-000710,TR-C00953,2024-07-17,0,3,clean_time_group_tuned,0.11465829726462304
TR-001339,TR-C04209,2024-07-17,0,3,clean_time_group_tuned,0.03528197191974756
TR-002529,TR-C05183,2024-07-17,0,3,clean_time_group_tuned,0.10091072951508732
TR-002588,TR-C06161,2024-07-17,0,3,clean_time_group_tuned,0.02874109454910479
TR-003230,TR-C03277,2024-07-17,0,3,clean_time_group_tuned,0.34528296356281307
TR-004220,TR-C05590,2024-07-17,0,3,clean_time_group_tuned,0.143047553575737
TR-004928,TR-C03894,2024-07-17,0,3,clean_time_group_tuned,0.023849733292878744
TR-006135,TR-C05842,2024-07-17,0,3,clean_time_group_tuned,0.3799122698770308
TR-007537,TR-C02326,2024-07-17,0,3,clean_time_group_tuned,0.03172720852932717
TR-007896,TR-C02725,2024-07-17,0,3,clean_time_group_tuned,0.08009215992555707
TR-002066,TR-C04548,2024-07-18,0,3,clean_time_group_tuned,0.04367975555730386
TR-002791,TR-C02288,2024-07-18,0,3,clean_time_group_tuned,0.07144413269102474
TR-003633,TR-C03872,2024-07-18,0,3,clean_time_group_tuned,0.12095650370293554
TR-000128,TR-C03759,2024-07-19,0,3,clean_time_group_tuned,0.03489689550203558
TR-001050,TR-C02533,2024-07-19,0,3,clean_time_group_tuned,0.02984976608718572
TR-001609,TR-C04988,2024-07-19,0,3,clean_time_group_tuned,0.022813908729076186
TR-002200,TR-C00836,2024-07-19,0,3,clean_time_group_tuned,0.02388834662586118
TR-005378,TR-C00000,2024-07-19,1,3,clean_time_group_tuned,0.05246560813141922
TR-005710,TR-C04372,2024-07-19,0,3,clean_time_group_tuned,0.06008758091163186
TR-008055,TR-C00651,2024-07-19,0,3,clean_time_group_tuned,0.03947441080888267
TR-009329,TR-C03177,2024-07-19,0,3,clean_time_group_tuned,0.031095389784200005
TR-009602,TR-C01300,2024-07-19,0,3,clean_time_group_tuned,0.024719359583453004
TR-000561,TR-C02784,2024-07-20,0,3,clean_time_group_tuned,0.03110926297207364
TR-002025,TR-C02630,2024-07-20,0,3,clean_time_group_tuned,0.08416506991773662
TR-005305,TR-C06189,2024-07-20,0,3,clean_time_group_tuned,0.040779850873719964
TR-005554,TR-C05496,2024-07-20,0,3,clean_time_group_tuned,0.04500559445995973
TR-007287,TR-C03179,2024-07-20,0,3,clean_time_group_tuned,0.10772352922594838
TR-007801,TR-C00684,2024-07-20,1,3,clean_time_group_tuned,0.2095690915531535
TR-008311,TR-C01830,2024-07-20,0,3,clean_time_group_tuned,0.056321947553999406
TR-009563,TR-C00919,2024-07-20,0,3,clean_time_group_tuned,0.059274166887298856
TR-000507,TR-C05930,2024-07-21,0,3,clean_time_group_tuned,0.35365463509495954
TR-000527,TR-C05233,2024-07-21,0,3,clean_time_group_tuned,0.04197479987289988
TR-001311,TR-C01999,2024-07-21,0,3,clean_time_group_tuned,0.07480458963990488
TR-001521,TR-C01238,2024-07-21,0,3,clean_time_group_tuned,0.03261367829780735
TR-002096,TR-C01199,2024-07-21,0,3,clean_time_group_tuned,0.06172079887037465
TR-002108,TR-C05321,2024-07-21,0,3,clean_time_group_tuned,0.03140798314373802
TR-002341,TR-C00804,2024-07-21,0,3,clean_time_group_tuned,0.052675110878422464
TR-003936,TR-C03458,2024-07-21,0,3,clean_time_group_tuned,0.0929901138921604
TR-004105,TR-C05499,2024-07-21,0,3,clean_time_group_tuned,0.023525178500615907
TR-004633,TR-C01525,2024-07-21,1,3,clean_time_group_tuned,0.033802162432966874
TR-005414,TR-C06143,2024-07-21,0,3,clean_time_group_tuned,0.04113809470030426
TR-006965,TR-C02206,2024-07-21,0,3,clean_time_group_tuned,0.12053448901753351
TR-009003,TR-C02930,2024-07-21,0,3,clean_time_group_tuned,0.027095632756205267
TR-009039,TR-C06084,2024-07-21,0,3,clean_time_group_tuned,0.029410167147757262
TR-000167,TR-C04767,2024-07-22,0,3,clean_time_group_tuned,0.03597972019281128
TR-000545,TR-C02532,2024-07-22,0,3,clean_time_group_tuned,0.03778195620866535
TR-000549,TR-C03874,2024-07-22,1,3,clean_time_group_tuned,0.5467507508298913
TR-002891,TR-C02450,2024-07-22,0,3,clean_time_group_tuned,0.02148791509272414
TR-003072,TR-C05863,2024-07-22,0,3,clean_time_group_tuned,0.040628193138294355
TR-003875,TR-C02384,2024-07-22,0,3,clean_time_group_tuned,0.08523667859621141
TR-004931,TR-C04627,2024-07-22,0,3,clean_time_group_tuned,0.038014183259668974
TR-005363,TR-C00204,2024-07-22,0,3,clean_time_group_tuned,0.046265306680555784
TR-005674,TR-C01859,2024-07-22,0,3,clean_time_group_tuned,0.11085793814998408
TR-006328,TR-C01750,2024-07-22,0,3,clean_time_group_tuned,0.03118092220880937
TR-006991,TR-C02566,2024-07-22,0,3,clean_time_group_tuned,0.06850382183484065
TR-009409,TR-C06054,2024-07-22,1,3,clean_time_group_tuned,0.2554210302397213
TR-001912,TR-C05847,2024-07-23,0,3,clean_time_group_tuned,0.031165141100418816
TR-001986,TR-C02885,2024-07-23,0,3,clean_time_group_tuned,0.02168248052578688
TR-002319,TR-C04311,2024-07-23,0,3,clean_time_group_tuned,0.03350899122745154
TR-002714,TR-C04316,2024-07-23,0,3,clean_time_group_tuned,0.030685439263657573
TR-004211,TR-C05763,2024-07-23,0,3,clean_time_group_tuned,0.16528871655584634
TR-004356,TR-C02443,2024-07-23,0,3,clean_time_group_tuned,0.09369381834486855
TR-005576,TR-C01994,2024-07-23,0,3,clean_time_group_tuned,0.12036882607139185
TR-009712,TR-C01471,2024-07-23,0,3,clean_time_group_tuned,0.03156306108497523
TR-000466,TR-C04655,2024-07-24,0,3,clean_time_group_tuned,0.04693380401592311
TR-000718,TR-C02056,2024-07-24,0,3,clean_time_group_tuned,0.08883195904065512
TR-002230,TR-C03600,2024-07-24,0,3,clean_time_group_tuned,0.12425263869530564
TR-002678,TR-C04537,2024-07-24,0,3,clean_time_group_tuned,0.03379904924346053
TR-003024,TR-C00004,2024-07-24,0,3,clean_time_group_tuned,0.06575650468845903
TR-007745,TR-C01890,2024-07-24,0,3,clean_time_group_tuned,0.04335666633829935
TR-008922,TR-C00786,2024-07-24,0,3,clean_time_group_tuned,0.12677634022914835
TR-009827,TR-C04316,2024-07-24,0,3,clean_time_group_tuned,0.025480597977891727
TR-003223,TR-C01769,2024-07-25,0,3,clean_time_group_tuned,0.06312681641576517
TR-003939,TR-C03851,2024-07-25,0,3,clean_time_group_tuned,0.06074305435120398
TR-007628,TR-C04587,2024-07-25,0,3,clean_time_group_tuned,0.10835758504489863
TR-007856,TR-C05106,2024-07-25,0,3,clean_time_group_tuned,0.04257451114506824
TR-000313,TR-C00599,2024-07-26,0,3,clean_time_group_tuned,0.04626730077009218
TR-001269,TR-C00649,2024-07-26,1,3,clean_time_group_tuned,0.053080472100225824
TR-003690,TR-C03875,2024-07-26,0,3,clean_time_group_tuned,0.06580280899314637
TR-006269,TR-C04715,2024-07-26,0,3,clean_time_group_tuned,0.09439691815225616
TR-006461,TR-C03112,2024-07-26,1,3,clean_time_group_tuned,0.09607880388739308
TR-009222,TR-C05045,2024-07-26,0,3,clean_time_group_tuned,0.023997745887740844
TR-009628,TR-C05444,2024-07-26,0,3,clean_time_group_tuned,0.028256979183993565
TR-000544,TR-C02044,2024-07-27,1,3,clean_time_group_tuned,0.025035942404897756
TR-001118,TR-C00327,2024-07-27,0,3,clean_time_group_tuned,0.09615501404905473
TR-001502,TR-C01172,2024-07-27,0,3,clean_time_group_tuned,0.1745246146890103
TR-002366,TR-C04378,2024-07-27,1,3,clean_time_group_tuned,0.26155486614079787
TR-002793,TR-C03885,2024-07-27,0,3,clean_time_group_tuned,0.02518905570484376
TR-003600,TR-C03424,2024-07-27,0,3,clean_time_group_tuned,0.14780538843391297
TR-004369,TR-C02403,2024-07-27,0,3,clean_time_group_tuned,0.15053996217502377
TR-004417,TR-C01897,2024-07-27,1,3,clean_time_group_tuned,0.3249118149906549
TR-004592,TR-C02850,2024-07-27,0,3,clean_time_group_tuned,0.3820539261059064
TR-005355,TR-C03639,2024-07-27,0,3,clean_time_group_tuned,0.03925935421811908
TR-005529,TR-C01782,2024-07-27,0,3,clean_time_group_tuned,0.05599375171581911
TR-006356,TR-C06243,2024-07-27,0,3,clean_time_group_tuned,0.04612060828231362
TR-000416,TR-C06319,2024-07-28,0,3,clean_time_group_tuned,0.03346834745328776
TR-000435,TR-C02406,2024-07-28,0,3,clean_time_group_tuned,0.037755199041830965
TR-001352,TR-C05076,2024-07-28,0,3,clean_time_group_tuned,0.0516109167223305
TR-002113,TR-C04245,2024-07-28,0,3,clean_time_group_tuned,0.047859507314841766
TR-004042,TR-C04448,2024-07-28,0,3,clean_time_group_tuned,0.023453119458566055
TR-004295,TR-C04871,2024-07-28,0,3,clean_time_group_tuned,0.03770728791771027
TR-005095,TR-C00581,2024-07-28,1,3,clean_time_group_tuned,0.06665537879016839
TR-005494,TR-C05647,2024-07-28,0,3,clean_time_group_tuned,0.029056730368443945
TR-007137,TR-C06475,2024-07-28,0,3,clean_time_group_tuned,0.03961759187534052
TR-001423,TR-C01602,2024-07-29,0,3,clean_time_group_tuned,0.06370483049970888
TR-004050,TR-C03724,2024-07-29,0,3,clean_time_group_tuned,0.02950055525686382
TR-004261,TR-C03484,2024-07-29,0,3,clean_time_group_tuned,0.11033797100780945
TR-004820,TR-C00688,2024-07-29,0,3,clean_time_group_tuned,0.06946134744866955
TR-008146,TR-C03403,2024-07-29,0,3,clean_time_group_tuned,0.03727853815901883
TR-009317,TR-C05602,2024-07-29,0,3,clean_time_group_tuned,0.04889467431233925
TR-000147,TR-C02280,2024-07-30,0,3,clean_time_group_tuned,0.041917260661530585
TR-000411,TR-C03877,2024-07-30,0,3,clean_time_group_tuned,0.02985218628570563
TR-000807,TR-C05562,2024-07-30,0,3,clean_time_group_tuned,0.05859627560258655
TR-002505,TR-C02514,2024-07-30,0,3,clean_time_group_tuned,0.026282139894178713
TR-005280,TR-C01664,2024-07-30,0,3,clean_time_group_tuned,0.03121560443332058
TR-006056,TR-C00933,2024-07-30,0,3,clean_time_group_tuned,0.027446574721980675
TR-007143,TR-C02067,2024-07-30,0,3,clean_time_group_tuned,0.1608600807391828
TR-007991,TR-C04865,2024-07-30,0,3,clean_time_group_tuned,0.057760906469116045
TR-008269,TR-C03274,2024-07-30,1,3,clean_time_group_tuned,0.24770548205615886
TR-008336,TR-C03198,2024-07-30,0,3,clean_time_group_tuned,0.03386533304517584
TR-009281,TR-C02005,2024-07-30,0,3,clean_time_group_tuned,0.256235882148183
TR-009918,TR-C03160,2024-07-30,0,3,clean_time_group_tuned,0.07887777876350324
TR-000438,TR-C05906,2024-07-31,0,3,clean_time_group_tuned,0.03758584139504448
TR-000772,TR-C02072,2024-07-31,0,3,clean_time_group_tuned,0.059481690752465566
TR-001281,TR-C03156,2024-07-31,0,3,clean_time_group_tuned,0.08819112121800962
TR-001299,TR-C05008,2024-07-31,0,3,clean_time_group_tuned,0.08935994283763737
TR-001303,TR-C00224,2024-07-31,0,3,clean_time_group_tuned,0.03652316422684302
TR-001610,TR-C06110,2024-07-31,0,3,clean_time_group_tuned,0.26680525149324047
TR-002238,TR-C01479,2024-07-31,1,3,clean_time_group_tuned,0.2096343215651895
TR-004165,TR-C04724,2024-07-31,0,3,clean_time_group_tuned,0.024220442334707607
TR-004423,TR-C05751,2024-07-31,0,3,clean_time_group_tuned,0.041896145756665365
TR-004581,TR-C03100,2024-07-31,1,3,clean_time_group_tuned,0.03589790069719737
TR-007127,TR-C05919,2024-07-31,0,3,clean_time_group_tuned,0.04713830467851079
TR-008499,TR-C06299,2024-07-31,0,3,clean_time_group_tuned,0.10996074564589778
TR-009886,TR-C01673,2024-07-31,0,3,clean_time_group_tuned,0.029533233214194658
TR-001637,TR-C06103,2024-08-01,0,3,clean_time_group_tuned,0.03491449765886619
TR-001902,TR-C03363,2024-08-01,0,3,clean_time_group_tuned,0.03243363528515697
TR-002587,TR-C05241,2024-08-01,0,3,clean_time_group_tuned,0.04557990488134361
TR-004713,TR-C02738,2024-08-01,0,3,clean_time_group_tuned,0.08013629770722115
TR-006070,TR-C01419,2024-08-01,0,3,clean_time_group_tuned,0.0338818458460671
TR-000083,TR-C06152,2024-08-02,0,3,clean_time_group_tuned,0.15014170354865744
TR-000267,TR-C01278,2024-08-02,0,3,clean_time_group_tuned,0.02236966381797393
TR-000436,TR-C03809,2024-08-02,0,3,clean_time_group_tuned,0.032003534497343986
TR-003026,TR-C03381,2024-08-02,0,3,clean_time_group_tuned,0.0861375026529621
TR-003534,TR-C06353,2024-08-02,0,3,clean_time_group_tuned,0.0462146867614038
TR-007331,TR-C02022,2024-08-02,0,3,clean_time_group_tuned,0.02783031399615419
TR-007589,TR-C04518,2024-08-02,1,3,clean_time_group_tuned,0.06516926683634092
TR-007637,TR-C03006,2024-08-02,0,3,clean_time_group_tuned,0.030297266045348294
TR-008170,TR-C00217,2024-08-02,0,3,clean_time_group_tuned,0.02545175417386197
TR-008381,TR-C00781,2024-08-02,0,3,clean_time_group_tuned,0.041692561474023566
TR-009391,TR-C04583,2024-08-02,0,3,clean_time_group_tuned,0.034639723941138095
TR-001489,TR-C01053,2024-08-03,0,3,clean_time_group_tuned,0.03784232726021547
TR-003368,TR-C00529,2024-08-03,0,3,clean_time_group_tuned,0.04468840181365334
TR-004096,TR-C03431,2024-08-03,0,3,clean_time_group_tuned,0.07284397416995576
TR-004688,TR-C05947,2024-08-03,0,3,clean_time_group_tuned,0.06245087958603518
TR-006970,TR-C02424,2024-08-03,0,3,clean_time_group_tuned,0.09018539504748133
TR-007849,TR-C02250,2024-08-03,1,3,clean_time_group_tuned,0.38523527733069224
TR-000217,TR-C01148,2024-08-04,0,3,clean_time_group_tuned,0.043201738060111836
TR-000987,TR-C02463,2024-08-04,0,3,clean_time_group_tuned,0.05859800060529106
TR-001189,TR-C03561,2024-08-04,0,3,clean_time_group_tuned,0.03523405143461238
TR-003745,TR-C04495,2024-08-04,0,3,clean_time_group_tuned,0.0846748965298809
TR-007001,TR-C00558,2024-08-04,0,3,clean_time_group_tuned,0.05270621999971731
TR-008812,TR-C03079,2024-08-04,0,3,clean_time_group_tuned,0.04453552319304532
TR-009598,TR-C06326,2024-08-04,0,3,clean_time_group_tuned,0.24623570214677093
TR-000754,TR-C06134,2024-08-05,0,3,clean_time_group_tuned,0.029516389105751103
TR-003984,TR-C02717,2024-08-05,0,3,clean_time_group_tuned,0.05130455123911627
TR-005070,TR-C00962,2024-08-05,1,3,clean_time_group_tuned,0.4038677530253299
TR-005424,TR-C05042,2024-08-05,0,3,clean_time_group_tuned,0.1899748396671097
TR-005497,TR-C01858,2024-08-05,0,3,clean_time_group_tuned,0.03283334623316716
TR-006094,TR-C04720,2024-08-05,0,3,clean_time_group_tuned,0.04844079621194542
TR-006614,TR-C03949,2024-08-05,0,3,clean_time_group_tuned,0.08929353840643256
TR-009723,TR-C05986,2024-08-05,0,3,clean_time_group_tuned,0.04541020980813914
TR-000560,TR-C03395,2024-08-06,0,3,clean_time_group_tuned,0.051026165332256325
TR-003143,TR-C02954,2024-08-06,0,3,clean_time_group_tuned,0.03889194965455895
TR-003313,TR-C00756,2024-08-06,0,3,clean_time_group_tuned,0.06031669408573954
TR-005887,TR-C01515,2024-08-06,1,3,clean_time_group_tuned,0.054581887905662645
TR-006542,TR-C02587,2024-08-06,0,3,clean_time_group_tuned,0.04100501992215134
TR-007290,TR-C01362,2024-08-06,0,3,clean_time_group_tuned,0.09456920269991993
TR-008005,TR-C03479,2024-08-06,0,3,clean_time_group_tuned,0.055576636088571704
TR-008688,TR-C00939,2024-08-06,0,3,clean_time_group_tuned,0.42739132143971537
TR-001551,TR-C05055,2024-08-07,0,3,clean_time_group_tuned,0.05449610572210815
TR-002460,TR-C00523,2024-08-07,1,3,clean_time_group_tuned,0.10414019265019735
TR-003051,TR-C02921,2024-08-07,0,3,clean_time_group_tuned,0.03298965844347559
TR-004312,TR-C02415,2024-08-07,1,3,clean_time_group_tuned,0.23693466949896588
TR-004648,TR-C03692,2024-08-07,0,3,clean_time_group_tuned,0.021802835070544972
TR-005237,TR-C00545,2024-08-07,0,3,clean_time_group_tuned,0.047965493726085905
TR-006425,TR-C04669,2024-08-07,0,3,clean_time_group_tuned,0.07144754966304179
TR-006912,TR-C01224,2024-08-07,0,3,clean_time_group_tuned,0.05357940938808949
TR-006922,TR-C03202,2024-08-07,0,3,clean_time_group_tuned,0.03619314007216973
TR-007070,TR-C01960,2024-08-07,0,3,clean_time_group_tuned,0.298882693280633
TR-007289,TR-C00833,2024-08-07,0,3,clean_time_group_tuned,0.021601395975295895
TR-008453,TR-C02924,2024-08-07,0,3,clean_time_group_tuned,0.04245723249759908
TR-008601,TR-C01893,2024-08-07,1,3,clean_time_group_tuned,0.032830495955184134
TR-009085,TR-C02069,2024-08-07,0,3,clean_time_group_tuned,0.23192560667945233
TR-000228,TR-C03353,2024-08-08,0,3,clean_time_group_tuned,0.06693076516141905
TR-001749,TR-C04468,2024-08-08,0,3,clean_time_group_tuned,0.02096818892509932
TR-002528,TR-C00914,2024-08-08,1,3,clean_time_group_tuned,0.05039046791757323
TR-002756,TR-C04574,2024-08-08,0,3,clean_time_group_tuned,0.07941086571952657
TR-003930,TR-C04737,2024-08-08,0,3,clean_time_group_tuned,0.03939585177422109
TR-004317,TR-C00895,2024-08-08,0,3,clean_time_group_tuned,0.06494768782220074
TR-004718,TR-C00933,2024-08-08,0,3,clean_time_group_tuned,0.024066096951171314
TR-005055,TR-C02163,2024-08-08,0,3,clean_time_group_tuned,0.038286179341799204
TR-005836,TR-C03755,2024-08-08,0,3,clean_time_group_tuned,0.021601395975295895
TR-006230,TR-C06063,2024-08-08,0,3,clean_time_group_tuned,0.03171537755185265
TR-007486,TR-C04817,2024-08-08,0,3,clean_time_group_tuned,0.030513811562681993
TR-007540,TR-C01692,2024-08-08,0,3,clean_time_group_tuned,0.025595521130796904
TR-007865,TR-C05296,2024-08-08,0,3,clean_time_group_tuned,0.20601988840468433
TR-001291,TR-C01461,2024-08-09,0,3,clean_time_group_tuned,0.023742862305969028
TR-003116,TR-C06170,2024-08-09,0,3,clean_time_group_tuned,0.09576088488902866
TR-005690,TR-C00861,2024-08-09,0,3,clean_time_group_tuned,0.043751744852345176
TR-006967,TR-C05378,2024-08-09,0,3,clean_time_group_tuned,0.04412789931681203
TR-007073,TR-C03080,2024-08-09,0,3,clean_time_group_tuned,0.04419677157333432
TR-008386,TR-C01448,2024-08-09,0,3,clean_time_group_tuned,0.051922196624373494
TR-008830,TR-C01271,2024-08-09,0,3,clean_time_group_tuned,0.05438281698546801
TR-009361,TR-C00413,2024-08-09,0,3,clean_time_group_tuned,0.21048732581400467
TR-000026,TR-C02632,2024-08-10,0,3,clean_time_group_tuned,0.06742752089463738
TR-004748,TR-C05689,2024-08-10,0,3,clean_time_group_tuned,0.11765427779724079
TR-005063,TR-C05402,2024-08-10,0,3,clean_time_group_tuned,0.09542424260415502
TR-005632,TR-C01451,2024-08-10,0,3,clean_time_group_tuned,0.09229883158079008
TR-007269,TR-C01308,2024-08-10,0,3,clean_time_group_tuned,0.03725977110927192
TR-009843,TR-C02024,2024-08-10,0,3,clean_time_group_tuned,0.3289318656505536
TR-000913,TR-C03449,2024-08-11,0,3,clean_time_group_tuned,0.039423208291664846
TR-003308,TR-C01838,2024-08-11,1,3,clean_time_group_tuned,0.213142565553198
TR-007713,TR-C06499,2024-08-11,0,3,clean_time_group_tuned,0.04151766311771847
TR-008097,TR-C02052,2024-08-11,0,3,clean_time_group_tuned,0.02461627683394363
TR-008579,TR-C06004,2024-08-11,0,3,clean_time_group_tuned,0.11178820977143603
TR-009220,TR-C00331,2024-08-11,0,3,clean_time_group_tuned,0.065318624668113
TR-001651,TR-C02830,2024-08-12,0,3,clean_time_group_tuned,0.048649271042414975
TR-002261,TR-C03889,2024-08-12,1,3,clean_time_group_tuned,0.0621295813350114
TR-003204,TR-C04978,2024-08-12,0,3,clean_time_group_tuned,0.06650109424458665
TR-003750,TR-C03254,2024-08-12,0,3,clean_time_group_tuned,0.0967801891760111
TR-005099,TR-C01362,2024-08-12,0,3,clean_time_group_tuned,0.1041307494847777
TR-005644,TR-C00516,2024-08-12,0,3,clean_time_group_tuned,0.04712518189477392
TR-008156,TR-C05359,2024-08-12,0,3,clean_time_group_tuned,0.05274840067975335
TR-000838,TR-C00185,2024-08-13,1,3,clean_time_group_tuned,0.14374815917978506
TR-001496,TR-C05663,2024-08-13,0,3,clean_time_group_tuned,0.04561648553563149
TR-002860,TR-C05795,2024-08-13,0,3,clean_time_group_tuned,0.03072643356227344
TR-007028,TR-C06233,2024-08-13,0,3,clean_time_group_tuned,0.023539823575503792
TR-000041,TR-C02320,2024-08-14,0,3,clean_time_group_tuned,0.03523067652057732
TR-000327,TR-C00144,2024-08-14,0,3,clean_time_group_tuned,0.47078552174780564
TR-000892,TR-C00562,2024-08-14,0,3,clean_time_group_tuned,0.024805354988057294
TR-001844,TR-C04250,2024-08-14,0,3,clean_time_group_tuned,0.0317021814594174
TR-003231,TR-C00822,2024-08-14,0,3,clean_time_group_tuned,0.03651352474440684
TR-006030,TR-C05787,2024-08-14,0,3,clean_time_group_tuned,0.04568436387549272
TR-008194,TR-C00838,2024-08-14,0,3,clean_time_group_tuned,0.04519309294188476
TR-008910,TR-C01521,2024-08-14,0,3,clean_time_group_tuned,0.5060722519128241
TR-009268,TR-C06145,2024-08-14,0,3,clean_time_group_tuned,0.03876463282471631
TR-009333,TR-C04877,2024-08-14,0,3,clean_time_group_tuned,0.05502585409838406
TR-009419,TR-C06368,2024-08-14,0,3,clean_time_group_tuned,0.03599680288381352
TR-003042,TR-C01901,2024-08-15,0,3,clean_time_group_tuned,0.03438286431878892
TR-003194,TR-C04544,2024-08-15,0,3,clean_time_group_tuned,0.1273587988814892
TR-003343,TR-C03734,2024-08-15,0,3,clean_time_group_tuned,0.046692327079683765
TR-003794,TR-C03252,2024-08-15,0,3,clean_time_group_tuned,0.14721829816886048
TR-004807,TR-C02818,2024-08-15,0,3,clean_time_group_tuned,0.030893362858361882
TR-005189,TR-C01576,2024-08-15,0,3,clean_time_group_tuned,0.03180645907612047
TR-005586,TR-C04508,2024-08-15,0,3,clean_time_group_tuned,0.03691519944114876
TR-005862,TR-C04644,2024-08-15,0,3,clean_time_group_tuned,0.16780679665810286
TR-006099,TR-C03399,2024-08-15,0,3,clean_time_group_tuned,0.029115040166366013
TR-008895,TR-C02024,2024-08-15,0,3,clean_time_group_tuned,0.12644871963798437
TR-009238,TR-C03688,2024-08-15,0,3,clean_time_group_tuned,0.04783026898795116
TR-009512,TR-C04565,2024-08-15,0,3,clean_time_group_tuned,0.03488586585805332
TR-009616,TR-C05018,2024-08-15,1,3,clean_time_group_tuned,0.15903259271271913
TR-000667,TR-C05896,2024-08-16,0,3,clean_time_group_tuned,0.0471221288372262
TR-000752,TR-C00065,2024-08-16,0,3,clean_time_group_tuned,0.04410918460751229
TR-001316,TR-C04969,2024-08-16,0,3,clean_time_group_tuned,0.054492651437308345
TR-001580,TR-C03695,2024-08-16,0,3,clean_time_group_tuned,0.05244639735899424
TR-002807,TR-C00125,2024-08-16,0,3,clean_time_group_tuned,0.04037190638838819
TR-003382,TR-C00751,2024-08-16,0,3,clean_time_group_tuned,0.17065486211948555
TR-005087,TR-C06239,2024-08-16,0,3,clean_time_group_tuned,0.03041749300798865
TR-005120,TR-C00222,2024-08-16,0,3,clean_time_group_tuned,0.024289619248387895
TR-006387,TR-C04353,2024-08-16,1,3,clean_time_group_tuned,0.3511396325832345
TR-006491,TR-C01800,2024-08-16,0,3,clean_time_group_tuned,0.03350743465440862
TR-008058,TR-C00955,2024-08-16,0,3,clean_time_group_tuned,0.0414978232659962
TR-009522,TR-C06175,2024-08-16,0,3,clean_time_group_tuned,0.03401365861114424
TR-000543,TR-C04050,2024-08-17,0,3,clean_time_group_tuned,0.036202005843890474
TR-002199,TR-C01400,2024-08-17,0,3,clean_time_group_tuned,0.1291883434784304
TR-003548,TR-C01589,2024-08-17,1,3,clean_time_group_tuned,0.12660321385328338
TR-005247,TR-C05672,2024-08-17,0,3,clean_time_group_tuned,0.041531463209681076
TR-005919,TR-C00484,2024-08-17,0,3,clean_time_group_tuned,0.031688870467319816
TR-006075,TR-C04928,2024-08-17,0,3,clean_time_group_tuned,0.10084907181784176
TR-008582,TR-C03739,2024-08-17,0,3,clean_time_group_tuned,0.48273192789609937
TR-001449,TR-C01570,2024-08-18,1,3,clean_time_group_tuned,0.4226321491034454
TR-003507,TR-C00407,2024-08-18,0,3,clean_time_group_tuned,0.036704813251140764
TR-003813,TR-C05118,2024-08-18,0,3,clean_time_group_tuned,0.023899914410482444
TR-004258,TR-C06218,2024-08-18,0,3,clean_time_group_tuned,0.2162477867138435
TR-005242,TR-C04623,2024-08-18,0,3,clean_time_group_tuned,0.03328384067271948
TR-007390,TR-C05448,2024-08-18,0,3,clean_time_group_tuned,0.03006734789680309
TR-008733,TR-C00103,2024-08-18,0,3,clean_time_group_tuned,0.021601395975295895
TR-009310,TR-C01778,2024-08-18,0,3,clean_time_group_tuned,0.059432338578362894
TR-001074,TR-C02138,2024-08-19,0,3,clean_time_group_tuned,0.10725113095964156
TR-001786,TR-C04408,2024-08-19,0,3,clean_time_group_tuned,0.10756838646671009
TR-002333,TR-C02937,2024-08-19,1,3,clean_time_group_tuned,0.680693347114545
TR-002344,TR-C03829,2024-08-19,0,3,clean_time_group_tuned,0.05919480821943476
TR-002947,TR-C01473,2024-08-19,0,3,clean_time_group_tuned,0.11451389477478081
TR-005496,TR-C03666,2024-08-19,0,3,clean_time_group_tuned,0.09771148292583393
TR-005686,TR-C00169,2024-08-19,0,3,clean_time_group_tuned,0.0417836650112285
TR-006434,TR-C01554,2024-08-19,1,3,clean_time_group_tuned,0.24458554701605373
TR-006861,TR-C01224,2024-08-19,0,3,clean_time_group_tuned,0.03998023583248715
TR-007473,TR-C00380,2024-08-19,0,3,clean_time_group_tuned,0.14382790960450548
TR-007624,TR-C00976,2024-08-19,0,3,clean_time_group_tuned,0.05637899204850037
TR-008287,TR-C00408,2024-08-19,0,3,clean_time_group_tuned,0.043172374920645816
TR-009075,TR-C03874,2024-08-19,0,3,clean_time_group_tuned,0.06605961748692565
TR-009338,TR-C00599,2024-08-19,0,3,clean_time_group_tuned,0.050845289103378495
TR-001562,TR-C03738,2024-08-20,0,3,clean_time_group_tuned,0.12866948242104273
TR-002055,TR-C01828,2024-08-20,0,3,clean_time_group_tuned,0.2481803482753035
TR-003387,TR-C02610,2024-08-20,0,3,clean_time_group_tuned,0.06777398968029076
TR-003425,TR-C00249,2024-08-20,0,3,clean_time_group_tuned,0.09731542062034189
TR-004512,TR-C03538,2024-08-20,0,3,clean_time_group_tuned,0.0404653919930287
TR-006940,TR-C05740,2024-08-20,0,3,clean_time_group_tuned,0.2872340082697507
TR-007160,TR-C01324,2024-08-20,0,3,clean_time_group_tuned,0.030208313035134746
TR-008809,TR-C00644,2024-08-20,0,3,clean_time_group_tuned,0.19735852871989887
TR-000624,TR-C05262,2024-08-21,1,3,clean_time_group_tuned,0.07113224005945872
TR-003708,TR-C03046,2024-08-21,0,3,clean_time_group_tuned,0.2217512234794879
TR-004776,TR-C05696,2024-08-21,0,3,clean_time_group_tuned,0.03447290504800897
TR-006936,TR-C01158,2024-08-21,0,3,clean_time_group_tuned,0.2554328478588072
TR-008782,TR-C04004,2024-08-21,1,3,clean_time_group_tuned,0.34218038457256356
TR-009700,TR-C05219,2024-08-21,0,3,clean_time_group_tuned,0.48004870710230585
TR-000482,TR-C01980,2024-08-22,0,3,clean_time_group_tuned,0.1274500022602784
TR-002317,TR-C04384,2024-08-22,0,3,clean_time_group_tuned,0.11423007319695663
TR-002911,TR-C01031,2024-08-22,0,3,clean_time_group_tuned,0.05679654652807741
TR-003218,TR-C01940,2024-08-22,0,3,clean_time_group_tuned,0.041604972932278425
TR-004235,TR-C01777,2024-08-22,0,3,clean_time_group_tuned,0.036087110350797647
TR-005221,TR-C06176,2024-08-22,1,3,clean_time_group_tuned,0.08341556592816451
TR-008532,TR-C00734,2024-08-22,0,3,clean_time_group_tuned,0.02437027749653677
TR-009358,TR-C01631,2024-08-22,0,3,clean_time_group_tuned,0.046380521596438504
TR-009941,TR-C06437,2024-08-22,0,3,clean_time_group_tuned,0.0357733889667253
TR-000980,TR-C00015,2024-08-23,0,3,clean_time_group_tuned,0.058146222899456375
TR-001266,TR-C04295,2024-08-23,0,3,clean_time_group_tuned,0.0262494618980869
TR-001398,TR-C02338,2024-08-23,0,3,clean_time_group_tuned,0.03024143780030006
TR-001672,TR-C06342,2024-08-23,0,3,clean_time_group_tuned,0.03464524709245994
TR-003036,TR-C05161,2024-08-23,0,3,clean_time_group_tuned,0.0429658916554287
TR-003389,TR-C03206,2024-08-23,0,3,clean_time_group_tuned,0.02864093476889565
TR-008663,TR-C06147,2024-08-23,0,3,clean_time_group_tuned,0.03574390382194876
TR-008678,TR-C04595,2024-08-23,0,3,clean_time_group_tuned,0.02892113080117359
TR-009898,TR-C01429,2024-08-23,0,3,clean_time_group_tuned,0.022455375515481504
TR-000063,TR-C06458,2024-08-24,0,3,clean_time_group_tuned,0.02798002354253181
TR-001631,TR-C00065,2024-08-24,0,3,clean_time_group_tuned,0.038258372462863656
TR-002202,TR-C04966,2024-08-24,0,3,clean_time_group_tuned,0.054444098120063456
TR-005334,TR-C00118,2024-08-24,0,3,clean_time_group_tuned,0.19784840629600808
TR-005383,TR-C06424,2024-08-24,0,3,clean_time_group_tuned,0.10613629219520311
TR-006231,TR-C02328,2024-08-24,0,3,clean_time_group_tuned,0.06585655651246235
TR-006492,TR-C00034,2024-08-24,0,3,clean_time_group_tuned,0.04076363905583817
TR-006513,TR-C00238,2024-08-24,0,3,clean_time_group_tuned,0.034846040750528634
TR-006736,TR-C05156,2024-08-24,0,3,clean_time_group_tuned,0.04678930040175858
TR-006858,TR-C02506,2024-08-24,0,3,clean_time_group_tuned,0.022871449039358494
TR-007884,TR-C06338,2024-08-24,0,3,clean_time_group_tuned,0.059495757330617675
TR-008062,TR-C05431,2024-08-24,0,3,clean_time_group_tuned,0.04614939128777182
TR-009250,TR-C05990,2024-08-24,0,3,clean_time_group_tuned,0.040184763595005286
TR-007867,TR-C00963,2024-08-25,1,3,clean_time_group_tuned,0.14164816136241415
TR-008088,TR-C04535,2024-08-25,0,3,clean_time_group_tuned,0.04537560447142173
TR-009114,TR-C00856,2024-08-25,0,3,clean_time_group_tuned,0.030521385308959845
TR-003096,TR-C00851,2024-08-26,0,3,clean_time_group_tuned,0.1025915126009241
TR-004985,TR-C01886,2024-08-26,0,3,clean_time_group_tuned,0.046226306193228456
TR-006273,TR-C05392,2024-08-26,0,3,clean_time_group_tuned,0.04007338859880915
TR-006657,TR-C01033,2024-08-26,0,3,clean_time_group_tuned,0.0318510431444603
TR-008784,TR-C05561,2024-08-26,0,3,clean_time_group_tuned,0.038113160717017154
TR-009245,TR-C01811,2024-08-26,0,3,clean_time_group_tuned,0.03827134140337222
TR-000336,TR-C06318,2024-08-27,0,3,clean_time_group_tuned,0.04581312375084047
TR-001179,TR-C05430,2024-08-27,0,3,clean_time_group_tuned,0.04498422090727656
TR-002368,TR-C05110,2024-08-27,1,3,clean_time_group_tuned,0.08785027339645038
TR-003225,TR-C02418,2024-08-27,0,3,clean_time_group_tuned,0.06320526870725922
TR-003677,TR-C00278,2024-08-27,0,3,clean_time_group_tuned,0.03981077774881077
TR-003982,TR-C01096,2024-08-27,0,3,clean_time_group_tuned,0.32752817004795026
TR-005829,TR-C00745,2024-08-27,0,3,clean_time_group_tuned,0.04161178099929596
TR-006128,TR-C05969,2024-08-27,0,3,clean_time_group_tuned,0.023289283108563968
TR-007134,TR-C01910,2024-08-27,0,3,clean_time_group_tuned,0.040687139073176705
TR-007221,TR-C05405,2024-08-27,0,3,clean_time_group_tuned,0.046614683508757845
TR-007597,TR-C06222,2024-08-27,0,3,clean_time_group_tuned,0.0676416650405822
TR-008687,TR-C04740,2024-08-27,0,3,clean_time_group_tuned,0.024463052086226508
TR-009607,TR-C05587,2024-08-27,0,3,clean_time_group_tuned,0.30410319657016854
TR-000430,TR-C01840,2024-08-28,0,3,clean_time_group_tuned,0.03052582669476995
TR-001528,TR-C02281,2024-08-28,0,3,clean_time_group_tuned,0.03935279306984383
TR-003443,TR-C05553,2024-08-28,0,3,clean_time_group_tuned,0.03264078632516582
TR-005179,TR-C04299,2024-08-28,0,3,clean_time_group_tuned,0.07052960809799513
TR-005297,TR-C02893,2024-08-28,0,3,clean_time_group_tuned,0.036672001870454024
TR-006360,TR-C01284,2024-08-28,1,3,clean_time_group_tuned,0.03194437677222808
TR-006833,TR-C04234,2024-08-28,0,3,clean_time_group_tuned,0.10899807694188901
TR-007011,TR-C00397,2024-08-28,0,3,clean_time_group_tuned,0.08202587935754692
TR-007365,TR-C02732,2024-08-28,0,3,clean_time_group_tuned,0.041021309704319886
TR-008040,TR-C05186,2024-08-28,0,3,clean_time_group_tuned,0.12886462653042666
TR-008682,TR-C02950,2024-08-28,0,3,clean_time_group_tuned,0.2131997305941612
TR-008720,TR-C06421,2024-08-28,0,3,clean_time_group_tuned,0.04078704314143464
TR-009074,TR-C00191,2024-08-28,0,3,clean_time_group_tuned,0.07678979377128119
TR-009166,TR-C01646,2024-08-28,0,3,clean_time_group_tuned,0.02878125951623491
TR-000531,TR-C03271,2024-08-29,0,3,clean_time_group_tuned,0.039740064891670104
TR-000738,TR-C04177,2024-08-29,0,3,clean_time_group_tuned,0.026804744327975895
TR-001184,TR-C05096,2024-08-29,0,3,clean_time_group_tuned,0.05335387682979095
TR-001359,TR-C01910,2024-08-29,0,3,clean_time_group_tuned,0.052701827110900094
TR-002857,TR-C01455,2024-08-29,0,3,clean_time_group_tuned,0.10649920502144597
TR-002951,TR-C05838,2024-08-29,0,3,clean_time_group_tuned,0.036755082384210346
TR-004389,TR-C05201,2024-08-29,0,3,clean_time_group_tuned,0.04642282707836261
TR-005219,TR-C01795,2024-08-29,0,3,clean_time_group_tuned,0.047457135036657355
TR-006469,TR-C04483,2024-08-29,0,3,clean_time_group_tuned,0.02680798757050218
TR-008350,TR-C06080,2024-08-29,0,3,clean_time_group_tuned,0.03157421178966745
TR-009154,TR-C00479,2024-08-29,0,3,clean_time_group_tuned,0.03370665294243374
TR-000044,TR-C01277,2024-08-30,0,3,clean_time_group_tuned,0.05578168421063977
TR-000102,TR-C02850,2024-08-30,0,3,clean_time_group_tuned,0.048090208510375466
TR-000145,TR-C01976,2024-08-30,0,3,clean_time_group_tuned,0.04600059027038709
TR-001478,TR-C05605,2024-08-30,1,3,clean_time_group_tuned,0.028003464274486575
TR-001505,TR-C03205,2024-08-30,0,3,clean_time_group_tuned,0.13298823206104243
TR-002295,TR-C03366,2024-08-30,0,3,clean_time_group_tuned,0.03702329055137965
TR-003637,TR-C01128,2024-08-30,0,3,clean_time_group_tuned,0.021582175693093696
TR-003911,TR-C03096,2024-08-30,0,3,clean_time_group_tuned,0.06501710975002692
TR-005648,TR-C01709,2024-08-30,0,3,clean_time_group_tuned,0.03218450211882668
TR-009296,TR-C01517,2024-08-30,0,3,clean_time_group_tuned,0.05490121184266828
TR-001045,TR-C01695,2024-08-31,0,3,clean_time_group_tuned,0.04636568660480841
TR-004836,TR-C02886,2024-08-31,0,3,clean_time_group_tuned,0.036108393890097075
TR-007852,TR-C05822,2024-08-31,0,3,clean_time_group_tuned,0.074839981360093
TR-009710,TR-C00545,2024-08-31,0,3,clean_time_group_tuned,0.042933009072310443
TR-000011,TR-C04560,2024-09-01,0,3,clean_time_group_tuned,0.07264131837403388
TR-000395,TR-C04147,2024-09-01,0,3,clean_time_group_tuned,0.07208701775439146
TR-001165,TR-C02988,2024-09-01,0,3,clean_time_group_tuned,0.19159721838751756
TR-001519,TR-C02218,2024-09-01,0,3,clean_time_group_tuned,0.03513174140593363
TR-003244,TR-C01039,2024-09-01,0,3,clean_time_group_tuned,0.029734251010359022
TR-004259,TR-C04826,2024-09-01,0,3,clean_time_group_tuned,0.03907507407273156
TR-005470,TR-C05710,2024-09-01,0,3,clean_time_group_tuned,0.031145295487255524
TR-005505,TR-C00510,2024-09-01,0,3,clean_time_group_tuned,0.24922747378721796
TR-006714,TR-C06373,2024-09-01,0,3,clean_time_group_tuned,0.0354126442908673
TR-007114,TR-C01550,2024-09-01,0,3,clean_time_group_tuned,0.08557569036781978
TR-007266,TR-C04112,2024-09-01,0,3,clean_time_group_tuned,0.07241836516449694
TR-007568,TR-C02293,2024-09-01,0,3,clean_time_group_tuned,0.11097033029341566
TR-009235,TR-C01934,2024-09-01,0,3,clean_time_group_tuned,0.1984014352103372
TR-009269,TR-C06420,2024-09-01,0,3,clean_time_group_tuned,0.0793055538080749
TR-000550,TR-C05746,2024-09-02,0,3,clean_time_group_tuned,0.4303414109525236
TR-002190,TR-C02412,2024-09-02,0,3,clean_time_group_tuned,0.1624459819130132
TR-002339,TR-C05226,2024-09-02,0,3,clean_time_group_tuned,0.029457480953984976
TR-003322,TR-C02552,2024-09-02,0,3,clean_time_group_tuned,0.06438731943215963
TR-005298,TR-C03654,2024-09-02,0,3,clean_time_group_tuned,0.25347320136943796
TR-005949,TR-C00678,2024-09-02,0,3,clean_time_group_tuned,0.03035928889296492
TR-008554,TR-C06454,2024-09-02,0,3,clean_time_group_tuned,0.03524089073170155
TR-009318,TR-C04405,2024-09-02,0,3,clean_time_group_tuned,0.031426538432801715
TR-009585,TR-C03207,2024-09-02,1,3,clean_time_group_tuned,0.3138744073170986
TR-002902,TR-C01010,2024-09-03,0,3,clean_time_group_tuned,0.1517771753598215
TR-007892,TR-C03068,2024-09-03,0,3,clean_time_group_tuned,0.09306733966743469
TR-008345,TR-C02382,2024-09-03,0,3,clean_time_group_tuned,0.026000591438067683
TR-008458,TR-C01156,2024-09-03,0,3,clean_time_group_tuned,0.029903790358739375
TR-009572,TR-C05758,2024-09-03,0,3,clean_time_group_tuned,0.036141874733919395
TR-002233,TR-C06273,2024-09-04,0,3,clean_time_group_tuned,0.03404597876291561
TR-003226,TR-C02718,2024-09-04,0,3,clean_time_group_tuned,0.044210361802910686
TR-004556,TR-C04986,2024-09-04,0,3,clean_time_group_tuned,0.038466560728056196
TR-005050,TR-C05799,2024-09-04,0,3,clean_time_group_tuned,0.15077560916312302
TR-005741,TR-C00841,2024-09-04,0,3,clean_time_group_tuned,0.03423923105792587
TR-006126,TR-C00072,2024-09-04,0,3,clean_time_group_tuned,0.09722511247809193
TR-006197,TR-C05371,2024-09-04,0,3,clean_time_group_tuned,0.03555486339860223
TR-006218,TR-C00085,2024-09-04,0,3,clean_time_group_tuned,0.029926384621809243
TR-006638,TR-C04728,2024-09-04,0,3,clean_time_group_tuned,0.037221709547974755
TR-006661,TR-C03825,2024-09-04,1,3,clean_time_group_tuned,0.5401180779432715
TR-009486,TR-C02198,2024-09-04,0,3,clean_time_group_tuned,0.07089018977361582
TR-000742,TR-C01597,2024-09-05,0,3,clean_time_group_tuned,0.04218799134597378
TR-000748,TR-C04838,2024-09-05,0,3,clean_time_group_tuned,0.02525004344255297
TR-001488,TR-C02201,2024-09-05,0,3,clean_time_group_tuned,0.037813614845174155
TR-003517,TR-C02427,2024-09-05,0,3,clean_time_group_tuned,0.025211310692008403
TR-005020,TR-C03779,2024-09-05,0,3,clean_time_group_tuned,0.04456921686848308
TR-005698,TR-C01242,2024-09-05,0,3,clean_time_group_tuned,0.1512493560685186
TR-006366,TR-C01130,2024-09-05,0,3,clean_time_group_tuned,0.04250350064524109
TR-000952,TR-C01664,2024-09-06,1,3,clean_time_group_tuned,0.1848365711577696
TR-001141,TR-C03693,2024-09-06,0,3,clean_time_group_tuned,0.03572400829112853
TR-001812,TR-C02145,2024-09-06,0,3,clean_time_group_tuned,0.06510881520122205
TR-002838,TR-C02497,2024-09-06,0,3,clean_time_group_tuned,0.03050682318896807
TR-003524,TR-C03244,2024-09-06,1,3,clean_time_group_tuned,0.0822541544349978
TR-003791,TR-C02733,2024-09-06,0,3,clean_time_group_tuned,0.04677983331512287
TR-004864,TR-C04505,2024-09-06,0,3,clean_time_group_tuned,0.03547396196240761
TR-005096,TR-C01111,2024-09-06,0,3,clean_time_group_tuned,0.032420700481836526
TR-006407,TR-C00296,2024-09-06,0,3,clean_time_group_tuned,0.026787115202760836
TR-008607,TR-C05142,2024-09-06,0,3,clean_time_group_tuned,0.09982632729136008
TR-009462,TR-C03563,2024-09-06,0,3,clean_time_group_tuned,0.07662286466325845
TR-000390,TR-C00623,2024-09-07,0,3,clean_time_group_tuned,0.03973054785945012
TR-000446,TR-C05868,2024-09-07,0,3,clean_time_group_tuned,0.024943012240539426
TR-000874,TR-C03506,2024-09-07,0,3,clean_time_group_tuned,0.09664250053917464
TR-002586,TR-C06263,2024-09-07,0,3,clean_time_group_tuned,0.10918636755164934
TR-002645,TR-C00003,2024-09-07,0,3,clean_time_group_tuned,0.045559389881738306
TR-004977,TR-C06246,2024-09-07,0,3,clean_time_group_tuned,0.47412448589196077
TR-005691,TR-C02312,2024-09-07,0,3,clean_time_group_tuned,0.031204097469039932
TR-006147,TR-C04434,2024-09-07,0,3,clean_time_group_tuned,0.031124060267359276
TR-006161,TR-C01331,2024-09-07,0,3,clean_time_group_tuned,0.16412730826486474
TR-007353,TR-C04744,2024-09-07,1,3,clean_time_group_tuned,0.043485259001483374
TR-007652,TR-C05187,2024-09-07,0,3,clean_time_group_tuned,0.050865841888107784
TR-007683,TR-C01775,2024-09-07,0,3,clean_time_group_tuned,0.04375805686405469
TR-000401,TR-C02203,2024-09-08,0,3,clean_time_group_tuned,0.03666326350860289
TR-001840,TR-C03857,2024-09-08,0,3,clean_time_group_tuned,0.2212698530503763
TR-004240,TR-C03004,2024-09-08,0,3,clean_time_group_tuned,0.03872733018772941
TR-004421,TR-C00624,2024-09-08,0,3,clean_time_group_tuned,0.04847844277632084
TR-004562,TR-C05670,2024-09-08,0,3,clean_time_group_tuned,0.15481482261868282
TR-005797,TR-C04938,2024-09-08,0,3,clean_time_group_tuned,0.04575449803609229
TR-007157,TR-C04069,2024-09-08,0,3,clean_time_group_tuned,0.02696739008432517
TR-007171,TR-C04620,2024-09-08,0,3,clean_time_group_tuned,0.11777176313995205
TR-009437,TR-C06152,2024-09-08,0,3,clean_time_group_tuned,0.039040978261615095
TR-001916,TR-C02918,2024-09-09,0,3,clean_time_group_tuned,0.02740097529758932
TR-003751,TR-C02624,2024-09-09,0,3,clean_time_group_tuned,0.022180649740791755
TR-004141,TR-C00999,2024-09-09,0,3,clean_time_group_tuned,0.15772137283361617
TR-004703,TR-C04340,2024-09-09,0,3,clean_time_group_tuned,0.03456131974204255
TR-005230,TR-C04972,2024-09-09,0,3,clean_time_group_tuned,0.23215469228522917
TR-007989,TR-C03885,2024-09-09,0,3,clean_time_group_tuned,0.033385064130280334
TR-009082,TR-C00339,2024-09-09,0,3,clean_time_group_tuned,0.024977854801449095
TR-000775,TR-C05057,2024-09-10,0,3,clean_time_group_tuned,0.039736279367103736
TR-003822,TR-C03561,2024-09-10,1,3,clean_time_group_tuned,0.0879503938821087
TR-008276,TR-C05222,2024-09-10,0,3,clean_time_group_tuned,0.055135786863133134
TR-009831,TR-C01351,2024-09-10,0,3,clean_time_group_tuned,0.1597114378828346
TR-000565,TR-C04206,2024-09-11,0,3,clean_time_group_tuned,0.04909240418779677
TR-001377,TR-C03451,2024-09-11,0,3,clean_time_group_tuned,0.07364861876602186
TR-001611,TR-C03803,2024-09-11,1,3,clean_time_group_tuned,0.040254884721117
TR-006115,TR-C03812,2024-09-11,1,3,clean_time_group_tuned,0.03165257642729063
TR-006992,TR-C05605,2024-09-11,0,3,clean_time_group_tuned,0.025549459740087346
TR-008642,TR-C04659,2024-09-11,0,3,clean_time_group_tuned,0.05398002427968395
TR-009334,TR-C03465,2024-09-11,0,3,clean_time_group_tuned,0.11581161496621382
TR-000004,TR-C04828,2024-09-12,1,3,clean_time_group_tuned,0.04721263723526291
TR-000345,TR-C02757,2024-09-12,0,3,clean_time_group_tuned,0.07456390909901246
TR-000575,TR-C02700,2024-09-12,0,3,clean_time_group_tuned,0.03414265297252402
TR-001369,TR-C00000,2024-09-12,0,3,clean_time_group_tuned,0.039894551200009336
TR-004097,TR-C06076,2024-09-12,1,3,clean_time_group_tuned,0.11640474241447067
TR-004393,TR-C05995,2024-09-12,0,3,clean_time_group_tuned,0.08184835653036641
TR-004407,TR-C01809,2024-09-12,0,3,clean_time_group_tuned,0.04633210962268435
TR-006470,TR-C00306,2024-09-12,0,3,clean_time_group_tuned,0.2617727613690192
TR-007119,TR-C01083,2024-09-12,0,3,clean_time_group_tuned,0.16180697276596717
TR-007911,TR-C05234,2024-09-12,0,3,clean_time_group_tuned,0.0798436809450745
TR-008769,TR-C03399,2024-09-12,0,3,clean_time_group_tuned,0.030343146559864292
TR-008905,TR-C02541,2024-09-12,0,3,clean_time_group_tuned,0.04648738475425842
TR-009937,TR-C01075,2024-09-12,0,3,clean_time_group_tuned,0.09050595381628139
TR-000016,TR-C02179,2024-09-13,0,3,clean_time_group_tuned,0.2203841970358468
TR-002928,TR-C01635,2024-09-13,0,3,clean_time_group_tuned,0.03192886567718487
TR-004511,TR-C04780,2024-09-13,0,3,clean_time_group_tuned,0.04038197929080235
TR-004570,TR-C06195,2024-09-13,0,3,clean_time_group_tuned,0.035203466743173276
TR-005181,TR-C00120,2024-09-13,1,3,clean_time_group_tuned,0.1256583897827479
TR-007717,TR-C04564,2024-09-13,0,3,clean_time_group_tuned,0.41541377770114
TR-008549,TR-C00716,2024-09-13,1,3,clean_time_group_tuned,0.2577158156493414
TR-001317,TR-C05910,2024-09-14,0,3,clean_time_group_tuned,0.05270279746029677
TR-001629,TR-C02882,2024-09-14,0,3,clean_time_group_tuned,0.043523990804137346
TR-001837,TR-C00687,2024-09-14,0,3,clean_time_group_tuned,0.02387161158233193
TR-002960,TR-C01149,2024-09-14,0,3,clean_time_group_tuned,0.03270796381254567
TR-005738,TR-C01322,2024-09-14,0,3,clean_time_group_tuned,0.030730064145720458
TR-006288,TR-C03228,2024-09-14,0,3,clean_time_group_tuned,0.043148383418150374
TR-006934,TR-C06082,2024-09-14,1,3,clean_time_group_tuned,0.49700180988411113
TR-007490,TR-C01164,2024-09-14,0,3,clean_time_group_tuned,0.040340682038750006
TR-007515,TR-C02774,2024-09-14,0,3,clean_time_group_tuned,0.03361082020411269
TR-008186,TR-C01356,2024-09-14,0,3,clean_time_group_tuned,0.07362012395322513
TR-008494,TR-C04306,2024-09-14,0,3,clean_time_group_tuned,0.03871270375567431
TR-008991,TR-C02848,2024-09-14,0,3,clean_time_group_tuned,0.04135207291627996
TR-009615,TR-C03053,2024-09-14,0,3,clean_time_group_tuned,0.021002383930801824
TR-000608,TR-C03408,2024-09-15,0,3,clean_time_group_tuned,0.10100672180546383
TR-000844,TR-C02240,2024-09-15,0,3,clean_time_group_tuned,0.07002667981460907
TR-001635,TR-C03912,2024-09-15,1,3,clean_time_group_tuned,0.06284963478873591
TR-003168,TR-C00692,2024-09-15,1,3,clean_time_group_tuned,0.0747739118066521
TR-003886,TR-C03530,2024-09-15,0,3,clean_time_group_tuned,0.14052617611112556
TR-004297,TR-C04636,2024-09-15,0,3,clean_time_group_tuned,0.2873784973234341
TR-005459,TR-C05587,2024-09-15,0,3,clean_time_group_tuned,0.14005035367386678
TR-008744,TR-C02671,2024-09-15,0,3,clean_time_group_tuned,0.031004557207443734
TR-009070,TR-C04603,2024-09-15,0,3,clean_time_group_tuned,0.026221076691341834
TR-009253,TR-C02676,2024-09-15,0,3,clean_time_group_tuned,0.03723552674456139
TR-009459,TR-C06428,2024-09-15,0,3,clean_time_group_tuned,0.08286597150611007
TR-000285,TR-C06118,2024-09-16,0,3,clean_time_group_tuned,0.03983220961521004
TR-001426,TR-C04064,2024-09-16,0,3,clean_time_group_tuned,0.04056793393913098
TR-004089,TR-C04761,2024-09-16,0,3,clean_time_group_tuned,0.029115040166366013
TR-004168,TR-C01268,2024-09-16,0,3,clean_time_group_tuned,0.15484737582151067
TR-004319,TR-C01987,2024-09-16,0,3,clean_time_group_tuned,0.10685486621149236
TR-005412,TR-C02517,2024-09-16,0,3,clean_time_group_tuned,0.03553022613763389
TR-005600,TR-C05168,2024-09-16,0,3,clean_time_group_tuned,0.03843529756993718
TR-006255,TR-C05958,2024-09-16,0,3,clean_time_group_tuned,0.060877381306011356
TR-007194,TR-C01532,2024-09-16,0,3,clean_time_group_tuned,0.034195492023052936
TR-008092,TR-C04945,2024-09-16,0,3,clean_time_group_tuned,0.024439997754441656
TR-009983,TR-C00929,2024-09-16,0,3,clean_time_group_tuned,0.025062406809468682
TR-000188,TR-C04538,2024-09-17,0,3,clean_time_group_tuned,0.06478373762699192
TR-001140,TR-C04909,2024-09-17,0,3,clean_time_group_tuned,0.030667850403957985
TR-001324,TR-C01990,2024-09-17,0,3,clean_time_group_tuned,0.033165658340262395
TR-002729,TR-C00372,2024-09-17,0,3,clean_time_group_tuned,0.04013708458906075
TR-002755,TR-C02422,2024-09-17,0,3,clean_time_group_tuned,0.11077520422462957
TR-004055,TR-C00736,2024-09-17,0,3,clean_time_group_tuned,0.16388778344621094
TR-004628,TR-C06344,2024-09-17,1,3,clean_time_group_tuned,0.18317170267003235
TR-004846,TR-C05995,2024-09-17,0,3,clean_time_group_tuned,0.033368678889330726
TR-005920,TR-C00958,2024-09-17,0,3,clean_time_group_tuned,0.10355569457465325
TR-006613,TR-C06056,2024-09-17,0,3,clean_time_group_tuned,0.05350696828636631
TR-007025,TR-C02363,2024-09-17,0,3,clean_time_group_tuned,0.1018695140180626
TR-008512,TR-C04466,2024-09-17,0,3,clean_time_group_tuned,0.09805128106904827
TR-009370,TR-C02899,2024-09-17,0,3,clean_time_group_tuned,0.02321724792837943
TR-009426,TR-C03663,2024-09-17,0,3,clean_time_group_tuned,0.04151421651262062
TR-009626,TR-C05116,2024-09-17,0,3,clean_time_group_tuned,0.03722377407471431
TR-000857,TR-C00761,2024-09-18,0,3,clean_time_group_tuned,0.07443785897822103
TR-001904,TR-C03694,2024-09-18,0,3,clean_time_group_tuned,0.04780916078372367
TR-003432,TR-C05621,2024-09-18,0,3,clean_time_group_tuned,0.04644928731186266
TR-005973,TR-C00577,2024-09-18,0,3,clean_time_group_tuned,0.021880920663918058
TR-007547,TR-C02877,2024-09-18,1,3,clean_time_group_tuned,0.10222709366759956
TR-008298,TR-C03259,2024-09-18,0,3,clean_time_group_tuned,0.04336754877257643
TR-008783,TR-C06344,2024-09-18,0,3,clean_time_group_tuned,0.034605336745013086
TR-009822,TR-C02446,2024-09-18,1,3,clean_time_group_tuned,0.44589535298254535
TR-000053,TR-C01406,2024-09-19,0,3,clean_time_group_tuned,0.03824043062502662
TR-000503,TR-C04515,2024-09-19,0,3,clean_time_group_tuned,0.03687149717847253
TR-000636,TR-C03962,2024-09-19,0,3,clean_time_group_tuned,0.04218408818736204
TR-000673,TR-C01234,2024-09-19,0,3,clean_time_group_tuned,0.021310343089830812
TR-001972,TR-C02718,2024-09-19,0,3,clean_time_group_tuned,0.04934470656649794
TR-002002,TR-C00943,2024-09-19,0,3,clean_time_group_tuned,0.03607441847570179
TR-002464,TR-C01351,2024-09-19,0,3,clean_time_group_tuned,0.09204281902801999
TR-002930,TR-C00439,2024-09-19,0,3,clean_time_group_tuned,0.07922009297507203
TR-003413,TR-C04265,2024-09-19,0,3,clean_time_group_tuned,0.1559970405747447
TR-004381,TR-C05225,2024-09-19,0,3,clean_time_group_tuned,0.22029391403526072
TR-005719,TR-C03314,2024-09-19,0,3,clean_time_group_tuned,0.1385241437417588
TR-005971,TR-C03587,2024-09-19,0,3,clean_time_group_tuned,0.09592965088080363
TR-006314,TR-C05709,2024-09-19,1,3,clean_time_group_tuned,0.24218769259744657
TR-007330,TR-C03745,2024-09-19,0,3,clean_time_group_tuned,0.049266103183320586
TR-009363,TR-C02432,2024-09-19,0,3,clean_time_group_tuned,0.029377746348515265
TR-004313,TR-C01885,2024-09-20,0,3,clean_time_group_tuned,0.028290206085585495
TR-004567,TR-C05459,2024-09-20,0,3,clean_time_group_tuned,0.06710202861264215
TR-006082,TR-C00464,2024-09-20,0,3,clean_time_group_tuned,0.08896188707055841
TR-006119,TR-C01108,2024-09-20,0,3,clean_time_group_tuned,0.03993225213347673
TR-006981,TR-C04376,2024-09-20,0,3,clean_time_group_tuned,0.03659742174533883
TR-000734,TR-C04463,2024-09-21,0,3,clean_time_group_tuned,0.040633413503706195
TR-002576,TR-C05807,2024-09-21,0,3,clean_time_group_tuned,0.07108288804986933
TR-002929,TR-C01830,2024-09-21,0,3,clean_time_group_tuned,0.0377553493410653
TR-003138,TR-C00603,2024-09-21,0,3,clean_time_group_tuned,0.1600221589855086
TR-003174,TR-C03332,2024-09-21,0,3,clean_time_group_tuned,0.06702096799589188
TR-006381,TR-C03469,2024-09-21,0,3,clean_time_group_tuned,0.03185903738976945
TR-008103,TR-C03481,2024-09-21,0,3,clean_time_group_tuned,0.20949164028882575
TR-009640,TR-C05976,2024-09-21,0,3,clean_time_group_tuned,0.07035109198505132
TR-009997,TR-C01945,2024-09-21,0,3,clean_time_group_tuned,0.03270775021124933
TR-002305,TR-C02241,2024-09-22,0,3,clean_time_group_tuned,0.050550031697553864
TR-004176,TR-C06301,2024-09-22,0,3,clean_time_group_tuned,0.029400347288876402
TR-004594,TR-C02385,2024-09-22,0,3,clean_time_group_tuned,0.0389254425444435
TR-005240,TR-C02977,2024-09-22,0,3,clean_time_group_tuned,0.026610623514503717
TR-005410,TR-C01844,2024-09-22,0,3,clean_time_group_tuned,0.031700262842488454
TR-006808,TR-C03011,2024-09-22,0,3,clean_time_group_tuned,0.03081212731035248
TR-007583,TR-C00115,2024-09-22,0,3,clean_time_group_tuned,0.03883712428160322
TR-009368,TR-C03723,2024-09-22,0,3,clean_time_group_tuned,0.05135939095419606
TR-001456,TR-C00160,2024-09-23,1,3,clean_time_group_tuned,0.028684447095358903
TR-001959,TR-C06462,2024-09-23,0,3,clean_time_group_tuned,0.03627806982836504
TR-002814,TR-C01691,2024-09-23,1,3,clean_time_group_tuned,0.3076394945007645
TR-002962,TR-C04270,2024-09-23,0,3,clean_time_group_tuned,0.028052099500720268
TR-003688,TR-C03976,2024-09-23,0,3,clean_time_group_tuned,0.043763706399182215
TR-004973,TR-C00136,2024-09-23,0,3,clean_time_group_tuned,0.06230918435586925
TR-005317,TR-C03597,2024-09-23,0,3,clean_time_group_tuned,0.11097256293885556
TR-006656,TR-C01765,2024-09-23,0,3,clean_time_group_tuned,0.04968579306392971
TR-007457,TR-C03517,2024-09-23,0,3,clean_time_group_tuned,0.033087055878381996
TR-007711,TR-C03767,2024-09-23,0,3,clean_time_group_tuned,0.07454762096282008
TR-008380,TR-C00631,2024-09-23,0,3,clean_time_group_tuned,0.04724286422420283
TR-008600,TR-C00400,2024-09-23,0,3,clean_time_group_tuned,0.021998979649963876
TR-008780,TR-C06095,2024-09-23,0,3,clean_time_group_tuned,0.036662536092349415
TR-009605,TR-C05629,2024-09-23,0,3,clean_time_group_tuned,0.10124931321402716
TR-000937,TR-C05811,2024-09-24,0,3,clean_time_group_tuned,0.05603773120576403
TR-004663,TR-C05960,2024-09-24,1,3,clean_time_group_tuned,0.20660882934735428
TR-004811,TR-C05413,2024-09-24,0,3,clean_time_group_tuned,0.11332620001326554
TR-004862,TR-C04762,2024-09-24,0,3,clean_time_group_tuned,0.029340203764673948
TR-005188,TR-C02693,2024-09-24,0,3,clean_time_group_tuned,0.2845468008289357
TR-005358,TR-C02299,2024-09-24,0,3,clean_time_group_tuned,0.029872478819760115
TR-005764,TR-C05828,2024-09-24,0,3,clean_time_group_tuned,0.10062301740789907
TR-007795,TR-C01313,2024-09-24,1,3,clean_time_group_tuned,0.36952133902205325
TR-008098,TR-C05967,2024-09-24,0,3,clean_time_group_tuned,0.05761508158232831
TR-008158,TR-C03231,2024-09-24,0,3,clean_time_group_tuned,0.030792619783370345
TR-002260,TR-C03419,2024-09-25,0,3,clean_time_group_tuned,0.027148928060432984
TR-002512,TR-C03507,2024-09-25,0,3,clean_time_group_tuned,0.2674680750141142
TR-004036,TR-C02869,2024-09-25,0,3,clean_time_group_tuned,0.04243483232757459
TR-005904,TR-C00945,2024-09-25,0,3,clean_time_group_tuned,0.06726908059125121
TR-007094,TR-C03331,2024-09-25,0,3,clean_time_group_tuned,0.09066986876352366
TR-007620,TR-C01175,2024-09-25,0,3,clean_time_group_tuned,0.03101631537327436
TR-008502,TR-C03238,2024-09-25,0,3,clean_time_group_tuned,0.13323419212204357
TR-009656,TR-C04298,2024-09-25,0,3,clean_time_group_tuned,0.09641476695074316
TR-009698,TR-C04644,2024-09-25,0,3,clean_time_group_tuned,0.34770451032409605
TR-000412,TR-C05237,2024-09-26,0,3,clean_time_group_tuned,0.2399984703685441
TR-000916,TR-C01531,2024-09-26,0,3,clean_time_group_tuned,0.03855056490910472
TR-004544,TR-C00317,2024-09-26,0,3,clean_time_group_tuned,0.02160540838643664
TR-004970,TR-C01045,2024-09-26,0,3,clean_time_group_tuned,0.03318986216744913
TR-004986,TR-C05086,2024-09-26,0,3,clean_time_group_tuned,0.02753806837534277
TR-005248,TR-C05212,2024-09-26,0,3,clean_time_group_tuned,0.0671295710998437
TR-006185,TR-C05938,2024-09-26,0,3,clean_time_group_tuned,0.5530391721392285
TR-006974,TR-C03657,2024-09-26,0,3,clean_time_group_tuned,0.021868836825389617
TR-008671,TR-C03120,2024-09-26,0,3,clean_time_group_tuned,0.03854087712998784
TR-000504,TR-C00955,2024-09-27,0,3,clean_time_group_tuned,0.03429766434004714
TR-001136,TR-C00993,2024-09-27,0,3,clean_time_group_tuned,0.05078339757349548
TR-001776,TR-C03470,2024-09-27,0,3,clean_time_group_tuned,0.04101728569262934
TR-002666,TR-C01216,2024-09-27,0,3,clean_time_group_tuned,0.02620151154896372
TR-007293,TR-C01905,2024-09-27,0,3,clean_time_group_tuned,0.25101689753249623
TR-007418,TR-C00801,2024-09-27,0,3,clean_time_group_tuned,0.09537211603478343
TR-007548,TR-C03370,2024-09-27,0,3,clean_time_group_tuned,0.037946592683306406
TR-008935,TR-C05030,2024-09-27,0,3,clean_time_group_tuned,0.05940223651946156
TR-008964,TR-C05516,2024-09-27,0,3,clean_time_group_tuned,0.029942896200636566
TR-000381,TR-C02096,2024-09-28,0,3,clean_time_group_tuned,0.04317597803377019
TR-002467,TR-C04803,2024-09-28,0,3,clean_time_group_tuned,0.04109923293831163
TR-004671,TR-C03404,2024-09-28,0,3,clean_time_group_tuned,0.05701212093947078
TR-004760,TR-C06084,2024-09-28,0,3,clean_time_group_tuned,0.024465157771583836
TR-005062,TR-C03412,2024-09-28,0,3,clean_time_group_tuned,0.040391997849952885
TR-006601,TR-C05951,2024-09-28,0,3,clean_time_group_tuned,0.030526007022815257
TR-008459,TR-C05456,2024-09-28,0,3,clean_time_group_tuned,0.1473312665785518
TR-008736,TR-C00360,2024-09-28,0,3,clean_time_group_tuned,0.05249670982199245
TR-008747,TR-C06020,2024-09-28,0,3,clean_time_group_tuned,0.18649361120942756
TR-000124,TR-C00503,2024-09-29,0,3,clean_time_group_tuned,0.037511843735341166
TR-001169,TR-C05502,2024-09-29,0,3,clean_time_group_tuned,0.0514841423446812
TR-003749,TR-C04047,2024-09-29,0,3,clean_time_group_tuned,0.2864031840470689
TR-005380,TR-C01796,2024-09-29,0,3,clean_time_group_tuned,0.028992300035887476
TR-007538,TR-C00628,2024-09-29,0,3,clean_time_group_tuned,0.034435460081177836
TR-008680,TR-C03133,2024-09-29,0,3,clean_time_group_tuned,0.027745335466892326
TR-008750,TR-C00295,2024-09-29,0,3,clean_time_group_tuned,0.15918016841192212
TR-002082,TR-C04540,2024-09-30,0,3,clean_time_group_tuned,0.03779527038765688
TR-002270,TR-C02004,2024-09-30,0,3,clean_time_group_tuned,0.03371902000265723
TR-003040,TR-C01954,2024-09-30,0,3,clean_time_group_tuned,0.03622192088456071
TR-003674,TR-C02918,2024-09-30,0,3,clean_time_group_tuned,0.024150338515414732
TR-003724,TR-C06215,2024-09-30,0,3,clean_time_group_tuned,0.028962060689810675
TR-007492,TR-C05457,2024-09-30,0,3,clean_time_group_tuned,0.03382751899112091
TR-009263,TR-C00210,2024-09-30,0,3,clean_time_group_tuned,0.055213996113942
TR-000661,TR-C00709,2024-10-01,0,3,clean_time_group_tuned,0.0427422351010668
TR-001386,TR-C06263,2024-10-01,0,3,clean_time_group_tuned,0.032752201421772105
TR-001998,TR-C00418,2024-10-01,0,3,clean_time_group_tuned,0.2406454541257242
TR-002134,TR-C04455,2024-10-01,0,3,clean_time_group_tuned,0.02730547556231389
TR-005325,TR-C01278,2024-10-01,0,3,clean_time_group_tuned,0.024979298369846404
TR-006463,TR-C04508,2024-10-01,0,3,clean_time_group_tuned,0.035465777406516436
TR-006997,TR-C06281,2024-10-01,0,3,clean_time_group_tuned,0.06250471362185049
TR-007948,TR-C05140,2024-10-01,0,3,clean_time_group_tuned,0.13133726597889978
TR-008998,TR-C05707,2024-10-01,0,3,clean_time_group_tuned,0.023724138477994015
TR-009348,TR-C01974,2024-10-01,0,3,clean_time_group_tuned,0.038773288951389234
TR-001323,TR-C00764,2024-10-02,0,3,clean_time_group_tuned,0.03523582562778265
TR-001500,TR-C03111,2024-10-02,0,3,clean_time_group_tuned,0.07107565490053684
TR-001808,TR-C04448,2024-10-02,0,3,clean_time_group_tuned,0.026603772200604656
TR-004260,TR-C02889,2024-10-02,0,3,clean_time_group_tuned,0.04065372609646846
TR-008110,TR-C06125,2024-10-02,0,3,clean_time_group_tuned,0.10520358855775258
TR-008611,TR-C06179,2024-10-02,0,3,clean_time_group_tuned,0.03854382046745934
TR-000403,TR-C00560,2024-10-03,0,3,clean_time_group_tuned,0.03187012083554774
TR-001267,TR-C02004,2024-10-03,0,3,clean_time_group_tuned,0.02832797148892263
TR-001383,TR-C04701,2024-10-03,0,3,clean_time_group_tuned,0.039684790439111085
TR-002004,TR-C01001,2024-10-03,0,3,clean_time_group_tuned,0.05735876864028928
TR-002090,TR-C05389,2024-10-03,0,3,clean_time_group_tuned,0.03126641765089226
TR-002414,TR-C02354,2024-10-03,0,3,clean_time_group_tuned,0.021341118796585408
TR-002676,TR-C04307,2024-10-03,0,3,clean_time_group_tuned,0.02517889519420276
TR-003190,TR-C05733,2024-10-03,0,3,clean_time_group_tuned,0.031246251656768215
TR-003625,TR-C02550,2024-10-03,0,3,clean_time_group_tuned,0.03920557783483203
TR-004887,TR-C06182,2024-10-03,1,3,clean_time_group_tuned,0.03492491477570143
TR-006650,TR-C03736,2024-10-03,0,3,clean_time_group_tuned,0.027752661892461287
TR-007999,TR-C04010,2024-10-03,0,3,clean_time_group_tuned,0.049071605091673826
TR-008944,TR-C04748,2024-10-03,0,3,clean_time_group_tuned,0.060574168280042334
TR-000073,TR-C03430,2024-10-04,0,3,clean_time_group_tuned,0.023539954524999924
TR-001859,TR-C05392,2024-10-04,0,3,clean_time_group_tuned,0.11692183261294717
TR-002042,TR-C04554,2024-10-04,0,3,clean_time_group_tuned,0.025515154976095217
TR-003959,TR-C05443,2024-10-04,0,3,clean_time_group_tuned,0.06387143783996231
TR-004383,TR-C04825,2024-10-04,0,3,clean_time_group_tuned,0.08242007006045586
TR-004834,TR-C01833,2024-10-04,0,3,clean_time_group_tuned,0.02595450204419626
TR-006138,TR-C01509,2024-10-04,0,3,clean_time_group_tuned,0.03734789842274133
TR-006394,TR-C03680,2024-10-04,0,3,clean_time_group_tuned,0.09224532464687091
TR-006704,TR-C06475,2024-10-04,0,3,clean_time_group_tuned,0.02160540838643664
TR-007709,TR-C04606,2024-10-04,0,3,clean_time_group_tuned,0.03798507965571769
TR-008021,TR-C00094,2024-10-04,0,3,clean_time_group_tuned,0.09444395003727372
TR-009920,TR-C02334,2024-10-04,0,3,clean_time_group_tuned,0.031158734403115198
TR-000793,TR-C02638,2024-10-05,0,3,clean_time_group_tuned,0.07533566341028379
TR-003505,TR-C02265,2024-10-05,0,3,clean_time_group_tuned,0.21843018905106448
TR-004003,TR-C00721,2024-10-05,0,3,clean_time_group_tuned,0.07490393096892525
TR-004250,TR-C02928,2024-10-05,0,3,clean_time_group_tuned,0.04984583416805542
TR-005776,TR-C04310,2024-10-05,0,3,clean_time_group_tuned,0.039410438395593245
TR-006359,TR-C05107,2024-10-05,0,3,clean_time_group_tuned,0.032282925052528146
TR-006403,TR-C05539,2024-10-05,0,3,clean_time_group_tuned,0.127817715638016
TR-007185,TR-C05592,2024-10-05,0,3,clean_time_group_tuned,0.02110514442147016
TR-007225,TR-C00433,2024-10-05,0,3,clean_time_group_tuned,0.02250650570547385
TR-008490,TR-C06029,2024-10-05,1,3,clean_time_group_tuned,0.031933584604044093
TR-009739,TR-C05245,2024-10-05,0,3,clean_time_group_tuned,0.02546217944527797
TR-001151,TR-C01625,2024-10-06,0,3,clean_time_group_tuned,0.02461627683394363
TR-001535,TR-C02114,2024-10-06,0,3,clean_time_group_tuned,0.031186036480517775
TR-003460,TR-C00738,2024-10-06,0,3,clean_time_group_tuned,0.14206092071308063
TR-004301,TR-C02916,2024-10-06,0,3,clean_time_group_tuned,0.04905728561229499
TR-004643,TR-C04040,2024-10-06,0,3,clean_time_group_tuned,0.13516585139217452
TR-006002,TR-C00407,2024-10-06,0,3,clean_time_group_tuned,0.02496301093754286
TR-006647,TR-C06224,2024-10-06,0,3,clean_time_group_tuned,0.030528689918550286
TR-006713,TR-C02728,2024-10-06,0,3,clean_time_group_tuned,0.03243770142714271
TR-007755,TR-C01468,2024-10-06,0,3,clean_time_group_tuned,0.050625666222862964
TR-008407,TR-C03674,2024-10-06,0,3,clean_time_group_tuned,0.03786927465278249
TR-009036,TR-C02011,2024-10-06,0,3,clean_time_group_tuned,0.042423661163898806
TR-009309,TR-C02326,2024-10-06,0,3,clean_time_group_tuned,0.03997124321824659
TR-000668,TR-C01759,2024-10-07,0,3,clean_time_group_tuned,0.030856536479759625
TR-001175,TR-C04238,2024-10-07,1,3,clean_time_group_tuned,0.19191602276002945
TR-001686,TR-C03449,2024-10-07,0,3,clean_time_group_tuned,0.23815127781542525
TR-002609,TR-C05147,2024-10-07,0,3,clean_time_group_tuned,0.04161714334379922
TR-003264,TR-C05020,2024-10-07,0,3,clean_time_group_tuned,0.08007657543367167
TR-004368,TR-C00967,2024-10-07,0,3,clean_time_group_tuned,0.024399295159790026
TR-005466,TR-C02031,2024-10-07,0,3,clean_time_group_tuned,0.10625439526082825
TR-006189,TR-C06292,2024-10-07,0,3,clean_time_group_tuned,0.02084811534272167
TR-006479,TR-C05551,2024-10-07,0,3,clean_time_group_tuned,0.23009045576383708
TR-007689,TR-C02051,2024-10-07,0,3,clean_time_group_tuned,0.06127017292814077
TR-008584,TR-C01412,2024-10-07,0,3,clean_time_group_tuned,0.0990616391506663
TR-008679,TR-C00226,2024-10-07,0,3,clean_time_group_tuned,0.09173696620522596
TR-008797,TR-C04402,2024-10-07,0,3,clean_time_group_tuned,0.21175441197025
TR-000152,TR-C00439,2024-10-08,0,3,clean_time_group_tuned,0.033796282669330754
TR-003115,TR-C05490,2024-10-08,0,3,clean_time_group_tuned,0.029990703979876885
TR-004445,TR-C02266,2024-10-08,0,3,clean_time_group_tuned,0.03651021636625322
TR-005713,TR-C06320,2024-10-08,1,3,clean_time_group_tuned,0.10743180808831818
TR-005942,TR-C03424,2024-10-08,0,3,clean_time_group_tuned,0.029696564104415943
TR-006302,TR-C05822,2024-10-08,0,3,clean_time_group_tuned,0.06574524454093285
TR-006745,TR-C00117,2024-10-08,0,3,clean_time_group_tuned,0.03006924333774536
TR-007551,TR-C03194,2024-10-08,0,3,clean_time_group_tuned,0.07927926139236678
TR-007863,TR-C06381,2024-10-08,0,3,clean_time_group_tuned,0.2401259792461405
TR-000854,TR-C06466,2024-10-09,0,3,clean_time_group_tuned,0.10027268297096771
TR-003759,TR-C03761,2024-10-09,0,3,clean_time_group_tuned,0.03789766805294871
TR-006954,TR-C00437,2024-10-09,0,3,clean_time_group_tuned,0.055514408749925616
TR-007051,TR-C02194,2024-10-09,0,3,clean_time_group_tuned,0.06350630598376514
TR-008917,TR-C04306,2024-10-09,0,3,clean_time_group_tuned,0.12300203454368219
TR-009335,TR-C02163,2024-10-09,0,3,clean_time_group_tuned,0.06580431871158236
TR-000325,TR-C03651,2024-10-10,0,3,clean_time_group_tuned,0.035803681820446256
TR-000773,TR-C06000,2024-10-10,0,3,clean_time_group_tuned,0.0442212605561657
TR-001523,TR-C00331,2024-10-10,0,3,clean_time_group_tuned,0.1626154073355235
TR-006338,TR-C01416,2024-10-10,0,3,clean_time_group_tuned,0.031933964936335026
TR-007990,TR-C03641,2024-10-10,0,3,clean_time_group_tuned,0.08782365947934416
TR-008543,TR-C02856,2024-10-10,0,3,clean_time_group_tuned,0.07579572226143969
TR-009002,TR-C04410,2024-10-10,0,3,clean_time_group_tuned,0.02841608938091032
TR-009891,TR-C01099,2024-10-10,0,3,clean_time_group_tuned,0.029794999471908407
TR-000458,TR-C02747,2024-10-11,1,3,clean_time_group_tuned,0.09507042202118056
TR-000462,TR-C06483,2024-10-11,1,3,clean_time_group_tuned,0.054046962658104464
TR-000539,TR-C03437,2024-10-11,0,3,clean_time_group_tuned,0.0763693115448965
TR-001253,TR-C05148,2024-10-11,0,3,clean_time_group_tuned,0.07657842309698049
TR-001563,TR-C05978,2024-10-11,0,3,clean_time_group_tuned,0.029043853018858614
TR-002376,TR-C05463,2024-10-11,0,3,clean_time_group_tuned,0.030916600176167073
TR-002592,TR-C00007,2024-10-11,0,3,clean_time_group_tuned,0.04223868930558928
TR-003035,TR-C02485,2024-10-11,0,3,clean_time_group_tuned,0.3288530634625353
TR-003703,TR-C00038,2024-10-11,0,3,clean_time_group_tuned,0.038972494802732204
TR-004865,TR-C04569,2024-10-11,0,3,clean_time_group_tuned,0.11582564371755397
TR-005533,TR-C00328,2024-10-11,1,3,clean_time_group_tuned,0.06255948006073732
TR-006561,TR-C02881,2024-10-11,0,3,clean_time_group_tuned,0.17997324918010554
TR-006837,TR-C05794,2024-10-11,0,3,clean_time_group_tuned,0.024708495907561287
TR-007500,TR-C03290,2024-10-11,0,3,clean_time_group_tuned,0.04201715944541116
TR-007742,TR-C02007,2024-10-11,0,3,clean_time_group_tuned,0.10624931923210283
TR-008242,TR-C04711,2024-10-11,0,3,clean_time_group_tuned,0.04373097200734582
TR-008658,TR-C03797,2024-10-11,0,3,clean_time_group_tuned,0.02596830487883372
TR-009108,TR-C06172,2024-10-11,0,3,clean_time_group_tuned,0.03873812014493885
TR-009784,TR-C03834,2024-10-11,0,3,clean_time_group_tuned,0.06300196405389877
TR-000487,TR-C02349,2024-10-12,0,3,clean_time_group_tuned,0.022630074338375147
TR-004025,TR-C03125,2024-10-12,0,3,clean_time_group_tuned,0.03959160495705469
TR-004507,TR-C03833,2024-10-12,0,3,clean_time_group_tuned,0.02246609114850492
TR-005721,TR-C03624,2024-10-12,0,3,clean_time_group_tuned,0.052176070356551696
TR-007142,TR-C00887,2024-10-12,1,3,clean_time_group_tuned,0.17906498853107858
TR-007245,TR-C00477,2024-10-12,0,3,clean_time_group_tuned,0.03323602124477129
TR-007579,TR-C01043,2024-10-12,0,3,clean_time_group_tuned,0.059100335056515116
TR-007956,TR-C03280,2024-10-12,0,3,clean_time_group_tuned,0.11837320254195963
TR-008251,TR-C00110,2024-10-12,0,3,clean_time_group_tuned,0.031313401318831854
TR-000108,TR-C01840,2024-10-13,0,3,clean_time_group_tuned,0.037979756126294846
TR-001109,TR-C05633,2024-10-13,0,3,clean_time_group_tuned,0.042530226304297994
TR-001821,TR-C02515,2024-10-13,0,3,clean_time_group_tuned,0.14192254790922212
TR-002157,TR-C06302,2024-10-13,0,3,clean_time_group_tuned,0.0261009772595117
TR-002573,TR-C02208,2024-10-13,0,3,clean_time_group_tuned,0.04377297237942086
TR-002913,TR-C03594,2024-10-13,0,3,clean_time_group_tuned,0.03585368734515792
TR-003961,TR-C03139,2024-10-13,0,3,clean_time_group_tuned,0.20766872374867346
TR-005801,TR-C03009,2024-10-13,0,3,clean_time_group_tuned,0.24613659447243386
TR-006000,TR-C05582,2024-10-13,0,3,clean_time_group_tuned,0.022963436084032698
TR-006899,TR-C06289,2024-10-13,0,3,clean_time_group_tuned,0.030010053922629502
TR-008315,TR-C03212,2024-10-13,0,3,clean_time_group_tuned,0.02763850973199408
TR-009633,TR-C01364,2024-10-13,0,3,clean_time_group_tuned,0.033226574006968684
TR-000209,TR-C02632,2024-10-14,0,3,clean_time_group_tuned,0.14800070417561959
TR-000609,TR-C02748,2024-10-14,0,3,clean_time_group_tuned,0.218805734767649
TR-000801,TR-C00414,2024-10-14,0,3,clean_time_group_tuned,0.1492106083723985
TR-001104,TR-C02901,2024-10-14,0,3,clean_time_group_tuned,0.032710620858959684
TR-001622,TR-C03687,2024-10-14,0,3,clean_time_group_tuned,0.262312434115511
TR-004974,TR-C00753,2024-10-14,0,3,clean_time_group_tuned,0.02911644296043126
TR-005671,TR-C01264,2024-10-14,0,3,clean_time_group_tuned,0.06002754033042148
TR-006756,TR-C03081,2024-10-14,0,3,clean_time_group_tuned,0.08372522601323579
TR-007718,TR-C04577,2024-10-14,0,3,clean_time_group_tuned,0.038062114211799516
TR-007760,TR-C02922,2024-10-14,0,3,clean_time_group_tuned,0.03554759051289945
TR-000444,TR-C04023,2024-10-15,1,3,clean_time_group_tuned,0.08539994309476395
TR-001337,TR-C05943,2024-10-15,0,3,clean_time_group_tuned,0.026263066808775604
TR-001526,TR-C02073,2024-10-15,0,3,clean_time_group_tuned,0.039725350846127105
TR-002284,TR-C02672,2024-10-15,0,3,clean_time_group_tuned,0.29111776020436364
TR-002843,TR-C02968,2024-10-15,0,3,clean_time_group_tuned,0.3057711459053967
TR-003279,TR-C01293,2024-10-15,0,3,clean_time_group_tuned,0.08644636431446605
TR-003636,TR-C01708,2024-10-15,0,3,clean_time_group_tuned,0.128999498260325
TR-007714,TR-C01496,2024-10-15,0,3,clean_time_group_tuned,0.0500367578782239
TR-008706,TR-C03428,2024-10-15,0,3,clean_time_group_tuned,0.05643451766063746
TR-009018,TR-C03232,2024-10-15,0,3,clean_time_group_tuned,0.025455040850050285
TR-002440,TR-C02817,2024-10-16,0,3,clean_time_group_tuned,0.029838360719930835
TR-004441,TR-C06295,2024-10-16,0,3,clean_time_group_tuned,0.026823519530694874
TR-006032,TR-C05370,2024-10-16,0,3,clean_time_group_tuned,0.02890796269864039
TR-006223,TR-C05361,2024-10-16,0,3,clean_time_group_tuned,0.0899701113540459
TR-007874,TR-C04126,2024-10-16,0,3,clean_time_group_tuned,0.03030885623530905
TR-009456,TR-C01300,2024-10-16,0,3,clean_time_group_tuned,0.037996591280500834
TR-000923,TR-C01167,2024-10-17,0,3,clean_time_group_tuned,0.026076691384159197
TR-001748,TR-C02918,2024-10-17,1,3,clean_time_group_tuned,0.0303893061327925
TR-002506,TR-C03162,2024-10-17,0,3,clean_time_group_tuned,0.03353065471849483
TR-005998,TR-C01843,2024-10-17,0,3,clean_time_group_tuned,0.03459726591230013
TR-009228,TR-C00722,2024-10-17,0,3,clean_time_group_tuned,0.02650360822047653
TR-001470,TR-C05527,2024-10-18,0,3,clean_time_group_tuned,0.04943539657398247
TR-001975,TR-C04751,2024-10-18,0,3,clean_time_group_tuned,0.03917464794915617
TR-003045,TR-C04722,2024-10-18,0,3,clean_time_group_tuned,0.4208242423358894
TR-003325,TR-C01519,2024-10-18,1,3,clean_time_group_tuned,0.13760434499227736
TR-004816,TR-C04804,2024-10-18,0,3,clean_time_group_tuned,0.0911028403413843
TR-005873,TR-C04418,2024-10-18,0,3,clean_time_group_tuned,0.03184199687451454
TR-005976,TR-C06484,2024-10-18,0,3,clean_time_group_tuned,0.056917165196730214
TR-007625,TR-C01242,2024-10-18,0,3,clean_time_group_tuned,0.19316658635007092
TR-000687,TR-C02421,2024-10-19,0,3,clean_time_group_tuned,0.056453666484227054
TR-002753,TR-C00889,2024-10-19,0,3,clean_time_group_tuned,0.0420754109770792
TR-003285,TR-C02195,2024-10-19,0,3,clean_time_group_tuned,0.03210649017030886
TR-003410,TR-C03529,2024-10-19,0,3,clean_time_group_tuned,0.02853777714697835
TR-003747,TR-C04819,2024-10-19,0,3,clean_time_group_tuned,0.05039682036500777
TR-005328,TR-C01526,2024-10-19,0,3,clean_time_group_tuned,0.10342091724244962
TR-006737,TR-C03371,2024-10-19,0,3,clean_time_group_tuned,0.03499297904448417
TR-008044,TR-C05826,2024-10-19,0,3,clean_time_group_tuned,0.04893188906834287
TR-008980,TR-C00344,2024-10-19,0,3,clean_time_group_tuned,0.028023696713323377
TR-009068,TR-C05509,2024-10-19,0,3,clean_time_group_tuned,0.031575786189156116
TR-009948,TR-C01627,2024-10-19,1,3,clean_time_group_tuned,0.09840605000548026
TR-002183,TR-C02577,2024-10-20,0,3,clean_time_group_tuned,0.04393666636453717
TR-002549,TR-C05347,2024-10-20,1,3,clean_time_group_tuned,0.181607282228013
TR-003320,TR-C01200,2024-10-20,0,3,clean_time_group_tuned,0.05304707696089294
TR-003553,TR-C02595,2024-10-20,0,3,clean_time_group_tuned,0.2646045936366936
TR-004009,TR-C01568,2024-10-20,0,3,clean_time_group_tuned,0.031528273933733544
TR-007728,TR-C00743,2024-10-20,0,3,clean_time_group_tuned,0.021998979649963876
TR-008105,TR-C05802,2024-10-20,1,3,clean_time_group_tuned,0.1158333726331637
TR-008235,TR-C04546,2024-10-20,0,3,clean_time_group_tuned,0.049785090651478243
TR-009766,TR-C00737,2024-10-20,0,3,clean_time_group_tuned,0.0333354750906037
TR-009897,TR-C06467,2024-10-20,0,3,clean_time_group_tuned,0.056293566943500295
TR-000022,TR-C05337,2024-10-21,0,3,clean_time_group_tuned,0.04875120134833513
TR-001841,TR-C02335,2024-10-21,0,3,clean_time_group_tuned,0.04864381322806176
TR-003756,TR-C00379,2024-10-21,0,3,clean_time_group_tuned,0.03737461492496939
TR-004843,TR-C04032,2024-10-21,0,3,clean_time_group_tuned,0.02276028841073144
TR-005152,TR-C00484,2024-10-21,0,3,clean_time_group_tuned,0.041056390793686524
TR-007159,TR-C05573,2024-10-21,0,3,clean_time_group_tuned,0.04245307134295539
TR-007590,TR-C01476,2024-10-21,0,3,clean_time_group_tuned,0.03381838894180979
TR-007922,TR-C02120,2024-10-21,0,3,clean_time_group_tuned,0.055014308739349066
TR-008041,TR-C05717,2024-10-21,0,3,clean_time_group_tuned,0.1323856502447205
TR-008081,TR-C04276,2024-10-21,0,3,clean_time_group_tuned,0.027271292816347565
TR-008391,TR-C01174,2024-10-21,0,3,clean_time_group_tuned,0.03427287867660874
TR-008879,TR-C04913,2024-10-21,0,3,clean_time_group_tuned,0.03534072106235534
TR-009385,TR-C01526,2024-10-21,0,3,clean_time_group_tuned,0.2199320055923957
TR-009423,TR-C03335,2024-10-21,0,3,clean_time_group_tuned,0.07487525091388882
TR-009487,TR-C02153,2024-10-21,0,3,clean_time_group_tuned,0.06648768509905979
TR-009508,TR-C05443,2024-10-21,0,3,clean_time_group_tuned,0.020715379776661512
TR-001310,TR-C04253,2024-10-22,0,3,clean_time_group_tuned,0.152238025264856
TR-003361,TR-C02986,2024-10-22,0,3,clean_time_group_tuned,0.024740889010979705
TR-004344,TR-C02657,2024-10-22,0,3,clean_time_group_tuned,0.025191628367952506
TR-005972,TR-C03205,2024-10-22,0,3,clean_time_group_tuned,0.028559368931774392
TR-006141,TR-C03041,2024-10-22,0,3,clean_time_group_tuned,0.026212356575534616
TR-008850,TR-C02001,2024-10-22,0,3,clean_time_group_tuned,0.08547065246901037
TR-008941,TR-C04139,2024-10-22,0,3,clean_time_group_tuned,0.04370019706131978
TR-009341,TR-C03150,2024-10-22,0,3,clean_time_group_tuned,0.02160540838643664
TR-001696,TR-C05617,2024-10-23,0,3,clean_time_group_tuned,0.03123063819773918
TR-003965,TR-C04566,2024-10-23,0,3,clean_time_group_tuned,0.021440846917055983
TR-004580,TR-C00229,2024-10-23,0,3,clean_time_group_tuned,0.04266230240067429
TR-004853,TR-C05521,2024-10-23,0,3,clean_time_group_tuned,0.043108071593646616
TR-004891,TR-C04500,2024-10-23,0,3,clean_time_group_tuned,0.09663235797432447
TR-007793,TR-C06092,2024-10-23,0,3,clean_time_group_tuned,0.10450514482301232
TR-009422,TR-C01977,2024-10-23,0,3,clean_time_group_tuned,0.037683697260214484
TR-001758,TR-C05830,2024-10-24,0,3,clean_time_group_tuned,0.1226836209719497
TR-002141,TR-C03039,2024-10-24,0,3,clean_time_group_tuned,0.028522412716451506
TR-002355,TR-C02130,2024-10-24,0,3,clean_time_group_tuned,0.02125861962417037
TR-003356,TR-C03437,2024-10-24,0,3,clean_time_group_tuned,0.03538014246505996
TR-003901,TR-C01092,2024-10-24,0,3,clean_time_group_tuned,0.05779459319576368
TR-005526,TR-C05795,2024-10-24,0,3,clean_time_group_tuned,0.07929325679726536
TR-006003,TR-C01423,2024-10-24,0,3,clean_time_group_tuned,0.030260405591675064
TR-008177,TR-C02811,2024-10-24,0,3,clean_time_group_tuned,0.03163849750302247
TR-001514,TR-C01231,2024-10-25,0,3,clean_time_group_tuned,0.03472397358705449
TR-003536,TR-C02125,2024-10-25,1,3,clean_time_group_tuned,0.09901466796106584
TR-004618,TR-C00764,2024-10-25,0,3,clean_time_group_tuned,0.031601488567489185
TR-004982,TR-C02423,2024-10-25,0,3,clean_time_group_tuned,0.02845096904691499
TR-005338,TR-C06404,2024-10-25,0,3,clean_time_group_tuned,0.02764791734592416
TR-005373,TR-C01496,2024-10-25,0,3,clean_time_group_tuned,0.03372478670416877
TR-005471,TR-C02769,2024-10-25,0,3,clean_time_group_tuned,0.12349152138761746
TR-007969,TR-C01351,2024-10-25,0,3,clean_time_group_tuned,0.026070878522038564
TR-008446,TR-C05239,2024-10-25,0,3,clean_time_group_tuned,0.10464538265837736
TR-008867,TR-C00587,2024-10-25,0,3,clean_time_group_tuned,0.024319830487397436
TR-010000,TR-C03283,2024-10-25,0,3,clean_time_group_tuned,0.0439171260727404
TR-005447,TR-C02422,2024-10-26,0,3,clean_time_group_tuned,0.09105145297611614
TR-007724,TR-C06294,2024-10-26,0,3,clean_time_group_tuned,0.032490559059005504
TR-008897,TR-C00412,2024-10-26,0,3,clean_time_group_tuned,0.06392339743526004
TR-009940,TR-C06262,2024-10-26,0,3,clean_time_group_tuned,0.03443785687713856
TR-000471,TR-C04639,2024-10-27,0,3,clean_time_group_tuned,0.06944043556500709
TR-000514,TR-C01700,2024-10-27,0,3,clean_time_group_tuned,0.04351538911323885
TR-001594,TR-C01784,2024-10-27,0,3,clean_time_group_tuned,0.03465177314350527
TR-002283,TR-C06150,2024-10-27,0,3,clean_time_group_tuned,0.038606121316495844
TR-002542,TR-C00984,2024-10-27,0,3,clean_time_group_tuned,0.04715138843014816
TR-003046,TR-C05632,2024-10-27,0,3,clean_time_group_tuned,0.07850199483329505
TR-003583,TR-C06185,2024-10-27,0,3,clean_time_group_tuned,0.03481364840366129
TR-003998,TR-C05502,2024-10-27,0,3,clean_time_group_tuned,0.03427287867660874
TR-005838,TR-C00034,2024-10-27,0,3,clean_time_group_tuned,0.03903744923157348
TR-007222,TR-C03393,2024-10-27,0,3,clean_time_group_tuned,0.029181249154261683
TR-009127,TR-C03980,2024-10-27,1,3,clean_time_group_tuned,0.3118953622025459
TR-000045,TR-C05093,2024-10-28,0,3,clean_time_group_tuned,0.288340820808039
TR-000830,TR-C01606,2024-10-28,0,3,clean_time_group_tuned,0.17732313582826872
TR-001155,TR-C02111,2024-10-28,1,3,clean_time_group_tuned,0.062034075077050055
TR-004826,TR-C01960,2024-10-28,0,3,clean_time_group_tuned,0.03406092194717543
TR-005752,TR-C02780,2024-10-28,0,3,clean_time_group_tuned,0.03471206824006946
TR-006042,TR-C05739,2024-10-28,0,3,clean_time_group_tuned,0.08851664712412718
TR-007348,TR-C03913,2024-10-28,0,3,clean_time_group_tuned,0.031967318697219874
TR-009353,TR-C02977,2024-10-28,0,3,clean_time_group_tuned,0.061683884297268815
TR-009867,TR-C02409,2024-10-28,0,3,clean_time_group_tuned,0.02600043374230415
TR-006260,TR-C05550,2024-10-29,0,3,clean_time_group_tuned,0.04754674158859929
TR-006316,TR-C03160,2024-10-29,0,3,clean_time_group_tuned,0.04782638594976635
TR-008505,TR-C01317,2024-10-29,0,3,clean_time_group_tuned,0.033359348088699885
TR-008535,TR-C04923,2024-10-29,0,3,clean_time_group_tuned,0.026299639574471262
TR-008645,TR-C03516,2024-10-29,0,3,clean_time_group_tuned,0.03975030877216244
TR-009935,TR-C00520,2024-10-29,0,3,clean_time_group_tuned,0.02896781946198293
TR-000441,TR-C01816,2024-10-30,0,3,clean_time_group_tuned,0.03128572615220288
TR-001747,TR-C04471,2024-10-30,0,3,clean_time_group_tuned,0.024891574216194978
TR-001817,TR-C04341,2024-10-30,0,3,clean_time_group_tuned,0.03738616516203101
TR-002865,TR-C00727,2024-10-30,0,3,clean_time_group_tuned,0.10975048605138617
TR-003525,TR-C00885,2024-10-30,0,3,clean_time_group_tuned,0.04339452257406072
TR-005697,TR-C02718,2024-10-30,0,3,clean_time_group_tuned,0.06106563046910875
TR-007966,TR-C01902,2024-10-30,1,3,clean_time_group_tuned,0.46129297928852
TR-008195,TR-C03128,2024-10-30,0,3,clean_time_group_tuned,0.052860536547103876
TR-009980,TR-C02361,2024-10-30,0,3,clean_time_group_tuned,0.12281753619798001
TR-000997,TR-C01810,2024-10-31,0,3,clean_time_group_tuned,0.04191155651246865
TR-001201,TR-C03067,2024-10-31,0,3,clean_time_group_tuned,0.02811074261018882
TR-004014,TR-C04744,2024-10-31,0,3,clean_time_group_tuned,0.12627700716877047
TR-004815,TR-C03312,2024-10-31,0,3,clean_time_group_tuned,0.24948269331463654
TR-005175,TR-C02142,2024-10-31,1,3,clean_time_group_tuned,0.1582303630184976
TR-005678,TR-C04804,2024-10-31,0,3,clean_time_group_tuned,0.05321155814996686
TR-006371,TR-C05410,2024-10-31,0,3,clean_time_group_tuned,0.04022621156683525
TR-006521,TR-C04874,2024-10-31,0,3,clean_time_group_tuned,0.15164623879479222
TR-007257,TR-C03898,2024-10-31,0,3,clean_time_group_tuned,0.034864889989094115
TR-008270,TR-C01187,2024-10-31,0,3,clean_time_group_tuned,0.030312492225143668
TR-009414,TR-C04442,2024-10-31,0,3,clean_time_group_tuned,0.03829879443590165
TR-001674,TR-C03083,2024-11-01,0,3,clean_time_group_tuned,0.2569281046694837
TR-005033,TR-C06097,2024-11-01,0,3,clean_time_group_tuned,0.08221202746199922
TR-007425,TR-C06017,2024-11-01,1,3,clean_time_group_tuned,0.5755771497810257
TR-008154,TR-C04605,2024-11-01,0,3,clean_time_group_tuned,0.041668021800854126
TR-008961,TR-C05491,2024-11-01,0,3,clean_time_group_tuned,0.03544552075827017
TR-000820,TR-C02008,2024-11-02,0,3,clean_time_group_tuned,0.07465963413927791
TR-001409,TR-C06019,2024-11-02,0,3,clean_time_group_tuned,0.0355088078232262
TR-002149,TR-C03621,2024-11-02,0,3,clean_time_group_tuned,0.036987662420420196
TR-003192,TR-C00657,2024-11-02,0,3,clean_time_group_tuned,0.02427113511112691
TR-004403,TR-C02896,2024-11-02,0,3,clean_time_group_tuned,0.025081172602955545
TR-008239,TR-C04977,2024-11-02,0,3,clean_time_group_tuned,0.05619547454702923
TR-000184,TR-C02442,2024-11-03,0,3,clean_time_group_tuned,0.11522693436853859
TR-002741,TR-C01765,2024-11-03,0,3,clean_time_group_tuned,0.06399240820612194
TR-003801,TR-C03705,2024-11-03,0,3,clean_time_group_tuned,0.05105019586919423
TR-005009,TR-C05544,2024-11-03,0,3,clean_time_group_tuned,0.1761726712811889
TR-005133,TR-C05008,2024-11-03,0,3,clean_time_group_tuned,0.030746502583724692
TR-005583,TR-C02677,2024-11-03,0,3,clean_time_group_tuned,0.03471277036155408
TR-006653,TR-C00489,2024-11-03,0,3,clean_time_group_tuned,0.07480588032034045
TR-007528,TR-C03693,2024-11-03,0,3,clean_time_group_tuned,0.03519271866678269
TR-007847,TR-C00377,2024-11-03,0,3,clean_time_group_tuned,0.03578452720946936
TR-008134,TR-C05102,2024-11-03,0,3,clean_time_group_tuned,0.038479777181779966
TR-008578,TR-C04279,2024-11-03,0,3,clean_time_group_tuned,0.029366383548185264
TR-009339,TR-C06114,2024-11-03,0,3,clean_time_group_tuned,0.132499532002647
TR-001573,TR-C04550,2024-11-04,0,3,clean_time_group_tuned,0.04035440820108762
TR-005454,TR-C00655,2024-11-04,0,3,clean_time_group_tuned,0.05300199182595924
TR-005495,TR-C01844,2024-11-04,0,3,clean_time_group_tuned,0.027271773359442808
TR-005616,TR-C04481,2024-11-04,0,3,clean_time_group_tuned,0.06212432577814668
TR-006335,TR-C00719,2024-11-04,0,3,clean_time_group_tuned,0.047803179645642124
TR-007505,TR-C05729,2024-11-04,0,3,clean_time_group_tuned,0.039960186292144054
TR-001403,TR-C01428,2024-11-05,1,3,clean_time_group_tuned,0.12022865764493346
TR-002441,TR-C00805,2024-11-05,0,3,clean_time_group_tuned,0.16307410386429683
TR-004743,TR-C00254,2024-11-05,0,3,clean_time_group_tuned,0.03370002054522708
TR-007179,TR-C02599,2024-11-05,0,3,clean_time_group_tuned,0.029562949766281064
TR-007446,TR-C00212,2024-11-05,0,3,clean_time_group_tuned,0.10437779218159796
TR-008713,TR-C03156,2024-11-05,0,3,clean_time_group_tuned,0.03765339185983227
TR-001900,TR-C01109,2024-11-06,0,3,clean_time_group_tuned,0.13460902308266084
TR-002107,TR-C02331,2024-11-06,0,3,clean_time_group_tuned,0.3308487836466713
TR-002227,TR-C05324,2024-11-06,0,3,clean_time_group_tuned,0.038556513282128356
TR-002813,TR-C03880,2024-11-06,0,3,clean_time_group_tuned,0.032407444064439836
TR-003863,TR-C06119,2024-11-06,1,3,clean_time_group_tuned,0.16700533039513624
TR-006815,TR-C05055,2024-11-06,0,3,clean_time_group_tuned,0.04289283656493371
TR-007343,TR-C03526,2024-11-06,0,3,clean_time_group_tuned,0.03605338987370713
TR-009010,TR-C02016,2024-11-06,0,3,clean_time_group_tuned,0.164954409955445
TR-009314,TR-C00839,2024-11-06,0,3,clean_time_group_tuned,0.0341176942778802
TR-003048,TR-C02153,2024-11-07,0,3,clean_time_group_tuned,0.045855353923751924
TR-003582,TR-C02146,2024-11-07,0,3,clean_time_group_tuned,0.024140286090084694
TR-004103,TR-C03833,2024-11-07,0,3,clean_time_group_tuned,0.023788808874860574
TR-004670,TR-C02564,2024-11-07,0,3,clean_time_group_tuned,0.03279463473894964
TR-005393,TR-C01212,2024-11-07,0,3,clean_time_group_tuned,0.05069071523611986
TR-005464,TR-C00855,2024-11-07,0,3,clean_time_group_tuned,0.20153836645098594
TR-005643,TR-C05088,2024-11-07,0,3,clean_time_group_tuned,0.10764685748121024
TR-005790,TR-C00143,2024-11-07,0,3,clean_time_group_tuned,0.061975988363628845
TR-008792,TR-C02035,2024-11-07,0,3,clean_time_group_tuned,0.06350725865598218
TR-000120,TR-C04580,2024-11-08,0,3,clean_time_group_tuned,0.11914980030120376
TR-001454,TR-C02261,2024-11-08,0,3,clean_time_group_tuned,0.03329430985885363
TR-002058,TR-C03621,2024-11-08,0,3,clean_time_group_tuned,0.0346603038817593
TR-003088,TR-C02713,2024-11-08,0,3,clean_time_group_tuned,0.057571349637087585
TR-006157,TR-C04374,2024-11-08,0,3,clean_time_group_tuned,0.3940075762191946
TR-008102,TR-C05065,2024-11-08,0,3,clean_time_group_tuned,0.0350221970648848
TR-008317,TR-C04279,2024-11-08,0,3,clean_time_group_tuned,0.054598541415313215
TR-008828,TR-C03568,2024-11-08,0,3,clean_time_group_tuned,0.3466538051670645
TR-009066,TR-C03205,2024-11-08,0,3,clean_time_group_tuned,0.04353459786396508
TR-009086,TR-C01539,2024-11-08,0,3,clean_time_group_tuned,0.032343265542727546
TR-000733,TR-C05060,2024-11-09,0,3,clean_time_group_tuned,0.05178910436102907
TR-000911,TR-C04329,2024-11-09,1,3,clean_time_group_tuned,0.04390233953173334
TR-001279,TR-C06319,2024-11-09,0,3,clean_time_group_tuned,0.04237141769199543
TR-001473,TR-C01638,2024-11-09,1,3,clean_time_group_tuned,0.18761440204379612
TR-001561,TR-C05789,2024-11-09,0,3,clean_time_group_tuned,0.026113694226844276
TR-003299,TR-C01684,2024-11-09,0,3,clean_time_group_tuned,0.06379140154420544
TR-006168,TR-C00658,2024-11-09,0,3,clean_time_group_tuned,0.029438209205184685
TR-006252,TR-C01680,2024-11-09,0,3,clean_time_group_tuned,0.03490705889363272
TR-006345,TR-C02425,2024-11-09,0,3,clean_time_group_tuned,0.1593689904115127
TR-006625,TR-C00684,2024-11-09,1,3,clean_time_group_tuned,0.2554837183989935
TR-006767,TR-C01986,2024-11-09,0,3,clean_time_group_tuned,0.04552786967425894
TR-007062,TR-C03577,2024-11-09,0,3,clean_time_group_tuned,0.047620403426598755
TR-007539,TR-C00616,2024-11-09,0,3,clean_time_group_tuned,0.04898507847389098
TR-007719,TR-C04425,2024-11-09,0,3,clean_time_group_tuned,0.03546799490715641
TR-008426,TR-C05033,2024-11-09,0,3,clean_time_group_tuned,0.18785058269237623
TR-008483,TR-C03669,2024-11-09,0,3,clean_time_group_tuned,0.08627019106054075
TR-009046,TR-C06116,2024-11-09,0,3,clean_time_group_tuned,0.04125801646397805
TR-009807,TR-C01164,2024-11-09,1,3,clean_time_group_tuned,0.3188834582888041
TR-001158,TR-C04099,2024-11-10,0,3,clean_time_group_tuned,0.03292241722068379
TR-002060,TR-C04377,2024-11-10,0,3,clean_time_group_tuned,0.30343068398003653
TR-002805,TR-C00996,2024-11-10,0,3,clean_time_group_tuned,0.23523635707214413
TR-004311,TR-C04937,2024-11-10,0,3,clean_time_group_tuned,0.02459924844449453
TR-004474,TR-C02364,2024-11-10,0,3,clean_time_group_tuned,0.030257451670371017
TR-006865,TR-C02180,2024-11-10,0,3,clean_time_group_tuned,0.05551018656166706
TR-007342,TR-C02915,2024-11-10,0,3,clean_time_group_tuned,0.14997431339566555
TR-009057,TR-C01031,2024-11-10,0,3,clean_time_group_tuned,0.02417229029952295
TR-001163,TR-C02493,2024-11-11,1,3,clean_time_group_tuned,0.03594549067379097
TR-001750,TR-C01222,2024-11-11,0,3,clean_time_group_tuned,0.12260864840610593
TR-003435,TR-C01857,2024-11-11,1,3,clean_time_group_tuned,0.6134756269192634
TR-003511,TR-C02662,2024-11-11,0,3,clean_time_group_tuned,0.03227600161204474
TR-004443,TR-C06355,2024-11-11,0,3,clean_time_group_tuned,0.04369722688417246
TR-005619,TR-C05950,2024-11-11,1,3,clean_time_group_tuned,0.035246925216017876
TR-006464,TR-C01732,2024-11-11,0,3,clean_time_group_tuned,0.02831700761979201
TR-006695,TR-C05927,2024-11-11,0,3,clean_time_group_tuned,0.2110429032436208
TR-007310,TR-C03174,2024-11-11,0,3,clean_time_group_tuned,0.07583200677831164
TR-009383,TR-C04536,2024-11-11,0,3,clean_time_group_tuned,0.04210637318495098
TR-000768,TR-C00553,2024-11-12,0,3,clean_time_group_tuned,0.045537468575012265
TR-001599,TR-C00482,2024-11-12,0,3,clean_time_group_tuned,0.021868836825389617
TR-002216,TR-C04971,2024-11-12,0,3,clean_time_group_tuned,0.04310657494621472
TR-002245,TR-C01446,2024-11-12,0,3,clean_time_group_tuned,0.08680800917542529
TR-002735,TR-C03261,2024-11-12,0,3,clean_time_group_tuned,0.051096648379481684
TR-004585,TR-C02432,2024-11-12,0,3,clean_time_group_tuned,0.023831820268491344
TR-004903,TR-C04532,2024-11-12,0,3,clean_time_group_tuned,0.08197997939109068
TR-005231,TR-C04202,2024-11-12,0,3,clean_time_group_tuned,0.023432745512710823
TR-006208,TR-C04288,2024-11-12,0,3,clean_time_group_tuned,0.05199802609197826
TR-006884,TR-C05982,2024-11-12,0,3,clean_time_group_tuned,0.037050380909548354
TR-006932,TR-C05623,2024-11-12,0,3,clean_time_group_tuned,0.023878695838622427
TR-007029,TR-C03147,2024-11-12,0,3,clean_time_group_tuned,0.07455425465104498
TR-007050,TR-C02001,2024-11-12,0,3,clean_time_group_tuned,0.3426534497061609
TR-007153,TR-C03454,2024-11-12,0,3,clean_time_group_tuned,0.02564312061921636
TR-008033,TR-C01869,2024-11-12,0,3,clean_time_group_tuned,0.07580334528748568
TR-009557,TR-C00042,2024-11-12,0,3,clean_time_group_tuned,0.05829415837823593
TR-009754,TR-C06283,2024-11-12,0,3,clean_time_group_tuned,0.021241107618247844
TR-000175,TR-C01402,2024-11-13,0,3,clean_time_group_tuned,0.25970265718517943
TR-003029,TR-C00054,2024-11-13,0,3,clean_time_group_tuned,0.08567935060893679
TR-003338,TR-C04880,2024-11-13,0,3,clean_time_group_tuned,0.022694098096994457
TR-004919,TR-C05441,2024-11-13,1,3,clean_time_group_tuned,0.26442180196265835
TR-005890,TR-C03169,2024-11-13,0,3,clean_time_group_tuned,0.05376889778334373
TR-007617,TR-C02061,2024-11-13,0,3,clean_time_group_tuned,0.0399884412036305
TR-008100,TR-C02281,2024-11-13,0,3,clean_time_group_tuned,0.039142411785468324
TR-009152,TR-C04278,2024-11-13,0,3,clean_time_group_tuned,0.06334657763870201
TR-009277,TR-C01734,2024-11-13,0,3,clean_time_group_tuned,0.40523218200300654
TR-009454,TR-C01900,2024-11-13,0,3,clean_time_group_tuned,0.047244112692975446
TR-001341,TR-C01260,2024-11-14,0,3,clean_time_group_tuned,0.06076306775788342
TR-001418,TR-C04365,2024-11-14,0,3,clean_time_group_tuned,0.09640987194784242
TR-001918,TR-C03026,2024-11-14,0,3,clean_time_group_tuned,0.06897282932703727
TR-002393,TR-C03530,2024-11-14,0,3,clean_time_group_tuned,0.11743826685055414
TR-002398,TR-C00720,2024-11-14,0,3,clean_time_group_tuned,0.021570253199500657
TR-003246,TR-C02371,2024-11-14,0,3,clean_time_group_tuned,0.056728849251936816
TR-004281,TR-C01697,2024-11-14,0,3,clean_time_group_tuned,0.1616712432801269
TR-005103,TR-C04238,2024-11-14,1,3,clean_time_group_tuned,0.1704686378336359
TR-006753,TR-C05578,2024-11-14,0,3,clean_time_group_tuned,0.06711497054676553
TR-007012,TR-C05951,2024-11-14,0,3,clean_time_group_tuned,0.09609713570125047
TR-007059,TR-C05485,2024-11-14,0,3,clean_time_group_tuned,0.06588630769289418
TR-007167,TR-C00032,2024-11-14,0,3,clean_time_group_tuned,0.0758294496412682
TR-007788,TR-C05192,2024-11-14,0,3,clean_time_group_tuned,0.02985876390398045
TR-007915,TR-C04214,2024-11-14,1,3,clean_time_group_tuned,0.06588923459756404
TR-008032,TR-C05028,2024-11-14,0,3,clean_time_group_tuned,0.05123026157522117
TR-000132,TR-C02336,2024-11-15,0,3,clean_time_group_tuned,0.15877020474028888
TR-000330,TR-C04365,2024-11-15,1,3,clean_time_group_tuned,0.04337033433997739
TR-001897,TR-C00976,2024-11-15,0,3,clean_time_group_tuned,0.024017386497587688
TR-002003,TR-C01370,2024-11-15,0,3,clean_time_group_tuned,0.04817400176073289
TR-002475,TR-C03867,2024-11-15,1,3,clean_time_group_tuned,0.023297215015433127
TR-002776,TR-C05776,2024-11-15,0,3,clean_time_group_tuned,0.1171750137316482
TR-002919,TR-C04489,2024-11-15,0,3,clean_time_group_tuned,0.10303164942082436
TR-003754,TR-C03031,2024-11-15,0,3,clean_time_group_tuned,0.03536650263991324
TR-005687,TR-C05007,2024-11-15,0,3,clean_time_group_tuned,0.026357747442645824
TR-005805,TR-C05939,2024-11-15,0,3,clean_time_group_tuned,0.15698827509245275
TR-007615,TR-C00112,2024-11-15,0,3,clean_time_group_tuned,0.03611138586830759
TR-008059,TR-C04538,2024-11-15,0,3,clean_time_group_tuned,0.03269620810075522
TR-008772,TR-C02570,2024-11-15,0,3,clean_time_group_tuned,0.02957950667795721
TR-009418,TR-C00400,2024-11-15,0,3,clean_time_group_tuned,0.030130293833054038
TR-000766,TR-C04665,2024-11-16,0,3,clean_time_group_tuned,0.0996914946013016
TR-003463,TR-C04065,2024-11-16,0,3,clean_time_group_tuned,0.04329914788360698
TR-004253,TR-C03280,2024-11-16,0,3,clean_time_group_tuned,0.04028350378901278
TR-005018,TR-C01821,2024-11-16,0,3,clean_time_group_tuned,0.03953613386928472
TR-005399,TR-C06433,2024-11-16,0,3,clean_time_group_tuned,0.04819790786434871
TR-005588,TR-C00207,2024-11-16,0,3,clean_time_group_tuned,0.03570625372134011
TR-006395,TR-C04870,2024-11-16,0,3,clean_time_group_tuned,0.16332609181664623
TR-007074,TR-C04783,2024-11-16,0,3,clean_time_group_tuned,0.04563667193631232
TR-007203,TR-C03935,2024-11-16,0,3,clean_time_group_tuned,0.0327943213749945
TR-007357,TR-C00878,2024-11-16,0,3,clean_time_group_tuned,0.05539324128355485
TR-007384,TR-C00328,2024-11-16,0,3,clean_time_group_tuned,0.029923491767430876
TR-008627,TR-C03812,2024-11-16,0,3,clean_time_group_tuned,0.037844322418296876
TR-009509,TR-C01398,2024-11-16,0,3,clean_time_group_tuned,0.02181465007422721
TR-000823,TR-C01856,2024-11-17,0,3,clean_time_group_tuned,0.03137851333750027
TR-001351,TR-C05044,2024-11-17,0,3,clean_time_group_tuned,0.11312276129060295
TR-002008,TR-C00278,2024-11-17,0,3,clean_time_group_tuned,0.14763682855778942
TR-002014,TR-C02883,2024-11-17,0,3,clean_time_group_tuned,0.13110841391743244
TR-002219,TR-C00422,2024-11-17,0,3,clean_time_group_tuned,0.03133498411953985
TR-004095,TR-C00786,2024-11-17,0,3,clean_time_group_tuned,0.03657389413479154
TR-007004,TR-C05532,2024-11-17,0,3,clean_time_group_tuned,0.15569078893669128
TR-007733,TR-C02058,2024-11-17,0,3,clean_time_group_tuned,0.07850203994298888
TR-000532,TR-C06195,2024-11-18,0,3,clean_time_group_tuned,0.06574676850607561
TR-001240,TR-C05672,2024-11-18,0,3,clean_time_group_tuned,0.06706246718459073
TR-003278,TR-C04671,2024-11-18,0,3,clean_time_group_tuned,0.046262347039483086
TR-003523,TR-C02114,2024-11-18,0,3,clean_time_group_tuned,0.03791462185918867
TR-006622,TR-C01302,2024-11-18,0,3,clean_time_group_tuned,0.07529554141530406
TR-006788,TR-C00429,2024-11-18,0,3,clean_time_group_tuned,0.16590009841755624
TR-006888,TR-C00446,2024-11-18,0,3,clean_time_group_tuned,0.020882118708589005
TR-007545,TR-C00243,2024-11-18,0,3,clean_time_group_tuned,0.22820747702781194
TR-008462,TR-C05287,2024-11-18,0,3,clean_time_group_tuned,0.08543982601811806
TR-009775,TR-C03687,2024-11-18,1,3,clean_time_group_tuned,0.3657925001649508
TR-009933,TR-C04110,2024-11-18,0,3,clean_time_group_tuned,0.029766235281168573
TR-001007,TR-C04434,2024-11-19,0,3,clean_time_group_tuned,0.03342488487971336
TR-001067,TR-C04854,2024-11-19,0,3,clean_time_group_tuned,0.030272216431987686
TR-001568,TR-C01694,2024-11-19,0,3,clean_time_group_tuned,0.06618944857588951
TR-002631,TR-C03057,2024-11-19,0,3,clean_time_group_tuned,0.06555289036635616
TR-005460,TR-C00492,2024-11-19,0,3,clean_time_group_tuned,0.1094821361489031
TR-006036,TR-C06430,2024-11-19,0,3,clean_time_group_tuned,0.048631996925462155
TR-006838,TR-C04564,2024-11-19,0,3,clean_time_group_tuned,0.054903490969099224
TR-009722,TR-C00766,2024-11-19,0,3,clean_time_group_tuned,0.027108112755513548
TR-009748,TR-C01397,2024-11-19,0,3,clean_time_group_tuned,0.15835044693478786
TR-001811,TR-C01070,2024-11-20,0,3,clean_time_group_tuned,0.23237773648701673
TR-001875,TR-C03693,2024-11-20,0,3,clean_time_group_tuned,0.0436834456843239
TR-002076,TR-C00809,2024-11-20,0,3,clean_time_group_tuned,0.2646415603822745
TR-003181,TR-C05531,2024-11-20,0,3,clean_time_group_tuned,0.03853534259986753
TR-009047,TR-C05201,2024-11-20,1,3,clean_time_group_tuned,0.03715003198979104
TR-009254,TR-C05939,2024-11-20,0,3,clean_time_group_tuned,0.09200548482075573
TR-009580,TR-C02348,2024-11-20,0,3,clean_time_group_tuned,0.031102329964627574
TR-002792,TR-C02385,2024-11-21,0,3,clean_time_group_tuned,0.04246081604758703
TR-004999,TR-C00658,2024-11-21,0,3,clean_time_group_tuned,0.043108776254372684
TR-006171,TR-C04831,2024-11-21,0,3,clean_time_group_tuned,0.03504119628255781
TR-006816,TR-C02168,2024-11-21,0,3,clean_time_group_tuned,0.12339223521142931
TR-000199,TR-C04106,2024-11-22,0,3,clean_time_group_tuned,0.04002967626614058
TR-001036,TR-C03253,2024-11-22,0,3,clean_time_group_tuned,0.051072395812810825
TR-003018,TR-C00413,2024-11-22,0,3,clean_time_group_tuned,0.07559929521224867
TR-003283,TR-C05356,2024-11-22,0,3,clean_time_group_tuned,0.10864721861156335
TR-003304,TR-C02216,2024-11-22,0,3,clean_time_group_tuned,0.042344638971144016
TR-003449,TR-C05865,2024-11-22,0,3,clean_time_group_tuned,0.02160540838643664
TR-003547,TR-C02212,2024-11-22,0,3,clean_time_group_tuned,0.036214677285134445
TR-005057,TR-C01303,2024-11-22,0,3,clean_time_group_tuned,0.04888307894098502
TR-007210,TR-C02131,2024-11-22,0,3,clean_time_group_tuned,0.02732277615378511
TR-008121,TR-C03853,2024-11-22,0,3,clean_time_group_tuned,0.021118138458477508
TR-008779,TR-C00453,2024-11-22,0,3,clean_time_group_tuned,0.03655199573103736
TR-008802,TR-C05931,2024-11-22,0,3,clean_time_group_tuned,0.033174027641959036
TR-009444,TR-C04503,2024-11-22,0,3,clean_time_group_tuned,0.07331043365727667
TR-001211,TR-C05870,2024-11-23,0,3,clean_time_group_tuned,0.0627439420064828
TR-003696,TR-C00238,2024-11-23,0,3,clean_time_group_tuned,0.040447900488359244
TR-003746,TR-C03351,2024-11-23,0,3,clean_time_group_tuned,0.0407380838437733
TR-004890,TR-C00017,2024-11-23,0,3,clean_time_group_tuned,0.2386786532607142
TR-006538,TR-C04082,2024-11-23,0,3,clean_time_group_tuned,0.026381189156075024
TR-007668,TR-C00678,2024-11-23,1,3,clean_time_group_tuned,0.053579937321430605
TR-008141,TR-C06357,2024-11-23,0,3,clean_time_group_tuned,0.025287590660466694
TR-008211,TR-C00433,2024-11-23,0,3,clean_time_group_tuned,0.021525763879044448
TR-008606,TR-C01188,2024-11-23,0,3,clean_time_group_tuned,0.05899319402709158
TR-009427,TR-C06200,2024-11-23,0,3,clean_time_group_tuned,0.028240210608995873
TR-009579,TR-C05444,2024-11-23,0,3,clean_time_group_tuned,0.04498103976597828
TR-002375,TR-C02456,2024-11-24,0,3,clean_time_group_tuned,0.03686849293988909
TR-006152,TR-C05412,2024-11-24,0,3,clean_time_group_tuned,0.0327860924124805
TR-007023,TR-C03042,2024-11-24,0,3,clean_time_group_tuned,0.031145917244556322
TR-007725,TR-C00209,2024-11-24,0,3,clean_time_group_tuned,0.04108880394881477
TR-008631,TR-C03032,2024-11-24,0,3,clean_time_group_tuned,0.13896413083282352
TR-009243,TR-C04143,2024-11-24,0,3,clean_time_group_tuned,0.04348929286839563
TR-009404,TR-C00945,2024-11-24,0,3,clean_time_group_tuned,0.06616108817471111
TR-000288,TR-C03140,2024-11-25,0,3,clean_time_group_tuned,0.02566371519930378
TR-002223,TR-C00386,2024-11-25,0,3,clean_time_group_tuned,0.03868075954327115
TR-004405,TR-C01983,2024-11-25,0,3,clean_time_group_tuned,0.030130766357443727
TR-005301,TR-C01537,2024-11-25,0,3,clean_time_group_tuned,0.046887660671613124
TR-005401,TR-C05553,2024-11-25,0,3,clean_time_group_tuned,0.031911319522425215
TR-005773,TR-C02403,2024-11-25,0,3,clean_time_group_tuned,0.03782875921213877
TR-006762,TR-C05504,2024-11-25,0,3,clean_time_group_tuned,0.03588812039341258
TR-006795,TR-C04650,2024-11-25,0,3,clean_time_group_tuned,0.021570253199500657
TR-006956,TR-C04648,2024-11-25,0,3,clean_time_group_tuned,0.053873495453640584
TR-008409,TR-C00486,2024-11-25,0,3,clean_time_group_tuned,0.03887483871413228
TR-009323,TR-C02326,2024-11-25,0,3,clean_time_group_tuned,0.10164134294287254
TR-009914,TR-C02415,2024-11-25,0,3,clean_time_group_tuned,0.08250789623762278
TR-000770,TR-C00856,2024-11-26,0,3,clean_time_group_tuned,0.035954964674899635
TR-001181,TR-C06250,2024-11-26,0,3,clean_time_group_tuned,0.09242114987400578
TR-005023,TR-C00790,2024-11-26,0,3,clean_time_group_tuned,0.04267740679949745
TR-005620,TR-C04494,2024-11-26,0,3,clean_time_group_tuned,0.2313376247122617
TR-005672,TR-C04539,2024-11-26,1,3,clean_time_group_tuned,0.03139276705479583
TR-005934,TR-C00673,2024-11-26,0,3,clean_time_group_tuned,0.2215081089130005
TR-008259,TR-C00298,2024-11-26,0,3,clean_time_group_tuned,0.027955940487464793
TR-009028,TR-C05252,2024-11-26,0,3,clean_time_group_tuned,0.1880296689120815
TR-000257,TR-C03879,2024-11-27,0,3,clean_time_group_tuned,0.21162153581627507
TR-001709,TR-C05287,2024-11-27,0,3,clean_time_group_tuned,0.052196185923275434
TR-002907,TR-C04218,2024-11-27,1,3,clean_time_group_tuned,0.09778570491312089
TR-002927,TR-C01875,2024-11-27,0,3,clean_time_group_tuned,0.026661965841616946
TR-003476,TR-C04696,2024-11-27,0,3,clean_time_group_tuned,0.0932191458458482
TR-003611,TR-C01833,2024-11-27,0,3,clean_time_group_tuned,0.04510315243685611
TR-004578,TR-C03713,2024-11-27,0,3,clean_time_group_tuned,0.0818520342512312
TR-004980,TR-C02160,2024-11-27,0,3,clean_time_group_tuned,0.07444862336869693
TR-007861,TR-C02722,2024-11-27,0,3,clean_time_group_tuned,0.02865939139846284
TR-009573,TR-C03094,2024-11-27,0,3,clean_time_group_tuned,0.14907552193204948
TR-000290,TR-C06186,2024-11-28,0,3,clean_time_group_tuned,0.20609205120258603
TR-000480,TR-C02193,2024-11-28,0,3,clean_time_group_tuned,0.0212912676330448
TR-001075,TR-C04967,2024-11-28,0,3,clean_time_group_tuned,0.10873702689857527
TR-001735,TR-C00891,2024-11-28,0,3,clean_time_group_tuned,0.04888222027866404
TR-006258,TR-C02674,2024-11-28,0,3,clean_time_group_tuned,0.06776821246015409
TR-007964,TR-C03824,2024-11-28,0,3,clean_time_group_tuned,0.09418977352765065
TR-008890,TR-C03233,2024-11-28,0,3,clean_time_group_tuned,0.04849836267952973
TR-009529,TR-C02111,2024-11-28,0,3,clean_time_group_tuned,0.09468214767651109
TR-001856,TR-C03399,2024-11-29,0,3,clean_time_group_tuned,0.10931275548855254
TR-002874,TR-C00098,2024-11-29,0,3,clean_time_group_tuned,0.023156399965464453
TR-005163,TR-C06279,2024-11-29,0,3,clean_time_group_tuned,0.03509554005003488
TR-005370,TR-C02391,2024-11-29,1,3,clean_time_group_tuned,0.1921971688687395
TR-005626,TR-C03966,2024-11-29,0,3,clean_time_group_tuned,0.06114486943239235
TR-005867,TR-C05301,2024-11-29,0,3,clean_time_group_tuned,0.05773489180948272
TR-006402,TR-C06359,2024-11-29,0,3,clean_time_group_tuned,0.034507469255461796
TR-007183,TR-C00693,2024-11-29,1,3,clean_time_group_tuned,0.1888511879864099
TR-008525,TR-C04887,2024-11-29,0,3,clean_time_group_tuned,0.054471790968462726
TR-009912,TR-C00903,2024-11-29,0,3,clean_time_group_tuned,0.13967910056107563
TR-000802,TR-C02516,2024-11-30,0,3,clean_time_group_tuned,0.1327413592886701
TR-002379,TR-C03174,2024-11-30,1,3,clean_time_group_tuned,0.10550202682980839
TR-004455,TR-C06003,2024-11-30,1,3,clean_time_group_tuned,0.2774468150006512
TR-005048,TR-C02438,2024-11-30,0,3,clean_time_group_tuned,0.02510038390548807
TR-009953,TR-C05514,2024-11-30,0,3,clean_time_group_tuned,0.045055116447100856
TR-000476,TR-C02454,2024-12-01,0,3,clean_time_group_tuned,0.03598654652863452
TR-003384,TR-C05417,2024-12-01,0,3,clean_time_group_tuned,0.029683710499363643
TR-004593,TR-C03068,2024-12-01,0,3,clean_time_group_tuned,0.06873061067963193
TR-004961,TR-C01675,2024-12-01,0,3,clean_time_group_tuned,0.16874831040373756
TR-005557,TR-C03431,2024-12-01,0,3,clean_time_group_tuned,0.040647837966177526
TR-006013,TR-C05397,2024-12-01,0,3,clean_time_group_tuned,0.04605607631074346
TR-006066,TR-C01541,2024-12-01,0,3,clean_time_group_tuned,0.19987162645748663
TR-000557,TR-C02175,2024-12-02,0,3,clean_time_group_tuned,0.13264599226258528
TR-001533,TR-C00059,2024-12-02,0,3,clean_time_group_tuned,0.032540773765976055
TR-001825,TR-C01038,2024-12-02,0,3,clean_time_group_tuned,0.0639373886448866
TR-002079,TR-C01597,2024-12-02,0,3,clean_time_group_tuned,0.03445042695093335
TR-003531,TR-C02994,2024-12-02,0,3,clean_time_group_tuned,0.1658424768694588
TR-003716,TR-C01936,2024-12-02,0,3,clean_time_group_tuned,0.03903448142941443
TR-004414,TR-C03269,2024-12-02,0,3,clean_time_group_tuned,0.15209519996588938
TR-004447,TR-C05466,2024-12-02,0,3,clean_time_group_tuned,0.058433036712746425
TR-004504,TR-C03604,2024-12-02,0,3,clean_time_group_tuned,0.0296876524245415
TR-004799,TR-C04118,2024-12-02,0,3,clean_time_group_tuned,0.03844228010370269
TR-004926,TR-C00808,2024-12-02,0,3,clean_time_group_tuned,0.26122187379423034
TR-005877,TR-C01808,2024-12-02,0,3,clean_time_group_tuned,0.11278172656506756
TR-007223,TR-C05560,2024-12-02,0,3,clean_time_group_tuned,0.042508753672825535
TR-008047,TR-C04885,2024-12-02,0,3,clean_time_group_tuned,0.05326606403800722
TR-008844,TR-C02515,2024-12-02,1,3,clean_time_group_tuned,0.06644773765110032
TR-009402,TR-C01867,2024-12-02,0,3,clean_time_group_tuned,0.0573430438493834
TR-009799,TR-C03426,2024-12-02,0,3,clean_time_group_tuned,0.021531581950014103
TR-000577,TR-C05340,2024-12-03,0,3,clean_time_group_tuned,0.09980274351861973
TR-000846,TR-C02751,2024-12-03,0,3,clean_time_group_tuned,0.036595352641871914
TR-003736,TR-C03846,2024-12-03,0,3,clean_time_group_tuned,0.047438640673662234
TR-004759,TR-C01189,2024-12-03,0,3,clean_time_group_tuned,0.07904563408429564
TR-006886,TR-C01393,2024-12-03,0,3,clean_time_group_tuned,0.21439816394315006
TR-007351,TR-C02937,2024-12-03,0,3,clean_time_group_tuned,0.18145118125703796
TR-008856,TR-C05440,2024-12-03,0,3,clean_time_group_tuned,0.038826548901559614
TR-009432,TR-C04419,2024-12-03,0,3,clean_time_group_tuned,0.035240063701616677
TR-000335,TR-C01786,2024-12-04,0,3,clean_time_group_tuned,0.02519990604893771
TR-001853,TR-C03092,2024-12-04,0,3,clean_time_group_tuned,0.08473581629169157
TR-002435,TR-C03754,2024-12-04,0,3,clean_time_group_tuned,0.033462221425021
TR-004107,TR-C06499,2024-12-04,0,3,clean_time_group_tuned,0.05484744554736761
TR-004422,TR-C02950,2024-12-04,0,3,clean_time_group_tuned,0.24008981317794517
TR-004883,TR-C03308,2024-12-04,0,3,clean_time_group_tuned,0.09612629353562457
TR-005599,TR-C04720,2024-12-04,0,3,clean_time_group_tuned,0.031381391871229174
TR-005926,TR-C04618,2024-12-04,0,3,clean_time_group_tuned,0.0283423331958469
TR-006227,TR-C02794,2024-12-04,0,3,clean_time_group_tuned,0.11195271069114177
TR-006772,TR-C05788,2024-12-04,0,3,clean_time_group_tuned,0.04103419775616294
TR-006781,TR-C04135,2024-12-04,0,3,clean_time_group_tuned,0.03598654427585249
TR-008026,TR-C04710,2024-12-04,0,3,clean_time_group_tuned,0.05911604501974132
TR-008874,TR-C04505,2024-12-04,0,3,clean_time_group_tuned,0.04195600962507822
TR-009160,TR-C06032,2024-12-04,0,3,clean_time_group_tuned,0.09570785333514616
TR-009183,TR-C05635,2024-12-04,0,3,clean_time_group_tuned,0.036559169129461236
TR-000993,TR-C02980,2024-12-05,0,3,clean_time_group_tuned,0.03833379992338549
TR-001265,TR-C03068,2024-12-05,0,3,clean_time_group_tuned,0.05216226708711664
TR-001733,TR-C05750,2024-12-05,1,3,clean_time_group_tuned,0.18812329189844448
TR-001745,TR-C01789,2024-12-05,0,3,clean_time_group_tuned,0.0515273696226114
TR-002694,TR-C06417,2024-12-05,0,3,clean_time_group_tuned,0.024615821806189125
TR-002895,TR-C04378,2024-12-05,0,3,clean_time_group_tuned,0.19607664205388012
TR-004324,TR-C02855,2024-12-05,0,3,clean_time_group_tuned,0.051289436191276946
TR-005202,TR-C02576,2024-12-05,0,3,clean_time_group_tuned,0.1830183374192213
TR-000470,TR-C01297,2024-12-06,0,3,clean_time_group_tuned,0.09693601660936758
TR-000694,TR-C04969,2024-12-06,1,3,clean_time_group_tuned,0.3561941454842415
TR-001572,TR-C03064,2024-12-06,0,3,clean_time_group_tuned,0.026588740076439694
TR-001858,TR-C03794,2024-12-06,0,3,clean_time_group_tuned,0.13453314810874434
TR-001928,TR-C03302,2024-12-06,0,3,clean_time_group_tuned,0.15857404194591274
TR-002029,TR-C04745,2024-12-06,0,3,clean_time_group_tuned,0.06452669070871574
TR-002428,TR-C05422,2024-12-06,0,3,clean_time_group_tuned,0.0648033305286805
TR-002796,TR-C01600,2024-12-06,0,3,clean_time_group_tuned,0.041053675947242144
TR-005052,TR-C00372,2024-12-06,0,3,clean_time_group_tuned,0.021680988618202446
TR-005860,TR-C01035,2024-12-06,0,3,clean_time_group_tuned,0.1791580851127027
TR-007129,TR-C00415,2024-12-06,0,3,clean_time_group_tuned,0.024070633321905902
TR-009051,TR-C00072,2024-12-06,0,3,clean_time_group_tuned,0.02848693066116051
TR-009741,TR-C04300,2024-12-06,0,3,clean_time_group_tuned,0.032046528878416435
TR-000221,TR-C03645,2024-12-07,0,3,clean_time_group_tuned,0.025157846347458185
TR-001809,TR-C02291,2024-12-07,0,3,clean_time_group_tuned,0.028845580215735
TR-004571,TR-C06177,2024-12-07,0,3,clean_time_group_tuned,0.05031085799984946
TR-006250,TR-C03262,2024-12-07,0,3,clean_time_group_tuned,0.07049031381155417
TR-006460,TR-C05419,2024-12-07,0,3,clean_time_group_tuned,0.18123591254753008
TR-006604,TR-C03734,2024-12-07,0,3,clean_time_group_tuned,0.26433662211317144
TR-006751,TR-C03143,2024-12-07,0,3,clean_time_group_tuned,0.041196921514359906
TR-007103,TR-C02059,2024-12-07,0,3,clean_time_group_tuned,0.03041262414389605
TR-007235,TR-C06251,2024-12-07,0,3,clean_time_group_tuned,0.051930685443340806
TR-008846,TR-C05287,2024-12-07,0,3,clean_time_group_tuned,0.06689764644421192
TR-008996,TR-C06471,2024-12-07,0,3,clean_time_group_tuned,0.1478541593606378
TR-009676,TR-C04792,2024-12-07,0,3,clean_time_group_tuned,0.09186887541658038
TR-000176,TR-C02738,2024-12-08,0,3,clean_time_group_tuned,0.03841560512427359
TR-003061,TR-C04366,2024-12-08,0,3,clean_time_group_tuned,0.0244433662262665
TR-004150,TR-C06452,2024-12-08,1,3,clean_time_group_tuned,0.23833230707994488
TR-004178,TR-C02217,2024-12-08,0,3,clean_time_group_tuned,0.024976943259301713
TR-004523,TR-C01029,2024-12-08,0,3,clean_time_group_tuned,0.02817694506507802
TR-008152,TR-C06090,2024-12-08,0,3,clean_time_group_tuned,0.044947088883066345
TR-008550,TR-C01511,2024-12-08,0,3,clean_time_group_tuned,0.07799833341183014
TR-009151,TR-C02098,2024-12-08,0,3,clean_time_group_tuned,0.28717873855725784
TR-002884,TR-C05206,2024-12-09,0,3,clean_time_group_tuned,0.02125966558793112
TR-003166,TR-C06434,2024-12-09,0,3,clean_time_group_tuned,0.0608757714329538
TR-004051,TR-C00301,2024-12-09,0,3,clean_time_group_tuned,0.023343460575066
TR-005157,TR-C05069,2024-12-09,1,3,clean_time_group_tuned,0.07628835118408098
TR-005550,TR-C01930,2024-12-09,0,3,clean_time_group_tuned,0.038846387808121566
TR-006849,TR-C05124,2024-12-09,0,3,clean_time_group_tuned,0.058967055815175445
TR-007322,TR-C01121,2024-12-09,0,3,clean_time_group_tuned,0.1997272358107154
TR-008724,TR-C00242,2024-12-09,0,3,clean_time_group_tuned,0.039608146942238714
TR-009118,TR-C05837,2024-12-09,0,3,clean_time_group_tuned,0.03217378422565234
TR-000523,TR-C06403,2024-12-10,0,3,clean_time_group_tuned,0.25851060258498365
TR-002480,TR-C00147,2024-12-10,0,3,clean_time_group_tuned,0.06242805642146297
TR-002554,TR-C02657,2024-12-10,0,3,clean_time_group_tuned,0.02213222960124241
TR-002872,TR-C06244,2024-12-10,0,3,clean_time_group_tuned,0.023234195769566042
TR-004193,TR-C02262,2024-12-10,0,3,clean_time_group_tuned,0.062272408616945586
TR-004791,TR-C01876,2024-12-10,0,3,clean_time_group_tuned,0.021601395975295895
TR-006379,TR-C02542,2024-12-10,0,3,clean_time_group_tuned,0.0683188540993786
TR-007450,TR-C04630,2024-12-10,0,3,clean_time_group_tuned,0.038045013172987925
TR-009249,TR-C01867,2024-12-10,0,3,clean_time_group_tuned,0.04567062845853287
TR-000420,TR-C01212,2024-12-11,0,3,clean_time_group_tuned,0.045282549510658444
TR-000528,TR-C01485,2024-12-11,0,3,clean_time_group_tuned,0.027436828103010343
TR-002322,TR-C02927,2024-12-11,1,3,clean_time_group_tuned,0.08827777695631711
TR-003146,TR-C01196,2024-12-11,0,3,clean_time_group_tuned,0.1964856261801654
TR-004174,TR-C02740,2024-12-11,0,3,clean_time_group_tuned,0.3044013175268072
TR-004436,TR-C05864,2024-12-11,0,3,clean_time_group_tuned,0.08576997682552168
TR-004437,TR-C06354,2024-12-11,0,3,clean_time_group_tuned,0.18538865204210092
TR-005510,TR-C00148,2024-12-11,0,3,clean_time_group_tuned,0.5231689870159695
TR-006322,TR-C00493,2024-12-11,0,3,clean_time_group_tuned,0.04195835536321773
TR-007567,TR-C02845,2024-12-11,0,3,clean_time_group_tuned,0.03630731157180184
TR-008725,TR-C04417,2024-12-11,1,3,clean_time_group_tuned,0.10416481815782981
TR-008813,TR-C02957,2024-12-11,0,3,clean_time_group_tuned,0.19244557506009086
TR-000337,TR-C01871,2024-12-12,0,3,clean_time_group_tuned,0.12301707472337758
TR-002852,TR-C04153,2024-12-12,0,3,clean_time_group_tuned,0.03477449498626444
TR-003269,TR-C03907,2024-12-12,0,3,clean_time_group_tuned,0.08524262193602335
TR-003892,TR-C03162,2024-12-12,0,3,clean_time_group_tuned,0.022723178315307
TR-003941,TR-C03079,2024-12-12,0,3,clean_time_group_tuned,0.08774066206106798
TR-004023,TR-C00760,2024-12-12,0,3,clean_time_group_tuned,0.03072089386051997
TR-005774,TR-C00294,2024-12-12,0,3,clean_time_group_tuned,0.038048220083212125
TR-007075,TR-C02041,2024-12-12,0,3,clean_time_group_tuned,0.049374195590569596
TR-009147,TR-C01276,2024-12-12,0,3,clean_time_group_tuned,0.02618319422627439
TR-000249,TR-C05030,2024-12-13,0,3,clean_time_group_tuned,0.09629191280830524
TR-004246,TR-C03005,2024-12-13,0,3,clean_time_group_tuned,0.12279664890981021
TR-004968,TR-C06266,2024-12-13,0,3,clean_time_group_tuned,0.02206861637953168
TR-005354,TR-C01349,2024-12-13,0,3,clean_time_group_tuned,0.029317718637457028
TR-006746,TR-C02358,2024-12-13,0,3,clean_time_group_tuned,0.038491005158056084
TR-009687,TR-C01110,2024-12-13,0,3,clean_time_group_tuned,0.15210706701609228
TR-009819,TR-C03047,2024-12-13,0,3,clean_time_group_tuned,0.09017764371384408
TR-009925,TR-C01293,2024-12-13,0,3,clean_time_group_tuned,0.02350234903008684
TR-000794,TR-C03115,2024-12-14,0,3,clean_time_group_tuned,0.11712387128215695
TR-001333,TR-C01847,2024-12-14,0,3,clean_time_group_tuned,0.03811408068232253
TR-005641,TR-C04649,2024-12-14,1,3,clean_time_group_tuned,0.5514739088466355
TR-006052,TR-C06320,2024-12-14,0,3,clean_time_group_tuned,0.07222476455145371
TR-009655,TR-C02730,2024-12-14,0,3,clean_time_group_tuned,0.022027781705511545
TR-001429,TR-C00627,2024-12-15,0,3,clean_time_group_tuned,0.02703101711964802
TR-001940,TR-C02920,2024-12-15,0,3,clean_time_group_tuned,0.089924158525419
TR-002404,TR-C03657,2024-12-15,0,3,clean_time_group_tuned,0.0417011597448201
TR-002595,TR-C02228,2024-12-15,1,3,clean_time_group_tuned,0.3381022975796715
TR-002636,TR-C06261,2024-12-15,0,3,clean_time_group_tuned,0.19522312573956635
TR-005864,TR-C01886,2024-12-15,0,3,clean_time_group_tuned,0.03873255179136858
TR-006654,TR-C02729,2024-12-15,0,3,clean_time_group_tuned,0.0512662996581197
TR-007182,TR-C00943,2024-12-15,0,3,clean_time_group_tuned,0.042712036605815934
TR-007251,TR-C04588,2024-12-15,0,3,clean_time_group_tuned,0.07712084771413233
TR-007845,TR-C00155,2024-12-15,0,3,clean_time_group_tuned,0.12001636855262234
TR-008310,TR-C05453,2024-12-15,0,3,clean_time_group_tuned,0.21682381659774658
TR-008355,TR-C01566,2024-12-15,0,3,clean_time_group_tuned,0.049836594651442225
TR-000902,TR-C01829,2024-12-16,0,3,clean_time_group_tuned,0.09330720254994965
TR-000921,TR-C04663,2024-12-16,0,3,clean_time_group_tuned,0.3714813331919382
TR-001274,TR-C02051,2024-12-16,0,3,clean_time_group_tuned,0.03120025760573414
TR-001280,TR-C01726,2024-12-16,0,3,clean_time_group_tuned,0.04786610777833177
TR-002211,TR-C04293,2024-12-16,0,3,clean_time_group_tuned,0.028389368570758994
TR-003777,TR-C00427,2024-12-16,0,3,clean_time_group_tuned,0.08450001897028427
TR-008486,TR-C03542,2024-12-16,0,3,clean_time_group_tuned,0.039226699730084136
TR-001146,TR-C03043,2024-12-17,0,3,clean_time_group_tuned,0.11878053648094264
TR-001289,TR-C02755,2024-12-17,0,3,clean_time_group_tuned,0.038110711426483916
TR-002289,TR-C05422,2024-12-17,0,3,clean_time_group_tuned,0.0614631582732166
TR-002605,TR-C03927,2024-12-17,0,3,clean_time_group_tuned,0.4010628859950608
TR-005044,TR-C02919,2024-12-17,0,3,clean_time_group_tuned,0.028222252134502277
TR-006194,TR-C01700,2024-12-17,0,3,clean_time_group_tuned,0.05576187346563556
TR-007109,TR-C05345,2024-12-17,0,3,clean_time_group_tuned,0.03793503729964063
TR-007383,TR-C05885,2024-12-17,0,3,clean_time_group_tuned,0.1072108321284616
TR-007409,TR-C02693,2024-12-17,0,3,clean_time_group_tuned,0.11822241199625724
TR-007696,TR-C05946,2024-12-17,0,3,clean_time_group_tuned,0.0567318548290793
TR-009500,TR-C03189,2024-12-17,0,3,clean_time_group_tuned,0.048467085422497745
TR-000157,TR-C04256,2024-12-18,0,3,clean_time_group_tuned,0.029258622897090417
TR-000632,TR-C02034,2024-12-18,0,3,clean_time_group_tuned,0.034240449750707676
TR-000982,TR-C05301,2024-12-18,0,3,clean_time_group_tuned,0.22692443369471146
TR-001539,TR-C06308,2024-12-18,0,3,clean_time_group_tuned,0.0336411811628086
TR-002570,TR-C02602,2024-12-18,0,3,clean_time_group_tuned,0.032721257699141644
TR-003124,TR-C03160,2024-12-18,0,3,clean_time_group_tuned,0.04384092965285453
TR-003508,TR-C00704,2024-12-18,0,3,clean_time_group_tuned,0.17823445905991825
TR-006588,TR-C01442,2024-12-18,0,3,clean_time_group_tuned,0.03444614832805804
TR-006960,TR-C05358,2024-12-18,0,3,clean_time_group_tuned,0.11003726941241833
TR-007786,TR-C02040,2024-12-18,0,3,clean_time_group_tuned,0.029438603935396396
TR-008513,TR-C01647,2024-12-18,0,3,clean_time_group_tuned,0.04916424349433554
TR-000379,TR-C06132,2024-12-19,0,3,clean_time_group_tuned,0.28229091897174013
TR-000397,TR-C01134,2024-12-19,0,3,clean_time_group_tuned,0.04197865186979589
TR-001395,TR-C04263,2024-12-19,0,3,clean_time_group_tuned,0.030749106544910903
TR-001608,TR-C05859,2024-12-19,0,3,clean_time_group_tuned,0.4274801841664344
TR-002296,TR-C01889,2024-12-19,0,3,clean_time_group_tuned,0.14584112418543668
TR-003366,TR-C03397,2024-12-19,0,3,clean_time_group_tuned,0.1072700867176118
TR-003919,TR-C04048,2024-12-19,0,3,clean_time_group_tuned,0.09394228197281297
TR-005870,TR-C06238,2024-12-19,0,3,clean_time_group_tuned,0.35608341619472245
TR-007288,TR-C04772,2024-12-19,1,3,clean_time_group_tuned,0.07115000251503613
TR-009355,TR-C03409,2024-12-19,0,3,clean_time_group_tuned,0.08119982629105471
TR-009860,TR-C01004,2024-12-19,0,3,clean_time_group_tuned,0.033882020701304624
TR-001796,TR-C01723,2024-12-20,0,3,clean_time_group_tuned,0.07681854763410555
TR-001813,TR-C00324,2024-12-20,0,3,clean_time_group_tuned,0.046638048452127635
TR-004031,TR-C00390,2024-12-20,0,3,clean_time_group_tuned,0.35208214405878896
TR-005129,TR-C02689,2024-12-20,0,3,clean_time_group_tuned,0.030153158151414425
TR-005561,TR-C06299,2024-12-20,0,3,clean_time_group_tuned,0.02677077997084482
TR-005990,TR-C02519,2024-12-20,0,3,clean_time_group_tuned,0.09593333212041934
TR-006584,TR-C04436,2024-12-20,0,3,clean_time_group_tuned,0.03698803607820896
TR-006680,TR-C01463,2024-12-20,0,3,clean_time_group_tuned,0.10334955092724982
TR-008669,TR-C03909,2024-12-20,0,3,clean_time_group_tuned,0.15518386028980385
TR-000069,TR-C00591,2024-12-21,1,3,clean_time_group_tuned,0.08187913614418574
TR-001263,TR-C06444,2024-12-21,0,3,clean_time_group_tuned,0.034630998792285816
TR-003898,TR-C00354,2024-12-21,0,3,clean_time_group_tuned,0.05869372035742937
TR-003966,TR-C00057,2024-12-21,0,3,clean_time_group_tuned,0.19855495027467246
TR-004316,TR-C03163,2024-12-21,1,3,clean_time_group_tuned,0.07644680326713515
TR-005331,TR-C03439,2024-12-21,0,3,clean_time_group_tuned,0.08358286682366872
TR-005596,TR-C03165,2024-12-21,1,3,clean_time_group_tuned,0.3559382989623324
TR-005850,TR-C06492,2024-12-21,1,3,clean_time_group_tuned,0.59869879609154
TR-007741,TR-C03824,2024-12-21,0,3,clean_time_group_tuned,0.13816238940114484
TR-007799,TR-C00778,2024-12-21,0,3,clean_time_group_tuned,0.035325869459081165
TR-008257,TR-C03486,2024-12-21,0,3,clean_time_group_tuned,0.04527101807071227
TR-009266,TR-C01337,2024-12-21,0,3,clean_time_group_tuned,0.13886492009612067
TR-009416,TR-C00937,2024-12-21,0,3,clean_time_group_tuned,0.03599845479801134
TR-000932,TR-C03158,2024-12-22,0,3,clean_time_group_tuned,0.06172723552540628
TR-002742,TR-C03223,2024-12-22,0,3,clean_time_group_tuned,0.029595422072506445
TR-004940,TR-C01693,2024-12-22,0,3,clean_time_group_tuned,0.04022338928873671
TR-005427,TR-C06378,2024-12-22,0,3,clean_time_group_tuned,0.10659613933390683
TR-005905,TR-C02021,2024-12-22,0,3,clean_time_group_tuned,0.05363385353477853
TR-006941,TR-C04278,2024-12-22,0,3,clean_time_group_tuned,0.047538445358967854
TR-007592,TR-C03323,2024-12-22,0,3,clean_time_group_tuned,0.07794312428722111
TR-009372,TR-C06200,2024-12-22,0,3,clean_time_group_tuned,0.024712534617371034
TR-000986,TR-C04281,2024-12-23,0,3,clean_time_group_tuned,0.10219303493008243
TR-001468,TR-C05779,2024-12-23,0,3,clean_time_group_tuned,0.02892993235110089
TR-002422,TR-C01944,2024-12-23,0,3,clean_time_group_tuned,0.02195895356920714
TR-002979,TR-C05288,2024-12-23,0,3,clean_time_group_tuned,0.04515989605021401
TR-005622,TR-C03581,2024-12-23,0,3,clean_time_group_tuned,0.03224885108867974
TR-005703,TR-C03365,2024-12-23,0,3,clean_time_group_tuned,0.10084848790265556
TR-007300,TR-C01240,2024-12-23,0,3,clean_time_group_tuned,0.03660849409093202
TR-009140,TR-C01266,2024-12-23,0,3,clean_time_group_tuned,0.03706675063524934
TR-000098,TR-C06121,2024-12-24,0,3,clean_time_group_tuned,0.04753058712819062
TR-000196,TR-C01424,2024-12-24,1,3,clean_time_group_tuned,0.23122634998990238
TR-000318,TR-C01009,2024-12-24,0,3,clean_time_group_tuned,0.0865527687130478
TR-000651,TR-C01533,2024-12-24,0,3,clean_time_group_tuned,0.04820428398028857
TR-002685,TR-C02277,2024-12-24,0,3,clean_time_group_tuned,0.04394061724362179
TR-003335,TR-C03992,2024-12-24,0,3,clean_time_group_tuned,0.10916190106921746
TR-008353,TR-C04479,2024-12-24,0,3,clean_time_group_tuned,0.20600452943352054
TR-008815,TR-C01216,2024-12-24,0,3,clean_time_group_tuned,0.03152710050537836
TR-009381,TR-C05458,2024-12-24,0,3,clean_time_group_tuned,0.05931665341683216
TR-009895,TR-C04151,2024-12-24,0,3,clean_time_group_tuned,0.04656713566738737
TR-000920,TR-C03151,2024-12-25,0,3,clean_time_group_tuned,0.035415387084385866
TR-002286,TR-C05910,2024-12-25,0,3,clean_time_group_tuned,0.05528596414354954
TR-003203,TR-C06436,2024-12-25,0,3,clean_time_group_tuned,0.03777276822138947
TR-003629,TR-C06301,2024-12-25,0,3,clean_time_group_tuned,0.05365109376871473
TR-004154,TR-C00229,2024-12-25,0,3,clean_time_group_tuned,0.061388221832924146
TR-005097,TR-C04700,2024-12-25,0,3,clean_time_group_tuned,0.04414797173509519
TR-005171,TR-C04123,2024-12-25,0,3,clean_time_group_tuned,0.028760251416887435
TR-006697,TR-C01756,2024-12-25,0,3,clean_time_group_tuned,0.04148432953926746
TR-008577,TR-C01882,2024-12-25,0,3,clean_time_group_tuned,0.04649554438591803
TR-000050,TR-C04766,2024-12-26,0,3,clean_time_group_tuned,0.06088360800400108
TR-000904,TR-C00188,2024-12-26,0,3,clean_time_group_tuned,0.0389151902849349
TR-001225,TR-C00763,2024-12-26,1,3,clean_time_group_tuned,0.3454222345494123
TR-001517,TR-C01911,2024-12-26,0,3,clean_time_group_tuned,0.04323817070739812
TR-007722,TR-C03231,2024-12-26,0,3,clean_time_group_tuned,0.028552939420784736
TR-008028,TR-C05647,2024-12-26,0,3,clean_time_group_tuned,0.05518402386094823
TR-008361,TR-C03486,2024-12-26,0,3,clean_time_group_tuned,0.0446982700286232
TR-008919,TR-C04915,2024-12-26,0,3,clean_time_group_tuned,0.030893362858361882
TR-009644,TR-C00323,2024-12-26,0,3,clean_time_group_tuned,0.07134479525424713
TR-009667,TR-C00280,2024-12-26,0,3,clean_time_group_tuned,0.026474142873698325
TR-009957,TR-C00800,2024-12-26,0,3,clean_time_group_tuned,0.03843027670061822
TR-000910,TR-C05319,2024-12-27,0,3,clean_time_group_tuned,0.03727853815901883
TR-001183,TR-C04298,2024-12-27,0,3,clean_time_group_tuned,0.08701298534322854
TR-002383,TR-C05207,2024-12-27,0,3,clean_time_group_tuned,0.028845547302505912
TR-002571,TR-C06187,2024-12-27,0,3,clean_time_group_tuned,0.03664257280561717
TR-002602,TR-C01725,2024-12-27,0,3,clean_time_group_tuned,0.041188736258021795
TR-002630,TR-C04170,2024-12-27,0,3,clean_time_group_tuned,0.32911555418146393
TR-003529,TR-C04155,2024-12-27,0,3,clean_time_group_tuned,0.04107475807136215
TR-005303,TR-C04426,2024-12-27,0,3,clean_time_group_tuned,0.10989696271092216
TR-006525,TR-C05707,2024-12-27,0,3,clean_time_group_tuned,0.12689413911782024
TR-008716,TR-C04903,2024-12-27,0,3,clean_time_group_tuned,0.04393323483406398
TR-008804,TR-C02820,2024-12-27,0,3,clean_time_group_tuned,0.14996997481479363
TR-000445,TR-C01272,2024-12-28,0,3,clean_time_group_tuned,0.05447407615922147
TR-000657,TR-C04864,2024-12-28,0,3,clean_time_group_tuned,0.0241150388962742
TR-001247,TR-C03430,2024-12-28,0,3,clean_time_group_tuned,0.0323107911887166
TR-004016,TR-C05685,2024-12-28,0,3,clean_time_group_tuned,0.027632471974548503
TR-005265,TR-C04527,2024-12-28,0,3,clean_time_group_tuned,0.049178401872335756
TR-005322,TR-C02608,2024-12-28,0,3,clean_time_group_tuned,0.0509424604040842
TR-005567,TR-C00546,2024-12-28,0,3,clean_time_group_tuned,0.059338869909902725
TR-006906,TR-C04401,2024-12-28,0,3,clean_time_group_tuned,0.03020150643196672
TR-007626,TR-C06199,2024-12-28,0,3,clean_time_group_tuned,0.03138863738722264
TR-008675,TR-C02453,2024-12-28,0,3,clean_time_group_tuned,0.04903932577644423
TR-009027,TR-C05613,2024-12-28,0,3,clean_time_group_tuned,0.04849229284286554
TR-009258,TR-C05371,2024-12-28,0,3,clean_time_group_tuned,0.05447182103872116
TR-009649,TR-C02967,2024-12-28,1,3,clean_time_group_tuned,0.1667672198875849
TR-000578,TR-C00368,2024-12-29,0,3,clean_time_group_tuned,0.15548181210230255
TR-002309,TR-C02776,2024-12-29,0,3,clean_time_group_tuned,0.04063853474239361
TR-003212,TR-C03529,2024-12-29,0,3,clean_time_group_tuned,0.04078562520814419
TR-003616,TR-C01705,2024-12-29,0,3,clean_time_group_tuned,0.03270795616457838
TR-005670,TR-C00572,2024-12-29,0,3,clean_time_group_tuned,0.037781188391508756
TR-005692,TR-C04136,2024-12-29,0,3,clean_time_group_tuned,0.05719477626275496
TR-006007,TR-C05690,2024-12-29,0,3,clean_time_group_tuned,0.039488642845291445
TR-007686,TR-C00514,2024-12-29,0,3,clean_time_group_tuned,0.1081097940597042
TR-009179,TR-C03390,2024-12-29,0,3,clean_time_group_tuned,0.048112015274357
TR-009501,TR-C01395,2024-12-29,0,3,clean_time_group_tuned,0.025823151219007502
TR-001438,TR-C00983,2024-12-30,0,3,clean_time_group_tuned,0.03348373006576756
TR-002073,TR-C05159,2024-12-30,1,3,clean_time_group_tuned,0.4961821722918994
TR-005021,TR-C04599,2024-12-30,0,3,clean_time_group_tuned,0.05033847442410467
TR-005791,TR-C00251,2024-12-30,0,3,clean_time_group_tuned,0.03844352672891593
TR-006916,TR-C03618,2024-12-30,0,3,clean_time_group_tuned,0.023667021803902948
TR-000251,TR-C01382,2024-12-31,0,3,clean_time_group_tuned,0.030152851152280818
TR-002906,TR-C01347,2024-12-31,0,3,clean_time_group_tuned,0.08459837018756682
TR-003861,TR-C05398,2024-12-31,0,3,clean_time_group_tuned,0.028400606886715887
TR-004412,TR-C03084,2024-12-31,0,3,clean_time_group_tuned,0.17185756633570717
TR-004453,TR-C01245,2024-12-31,0,3,clean_time_group_tuned,0.022951016955287073
TR-007585,TR-C03378,2024-12-31,0,3,clean_time_group_tuned,0.049658985135103674
TR-008027,TR-C05584,2024-12-31,0,3,clean_time_group_tuned,0.04779355894038554
