application_id,role
TR-001121,comparison
TR-002836,inner_fit
TR-005579,inner_stop
TR-006881,comparison
TR-001137,inner_stop
TR-001271,inner_fit
TR-002487,inner_fit
TR-004161,inner_fit
TR-004487,inner_fit
TR-004591,inner_stop
TR-005834,comparison
TR-006595,comparison
TR-006640,inner_fit
TR-006688,inner_fit
TR-006905,inner_stop
TR-008123,inner_fit
TR-009666,inner_fit
TR-009849,comparison
TR-000389,comparison
TR-002734,comparison
TR-002868,inner_fit
TR-003595,inner_fit
TR-004909,inner_stop
TR-004922,inner_fit
TR-008142,comparison
TR-008933,inner_fit
TR-009630,comparison
TR-000822,comparison
TR-003399,inner_fit
TR-003729,inner_fit
TR-004589,inner_stop
TR-000252,inner_fit
TR-001054,inner_fit
TR-001780,inner_stop
TR-001957,inner_stop
TR-002121,inner_stop
TR-004182,inner_stop
TR-004498,inner_fit
TR-005212,inner_fit
TR-005590,inner_stop
TR-008118,inner_stop
TR-008327,inner_stop
TR-008852,inner_fit
TR-008925,inner_stop
TR-009091,inner_fit
TR-009705,inner_fit
TR-000002,inner_fit
TR-000579,inner_stop
TR-001064,inner_fit
TR-001090,inner_fit
TR-001963,inner_fit
TR-004548,inner_fit
TR-006061,inner_fit
TR-006516,inner_fit
TR-007385,inner_stop
TR-008010,inner_fit
TR-008277,inner_fit
TR-008990,comparison
TR-000536,inner_stop
TR-001078,inner_fit
TR-001200,inner_fit
TR-001237,inner_fit
TR-001435,comparison
TR-003291,inner_fit
TR-007477,inner_fit
TR-009647,inner_stop
TR-001743,comparison
TR-001929,inner_fit
TR-002206,inner_fit
TR-002463,inner_fit
TR-002818,inner_fit
TR-006805,inner_stop
TR-007502,inner_fit
TR-008530,inner_fit
TR-000191,inner_fit
TR-000674,inner_fit
TR-003028,inner_fit
TR-005028,inner_fit
TR-006318,inner_stop
TR-007678,comparison
TR-008470,inner_stop
TR-008496,inner_fit
TR-009460,inner_fit
TR-000419,inner_fit
TR-001015,inner_stop
TR-001830,comparison
TR-006485,comparison
TR-006778,comparison
TR-007571,inner_fit
TR-007789,comparison
TR-008556,inner_fit
TR-008738,inner_fit
TR-009145,inner_stop
TR-000363,inner_stop
TR-002621,comparison
TR-003634,inner_stop
TR-004416,inner_fit
TR-005390,inner_fit
TR-006596,inner_stop
TR-007268,inner_fit
TR-008314,inner_fit
TR-009267,inner_fit
TR-001138,inner_fit
TR-001540,inner_fit
TR-002761,inner_stop
TR-003287,inner_fit
TR-003342,inner_fit
TR-004276,comparison
TR-005522,comparison
TR-005568,comparison
TR-009806,inner_fit
TR-000346,comparison
TR-000563,inner_stop
TR-002208,inner_fit
TR-002369,inner_fit
TR-003199,inner_fit
TR-004469,comparison
TR-004564,inner_fit
TR-005036,inner_fit
TR-005078,comparison
TR-005585,inner_fit
TR-006608,comparison
TR-006672,comparison
TR-006832,inner_fit
TR-006969,inner_fit
TR-007483,comparison
TR-007916,inner_fit
TR-008814,inner_stop
TR-008974,comparison
TR-009360,inner_stop
TR-000391,inner_fit
TR-001000,inner_fit
TR-001878,inner_stop
TR-001958,inner_fit
TR-002743,inner_stop
TR-004641,inner_fit
TR-005282,inner_stop
TR-007089,comparison
TR-008978,inner_fit
TR-009768,comparison
TR-000139,inner_fit
TR-000666,inner_fit
TR-001712,inner_stop
TR-003169,inner_fit
TR-003740,inner_fit
TR-004143,inner_fit
TR-004565,inner_fit
TR-005968,inner_stop
TR-006684,inner_fit
TR-007463,inner_fit
TR-008225,inner_stop
TR-001035,inner_stop
TR-001625,inner_fit
TR-002128,inner_stop
TR-003649,inner_fit
TR-003692,inner_fit
TR-003977,comparison
TR-004588,inner_fit
TR-004872,inner_fit
TR-005718,inner_fit
TR-006467,inner_fit
TR-007112,inner_fit
TR-007928,comparison
TR-008619,inner_fit
TR-000583,inner_fit
TR-001627,inner_fit
TR-001656,inner_stop
TR-003761,inner_fit
TR-004100,inner_fit
TR-006067,comparison
TR-006293,inner_stop
TR-006683,inner_stop
TR-006797,inner_fit
TR-007561,inner_fit
TR-007982,inner_fit
TR-000758,inner_stop
TR-002072,inner_fit
TR-002300,comparison
TR-002513,inner_stop
TR-002890,inner_fit
TR-003968,inner_stop
TR-004093,inner_fit
TR-006089,inner_fit
TR-006580,inner_fit
TR-006994,inner_fit
TR-009825,inner_stop
TR-000457,comparison
TR-002067,inner_fit
TR-002158,inner_stop
TR-003200,inner_fit
TR-003210,inner_fit
TR-003728,inner_fit
TR-006265,inner_fit
TR-006976,inner_fit
TR-009262,inner_fit
TR-009994,inner_fit
TR-003592,inner_stop
TR-000114,inner_fit
TR-000400,inner_fit
TR-001471,inner_stop
TR-002485,comparison
TR-005174,inner_fit
TR-007260,comparison
TR-000759,inner_stop
TR-000950,inner_fit
TR-002923,inner_fit
TR-004620,inner_stop
TR-005978,comparison
TR-006554,inner_fit
TR-007869,inner_fit
TR-007985,inner_fit
TR-008128,inner_stop
TR-008984,inner_stop
TR-000631,comparison
TR-001062,inner_stop
TR-001455,inner_fit
TR-004337,inner_fit
TR-004506,inner_fit
TR-007876,inner_fit
TR-008166,inner_stop
TR-009782,inner_fit
TR-009832,comparison
TR-004492,inner_stop
TR-004991,inner_fit
TR-005804,inner_fit
TR-006055,inner_fit
TR-006079,comparison
TR-000513,comparison
TR-000619,comparison
TR-000925,inner_fit
TR-001941,inner_stop
TR-002165,inner_fit
TR-002537,inner_fit
TR-003770,comparison
TR-003819,inner_fit
TR-004463,comparison
TR-004559,inner_fit
TR-004830,inner_fit
TR-005313,inner_stop
TR-006012,inner_stop
TR-006783,inner_fit
TR-007947,inner_fit
TR-009044,inner_fit
TR-009192,inner_stop
TR-000629,comparison
TR-001485,inner_fit
TR-001638,inner_stop
TR-002565,inner_fit
TR-003945,inner_fit
TR-009961,inner_fit
TR-000028,comparison
TR-001538,comparison
TR-002191,inner_fit
TR-002192,inner_stop
TR-003365,inner_fit
TR-003644,inner_stop
TR-005988,inner_fit
TR-006528,inner_fit
TR-007199,inner_fit
TR-007396,inner_stop
TR-001391,inner_stop
TR-001414,comparison
TR-001602,inner_stop
TR-002787,inner_fit
TR-004690,inner_fit
TR-006063,inner_fit
TR-008056,comparison
TR-008857,inner_fit
TR-008877,inner_fit
TR-009273,inner_fit
TR-009284,inner_fit
TR-009421,inner_fit
TR-002591,inner_fit
TR-006868,inner_stop
TR-008202,inner_fit
TR-008614,inner_stop
TR-008745,inner_fit
TR-009483,inner_fit
TR-000552,inner_stop
TR-000845,inner_fit
TR-001787,inner_fit
TR-001965,inner_stop
TR-001984,inner_fit
TR-003624,inner_fit
TR-004858,inner_fit
TR-006097,inner_stop
TR-008477,inner_fit
TR-008588,inner_stop
TR-008855,inner_fit
TR-000406,inner_fit
TR-001481,inner_stop
TR-004072,comparison
TR-004330,inner_fit
TR-006376,inner_fit
TR-008589,inner_fit
TR-009205,inner_fit
TR-009556,inner_fit
TR-000158,inner_stop
TR-002152,inner_stop
TR-003991,inner_fit
TR-004775,inner_stop
TR-005910,inner_stop
TR-006466,inner_stop
TR-007819,comparison
TR-000212,inner_fit
TR-000835,inner_stop
TR-002026,comparison
TR-003284,inner_fit
TR-006719,inner_stop
TR-007316,inner_fit
TR-008234,inner_stop
TR-009300,inner_fit
TR-002991,inner_stop
TR-003351,inner_stop
TR-004019,inner_fit
TR-004539,inner_fit
TR-005077,comparison
TR-005092,inner_fit
TR-006050,inner_fit
TR-006870,inner_fit
TR-007442,comparison
TR-008362,inner_fit
TR-008608,comparison
TR-009029,inner_fit
TR-009446,inner_fit
TR-002553,comparison
TR-002557,inner_fit
TR-005109,inner_fit
TR-005487,comparison
TR-005633,inner_fit
TR-006287,inner_fit
TR-007274,comparison
TR-001475,comparison
TR-001492,comparison
TR-004081,comparison
TR-004503,inner_fit
TR-008307,inner_stop
TR-008697,comparison
TR-009621,inner_stop
TR-009677,inner_stop
TR-001771,inner_stop
TR-003784,inner_fit
TR-003878,inner_fit
TR-005336,inner_fit
TR-008157,inner_stop
TR-009401,inner_fit
TR-000497,inner_stop
TR-000837,inner_fit
TR-001419,comparison
TR-001789,inner_fit
TR-003286,inner_fit
TR-003378,inner_stop
TR-004020,comparison
TR-005275,comparison
TR-006389,inner_fit
TR-007323,comparison
TR-008139,inner_fit
TR-009434,comparison
TR-001601,inner_fit
TR-002598,inner_fit
TR-003412,comparison
TR-004785,comparison
TR-005357,inner_fit
TR-006266,inner_fit
TR-006406,inner_fit
TR-007123,inner_fit
TR-008570,inner_stop
TR-003487,inner_fit
TR-003814,inner_fit
TR-005830,inner_fit
TR-006254,inner_stop
TR-007901,comparison
TR-008825,inner_stop
TR-009133,inner_fit
TR-009636,comparison
TR-000682,comparison
TR-002249,inner_fit
TR-004947,inner_fit
TR-007552,inner_stop
TR-008309,inner_fit
TR-001340,inner_stop
TR-002151,inner_fit
TR-003575,inner_fit
TR-005977,comparison
TR-007200,inner_stop
TR-007688,inner_fit
TR-007739,inner_fit
TR-009473,comparison
TR-009564,inner_fit
TR-001993,inner_fit
TR-003738,inner_fit
TR-006392,inner_fit
TR-006408,inner_fit
TR-007468,inner_fit
TR-007981,inner_fit
TR-000977,inner_stop
TR-001641,inner_fit
TR-002335,inner_fit
TR-003415,inner_fit
TR-004187,comparison
TR-005844,comparison
TR-006819,inner_fit
TR-006896,inner_fit
TR-007481,inner_fit
TR-007751,inner_fit
TR-008848,inner_fit
TR-009774,inner_stop
TR-009972,comparison
TR-000639,inner_fit
TR-001977,comparison
TR-006828,inner_fit
TR-007475,inner_stop
TR-009060,comparison
TR-009688,inner_stop
TR-000229,inner_fit
TR-001693,comparison
TR-001952,inner_fit
TR-003707,inner_stop
TR-004179,inner_fit
TR-004185,comparison
TR-004912,inner_stop
TR-006334,inner_fit
TR-007729,inner_fit
TR-008615,inner_fit
TR-000094,inner_stop
TR-000099,comparison
TR-001214,inner_fit
TR-001650,inner_stop
TR-001725,inner_fit
TR-005084,inner_fit
TR-005810,comparison
TR-005866,inner_stop
TR-000489,inner_fit
TR-001430,inner_fit
TR-002013,inner_fit
TR-002267,inner_stop
TR-003694,inner_stop
TR-003739,comparison
TR-004731,inner_fit
TR-005116,inner_stop
TR-006769,inner_stop
TR-008347,inner_fit
TR-008581,inner_fit
TR-003237,inner_fit
TR-003268,inner_fit
TR-008236,inner_fit
TR-009900,inner_fit
TR-000393,inner_fit
TR-000880,inner_stop
TR-009274,inner_fit
TR-009611,comparison
TR-000133,inner_stop
TR-001098,inner_fit
TR-001628,comparison
TR-004749,inner_fit
TR-008826,inner_fit
TR-008971,inner_fit
TR-009731,inner_stop
TR-002136,comparison
TR-003132,inner_fit
TR-003240,inner_fit
TR-000080,inner_fit
TR-000273,inner_stop
TR-002071,inner_fit
TR-002364,inner_fit
TR-003170,inner_fit
TR-003302,comparison
TR-003656,inner_fit
TR-005102,inner_stop
TR-005308,inner_fit
TR-007311,comparison
TR-008087,inner_fit
TR-009191,inner_fit
TR-000522,inner_fit
TR-001336,inner_fit
TR-002321,comparison
TR-002730,inner_fit
TR-002775,comparison
TR-002995,inner_fit
TR-004070,inner_fit
TR-004136,comparison
TR-005173,inner_fit
TR-005592,inner_fit
TR-005737,inner_stop
TR-007843,inner_fit
TR-009377,inner_stop
TR-000574,comparison
TR-001921,inner_fit
TR-002413,inner_fit
TR-003081,inner_fit
TR-004733,inner_fit
TR-004916,inner_fit
TR-008508,inner_stop
TR-008707,inner_fit
TR-009271,inner_fit
TR-000434,comparison
TR-000447,inner_fit
TR-002771,inner_stop
TR-003743,inner_fit
TR-004284,inner_stop
TR-005320,comparison
TR-006001,inner_fit
TR-007104,inner_fit
TR-007774,inner_fit
TR-008472,inner_fit
TR-000671,comparison
TR-001400,inner_fit
TR-001428,inner_fit
TR-003271,inner_fit
TR-006291,inner_fit
TR-006418,comparison
TR-006707,inner_stop
TR-007072,inner_fit
TR-007254,inner_stop
TR-008434,inner_stop
TR-008452,inner_stop
TR-009033,inner_fit
TR-009648,inner_fit
TR-003527,inner_fit
TR-003676,inner_fit
TR-003714,comparison
TR-004133,inner_fit
TR-004849,inner_fit
TR-006763,inner_fit
TR-006856,inner_fit
TR-008969,comparison
TR-009499,comparison
TR-000007,comparison
TR-000469,comparison
TR-001150,inner_fit
TR-001220,inner_fit
TR-001706,inner_stop
TR-002031,inner_fit
TR-003339,inner_fit
TR-003466,inner_fit
TR-004163,inner_fit
TR-005000,inner_fit
TR-006821,comparison
TR-007020,inner_stop
TR-000277,inner_stop
TR-000861,inner_stop
TR-001417,inner_fit
TR-003494,inner_fit
TR-004432,comparison
TR-004880,inner_fit
TR-006987,inner_fit
TR-009096,comparison
TR-009155,inner_fit
TR-007214,inner_fit
TR-007509,inner_fit
TR-009229,comparison
TR-009981,inner_stop
TR-001718,inner_fit
TR-001905,inner_fit
TR-002613,inner_stop
TR-003127,inner_fit
TR-004271,inner_fit
TR-005222,inner_fit
TR-005267,inner_fit
TR-005634,inner_fit
TR-005763,inner_stop
TR-006006,comparison
TR-007105,inner_fit
TR-007349,comparison
TR-000109,inner_fit
TR-002548,inner_fit
TR-003173,inner_fit
TR-005503,inner_fit
TR-006957,inner_stop
TR-007276,inner_fit
TR-007298,comparison
TR-007650,inner_fit
TR-008649,inner_fit
TR-008924,comparison
TR-009321,inner_fit
TR-009470,inner_fit
TR-000795,inner_fit
TR-001586,inner_fit
TR-002932,inner_stop
TR-003020,inner_fit
TR-003208,inner_fit
TR-005253,inner_fit
TR-005950,comparison
TR-006192,inner_stop
TR-007495,inner_fit
TR-009063,comparison
TR-009233,inner_stop
TR-000021,comparison
TR-001618,inner_fit
TR-003252,inner_fit
TR-003498,inner_stop
TR-007655,comparison
TR-008153,inner_fit
TR-000737,inner_stop
TR-000868,comparison
TR-001124,inner_fit
TR-001925,inner_fit
TR-002883,inner_fit
TR-003805,inner_stop
TR-003867,inner_stop
TR-004066,inner_fit
TR-004500,inner_fit
TR-007783,comparison
TR-000334,inner_fit
TR-001764,inner_fit
TR-003165,inner_fit
TR-003614,inner_fit
TR-009809,inner_fit
TR-001037,inner_fit
TR-001516,comparison
TR-004987,inner_stop
TR-005169,inner_fit
TR-005847,comparison
TR-006253,inner_fit
TR-007181,inner_fit
TR-007854,inner_fit
TR-008176,comparison
TR-008610,inner_fit
TR-009207,inner_fit
TR-004059,comparison
TR-004328,inner_fit
TR-009440,inner_fit
TR-009527,inner_fit
TR-000791,inner_fit
TR-002502,inner_stop
TR-003723,inner_fit
TR-005682,inner_stop
TR-006276,inner_stop
TR-007318,inner_fit
TR-000729,comparison
TR-001465,comparison
TR-001754,comparison
TR-005607,inner_fit
TR-005839,comparison
TR-007531,inner_stop
TR-008129,comparison
TR-009568,comparison
TR-000696,inner_stop
TR-003253,inner_fit
TR-003499,inner_fit
TR-004111,inner_fit
TR-004558,inner_fit
TR-005429,comparison
TR-005492,inner_fit
TR-009844,inner_stop
TR-009889,comparison
TR-001192,inner_stop
TR-002980,inner_fit
TR-003725,inner_fit
TR-004778,inner_fit
TR-006453,inner_fit
TR-007953,inner_fit
TR-008212,inner_fit
TR-008742,inner_fit
TR-000231,inner_fit
TR-000895,comparison
TR-005197,inner_fit
TR-005610,inner_fit
TR-005840,inner_fit
TR-006279,inner_fit
TR-006317,inner_fit
TR-007358,inner_stop
TR-009084,comparison
TR-000749,comparison
TR-001420,inner_fit
TR-001869,comparison
TR-002214,comparison
TR-002737,inner_fit
TR-004861,comparison
TR-006544,inner_fit
TR-007880,inner_fit
TR-008557,inner_fit
TR-000161,inner_fit
TR-001697,inner_fit
TR-002526,comparison
TR-003229,inner_fit
TR-004554,inner_fit
TR-004649,inner_stop
TR-005250,inner_stop
TR-005954,comparison
TR-006419,comparison
TR-007083,comparison
TR-007228,inner_fit
TR-007942,inner_fit
TR-000160,inner_fit
TR-002500,inner_fit
TR-002974,inner_fit
TR-003589,inner_fit
TR-003590,inner_fit
TR-005434,inner_fit
TR-006830,comparison
TR-007553,inner_fit
TR-007781,inner_fit
TR-008349,inner_stop
TR-008882,inner_fit
TR-009246,inner_stop
TR-009830,inner_fit
TR-002647,comparison
TR-003082,inner_fit
TR-004451,inner_fit
TR-004844,inner_stop
TR-005760,inner_fit
TR-008896,inner_fit
TR-009226,comparison
TR-009496,inner_fit
TR-009773,inner_stop
TR-002069,inner_stop
TR-002881,inner_stop
TR-003420,inner_fit
TR-006024,comparison
TR-006296,inner_fit
TR-006440,comparison
TR-007227,inner_fit
TR-008320,comparison
TR-008587,inner_fit
TR-008709,inner_fit
TR-008711,inner_fit
TR-009566,comparison
TR-000356,inner_fit
TR-000779,inner_stop
TR-001960,inner_fit
TR-002241,comparison
TR-002952,inner_stop
TR-003877,inner_stop
TR-003938,comparison
TR-004078,inner_fit
TR-004190,inner_fit
TR-005270,inner_stop
TR-007977,inner_fit
TR-008807,comparison
TR-009567,inner_fit
TR-000142,inner_stop
TR-000891,inner_stop
TR-001543,inner_fit
TR-002112,inner_fit
TR-002550,inner_fit
TR-002769,inner_fit
TR-003017,comparison
TR-003383,inner_fit
TR-005042,inner_fit
TR-007768,inner_stop
TR-008439,inner_fit
TR-000366,inner_fit
TR-000472,inner_fit
TR-000546,inner_fit
TR-004751,inner_stop
TR-008271,inner_fit
TR-009737,inner_fit
TR-003185,inner_stop
TR-004167,inner_fit
TR-004272,inner_fit
TR-004326,inner_fit
TR-005537,inner_fit
TR-005705,inner_stop
TR-005924,inner_fit
TR-007128,comparison
TR-007332,inner_fit
TR-007775,inner_stop
TR-009614,comparison
TR-002068,inner_stop
TR-002612,comparison
TR-003554,inner_stop
TR-003722,inner_fit
TR-004889,inner_fit
TR-005726,inner_fit
TR-006362,inner_fit
TR-006787,inner_stop
TR-007431,inner_stop
TR-008006,comparison
TR-000953,inner_fit
TR-001691,inner_fit
TR-002086,inner_fit
TR-005717,inner_fit
TR-006524,inner_fit
TR-006901,inner_fit
TR-006959,inner_fit
TR-007388,inner_fit
TR-007587,inner_stop
TR-008510,inner_fit
TR-008594,inner_fit
TR-009596,inner_fit
TR-000644,inner_fit
TR-000796,inner_fit
TR-001520,inner_stop
TR-002188,inner_fit
TR-002572,inner_fit
TR-002848,inner_stop
TR-004287,inner_fit
TR-005409,comparison
TR-006874,comparison
TR-007010,inner_fit
TR-007372,inner_fit
TR-007524,inner_stop
TR-000615,inner_stop
TR-000724,inner_fit
TR-001447,inner_fit
TR-001604,inner_fit
TR-001660,inner_fit
TR-002081,inner_fit
TR-006834,inner_fit
TR-007341,inner_fit
TR-008560,comparison
TR-008774,inner_fit
TR-008864,inner_fit
TR-009692,inner_fit
TR-001871,inner_fit
TR-002117,inner_fit
TR-002804,inner_stop
TR-003171,inner_fit
TR-003211,comparison
TR-003298,inner_fit
TR-003610,comparison
TR-004827,comparison
TR-005482,inner_fit
TR-005991,inner_fit
TR-006500,comparison
TR-007410,comparison
TR-008079,inner_fit
TR-008125,inner_fit
TR-009394,inner_fit
TR-001522,inner_fit
TR-001667,inner_fit
TR-001891,inner_stop
TR-002880,comparison
TR-004691,inner_fit
TR-005534,inner_fit
TR-005543,comparison
TR-006045,inner_stop
TR-007634,inner_fit
TR-007810,inner_fit
TR-000352,inner_stop
TR-001966,inner_fit
TR-005872,inner_fit
TR-009541,inner_stop
TR-009548,inner_fit
TR-000399,inner_fit
TR-001262,inner_fit
TR-006550,inner_stop
TR-008684,comparison
TR-009042,inner_fit
TR-009224,comparison
TR-009430,inner_fit
TR-000008,comparison
TR-000542,inner_fit
TR-001898,comparison
TR-002461,inner_fit
TR-002575,inner_fit
TR-006732,inner_stop
TR-007932,comparison
TR-008880,comparison
TR-001329,comparison
TR-001827,comparison
TR-002174,comparison
TR-002474,inner_fit
TR-004065,inner_fit
TR-007398,inner_stop
TR-008410,inner_fit
TR-000268,comparison
TR-003087,inner_fit
TR-003306,inner_fit
TR-003406,comparison
TR-006725,inner_fit
TR-008260,inner_fit
TR-000590,inner_fit
TR-001206,inner_fit
TR-002967,comparison
TR-003717,inner_stop
TR-003948,inner_fit
TR-004300,inner_fit
TR-005536,inner_fit
TR-006727,inner_fit
TR-006740,comparison
TR-007639,inner_fit
TR-007866,inner_fit
TR-007936,inner_fit
TR-000878,comparison
TR-001246,comparison
TR-001659,inner_fit
TR-002062,comparison
TR-002347,inner_fit
TR-003197,inner_fit
TR-003441,inner_fit
TR-003556,inner_fit
TR-004098,inner_fit
TR-004944,inner_fit
TR-007950,comparison
TR-000751,inner_fit
TR-001170,comparison
TR-002580,inner_fit
TR-002949,inner_fit
TR-003619,inner_stop
TR-006730,inner_stop
TR-007295,inner_fit
TR-009304,inner_fit
TR-001123,inner_stop
TR-001275,comparison
TR-002244,inner_fit
TR-002431,inner_fit
TR-003031,comparison
TR-004734,inner_stop
TR-004860,inner_stop
TR-008359,inner_fit
TR-008698,inner_fit
TR-001273,inner_stop
TR-001574,inner_fit
TR-002279,inner_fit
TR-002887,inner_fit
TR-002985,inner_fit
TR-003838,inner_fit
TR-004639,inner_stop
TR-005185,inner_fit
TR-006429,inner_fit
TR-007211,inner_fit
TR-007275,inner_stop
TR-008078,inner_fit
TR-008161,inner_fit
TR-008823,inner_fit
TR-000566,inner_fit
TR-004494,inner_fit
TR-005415,comparison
TR-006390,inner_fit
TR-007033,inner_fit
TR-008668,inner_fit
TR-009999,inner_fit
TR-000189,inner_stop
TR-000362,inner_fit
TR-000601,inner_fit
TR-002064,inner_stop
TR-002080,inner_fit
TR-003393,inner_fit
TR-004286,comparison
TR-005980,inner_fit
TR-006159,inner_fit
TR-006332,comparison
TR-006851,inner_fit
TR-009137,inner_fit
TR-009302,inner_fit
TR-000225,inner_fit
TR-000353,inner_fit
TR-000852,inner_fit
TR-002786,inner_stop
TR-003177,inner_fit
TR-004428,inner_fit
TR-006286,inner_fit
TR-007484,inner_fit
TR-008945,inner_fit
TR-009109,inner_fit
TR-000730,inner_fit
TR-003916,inner_fit
TR-005418,inner_fit
TR-006321,inner_fit
TR-006545,inner_fit
TR-006671,inner_fit
TR-007543,inner_fit
TR-009011,comparison
TR-000213,inner_stop
TR-001325,inner_fit
TR-002354,inner_fit
TR-003332,inner_fit
TR-005906,inner_stop
TR-008443,inner_stop
TR-001229,inner_stop
TR-001955,inner_fit
TR-001961,inner_fit
TR-003544,inner_stop
TR-004147,inner_fit
TR-007044,inner_fit
TR-009491,inner_fit
TR-009524,inner_stop
TR-001205,comparison
TR-002429,inner_fit
TR-005256,inner_fit
TR-008590,inner_fit
TR-000162,comparison
TR-000230,inner_fit
TR-000459,inner_stop
TR-000688,inner_stop
TR-000946,inner_stop
TR-001701,inner_fit
TR-002011,inner_fit
TR-002280,inner_stop
TR-002994,inner_fit
TR-003172,inner_stop
TR-003768,inner_fit
TR-004404,inner_fit
TR-005007,inner_fit
TR-005865,inner_fit
TR-006103,comparison
TR-007677,inner_stop
TR-009507,comparison
TR-005428,inner_fit
TR-007757,inner_fit
TR-003062,inner_stop
TR-004386,comparison
TR-005072,inner_fit
TR-005217,inner_fit
TR-006150,inner_fit
TR-009658,inner_fit
TR-009907,inner_fit
TR-000181,inner_fit
TR-000680,inner_fit
TR-001327,comparison
TR-001996,inner_fit
TR-003514,inner_fit
TR-004852,comparison
TR-005493,inner_fit
TR-005551,comparison
TR-006628,inner_fit
TR-008427,inner_fit
TR-009365,inner_fit
TR-002357,inner_fit
TR-003447,inner_fit
TR-003744,inner_fit
TR-005071,inner_fit
TR-006871,inner_fit
TR-007048,comparison
TR-008881,comparison
TR-009390,inner_fit
TR-000115,inner_stop
TR-000652,inner_fit
TR-000905,inner_stop
TR-002145,inner_fit
TR-003255,comparison
TR-003397,inner_fit
TR-003909,inner_fit
TR-005952,inner_fit
TR-006145,inner_fit
TR-006835,inner_fit
TR-006948,comparison
TR-007777,inner_fit
TR-008238,inner_fit
TR-009415,comparison
TR-009909,inner_fit
TR-000427,inner_fit
TR-001484,comparison
TR-003354,inner_fit
TR-003485,inner_fit
TR-005630,comparison
TR-006574,inner_stop
TR-007361,inner_fit
TR-008070,inner_fit
TR-008444,comparison
TR-008700,inner_fit
TR-000254,inner_fit
TR-001079,inner_fit
TR-005183,inner_stop
TR-006649,inner_fit
TR-006776,inner_fit
TR-006944,inner_fit
TR-008334,inner_fit
TR-009756,inner_fit
TR-000125,comparison
TR-001603,inner_stop
TR-001901,inner_fit
TR-003478,inner_fit
TR-005268,inner_fit
TR-005566,inner_fit
TR-008564,inner_stop
TR-009559,inner_fit
TR-009850,inner_fit
TR-000143,inner_fit
TR-000282,inner_stop
TR-002821,inner_stop
TR-003501,inner_fit
TR-004448,comparison
TR-005332,comparison
TR-005756,inner_fit
TR-006893,inner_stop
TR-007362,inner_fit
TR-007577,inner_fit
TR-008471,inner_fit
TR-008730,inner_fit
TR-009577,inner_fit
TR-000177,inner_fit
TR-000548,inner_fit
TR-001051,inner_stop
TR-001106,inner_fit
TR-002540,comparison
TR-005086,inner_fit
TR-005826,inner_fit
TR-007299,inner_fit
TR-007796,comparison
TR-008667,inner_fit
TR-000010,inner_fit
TR-001298,inner_fit
TR-004184,inner_fit
TR-004994,comparison
TR-005734,inner_fit
TR-005914,inner_fit
TR-005921,comparison
TR-007273,inner_fit
TR-007429,inner_fit
TR-003506,inner_fit
TR-003683,inner_fit
TR-003685,inner_stop
TR-005261,inner_fit
TR-007692,inner_fit
TR-008692,inner_fit
TR-008915,comparison
TR-009386,inner_fit
TR-009815,comparison
TR-001379,inner_fit
TR-001852,inner_fit
TR-002264,comparison
TR-002663,inner_fit
TR-003578,comparison
TR-004729,inner_fit
TR-009608,inner_stop
TR-000237,inner_fit
TR-001055,inner_fit
TR-001446,inner_fit
TR-002514,inner_fit
TR-005234,inner_fit
TR-006206,inner_fit
TR-006855,inner_fit
TR-007013,inner_stop
TR-008037,inner_fit
TR-008563,comparison
TR-009514,inner_fit
TR-009882,comparison
TR-000019,inner_fit
TR-001093,inner_fit
TR-005527,inner_stop
TR-008419,comparison
TR-009252,inner_stop
TR-001437,inner_fit
TR-002303,inner_stop
TR-002423,inner_fit
TR-002759,inner_fit
TR-003263,inner_stop
TR-005324,comparison
TR-005582,inner_fit
TR-006078,comparison
TR-007941,inner_stop
TR-001716,inner_fit
TR-001924,inner_stop
TR-002747,inner_stop
TR-003542,inner_stop
TR-003884,inner_fit
TR-005761,comparison
TR-007037,inner_fit
TR-007762,inner_fit
TR-009502,comparison
TR-009505,comparison
TR-001066,inner_fit
TR-001319,inner_fit
TR-001908,inner_fit
TR-002065,comparison
TR-002725,inner_fit
TR-003852,inner_fit
TR-004783,inner_fit
TR-004917,inner_fit
TR-006073,comparison
TR-006238,inner_fit
TR-007116,inner_stop
TR-007472,inner_fit
TR-008403,inner_fit
TR-000851,inner_fit
TR-001027,inner_fit
TR-001196,inner_fit
TR-001479,inner_stop
TR-002495,inner_fit
TR-002525,inner_fit
TR-003785,comparison
TR-004802,inner_fit
TR-004983,inner_stop
TR-005945,inner_fit
TR-006165,comparison
TR-006947,comparison
TR-007132,inner_fit
TR-007360,inner_stop
TR-009113,comparison
TR-000885,inner_fit
TR-001023,inner_stop
TR-001283,inner_fit
TR-001544,inner_fit
TR-001920,inner_fit
TR-003908,comparison
TR-003980,comparison
TR-004370,inner_fit
TR-006734,inner_fit
TR-007382,inner_stop
TR-009794,inner_fit
TR-000126,inner_fit
TR-000836,inner_fit
TR-006137,inner_fit
TR-006341,inner_stop
TR-007546,inner_fit
TR-009601,inner_fit
TR-009922,inner_fit
TR-000204,inner_fit
TR-002726,inner_fit
TR-003160,inner_fit
TR-003258,inner_fit
TR-003386,comparison
TR-003947,inner_fit
TR-004761,comparison
TR-004936,inner_fit
TR-005903,inner_fit
TR-005938,inner_fit
TR-006090,inner_fit
TR-006365,inner_stop
TR-008224,inner_fit
TR-008519,inner_fit
TR-001114,inner_fit
TR-001847,inner_fit
TR-002036,comparison
TR-004043,inner_fit
TR-004551,inner_fit
TR-006105,inner_stop
TR-006424,inner_fit
TR-009322,inner_stop
TR-001089,inner_fit
TR-004033,inner_fit
TR-006636,comparison
TR-006826,inner_stop
TR-006943,inner_fit
TR-009218,inner_fit
TR-009921,inner_fit
TR-000558,inner_fit
TR-001041,comparison
TR-002876,inner_stop
TR-003484,inner_fit
TR-004293,comparison
TR-005335,inner_stop
TR-006483,inner_fit
TR-007267,comparison
TR-009701,comparison
TR-000964,comparison
TR-000979,inner_stop
TR-002749,inner_fit
TR-003067,comparison
TR-003675,inner_fit
TR-003807,inner_fit
TR-004061,inner_fit
TR-005507,inner_stop
TR-008526,comparison
TR-009618,inner_stop
TR-009721,inner_stop
TR-000954,inner_stop
TR-002386,inner_fit
TR-002543,inner_fit
TR-003385,inner_fit
TR-003519,inner_stop
TR-006502,inner_fit
TR-000691,inner_stop
TR-001567,inner_stop
TR-002045,inner_stop
TR-002556,comparison
TR-004839,inner_fit
TR-005960,inner_fit
TR-006610,inner_stop
TR-007487,inner_fit
TR-007839,inner_fit
TR-007864,comparison
TR-009448,comparison
TR-009463,inner_fit
TR-000831,inner_stop
TR-003705,inner_stop
TR-005456,inner_fit
TR-005544,inner_fit
TR-006803,inner_stop
TR-007198,comparison
TR-008424,inner_fit
TR-001315,inner_stop
TR-001704,inner_fit
TR-003272,inner_fit
TR-003532,inner_stop
TR-004223,inner_fit
TR-004907,inner_fit
TR-000422,inner_fit
TR-002143,inner_stop
TR-003540,comparison
TR-003572,inner_stop
TR-004930,inner_fit
TR-006289,inner_fit
TR-006602,inner_fit
TR-008516,comparison
TR-009112,comparison
TR-009320,inner_fit
TR-001518,inner_fit
TR-001881,comparison
TR-002374,inner_fit
TR-003928,inner_fit
TR-003969,inner_fit
TR-006792,inner_fit
TR-007047,inner_fit
TR-007666,inner_fit
TR-009863,inner_fit
TR-000898,inner_fit
TR-001642,inner_fit
TR-001699,inner_fit
TR-002470,inner_fit
TR-002617,comparison
TR-003665,inner_fit
TR-004530,inner_fit
TR-005176,comparison
TR-006131,inner_fit
TR-006457,inner_stop
TR-008053,inner_fit
TR-000369,inner_stop
TR-000653,comparison
TR-000865,inner_fit
TR-001142,inner_fit
TR-001357,inner_fit
TR-002209,inner_fit
TR-002961,inner_fit
TR-003262,inner_fit
TR-005080,inner_fit
TR-005486,inner_stop
TR-006866,inner_stop
TR-007078,inner_fit
TR-007630,comparison
TR-008927,comparison
TR-009354,inner_fit
TR-002845,inner_stop
TR-004661,inner_fit
TR-007452,inner_fit
TR-008243,inner_stop
TR-000347,inner_fit
TR-000901,inner_fit
TR-001541,inner_fit
TR-002000,inner_fit
TR-002387,inner_fit
TR-002798,inner_fit
TR-003701,inner_fit
TR-004914,inner_stop
TR-008023,comparison
TR-009149,inner_fit
TR-009464,comparison
TR-009802,inner_fit
TR-002444,inner_fit
TR-002691,inner_fit
TR-006377,inner_fit
TR-007329,inner_fit
TR-007965,inner_stop
TR-008545,comparison
TR-000348,inner_fit
TR-001001,comparison
TR-001349,comparison
TR-002478,comparison
TR-005146,inner_fit
TR-005784,inner_stop
TR-007898,inner_fit
TR-000473,inner_fit
TR-000860,inner_fit
TR-003348,inner_fit
TR-004978,inner_stop
TR-005081,inner_stop
TR-006848,inner_fit
TR-006872,inner_fit
TR-008331,inner_fit
TR-002577,inner_fit
TR-003530,inner_fit
TR-003803,inner_fit
TR-005645,comparison
TR-006509,inner_fit
TR-006902,inner_fit
TR-007115,inner_fit
TR-007387,inner_fit
TR-007443,comparison
TR-007504,inner_fit
TR-008791,inner_stop
TR-002689,comparison
TR-004026,inner_stop
TR-004371,comparison
TR-005177,inner_fit
TR-005196,comparison
TR-006590,inner_fit
TR-007746,comparison
TR-008295,inner_fit
TR-000247,inner_fit
TR-000965,inner_fit
TR-001576,inner_fit
TR-004411,inner_fit
TR-004534,inner_fit
TR-005193,inner_fit
TR-006039,comparison
TR-006480,inner_stop
TR-008319,inner_fit
TR-008460,inner_fit
TR-008644,inner_fit
TR-009569,inner_fit
TR-009913,inner_stop
TR-001791,inner_stop
TR-001999,inner_fit
TR-003730,inner_fit
TR-004396,comparison
TR-005593,comparison
TR-006160,comparison
TR-007046,inner_fit
TR-007229,inner_fit
TR-008150,inner_fit
TR-008907,comparison
TR-009128,comparison
TR-009399,inner_fit
TR-000056,inner_fit
TR-003301,comparison
TR-003853,comparison
TR-003893,inner_stop
TR-004074,inner_stop
TR-007324,inner_fit
TR-007488,comparison
TR-000195,inner_stop
TR-001680,inner_fit
TR-001833,inner_fit
TR-002034,inner_fit
TR-002338,inner_fit
TR-004145,inner_fit
TR-004304,inner_fit
TR-004505,inner_fit
TR-004895,inner_stop
TR-005878,inner_fit
TR-005985,inner_stop
TR-006188,inner_fit
TR-006243,comparison
TR-007433,inner_fit
TR-007569,inner_fit
TR-008681,inner_fit
TR-009177,inner_stop
TR-009190,inner_stop
TR-000832,comparison
TR-001559,comparison
TR-002477,inner_stop
TR-002622,inner_stop
TR-002698,inner_fit
TR-002739,inner_fit
TR-003254,inner_stop
TR-004427,inner_fit
TR-007904,inner_fit
TR-008293,inner_stop
TR-008297,inner_stop
TR-008723,inner_fit
TR-009526,inner_fit
TR-001288,inner_stop
TR-002088,inner_fit
TR-002182,inner_fit
TR-004638,inner_fit
TR-004950,comparison
TR-006378,inner_fit
TR-008400,inner_stop
TR-009709,inner_fit
TR-000938,inner_fit
TR-003133,inner_fit
TR-003440,inner_stop
TR-004149,inner_stop
TR-006809,inner_fit
TR-006972,inner_stop
TR-007438,inner_fit
TR-008051,inner_fit
TR-009478,inner_fit
TR-000453,inner_fit
TR-003000,inner_fit
TR-005203,inner_fit
TR-006895,inner_fit
TR-007830,inner_fit
TR-008228,inner_stop
TR-008755,inner_fit
TR-000442,inner_stop
TR-000974,inner_fit
TR-001503,comparison
TR-002567,inner_fit
TR-003789,inner_stop
TR-005226,inner_fit
TR-005664,inner_stop
TR-006493,inner_fit
TR-007794,inner_stop
TR-008052,inner_fit
TR-008357,comparison
TR-000586,inner_fit
TR-002258,inner_stop
TR-002442,inner_fit
TR-002563,comparison
TR-002664,inner_fit
TR-003157,comparison
TR-003179,inner_fit
TR-004040,inner_stop
TR-005822,comparison
TR-008624,inner_fit
TR-008942,inner_stop
TR-000166,inner_fit
TR-001110,inner_fit
TR-003455,comparison
TR-003657,inner_fit
TR-004825,inner_fit
TR-006351,inner_fit
TR-008507,inner_stop
TR-008885,inner_stop
TR-009313,inner_stop
TR-009613,inner_fit
TR-009811,inner_fit
TR-001156,inner_fit
TR-002027,inner_fit
TR-003671,inner_fit
TR-004355,inner_fit
TR-009169,inner_fit
TR-000947,inner_fit
TR-005556,inner_fit
TR-007107,inner_fit
TR-009964,inner_fit
TR-000690,inner_fit
TR-001480,inner_fit
TR-001742,inner_fit
TR-002518,inner_fit
TR-002648,inner_fit
TR-002989,inner_fit
TR-005004,inner_fit
TR-005113,inner_fit
TR-006774,inner_stop
TR-007817,inner_fit
TR-000375,inner_fit
TR-001242,inner_fit
TR-002256,inner_fit
TR-003459,inner_stop
TR-008095,comparison
TR-008997,inner_stop
TR-009498,inner_fit
TR-003937,inner_fit
TR-004045,inner_fit
TR-006200,inner_fit
TR-007147,inner_fit
TR-007213,inner_fit
TR-002801,inner_fit
TR-004116,inner_fit
TR-004510,inner_fit
TR-006829,inner_fit
TR-007314,inner_stop
TR-008423,inner_fit
TR-008726,inner_fit
TR-000302,inner_fit
TR-001111,inner_fit
TR-004831,inner_fit
TR-005215,inner_fit
TR-005468,comparison
TR-006572,inner_fit
TR-008950,inner_stop
TR-009410,comparison
TR-009789,comparison
TR-000994,inner_fit
TR-001218,comparison
TR-006327,inner_stop
TR-006723,inner_stop
TR-007041,comparison
TR-007261,inner_stop
TR-000942,inner_stop
TR-003407,inner_stop
TR-003586,inner_fit
TR-004338,inner_fit
TR-004984,inner_fit
TR-006205,inner_fit
TR-007087,inner_fit
TR-008739,inner_fit
TR-009439,inner_fit
TR-009904,comparison
TR-000899,comparison
TR-001588,inner_fit
TR-003993,comparison
TR-006350,comparison
TR-006567,inner_fit
TR-008278,inner_fit
TR-000358,inner_fit
TR-001483,inner_fit
TR-001995,comparison
TR-003858,inner_fit
TR-004119,inner_fit
TR-004501,inner_fit
TR-004706,inner_stop
TR-004772,inner_fit
TR-005121,inner_stop
TR-005257,comparison
TR-005629,inner_fit
TR-006520,inner_fit
TR-007014,inner_fit
TR-007206,inner_stop
TR-007595,inner_fit
TR-001350,inner_fit
TR-004684,inner_fit
TR-005628,comparison
TR-006412,inner_fit
TR-007629,inner_fit
TR-007654,comparison
TR-008077,inner_stop
TR-009738,inner_fit
TR-002578,inner_stop
TR-002893,inner_stop
TR-003427,inner_stop
TR-004654,inner_fit
TR-006179,inner_fit
TR-004180,inner_stop
TR-005407,inner_stop
TR-006949,comparison
TR-008043,inner_fit
TR-008777,inner_fit
TR-009362,inner_fit
TR-009868,inner_stop
TR-000043,inner_fit
TR-000387,inner_fit
TR-003700,inner_stop
TR-004616,inner_fit
TR-006361,inner_fit
TR-008640,inner_fit
TR-008811,inner_fit
TR-008954,inner_fit
TR-000509,inner_fit
TR-000537,inner_fit
TR-000570,inner_stop
TR-000859,inner_fit
TR-003315,inner_fit
TR-003846,inner_fit
TR-003859,inner_fit
TR-004199,inner_fit
TR-004742,inner_fit
TR-005772,comparison
TR-005863,comparison
TR-006178,inner_fit
TR-006880,inner_fit
TR-007575,inner_fit
TR-000039,comparison
TR-000227,inner_fit
TR-000281,inner_fit
TR-002311,inner_fit
TR-002688,inner_fit
TR-003350,inner_fit
TR-003741,comparison
TR-004242,inner_fit
TR-005417,comparison
TR-005521,comparison
TR-008676,inner_fit
TR-009661,inner_fit
TR-000065,inner_fit
TR-000721,comparison
TR-002193,inner_stop
TR-002426,inner_fit
TR-003480,inner_stop
TR-003539,inner_stop
TR-007283,comparison
TR-007572,inner_fit
TR-008421,inner_fit
TR-000478,inner_stop
TR-000884,inner_fit
TR-001499,inner_fit
TR-001593,comparison
TR-001708,inner_fit
TR-002984,comparison
TR-004245,inner_fit
TR-004877,inner_fit
TR-005207,comparison
TR-005730,inner_stop
TR-007983,inner_stop
TR-008222,comparison
TR-009954,inner_fit
TR-001241,inner_stop
TR-001450,inner_fit
TR-004623,inner_stop
TR-004740,inner_fit
TR-008076,inner_fit
TR-008371,inner_fit
TR-009175,inner_fit
TR-009469,inner_fit
TR-000604,inner_fit
TR-001705,inner_fit
TR-002041,inner_fit
TR-003607,inner_stop
TR-003693,inner_fit
TR-006234,comparison
TR-006615,inner_fit
TR-007141,inner_stop
TR-007154,inner_fit
TR-007328,inner_fit
TR-007512,inner_fit
TR-009689,inner_stop
TR-001069,comparison
TR-005768,inner_fit
TR-006093,inner_fit
TR-009928,inner_fit
TR-001943,inner_fit
TR-003620,inner_fit
TR-004367,inner_stop
TR-005467,inner_fit
TR-007930,comparison
TR-008091,comparison
TR-000656,inner_fit
TR-001762,inner_stop
TR-003005,inner_fit
TR-003156,inner_fit
TR-003956,inner_fit
TR-005344,inner_fit
TR-006854,inner_fit
TR-007744,inner_stop
TR-007897,inner_fit
TR-008476,inner_fit
TR-009342,inner_fit
TR-009703,inner_fit
TR-001653,comparison
TR-003558,inner_stop
TR-003990,inner_fit
TR-005983,inner_fit
TR-006017,inner_fit
TR-006421,inner_fit
TR-009120,inner_fit
TR-000618,inner_fit
TR-001819,inner_fit
TR-001938,inner_fit
TR-003500,comparison
TR-005430,comparison
TR-004360,inner_fit
TR-008137,inner_fit
TR-008173,inner_fit
TR-008766,inner_stop
TR-005319,inner_fit
TR-005348,inner_fit
TR-005516,inner_fit
TR-007040,inner_fit
TR-007069,inner_fit
TR-007411,inner_fit
TR-009574,inner_stop
TR-009903,inner_fit
TR-002608,comparison
TR-005356,inner_fit
TR-005858,inner_fit
TR-006228,inner_stop
TR-007027,comparison
TR-009083,inner_fit
TR-000919,inner_stop
TR-002170,comparison
TR-002363,inner_fit
TR-002585,inner_fit
TR-002628,inner_fit
TR-004833,inner_fit
TR-006510,inner_fit
TR-000743,inner_fit
TR-002509,inner_fit
TR-002604,comparison
TR-002968,inner_fit
TR-003442,inner_fit
TR-004626,comparison
TR-005082,inner_fit
TR-006703,inner_stop
TR-007499,inner_fit
TR-008837,comparison
TR-009624,comparison
TR-000123,inner_fit
TR-001016,inner_fit
TR-003227,comparison
TR-005846,comparison
TR-007164,comparison
TR-007554,inner_fit
TR-008178,comparison
TR-008536,inner_fit
TR-000351,inner_stop
TR-000806,inner_fit
TR-001828,inner_fit
TR-004754,inner_fit
TR-006346,inner_fit
TR-001910,inner_stop
TR-002287,inner_fit
TR-003975,inner_fit
TR-004134,comparison
TR-004892,inner_fit
TR-009196,inner_stop
TR-009657,inner_fit
TR-002943,inner_fit
TR-004915,inner_fit
TR-005119,inner_fit
TR-007605,inner_fit
TR-007611,comparison
TR-000200,comparison
TR-001714,inner_stop
TR-002168,inner_fit
TR-002437,inner_stop
TR-002869,inner_fit
TR-003369,comparison
TR-004218,inner_fit
TR-005853,inner_fit
TR-005893,inner_fit
TR-008073,comparison
TR-000705,inner_fit
TR-001260,comparison
TR-001605,inner_fit
TR-001734,inner_fit
TR-002009,inner_fit
TR-003186,inner_fit
TR-003312,comparison
TR-003804,inner_stop
TR-005011,inner_fit
TR-005425,comparison
TR-007823,inner_fit
TR-008230,comparison
TR-000291,inner_stop
TR-000655,inner_fit
TR-001536,inner_fit
TR-003010,comparison
TR-005386,inner_fit
TR-006051,inner_fit
TR-006324,inner_fit
TR-006414,inner_fit
TR-007723,inner_stop
TR-009278,comparison
TR-002662,comparison
TR-003890,inner_fit
TR-004798,inner_fit
TR-005372,inner_fit
TR-006005,inner_fit
TR-006084,inner_fit
TR-006233,inner_fit
TR-006558,inner_fit
TR-008858,inner_fit
TR-009217,comparison
TR-009234,inner_stop
TR-009319,inner_fit
TR-001144,inner_fit
TR-001487,inner_stop
TR-003882,inner_fit
TR-004630,inner_fit
TR-004655,inner_fit
TR-007098,inner_fit
TR-008834,comparison
TR-009926,comparison
TR-000076,inner_fit
TR-000280,inner_fit
TR-000871,inner_fit
TR-001880,inner_fit
TR-003504,inner_fit
TR-003565,comparison
TR-003836,inner_fit
TR-004513,comparison
TR-005765,inner_fit
TR-006190,inner_fit
TR-009129,inner_stop
TR-009603,inner_fit
TR-001425,inner_fit
TR-005775,inner_stop
TR-007090,inner_fit
TR-009392,inner_fit
TR-000612,inner_fit
TR-000875,inner_fit
TR-001167,inner_fit
TR-001198,inner_stop
TR-002825,inner_fit
TR-003363,inner_fit
TR-003713,inner_stop
TR-004099,inner_fit
TR-004169,comparison
TR-004990,inner_fit
TR-005239,inner_fit
TR-007855,inner_stop
TR-008122,inner_stop
TR-009828,comparison
TR-000641,inner_fit
TR-001095,inner_stop
TR-001469,inner_fit
TR-003470,inner_fit
TR-004346,comparison
TR-005935,comparison
TR-006176,inner_fit
TR-006215,inner_stop
TR-006490,comparison
TR-007282,inner_stop
TR-007503,inner_fit
TR-001011,comparison
TR-004029,comparison
TR-006565,inner_fit
TR-007097,inner_fit
TR-007766,inner_fit
TR-008457,inner_fit
TR-009359,inner_fit
TR-009745,inner_fit
TR-000617,inner_fit
TR-000824,inner_fit
TR-002491,comparison
TR-003642,inner_fit
TR-004094,inner_fit
TR-005306,inner_fit
TR-006292,inner_fit
TR-006942,inner_fit
TR-007368,comparison
TR-009328,comparison
TR-009752,inner_stop
TR-001810,comparison
TR-002916,comparison
TR-004384,inner_fit
TR-005446,comparison
TR-005817,inner_fit
TR-006348,inner_fit
TR-007052,inner_fit
TR-007469,inner_fit
TR-009747,inner_fit
TR-009763,inner_fit
TR-009792,inner_fit
TR-002120,inner_stop
TR-002709,inner_fit
TR-004464,comparison
TR-004774,inner_fit
TR-005111,comparison
TR-008634,inner_fit
TR-008776,inner_fit
TR-009356,comparison
TR-000040,inner_fit
TR-002931,inner_fit
TR-004679,inner_fit
TR-005366,inner_fit
TR-008268,comparison
TR-008810,inner_stop
TR-009595,inner_fit
TR-009992,inner_fit
TR-000159,inner_fit
TR-000763,inner_fit
TR-002390,inner_stop
TR-002395,inner_fit
TR-004002,inner_fit
TR-004177,inner_fit
TR-005652,inner_fit
TR-005787,inner_stop
TR-006110,inner_fit
TR-006442,inner_fit
TR-008533,inner_fit
TR-001702,inner_fit
TR-002252,inner_stop
TR-003904,inner_fit
TR-003995,inner_fit
TR-004256,comparison
TR-004644,comparison
TR-004689,inner_fit
TR-005105,inner_fit
TR-005369,inner_fit
TR-006489,inner_fit
TR-006617,inner_stop
TR-006982,comparison
TR-007133,comparison
TR-008401,inner_fit
TR-000275,inner_fit
TR-003153,inner_stop
TR-003180,inner_stop
TR-008428,inner_fit
TR-005798,inner_fit
TR-006685,inner_fit
TR-007163,comparison
TR-007493,comparison
TR-008072,inner_fit
TR-008943,inner_fit
TR-009021,inner_fit
TR-000611,inner_stop
TR-003591,inner_fit
TR-006411,inner_stop
TR-009558,comparison
TR-000855,inner_fit
TR-001044,comparison
TR-001836,comparison
TR-003355,inner_fit
TR-003888,inner_fit
TR-004039,inner_stop
TR-004452,inner_stop
TR-004832,inner_fit
TR-004952,comparison
TR-005646,inner_fit
TR-005739,inner_stop
TR-006195,inner_fit
TR-008469,inner_stop
TR-008503,inner_stop
TR-008531,inner_fit
TR-008690,inner_fit
TR-008788,inner_fit
TR-008863,inner_fit
TR-000933,inner_fit
TR-002448,inner_stop
TR-006049,inner_fit
TR-006098,inner_fit
TR-006915,inner_fit
TR-006999,inner_stop
TR-008654,inner_fit
TR-009406,inner_fit
TR-002397,inner_fit
TR-006139,inner_fit
TR-007458,inner_stop
TR-004569,inner_fit
TR-005811,inner_fit
TR-006523,comparison
TR-007058,inner_fit
TR-007166,inner_fit
TR-008004,inner_fit
TR-000091,inner_fit
TR-000484,inner_fit
TR-000492,comparison
TR-001458,inner_fit
TR-001717,inner_fit
TR-001885,inner_fit
TR-002969,inner_fit
TR-003697,inner_fit
TR-003989,inner_stop
TR-005015,inner_stop
TR-005195,inner_stop
TR-007327,inner_stop
TR-008190,inner_fit
TR-002679,inner_fit
TR-003019,inner_stop
TR-003862,inner_fit
TR-003981,comparison
TR-005350,comparison
TR-007307,inner_stop
TR-007659,inner_stop
TR-008438,inner_fit
TR-001495,inner_fit
TR-002784,inner_stop
TR-003618,inner_fit
TR-008425,inner_fit
TR-008451,inner_stop
TR-008612,inner_fit
TR-001300,comparison
TR-002562,inner_fit
TR-003064,inner_fit
TR-005869,inner_fit
TR-006096,inner_fit
TR-007415,comparison
TR-007485,inner_fit
TR-008449,inner_fit
TR-008487,inner_fit
TR-001970,inner_fit
TR-002337,comparison
TR-002809,inner_fit
TR-003496,comparison
TR-004197,inner_stop
TR-005191,inner_stop
TR-007935,inner_fit
TR-008849,inner_fit
TR-000450,comparison
TR-001306,inner_stop
TR-001805,comparison
TR-001889,inner_fit
TR-002835,inner_fit
TR-004484,inner_fit
TR-005871,inner_fit
TR-006004,inner_stop
TR-008048,inner_fit
TR-008662,inner_fit
TR-000493,inner_stop
TR-002486,comparison
TR-002718,inner_fit
TR-004814,inner_stop
TR-005154,inner_fit
TR-005933,inner_stop
TR-008696,inner_fit
TR-009347,comparison
TR-001587,inner_stop
TR-006405,inner_fit
TR-008479,comparison
TR-008618,inner_fit
TR-008734,comparison
TR-008870,inner_fit
TR-000304,inner_stop
TR-001803,comparison
TR-003376,inner_fit
TR-003621,inner_fit
TR-004723,inner_fit
TR-004981,comparison
TR-007748,inner_fit
TR-008664,inner_fit
TR-009552,comparison
TR-009797,comparison
TR-000279,inner_fit
TR-000547,comparison
TR-001277,inner_fit
TR-001652,inner_fit
TR-003135,inner_fit
TR-004809,inner_fit
TR-005091,inner_fit
TR-005947,inner_fit
TR-006686,inner_fit
TR-008455,comparison
TR-008957,inner_stop
TR-009610,inner_stop
TR-003811,inner_fit
TR-004008,comparison
TR-005591,inner_fit
TR-006015,comparison
TR-006035,inner_fit
TR-008787,inner_stop
TR-009955,inner_stop
TR-000087,inner_fit
TR-000301,inner_fit
TR-000777,inner_fit
TR-000944,inner_fit
TR-001009,inner_fit
TR-003593,inner_fit
TR-004157,inner_stop
TR-005258,inner_fit
TR-005560,inner_stop
TR-009847,inner_fit
TR-002097,comparison
TR-002162,inner_fit
TR-002610,inner_fit
TR-004490,comparison
TR-004497,inner_fit
TR-004741,inner_fit
TR-005612,comparison
TR-005758,inner_fit
TR-006673,inner_fit
TR-009264,comparison
TR-009634,comparison
TR-000506,inner_fit
TR-001534,inner_fit
TR-004526,inner_fit
TR-005307,inner_fit
TR-006435,inner_fit
TR-006898,inner_fit
TR-006990,comparison
TR-007596,inner_fit
TR-007600,comparison
TR-009203,inner_stop
TR-009265,inner_stop
TR-004576,inner_stop
TR-005604,inner_fit
TR-007917,inner_fit
TR-008159,inner_fit
TR-008754,inner_fit
TR-000300,inner_stop
TR-001343,inner_fit
TR-004028,inner_fit
TR-004230,inner_fit
TR-004705,comparison
TR-004863,inner_fit
TR-005025,inner_fit
TR-005142,inner_stop
TR-006645,inner_stop
TR-008365,inner_stop
TR-009570,inner_fit
TR-009824,inner_fit
TR-002569,comparison
TR-002762,inner_fit
TR-003191,inner_fit
TR-004601,inner_fit
TR-006305,inner_stop
TR-006844,comparison
TR-008034,inner_fit
TR-008629,inner_fit
TR-009475,inner_fit
TR-009484,comparison
TR-002160,comparison
TR-002277,inner_stop
TR-002304,inner_fit
TR-002710,inner_fit
TR-003057,inner_fit
TR-004621,inner_stop
TR-006594,comparison
TR-009022,comparison
TR-009219,comparison
TR-009788,inner_stop
TR-000460,inner_fit
TR-002581,comparison
TR-004538,inner_stop
TR-005794,inner_fit
TR-006749,inner_stop
TR-008114,inner_stop
TR-008394,inner_fit
TR-008955,inner_fit
TR-001511,inner_stop
TR-002314,inner_fit
TR-002717,inner_stop
TR-002740,inner_stop
TR-003828,inner_stop
TR-004767,comparison
TR-006023,inner_fit
TR-006575,inner_fit
TR-007703,inner_fit
TR-007952,inner_fit
TR-008374,inner_fit
TR-009176,inner_fit
TR-009461,inner_fit
TR-009991,inner_fit
TR-000226,inner_fit
TR-000681,inner_fit
TR-002981,inner_fit
TR-004348,inner_fit
TR-005559,inner_fit
TR-006071,comparison
TR-007497,comparison
TR-007997,inner_stop
TR-008366,inner_fit
TR-000555,inner_fit
TR-001757,inner_fit
TR-001926,inner_fit
TR-002282,inner_fit
TR-004790,comparison
TR-007995,comparison
TR-009298,inner_fit
TR-009387,inner_stop
TR-009431,comparison
TR-000020,inner_fit
TR-002774,inner_fit
TR-004129,inner_fit
TR-004213,comparison
TR-007763,inner_fit
TR-009293,inner_fit
TR-009303,inner_fit
TR-009594,inner_fit
TR-000205,inner_fit
TR-004080,inner_fit
TR-005453,inner_fit
TR-005613,inner_stop
TR-007352,inner_stop
TR-009560,inner_fit
TR-001843,inner_stop
TR-003091,comparison
TR-003256,inner_fit
TR-004804,inner_fit
TR-005254,inner_fit
TR-006214,inner_fit
TR-006271,inner_fit
TR-007250,inner_fit
TR-008127,inner_stop
TR-008721,inner_stop
TR-000090,inner_fit
TR-000246,inner_fit
TR-002159,inner_fit
TR-002885,inner_fit
TR-003431,inner_stop
TR-005130,inner_fit
TR-005251,inner_fit
TR-005312,comparison
TR-005681,inner_fit
TR-006132,inner_fit
TR-008284,inner_stop
TR-003477,comparison
TR-004345,inner_fit
TR-004420,inner_stop
TR-005039,inner_fit
TR-005667,comparison
TR-006447,inner_fit
TR-006592,inner_fit
TR-008258,inner_fit
TR-008413,inner_fit
TR-008567,inner_fit
TR-008872,inner_stop
TR-003855,inner_stop
TR-003997,inner_stop
TR-004201,comparison
TR-006927,inner_fit
TR-000258,inner_stop
TR-000760,inner_fit
TR-001113,inner_fit
TR-001947,comparison
TR-002547,comparison
TR-003131,comparison
TR-003871,inner_fit
TR-004215,inner_fit
TR-005053,inner_fit
TR-005498,comparison
TR-005946,comparison
TR-006541,inner_fit
TR-000907,inner_fit
TR-001820,comparison
TR-002459,comparison
TR-003077,comparison
TR-004525,inner_stop
TR-004951,inner_fit
TR-005205,inner_fit
TR-006072,inner_fit
TR-007949,inner_fit
TR-008237,inner_fit
TR-001122,inner_fit
TR-003495,inner_fit
TR-003732,inner_fit
TR-005506,inner_fit
TR-005631,inner_fit
TR-006380,inner_fit
TR-009200,inner_fit
TR-009375,inner_stop
TR-001166,comparison
TR-003973,inner_stop
TR-004321,inner_stop
TR-004340,inner_fit
TR-006095,comparison
TR-006274,inner_fit
TR-006307,inner_fit
TR-007271,inner_fit
TR-008084,inner_fit
TR-008136,inner_fit
TR-008231,inner_fit
TR-008793,inner_stop
TR-009237,inner_fit
TR-009272,inner_stop
TR-009943,inner_stop
TR-000218,inner_stop
TR-001215,inner_fit
TR-002330,inner_fit
TR-002834,inner_stop
TR-003906,inner_fit
TR-004264,inner_stop
TR-004744,inner_fit
TR-006706,inner_fit
TR-000928,inner_fit
TR-001270,inner_fit
TR-001981,inner_fit
TR-003972,inner_fit
TR-004350,inner_fit
TR-004424,inner_fit
TR-005433,inner_fit
TR-006817,inner_stop
TR-007669,inner_fit
TR-007818,comparison
TR-008082,inner_fit
TR-009012,inner_fit
TR-008551,inner_fit
TR-008599,inner_fit
TR-000009,inner_fit
TR-002482,inner_fit
TR-002524,comparison
TR-004076,inner_stop
TR-004181,inner_fit
TR-006080,inner_stop
TR-006473,inner_stop
TR-007461,inner_fit
TR-007520,inner_fit
TR-007612,inner_fit
TR-009651,inner_fit
TR-000179,inner_fit
TR-000448,inner_fit
TR-000900,inner_fit
TR-001531,comparison
TR-002051,inner_fit
TR-006237,inner_fit
TR-006306,comparison
TR-006462,inner_fit
TR-008466,inner_fit
TR-000250,comparison
TR-000573,inner_fit
TR-001094,inner_fit
TR-001153,inner_stop
TR-001406,inner_stop
TR-003790,inner_stop
TR-003842,inner_fit
TR-004057,inner_fit
TR-004278,inner_fit
TR-005158,inner_stop
TR-006116,comparison
TR-007976,comparison
TR-000398,inner_stop
TR-000961,inner_stop
TR-001826,comparison
TR-002623,inner_fit
TR-004323,inner_fit
TR-004599,inner_fit
TR-007093,inner_stop
TR-009457,inner_fit
TR-000517,inner_fit
TR-001948,inner_fit
TR-003895,inner_stop
TR-006664,inner_fit
TR-008552,inner_fit
TR-009380,comparison
TR-009465,inner_fit
TR-000320,inner_fit
TR-000788,inner_fit
TR-002111,inner_fit
TR-002629,inner_fit
TR-005148,inner_fit
TR-005462,inner_stop
TR-007407,inner_stop
TR-008358,comparison
TR-001788,inner_fit
TR-003712,inner_stop
TR-003735,inner_stop
TR-003932,inner_fit
TR-005609,inner_fit
TR-006660,inner_fit
TR-006750,inner_stop
TR-007633,inner_fit
TR-001552,inner_fit
TR-002783,inner_fit
TR-003704,inner_fit
TR-003894,inner_stop
TR-004467,inner_stop
TR-005137,comparison
TR-006284,comparison
TR-006535,comparison
TR-007753,inner_fit
TR-007868,inner_fit
TR-009674,inner_fit
TR-000153,comparison
TR-001024,inner_fit
TR-001381,inner_fit
TR-003043,inner_fit
TR-003130,inner_fit
TR-003233,inner_stop
TR-003516,inner_stop
TR-004737,inner_stop
TR-005799,inner_fit
TR-006806,inner_stop
TR-007084,inner_fit
TR-000720,inner_stop
TR-002101,comparison
TR-002973,inner_fit
TR-006014,inner_fit
TR-006482,comparison
TR-001028,inner_fit
TR-001057,inner_fit
TR-001617,inner_fit
TR-003490,inner_fit
TR-003679,comparison
TR-007151,inner_fit
TR-007445,inner_fit
TR-008854,inner_fit
TR-009531,comparison
TR-009620,comparison
TR-009757,inner_fit
TR-000896,inner_fit
TR-001293,comparison
TR-001545,inner_fit
TR-001814,inner_fit
TR-005623,inner_fit
TR-005953,comparison
TR-006163,inner_fit
TR-007152,inner_stop
TR-007434,inner_fit
TR-000029,inner_fit
TR-001344,inner_fit
TR-002416,inner_fit
TR-005932,inner_fit
TR-006134,inner_fit
TR-007988,inner_fit
TR-008011,inner_fit
TR-008805,inner_fit
TR-009144,comparison
TR-009236,comparison
TR-009880,inner_fit
TR-001486,inner_fit
TR-001846,comparison
TR-003120,inner_fit
TR-004021,inner_fit
TR-004669,inner_stop
TR-006038,inner_fit
TR-001801,inner_stop
TR-001888,inner_fit
TR-003865,inner_fit
TR-005581,inner_fit
TR-007238,inner_fit
TR-007675,inner_fit
TR-007827,inner_stop
TR-002084,inner_fit
TR-002965,inner_fit
TR-003809,comparison
TR-004879,comparison
TR-005387,inner_stop
TR-005857,inner_fit
TR-008343,inner_fit
TR-000649,inner_fit
TR-000853,inner_fit
TR-001619,inner_stop
TR-001886,inner_stop
TR-004392,inner_stop
TR-005654,inner_fit
TR-007389,inner_fit
TR-000038,inner_stop
TR-001779,inner_fit
TR-001890,inner_fit
TR-001914,comparison
TR-002854,inner_fit
TR-007525,inner_fit
TR-009780,inner_fit
TR-001872,inner_stop
TR-002582,inner_fit
TR-006127,comparison
TR-009858,inner_fit
TR-003605,inner_fit
TR-003655,inner_fit
TR-004516,inner_fit
TR-005627,inner_fit
TR-006372,inner_fit
TR-006825,inner_stop
TR-007604,comparison
TR-009877,inner_fit
TR-000515,comparison
TR-001091,inner_stop
TR-002133,comparison
TR-003357,inner_fit
TR-006668,inner_fit
TR-007441,inner_fit
TR-007523,inner_fit
TR-007836,inner_fit
TR-007968,inner_fit
TR-009680,inner_stop
TR-000140,inner_fit
TR-001768,inner_fit
TR-002494,inner_fit
TR-004528,inner_fit
TR-006158,inner_fit
TR-008404,inner_fit
TR-009013,inner_fit
TR-000746,inner_fit
TR-002349,inner_fit
TR-002719,comparison
TR-004454,inner_fit
TR-004937,inner_fit
TR-005918,inner_fit
TR-006852,inner_fit
TR-009214,inner_fit
TR-001537,inner_fit
TR-004142,inner_fit
TR-006676,comparison
TR-007240,inner_stop
TR-008562,inner_stop
TR-008708,inner_fit
TR-000338,inner_fit
TR-000670,comparison
TR-001376,inner_stop
TR-001868,inner_stop
TR-004244,inner_stop
TR-005851,inner_fit
TR-005868,comparison
TR-007501,comparison
TR-009186,comparison
TR-001390,inner_fit
TR-003084,inner_stop
TR-003347,inner_fit
TR-006488,inner_fit
TR-006796,inner_fit
TR-007564,inner_fit
TR-000173,inner_fit
TR-003854,inner_stop
TR-003915,inner_fit
TR-004532,comparison
TR-005884,inner_fit
TR-006068,comparison
TR-006118,inner_fit
TR-006728,inner_fit
TR-007460,inner_stop
TR-007593,inner_fit
TR-008751,comparison
TR-008866,inner_fit
TR-001752,inner_fit
TR-002704,inner_stop
TR-002736,comparison
TR-003672,inner_stop
TR-004166,inner_fit
TR-004430,inner_fit
TR-006720,inner_stop
TR-006810,inner_fit
TR-007205,inner_fit
TR-009053,inner_stop
TR-003206,inner_fit
TR-004692,inner_fit
TR-004841,inner_fit
TR-005474,inner_fit
TR-008947,inner_fit
TR-001598,inner_stop
TR-003418,inner_stop
TR-003566,inner_fit
TR-004044,inner_fit
TR-004092,comparison
TR-004118,inner_fit
TR-000207,inner_fit
TR-000740,inner_stop
TR-001157,inner_fit
TR-001715,inner_fit
TR-002504,inner_fit
TR-002894,inner_fit
TR-003216,inner_fit
TR-003848,inner_stop
TR-008022,inner_stop
TR-008306,comparison
TR-000178,inner_fit
TR-000679,inner_fit
TR-002110,inner_fit
TR-002420,inner_fit
TR-004274,inner_fit
TR-004610,inner_fit
TR-005037,inner_fit
TR-005461,inner_fit
TR-006641,inner_fit
TR-007063,comparison
TR-008398,inner_fit
TR-009724,inner_fit
TR-001494,inner_fit
TR-001677,inner_stop
TR-002812,inner_fit
TR-006355,inner_fit
TR-007236,inner_fit
TR-001102,inner_stop
TR-001322,comparison
TR-001404,inner_fit
TR-001614,comparison
TR-001816,inner_fit
TR-002781,inner_stop
TR-002833,inner_fit
TR-003954,inner_fit
TR-004227,comparison
TR-005931,comparison
TR-006882,inner_stop
TR-009225,inner_fit
TR-000067,inner_fit
TR-001415,comparison
TR-001927,inner_fit
TR-002032,inner_fit
TR-002372,inner_stop
TR-002978,inner_fit
TR-003288,inner_fit
TR-005264,inner_fit
TR-006717,inner_fit
TR-000467,inner_fit
TR-000626,inner_fit
TR-000869,inner_fit
TR-002644,comparison
TR-003872,inner_fit
TR-004408,inner_fit
TR-006951,inner_fit
TR-008480,inner_fit
TR-009893,inner_fit
TR-000024,inner_fit
TR-000104,inner_fit
TR-001818,comparison
TR-002153,inner_fit
TR-004906,inner_fit
TR-006910,inner_fit
TR-007727,inner_fit
TR-009976,inner_fit
TR-001049,comparison
TR-001937,inner_fit
TR-003352,inner_fit
TR-003999,inner_fit
TR-004063,inner_fit
TR-006170,comparison
TR-007466,inner_fit
TR-008168,inner_fit
TR-000360,inner_fit
TR-001474,inner_stop
TR-001590,inner_fit
TR-002411,inner_fit
TR-002992,comparison
TR-003461,comparison
TR-005161,inner_fit
TR-007920,inner_fit
TR-009979,comparison
TR-003424,inner_stop
TR-004960,inner_fit
TR-006268,inner_fit
TR-007256,inner_fit
TR-007335,inner_stop
TR-007712,inner_fit
TR-009874,comparison
TR-001453,inner_fit
TR-001773,inner_fit
TR-002744,inner_fit
TR-004139,inner_fit
TR-005404,inner_fit
TR-006600,inner_fit
TR-006864,comparison
TR-007340,comparison
TR-007562,inner_stop
TR-008196,comparison
TR-009009,inner_fit
TR-002846,inner_fit
TR-002899,comparison
TR-004470,inner_fit
TR-006529,comparison
TR-007826,inner_stop
TR-008546,inner_fit
TR-009588,inner_fit
TR-001360,inner_fit
TR-001623,comparison
TR-001950,inner_fit
TR-003475,inner_fit
TR-003682,inner_fit
TR-004693,inner_fit
TR-005388,comparison
TR-007913,inner_stop
TR-000216,inner_stop
TR-000245,inner_stop
TR-001744,inner_fit
TR-001985,inner_fit
TR-002797,inner_fit
TR-004034,inner_fit
TR-004237,inner_fit
TR-004400,comparison
TR-004460,inner_fit
TR-007684,inner_fit
TR-008160,inner_fit
TR-008993,inner_fit
TR-000074,inner_fit
TR-002982,inner_fit
TR-003405,inner_fit
TR-003960,inner_fit
TR-005422,inner_fit
TR-005573,comparison
TR-006670,comparison
TR-007305,comparison
TR-007453,inner_fit
TR-009077,inner_fit
TR-009185,inner_fit
TR-009562,inner_fit
TR-009796,comparison
TR-000383,inner_fit
TR-002184,inner_fit
TR-002213,inner_fit
TR-004188,comparison
TR-005528,inner_fit
TR-005655,inner_fit
TR-006373,inner_fit
TR-007414,comparison
TR-008909,comparison
TR-000341,comparison
TR-000996,inner_fit
TR-001790,comparison
TR-002875,inner_fit
TR-003971,inner_stop
TR-004595,inner_fit
TR-005330,inner_fit
TR-007707,inner_fit
TR-008025,inner_stop
TR-008762,inner_fit
TR-009833,inner_stop
TR-001099,inner_fit
TR-002400,inner_fit
TR-003832,comparison
TR-003986,inner_fit
TR-004262,comparison
TR-004387,inner_fit
TR-004806,inner_fit
TR-004958,inner_stop
TR-005192,inner_fit
TR-006278,inner_fit
TR-007508,inner_fit
TR-007740,inner_fit
TR-009546,inner_fit
TR-009643,inner_fit
TR-000198,inner_fit
TR-000349,inner_stop
TR-001134,inner_fit
TR-001235,inner_fit
TR-004471,inner_fit
TR-004719,inner_stop
TR-006088,inner_stop
TR-006113,inner_fit
TR-006624,inner_stop
TR-009619,inner_fit
TR-009707,inner_fit
TR-000169,inner_fit
TR-001798,inner_fit
TR-002105,comparison
TR-003760,inner_fit
TR-004079,comparison
TR-005276,inner_fit
TR-005728,comparison
TR-006092,inner_fit
TR-006476,inner_fit
TR-006606,inner_fit
TR-007945,inner_fit
TR-008520,inner_stop
TR-008891,comparison
TR-008913,comparison
TR-009704,inner_fit
TR-009798,inner_fit
TR-000141,inner_stop
TR-000315,inner_fit
TR-001342,comparison
TR-001824,inner_fit
TR-001850,inner_stop
TR-005744,inner_fit
TR-006612,inner_stop
TR-007201,inner_fit
TR-007914,inner_stop
TR-008845,inner_stop
TR-000168,inner_fit
TR-001509,inner_fit
TR-001983,comparison
TR-003178,inner_fit
TR-004004,comparison
TR-004209,inner_fit
TR-004607,inner_fit
TR-005159,inner_fit
TR-006177,inner_fit
TR-007068,inner_fit
TR-007125,inner_fit
TR-007346,inner_stop
TR-007391,comparison
TR-009092,inner_fit
TR-009290,inner_fit
TR-001416,inner_fit
TR-001682,inner_fit
TR-001964,inner_stop
TR-002918,inner_stop
TR-003818,inner_stop
TR-004082,inner_fit
TR-004449,inner_fit
TR-004801,inner_fit
TR-005876,inner_fit
TR-006216,inner_fit
TR-006257,inner_fit
TR-008038,inner_stop
TR-008064,inner_fit
TR-008354,inner_fit
TR-001025,inner_fit
TR-001676,inner_fit
TR-002251,inner_fit
TR-004047,inner_fit
TR-005673,inner_fit
TR-005714,inner_fit
TR-006037,inner_fit
TR-006626,inner_fit
TR-007019,inner_stop
TR-007702,comparison
TR-009045,comparison
TR-009659,inner_fit
TR-009916,inner_fit
TR-000264,inner_fit
TR-000602,comparison
TR-002870,inner_fit
TR-004013,comparison
TR-004279,comparison
TR-006368,comparison
TR-006499,inner_fit
TR-007231,inner_fit
TR-003940,inner_stop
TR-004122,inner_fit
TR-004605,inner_fit
TR-007798,inner_fit
TR-008422,inner_fit
TR-009143,inner_fit
TR-000432,inner_fit
TR-002782,inner_fit
TR-004015,comparison
TR-005178,inner_fit
TR-006244,inner_fit
TR-008255,inner_stop
TR-008851,inner_fit
TR-000046,inner_fit
TR-001133,inner_fit
TR-001233,inner_stop
TR-001513,inner_fit
TR-003419,inner_fit
TR-004660,inner_fit
TR-005793,inner_stop
TR-006057,inner_fit
TR-006986,inner_fit
TR-007403,inner_fit
TR-007480,inner_fit
TR-008377,comparison
TR-008843,inner_fit
TR-001195,inner_stop
TR-001582,comparison
TR-003345,inner_fit
TR-004351,inner_fit
TR-005539,comparison
TR-007672,inner_stop
TR-009403,inner_fit
TR-000324,comparison
TR-001767,inner_fit
TR-002635,comparison
TR-003257,inner_fit
TR-003486,comparison
TR-004520,inner_stop
TR-005400,inner_fit
TR-005770,comparison
TR-009204,inner_fit
TR-009255,comparison
TR-009458,inner_fit
TR-000584,inner_fit
TR-003594,comparison
TR-003903,inner_fit
TR-004535,comparison
TR-008069,inner_fit
TR-008637,inner_fit
TR-003664,inner_fit
TR-004803,comparison
TR-005034,inner_stop
TR-007584,comparison
TR-009242,inner_fit
TR-000192,inner_fit
TR-002682,inner_fit
TR-004640,inner_fit
TR-004956,inner_fit
TR-007334,inner_fit
TR-000382,comparison
TR-001056,inner_fit
TR-001308,inner_stop
TR-002953,comparison
TR-003438,comparison
TR-004110,comparison
TR-005815,comparison
TR-007265,inner_stop
TR-007402,comparison
TR-007931,comparison
TR-008379,inner_fit
TR-008746,inner_stop
TR-009199,inner_fit
TR-001042,inner_fit
TR-001285,inner_fit
TR-002878,comparison
TR-003289,inner_fit
TR-003319,inner_fit
TR-003799,comparison
TR-003935,comparison
TR-005584,inner_fit
TR-006310,inner_fit
TR-006413,comparison
TR-007226,inner_fit
TR-007560,inner_fit
TR-008042,inner_fit
TR-000214,inner_stop
TR-001865,inner_stop
TR-002827,inner_stop
TR-003333,comparison
TR-004472,inner_stop
TR-005987,inner_fit
TR-007428,inner_fit
TR-008731,inner_fit
TR-009932,inner_stop
TR-002033,inner_stop
TR-002418,comparison
TR-002942,inner_fit
TR-003295,inner_fit
TR-003833,inner_fit
TR-003869,inner_fit
TR-004667,inner_fit
TR-005397,inner_fit
TR-005845,inner_fit
TR-007064,inner_fit
TR-002288,comparison
TR-004602,inner_fit
TR-007255,comparison
TR-008017,inner_fit
TR-008325,inner_fit
TR-009378,inner_fit
TR-001971,inner_fit
TR-004550,inner_stop
TR-005963,inner_fit
TR-006125,inner_fit
TR-006648,inner_stop
TR-007124,comparison
TR-007439,inner_fit
TR-000474,comparison
TR-001127,inner_fit
TR-001834,inner_fit
TR-002037,inner_fit
TR-002125,comparison
TR-003221,inner_fit
TR-006367,inner_fit
TR-006716,inner_stop
TR-009919,comparison
TR-000992,inner_fit
TR-001185,comparison
TR-003788,inner_stop
TR-004948,inner_stop
TR-007032,inner_fit
TR-007067,inner_fit
TR-007421,inner_stop
TR-007658,inner_stop
TR-000785,inner_fit
TR-001301,comparison
TR-003236,inner_stop
TR-005379,inner_fit
TR-005849,inner_fit
TR-007758,inner_fit
TR-008445,inner_fit
TR-008591,inner_fit
TR-000719,inner_fit
TR-001030,inner_fit
TR-001061,inner_fit
TR-001782,inner_stop
TR-002144,inner_fit
TR-002897,inner_fit
TR-005296,inner_stop
TR-005636,comparison
TR-006347,inner_fit
TR-007136,inner_fit
TR-008054,inner_stop
TR-009761,comparison
TR-000866,inner_stop
TR-001636,comparison
TR-001934,inner_fit
TR-003147,comparison
TR-004577,inner_fit
TR-004795,inner_fit
TR-004988,inner_fit
TR-005314,inner_fit
TR-005391,inner_fit
TR-007699,inner_fit
TR-009197,inner_fit
TR-000006,comparison
TR-000154,inner_fit
TR-003294,inner_fit
TR-005754,inner_fit
TR-006025,comparison
TR-007838,inner_fit
TR-007840,inner_stop
TR-007927,inner_fit
TR-009032,inner_fit
TR-001615,comparison
TR-002519,inner_stop
TR-002720,comparison
TR-003576,inner_fit
TR-006824,comparison
TR-009472,inner_fit
TR-000344,comparison
TR-000518,inner_fit
TR-003176,inner_stop
TR-004813,inner_fit
TR-005958,inner_stop
TR-007673,inner_fit
TR-000256,comparison
TR-001108,inner_fit
TR-001365,inner_stop
TR-001822,inner_fit
TR-002839,inner_fit
TR-003027,comparison
TR-003880,inner_fit
TR-004658,inner_fit
TR-004728,comparison
TR-004873,inner_fit
TR-004996,comparison
TR-006735,comparison
TR-007555,comparison
TR-008932,comparison
TR-003446,inner_stop
TR-004024,inner_fit
TR-004221,inner_stop
TR-006313,inner_fit
TR-007622,inner_fit
TR-007842,inner_fit
TR-008914,comparison
TR-009872,inner_fit
TR-003699,inner_stop
TR-005136,comparison
TR-008541,inner_fit
TR-008831,inner_stop
TR-009717,inner_fit
TR-000786,comparison
TR-001088,inner_stop
TR-003622,inner_fit
TR-004135,inner_fit
TR-004410,comparison
TR-004635,inner_fit
TR-006087,inner_fit
TR-007356,inner_fit
TR-007732,inner_fit
TR-008431,inner_fit
TR-008749,inner_fit
TR-009301,inner_fit
TR-004022,inner_fit
TR-004458,inner_fit
TR-004893,inner_fit
TR-004945,inner_stop
TR-005147,inner_fit
TR-005228,comparison
TR-005413,inner_fit
TR-005451,inner_fit
TR-005490,inner_fit
TR-006761,inner_fit
TR-008806,comparison
TR-009326,inner_stop
TR-009351,inner_fit
TR-009604,inner_fit
TR-001204,inner_fit
TR-005150,inner_fit
TR-008333,inner_stop
TR-009690,inner_stop
TR-000047,comparison
TR-002022,inner_stop
TR-002098,comparison
TR-004064,inner_fit
TR-004678,comparison
TR-004972,inner_fit
TR-005141,inner_fit
TR-008130,inner_stop
TR-009388,inner_stop
TR-000849,inner_fit
TR-001463,inner_stop
TR-002340,comparison
TR-003323,comparison
TR-004257,inner_fit
TR-004797,inner_fit
TR-005090,comparison
TR-005281,inner_stop
TR-005835,inner_fit
TR-007417,inner_fit
TR-007706,inner_fit
TR-007885,inner_stop
TR-008002,inner_fit
TR-001431,inner_stop
TR-004955,inner_fit
TR-007264,inner_fit
TR-008232,comparison
TR-008836,inner_stop
TR-009136,inner_fit
TR-001092,comparison
TR-002273,inner_fit
TR-005089,inner_fit
TR-007030,inner_fit
TR-008936,inner_fit
TR-000013,comparison
TR-000817,inner_fit
TR-000862,inner_fit
TR-001305,inner_stop
TR-002450,comparison
TR-002534,inner_stop
TR-003857,inner_fit
TR-004573,inner_fit
TR-005030,inner_stop
TR-005524,inner_stop
TR-006822,inner_fit
TR-008252,inner_fit
TR-008300,inner_fit
TR-005472,inner_fit
TR-006344,comparison
TR-006918,comparison
TR-007476,comparison
TR-007697,inner_fit
TR-008274,inner_fit
TR-000036,inner_stop
TR-001302,inner_stop
TR-002114,inner_fit
TR-003161,inner_fit
TR-003782,comparison
TR-003843,inner_stop
TR-004721,inner_fit
TR-006129,inner_stop
TR-007370,inner_fit
TR-007859,inner_fit
TR-009542,inner_fit
TR-000138,inner_stop
TR-000220,inner_fit
TR-002040,inner_fit
TR-002359,inner_fit
TR-002531,inner_fit
TR-005996,inner_stop
TR-008289,inner_fit
TR-008605,inner_fit
TR-008620,inner_fit
TR-008786,comparison
TR-008853,inner_fit
TR-000097,inner_stop
TR-000771,inner_fit
TR-003023,inner_fit
TR-004391,inner_fit
TR-004933,inner_fit
TR-006426,inner_stop
TR-006548,comparison
TR-008197,inner_fit
TR-008240,comparison
TR-008376,inner_fit
TR-008412,inner_fit
TR-000135,inner_stop
TR-002240,inner_fit
TR-004465,inner_fit
TR-005742,inner_fit
TR-006182,inner_fit
TR-006209,comparison
TR-006620,inner_fit
TR-007189,inner_stop
TR-009901,inner_stop
TR-000951,inner_fit
TR-001785,comparison
TR-002077,inner_fit
TR-003429,comparison
TR-003433,comparison
TR-004073,inner_fit
TR-004545,inner_stop
TR-005436,inner_fit
TR-006446,inner_stop
TR-006643,inner_fit
TR-007144,inner_fit
TR-008083,inner_fit
TR-009641,inner_fit
TR-009890,inner_fit
TR-000187,inner_fit
TR-000715,comparison
TR-001380,inner_stop
TR-004000,inner_fit
TR-005908,inner_fit
TR-007339,comparison
TR-007649,comparison
TR-009975,inner_fit
TR-002382,comparison
TR-002438,inner_fit
TR-003409,inner_fit
TR-003497,comparison
TR-004777,comparison
TR-004850,comparison
TR-006537,comparison
TR-007367,comparison
TR-008045,inner_fit
TR-008067,inner_stop
TR-009842,inner_stop
TR-000757,comparison
TR-001171,comparison
TR-004186,inner_fit
TR-005907,inner_stop
TR-007426,comparison
TR-008484,comparison
TR-008741,comparison
TR-009428,inner_fit
TR-002660,inner_fit
TR-004634,inner_fit
TR-006076,inner_fit
TR-007943,inner_fit
TR-008569,inner_fit
TR-009474,inner_stop
TR-009778,comparison
TR-000118,inner_stop
TR-000585,inner_fit
TR-001128,inner_fit
TR-001756,inner_fit
TR-002447,inner_fit
TR-002560,inner_stop
TR-003563,comparison
TR-006642,inner_fit
TR-006678,inner_stop
TR-007373,comparison
TR-009073,inner_fit
TR-009681,inner_stop
TR-000060,inner_stop
TR-002361,inner_fit
TR-003571,inner_fit
TR-005098,inner_stop
TR-005598,inner_fit
TR-006174,inner_fit
TR-006354,inner_fit
TR-001839,inner_stop
TR-001944,inner_fit
TR-002516,inner_fit
TR-003793,inner_fit
TR-006786,inner_stop
TR-007110,inner_stop
TR-008396,inner_stop
TR-008467,inner_fit
TR-008883,inner_stop
TR-009170,inner_stop
TR-000924,inner_fit
TR-001913,inner_fit
TR-003660,inner_fit
TR-005431,inner_stop
TR-006691,inner_fit
TR-008036,inner_stop
TR-001219,inner_stop
TR-003149,inner_stop
TR-003628,inner_stop
TR-004662,comparison
TR-005481,comparison
TR-006396,inner_fit
TR-008639,inner_fit
TR-002389,inner_fit
TR-003136,inner_stop
TR-003377,inner_stop
TR-003587,inner_fit
TR-004835,inner_fit
TR-006752,inner_fit
TR-007122,inner_stop
TR-008318,inner_fit
TR-009210,inner_fit
TR-000144,inner_fit
TR-000594,inner_fit
TR-000839,inner_fit
TR-001412,inner_fit
TR-002225,comparison
TR-009376,comparison
TR-002564,inner_fit
TR-005012,comparison
TR-006939,inner_fit
TR-007139,inner_stop
TR-007765,inner_stop
TR-008332,inner_fit
TR-008638,inner_fit
TR-008775,comparison
TR-009671,inner_stop
TR-009871,inner_fit
TR-000023,inner_fit
TR-000906,inner_fit
TR-002092,inner_fit
TR-003371,comparison
TR-007761,inner_fit
TR-008440,inner_fit
TR-000587,inner_fit
TR-003009,comparison
TR-003152,inner_fit
TR-003900,comparison
TR-005278,inner_fit
TR-006058,inner_fit
TR-006975,comparison
TR-007627,inner_stop
TR-007934,comparison
TR-000034,inner_fit
TR-000235,inner_stop
TR-001845,inner_fit
TR-001991,comparison
TR-002326,inner_fit
TR-003585,inner_stop
TR-003918,inner_stop
TR-006104,comparison
TR-006323,inner_fit
TR-006415,inner_fit
TR-007024,comparison
TR-007726,comparison
TR-008517,comparison
TR-009117,inner_fit
TR-001084,comparison
TR-002350,comparison
TR-002401,comparison
TR-003380,inner_fit
TR-003408,comparison
TR-004600,inner_fit
TR-006842,comparison
TR-000491,inner_fit
TR-000708,inner_fit
TR-002799,inner_fit
TR-005241,inner_fit
TR-006064,comparison
TR-007220,inner_stop
TR-007769,comparison
TR-008233,inner_fit
TR-008946,inner_fit
TR-009590,inner_fit
TR-000001,inner_fit
TR-002661,comparison
TR-003209,inner_stop
TR-003774,comparison
TR-004700,inner_fit
TR-006224,comparison
TR-007169,comparison
TR-008000,inner_fit
TR-001160,comparison
TR-003137,inner_fit
TR-004529,inner_fit
TR-004666,inner_stop
TR-008372,inner_stop
TR-008609,comparison
TR-008986,inner_fit
TR-000048,inner_stop
TR-001784,inner_fit
TR-004869,inner_fit
TR-005220,inner_stop
TR-007824,comparison
TR-008493,inner_fit
TR-009178,comparison
TR-000581,inner_fit
TR-004046,inner_fit
TR-004069,inner_fit
TR-004152,inner_fit
TR-004765,inner_fit
TR-006062,inner_stop
TR-007448,inner_stop
TR-008099,inner_fit
TR-008761,inner_stop
TR-009800,inner_fit
TR-000150,inner_fit
TR-001565,comparison
TR-001931,inner_fit
TR-002231,inner_fit
TR-002268,inner_fit
TR-004017,inner_fit
TR-004574,inner_stop
TR-008007,comparison
TR-008014,comparison
TR-009760,inner_fit
TR-009829,inner_stop
TR-009875,inner_fit
TR-000929,inner_fit
TR-001071,inner_fit
TR-005216,inner_stop
TR-005640,inner_stop
TR-007662,comparison
TR-007701,inner_stop
TR-008794,inner_fit
TR-000789,comparison
TR-001894,comparison
TR-001979,inner_fit
TR-002601,inner_stop
TR-003122,inner_fit
TR-003183,inner_fit
TR-004307,inner_fit
TR-004882,inner_fit
TR-005881,comparison
TR-009451,inner_fit
TR-009521,comparison
TR-000439,inner_fit
TR-001595,inner_stop
TR-001639,comparison
TR-002195,comparison
TR-002228,inner_stop
TR-008583,inner_fit
TR-000700,inner_fit
TR-002239,inner_fit
TR-003450,comparison
TR-004037,inner_fit
TR-004363,inner_fit
TR-004756,inner_stop
TR-005731,inner_fit
TR-006086,inner_fit
TR-006300,inner_fit
TR-007730,inner_fit
TR-008061,inner_fit
TR-008223,comparison
TR-009770,inner_stop
TR-000879,inner_fit
TR-000956,inner_fit
TR-001374,inner_fit
TR-003549,inner_fit
TR-004696,inner_fit
TR-005224,inner_stop
TR-005432,inner_fit
TR-007061,inner_fit
TR-007660,inner_fit
TR-008743,inner_fit
TR-009517,inner_stop
TR-001436,inner_fit
TR-001775,comparison
TR-002561,inner_fit
TR-002696,inner_fit
TR-003639,comparison
TR-004771,inner_fit
TR-007386,inner_fit
TR-007401,inner_fit
TR-007704,inner_stop
TR-000850,inner_stop
TR-000958,comparison
TR-001021,inner_fit
TR-002352,inner_fit
TR-002445,comparison
TR-002673,inner_fit
TR-003054,inner_fit
TR-003066,inner_stop
TR-003479,inner_fit
TR-003826,inner_fit
TR-004123,inner_fit
TR-004226,inner_fit
TR-005540,comparison
TR-005716,inner_fit
TR-005809,inner_fit
TR-006971,inner_fit
TR-007308,inner_fit
TR-007574,comparison
TR-008406,inner_stop
TR-009617,inner_stop
TR-002856,inner_stop
TR-005061,inner_fit
TR-006710,comparison
TR-007168,comparison
TR-007797,inner_fit
TR-008450,inner_fit
TR-001143,inner_stop
TR-002019,inner_fit
TR-005311,comparison
TR-007397,inner_fit
TR-007423,inner_stop
TR-007780,inner_fit
TR-007925,inner_stop
TR-008385,inner_stop
TR-009632,inner_fit
TR-000265,inner_fit
TR-006422,inner_stop
TR-006585,comparison
TR-008066,inner_fit
TR-008339,inner_stop
TR-003089,inner_fit
TR-003349,inner_fit
TR-004637,inner_fit
TR-004828,inner_fit
TR-005300,inner_stop
TR-005779,inner_stop
TR-006121,comparison
TR-006964,inner_fit
TR-007284,inner_stop
TR-009001,inner_fit
TR-009395,inner_fit
TR-009787,inner_fit
TR-006515,inner_fit
TR-007344,inner_fit
TR-008201,inner_fit
TR-001665,inner_stop
TR-002695,inner_stop
TR-004701,inner_stop
TR-004730,inner_fit
TR-005749,inner_stop
TR-006846,inner_fit
TR-006860,inner_fit
TR-008273,inner_fit
TR-009367,inner_fit
TR-009673,inner_fit
TR-009938,inner_fit
TR-000197,inner_fit
TR-002342,inner_fit
TR-002614,inner_fit
TR-004302,comparison
TR-004306,inner_fit
TR-005260,inner_fit
TR-005367,comparison
TR-002986,inner_fit
TR-003094,comparison
TR-003752,inner_fit
TR-003955,comparison
TR-004625,inner_fit
TR-005213,inner_fit
TR-005283,inner_fit
TR-006270,comparison
TR-006352,inner_fit
TR-007685,inner_stop
TR-008101,inner_fit
TR-008288,inner_fit
TR-001669,inner_stop
TR-003309,inner_fit
TR-006081,comparison
TR-006213,comparison
TR-006451,inner_fit
TR-007277,inner_stop
TR-007392,inner_fit
TR-008247,inner_stop
TR-008265,inner_fit
TR-008548,inner_stop
TR-001939,inner_fit
TR-001982,comparison
TR-002908,inner_fit
TR-003196,inner_fit
TR-003280,comparison
TR-004522,comparison
TR-007053,inner_fit
TR-008979,inner_stop
TR-009232,inner_fit
TR-009412,inner_fit
TR-000172,inner_fit
TR-000371,inner_fit
TR-000972,inner_fit
TR-001180,inner_fit
TR-001459,comparison
TR-002070,inner_fit
TR-003535,inner_stop
TR-003538,inner_fit
TR-005245,inner_fit
TR-006009,comparison
TR-006702,inner_fit
TR-006907,inner_fit
TR-006985,comparison
TR-008286,comparison
TR-009294,inner_fit
TR-000367,inner_fit
TR-000535,comparison
TR-000945,inner_fit
TR-001287,inner_fit
TR-002095,inner_fit
TR-002640,inner_stop
TR-002936,comparison
TR-003874,inner_fit
TR-004388,inner_fit
TR-009244,inner_fit
TR-009906,inner_stop
TR-002559,inner_stop
TR-004998,inner_fit
TR-006315,inner_fit
TR-006357,comparison
TR-008395,comparison
TR-000664,inner_stop
TR-002539,inner_fit
TR-004155,comparison
TR-004162,inner_fit
TR-004204,comparison
TR-004399,comparison
TR-004707,inner_fit
TR-004971,comparison
TR-006259,inner_fit
TR-006465,inner_stop
TR-007095,inner_fit
TR-007828,inner_fit
TR-007924,inner_fit
TR-008060,inner_stop
TR-009818,inner_stop
TR-000054,comparison
TR-001461,inner_fit
TR-002325,comparison
TR-004394,inner_fit
TR-005365,inner_fit
TR-005979,comparison
TR-005997,inner_fit
TR-007086,inner_fit
TR-008071,inner_fit
TR-000826,inner_fit
TR-001103,inner_fit
TR-002651,inner_stop
TR-004090,inner_fit
TR-004897,comparison
TR-006925,comparison
TR-007750,inner_fit
TR-008107,inner_fit
TR-009479,inner_fit
TR-009846,inner_stop
TR-000055,inner_stop
TR-000130,inner_stop
TR-000263,inner_stop
TR-000404,inner_fit
TR-000717,inner_fit
TR-000755,inner_fit
TR-001105,inner_fit
TR-002345,inner_fit
TR-004482,inner_stop
TR-004870,inner_stop
TR-008321,inner_stop
TR-000388,inner_fit
TR-004172,inner_fit
TR-006383,comparison
TR-009625,comparison
TR-009664,inner_fit
TR-009713,inner_fit
TR-009857,inner_fit
TR-000787,comparison
TR-003114,comparison
TR-003129,inner_stop
TR-004773,inner_fit
TR-004908,comparison
TR-006952,inner_fit
TR-006963,inner_stop
TR-008341,inner_fit
TR-009836,comparison
TR-009839,inner_stop
TR-001013,comparison
TR-001930,inner_fit
TR-006180,inner_fit
TR-007217,comparison
TR-009389,inner_fit
TR-009583,inner_fit
TR-009746,comparison
TR-009887,inner_fit
TR-001221,inner_fit
TR-001334,inner_fit
TR-003970,comparison
TR-004509,comparison
TR-005396,inner_fit
TR-005736,inner_fit
TR-005750,inner_fit
TR-005762,comparison
TR-006333,inner_fit
TR-006427,inner_fit
TR-007304,comparison
TR-007954,comparison
TR-007962,inner_fit
TR-008518,inner_fit
TR-009373,inner_stop
TR-001082,inner_fit
TR-002365,inner_fit
TR-004949,inner_stop
TR-005206,inner_fit
TR-005477,inner_fit
TR-006290,inner_fit
TR-007570,inner_fit
TR-008827,inner_stop
TR-008906,inner_fit
TR-009525,inner_fit
TR-000943,inner_stop
TR-002490,inner_stop
TR-005385,comparison
TR-005771,inner_fit
TR-006172,inner_fit
TR-006410,inner_fit
TR-009599,inner_fit
TR-000999,inner_fit
TR-001746,inner_fit
TR-003234,inner_fit
TR-004871,inner_fit
TR-008246,inner_fit
TR-008617,inner_fit
TR-009536,inner_stop
TR-001794,inner_fit
TR-001988,comparison
TR-002276,inner_stop
TR-003680,inner_stop
TR-004207,comparison
TR-004547,inner_fit
TR-005702,inner_fit
TR-005823,inner_stop
TR-005999,inner_fit
TR-006619,comparison
TR-006876,inner_stop
TR-007635,comparison
TR-007651,inner_stop
TR-000183,inner_fit
TR-000591,inner_stop
TR-001101,inner_fit
TR-001732,inner_fit
TR-002135,inner_stop
TR-002329,inner_fit
TR-002879,inner_fit
TR-003329,inner_fit
TR-003737,comparison
TR-006555,inner_fit
TR-008215,inner_fit
TR-008752,inner_fit
TR-009208,comparison
TR-000634,inner_fit
TR-002669,inner_fit
TR-003331,inner_stop
TR-003404,inner_stop
TR-003631,inner_fit
TR-003844,comparison
TR-005286,comparison
TR-005288,inner_fit
TR-005458,comparison
TR-005605,comparison
TR-006836,inner_fit
TR-007000,inner_fit
TR-008861,inner_stop
TR-000821,inner_fit
TR-001728,inner_fit
TR-002681,inner_fit
TR-004409,comparison
TR-006744,comparison
TR-007910,inner_stop
TR-007970,inner_fit
TR-008144,inner_fit
TR-001006,inner_fit
TR-002257,inner_fit
TR-002701,inner_fit
TR-002922,comparison
TR-002941,inner_fit
TR-003142,inner_fit
TR-004673,inner_fit
TR-005637,inner_fit
TR-006245,inner_fit
TR-006251,inner_stop
TR-007207,comparison
TR-007601,comparison
TR-008063,inner_fit
TR-008553,inner_fit
TR-001643,comparison
TR-001778,comparison
TR-004992,inner_fit
TR-006748,inner_stop
TR-006847,comparison
TR-008824,comparison
TR-009251,inner_stop
TR-009682,inner_fit
TR-000014,inner_fit
TR-001232,comparison
TR-001832,inner_fit
TR-002155,inner_fit
TR-002301,inner_fit
TR-002789,comparison
TR-005198,inner_stop
TR-005709,inner_fit
TR-006225,inner_stop
TR-007821,comparison
TR-009840,comparison
TR-001402,inner_fit
TR-002632,inner_fit
TR-002905,inner_stop
TR-003220,inner_fit
TR-005882,inner_fit
TR-007586,inner_fit
TR-000295,comparison
TR-000361,inner_fit
TR-000625,comparison
TR-002508,comparison
TR-002721,inner_stop
TR-002824,inner_fit
TR-003182,inner_stop
TR-008015,comparison
TR-008573,inner_fit
TR-008636,inner_fit
TR-009164,inner_fit
TR-000468,inner_fit
TR-000677,inner_fit
TR-000781,inner_stop
TR-003541,inner_fit
TR-004651,comparison
TR-009291,inner_fit
TR-009805,inner_fit
TR-004686,inner_fit
TR-004878,comparison
TR-005469,inner_fit
TR-005888,comparison
TR-007506,inner_fit
TR-008878,inner_stop
TR-008930,inner_fit
TR-000451,inner_fit
TR-000623,inner_stop
TR-001290,inner_fit
TR-002826,inner_fit
TR-005911,inner_fit
TR-007038,inner_fit
TR-008218,inner_stop
TR-008291,inner_fit
TR-008982,inner_fit
TR-009055,inner_fit
TR-000784,inner_fit
TR-001874,inner_fit
TR-002030,inner_fit
TR-003327,inner_fit
TR-003396,inner_fit
TR-007416,comparison
TR-008889,comparison
TR-009040,inner_fit
TR-009315,inner_stop
TR-009549,inner_fit
TR-003802,inner_fit
TR-007749,inner_fit
TR-008514,inner_fit
TR-009247,inner_fit
TR-001022,inner_fit
TR-002177,comparison
TR-002449,inner_fit
TR-002535,inner_fit
TR-003215,inner_fit
TR-003943,comparison
TR-007292,inner_stop
TR-008989,inner_fit
TR-009482,inner_fit
TR-001252,inner_fit
TR-003068,inner_fit
TR-004234,inner_fit
TR-005693,comparison
TR-006705,inner_fit
TR-007557,inner_fit
TR-007559,inner_fit
TR-008529,inner_fit
TR-008894,inner_stop
TR-009016,inner_stop
TR-000596,inner_fit
TR-000684,inner_fit
TR-002207,comparison
TR-002488,comparison
TR-003282,inner_fit
TR-004837,inner_fit
TR-005068,inner_stop
TR-006889,inner_fit
TR-007588,inner_fit
TR-008390,comparison
TR-008622,inner_fit
TR-000863,inner_fit
TR-005375,inner_fit
TR-008497,inner_fit
TR-009622,inner_fit
TR-004481,inner_stop
TR-005341,inner_fit
TR-005558,inner_fit
TR-009755,inner_stop
TR-000524,comparison
TR-000848,inner_fit
TR-000927,comparison
TR-001564,inner_fit
TR-001917,inner_stop
TR-002047,inner_fit
TR-002503,comparison
TR-006760,inner_stop
TR-006791,inner_fit
TR-007026,inner_stop
TR-007272,inner_fit
TR-009397,inner_fit
TR-009995,inner_stop
TR-000380,inner_fit
TR-003602,inner_fit
TR-003615,inner_fit
TR-004035,inner_stop
TR-005153,inner_fit
TR-006140,inner_fit
TR-006820,inner_stop
TR-007767,inner_stop
TR-008586,inner_stop
TR-000052,comparison
TR-002001,inner_stop
TR-002020,inner_fit
TR-005238,inner_fit
TR-006731,comparison
TR-007805,inner_fit
TR-007980,inner_fit
TR-008901,inner_stop
TR-008934,inner_stop
TR-001558,inner_fit
TR-002015,inner_fit
TR-004646,inner_fit
TR-006019,inner_fit
TR-006738,inner_fit
TR-007060,comparison
TR-007170,inner_fit
TR-007779,comparison
TR-008169,inner_fit
TR-008597,inner_stop
TR-000136,inner_fit
TR-001043,comparison
TR-001976,inner_fit
TR-002254,inner_fit
TR-002938,comparison
TR-003581,comparison
TR-005056,inner_stop
TR-005504,inner_fit
TR-006301,comparison
TR-008209,inner_fit
TR-008364,inner_stop
TR-008789,inner_stop
TR-003473,inner_stop
TR-005564,comparison
TR-006034,comparison
TR-006117,inner_fit
TR-007527,inner_fit
TR-007698,inner_fit
TR-008140,inner_stop
TR-009561,inner_fit
TR-002999,comparison
TR-003305,inner_fit
TR-005825,inner_stop
TR-005964,inner_fit
TR-006241,inner_stop
TR-007036,inner_fit
TR-007071,comparison
TR-008115,inner_fit
TR-008842,inner_fit
TR-001244,inner_fit
TR-003188,inner_fit
TR-003238,inner_fit
TR-003681,inner_fit
TR-004205,inner_fit
TR-004495,inner_fit
TR-004735,inner_fit
TR-005291,inner_stop
TR-006522,inner_fit
TR-009783,inner_fit
TR-000215,inner_fit
TR-003976,comparison
TR-004298,comparison
TR-004867,inner_fit
TR-005001,comparison
TR-006029,inner_fit
TR-006754,comparison
TR-006890,inner_fit
TR-007771,comparison
TR-008086,comparison
TR-008727,inner_stop
TR-009306,inner_fit
TR-009371,inner_fit
TR-000559,inner_fit
TR-004789,inner_fit
TR-009468,inner_fit
TR-001257,comparison
TR-003957,comparison
TR-004266,inner_fit
TR-008753,comparison
TR-009089,inner_fit
TR-000991,comparison
TR-001002,comparison
TR-002551,comparison
TR-002819,inner_fit
TR-003388,inner_fit
TR-003551,comparison
TR-005229,inner_fit
TR-005922,inner_stop
TR-006026,comparison
TR-009950,comparison
TR-001997,inner_fit
TR-004132,inner_stop
TR-004597,inner_fit
TR-004645,inner_fit
TR-008035,inner_fit
TR-000454,inner_fit
TR-000660,inner_fit
TR-003658,comparison
TR-003905,inner_fit
TR-005394,comparison
TR-005995,inner_fit
TR-006699,inner_fit
TR-006765,inner_fit
TR-006887,inner_fit
TR-008219,inner_fit
TR-008722,inner_stop
TR-009020,inner_fit
TR-000234,inner_fit
TR-001172,inner_fit
TR-004433,comparison
TR-004993,inner_stop
TR-005075,inner_fit
TR-005578,comparison
TR-005755,comparison
TR-006027,comparison
TR-009023,comparison
TR-009743,inner_fit
TR-001694,inner_fit
TR-006122,inner_fit
TR-006149,inner_fit
TR-007366,inner_fit
TR-007978,inner_fit
TR-008912,inner_fit
TR-009307,inner_fit
TR-009592,inner_fit
TR-003016,inner_fit
TR-005374,inner_fit
TR-005489,inner_fit
TR-006433,inner_stop
TR-007809,inner_fit
TR-009161,inner_fit
TR-002988,inner_fit
TR-004757,inner_fit
TR-006275,inner_stop
TR-006532,inner_stop
TR-009968,inner_fit
TR-001700,inner_fit
TR-002150,inner_fit
TR-003251,inner_stop
TR-004210,comparison
TR-006534,inner_stop
TR-007882,inner_fit
TR-008616,inner_stop
TR-001759,comparison
TR-002855,inner_fit
TR-003106,comparison
TR-003265,comparison
TR-003434,comparison
TR-003868,inner_fit
TR-004280,inner_fit
TR-005818,inner_stop
TR-006827,inner_fit
TR-006869,inner_stop
TR-008481,inner_stop
TR-009038,inner_fit
TR-009116,comparison
TR-000151,inner_fit
TR-001624,comparison
TR-003912,inner_fit
TR-005126,inner_stop
TR-005970,inner_fit
TR-006343,inner_stop
TR-006353,inner_stop
TR-007471,inner_fit
TR-007566,inner_stop
TR-008221,inner_fit
TR-008308,inner_fit
TR-009106,inner_fit
TR-009288,inner_fit
TR-009407,inner_fit
TR-009466,inner_fit
TR-001364,inner_fit
TR-002297,inner_stop
TR-002378,inner_fit
TR-003063,inner_stop
TR-004768,comparison
TR-004929,inner_fit
TR-004964,inner_fit
TR-007447,inner_fit
TR-000440,inner_fit
TR-001362,inner_stop
TR-008657,inner_fit
TR-009841,inner_stop
TR-000554,inner_stop
TR-002175,inner_fit
TR-004781,comparison
TR-005290,inner_stop
TR-005689,inner_fit
TR-006388,inner_fit
TR-006630,comparison
TR-000818,inner_fit
TR-005944,inner_stop
TR-008206,comparison
TR-008329,inner_fit
TR-001525,inner_fit
TR-002583,inner_fit
TR-003033,inner_fit
TR-003757,inner_stop
TR-003876,inner_fit
TR-005740,inner_fit
TR-007802,inner_fit
TR-008862,inner_fit
TR-008875,inner_fit
TR-009095,inner_fit
TR-001338,inner_fit
TR-002334,comparison
TR-003050,inner_fit
TR-003092,inner_stop
TR-004486,inner_fit
TR-004805,inner_fit
TR-001231,comparison
TR-002132,inner_stop
TR-004382,inner_fit
TR-005574,inner_fit
TR-007253,inner_fit
TR-009048,comparison
TR-000075,inner_fit
TR-002817,inner_fit
TR-002904,inner_fit
TR-005562,inner_fit
TR-006850,inner_fit
TR-009442,inner_fit
TR-000797,inner_fit
TR-001243,inner_fit
TR-002594,comparison
TR-003667,inner_fit
TR-003727,comparison
TR-004419,comparison
TR-004708,inner_stop
TR-005959,inner_fit
TR-007244,comparison
TR-007613,inner_fit
TR-007816,inner_fit
TR-001909,inner_stop
TR-001980,inner_stop
TR-002186,inner_fit
TR-003100,inner_fit
TR-003574,inner_fit
TR-004195,inner_fit
TR-004851,comparison
TR-008602,inner_fit
TR-008613,inner_fit
TR-001207,inner_stop
TR-001695,inner_fit
TR-002274,inner_fit
TR-004457,inner_fit
TR-005180,comparison
TR-007187,inner_fit
TR-008537,comparison
TR-009663,inner_fit
TR-006739,inner_fit
TR-000731,inner_fit
TR-004373,inner_fit
TR-004697,inner_fit
TR-005715,inner_fit
TR-006570,inner_stop
TR-007619,inner_fit
TR-008498,comparison
TR-000206,inner_stop
TR-000314,inner_stop
TR-002983,inner_stop
TR-004518,inner_fit
TR-004587,inner_stop
TR-004997,inner_stop
TR-005218,inner_fit
TR-006397,inner_fit
TR-007355,inner_stop
TR-000576,comparison
TR-001129,inner_fit
TR-002841,comparison
TR-003889,inner_fit
TR-005014,inner_fit
TR-005821,inner_stop
TR-006248,inner_fit
TR-006623,inner_fit
TR-009124,inner_fit
TR-000774,comparison
TR-001295,comparison
TR-001870,comparison
TR-002656,inner_fit
TR-004030,inner_stop
TR-005013,inner_fit
TR-005049,inner_fit
TR-006342,inner_stop
TR-009035,inner_fit
TR-009565,inner_fit
TR-000003,comparison
TR-000530,inner_fit
TR-000658,inner_stop
TR-003038,inner_fit
TR-003140,inner_fit
TR-004334,inner_stop
TR-004462,inner_stop
TR-007306,inner_stop
TR-009672,inner_fit
TR-000086,inner_stop
TR-000638,inner_fit
TR-000856,inner_fit
TR-003110,inner_fit
TR-008621,comparison
TR-008968,comparison
TR-000354,inner_fit
TR-001346,comparison
TR-001899,inner_fit
TR-002964,inner_fit
TR-004115,inner_fit
TR-004198,inner_stop
TR-006175,inner_fit
TR-006536,inner_fit
TR-007404,inner_fit
TR-009134,comparison
TR-000100,inner_fit
TR-000486,inner_fit
TR-000490,inner_fit
TR-000780,inner_fit
TR-000948,comparison
TR-003719,inner_stop
TR-003952,inner_stop
TR-004153,inner_fit
TR-005660,inner_fit
TR-007638,inner_fit
TR-009374,inner_stop
TR-009803,inner_fit
TR-000728,comparison
TR-001125,comparison
TR-001547,inner_fit
TR-002126,inner_fit
TR-002493,inner_fit
TR-002634,inner_fit
TR-004183,inner_fit
TR-005259,inner_stop
TR-006477,inner_fit
TR-008175,inner_fit
TR-008272,inner_fit
TR-009071,inner_fit
TR-009791,inner_fit
TR-000340,inner_fit
TR-001445,inner_stop
TR-002811,inner_stop
TR-003428,inner_fit
TR-003439,inner_fit
TR-003985,inner_fit
TR-006609,inner_fit
TR-008303,inner_fit
TR-009311,comparison
TR-009854,inner_stop
TR-000298,inner_fit
TR-001838,inner_stop
TR-001935,inner_stop
TR-002226,comparison
TR-002269,inner_fit
TR-002308,comparison
TR-002489,inner_fit
TR-003467,inner_fit
TR-004894,comparison
TR-005094,inner_stop
TR-007532,inner_fit
TR-000433,comparison
TR-000792,inner_fit
TR-001443,inner_fit
TR-003417,inner_fit
TR-004362,comparison
TR-005069,inner_stop
TR-005502,comparison
TR-007482,inner_fit
TR-007691,inner_stop
TR-007736,comparison
TR-007776,inner_fit
TR-008790,inner_stop
TR-000319,inner_stop
TR-000798,inner_fit
TR-001864,inner_stop
TR-001867,comparison
TR-002010,comparison
TR-002262,inner_stop
TR-002469,inner_stop
TR-002473,comparison
TR-005115,inner_fit
TR-006309,comparison
TR-007148,comparison
TR-008705,inner_stop
TR-008847,inner_stop
TR-000562,inner_stop
TR-001068,inner_stop
TR-006401,inner_fit
TR-002405,inner_stop
TR-004283,inner_stop
TR-004712,inner_fit
TR-005272,inner_stop
TR-007710,inner_fit
TR-007890,inner_fit
TR-007940,inner_fit
TR-008096,comparison
TR-000827,comparison
TR-001510,inner_stop
TR-003849,inner_stop
TR-003942,inner_stop
TR-005010,inner_stop
TR-005271,comparison
TR-005448,inner_fit
TR-006109,inner_fit
TR-007364,inner_fit
TR-008442,inner_fit
TR-002007,comparison
TR-002439,inner_stop
TR-002723,inner_stop
TR-007218,inner_fit
TR-007643,inner_fit
TR-007681,inner_fit
TR-008116,inner_fit
TR-008241,inner_stop
TR-001154,inner_fit
TR-001460,inner_fit
TR-002655,inner_fit
TR-002711,inner_fit
TR-003228,inner_fit
TR-003653,comparison
TR-004989,inner_fit
TR-005649,inner_fit
TR-009202,inner_fit
TR-009949,inner_stop
TR-000064,inner_fit
TR-002140,inner_fit
TR-003493,inner_fit
TR-004058,inner_stop
TR-004848,inner_stop
TR-005967,inner_stop
TR-006217,inner_fit
TR-007558,inner_fit
TR-008363,inner_fit
TR-008527,inner_fit
TR-002044,inner_stop
TR-002358,inner_fit
TR-003698,inner_fit
TR-003921,inner_fit
TR-005362,inner_stop
TR-005437,inner_fit
TR-006236,inner_fit
TR-009965,inner_fit
TR-000357,inner_fit
TR-002407,inner_fit
TR-002752,inner_stop
TR-003085,inner_fit
TR-003103,inner_fit
TR-003668,inner_stop
TR-003796,inner_fit
TR-004130,inner_fit
TR-004884,inner_fit
TR-004905,inner_stop
TR-004962,inner_stop
TR-005746,inner_stop
TR-006430,inner_fit
TR-008046,comparison
TR-008558,inner_stop
TR-009951,inner_fit
TR-009958,inner_fit
TR-000502,inner_stop
TR-000941,inner_fit
TR-001530,inner_fit
TR-002746,inner_stop
TR-003742,inner_fit
TR-003851,inner_fit
TR-006142,inner_fit
TR-006498,inner_fit
TR-000306,inner_stop
TR-000386,comparison
TR-001228,inner_stop
TR-001276,inner_fit
TR-001566,inner_stop
TR-004976,inner_fit
TR-005093,inner_fit
TR-005929,inner_fit
TR-007517,comparison
TR-009587,inner_stop
TR-000917,inner_fit
TR-001367,inner_stop
TR-002977,inner_fit
TR-005875,inner_fit
TR-009131,inner_fit
TR-001081,inner_fit
TR-001411,comparison
TR-002733,inner_fit
TR-003303,inner_fit
TR-003613,inner_fit
TR-007716,inner_stop
TR-008031,inner_fit
TR-009826,inner_fit
TR-000266,inner_fit
TR-001633,comparison
TR-004189,inner_fit
TR-004685,comparison
TR-000079,inner_fit
TR-000564,inner_fit
TR-001397,inner_fit
TR-001555,inner_fit
TR-001612,comparison
TR-002433,inner_fit
TR-002665,inner_fit
TR-003840,inner_fit
TR-004429,inner_fit
TR-005625,inner_stop
TR-005886,inner_fit
TR-006629,inner_fit
TR-006689,inner_stop
TR-008572,inner_fit
TR-008871,inner_stop
TR-009157,inner_fit
TR-002164,inner_fit
TR-002772,inner_fit
TR-004786,inner_stop
TR-004788,inner_fit
TR-005525,inner_fit
TR-005662,inner_stop
TR-007879,inner_fit
TR-008402,inner_fit
TR-008833,inner_fit
TR-009881,inner_fit
TR-000417,inner_stop
TR-002255,inner_fit
TR-005168,inner_fit
TR-005445,inner_stop
TR-007782,inner_fit
TR-008641,inner_stop
TR-000117,inner_fit
TR-001162,inner_stop
TR-002236,inner_stop
TR-002399,inner_fit
TR-002713,inner_fit
TR-003326,comparison
TR-004270,comparison
TR-006400,comparison
TR-001309,comparison
TR-002180,comparison
TR-002533,inner_fit
TR-004794,comparison
TR-009227,comparison
TR-009905,inner_fit
TR-000201,inner_fit
TR-002294,comparison
TR-002412,comparison
TR-003249,inner_stop
TR-005757,inner_stop
TR-006169,inner_stop
TR-006295,comparison
TR-008418,inner_fit
TR-009533,comparison
TR-009736,comparison
TR-009848,inner_stop
TR-000637,inner_fit
TR-002403,inner_fit
TR-002415,inner_stop
TR-003557,inner_stop
TR-005065,comparison
TR-006374,inner_fit
TR-006722,inner_stop
TR-006983,inner_fit
TR-007967,comparison
TR-008523,inner_fit
TR-000185,inner_stop
TR-000307,comparison
TR-001893,inner_fit
TR-004406,inner_fit
TR-005209,inner_fit
TR-006242,inner_fit
TR-008818,inner_fit
TR-000510,inner_fit
TR-002432,comparison
TR-006527,inner_stop
TR-007363,inner_stop
TR-007679,comparison
TR-007785,inner_fit
TR-008623,inner_fit
TR-002181,inner_fit
TR-002388,inner_stop
TR-007230,inner_fit
TR-000500,inner_fit
TR-000834,inner_fit
TR-002675,inner_fit
TR-002866,inner_fit
TR-005233,inner_fit
TR-005553,inner_fit
TR-005732,inner_fit
TR-007912,inner_fit
TR-008131,inner_fit
TR-008397,inner_fit
TR-008651,comparison
TR-000299,inner_fit
TR-003400,inner_fit
TR-003465,inner_fit
TR-003670,comparison
TR-005360,inner_fit
TR-005941,comparison
TR-009331,inner_fit
TR-009455,comparison
TR-009635,inner_fit
TR-009929,inner_fit
TR-001815,comparison
TR-002131,comparison
TR-003145,inner_fit
TR-003436,inner_fit
TR-003684,comparison
TR-003695,inner_stop
TR-003795,comparison
TR-003958,inner_fit
TR-004656,inner_fit
TR-002452,comparison
TR-002566,inner_fit
TR-003847,comparison
TR-004613,inner_fit
TR-005114,inner_fit
TR-006187,inner_fit
TR-007111,inner_fit
TR-007135,inner_fit
TR-009683,inner_fit
TR-000164,inner_fit
TR-001168,inner_fit
TR-001506,inner_fit
TR-002083,inner_fit
TR-002859,comparison
TR-003359,inner_stop
TR-003596,inner_stop
TR-004979,inner_fit
TR-005889,inner_stop
TR-008281,inner_fit
TR-008983,comparison
TR-009081,inner_stop
TR-009911,inner_fit
TR-000551,comparison
TR-000934,inner_stop
TR-001751,inner_fit
TR-002779,inner_fit
TR-002956,inner_fit
TR-005647,inner_fit
TR-006349,inner_fit
TR-008145,inner_fit
TR-008528,inner_fit
TR-009623,inner_fit
TR-009804,inner_fit
TR-000672,inner_fit
TR-000776,comparison
TR-003151,comparison
TR-004476,inner_fit
TR-005843,inner_fit
TR-006337,inner_fit
TR-007676,inner_fit
TR-008008,inner_fit
TR-009206,comparison
TR-009449,inner_fit
TR-000711,inner_stop
TR-000762,inner_fit
TR-002290,inner_stop
TR-004611,inner_fit
TR-006319,inner_fit
TR-006586,inner_stop
TR-002496,inner_fit
TR-002716,comparison
TR-005315,inner_fit
TR-005900,inner_fit
TR-006436,inner_stop
TR-006674,inner_stop
TR-006682,comparison
TR-007406,inner_fit
TR-007534,inner_fit
TR-009034,inner_fit
TR-009653,inner_stop
TR-009930,inner_stop
TR-000415,inner_fit
TR-002038,inner_fit
TR-002706,inner_stop
TR-004904,comparison
TR-006432,inner_stop
TR-000297,inner_fit
TR-000745,inner_fit
TR-001498,inner_fit
TR-001597,inner_stop
TR-002323,comparison
TR-004332,comparison
TR-004913,comparison
TR-005167,inner_stop
TR-007263,comparison
TR-007850,inner_fit
TR-008282,inner_fit
TR-008292,inner_fit
TR-009645,comparison
TR-009675,inner_fit
TR-000095,inner_stop
TR-001345,inner_stop
TR-001854,inner_fit
TR-001968,comparison
TR-002888,inner_stop
TR-002933,inner_fit
TR-005134,inner_fit
TR-005201,inner_stop
TR-005329,comparison
TR-005984,inner_fit
TR-006644,comparison
TR-009856,comparison
TR-009984,inner_fit
TR-003275,inner_fit
TR-003316,comparison
TR-005246,comparison
TR-006692,inner_fit
TR-007015,inner_fit
TR-008179,inner_stop
TR-000085,comparison
TR-000642,inner_stop
TR-001835,inner_fit
TR-002692,inner_fit
TR-003502,inner_stop
TR-003781,inner_fit
TR-004724,inner_fit
TR-008686,inner_fit
TR-008689,inner_fit
TR-008868,inner_fit
TR-000593,inner_fit
TR-000864,inner_fit
TR-005416,inner_stop
TR-005563,inner_fit
TR-005589,inner_fit
TR-008205,inner_fit
TR-008937,inner_fit
TR-008995,inner_fit
TR-000131,inner_fit
TR-000881,inner_stop
TR-001372,comparison
TR-001476,inner_stop
TR-001646,inner_fit
TR-002138,inner_fit
TR-003753,inner_fit
TR-003773,inner_fit
TR-005538,inner_fit
TR-006053,inner_fit
TR-006841,inner_fit
TR-006878,comparison
TR-008999,comparison
TR-005743,inner_fit
TR-006336,comparison
TR-006569,inner_fit
TR-006862,inner_fit
TR-007841,inner_fit
TR-008001,inner_fit
TR-008016,inner_fit
TR-008285,comparison
TR-008580,inner_fit
TR-008795,inner_fit
TR-002318,inner_stop
TR-002457,inner_fit
TR-003573,inner_fit
TR-003617,inner_stop
TR-003934,comparison
TR-005962,comparison
TR-007303,inner_fit
TR-009589,comparison
TR-009719,inner_stop
TR-009960,comparison
TR-002343,comparison
TR-002976,inner_fit
TR-003053,inner_stop
TR-003457,inner_fit
TR-003669,comparison
TR-004027,inner_fit
TR-005499,comparison
TR-006033,comparison
TR-006212,comparison
TR-006478,comparison
TR-009438,inner_fit
TR-000421,inner_fit
TR-002156,inner_stop
TR-002436,inner_stop
TR-005026,inner_stop
TR-006458,inner_fit
TR-007790,comparison
TR-000058,inner_fit
TR-000155,inner_fit
TR-002492,inner_fit
TR-003086,inner_stop
TR-004769,comparison
TR-005067,inner_fit
TR-006146,inner_stop
TR-006277,inner_fit
TR-007234,inner_fit
TR-008898,inner_fit
TR-009679,inner_fit
TR-000286,inner_fit
TR-001548,inner_stop
TR-003032,comparison
TR-003567,comparison
TR-003623,inner_fit
TR-004173,inner_fit
TR-005725,inner_fit
TR-008920,inner_stop
TR-002728,inner_fit
TR-004552,inner_stop
TR-006155,inner_fit
TR-006503,inner_stop
TR-007459,inner_stop
TR-008415,inner_fit
TR-009006,inner_fit
TR-009513,inner_fit
TR-000240,inner_stop
TR-002320,inner_fit
TR-003821,comparison
TR-005006,inner_stop
TR-005696,inner_fit
TR-005782,comparison
TR-006894,inner_fit
TR-007807,inner_fit
TR-009148,inner_fit
TR-009308,inner_fit
TR-009947,inner_fit
TR-000112,inner_fit
TR-000628,inner_fit
TR-005112,inner_stop
TR-006120,inner_fit
TR-007408,comparison
TR-009050,inner_fit
TR-009067,inner_fit
TR-000463,inner_fit
TR-002767,inner_fit
TR-004048,inner_fit
TR-004267,inner_fit
TR-006459,inner_stop
TR-006930,inner_fit
TR-007519,inner_fit
TR-009275,inner_fit
TR-001678,inner_fit
TR-002523,inner_stop
TR-002862,inner_fit
TR-002889,inner_fit
TR-003896,inner_fit
TR-005118,inner_fit
TR-005789,inner_stop
TR-007055,comparison
TR-008104,comparison
TR-008203,inner_fit
TR-009447,comparison
TR-000669,comparison
TR-002541,inner_stop
TR-005992,inner_fit
TR-006196,inner_fit
TR-006445,comparison
TR-007919,inner_stop
TR-008592,comparison
TR-008770,inner_fit
TR-000208,comparison
TR-000452,inner_fit
TR-001234,comparison
TR-002667,comparison
TR-004418,comparison
TR-005309,inner_fit
TR-006041,inner_fit
TR-006239,inner_stop
TR-008665,inner_fit
TR-009119,inner_fit
TR-000359,comparison
TR-000727,inner_stop
TR-001058,inner_fit
TR-001112,inner_fit
TR-003850,comparison
TR-005541,inner_fit
TR-005899,comparison
TR-007933,inner_stop
TR-008328,inner_fit
TR-001866,inner_fit
TR-002434,inner_fit
TR-002684,inner_fit
TR-003021,inner_fit
TR-003588,inner_fit
TR-003779,inner_stop
TR-004608,inner_fit
TR-005345,inner_fit
TR-008085,comparison
TR-008737,inner_stop
TR-001405,inner_fit
TR-003241,comparison
TR-008316,inner_fit
TR-009485,comparison
TR-000678,inner_fit
TR-002454,comparison
TR-003510,inner_fit
TR-005143,inner_stop
TR-006123,inner_stop
TR-006384,comparison
TR-006398,comparison
TR-006566,comparison
TR-007319,inner_stop
TR-007663,inner_fit
TR-009005,inner_fit
TR-000253,inner_fit
TR-001591,inner_fit
TR-002087,inner_fit
TR-009771,inner_fit
TR-000236,inner_fit
TR-000374,comparison
TR-002522,inner_fit
TR-003488,inner_fit
TR-005624,inner_fit
TR-005901,comparison
TR-006031,inner_fit
TR-006487,inner_fit
TR-006518,inner_fit
TR-006747,inner_fit
TR-008119,comparison
TR-009332,inner_fit
TR-009896,comparison
TR-000033,comparison
TR-002161,inner_fit
TR-002356,inner_stop
TR-003562,inner_fit
TR-004709,comparison
TR-004808,inner_stop
TR-004939,comparison
TR-006040,comparison
TR-006102,inner_fit
TR-007219,comparison
TR-007631,inner_stop
TR-009665,inner_stop
TR-001251,inner_fit
TR-001689,inner_stop
TR-001855,inner_fit
TR-003277,comparison
TR-003820,inner_stop
TR-005347,inner_fit
TR-005406,comparison
TR-006111,inner_fit
TR-007140,inner_stop
TR-007606,inner_fit
TR-007648,comparison
TR-007926,inner_fit
TR-008555,inner_stop
TR-001264,inner_stop
TR-002039,inner_stop
TR-003913,comparison
TR-006304,inner_fit
TR-006409,inner_stop
TR-007016,inner_stop
TR-007814,inner_fit
TR-001945,inner_fit
TR-002511,inner_stop
TR-002794,inner_fit
TR-004125,inner_fit
TR-004536,inner_fit
TR-005122,comparison
TR-006591,inner_stop
TR-008227,inner_fit
TR-008694,inner_fit
TR-009637,inner_fit
TR-001019,inner_fit
TR-005712,inner_fit
TR-006904,comparison
TR-007088,inner_fit
TR-007121,inner_fit
TR-007377,inner_stop
TR-008216,inner_fit
TR-008411,inner_fit
TR-009492,inner_fit
TR-000908,comparison
TR-001318,inner_fit
TR-002517,inner_fit
TR-005854,inner_fit
TR-006136,inner_stop
TR-008112,inner_fit
TR-008126,inner_stop
TR-008967,inner_fit
TR-009292,inner_fit
TR-000105,comparison
TR-002172,inner_stop
TR-005273,inner_stop
TR-006845,inner_stop
TR-007102,inner_fit
TR-007923,inner_fit
TR-001182,inner_fit
TR-001515,comparison
TR-004378,comparison
TR-009790,comparison
TR-001038,inner_fit
TR-001371,inner_stop
TR-002924,comparison
TR-004075,inner_fit
TR-004331,inner_fit
TR-005060,inner_stop
TR-005611,comparison
TR-006813,inner_fit
TR-009894,inner_fit
TR-000621,comparison
TR-001132,inner_fit
TR-001911,inner_fit
TR-002427,inner_stop
TR-003897,inner_fit
TR-007394,inner_fit
TR-007521,inner_fit
TR-009759,inner_fit
TR-000015,inner_stop
TR-002075,inner_stop
TR-002154,comparison
TR-002790,inner_fit
TR-002806,inner_fit
TR-003101,inner_stop
TR-005405,comparison
TR-002484,inner_fit
TR-002593,inner_stop
TR-004091,inner_fit
TR-006020,inner_stop
TR-006282,inner_fit
TR-006892,inner_stop
TR-001645,inner_fit
TR-002298,inner_fit
TR-002945,inner_fit
TR-003159,inner_stop
TR-004401,inner_fit
TR-004566,inner_fit
TR-005748,inner_fit
TR-008335,inner_fit
TR-001256,inner_fit
TR-002312,inner_fit
TR-003247,inner_stop
TR-003800,inner_fit
TR-004102,comparison
TR-005165,comparison
TR-006621,inner_fit
TR-009327,inner_fit
TR-001296,inner_fit
TR-002515,inner_fit
TR-002530,inner_fit
TR-003189,inner_fit
TR-003899,inner_stop
TR-004413,inner_fit
TR-005132,inner_stop
TR-005227,inner_fit
TR-006124,inner_fit
TR-006777,inner_fit
TR-009256,inner_fit
TR-009408,inner_stop
TR-000270,inner_fit
TR-001116,inner_fit
TR-001439,comparison
TR-002745,inner_fit
TR-002971,inner_fit
TR-003545,inner_fit
TR-005925,inner_fit
TR-001356,inner_stop
TR-002850,inner_stop
TR-005894,inner_fit
TR-007647,inner_stop
TR-008522,inner_fit
TR-008926,comparison
TR-000712,inner_fit
TR-000840,inner_fit
TR-001654,comparison
TR-003987,comparison
TR-004140,inner_fit
TR-004479,comparison
TR-005073,inner_fit
TR-005615,inner_fit
TR-007180,comparison
TR-007262,inner_fit
TR-008703,inner_stop
TR-000886,inner_fit
TR-001673,inner_fit
TR-002336,inner_fit
TR-004876,inner_stop
TR-005340,inner_fit
TR-006696,comparison
TR-007191,inner_fit
TR-007237,inner_fit
TR-008346,inner_fit
TR-008534,inner_fit
TR-009061,inner_fit
TR-000610,inner_fit
TR-001070,inner_fit
TR-001190,inner_fit
TR-001239,inner_stop
TR-001579,inner_fit
TR-002265,inner_stop
TR-004006,inner_fit
TR-004336,inner_stop
TR-004642,inner_stop
TR-005027,inner_fit
TR-007456,comparison
TR-008405,inner_fit
TR-008728,inner_fit
TR-009699,inner_fit
TR-000283,inner_fit
TR-000475,inner_fit
TR-000829,comparison
TR-001176,inner_fit
TR-004677,inner_fit
TR-006780,inner_fit
TR-006996,inner_fit
TR-007875,inner_stop
TR-000538,inner_stop
TR-000648,comparison
TR-001896,inner_fit
TR-003866,inner_fit
TR-004938,comparison
TR-005575,inner_fit
TR-005767,inner_stop
TR-005928,inner_fit
TR-006325,inner_fit
TR-006504,inner_stop
TR-006742,inner_fit
TR-007216,inner_fit
TR-000496,inner_fit
TR-003775,inner_fit
TR-004290,inner_fit
TR-004524,inner_fit
TR-005333,inner_fit
TR-005722,inner_fit
TR-008012,inner_fit
TR-008183,inner_fit
TR-008373,inner_stop
TR-009480,inner_fit
TR-001903,comparison
TR-002021,comparison
TR-003860,comparison
TR-005249,comparison
TR-006221,inner_fit
TR-007007,inner_fit
TR-007021,inner_stop
TR-008965,inner_stop
TR-009295,comparison
TR-009443,inner_fit
TR-004269,comparison
TR-006329,inner_fit
TR-007909,inner_fit
TR-008646,inner_stop
TR-009312,comparison
TR-001014,comparison
TR-001238,inner_stop
TR-002173,inner_fit
TR-003372,inner_fit
TR-004614,comparison
TR-006729,inner_fit
TR-006755,inner_fit
TR-007516,inner_fit
TR-008430,comparison
TR-000202,inner_fit
TR-000239,inner_fit
TR-000423,comparison
TR-001687,comparison
TR-002446,inner_stop
TR-003336,inner_fit
TR-004012,inner_fit
TR-006247,inner_fit
TR-006303,inner_fit
TR-006633,comparison
TR-006741,inner_fit
TR-006758,comparison
TR-008683,inner_fit
TR-009495,inner_fit
TR-001254,inner_fit
TR-002479,comparison
TR-003394,inner_fit
TR-003792,inner_fit
TR-004352,inner_fit
TR-005927,inner_fit
TR-006167,inner_fit
TR-007092,inner_fit
TR-008635,inner_fit
TR-009079,inner_fit
TR-009571,inner_fit
TR-002708,inner_fit
TR-002837,comparison
TR-002966,comparison
TR-002996,inner_fit
TR-003825,comparison
TR-006551,inner_fit
TR-007278,inner_fit
TR-007378,inner_fit
TR-009554,inner_fit
TR-009908,inner_fit
TR-000294,inner_fit
TR-000384,inner_stop
TR-003281,inner_fit
TR-003401,comparison
TR-004268,inner_fit
TR-004572,inner_fit
TR-005046,inner_fit
TR-005473,inner_fit
TR-007542,comparison
TR-007632,inner_fit
TR-007834,inner_fit
TR-007837,inner_fit
TR-008090,inner_stop
TR-008714,comparison
TR-009031,inner_fit
TR-000741,inner_fit
TR-002863,inner_fit
TR-003561,inner_fit
TR-004054,comparison
TR-004508,inner_fit
TR-005138,inner_fit
TR-006533,inner_fit
TR-007479,comparison
TR-008903,inner_fit
TR-009283,inner_fit
TR-009530,inner_stop
TR-009864,inner_stop
TR-000633,comparison
TR-001713,inner_stop
TR-001848,inner_stop
TR-001954,inner_stop
TR-002099,comparison
TR-007345,inner_fit
TR-008384,inner_stop
TR-009260,comparison
TR-001332,inner_fit
TR-002212,inner_stop
TR-002362,comparison
TR-003630,inner_fit
TR-003922,comparison
TR-004109,inner_stop
TR-008435,inner_fit
TR-008501,inner_fit
TR-000093,comparison
TR-000630,inner_fit
TR-002944,inner_fit
TR-003783,inner_fit
TR-004318,inner_fit
TR-004900,comparison
TR-005145,comparison
TR-006583,inner_stop
TR-006700,inner_fit
TR-007992,comparison
TR-008108,inner_fit
TR-008389,inner_fit
TR-000233,inner_fit
TR-000437,inner_fit
TR-001392,comparison
TR-001884,inner_fit
TR-002104,inner_fit
TR-003924,inner_stop
TR-004236,inner_stop
TR-005909,inner_fit
TR-006508,inner_fit
TR-008312,inner_fit
TR-008977,inner_stop
TR-009139,inner_fit
TR-009195,inner_fit
TR-000407,inner_fit
TR-000409,inner_fit
TR-006240,comparison
TR-007359,comparison
TR-007700,comparison
TR-007792,inner_fit
TR-009834,inner_fit
TR-000110,inner_fit
TR-001753,inner_fit
TR-003098,comparison
TR-003158,inner_fit
TR-004349,inner_stop
TR-004717,inner_stop
TR-007302,inner_fit
TR-008574,inner_fit
TR-008829,inner_fit
TR-000203,inner_fit
TR-000614,inner_fit
TR-000665,inner_fit
TR-001034,comparison
TR-002127,inner_fit
TR-003902,inner_fit
TR-004953,inner_fit
TR-006481,comparison
TR-007667,comparison
TR-007891,comparison
TR-008020,inner_fit
TR-008191,inner_fit
TR-008632,comparison
TR-000368,inner_fit
TR-000464,inner_stop
TR-001187,comparison
TR-001286,comparison
TR-003232,inner_fit
TR-003994,comparison
TR-004229,inner_stop
TR-005395,inner_fit
TR-005548,inner_fit
TR-006186,inner_stop
TR-008647,inner_fit
TR-009043,inner_fit
TR-009859,inner_stop
TR-000111,inner_fit
TR-005043,inner_fit
TR-005199,inner_fit
TR-006162,comparison
TR-007451,inner_fit
TR-007489,inner_fit
TR-007908,inner_fit
TR-008767,inner_stop
TR-004385,inner_fit
TR-004478,inner_fit
TR-005780,inner_fit
TR-001413,inner_fit
TR-004842,inner_fit
TR-005856,comparison
TR-007580,comparison
TR-008865,inner_stop
TR-009037,comparison
TR-009357,comparison
TR-009476,inner_fit
TR-001529,inner_fit
TR-003533,inner_fit
TR-005832,inner_fit
TR-006698,comparison
TR-007603,inner_fit
TR-009441,inner_fit
TR-000323,comparison
TR-000461,inner_stop
TR-000606,comparison
TR-001772,comparison
TR-002176,inner_fit
TR-002633,inner_fit
TR-002970,inner_fit
TR-003014,inner_stop
TR-005200,inner_stop
TR-005352,inner_stop
TR-006867,inner_stop
TR-008383,inner_fit
TR-009024,inner_fit
TR-009578,inner_stop
TR-001722,inner_fit
TR-004138,inner_fit
TR-005792,comparison
TR-006386,inner_fit
TR-006799,inner_fit
TR-007241,inner_fit
TR-002237,inner_fit
TR-003964,inner_fit
TR-007412,inner_fit
TR-009289,comparison
TR-000322,inner_stop
TR-002234,comparison
TR-002627,inner_stop
TR-009436,inner_stop
TR-009510,inner_fit
TR-000402,inner_fit
TR-000804,inner_fit
TR-002873,inner_fit
TR-004005,inner_fit
TR-004694,inner_fit
TR-004762,inner_fit
TR-005223,inner_stop
TR-005483,comparison
TR-005788,inner_fit
TR-006979,inner_fit
TR-008650,inner_fit
TR-008835,inner_fit
TR-008859,inner_stop
TR-009488,comparison
TR-000519,inner_fit
TR-000995,inner_fit
TR-001053,inner_stop
TR-001569,inner_fit
TR-002185,inner_fit
TR-005269,inner_fit
TR-005289,comparison
TR-006331,inner_fit
TR-006452,inner_fit
TR-006593,inner_fit
TR-007455,inner_fit
TR-007877,inner_fit
TR-009150,inner_fit
TR-001408,inner_fit
TR-002443,inner_fit
TR-003423,inner_fit
TR-004127,comparison
TR-004214,inner_fit
TR-005940,inner_stop
TR-006222,inner_fit
TR-006501,inner_fit
TR-009041,inner_stop
TR-009695,inner_fit
TR-001422,inner_stop
TR-002596,inner_stop
TR-002646,inner_fit
TR-008368,comparison
TR-009453,inner_fit
TR-009870,comparison
TR-009910,inner_stop
TR-001177,inner_fit
TR-002861,inner_fit
TR-004216,inner_fit
TR-004397,inner_stop
TR-008148,inner_fit
TR-000477,inner_fit
TR-001647,comparison
TR-002409,inner_fit
TR-002946,inner_fit
TR-005124,inner_stop
TR-006166,inner_fit
TR-006211,inner_fit
TR-006261,inner_stop
TR-006399,comparison
TR-006726,inner_fit
TR-007138,inner_fit
TR-009030,inner_fit
TR-009221,inner_fit
TR-000331,comparison
TR-000813,inner_stop
TR-001946,inner_fit
TR-003373,inner_stop
TR-003453,inner_fit
TR-003686,inner_fit
TR-005187,inner_stop
TR-009852,comparison
TR-009973,inner_fit
TR-002768,inner_fit
TR-003403,inner_fit
TR-003568,inner_fit
TR-003766,comparison
TR-003812,inner_fit
TR-005038,inner_stop
TR-006823,inner_fit
TR-008492,comparison
TR-000107,inner_fit
TR-000261,inner_stop
TR-001936,inner_stop
TR-002732,inner_fit
TR-003213,inner_fit
TR-004792,inner_fit
TR-008674,inner_fit
TR-009959,inner_fit
TR-002419,inner_stop
TR-003974,inner_fit
TR-003983,inner_fit
TR-004818,comparison
TR-006681,inner_stop
TR-006793,inner_fit
TR-008330,inner_stop
TR-001245,inner_fit
TR-001278,inner_fit
TR-004631,inner_fit
TR-005045,inner_fit
TR-007530,inner_fit
TR-009336,inner_fit
TR-009364,inner_stop
TR-009962,inner_stop
TR-009998,inner_fit
TR-000062,inner_fit
TR-001147,inner_fit
TR-001661,inner_fit
TR-004032,comparison
TR-004372,inner_fit
TR-004604,inner_stop
TR-004847,comparison
TR-006363,comparison
TR-006382,inner_fit
TR-006627,comparison
TR-009058,comparison
TR-000122,inner_fit
TR-001512,inner_stop
TR-002166,inner_fit
TR-002832,inner_fit
TR-003780,inner_fit
TR-004766,inner_stop
TR-006198,inner_fit
TR-007594,inner_fit
TR-007599,inner_fit
TR-008962,inner_fit
TR-009986,inner_fit
TR-000061,inner_fit
TR-000223,inner_stop
TR-000232,inner_stop
TR-000981,inner_fit
TR-002639,inner_fit
TR-005879,inner_fit
TR-006297,inner_fit
TR-007054,inner_fit
TR-000333,comparison
TR-000939,inner_fit
TR-002650,inner_fit
TR-004243,inner_stop
TR-004480,inner_stop
TR-005571,inner_stop
TR-007474,inner_stop
TR-008184,comparison
TR-009098,inner_fit
TR-009869,comparison
TR-004203,inner_stop
TR-004698,inner_fit
TR-006423,inner_stop
TR-006618,inner_fit
TR-006923,comparison
TR-009080,inner_fit
TR-000180,inner_stop
TR-008187,inner_fit
TR-008189,inner_fit
TR-009879,comparison
TR-002054,comparison
TR-003041,comparison
TR-004627,inner_fit
TR-004715,inner_stop
TR-005047,inner_fit
TR-006652,inner_stop
TR-006914,comparison
TR-006933,inner_fit
TR-007184,inner_fit
TR-009344,comparison
TR-009861,inner_fit
TR-009892,comparison
TR-002816,inner_fit
TR-004087,comparison
TR-005076,inner_fit
TR-002471,inner_fit
TR-003452,inner_fit
TR-003526,inner_stop
TR-003687,comparison
TR-004365,inner_fit
TR-004586,inner_stop
TR-005986,inner_fit
TR-008648,inner_stop
TR-000193,comparison
TR-000747,inner_stop
TR-000769,comparison
TR-000843,inner_fit
TR-001186,inner_fit
TR-003885,inner_fit
TR-007297,inner_fit
TR-009575,comparison
TR-000248,inner_fit
TR-000255,inner_fit
TR-001863,inner_fit
TR-002179,inner_fit
TR-003468,inner_fit
TR-003953,inner_fit
TR-004120,inner_fit
TR-006794,inner_stop
TR-009555,inner_fit
TR-000709,inner_stop
TR-000812,inner_fit
TR-001358,inner_fit
TR-001444,inner_fit
TR-001906,inner_fit
TR-003314,inner_fit
TR-004885,inner_fit
TR-005520,inner_fit
TR-008758,inner_fit
TR-000599,comparison
TR-000983,inner_fit
TR-002957,inner_fit
TR-003093,inner_fit
TR-004175,inner_fit
TR-004232,inner_fit
TR-005382,inner_fit
TR-005930,inner_fit
TR-007653,inner_fit
TR-007986,inner_fit
TR-008245,inner_fit
TR-008547,inner_fit
TR-009343,inner_fit
TR-009820,inner_fit
TR-005420,inner_fit
TR-006556,inner_fit
TR-008342,comparison
TR-009130,inner_fit
TR-001861,inner_fit
TR-003579,inner_fit
TR-004854,inner_fit
TR-004959,inner_fit
TR-005263,inner_fit
TR-009142,comparison
TR-009420,inner_fit
TR-009821,inner_stop
TR-000292,inner_stop
TR-000646,inner_fit
TR-003651,inner_fit
TR-004146,comparison
TR-005041,inner_fit
TR-005608,inner_fit
TR-001060,inner_stop
TR-001616,inner_stop
TR-002637,inner_fit
TR-003797,inner_fit
TR-004156,inner_fit
TR-005194,inner_fit
TR-005508,inner_fit
TR-005891,inner_fit
TR-007846,comparison
TR-008485,inner_fit
TR-000035,inner_stop
TR-001407,inner_fit
TR-001560,inner_fit
TR-001621,inner_fit
TR-002263,comparison
TR-003720,inner_fit
TR-003755,inner_fit
TR-004829,inner_stop
TR-005149,inner_fit
TR-006708,comparison
TR-007176,comparison
TR-008024,inner_fit
TR-009168,comparison
TR-009934,comparison
TR-002858,comparison
TR-003056,inner_fit
TR-003367,inner_stop
TR-005182,inner_fit
TR-005694,inner_fit
TR-006711,comparison
TR-007806,comparison
TR-000365,inner_fit
TR-001259,inner_fit
TR-002555,inner_fit
TR-004343,comparison
TR-004491,inner_fit
TR-006101,inner_fit
TR-002220,inner_stop
TR-003022,inner_fit
TR-003806,comparison
TR-005515,inner_stop
TR-005833,inner_fit
TR-006568,comparison
TR-008338,inner_fit
TR-008506,inner_stop
TR-008757,inner_fit
TR-000260,inner_stop
TR-002829,inner_fit
TR-004796,inner_fit
TR-005186,comparison
TR-005479,inner_stop
TR-006961,inner_fit
TR-006962,inner_stop
TR-008133,inner_fit
TR-008324,comparison
TR-009153,inner_fit
TR-009758,inner_fit
TR-001666,inner_stop
TR-005700,inner_fit
TR-005802,comparison
TR-007150,inner_fit
TR-007374,comparison
TR-007432,inner_fit
TR-008049,inner_fit
TR-008702,inner_fit
TR-009212,inner_fit
TR-009519,inner_stop
TR-001401,inner_fit
TR-002229,inner_fit
TR-003379,comparison
TR-004117,inner_fit
TR-008765,inner_fit
TR-009369,inner_fit
TR-009716,inner_fit
TR-000428,comparison
TR-000890,comparison
TR-002313,inner_fit
TR-002910,inner_fit
TR-003950,inner_fit
TR-004114,comparison
TR-004121,inner_fit
TR-004333,inner_fit
TR-004450,inner_fit
TR-004868,inner_fit
TR-005284,inner_fit
TR-007873,inner_stop
TR-008068,inner_fit
TR-009764,inner_fit
TR-009883,inner_stop
TR-002785,inner_fit
TR-002877,inner_stop
TR-006877,inner_fit
TR-007006,comparison
TR-008375,comparison
TR-009019,inner_fit
TR-009927,inner_stop
TR-001213,inner_fit
TR-002532,comparison
TR-003978,comparison
TR-006263,inner_fit
TR-007018,inner_fit
TR-008013,inner_fit
TR-008204,inner_fit
TR-000508,inner_fit
TR-000662,comparison
TR-001320,inner_fit
TR-003509,inner_fit
TR-004275,inner_fit
TR-005304,inner_fit
TR-005614,comparison
TR-008839,inner_fit
TR-009379,comparison
TR-001862,inner_stop
TR-004390,inner_fit
TR-004687,inner_fit
TR-004874,inner_fit
TR-007518,inner_fit
TR-000701,inner_fit
TR-001427,inner_fit
TR-002975,inner_fit
TR-003353,inner_fit
TR-004636,inner_fit
TR-005359,inner_fit
TR-007642,comparison
TR-007759,inner_stop
TR-008117,inner_fit
TR-009017,inner_stop
TR-001571,comparison
TR-001739,inner_stop
TR-001842,inner_stop
TR-003075,comparison
TR-003512,inner_fit
TR-005402,inner_fit
TR-006008,inner_fit
TR-007645,inner_fit
TR-008677,inner_fit
TR-008822,inner_stop
TR-008832,inner_fit
TR-001348,inner_fit
TR-001688,inner_stop
TR-003207,inner_fit
TR-003462,comparison
TR-003815,inner_fit
TR-004285,inner_fit
TR-006576,inner_fit
TR-009078,inner_stop
TR-002707,comparison
TR-003926,inner_fit
TR-004144,inner_fit
TR-005353,inner_fit
TR-005898,inner_stop
TR-006605,inner_fit
TR-007844,inner_fit
TR-007872,comparison
TR-000042,inner_fit
TR-001556,inner_fit
TR-007173,inner_fit
TR-007312,comparison
TR-008575,inner_fit
TR-009004,inner_fit
TR-000269,inner_fit
TR-002619,inner_fit
TR-002935,inner_stop
TR-002950,inner_fit
TR-007437,inner_fit
TR-007946,inner_fit
TR-008217,inner_fit
TR-008465,inner_stop
TR-008892,inner_fit
TR-009276,comparison
TR-009346,inner_stop
TR-000119,inner_stop
TR-001399,inner_fit
TR-002316,inner_fit
TR-003635,inner_stop
TR-003691,inner_fit
TR-006980,comparison
TR-008399,inner_fit
TR-002371,inner_stop
TR-003963,comparison
TR-005079,inner_stop
TR-007440,inner_fit
TR-007860,inner_fit
TR-007870,comparison
TR-009097,inner_stop
TR-009180,inner_fit
TR-009786,inner_fit
TR-002253,inner_fit
TR-003205,inner_fit
TR-003577,inner_fit
TR-003648,inner_stop
TR-006505,inner_fit
TR-008538,inner_fit
TR-008540,inner_stop
TR-009181,comparison
TR-009729,inner_stop
TR-009769,inner_fit
TR-002410,inner_fit
TR-003071,inner_fit
TR-003612,inner_fit
TR-003879,comparison
TR-005321,comparison
TR-006632,comparison
TR-006857,inner_fit
TR-007381,inner_fit
TR-007974,inner_fit
TR-008155,inner_fit
TR-009946,inner_fit
TR-000121,inner_fit
TR-001578,inner_fit
TR-001648,inner_fit
TR-002677,comparison
TR-003184,inner_stop
TR-003710,inner_fit
TR-003772,inner_fit
TR-006455,inner_fit
TR-000918,inner_fit
TR-001781,inner_fit
TR-003520,inner_fit
TR-004011,comparison
TR-005513,inner_fit
TR-007514,inner_stop
TR-009776,inner_fit
TR-009885,inner_stop
TR-009996,inner_fit
TR-000106,inner_fit
TR-000811,inner_fit
TR-002466,comparison
TR-002770,inner_fit
TR-002912,inner_fit
TR-003829,inner_fit
TR-005155,inner_fit
TR-008448,inner_fit
TR-009059,inner_stop
TR-000735,inner_fit
TR-000963,inner_fit
TR-001130,inner_fit
TR-005279,inner_fit
TR-005650,inner_stop
TR-006546,inner_fit
TR-007161,inner_fit
TR-008860,inner_stop
TR-009299,comparison
TR-000156,inner_stop
TR-000278,inner_fit
TR-004191,comparison
TR-006599,inner_fit
TR-006607,inner_fit
TR-007881,inner_fit
TR-009138,inner_stop
TR-009915,inner_fit
TR-000698,inner_stop
TR-003324,inner_stop
TR-004725,inner_stop
TR-006151,inner_fit
TR-007427,inner_fit
TR-007812,inner_stop
TR-009162,inner_stop
TR-000456,comparison
TR-000877,inner_stop
TR-001031,inner_fit
TR-002196,inner_fit
TR-002642,inner_stop
TR-004007,inner_fit
TR-004325,inner_stop
TR-004374,inner_fit
TR-004732,comparison
TR-007682,inner_stop
TR-007791,inner_fit
TR-008417,inner_stop
TR-008732,comparison
TR-009652,inner_fit
TR-009772,comparison
TR-009917,inner_fit
TR-000588,inner_fit
TR-000940,inner_fit
TR-002731,inner_fit
TR-003580,inner_fit
TR-003659,inner_fit
TR-003662,inner_fit
TR-004233,inner_fit
TR-004425,inner_fit
TR-004925,inner_fit
TR-005225,inner_stop
TR-005452,inner_fit
TR-006973,inner_stop
TR-000815,comparison
TR-003058,inner_stop
TR-003856,inner_stop
TR-004459,comparison
TR-005720,inner_fit
TR-006108,comparison
TR-009609,comparison
TR-000308,inner_fit
TR-003559,inner_fit
TR-003748,inner_fit
TR-003841,inner_fit
TR-003883,comparison
TR-006800,inner_stop
TR-006840,inner_fit
TR-007900,comparison
TR-008050,inner_fit
TR-009450,inner_fit
TR-001389,inner_fit
TR-001873,inner_stop
TR-002122,inner_stop
TR-003426,comparison
TR-003718,inner_fit
TR-005669,comparison
TR-006812,inner_fit
TR-007039,inner_fit
TR-009816,inner_fit
TR-001501,inner_stop
TR-003187,inner_fit
TR-003569,inner_fit
TR-005982,inner_stop
TR-008388,inner_fit
TR-009198,inner_stop
TR-002142,comparison
TR-002658,inner_fit
TR-004018,comparison
TR-005236,inner_stop
TR-005512,comparison
TR-005902,inner_stop
TR-006416,inner_stop
TR-006579,comparison
TR-007279,inner_fit
TR-009942,inner_stop
TR-001730,inner_fit
TR-002147,inner_fit
TR-004402,inner_stop
TR-005235,inner_fit
TR-005597,inner_fit
TR-003073,inner_fit
TR-003141,inner_stop
TR-005100,inner_fit
TR-008301,inner_fit
TR-008673,inner_fit
TR-000059,inner_fit
TR-000739,comparison
TR-000889,inner_fit
TR-000922,inner_fit
TR-001039,inner_fit
TR-001148,inner_stop
TR-001620,inner_fit
TR-002626,comparison
TR-004038,comparison
TR-007929,inner_fit
TR-009537,comparison
TR-000096,comparison
TR-000783,inner_fit
TR-000876,inner_fit
TR-003030,inner_fit
TR-003689,inner_stop
TR-003870,comparison
TR-004911,inner_stop
TR-009049,inner_fit
TR-009156,comparison
TR-000113,inner_fit
TR-000521,comparison
TR-000990,inner_fit
TR-001083,inner_fit
TR-001347,inner_fit
TR-002810,inner_fit
TR-002820,comparison
TR-003626,inner_stop
TR-004241,inner_fit
TR-005603,inner_stop
TR-006107,inner_fit
TR-009101,inner_fit
TR-000847,inner_fit
TR-001451,inner_fit
TR-004542,comparison
TR-005411,inner_fit
TR-005530,inner_fit
TR-006448,inner_stop
TR-009171,inner_fit
TR-000057,inner_fit
TR-001249,inner_fit
TR-002016,comparison
TR-002163,inner_stop
TR-002169,inner_fit
TR-003025,comparison
TR-003422,inner_stop
TR-005059,inner_stop
TR-005635,inner_fit
TR-005706,inner_fit
TR-006016,inner_fit
TR-007886,comparison
TR-008803,inner_stop
TR-002590,comparison
TR-002926,inner_fit
TR-003515,inner_fit
TR-007371,comparison
TR-008760,comparison
TR-008949,inner_fit
TR-000303,comparison
TR-000571,inner_fit
TR-003481,inner_fit
TR-004225,inner_fit
TR-005127,inner_stop
TR-005444,comparison
TR-005463,inner_fit
TR-005684,inner_fit
TR-008596,comparison
TR-003458,inner_fit
TR-004124,inner_fit
TR-004366,inner_fit
TR-006675,inner_fit
TR-008474,inner_fit
TR-009286,comparison
TR-009708,inner_fit
TR-000481,inner_stop
TR-001164,inner_fit
TR-005377,inner_fit
TR-006164,inner_stop
TR-006926,comparison
TR-008181,comparison
TR-009581,inner_stop
TR-009631,inner_fit
TR-009669,comparison
TR-002939,inner_fit
TR-003162,inner_fit
TR-004113,inner_stop
TR-005509,inner_fit
TR-006267,inner_stop
TR-006441,inner_fit
TR-008093,inner_fit
TR-009340,inner_fit
TR-002909,inner_fit
TR-005131,inner_stop
TR-005443,inner_fit
TR-005974,inner_fit
TR-007862,inner_stop
TR-009532,inner_fit
TR-009706,inner_fit
TR-001085,inner_fit
TR-003175,inner_fit
TR-003214,inner_fit
TR-003944,inner_fit
TR-004377,comparison
TR-004496,inner_fit
TR-004942,inner_fit
TR-005828,inner_fit
TR-006913,inner_fit
TR-007379,inner_fit
TR-007808,comparison
TR-008057,inner_fit
TR-008185,inner_fit
TR-008661,inner_fit
TR-008994,inner_fit
TR-009504,comparison
TR-000017,inner_fit
TR-000027,inner_fit
TR-001877,inner_stop
TR-006770,inner_stop
TR-007939,inner_stop
TR-008899,inner_fit
TR-008902,comparison
TR-001740,inner_fit
TR-005172,inner_stop
TR-005475,inner_stop
TR-005759,inner_fit
TR-005936,comparison
TR-006773,inner_stop
TR-008280,inner_fit
TR-009853,inner_fit
TR-000396,inner_fit
TR-000520,inner_fit
TR-000699,comparison
TR-001191,inner_stop
TR-001396,inner_fit
TR-001550,inner_stop
TR-001585,comparison
TR-002056,inner_fit
TR-004546,inner_stop
TR-005595,comparison
TR-005723,inner_fit
TR-006112,inner_stop
TR-007395,inner_fit
TR-000190,inner_stop
TR-000689,inner_fit
TR-001107,inner_stop
TR-002384,inner_fit
TR-004277,comparison
TR-004606,inner_fit
TR-005707,inner_fit
TR-006047,inner_fit
TR-006417,inner_fit
TR-006443,inner_fit
TR-007690,inner_stop
TR-008633,inner_fit
TR-008778,inner_fit
TR-000037,inner_fit
TR-000355,inner_fit
TR-001457,inner_fit
TR-001774,inner_fit
TR-002803,inner_fit
TR-004438,inner_fit
TR-005106,inner_fit
TR-006616,inner_stop
TR-009544,inner_fit
TR-000259,comparison
TR-000790,comparison
TR-001052,inner_fit
TR-001765,comparison
TR-002607,inner_fit
TR-005438,inner_fit
TR-005511,inner_fit
TR-005861,inner_fit
TR-007049,inner_fit
TR-007657,inner_fit
TR-009795,inner_fit
TR-000828,inner_stop
TR-001690,inner_fit
TR-002106,inner_fit
TR-003599,comparison
TR-004106,inner_fit
TR-004483,inner_stop
TR-000988,inner_fit
TR-001472,inner_fit
TR-001806,inner_fit
TR-002652,inner_stop
TR-002993,comparison
TR-004249,inner_fit
TR-006404,inner_fit
TR-008539,inner_fit
TR-000339,inner_fit
TR-000616,inner_fit
TR-000645,inner_fit
TR-003123,inner_stop
TR-004238,comparison
TR-007002,inner_stop
TR-008249,inner_fit
TR-008504,inner_fit
TR-009014,inner_stop
TR-001467,inner_fit
TR-002046,comparison
TR-003521,comparison
TR-004083,inner_fit
TR-004622,comparison
TR-005896,inner_fit
TR-007721,comparison
TR-008653,inner_fit
TR-009511,inner_stop
TR-001065,comparison
TR-001152,inner_stop
TR-002654,inner_fit
TR-004151,inner_fit
TR-004398,inner_fit
TR-005518,inner_stop
TR-007076,comparison
TR-007851,comparison
TR-007993,inner_fit
TR-001919,inner_stop
TR-004305,inner_fit
TR-006573,inner_fit
TR-007737,inner_fit
TR-008952,inner_fit
TR-002232,inner_fit
TR-003762,inner_fit
TR-004329,comparison
TR-004347,inner_fit
TR-004499,inner_fit
TR-005450,inner_stop
TR-006285,inner_fit
TR-009188,comparison
TR-009497,comparison
TR-009553,inner_stop
TR-009593,inner_fit
TR-000800,comparison
TR-003163,comparison
TR-003555,inner_stop
TR-003817,inner_fit
TR-003910,comparison
TR-005781,inner_stop
TR-009163,inner_fit
TR-001353,inner_fit
TR-002700,comparison
TR-003946,inner_stop
TR-004160,inner_fit
TR-006229,inner_fit
TR-007117,inner_fit
TR-009989,inner_fit
TR-000424,inner_stop
TR-000495,comparison
TR-001304,inner_fit
TR-002538,inner_fit
TR-003002,inner_fit
TR-003003,inner_fit
TR-003787,comparison
TR-004395,comparison
TR-005022,inner_stop
TR-005969,inner_stop
TR-008808,inner_fit
TR-009978,comparison
TR-003951,comparison
TR-004294,inner_fit
TR-004899,inner_fit
TR-005727,inner_fit
TR-006256,comparison
TR-007544,comparison
TR-001178,inner_fit
TR-001335,inner_fit
TR-001973,inner_fit
TR-003001,inner_fit
TR-003360,comparison
TR-004222,inner_fit
TR-006326,comparison
TR-008165,inner_fit
TR-009939,inner_fit
TR-000376,inner_stop
TR-004745,inner_fit
TR-008188,inner_fit
TR-008821,inner_stop
TR-000955,inner_fit
TR-001119,inner_stop
TR-001932,inner_stop
TR-002483,comparison
TR-002520,comparison
TR-003248,inner_fit
TR-003503,comparison
TR-004540,inner_stop
TR-004934,inner_fit
TR-005389,inner_fit
TR-006564,inner_fit
TR-007085,inner_stop
TR-007535,inner_fit
TR-002346,inner_fit
TR-003074,inner_fit
TR-003437,comparison
TR-003824,inner_fit
TR-004159,comparison
TR-006043,inner_stop
TR-009720,comparison
TR-009956,inner_fit
TR-009970,comparison
TR-000713,inner_fit
TR-000897,comparison
TR-001663,inner_fit
TR-001795,inner_fit
TR-002940,inner_fit
TR-007195,comparison
TR-007249,inner_fit
TR-001424,inner_fit
TR-003584,inner_stop
TR-004212,inner_fit
TR-004502,inner_stop
TR-009115,inner_stop
TR-009211,inner_fit
TR-009305,inner_fit
TR-009685,comparison
TR-000031,inner_fit
TR-001681,inner_fit
TR-001724,inner_stop
TR-002028,inner_fit
TR-002699,inner_fit
TR-005066,inner_fit
TR-005777,inner_fit
TR-006484,inner_fit
TR-007832,inner_fit
TR-009125,comparison
TR-000030,comparison
TR-000103,inner_fit
TR-001194,inner_fit
TR-001497,inner_stop
TR-001770,inner_stop
TR-001851,comparison
TR-001978,inner_fit
TR-002210,inner_stop
TR-002307,inner_fit
TR-003645,inner_fit
TR-005035,inner_fit
TR-007156,inner_fit
TR-008290,inner_fit
TR-000553,inner_fit
TR-002130,comparison
TR-004590,inner_fit
TR-005293,inner_fit
TR-007131,inner_fit
TR-007607,inner_fit
TR-009931,inner_stop
TR-000066,inner_fit
TR-001719,inner_stop
TR-001793,inner_stop
TR-003105,inner_stop
TR-003448,inner_fit
TR-003518,inner_fit
TR-004527,inner_stop
TR-005552,inner_fit
TR-007162,inner_stop
TR-007196,comparison
TR-007831,inner_fit
TR-001507,comparison
TR-002828,inner_fit
TR-005008,inner_fit
TR-009781,inner_stop
TR-000394,inner_stop
TR-002657,inner_stop
TR-003292,inner_fit
TR-003513,inner_fit
TR-004104,comparison
TR-004239,inner_fit
TR-004921,inner_fit
TR-005244,inner_fit
TR-007921,inner_fit
TR-000084,inner_stop
TR-000350,inner_stop
TR-003395,comparison
TR-004855,comparison
TR-005398,inner_fit
TR-008800,inner_fit
TR-008918,inner_stop
TR-001990,inner_fit
TR-002472,inner_fit
TR-003483,inner_stop
TR-004440,inner_fit
TR-008182,inner_fit
TR-008951,inner_fit
TR-008981,inner_stop
TR-000756,inner_fit
TR-000858,inner_fit
TR-002093,inner_fit
TR-002203,inner_stop
TR-002501,comparison
TR-003702,inner_fit
TR-007233,inner_fit
TR-007286,inner_stop
TR-007694,inner_stop
TR-000077,comparison
TR-001741,inner_fit
TR-002687,inner_fit
TR-003925,inner_fit
TR-004248,inner_stop
TR-004683,inner_fit
TR-006074,inner_fit
TR-009518,comparison
TR-000764,comparison
TR-002751,inner_fit
TR-002764,comparison
TR-003274,inner_fit
TR-003873,comparison
TR-005455,comparison
TR-005580,inner_stop
TR-006929,inner_fit
TR-007576,inner_fit
TR-009691,comparison
TR-002958,inner_fit
TR-003219,inner_fit
TR-003239,inner_stop
TR-003245,comparison
TR-003546,inner_fit
TR-004299,inner_fit
TR-005651,inner_fit
TR-008988,inner_fit
TR-009506,comparison
TR-000137,comparison
TR-002299,comparison
TR-002536,inner_fit
TR-002641,comparison
TR-002892,inner_fit
TR-003721,inner_stop
TR-003771,comparison
TR-004062,comparison
TR-005916,inner_fit
TR-006173,inner_fit
TR-007550,inner_stop
TR-008566,inner_fit
TR-008625,inner_fit
TR-000244,inner_stop
TR-000962,inner_fit
TR-001199,inner_fit
TR-002048,inner_stop
TR-004787,inner_fit
TR-005108,inner_fit
TR-005160,inner_fit
TR-005841,inner_fit
TR-006330,inner_fit
TR-006667,inner_fit
TR-007894,inner_fit
TR-007895,inner_fit
TR-008094,inner_stop
TR-009753,comparison
TR-000081,comparison
TR-001135,inner_stop
TR-002035,comparison
TR-004927,inner_fit
TR-008420,inner_fit
TR-008976,inner_stop
TR-003663,inner_fit
TR-003786,inner_stop
TR-004531,comparison
TR-004560,comparison
TR-006539,inner_stop
TR-008904,inner_fit
TR-009189,comparison
TR-009982,comparison
TR-001675,inner_fit
TR-002795,inner_stop
TR-003834,inner_fit
TR-005547,inner_stop
TR-006204,inner_fit
TR-007787,inner_fit
TR-008838,inner_fit
TR-009159,inner_fit
TR-009452,inner_fit
TR-000569,inner_stop
TR-002332,inner_fit
TR-006154,comparison
TR-007337,comparison
TR-000685,inner_fit
TR-002285,inner_fit
TR-002292,inner_fit
TR-002896,inner_fit
TR-003765,inner_fit
TR-006272,inner_fit
TR-006450,inner_stop
TR-008604,inner_fit
TR-009135,inner_fit
TR-004617,comparison
TR-007507,inner_fit
TR-007695,inner_fit
TR-008565,inner_fit
TR-009065,comparison
TR-002024,inner_stop
TR-002842,comparison
TR-003923,inner_stop
TR-005214,inner_stop
TR-008735,comparison
TR-008884,comparison
TR-009216,inner_stop
TR-000761,comparison
TR-001800,inner_fit
TR-002049,inner_fit
TR-003222,inner_stop
TR-003979,comparison
TR-004322,comparison
TR-005085,inner_fit
TR-005277,inner_fit
TR-007424,inner_fit
TR-007556,inner_fit
TR-008299,inner_fit
TR-000413,inner_fit
TR-001203,inner_fit
TR-003543,inner_stop
TR-005002,comparison
TR-005017,inner_fit
TR-005408,comparison
TR-005569,inner_fit
TR-005912,inner_fit
TR-007317,inner_fit
TR-008801,comparison
TR-008966,inner_fit
TR-001462,inner_fit
TR-002353,inner_fit
TR-004052,inner_fit
TR-005675,inner_stop
TR-005795,inner_fit
TR-008820,comparison
TR-003726,inner_fit
TR-005005,comparison
TR-005426,inner_stop
TR-005824,inner_stop
TR-009121,comparison
TR-009316,comparison
TR-000078,comparison
TR-001738,comparison
TR-002603,inner_stop
TR-005295,comparison
TR-006193,inner_fit
TR-007190,inner_stop
TR-007315,inner_fit
TR-007674,comparison
TR-008559,inner_fit
TR-009007,inner_fit
TR-001394,comparison
TR-001953,inner_fit
TR-003318,inner_fit
TR-005514,inner_stop
TR-006843,inner_fit
TR-008029,inner_fit
TR-000663,inner_fit
TR-001216,inner_stop
TR-001388,inner_fit
TR-002057,inner_fit
TR-005478,comparison
TR-005800,comparison
TR-006085,inner_fit
TR-006931,inner_fit
TR-006989,inner_stop
TR-000149,inner_fit
TR-000778,inner_fit
TR-002997,inner_stop
TR-003445,inner_fit
TR-004128,inner_stop
TR-004265,inner_fit
TR-006531,comparison
TR-006909,inner_fit
TR-007833,inner_stop
TR-009878,inner_fit
TR-000194,inner_fit
TR-000765,inner_fit
TR-002204,inner_fit
TR-002901,comparison
TR-003375,inner_fit
TR-003381,inner_fit
TR-005310,inner_fit
TR-006766,inner_stop
TR-006911,inner_fit
TR-006928,comparison
TR-009062,inner_fit
TR-001117,inner_fit
TR-002250,comparison
TR-003121,inner_fit
TR-003297,inner_stop
TR-004822,inner_fit
TR-006597,inner_fit
TR-007172,inner_stop
TR-008521,comparison
TR-009093,inner_stop
TR-009107,inner_fit
TR-009123,inner_stop
TR-009366,inner_fit
TR-001630,inner_fit
TR-001683,inner_fit
TR-001967,inner_fit
TR-003962,inner_fit
TR-004431,inner_fit
TR-004881,comparison
TR-006181,inner_fit
TR-006634,inner_fit
TR-007101,inner_fit
TR-007321,inner_stop
TR-007951,inner_fit
TR-008256,comparison
TR-000702,comparison
TR-001047,inner_fit
TR-002643,inner_fit
TR-007467,inner_stop
TR-007734,inner_fit
TR-009744,inner_stop
TR-000089,comparison
TR-000289,inner_fit
TR-000465,inner_fit
TR-000485,comparison
TR-002777,inner_fit
TR-003337,inner_fit
TR-004632,inner_fit
TR-005083,comparison
TR-006715,inner_fit
TR-009697,inner_stop
TR-000659,inner_fit
TR-001766,inner_stop
TR-004582,inner_stop
TR-005803,inner_fit
TR-006818,inner_fit
TR-008482,inner_fit
TR-008985,inner_fit
TR-009279,inner_fit
TR-000129,inner_fit
TR-000262,inner_fit
TR-002116,inner_fit
TR-003250,inner_fit
TR-007376,inner_fit
TR-007494,comparison
TR-008210,inner_fit
TR-009528,comparison
TR-001282,inner_fit
TR-001490,inner_fit
TR-001553,inner_stop
TR-002421,inner_fit
TR-004812,comparison
TR-008199,inner_stop
TR-008781,inner_stop
TR-009435,inner_fit
TR-001671,inner_fit
TR-001763,inner_fit
TR-002217,inner_fit
TR-007325,inner_fit
TR-007393,comparison
TR-001255,inner_fit
TR-002178,inner_fit
TR-004001,inner_stop
TR-004932,inner_fit
TR-006775,inner_fit
TR-007022,inner_fit
TR-008200,comparison
TR-008266,inner_fit
TR-008468,inner_stop
TR-008595,inner_fit
TR-009110,comparison
TR-000284,inner_fit
TR-001330,comparison
TR-001368,comparison
TR-003370,inner_fit
TR-006091,inner_fit
TR-006637,inner_stop
TR-006724,inner_fit
TR-007246,inner_stop
TR-009056,inner_fit
TR-009223,comparison
TR-003109,comparison
TR-004364,inner_stop
TR-004584,inner_fit
TR-005535,comparison
TR-006320,inner_stop
TR-007747,inner_fit
TR-008065,inner_fit
TR-008106,inner_fit
TR-008756,inner_fit
TR-000627,inner_fit
TR-000716,inner_stop
TR-001033,comparison
TR-001857,inner_fit
TR-002331,comparison
TR-002367,inner_fit
TR-002391,comparison
TR-003167,inner_stop
TR-004758,inner_fit
TR-005885,inner_fit
TR-007853,inner_stop
TR-007902,inner_fit
TR-008715,inner_fit
TR-002373,inner_fit
TR-003154,comparison
TR-003364,inner_fit
TR-003709,inner_fit
TR-004764,inner_fit
TR-005294,inner_fit
TR-005778,inner_fit
TR-006496,inner_fit
TR-000049,comparison
TR-001258,inner_fit
TR-003933,inner_fit
TR-005339,inner_stop
TR-008568,inner_fit
TR-009924,inner_fit
TR-000116,comparison
TR-000744,inner_fit
TR-001589,inner_stop
TR-001596,inner_fit
TR-002481,inner_fit
TR-002920,comparison
TR-003044,inner_fit
TR-004254,inner_fit
TR-004924,inner_stop
TR-000272,comparison
TR-000936,inner_fit
TR-001915,inner_stop
TR-004228,inner_fit
TR-008192,inner_fit
TR-008382,inner_stop
TR-009467,comparison
TR-000088,inner_fit
TR-001197,inner_fit
TR-001807,inner_fit
TR-001887,inner_fit
TR-002417,comparison
TR-004466,inner_fit
TR-004763,comparison
TR-006635,inner_fit
TR-007248,inner_fit
TR-008701,inner_fit
TR-009515,inner_fit
TR-001378,inner_fit
TR-003104,inner_fit
TR-003341,comparison
TR-006526,comparison
TR-007436,inner_stop
TR-007903,inner_fit
TR-009660,inner_fit
TR-000378,inner_fit
TR-001313,comparison
TR-004435,inner_fit
TR-004596,inner_fit
TR-004710,inner_fit
TR-004821,comparison
TR-004875,comparison
TR-006804,inner_fit
TR-000219,inner_stop
TR-000312,inner_stop
TR-001584,inner_fit
TR-002456,inner_fit
TR-002758,inner_fit
TR-003310,inner_fit
TR-005676,inner_fit
TR-005831,inner_fit
TR-006114,inner_fit
TR-007079,inner_fit
TR-008018,inner_fit
TR-000068,inner_fit
TR-000620,inner_stop
TR-002606,inner_fit
TR-002653,inner_fit
TR-004426,inner_fit
TR-005602,inner_fit
TR-005680,inner_fit
TR-007035,comparison
TR-008929,inner_fit
TR-009015,comparison
TR-009393,inner_fit
TR-009694,inner_fit
TR-002205,inner_fit
TR-003330,inner_fit
TR-003464,comparison
TR-004010,inner_fit
TR-004739,inner_fit
TR-004859,inner_fit
TR-005769,comparison
TR-006375,inner_fit
TR-002808,inner_fit
TR-003988,inner_fit
TR-004918,inner_fit
TR-006759,inner_fit
TR-006879,inner_fit
TR-007126,inner_fit
TR-008670,inner_fit
TR-009732,inner_fit
TR-003650,inner_fit
TR-004555,inner_stop
TR-005618,inner_fit
TR-008253,inner_fit
TR-009793,inner_fit
TR-001161,inner_fit
TR-001634,inner_stop
TR-003126,inner_fit
TR-004353,inner_fit
TR-006801,inner_stop
TR-006883,inner_fit
TR-007149,inner_fit
TR-008816,comparison
TR-009808,inner_fit
TR-001208,comparison
TR-001268,inner_stop
TR-001720,inner_stop
TR-002091,inner_fit
TR-004444,inner_fit
TR-004800,comparison
TR-007905,inner_fit
TR-008908,comparison
TR-009209,inner_stop
TR-009684,inner_fit
TR-009765,inner_fit
TR-009944,inner_fit
TR-002348,inner_fit
TR-004137,inner_fit
TR-004533,inner_fit
TR-005859,inner_fit
TR-006665,inner_fit
TR-007454,inner_stop
TR-007764,inner_fit
TR-008841,inner_fit
TR-009259,inner_stop
TR-002310,inner_fit
TR-002568,inner_fit
TR-003471,inner_fit
TR-004901,comparison
TR-004946,inner_fit
TR-005606,inner_fit
TR-007130,inner_fit
TR-009642,inner_fit
TR-009742,inner_stop
TR-000210,inner_fit
TR-002017,inner_fit
TR-002521,inner_fit
TR-002754,inner_fit
TR-002990,inner_fit
TR-003111,inner_stop
TR-005326,inner_fit
TR-006183,inner_stop
TR-007665,inner_stop
TR-008263,comparison
TR-003069,inner_fit
TR-003654,comparison
TR-007369,inner_fit
TR-000410,inner_fit
TR-001829,inner_stop
TR-002668,inner_fit
TR-003491,comparison
TR-005371,comparison
TR-005465,inner_fit
TR-005883,inner_stop
TR-007009,comparison
TR-007400,comparison
TR-008220,comparison
TR-009670,comparison
TR-000182,inner_stop
TR-000222,inner_fit
TR-000975,inner_fit
TR-002840,inner_fit
TR-003217,inner_fit
TR-003340,inner_fit
TR-003907,inner_fit
TR-005785,inner_fit
TR-006811,comparison
TR-007174,inner_stop
TR-007735,inner_fit
TR-007800,inner_fit
TR-009337,inner_stop
TR-000867,inner_stop
TR-000912,comparison
TR-001956,comparison
TR-002118,inner_fit
TR-002167,comparison
TR-002430,inner_stop
TR-003243,comparison
TR-004838,inner_fit
TR-006358,inner_stop
TR-006598,inner_fit
TR-006718,inner_fit
TR-007813,inner_fit
TR-000025,inner_fit
TR-000640,inner_fit
TR-001223,inner_fit
TR-001626,inner_fit
TR-002925,inner_fit
TR-003261,inner_fit
TR-003293,inner_fit
TR-004291,inner_fit
TR-006659,comparison
TR-007118,inner_fit
TR-007889,comparison
TR-000343,inner_fit
TR-007680,inner_fit
TR-008672,comparison
TR-009282,comparison
TR-002103,inner_fit
TR-003055,comparison
TR-003647,comparison
TR-005156,inner_fit
TR-006831,inner_stop
TR-008799,inner_fit
TR-001159,inner_fit
TR-001632,inner_fit
TR-004164,inner_fit
TR-004714,inner_stop
TR-005139,comparison
TR-006143,inner_fit
TR-007602,comparison
TR-009193,inner_fit
TR-009714,comparison
TR-000736,comparison
TR-002597,comparison
TR-004359,comparison
TR-009158,inner_fit
TR-000372,inner_fit
TR-004194,comparison
TR-004473,inner_stop
TR-006937,inner_fit
TR-007526,inner_fit
TR-007944,inner_fit
TR-009865,inner_fit
TR-000148,inner_stop
TR-003266,inner_stop
TR-003482,inner_fit
TR-004131,inner_fit
TR-006581,inner_stop
TR-007212,inner_fit
TR-007422,inner_fit
TR-007772,inner_fit
TR-008313,inner_stop
TR-008585,inner_fit
TR-009650,inner_fit
TR-001250,comparison
TR-002012,inner_fit
TR-003193,inner_fit
TR-003474,inner_stop
TR-004619,inner_fit
TR-005555,inner_fit
TR-005814,comparison
TR-005874,inner_fit
TR-006468,inner_stop
TR-007057,inner_fit
TR-008693,inner_stop
TR-000525,inner_stop
TR-001949,comparison
TR-004202,inner_fit
TR-005190,comparison
TR-009638,inner_stop
TR-009662,inner_stop
TR-000329,inner_fit
TR-001658,comparison
TR-002579,comparison
TR-005166,comparison
TR-006308,comparison
TR-006471,comparison
TR-006771,inner_fit
TR-006790,comparison
TR-007354,inner_fit
TR-008958,inner_fit
TR-009678,inner_stop
TR-002198,inner_fit
TR-002724,inner_fit
TR-006444,inner_fit
TR-007108,comparison
TR-007326,inner_fit
TR-007656,comparison
TR-008009,inner_stop
TR-009424,inner_fit
TR-001432,inner_fit
TR-001727,inner_fit
TR-002201,inner_fit
TR-004647,inner_fit
TR-005184,inner_fit
TR-006048,inner_fit
TR-006998,inner_fit
TR-007937,inner_stop
TR-009493,inner_stop
TR-009545,inner_fit
TR-003831,inner_fit
TR-003996,inner_fit
TR-004965,inner_stop
TR-006249,inner_fit
TR-007963,inner_stop
TR-009100,comparison
TR-009977,inner_stop
TR-001387,inner_fit
TR-003128,inner_fit
TR-004379,comparison
TR-005848,inner_stop
TR-007188,inner_fit
TR-008075,comparison
TR-002275,inner_fit
TR-004695,inner_fit
TR-004722,comparison
TR-005786,comparison
TR-005965,inner_fit
TR-006709,inner_fit
TR-007309,inner_fit
TR-007646,inner_stop
TR-008279,inner_fit
TR-008432,comparison
TR-008876,inner_fit
TR-000224,inner_fit
TR-000706,comparison
TR-003421,inner_fit
TR-003451,inner_fit
TR-003666,inner_fit
TR-005617,inner_fit
TR-005783,inner_fit
TR-006021,inner_fit
TR-007165,inner_fit
TR-009445,inner_stop
TR-009718,inner_stop
TR-001527,inner_fit
TR-005243,comparison
TR-006431,inner_stop
TR-007996,inner_fit
TR-008109,comparison
TR-000316,inner_fit
TR-000385,comparison
TR-001373,inner_stop
TR-001410,inner_fit
TR-002544,comparison
TR-004068,inner_fit
TR-004845,inner_fit
TR-005663,inner_fit
TR-006701,inner_fit
TR-007835,inner_fit
TR-009099,inner_fit
TR-009550,comparison
TR-009838,inner_fit
TR-001063,inner_fit
TR-002243,inner_fit
TR-002351,inner_fit
TR-003119,inner_fit
TR-005948,inner_fit
TR-005975,comparison
TR-007430,inner_fit
TR-008489,inner_fit
TR-009349,inner_fit
TR-009817,inner_fit
TR-001008,comparison
TR-003632,inner_stop
TR-005735,comparison
TR-006519,inner_fit
TR-009520,comparison
TR-002246,inner_stop
TR-002377,inner_stop
TR-003673,comparison
TR-004583,inner_fit
TR-005666,inner_fit
TR-005808,inner_fit
TR-006060,inner_stop
TR-007784,inner_stop
TR-009586,comparison
TR-009801,inner_fit
TR-009835,inner_fit
TR-009837,inner_fit
TR-000722,comparison
TR-000893,inner_fit
TR-001726,inner_fit
TR-002189,inner_fit
TR-002396,comparison
TR-002497,inner_fit
TR-000498,inner_fit
TR-000915,inner_fit
TR-001649,inner_fit
TR-003641,comparison
TR-006924,inner_fit
TR-007080,inner_fit
TR-007773,inner_fit
TR-007979,comparison
TR-008699,comparison
TR-009762,inner_fit
TR-000494,inner_stop
TR-002599,inner_fit
TR-003099,inner_fit
TR-004726,inner_fit
TR-005343,inner_fit
TR-005658,inner_fit
TR-007720,inner_fit
TR-008785,inner_fit
TR-009876,inner_fit
TR-002052,inner_fit
TR-002823,inner_fit
TR-002844,inner_stop
TR-003270,inner_fit
TR-004247,comparison
TR-004361,comparison
TR-004652,inner_fit
TR-005733,comparison
TR-005993,inner_fit
TR-007693,inner_fit
TR-008304,comparison
TR-009654,comparison
TR-000405,inner_fit
TR-000622,inner_fit
TR-000693,inner_stop
TR-001504,comparison
TR-002222,inner_fit
TR-003839,inner_stop
TR-004339,comparison
TR-004923,inner_fit
TR-005966,inner_fit
TR-008659,inner_fit
TR-009899,inner_fit
TR-004543,comparison
TR-005024,inner_fit
TR-005274,inner_fit
TR-006789,inner_fit
TR-007034,inner_fit
TR-007578,inner_stop
TR-007955,inner_fit
TR-008348,inner_fit
TR-008544,inner_stop
TR-009425,inner_fit
TR-009862,inner_fit
TR-000931,inner_fit
TR-001731,inner_fit
TR-003917,comparison
TR-003929,inner_stop
TR-004439,inner_fit
TR-004665,inner_fit
TR-005852,inner_fit
TR-006069,inner_stop
TR-007197,inner_fit
TR-007285,inner_fit
TR-000005,inner_fit
TR-003307,inner_fit
TR-003346,comparison
TR-004941,inner_fit
TR-009054,inner_stop
TR-009064,comparison
TR-009429,inner_fit
TR-004158,inner_fit
TR-005232,inner_fit
TR-006497,inner_stop
TR-006639,inner_fit
TR-006995,comparison
TR-000165,inner_fit
TR-000364,inner_stop
TR-002005,inner_stop
TR-002281,inner_fit
TR-003059,comparison
TR-004575,inner_fit
TR-005064,inner_fit
TR-006875,inner_fit
TR-008267,inner_fit
TR-009639,inner_fit
TR-000305,inner_stop
TR-003603,comparison
TR-005074,comparison
TR-006662,inner_fit
TR-006768,comparison
TR-006993,inner_fit
TR-007804,inner_fit
TR-008198,inner_fit
TR-008393,inner_stop
TR-008886,inner_fit
TR-009966,inner_fit
TR-002327,inner_fit
TR-003260,comparison
TR-004376,inner_fit
TR-004468,inner_fit
TR-005032,comparison
TR-005208,inner_fit
TR-006203,comparison
TR-006903,inner_fit
TR-007462,inner_stop
TR-008163,comparison
TR-000816,inner_fit
TR-003047,comparison
TR-004196,comparison
TR-005104,inner_fit
TR-005685,inner_fit
TR-005708,inner_fit
TR-006733,inner_fit
TR-007491,inner_stop
TR-008509,inner_fit
TR-008561,inner_stop
TR-008695,inner_fit
TR-009812,comparison
TR-001600,inner_stop
TR-005519,inner_fit
TR-005807,inner_fit
TR-006512,inner_fit
TR-008414,inner_fit
TR-009785,comparison
TR-009923,comparison
TR-000643,inner_fit
TR-000809,inner_fit
TR-000984,inner_fit
TR-001760,comparison
TR-002381,inner_fit
TR-002545,inner_fit
TR-003097,inner_fit
TR-005639,inner_fit
TR-006210,inner_fit
TR-007091,comparison
TR-008571,inner_fit
TR-009230,inner_fit
TR-009297,inner_stop
TR-000328,inner_fit
TR-001557,inner_fit
TR-002324,inner_stop
TR-003148,inner_fit
TR-005029,comparison
TR-008080,inner_fit
TR-008305,inner_stop
TR-006977,inner_fit
TR-007609,inner_stop
TR-007918,inner_fit
TR-007938,inner_fit
TR-008360,inner_fit
TR-001040,comparison
TR-001575,inner_fit
TR-001802,inner_fit
TR-001831,inner_stop
TR-001849,inner_fit
TR-002370,inner_fit
TR-006984,inner_fit
TR-007175,inner_fit
TR-007906,inner_fit
TR-009146,inner_fit
TR-000512,inner_fit
TR-002959,comparison
TR-003767,inner_fit
TR-004676,inner_stop
TR-009239,inner_fit
TR-009726,inner_fit
TR-002119,inner_fit
TR-004067,inner_fit
TR-005656,inner_fit
TR-009963,inner_fit
TR-000174,inner_stop
TR-003015,inner_stop
TR-005351,comparison
TR-006148,inner_fit
TR-006226,comparison
TR-006651,comparison
TR-006935,inner_fit
TR-007573,inner_fit
TR-000070,inner_fit
TR-002871,inner_fit
TR-006264,inner_fit
TR-006978,inner_fit
TR-001962,inner_fit
TR-002187,inner_stop
TR-002306,inner_fit
TR-003235,inner_fit
TR-003638,inner_fit
TR-004650,inner_fit
TR-004896,inner_stop
TR-005488,inner_stop
TR-005545,inner_fit
TR-005892,inner_fit
TR-006156,inner_fit
TR-006262,inner_fit
TR-008796,inner_fit
TR-008921,comparison
TR-009400,inner_fit
TR-000998,inner_fit
TR-001440,inner_fit
TR-003430,inner_fit
TR-003827,inner_stop
TR-004049,inner_fit
TR-006611,comparison
TR-000825,inner_fit
TR-001974,inner_fit
TR-003259,inner_fit
TR-003798,inner_fit
TR-004653,inner_fit
TR-005542,inner_fit
TR-006563,comparison
TR-001284,inner_fit
TR-004784,inner_stop
TR-004810,comparison
TR-007848,comparison
TR-000238,inner_fit
TR-000479,comparison
TR-002385,inner_fit
TR-005285,inner_fit
TR-006494,inner_fit
TR-006557,inner_fit
TR-006859,inner_fit
TR-007549,inner_fit
TR-008132,inner_fit
TR-009076,inner_fit
TR-002089,inner_stop
TR-004819,comparison
TR-005252,inner_fit
TR-009715,comparison
TR-002115,inner_stop
TR-002315,inner_fit
TR-006018,inner_fit
TR-007715,inner_fit
TR-008019,inner_fit
TR-008938,inner_stop
TR-009287,inner_stop
TR-003891,comparison
TR-005292,comparison
TR-005621,inner_stop
TR-006391,inner_fit
TR-007232,inner_fit
TR-007333,inner_fit
TR-008302,inner_stop
TR-009417,comparison
TR-009600,inner_stop
TR-000311,inner_stop
TR-000949,comparison
TR-001542,inner_stop
TR-002574,inner_fit
TR-005337,inner_fit
TR-007961,inner_fit
TR-008180,inner_stop
TR-008771,inner_fit
TR-001005,inner_fit
TR-001312,inner_fit
TR-001363,inner_fit
TR-001532,comparison
TR-002293,inner_fit
TR-004208,comparison
TR-007065,inner_fit
TR-007738,inner_fit
TR-000414,comparison
TR-000605,inner_fit
TR-003034,inner_fit
TR-003416,inner_fit
TR-005019,comparison
TR-005392,inner_fit
TR-007513,comparison
TR-000134,inner_stop
TR-000959,inner_fit
TR-001010,comparison
TR-003830,inner_fit
TR-004681,inner_fit
TR-004866,inner_fit
TR-005711,comparison
TR-006474,inner_fit
TR-006552,inner_stop
TR-007008,inner_fit
TR-007803,inner_stop
TR-009122,comparison
TR-001087,inner_fit
TR-003392,inner_fit
TR-004563,inner_stop
TR-004664,inner_fit
TR-005501,inner_fit
TR-007565,comparison
TR-007815,inner_fit
TR-008378,inner_stop
TR-008478,comparison
TR-000966,inner_fit
TR-003734,inner_fit
TR-006106,inner_fit
TR-007291,inner_stop
TR-000317,inner_fit
TR-001546,inner_fit
TR-001655,inner_fit
TR-001922,inner_stop
TR-002748,inner_stop
TR-003201,inner_fit
TR-004071,inner_fit
TR-005128,inner_fit
TR-008248,comparison
TR-008712,inner_fit
TR-001613,inner_stop
TR-002360,inner_fit
TR-004112,inner_fit
TR-004537,inner_fit
TR-005812,inner_fit
TR-006785,inner_fit
TR-007958,comparison
TR-008873,inner_fit
TR-009489,inner_stop
TR-001073,comparison
TR-001382,comparison
TR-001577,inner_fit
TR-002738,inner_fit
TR-003006,inner_stop
TR-005549,inner_fit
TR-006280,inner_fit
TR-006294,comparison
TR-006966,comparison
TR-007529,comparison
TR-007614,inner_stop
TR-007878,comparison
TR-001217,inner_fit
TR-001703,comparison
TR-002402,inner_stop
TR-005101,inner_fit
TR-005318,inner_stop
TR-005594,inner_fit
TR-005937,inner_fit
TR-005957,comparison
TR-006530,inner_fit
TR-008171,inner_fit
TR-009008,inner_fit
TR-009126,inner_fit
TR-009201,inner_fit
TR-000567,inner_stop
TR-000592,inner_fit
TR-001729,inner_fit
TR-002611,inner_stop
TR-007042,comparison
TR-007193,inner_stop
TR-007380,inner_fit
TR-008344,comparison
TR-008351,comparison
TR-008970,inner_stop
TR-009888,inner_stop
TR-001723,inner_fit
TR-002546,inner_fit
TR-003328,comparison
TR-003731,inner_fit
TR-004335,inner_fit
TR-006420,comparison
TR-006438,comparison
TR-007399,inner_fit
TR-008953,inner_fit
TR-000429,inner_fit
TR-000499,inner_stop
TR-000873,inner_fit
TR-000887,inner_fit
TR-001366,inner_fit
TR-001441,inner_fit
TR-002197,inner_stop
TR-007972,comparison
TR-000753,inner_stop
TR-001020,inner_fit
TR-001385,inner_fit
TR-007608,inner_fit
TR-007998,inner_fit
TR-009345,inner_stop
TR-009350,comparison
TR-000526,inner_fit
TR-000971,comparison
TR-001933,inner_fit
TR-003398,comparison
TR-004702,inner_fit
TR-007464,inner_stop
TR-007893,inner_fit
TR-008387,inner_fit
TR-008948,inner_fit
TR-000704,inner_fit
TR-001292,inner_fit
TR-002137,inner_fit
TR-002900,inner_stop
TR-003060,inner_fit
TR-003095,inner_fit
TR-003835,inner_fit
TR-006919,inner_stop
TR-008214,inner_fit
TR-009477,inner_stop
TR-000598,comparison
TR-002498,inner_fit
TR-004192,comparison
TR-004251,inner_fit
TR-004817,inner_fit
TR-006798,inner_fit
TR-008656,comparison
TR-009111,inner_fit
TR-009734,inner_fit
TR-001907,inner_stop
TR-001969,comparison
TR-002683,inner_fit
TR-003007,inner_fit
TR-004053,inner_fit
TR-004615,inner_fit
TR-004779,inner_fit
TR-006130,inner_fit
TR-006202,inner_fit
TR-006370,inner_fit
TR-009481,inner_fit
TR-002242,inner_fit
TR-002328,inner_fit
TR-004224,inner_fit
TR-004668,inner_stop
TR-006784,inner_fit
TR-008193,inner_fit
TR-009090,inner_stop
TR-000799,inner_stop
TR-002272,comparison
TR-003570,comparison
TR-004493,comparison
TR-006507,inner_fit
TR-006863,comparison
TR-007664,inner_fit
TR-009182,inner_stop
TR-000418,inner_stop
TR-001393,inner_fit
TR-003492,inner_stop
TR-003967,inner_fit
TR-004957,inner_fit
TR-005531,inner_fit
TR-005939,comparison
TR-006690,inner_fit
TR-007582,inner_fit
TR-008888,comparison
TR-001222,inner_fit
TR-003276,inner_fit
TR-004085,inner_stop
TR-004553,comparison
TR-008296,inner_fit
TR-008628,inner_stop
TR-009686,inner_stop
TR-000426,inner_fit
TR-000888,inner_fit
TR-001326,inner_stop
TR-001679,inner_fit
TR-002659,inner_fit
TR-004561,inner_fit
TR-004704,comparison
TR-005570,comparison
TR-007563,inner_fit
TR-007671,inner_fit
TR-008143,inner_stop
TR-000243,inner_fit
TR-000903,inner_stop
TR-000930,inner_fit
TR-001149,inner_stop
TR-003311,inner_stop
TR-003411,inner_fit
TR-005364,inner_stop
TR-000296,inner_fit
TR-000449,comparison
TR-002625,inner_stop
TR-005031,inner_stop
TR-005170,comparison
TR-000985,inner_stop
TR-002006,inner_fit
TR-003078,comparison
TR-003949,inner_fit
TR-006153,inner_fit
TR-008515,comparison
TR-009087,inner_fit
TR-000534,inner_stop
TR-002392,inner_fit
TR-003013,inner_fit
TR-004320,inner_fit
TR-005054,comparison
TR-005701,inner_fit
TR-005955,inner_fit
TR-006220,inner_fit
TR-006802,inner_fit
TR-007296,inner_fit
TR-007610,inner_fit
TR-009382,inner_stop
TR-009576,inner_fit
TR-001174,inner_fit
TR-001321,inner_fit
TR-001736,inner_stop
TR-002074,inner_stop
TR-002425,inner_fit
TR-002686,inner_fit
TR-002765,inner_fit
TR-004969,inner_fit
TR-005110,inner_fit
TR-005151,inner_fit
TR-005421,inner_stop
TR-005517,inner_fit
TR-005994,inner_fit
TR-006589,inner_fit
TR-007100,inner_fit
TR-007350,inner_fit
TR-008250,inner_fit
TR-008704,comparison
TR-000647,inner_stop
TR-003472,inner_fit
TR-004315,inner_fit
TR-006764,inner_fit
TR-008436,comparison
TR-008500,comparison
TR-001684,inner_fit
TR-001792,inner_fit
TR-002705,inner_stop
TR-003112,inner_fit
TR-003144,inner_stop
TR-003711,inner_fit
TR-003758,inner_fit
TR-003778,inner_fit
TR-005724,inner_fit
TR-006028,comparison
TR-006184,inner_fit
TR-007618,comparison
TR-007822,inner_fit
TR-008294,inner_fit
TR-008576,comparison
TR-008666,inner_fit
TR-008759,inner_fit
TR-009646,inner_stop
TR-000072,inner_stop
TR-001670,comparison
TR-001994,comparison
TR-002937,inner_fit
TR-003845,inner_fit
TR-004780,inner_fit
TR-006339,inner_fit
TR-007120,comparison
TR-008030,inner_fit
TR-008213,inner_stop
TR-008963,inner_fit
TR-008972,inner_fit
TR-009026,inner_stop
TR-001307,comparison
TR-003374,comparison
TR-004282,inner_fit
TR-005210,inner_fit
TR-005816,inner_stop
TR-006517,inner_fit
TR-008111,comparison
TR-009411,inner_fit
TR-002050,inner_fit
TR-002867,inner_fit
TR-002886,inner_fit
TR-003715,inner_fit
TR-004126,comparison
TR-004598,comparison
TR-004738,inner_fit
TR-005299,inner_fit
TR-005806,inner_fit
TR-007640,comparison
TR-009231,inner_fit
TR-001261,comparison
TR-002618,inner_fit
TR-002831,inner_fit
TR-005287,inner_fit
TR-005668,inner_fit
TR-006246,inner_fit
TR-006456,inner_fit
TR-008039,inner_fit
TR-000650,inner_fit
TR-000654,inner_fit
TR-001272,inner_fit
TR-005766,inner_fit
TR-006311,inner_fit
TR-007270,inner_fit
TR-008326,inner_stop
TR-008340,inner_stop
TR-002822,inner_fit
TR-004200,inner_fit
TR-007146,inner_fit
TR-009494,inner_fit
TR-000582,inner_fit
TR-001076,inner_fit
TR-001508,inner_fit
TR-002476,inner_fit
TR-003564,comparison
TR-004517,inner_stop
TR-005040,comparison
TR-005796,inner_stop
TR-006814,inner_fit
TR-007320,inner_fit
TR-007987,inner_fit
TR-008956,inner_stop
TR-009702,inner_fit
TR-009711,inner_stop
TR-005262,inner_stop
TR-005855,inner_fit
TR-008652,comparison
TR-008973,comparison
TR-009988,inner_fit
TR-000810,inner_fit
TR-000978,inner_fit
TR-001783,inner_fit
TR-002302,inner_fit
TR-002451,inner_fit
TR-002671,inner_fit
TR-005751,comparison
TR-006283,inner_fit
TR-007224,inner_fit
TR-008960,inner_stop
TR-009105,inner_stop
TR-000967,comparison
TR-001384,inner_fit
TR-002266,inner_fit
TR-002715,comparison
TR-003810,comparison
TR-004857,inner_fit
TR-005565,inner_fit
TR-005699,inner_fit
TR-006666,inner_fit
TR-009240,inner_fit
TR-000935,inner_stop
TR-001188,inner_fit
TR-001491,inner_fit
TR-004206,inner_fit
TR-006385,inner_fit
TR-006807,inner_fit
TR-007155,inner_fit
TR-001583,inner_fit
TR-002849,inner_fit
TR-005546,comparison
TR-006100,inner_stop
TR-006540,comparison
TR-007186,comparison
TR-007215,comparison
TR-007957,inner_fit
TR-008524,inner_fit
TR-008763,inner_fit
TR-009627,comparison
TR-000373,inner_fit
TR-001331,inner_fit
TR-001361,inner_fit
TR-001581,inner_fit
TR-002406,inner_stop
TR-002763,inner_stop
TR-003011,inner_fit
TR-003065,inner_fit
TR-004489,inner_stop
TR-005349,inner_fit
TR-006065,inner_fit
TR-006207,inner_fit
TR-007045,inner_stop
TR-007243,comparison
TR-009584,inner_fit
TR-009733,inner_fit
TR-009866,inner_fit
TR-001202,inner_fit
TR-001230,inner_fit
TR-002123,inner_stop
TR-002773,inner_stop
TR-003012,inner_fit
TR-003070,inner_stop
TR-004935,inner_fit
TR-005880,inner_fit
TR-007017,inner_fit
TR-008337,inner_fit
TR-009174,comparison
TR-000211,inner_fit
TR-001799,comparison
TR-002059,inner_fit
TR-005123,inner_fit
TR-005491,inner_fit
TR-006010,inner_fit
TR-006281,inner_fit
TR-007106,inner_fit
TR-007247,inner_fit
TR-007705,inner_fit
TR-001370,inner_fit
TR-001662,comparison
TR-001882,inner_fit
TR-004674,inner_fit
TR-005704,inner_fit
TR-006839,inner_fit
TR-008491,inner_fit
TR-001012,inner_fit
TR-001876,inner_fit
TR-002063,inner_fit
TR-002760,comparison
TR-003454,inner_fit
TR-003456,comparison
TR-003489,inner_fit
TR-004475,inner_stop
TR-005164,inner_fit
TR-006044,inner_fit
TR-006235,inner_fit
TR-008437,inner_fit
TR-003317,inner_fit
TR-003920,inner_stop
TR-005346,comparison
TR-005376,inner_stop
TR-006393,comparison
TR-009102,inner_fit
TR-009413,inner_fit
TR-002672,comparison
TR-003706,inner_fit
TR-003816,inner_fit
TR-004963,comparison
TR-006201,comparison
TR-007435,inner_stop
TR-007883,inner_fit
TR-009215,inner_stop
TR-001989,inner_stop
TR-004077,comparison
TR-004888,inner_fit
TR-005435,comparison
TR-005747,inner_fit
TR-006950,inner_fit
TR-008840,inner_fit
TR-009523,inner_fit
TR-000101,inner_fit
TR-000321,inner_stop
TR-002499,comparison
TR-002898,comparison
TR-004659,inner_fit
TR-005423,inner_fit
TR-001086,inner_fit
TR-001769,inner_fit
TR-001797,inner_fit
TR-002453,inner_fit
TR-006083,inner_fit
TR-007623,comparison
TR-007670,inner_fit
TR-008626,inner_stop
TR-008691,inner_stop
TR-008773,inner_fit
TR-009132,inner_fit
TR-009257,inner_fit
TR-002882,inner_stop
TR-004514,inner_fit
TR-004716,inner_stop
TR-005051,comparison
TR-005653,inner_fit
TR-005820,inner_fit
TR-005923,inner_fit
TR-006340,comparison
TR-009398,inner_fit
TR-009405,inner_fit
TR-000309,inner_fit
TR-003358,comparison
TR-007858,inner_fit
TR-007899,comparison
TR-009952,comparison
TR-009971,inner_fit
TR-001048,inner_fit
TR-002078,comparison
TR-002670,inner_stop
TR-003150,inner_stop
TR-004303,inner_fit
TR-005577,inner_stop
TR-005917,inner_fit
TR-007959,inner_fit
TR-007971,comparison
TR-008729,inner_fit
TR-000443,comparison
TR-001895,inner_fit
TR-002778,inner_fit
TR-003202,inner_fit
TR-004446,comparison
TR-005842,inner_fit
TR-006779,inner_fit
TR-007496,inner_stop
TR-008367,inner_fit
TR-000973,inner_stop
TR-001592,comparison
TR-002085,inner_fit
TR-003039,inner_fit
TR-004342,inner_stop
TR-004358,inner_fit
TR-004485,inner_fit
TR-006757,inner_fit
TR-006885,comparison
TR-006897,inner_stop
TR-007375,comparison
TR-007536,comparison
TR-008162,inner_stop
TR-008262,inner_fit
TR-008593,inner_fit
TR-000012,inner_fit
TR-000697,inner_fit
TR-001434,inner_fit
TR-001664,inner_fit
TR-001685,inner_stop
TR-001892,comparison
TR-004273,inner_stop
TR-005384,inner_fit
TR-005729,inner_fit
TR-006449,inner_fit
TR-008208,comparison
TR-009777,comparison
TR-000725,comparison
TR-006953,inner_stop
TR-009396,inner_fit
TR-009727,comparison
TR-009873,inner_fit
TR-002963,inner_fit
TR-003927,inner_stop
TR-004856,comparison
TR-005449,inner_stop
TR-009384,inner_fit
TR-009471,inner_fit
TR-009543,inner_fit
TR-009813,inner_stop
TR-000556,inner_stop
TR-001227,inner_stop
TR-002766,inner_fit
TR-002780,inner_fit
TR-002917,inner_fit
TR-003076,inner_fit
TR-005368,comparison
TR-005457,inner_fit
TR-005695,inner_fit
TR-005753,inner_fit
TR-005981,inner_stop
TR-009551,comparison
TR-000287,inner_fit
TR-000505,inner_fit
TR-000607,comparison
TR-000989,comparison
TR-001992,comparison
TR-003344,inner_fit
TR-007770,inner_fit
TR-008887,inner_fit
TR-000613,comparison
TR-000767,inner_stop
TR-001607,inner_fit
TR-002094,inner_fit
TR-002248,comparison
TR-002638,inner_fit
TR-005638,comparison
TR-005943,inner_fit
TR-006873,inner_fit
TR-007242,inner_fit
TR-007541,inner_fit
TR-007687,inner_fit
TR-000127,comparison
TR-001046,inner_stop
TR-002129,inner_fit
TR-002915,inner_fit
TR-002955,inner_fit
TR-003414,inner_fit
TR-003444,inner_fit
TR-004296,inner_fit
TR-005211,inner_fit
TR-005361,inner_fit
TR-005572,inner_stop
TR-006712,inner_fit
TR-008408,inner_stop
TR-000051,inner_stop
TR-002589,inner_fit
TR-003052,inner_fit
TR-003134,inner_fit
TR-003881,inner_stop
TR-004056,inner_fit
TR-005144,inner_stop
TR-005327,inner_fit
TR-005403,inner_fit
TR-005688,inner_fit
TR-005827,comparison
TR-008113,inner_fit
TR-008923,comparison
TR-001421,inner_stop
TR-002102,inner_stop
TR-005088,comparison
TR-005665,inner_fit
TR-005989,inner_fit
TR-009612,inner_fit
TR-002864,inner_fit
TR-002914,comparison
TR-004219,inner_fit
TR-005316,inner_stop
TR-005897,inner_fit
TR-007281,inner_fit
TR-008283,inner_stop
TR-008685,comparison
TR-009104,inner_fit
TR-000714,inner_fit
TR-001375,inner_fit
TR-002271,inner_stop
TR-005679,inner_stop
TR-006658,inner_fit
TR-007338,inner_fit
TR-008768,inner_stop
TR-009534,inner_stop
TR-001145,inner_stop
TR-002750,inner_fit
TR-003117,inner_stop
TR-003914,comparison
TR-004954,inner_fit
TR-006191,comparison
TR-006219,inner_fit
TR-007984,comparison
TR-009072,inner_fit
TR-009325,inner_fit
TR-001226,inner_fit
TR-002408,inner_stop
TR-002465,inner_stop
TR-003646,inner_fit
TR-005117,comparison
TR-006312,inner_stop
TR-006511,inner_stop
TR-006578,inner_fit
TR-007177,comparison
TR-008869,inner_fit
TR-009352,inner_fit
TR-009990,inner_fit
TR-000276,inner_fit
TR-000703,inner_stop
TR-005485,inner_stop
TR-008207,inner_fit
TR-008429,inner_fit
TR-000071,inner_stop
TR-000310,comparison
TR-000695,inner_stop
TR-000872,inner_fit
TR-001466,comparison
TR-003391,inner_fit
TR-003764,comparison
TR-004461,inner_stop
TR-001126,comparison
TR-004357,inner_fit
TR-004675,inner_stop
TR-006232,inner_fit
TR-006560,inner_fit
TR-008473,inner_stop
TR-009540,comparison
TR-000580,inner_fit
TR-000597,inner_fit
TR-000692,comparison
TR-002620,inner_fit
TR-003469,inner_fit
TR-007598,inner_fit
TR-007661,inner_stop
TR-001433,comparison
TR-003155,inner_stop
TR-006571,inner_stop
TR-006946,comparison
TR-006968,inner_stop
TR-009884,inner_fit
TR-009974,inner_stop
TR-000483,inner_fit
TR-001442,inner_stop
TR-001883,inner_fit
TR-003198,inner_fit
TR-004171,inner_fit
TR-006920,inner_fit
TR-007031,inner_stop
TR-007444,inner_fit
TR-008916,comparison
TR-008959,inner_fit
TR-009936,inner_fit
TR-000092,inner_fit
TR-000332,inner_fit
TR-000803,inner_stop
TR-000833,inner_stop
TR-001804,comparison
TR-008089,comparison
TR-008244,inner_fit
TR-008598,inner_fit
TR-000293,inner_fit
TR-002690,inner_fit
TR-003242,inner_fit
TR-003808,inner_stop
TR-004782,inner_fit
TR-008147,comparison
TR-008992,inner_fit
TR-009735,comparison
TR-000186,inner_fit
TR-001120,comparison
TR-003300,inner_stop
TR-003627,inner_fit
TR-003823,inner_stop
TR-004041,comparison
TR-005480,inner_fit
TR-007871,inner_fit
TR-008603,inner_stop
TR-008900,inner_fit
TR-009172,inner_fit
TR-009902,comparison
TR-000425,inner_fit
TR-000805,inner_fit
TR-001077,inner_stop
TR-001210,inner_stop
TR-002455,inner_fit
TR-004101,inner_fit
TR-008149,comparison
TR-008352,inner_fit
TR-009490,inner_fit
TR-000241,inner_fit
TR-000370,inner_stop
TR-001003,inner_fit
TR-001297,inner_fit
TR-002830,comparison
TR-003321,inner_fit
TR-004252,inner_stop
TR-006077,inner_stop
TR-006631,comparison
TR-006655,inner_fit
TR-008928,inner_stop
TR-000242,inner_fit
TR-001248,inner_stop
TR-002148,inner_stop
TR-007056,inner_fit
TR-007405,inner_fit
TR-007591,inner_stop
TR-007973,inner_fit
TR-008643,inner_stop
TR-009000,inner_stop
TR-000516,inner_fit
TR-000723,inner_stop
TR-005381,inner_fit
TR-005677,comparison
TR-007178,inner_fit
TR-008120,inner_stop
TR-008369,inner_fit
TR-008441,inner_fit
TR-008717,inner_fit
TR-008987,inner_fit
TR-002693,inner_stop
TR-002702,inner_stop
TR-003102,inner_fit
TR-003604,inner_fit
TR-004995,inner_fit
TR-006782,inner_fit
TR-007419,inner_fit
TR-008798,inner_fit
TR-004629,comparison
TR-004793,comparison
TR-005016,inner_fit
TR-006046,inner_fit
TR-007192,inner_fit
TR-008416,inner_stop
TR-000488,comparison
TR-000841,inner_fit
TR-001097,inner_fit
TR-001193,inner_stop
TR-001477,inner_stop
TR-002043,inner_fit
TR-003049,comparison
TR-005837,inner_fit
TR-007043,inner_fit
TR-007907,comparison
TR-008940,inner_fit
TR-009597,inner_fit
TR-009814,comparison
TR-000541,comparison
TR-000683,inner_fit
TR-001059,inner_fit
TR-001139,comparison
TR-002558,inner_fit
TR-004231,inner_fit
TR-004255,inner_stop
TR-004824,inner_fit
TR-005439,inner_fit
TR-006475,inner_fit
TR-008392,inner_fit
TR-008456,inner_fit
TR-008817,inner_fit
TR-000271,inner_stop
TR-000326,inner_fit
TR-000882,comparison
TR-002259,inner_fit
TR-003113,comparison
TR-006514,inner_fit
TR-007533,inner_fit
TR-000455,inner_stop
TR-000914,inner_fit
TR-003652,inner_stop
TR-004736,comparison
TR-006853,inner_stop
TR-007096,comparison
TR-007099,inner_fit
TR-007581,inner_stop
TR-007820,comparison
TR-008911,inner_fit
TR-009069,inner_fit
TR-009187,comparison
TR-000501,inner_fit
TR-001923,comparison
TR-002510,inner_fit
TR-003402,inner_fit
TR-003552,inner_fit
TR-006428,inner_fit
TR-006687,comparison
TR-006891,comparison
TR-007145,inner_fit
TR-001942,inner_fit
TR-002703,comparison
TR-003931,inner_fit
TR-005162,inner_stop
TR-006677,inner_fit
TR-006679,inner_fit
TR-007498,inner_stop
TR-008740,comparison
TR-009330,inner_stop
TR-000018,inner_stop
TR-002124,comparison
TR-003195,inner_fit
TR-004488,inner_stop
TR-006439,inner_fit
TR-007294,inner_fit
TR-007313,inner_fit
TR-007731,inner_fit
TR-008475,inner_fit
TR-009194,inner_fit
TR-009767,inner_fit
TR-000595,inner_stop
TR-000960,inner_fit
TR-001236,inner_fit
TR-001710,inner_stop
TR-004967,inner_fit
TR-008172,inner_stop
TR-009141,inner_fit
TR-009749,inner_stop
TR-009967,inner_fit
TR-000146,inner_fit
TR-001209,inner_fit
TR-002507,comparison
TR-002815,inner_fit
TR-003522,inner_fit
TR-003769,comparison
TR-005125,inner_fit
TR-005323,inner_fit
TR-006133,comparison
TR-007280,inner_fit
TR-008748,inner_fit
TR-009280,comparison
TR-009285,inner_stop
TR-009728,comparison
TR-001096,inner_stop
TR-003334,inner_fit
TR-004898,inner_fit
TR-005657,inner_stop
TR-006587,inner_fit
TR-007975,inner_fit
TR-008975,inner_stop
TR-009241,inner_fit
TR-000511,inner_fit
TR-000675,inner_stop
TR-000969,inner_fit
TR-002023,inner_fit
TR-002194,inner_fit
TR-002584,inner_fit
TR-002674,inner_stop
TR-003125,comparison
TR-003267,inner_fit
TR-003290,inner_fit
TR-004354,inner_stop
TR-004541,inner_stop
TR-005745,inner_fit
TR-006603,comparison
TR-008819,comparison
TR-009547,inner_stop
TR-009823,comparison
TR-009945,inner_fit
TR-001493,comparison
TR-003597,inner_fit
TR-003992,inner_fit
TR-004920,inner_fit
TR-005601,inner_fit
TR-007202,inner_fit
TR-008174,comparison
TR-008655,comparison
TR-008710,inner_fit
TR-009538,comparison
TR-001328,comparison
TR-003004,inner_fit
TR-004375,comparison
TR-004477,comparison
TR-006298,inner_fit
TR-006693,inner_stop
TR-007081,inner_stop
TR-009725,comparison
TR-001131,inner_fit
TR-002527,inner_stop
TR-004521,inner_fit
TR-004747,inner_fit
TR-004943,inner_stop
TR-006364,inner_fit
TR-006437,inner_fit
TR-009591,inner_fit
TR-009993,inner_fit
TR-001524,inner_fit
TR-001879,inner_fit
TR-004289,comparison
TR-004310,inner_stop
TR-005058,inner_fit
TR-007994,comparison
TR-009750,comparison
TR-009985,inner_fit
TR-000032,comparison
TR-001026,inner_stop
TR-001721,comparison
TR-002934,inner_fit
TR-006721,inner_fit
TR-008323,inner_fit
TR-000377,inner_fit
TR-001355,inner_fit
TR-001482,inner_stop
TR-002171,inner_fit
TR-002394,inner_fit
TR-002458,inner_fit
TR-006743,inner_stop
TR-008003,inner_fit
TR-009052,comparison
TR-009165,inner_fit
TR-003390,comparison
TR-003528,inner_fit
TR-003887,inner_fit
TR-004084,inner_stop
TR-004292,inner_stop
TR-004442,inner_fit
TR-004975,inner_fit
TR-005255,comparison
TR-005500,inner_stop
TR-005913,inner_stop
TR-007465,inner_fit
TR-008138,comparison
TR-008261,inner_fit
TR-008630,inner_stop
TR-008719,inner_stop
TR-009173,comparison
TR-000600,inner_fit
TR-000909,inner_stop
TR-001761,comparison
TR-002061,inner_stop
TR-002224,comparison
TR-002291,inner_fit
TR-002757,inner_fit
TR-003609,inner_fit
TR-007857,inner_fit
TR-001029,inner_fit
TR-001032,inner_stop
TR-001072,inner_stop
TR-001755,inner_stop
TR-004148,inner_fit
TR-004609,inner_stop
TR-004752,inner_fit
TR-004770,inner_stop
TR-004886,inner_fit
TR-005302,inner_fit
TR-006577,inner_stop
TR-007616,inner_fit
TR-009535,inner_stop
TR-009606,inner_fit
TR-000926,inner_stop
TR-001570,inner_fit
TR-004217,inner_fit
TR-004341,inner_fit
TR-005135,inner_fit
TR-005342,inner_fit
TR-006495,inner_stop
TR-006663,comparison
TR-007644,inner_fit
TR-008356,inner_fit
TR-009094,inner_fit
TR-009213,inner_fit
TR-000529,comparison
TR-000572,comparison
TR-000750,inner_fit
TR-001657,inner_stop
TR-004086,inner_fit
TR-007158,inner_fit
TR-008511,inner_fit
TR-008939,inner_fit
TR-000589,inner_stop
TR-000814,inner_fit
TR-002616,inner_stop
TR-003640,inner_fit
TR-003643,inner_stop
TR-006988,inner_stop
TR-000635,inner_fit
TR-001951,inner_stop
TR-002235,inner_fit
TR-002380,inner_fit
TR-002972,comparison
TR-003224,inner_fit
TR-003296,inner_stop
TR-003661,inner_fit
TR-004579,inner_fit
TR-004612,inner_fit
TR-004720,inner_fit
TR-006472,inner_stop
TR-006553,inner_stop
TR-007259,inner_stop
TR-007478,inner_stop
TR-007510,comparison
TR-007522,inner_fit
TR-007752,comparison
TR-007754,inner_fit
TR-008124,inner_fit
TR-009855,inner_fit
TR-002802,inner_stop
TR-002853,inner_stop
TR-003837,inner_stop
TR-004568,inner_fit
TR-005642,comparison
TR-006506,inner_fit
TR-007003,inner_fit
TR-008718,comparison
TR-009629,inner_fit
TR-001224,inner_stop
TR-002146,comparison
TR-002697,inner_fit
TR-002788,comparison
TR-004308,inner_fit
TR-004727,inner_fit
TR-005587,inner_stop
TR-005895,inner_fit
TR-006917,inner_stop
TR-007829,comparison
TR-009516,inner_stop
TR-000970,comparison
TR-000976,comparison
TR-001115,inner_fit
TR-001737,inner_fit
TR-002215,inner_fit
TR-002615,inner_fit
TR-002727,comparison
TR-006955,inner_stop
TR-000170,inner_fit
TR-000274,inner_fit
TR-000870,inner_fit
TR-001860,inner_fit
TR-003108,inner_stop
TR-003678,comparison
TR-005523,comparison
TR-005961,inner_fit
TR-006486,inner_fit
TR-006582,inner_stop
TR-006908,inner_stop
TR-007636,inner_stop
TR-008660,comparison
TR-009088,inner_fit
TR-000894,inner_stop
TR-001100,comparison
TR-002624,inner_fit
TR-004902,inner_fit
TR-005442,inner_fit
TR-006938,inner_fit
TR-007511,inner_fit
TR-008275,inner_fit
TR-008893,inner_fit
TR-001080,inner_fit
TR-004380,inner_fit
TR-006454,comparison
TR-006562,inner_fit
TR-006646,comparison
TR-000408,inner_fit
TR-001464,inner_fit
TR-002552,comparison
TR-003139,inner_fit
TR-003550,inner_fit
TR-004699,inner_fit
TR-005204,inner_fit
TR-005659,comparison
TR-007641,inner_fit
TR-007778,comparison
TR-009025,comparison
TR-009779,inner_fit
TR-001452,inner_stop
TR-003864,inner_fit
TR-004263,comparison
TR-004711,inner_fit
TR-006945,inner_fit
TR-008226,inner_fit
TR-009270,comparison
TR-002921,inner_stop
TR-003079,inner_fit
TR-004434,inner_stop
TR-004549,inner_fit
TR-005419,inner_fit
TR-007347,inner_fit
TR-009751,inner_fit
TR-002649,inner_fit
TR-002954,comparison
TR-004060,inner_fit
TR-004823,inner_fit
TR-007005,inner_fit
TR-007204,inner_fit
TR-007420,comparison
TR-007888,inner_stop
TR-009693,inner_fit
TR-000883,inner_stop
TR-001314,inner_fit
TR-002998,inner_fit
TR-003362,inner_stop
TR-005661,inner_stop
TR-006958,inner_stop
TR-007621,inner_fit
TR-009696,inner_stop
TR-009851,inner_fit
TR-000707,inner_fit
TR-000732,inner_fit
TR-002903,inner_stop
TR-003537,inner_stop
TR-004088,inner_fit
TR-005003,inner_fit
TR-006559,inner_fit
TR-007252,inner_stop
TR-007301,inner_stop
TR-008264,inner_fit
TR-008370,inner_fit
TR-008488,inner_fit
TR-001707,inner_fit
TR-001987,inner_fit
TR-004750,inner_fit
TR-005915,inner_stop
TR-006059,comparison
TR-007449,inner_fit
TR-007743,inner_stop
TR-007887,inner_fit
TR-009261,inner_fit
TR-001606,inner_fit
TR-001777,inner_fit
TR-002221,inner_fit
TR-003601,inner_fit
TR-004288,inner_stop
TR-006669,inner_stop
TR-006921,inner_stop
TR-008254,inner_fit
TR-009582,comparison
TR-009845,comparison
TR-009987,inner_fit
TR-003164,inner_fit
TR-007239,inner_fit
TR-007811,inner_fit
TR-002948,inner_fit
TR-004519,inner_fit
TR-005440,comparison
TR-006054,inner_fit
TR-008931,inner_fit
TR-000533,inner_fit
TR-002109,comparison
TR-006199,inner_fit
TR-007066,inner_stop
TR-009324,inner_fit
TR-009503,comparison
TR-000163,inner_fit
TR-000686,inner_fit
TR-003118,inner_fit
TR-003606,comparison
TR-003608,comparison
TR-004108,comparison
TR-004456,inner_fit
TR-004672,comparison
TR-007825,inner_fit
TR-000342,inner_fit
TR-001448,inner_stop
TR-002468,inner_fit
TR-002800,inner_fit
TR-004910,inner_fit
TR-005140,inner_stop
TR-007077,inner_fit
TR-007470,inner_fit
TR-008464,inner_fit
TR-000676,inner_fit
TR-000957,inner_fit
TR-001212,comparison
TR-001644,inner_fit
TR-002247,comparison
TR-002278,inner_fit
TR-004309,inner_fit
TR-005951,inner_fit
TR-006549,inner_fit
TR-009433,comparison
TR-009810,inner_fit
TR-000968,inner_fit
TR-001017,inner_fit
TR-001823,inner_fit
TR-002424,inner_fit
TR-003080,inner_fit
TR-003083,inner_stop
TR-003273,comparison
TR-005107,inner_fit
TR-005956,inner_fit
TR-007708,inner_fit
TR-008447,inner_stop
TR-008542,comparison
TR-009539,inner_fit
TR-009668,inner_stop
TR-009969,inner_fit
TR-000082,inner_fit
TR-003008,inner_stop
TR-003763,inner_fit
TR-004657,inner_stop
TR-006144,inner_fit
TR-006299,inner_fit
TR-006547,inner_stop
TR-007208,inner_fit
TR-007960,inner_fit
TR-008135,inner_fit
TR-008229,inner_fit
TR-008463,inner_fit
TR-000842,inner_fit
TR-001698,inner_fit
TR-002139,comparison
TR-002600,comparison
TR-004415,inner_fit
TR-004624,inner_fit
TR-007336,inner_stop
TR-008074,inner_fit
TR-009740,inner_fit
TR-000808,inner_stop
TR-003107,comparison
TR-004966,inner_stop
TR-006369,inner_fit
TR-007113,comparison
TR-007756,inner_fit
TR-008164,inner_fit
TR-008495,inner_fit
TR-000392,inner_fit
TR-000819,inner_fit
TR-001294,inner_fit
TR-002847,comparison
TR-003090,inner_stop
TR-004515,comparison
TR-004753,inner_fit
TR-004840,comparison
TR-007082,inner_fit
TR-008322,inner_fit
TR-008454,comparison
TR-009248,inner_fit
TR-001549,inner_fit
TR-001554,comparison
TR-002218,inner_fit
TR-004170,comparison
TR-004755,comparison
TR-005532,inner_fit
TR-006543,comparison
TR-001668,inner_fit
TR-002462,comparison
TR-002680,inner_stop
TR-003598,comparison
TR-004314,inner_stop
TR-004746,inner_fit
TR-005441,inner_fit
TR-005484,comparison
TR-007258,inner_fit
TR-009730,inner_fit
TR-000431,inner_fit
TR-000540,inner_fit
TR-001004,inner_fit
TR-002851,inner_fit
TR-003733,comparison
TR-004327,comparison
TR-004557,inner_stop
TR-006900,inner_fit
TR-007209,inner_fit
TR-007413,inner_fit
TR-009103,inner_fit
TR-000568,comparison
TR-001173,inner_fit
TR-001692,comparison
TR-002722,inner_stop
TR-005683,inner_stop
TR-008151,inner_fit
TR-001640,comparison
TR-003560,inner_stop
TR-004682,inner_fit
TR-006011,inner_fit
TR-009184,inner_fit
TR-000603,inner_fit
TR-000726,inner_fit
TR-004603,inner_stop
TR-005476,inner_fit
TR-006022,inner_fit
TR-001018,comparison
TR-001354,comparison
TR-002987,inner_fit
TR-004680,inner_fit
TR-005266,inner_fit
TR-006694,inner_stop
TR-008433,inner_fit
TR-008461,inner_stop
TR-001711,comparison
TR-002053,inner_stop
TR-002100,inner_fit
TR-003776,inner_stop
TR-005813,inner_fit
TR-008167,comparison
TR-000782,inner_fit
TR-002018,inner_stop
TR-002712,inner_fit
TR-003037,inner_fit
TR-005819,inner_fit
TR-008764,inner_fit
TR-009167,comparison
TR-000171,inner_fit
TR-000710,inner_fit
TR-001339,inner_stop
TR-002529,inner_fit
TR-002588,comparison
TR-003230,inner_fit
TR-004220,inner_fit
TR-004928,inner_fit
TR-006135,inner_fit
TR-007537,inner_fit
TR-007896,inner_stop
TR-002066,comparison
TR-002791,inner_stop
TR-003633,inner_fit
TR-000128,inner_fit
TR-001050,inner_fit
TR-001609,inner_stop
TR-002200,inner_fit
TR-005378,inner_stop
TR-005710,inner_fit
TR-008055,inner_stop
TR-009329,comparison
TR-009602,inner_fit
TR-000561,inner_stop
TR-002025,comparison
TR-005305,inner_fit
TR-005554,inner_fit
TR-007287,inner_fit
TR-007801,inner_fit
TR-008311,inner_fit
TR-009563,comparison
TR-000507,inner_fit
TR-000527,comparison
TR-001311,inner_fit
TR-001521,inner_stop
TR-002096,inner_stop
TR-002108,inner_fit
TR-002341,inner_fit
TR-003936,inner_fit
TR-004105,inner_fit
TR-004633,comparison
TR-005414,inner_fit
TR-006965,inner_stop
TR-009003,inner_fit
TR-009039,comparison
TR-000167,inner_fit
TR-000545,comparison
TR-000549,inner_fit
TR-002891,inner_fit
TR-003072,inner_fit
TR-003875,comparison
TR-004931,inner_fit
TR-005363,inner_fit
TR-005674,inner_fit
TR-006328,inner_stop
TR-006991,inner_fit
TR-009409,inner_fit
TR-001912,inner_fit
TR-001986,inner_fit
TR-002319,inner_stop
TR-002714,inner_fit
TR-004211,comparison
TR-004356,inner_fit
TR-005576,inner_fit
TR-009712,inner_stop
TR-000466,comparison
TR-000718,inner_fit
TR-002230,inner_stop
TR-002678,inner_fit
TR-003024,inner_fit
TR-007745,inner_fit
TR-008922,inner_fit
TR-009827,comparison
TR-003223,inner_fit
TR-003939,inner_fit
TR-007628,inner_fit
TR-007856,inner_fit
TR-000313,inner_stop
TR-001269,inner_fit
TR-003690,comparison
TR-006269,inner_stop
TR-006461,inner_stop
TR-009222,inner_fit
TR-009628,inner_stop
TR-000544,comparison
TR-001118,comparison
TR-001502,inner_stop
TR-002366,inner_fit
TR-002793,inner_stop
TR-003600,inner_fit
TR-004369,inner_fit
TR-004417,comparison
TR-004592,inner_fit
TR-005355,inner_fit
TR-005529,inner_fit
TR-006356,inner_fit
TR-000416,inner_fit
TR-000435,inner_stop
TR-001352,inner_fit
TR-002113,comparison
TR-004042,inner_fit
TR-004295,comparison
TR-005095,inner_stop
TR-005494,comparison
TR-007137,inner_fit
TR-001423,comparison
TR-004050,inner_stop
TR-004261,inner_stop
TR-004820,comparison
TR-008146,inner_stop
TR-009317,comparison
TR-000147,inner_stop
TR-000411,inner_fit
TR-000807,inner_fit
TR-002505,inner_fit
TR-005280,inner_fit
TR-006056,inner_fit
TR-007143,inner_fit
TR-007991,inner_fit
TR-008269,comparison
TR-008336,comparison
TR-009281,inner_stop
TR-009918,inner_fit
TR-000438,inner_fit
TR-000772,inner_fit
TR-001281,inner_fit
TR-001299,comparison
TR-001303,inner_fit
TR-001610,inner_stop
TR-002238,inner_stop
TR-004165,inner_fit
TR-004423,inner_fit
TR-004581,inner_fit
TR-007127,comparison
TR-008499,inner_stop
TR-009886,comparison
TR-001637,inner_fit
TR-001902,inner_stop
TR-002587,inner_stop
TR-004713,inner_fit
TR-006070,inner_stop
TR-000083,inner_fit
TR-000267,inner_stop
TR-000436,inner_fit
TR-003026,inner_fit
TR-003534,inner_fit
TR-007331,inner_stop
TR-007589,inner_fit
TR-007637,inner_stop
TR-008170,inner_fit
TR-008381,inner_stop
TR-009391,inner_fit
TR-001489,inner_fit
TR-003368,inner_stop
TR-004096,inner_stop
TR-004688,comparison
TR-006970,inner_stop
TR-007849,inner_stop
TR-000217,inner_stop
TR-000987,inner_stop
TR-001189,inner_fit
TR-003745,inner_fit
TR-007001,inner_stop
TR-008812,inner_fit
TR-009598,comparison
TR-000754,inner_fit
TR-003984,inner_fit
TR-005070,inner_fit
TR-005424,inner_fit
TR-005497,inner_fit
TR-006094,comparison
TR-006614,inner_fit
TR-009723,inner_fit
TR-000560,inner_fit
TR-003143,inner_stop
TR-003313,comparison
TR-005887,inner_fit
TR-006542,comparison
TR-007290,comparison
TR-008005,inner_fit
TR-008688,comparison
TR-001551,inner_stop
TR-002460,inner_fit
TR-003051,inner_fit
TR-004312,inner_fit
TR-004648,inner_stop
TR-005237,inner_stop
TR-006425,inner_fit
TR-006912,comparison
TR-006922,inner_fit
TR-007070,inner_fit
TR-007289,inner_fit
TR-008453,inner_fit
TR-008601,inner_fit
TR-009085,inner_stop
TR-000228,inner_stop
TR-001749,comparison
TR-002528,inner_stop
TR-002756,inner_fit
TR-003930,inner_fit
TR-004317,inner_stop
TR-004718,inner_fit
TR-005055,inner_fit
TR-005836,inner_fit
TR-006230,inner_fit
TR-007486,inner_fit
TR-007540,comparison
TR-007865,inner_fit
TR-001291,inner_stop
TR-003116,inner_stop
TR-005690,inner_stop
TR-006967,inner_fit
TR-007073,comparison
TR-008386,inner_fit
TR-008830,inner_stop
TR-009361,inner_stop
TR-000026,inner_stop
TR-004748,inner_fit
TR-005063,inner_fit
TR-005632,inner_fit
TR-007269,comparison
TR-009843,inner_fit
TR-000913,comparison
TR-003308,inner_fit
TR-007713,inner_fit
TR-008097,comparison
TR-008579,inner_fit
TR-009220,inner_stop
TR-001651,inner_fit
TR-002261,inner_fit
TR-003204,inner_fit
TR-003750,inner_fit
TR-005099,comparison
TR-005644,inner_fit
TR-008156,inner_stop
TR-000838,inner_stop
TR-001496,inner_fit
TR-002860,inner_stop
TR-007028,inner_stop
TR-000041,comparison
TR-000327,inner_stop
TR-000892,inner_fit
TR-001844,inner_fit
TR-003231,inner_fit
TR-006030,inner_stop
TR-008194,inner_fit
TR-008910,inner_fit
TR-009268,comparison
TR-009333,inner_fit
TR-009419,inner_fit
TR-003042,inner_fit
TR-003194,inner_fit
TR-003343,inner_fit
TR-003794,inner_fit
TR-004807,inner_fit
TR-005189,inner_stop
TR-005586,inner_fit
TR-005862,inner_stop
TR-006099,comparison
TR-008895,inner_stop
TR-009238,inner_fit
TR-009512,inner_stop
TR-009616,comparison
TR-000667,inner_fit
TR-000752,inner_fit
TR-001316,inner_fit
TR-001580,inner_stop
TR-002807,inner_fit
TR-003382,inner_stop
TR-005087,inner_stop
TR-005120,inner_fit
TR-006387,inner_fit
TR-006491,inner_stop
TR-008058,inner_stop
TR-009522,inner_stop
TR-000543,inner_fit
TR-002199,inner_fit
TR-003548,inner_fit
TR-005247,inner_fit
TR-005919,inner_fit
TR-006075,comparison
TR-008582,inner_fit
TR-001449,inner_fit
TR-003507,inner_fit
TR-003813,inner_fit
TR-004258,comparison
TR-005242,inner_fit
TR-007390,inner_stop
TR-008733,inner_stop
TR-009310,comparison
TR-001074,inner_stop
TR-001786,comparison
TR-002333,inner_fit
TR-002344,inner_stop
TR-002947,inner_fit
TR-005496,inner_stop
TR-005686,inner_fit
TR-006434,inner_fit
TR-006861,comparison
TR-007473,inner_stop
TR-007624,inner_stop
TR-008287,inner_fit
TR-009075,comparison
TR-009338,inner_fit
TR-001562,comparison
TR-002055,inner_fit
TR-003387,inner_fit
TR-003425,inner_fit
TR-004512,comparison
TR-006940,inner_fit
TR-007160,inner_fit
TR-008809,inner_stop
TR-000624,inner_fit
TR-003708,inner_fit
TR-004776,inner_fit
TR-006936,inner_fit
TR-008782,inner_fit
TR-009700,inner_fit
TR-000482,comparison
TR-002317,inner_stop
TR-002911,inner_stop
TR-003218,comparison
TR-004235,inner_fit
TR-005221,inner_fit
TR-008532,comparison
TR-009358,inner_stop
TR-009941,comparison
TR-000980,comparison
TR-001266,inner_fit
TR-001398,inner_stop
TR-001672,inner_stop
TR-003036,inner_fit
TR-003389,comparison
TR-008663,inner_stop
TR-008678,inner_fit
TR-009898,inner_fit
TR-000063,inner_stop
TR-001631,inner_fit
TR-002202,comparison
TR-005334,inner_fit
TR-005383,inner_fit
TR-006231,comparison
TR-006492,inner_fit
TR-006513,inner_stop
TR-006736,inner_fit
TR-006858,inner_stop
TR-007884,inner_stop
TR-008062,inner_fit
TR-009250,comparison
TR-007867,inner_stop
TR-008088,inner_fit
TR-009114,inner_stop
TR-003096,comparison
TR-004985,inner_fit
TR-006273,comparison
TR-006657,inner_stop
TR-008784,inner_fit
TR-009245,inner_fit
TR-000336,comparison
TR-001179,inner_fit
TR-002368,inner_stop
TR-003225,comparison
TR-003677,inner_fit
TR-003982,comparison
TR-005829,comparison
TR-006128,comparison
TR-007134,inner_fit
TR-007221,comparison
TR-007597,inner_fit
TR-008687,comparison
TR-009607,inner_fit
TR-000430,inner_fit
TR-001528,inner_fit
TR-003443,inner_fit
TR-005179,inner_fit
TR-005297,inner_fit
TR-006360,inner_fit
TR-006833,inner_fit
TR-007011,inner_fit
TR-007365,inner_fit
TR-008040,inner_fit
TR-008682,inner_fit
TR-008720,inner_stop
TR-009074,inner_stop
TR-009166,comparison
TR-000531,inner_stop
TR-000738,comparison
TR-001184,inner_fit
TR-001359,comparison
TR-002857,inner_stop
TR-002951,inner_fit
TR-004389,inner_fit
TR-005219,comparison
TR-006469,inner_fit
TR-008350,inner_fit
TR-009154,inner_fit
TR-000044,inner_fit
TR-000102,inner_fit
TR-000145,inner_fit
TR-001478,inner_fit
TR-001505,inner_fit
TR-002295,inner_fit
TR-003637,inner_fit
TR-003911,inner_fit
TR-005648,inner_fit
TR-009296,inner_fit
TR-001045,inner_fit
TR-004836,inner_stop
TR-007852,inner_stop
TR-009710,comparison
TR-000011,inner_stop
TR-000395,inner_stop
TR-001165,inner_fit
TR-001519,comparison
TR-003244,inner_fit
TR-004259,inner_stop
TR-005470,comparison
TR-005505,inner_stop
TR-006714,inner_stop
TR-007114,inner_fit
TR-007266,inner_fit
TR-007568,comparison
TR-009235,inner_fit
TR-009269,inner_fit
TR-000550,inner_fit
TR-002190,comparison
TR-002339,inner_fit
TR-003322,inner_stop
TR-005298,comparison
TR-005949,inner_fit
TR-008554,inner_stop
TR-009318,inner_fit
TR-009585,inner_fit
TR-002902,comparison
TR-007892,inner_fit
TR-008345,inner_fit
TR-008458,inner_stop
TR-009572,inner_fit
TR-002233,inner_fit
TR-003226,inner_fit
TR-004556,inner_fit
TR-005050,inner_stop
TR-005741,inner_fit
TR-006126,inner_fit
TR-006197,inner_fit
TR-006218,inner_fit
TR-006638,inner_fit
TR-006661,inner_fit
TR-009486,inner_fit
TR-000742,inner_fit
TR-000748,inner_fit
TR-001488,inner_fit
TR-003517,comparison
TR-005020,comparison
TR-005698,inner_stop
TR-006366,inner_fit
TR-000952,inner_fit
TR-001141,inner_fit
TR-001812,inner_fit
TR-002838,inner_fit
TR-003524,inner_fit
TR-003791,inner_fit
TR-004864,inner_stop
TR-005096,comparison
TR-006407,comparison
TR-008607,inner_fit
TR-009462,inner_stop
TR-000390,inner_fit
TR-000446,inner_stop
TR-000874,inner_fit
TR-002586,comparison
TR-002645,inner_fit
TR-004977,inner_fit
TR-005691,inner_stop
TR-006147,inner_stop
TR-006161,comparison
TR-007353,inner_stop
TR-007652,comparison
TR-007683,inner_stop
TR-000401,inner_fit
TR-001840,inner_fit
TR-004240,inner_fit
TR-004421,inner_fit
TR-004562,comparison
TR-005797,inner_fit
TR-007157,inner_fit
TR-007171,inner_fit
TR-009437,inner_stop
TR-001916,inner_fit
TR-003751,inner_fit
TR-004141,inner_stop
TR-004703,inner_fit
TR-005230,inner_stop
TR-007989,comparison
TR-009082,inner_fit
TR-000775,inner_fit
TR-003822,comparison
TR-008276,inner_fit
TR-009831,inner_fit
TR-000565,inner_stop
TR-001377,inner_fit
TR-001611,inner_fit
TR-006115,inner_fit
TR-006992,inner_stop
TR-008642,comparison
TR-009334,comparison
TR-000004,inner_stop
TR-000345,comparison
TR-000575,inner_fit
TR-001369,inner_stop
TR-004097,comparison
TR-004393,inner_fit
TR-004407,inner_fit
TR-006470,comparison
TR-007119,inner_fit
TR-007911,comparison
TR-008769,inner_fit
TR-008905,inner_fit
TR-009937,inner_fit
TR-000016,inner_fit
TR-002928,inner_fit
TR-004511,inner_fit
TR-004570,inner_fit
TR-005181,inner_stop
TR-007717,comparison
TR-008549,inner_fit
TR-001317,comparison
TR-001629,comparison
TR-001837,comparison
TR-002960,comparison
TR-005738,inner_fit
TR-006288,inner_stop
TR-006934,inner_stop
TR-007490,inner_fit
TR-007515,inner_stop
TR-008186,comparison
TR-008494,inner_fit
TR-008991,comparison
TR-009615,comparison
TR-000608,inner_fit
TR-000844,comparison
TR-001635,inner_fit
TR-003168,inner_fit
TR-003886,inner_fit
TR-004297,inner_fit
TR-005459,inner_fit
TR-008744,inner_stop
TR-009070,inner_fit
TR-009253,inner_fit
TR-009459,comparison
TR-000285,inner_fit
TR-001426,comparison
TR-004089,inner_fit
TR-004168,comparison
TR-004319,comparison
TR-005412,inner_fit
TR-005600,comparison
TR-006255,comparison
TR-007194,comparison
TR-008092,inner_stop
TR-009983,inner_fit
TR-000188,inner_fit
TR-001140,inner_fit
TR-001324,inner_fit
TR-002729,inner_fit
TR-002755,comparison
TR-004055,inner_fit
TR-004628,inner_fit
TR-004846,comparison
TR-005920,inner_fit
TR-006613,comparison
TR-007025,inner_fit
TR-008512,inner_stop
TR-009370,inner_stop
TR-009426,inner_fit
TR-009626,inner_fit
TR-000857,inner_stop
TR-001904,inner_fit
TR-003432,inner_fit
TR-005973,inner_stop
TR-007547,inner_fit
TR-008298,inner_stop
TR-008783,inner_stop
TR-009822,inner_fit
TR-000053,inner_fit
TR-000503,inner_fit
TR-000636,comparison
TR-000673,inner_stop
TR-001972,inner_fit
TR-002002,inner_fit
TR-002464,inner_fit
TR-002930,comparison
TR-003413,inner_fit
TR-004381,inner_stop
TR-005719,inner_stop
TR-005971,inner_fit
TR-006314,inner_fit
TR-007330,inner_fit
TR-009363,inner_fit
TR-004313,inner_fit
TR-004567,inner_fit
TR-006082,inner_fit
TR-006119,inner_stop
TR-006981,inner_fit
TR-000734,inner_fit
TR-002576,inner_fit
TR-002929,inner_fit
TR-003138,comparison
TR-003174,inner_fit
TR-006381,inner_fit
TR-008103,inner_stop
TR-009640,inner_stop
TR-009997,inner_stop
TR-002305,inner_stop
TR-004176,inner_fit
TR-004594,inner_fit
TR-005240,inner_fit
TR-005410,inner_fit
TR-006808,comparison
TR-007583,inner_fit
TR-009368,inner_stop
TR-001456,inner_fit
TR-001959,inner_stop
TR-002814,inner_fit
TR-002962,inner_fit
TR-003688,comparison
TR-004973,inner_fit
TR-005317,comparison
TR-006656,inner_fit
TR-007457,inner_fit
TR-007711,inner_fit
TR-008380,inner_fit
TR-008600,inner_fit
TR-008780,comparison
TR-009605,inner_stop
TR-000937,inner_fit
TR-004663,comparison
TR-004811,inner_fit
TR-004862,inner_fit
TR-005188,inner_fit
TR-005358,inner_fit
TR-005764,inner_stop
TR-007795,inner_stop
TR-008098,comparison
TR-008158,inner_stop
TR-002260,inner_fit
TR-002512,inner_fit
TR-004036,inner_fit
TR-005904,inner_fit
TR-007094,comparison
TR-007620,inner_fit
TR-008502,inner_fit
TR-009656,inner_stop
TR-009698,inner_stop
TR-000412,inner_stop
TR-000916,inner_fit
TR-004544,comparison
TR-004970,inner_fit
TR-004986,inner_stop
TR-005248,comparison
TR-006185,inner_fit
TR-006974,inner_fit
TR-008671,inner_stop
TR-000504,comparison
TR-001136,comparison
TR-001776,inner_stop
TR-002666,inner_fit
TR-007293,inner_fit
TR-007418,inner_fit
TR-007548,inner_fit
TR-008935,inner_stop
TR-008964,comparison
TR-000381,inner_fit
TR-002467,inner_stop
TR-004671,inner_fit
TR-004760,inner_fit
TR-005062,inner_fit
TR-006601,inner_fit
TR-008459,comparison
TR-008736,inner_fit
TR-008747,inner_fit
TR-000124,inner_fit
TR-001169,inner_fit
TR-003749,inner_fit
TR-005380,inner_stop
TR-007538,inner_fit
TR-008680,comparison
TR-008750,inner_fit
TR-002082,comparison
TR-002270,inner_fit
TR-003040,inner_fit
TR-003674,inner_stop
TR-003724,inner_fit
TR-007492,inner_stop
TR-009263,inner_fit
TR-000661,inner_fit
TR-001386,inner_fit
TR-001998,inner_stop
TR-002134,inner_stop
TR-005325,comparison
TR-006463,inner_fit
TR-006997,inner_stop
TR-007948,inner_fit
TR-008998,inner_stop
TR-009348,comparison
TR-001323,inner_fit
TR-001500,inner_fit
TR-001808,inner_fit
TR-004260,inner_stop
TR-008110,inner_fit
TR-008611,inner_stop
TR-000403,inner_fit
TR-001267,inner_fit
TR-001383,inner_fit
TR-002004,comparison
TR-002090,comparison
TR-002414,inner_fit
TR-002676,comparison
TR-003190,inner_fit
TR-003625,inner_fit
TR-004887,inner_fit
TR-006650,inner_fit
TR-007999,inner_stop
TR-008944,inner_fit
TR-000073,inner_fit
TR-001859,inner_fit
TR-002042,inner_fit
TR-003959,inner_fit
TR-004383,comparison
TR-004834,inner_stop
TR-006138,inner_fit
TR-006394,inner_fit
TR-006704,inner_stop
TR-007709,comparison
TR-008021,inner_fit
TR-009920,inner_fit
TR-000793,inner_fit
TR-003505,inner_stop
TR-004003,inner_fit
TR-004250,inner_fit
TR-005776,inner_fit
TR-006359,inner_fit
TR-006403,inner_stop
TR-007185,comparison
TR-007225,inner_stop
TR-008490,inner_fit
TR-009739,comparison
TR-001151,inner_fit
TR-001535,inner_fit
TR-003460,inner_fit
TR-004301,inner_fit
TR-004643,inner_stop
TR-006002,comparison
TR-006647,comparison
TR-006713,inner_fit
TR-007755,inner_fit
TR-008407,inner_fit
TR-009036,inner_fit
TR-009309,inner_fit
TR-000668,inner_fit
TR-001175,comparison
TR-001686,inner_fit
TR-002609,inner_fit
TR-003264,inner_stop
TR-004368,inner_stop
TR-005466,inner_fit
TR-006189,inner_stop
TR-006479,inner_fit
TR-007689,inner_fit
TR-008584,inner_fit
TR-008679,inner_fit
TR-008797,inner_fit
TR-000152,inner_fit
TR-003115,inner_stop
TR-004445,inner_fit
TR-005713,inner_fit
TR-005942,inner_stop
TR-006302,inner_fit
TR-006745,inner_stop
TR-007551,inner_stop
TR-007863,inner_fit
TR-000854,inner_stop
TR-003759,comparison
TR-006954,inner_fit
TR-007051,inner_fit
TR-008917,inner_fit
TR-009335,comparison
TR-000325,inner_fit
TR-000773,inner_fit
TR-001523,inner_fit
TR-006338,inner_fit
TR-007990,inner_fit
TR-008543,inner_stop
TR-009002,comparison
TR-009891,inner_fit
TR-000458,comparison
TR-000462,inner_fit
TR-000539,comparison
TR-001253,inner_fit
TR-001563,inner_fit
TR-002376,comparison
TR-002592,comparison
TR-003035,inner_fit
TR-003703,inner_fit
TR-004865,inner_fit
TR-005533,inner_fit
TR-006561,comparison
TR-006837,inner_fit
TR-007500,inner_fit
TR-007742,inner_stop
TR-008242,inner_stop
TR-008658,inner_fit
TR-009108,comparison
TR-009784,comparison
TR-000487,inner_fit
TR-004025,inner_stop
TR-004507,inner_fit
TR-005721,inner_fit
TR-007142,inner_fit
TR-007245,inner_fit
TR-007579,inner_fit
TR-007956,inner_fit
TR-008251,inner_fit
TR-000108,comparison
TR-001109,inner_stop
TR-001821,inner_stop
TR-002157,inner_fit
TR-002573,inner_fit
TR-002913,inner_fit
TR-003961,comparison
TR-005801,inner_fit
TR-006000,comparison
TR-006899,inner_stop
TR-008315,inner_fit
TR-009633,inner_stop
TR-000209,inner_fit
TR-000609,inner_fit
TR-000801,inner_fit
TR-001104,inner_fit
TR-001622,inner_fit
TR-004974,comparison
TR-005671,inner_stop
TR-006756,comparison
TR-007718,comparison
TR-007760,inner_stop
TR-000444,inner_stop
TR-001337,inner_fit
TR-001526,inner_fit
TR-002284,inner_fit
TR-002843,inner_fit
TR-003279,inner_fit
TR-003636,inner_fit
TR-007714,inner_fit
TR-008706,inner_stop
TR-009018,inner_fit
TR-002440,inner_stop
TR-004441,inner_stop
TR-006032,comparison
TR-006223,inner_stop
TR-007874,inner_fit
TR-009456,inner_stop
TR-000923,comparison
TR-001748,comparison
TR-002506,inner_stop
TR-005998,inner_fit
TR-009228,inner_fit
TR-001470,inner_fit
TR-001975,inner_fit
TR-003045,inner_fit
TR-003325,inner_fit
TR-004816,inner_fit
TR-005873,comparison
TR-005976,inner_fit
TR-007625,inner_fit
TR-000687,comparison
TR-002753,inner_fit
TR-003285,inner_fit
TR-003410,inner_fit
TR-003747,inner_fit
TR-005328,inner_fit
TR-006737,inner_fit
TR-008044,inner_stop
TR-008980,inner_fit
TR-009068,inner_fit
TR-009948,inner_fit
TR-002183,inner_fit
TR-002549,inner_fit
TR-003320,inner_fit
TR-003553,inner_fit
TR-004009,inner_stop
TR-007728,inner_stop
TR-008105,comparison
TR-008235,comparison
TR-009766,comparison
TR-009897,inner_fit
TR-000022,comparison
TR-001841,inner_fit
TR-003756,inner_fit
TR-004843,inner_stop
TR-005152,inner_fit
TR-007159,comparison
TR-007590,comparison
TR-007922,inner_stop
TR-008041,inner_stop
TR-008081,inner_stop
TR-008391,inner_fit
TR-008879,comparison
TR-009385,inner_fit
TR-009423,inner_fit
TR-009487,inner_fit
TR-009508,inner_fit
TR-001310,inner_fit
TR-003361,inner_fit
TR-004344,inner_fit
TR-005972,inner_fit
TR-006141,inner_fit
TR-008850,inner_stop
TR-008941,inner_fit
TR-009341,comparison
TR-001696,inner_fit
TR-003965,inner_stop
TR-004580,inner_fit
TR-004853,inner_fit
TR-004891,inner_stop
TR-007793,inner_fit
TR-009422,inner_stop
TR-001758,inner_fit
TR-002141,inner_stop
TR-002355,comparison
TR-003356,comparison
TR-003901,inner_fit
TR-005526,inner_fit
TR-006003,comparison
TR-008177,inner_stop
TR-001514,inner_fit
TR-003536,inner_fit
TR-004618,inner_fit
TR-004982,inner_stop
TR-005338,inner_stop
TR-005373,inner_fit
TR-005471,inner_stop
TR-007969,inner_fit
TR-008446,comparison
TR-008867,inner_fit
TR-010000,inner_fit
TR-005447,inner_stop
TR-007724,inner_fit
TR-008897,inner_fit
TR-009940,comparison
TR-000471,inner_fit
TR-000514,inner_stop
TR-001594,comparison
TR-002283,inner_stop
TR-002542,inner_stop
TR-003046,inner_fit
TR-003583,inner_fit
TR-003998,inner_fit
TR-005838,inner_fit
TR-007222,inner_fit
TR-009127,inner_fit
TR-000045,comparison
TR-000830,inner_stop
TR-001155,inner_fit
TR-004826,inner_stop
TR-005752,inner_fit
TR-006042,inner_fit
TR-007348,inner_stop
TR-009353,inner_fit
TR-009867,inner_stop
TR-006260,inner_fit
TR-006316,comparison
TR-008505,inner_stop
TR-008535,comparison
TR-008645,comparison
TR-009935,inner_fit
TR-000441,inner_fit
TR-001747,inner_stop
TR-001817,inner_fit
TR-002865,inner_stop
TR-003525,comparison
TR-005697,inner_fit
TR-007966,inner_stop
TR-008195,inner_fit
TR-009980,inner_stop
TR-000997,inner_stop
TR-001201,inner_stop
TR-004014,inner_fit
TR-004815,comparison
TR-005175,inner_fit
TR-005678,inner_stop
TR-006371,inner_fit
TR-006521,inner_fit
TR-007257,inner_fit
TR-008270,inner_fit
TR-009414,inner_fit
TR-001674,inner_stop
TR-005033,comparison
TR-007425,inner_stop
TR-008154,inner_fit
TR-008961,comparison
TR-000820,inner_fit
TR-001409,comparison
TR-002149,inner_fit
TR-003192,comparison
TR-004403,comparison
TR-008239,inner_fit
TR-000184,inner_fit
TR-002741,comparison
TR-003801,inner_fit
TR-005009,inner_fit
TR-005133,inner_stop
TR-005583,inner_fit
TR-006653,inner_fit
TR-007528,comparison
TR-007847,inner_fit
TR-008134,inner_stop
TR-008578,inner_fit
TR-009339,inner_fit
TR-001573,inner_stop
TR-005454,comparison
TR-005495,inner_fit
TR-005616,inner_stop
TR-006335,inner_stop
TR-007505,inner_fit
TR-001403,inner_fit
TR-002441,inner_fit
TR-004743,inner_stop
TR-007179,inner_fit
TR-007446,comparison
TR-008713,inner_stop
TR-001900,comparison
TR-002107,comparison
TR-002227,comparison
TR-002813,inner_fit
TR-003863,inner_fit
TR-006815,comparison
TR-007343,inner_fit
TR-009010,inner_fit
TR-009314,comparison
TR-003048,inner_fit
TR-003582,inner_fit
TR-004103,inner_fit
TR-004670,inner_fit
TR-005393,inner_fit
TR-005464,inner_fit
TR-005643,inner_fit
TR-005790,comparison
TR-008792,inner_fit
TR-000120,comparison
TR-001454,comparison
TR-002058,inner_fit
TR-003088,inner_fit
TR-006157,inner_fit
TR-008102,inner_fit
TR-008317,inner_fit
TR-008828,inner_fit
TR-009066,inner_fit
TR-009086,inner_fit
TR-000733,inner_fit
TR-000911,inner_fit
TR-001279,comparison
TR-001473,inner_fit
TR-001561,inner_fit
TR-003299,inner_fit
TR-006168,inner_fit
TR-006252,comparison
TR-006345,inner_fit
TR-006625,inner_fit
TR-006767,inner_fit
TR-007062,inner_fit
TR-007539,inner_fit
TR-007719,comparison
TR-008426,inner_fit
TR-008483,inner_fit
TR-009046,inner_fit
TR-009807,inner_fit
TR-001158,inner_stop
TR-002060,inner_fit
TR-002805,comparison
TR-004311,inner_fit
TR-004474,inner_fit
TR-006865,comparison
TR-007342,comparison
TR-009057,inner_fit
TR-001163,inner_stop
TR-001750,comparison
TR-003435,inner_fit
TR-003511,inner_fit
TR-004443,inner_fit
TR-005619,inner_fit
TR-006464,inner_fit
TR-006695,comparison
TR-007310,inner_fit
TR-009383,inner_fit
TR-000768,inner_fit
TR-001599,inner_fit
TR-002216,inner_fit
TR-002245,inner_fit
TR-002735,inner_fit
TR-004585,inner_fit
TR-004903,inner_fit
TR-005231,inner_fit
TR-006208,inner_fit
TR-006884,inner_fit
TR-006932,inner_fit
TR-007029,inner_stop
TR-007050,inner_fit
TR-007153,inner_fit
TR-008033,inner_stop
TR-009557,inner_stop
TR-009754,inner_fit
TR-000175,comparison
TR-003029,inner_stop
TR-003338,inner_fit
TR-004919,inner_fit
TR-005890,comparison
TR-007617,inner_stop
TR-008100,inner_fit
TR-009152,inner_fit
TR-009277,inner_stop
TR-009454,inner_fit
TR-001341,inner_fit
TR-001418,inner_fit
TR-001918,inner_stop
TR-002393,comparison
TR-002398,inner_stop
TR-003246,comparison
TR-004281,inner_stop
TR-005103,comparison
TR-006753,inner_fit
TR-007012,inner_fit
TR-007059,inner_fit
TR-007167,inner_fit
TR-007788,inner_fit
TR-007915,inner_fit
TR-008032,inner_fit
TR-000132,comparison
TR-000330,inner_fit
TR-001897,inner_fit
TR-002003,inner_fit
TR-002475,inner_fit
TR-002776,inner_fit
TR-002919,inner_stop
TR-003754,inner_fit
TR-005687,inner_fit
TR-005805,comparison
TR-007615,inner_fit
TR-008059,comparison
TR-008772,comparison
TR-009418,inner_fit
TR-000766,inner_fit
TR-003463,inner_fit
TR-004253,comparison
TR-005018,inner_stop
TR-005399,inner_fit
TR-005588,inner_fit
TR-006395,inner_fit
TR-007074,inner_stop
TR-007203,inner_fit
TR-007357,inner_fit
TR-007384,inner_fit
TR-008627,inner_fit
TR-009509,inner_stop
TR-000823,inner_fit
TR-001351,inner_fit
TR-002008,inner_fit
TR-002014,inner_fit
TR-002219,inner_fit
TR-004095,inner_fit
TR-007004,inner_fit
TR-007733,inner_stop
TR-000532,comparison
TR-001240,comparison
TR-003278,comparison
TR-003523,inner_stop
TR-006622,comparison
TR-006788,comparison
TR-006888,inner_stop
TR-007545,comparison
TR-008462,comparison
TR-009775,inner_fit
TR-009933,inner_stop
TR-001007,inner_stop
TR-001067,comparison
TR-001568,comparison
TR-002631,inner_fit
TR-005460,inner_fit
TR-006036,inner_fit
TR-006838,inner_fit
TR-009722,inner_stop
TR-009748,comparison
TR-001811,inner_fit
TR-001875,comparison
TR-002076,inner_fit
TR-003181,inner_fit
TR-009047,inner_stop
TR-009254,inner_stop
TR-009580,inner_fit
TR-002792,inner_fit
TR-004999,comparison
TR-006171,inner_fit
TR-006816,inner_stop
TR-000199,inner_fit
TR-001036,inner_fit
TR-003018,comparison
TR-003283,inner_fit
TR-003304,inner_fit
TR-003449,inner_fit
TR-003547,comparison
TR-005057,inner_fit
TR-007210,inner_stop
TR-008121,inner_stop
TR-008779,comparison
TR-008802,comparison
TR-009444,inner_stop
TR-001211,inner_stop
TR-003696,inner_stop
TR-003746,comparison
TR-004890,inner_fit
TR-006538,inner_fit
TR-007668,inner_stop
TR-008141,inner_fit
TR-008211,inner_fit
TR-008606,inner_fit
TR-009427,inner_stop
TR-009579,inner_fit
TR-002375,comparison
TR-006152,inner_fit
TR-007023,inner_fit
TR-007725,inner_stop
TR-008631,inner_stop
TR-009243,inner_fit
TR-009404,comparison
TR-000288,inner_stop
TR-002223,comparison
TR-004405,inner_stop
TR-005301,comparison
TR-005401,inner_stop
TR-005773,inner_fit
TR-006762,comparison
TR-006795,comparison
TR-006956,inner_fit
TR-008409,inner_fit
TR-009323,inner_fit
TR-009914,inner_fit
TR-000770,inner_fit
TR-001181,inner_fit
TR-005023,comparison
TR-005620,inner_fit
TR-005672,inner_stop
TR-005934,inner_fit
TR-008259,comparison
TR-009028,inner_fit
TR-000257,inner_stop
TR-001709,comparison
TR-002907,inner_fit
TR-002927,inner_stop
TR-003476,inner_stop
TR-003611,inner_stop
TR-004578,inner_fit
TR-004980,comparison
TR-007861,comparison
TR-009573,inner_fit
TR-000290,inner_fit
TR-000480,inner_stop
TR-001075,inner_stop
TR-001735,inner_fit
TR-006258,inner_fit
TR-007964,inner_fit
TR-008890,inner_fit
TR-009529,inner_fit
TR-001856,inner_fit
TR-002874,inner_fit
TR-005163,inner_fit
TR-005370,inner_stop
TR-005626,inner_fit
TR-005867,inner_fit
TR-006402,inner_fit
TR-007183,inner_fit
TR-008525,inner_fit
TR-009912,inner_fit
TR-000802,inner_fit
TR-002379,inner_fit
TR-004455,inner_fit
TR-005048,inner_fit
TR-009953,comparison
TR-000476,inner_fit
TR-003384,inner_fit
TR-004593,inner_fit
TR-004961,comparison
TR-005557,comparison
TR-006013,comparison
TR-006066,inner_stop
TR-000557,inner_stop
TR-001533,inner_fit
TR-001825,inner_fit
TR-002079,inner_fit
TR-003531,inner_fit
TR-003716,inner_fit
TR-004414,inner_fit
TR-004447,inner_fit
TR-004504,inner_stop
TR-004799,inner_stop
TR-004926,inner_fit
TR-005877,inner_stop
TR-007223,comparison
TR-008047,inner_fit
TR-008844,inner_stop
TR-009402,inner_fit
TR-009799,inner_fit
TR-000577,inner_stop
TR-000846,comparison
TR-003736,inner_fit
TR-004759,inner_stop
TR-006886,comparison
TR-007351,inner_fit
TR-008856,inner_fit
TR-009432,inner_fit
TR-000335,inner_fit
TR-001853,inner_fit
TR-002435,inner_fit
TR-004107,inner_fit
TR-004422,comparison
TR-004883,inner_stop
TR-005599,inner_fit
TR-005926,inner_stop
TR-006227,inner_fit
TR-006772,inner_fit
TR-006781,inner_stop
TR-008026,comparison
TR-008874,comparison
TR-009160,inner_stop
TR-009183,inner_stop
TR-000993,comparison
TR-001265,inner_stop
TR-001733,inner_fit
TR-001745,comparison
TR-002694,inner_stop
TR-002895,inner_fit
TR-004324,inner_stop
TR-005202,comparison
TR-000470,inner_fit
TR-000694,inner_fit
TR-001572,inner_fit
TR-001858,inner_fit
TR-001928,inner_stop
TR-002029,inner_fit
TR-002428,inner_fit
TR-002796,comparison
TR-005052,inner_fit
TR-005860,comparison
TR-007129,inner_fit
TR-009051,inner_stop
TR-009741,inner_fit
TR-000221,inner_stop
TR-001809,comparison
TR-004571,inner_stop
TR-006250,inner_stop
TR-006460,inner_fit
TR-006604,inner_stop
TR-006751,inner_fit
TR-007103,inner_fit
TR-007235,comparison
TR-008846,inner_fit
TR-008996,comparison
TR-009676,inner_fit
TR-000176,inner_fit
TR-003061,inner_fit
TR-004150,inner_fit
TR-004178,inner_fit
TR-004523,inner_fit
TR-008152,inner_fit
TR-008550,inner_fit
TR-009151,inner_fit
TR-002884,comparison
TR-003166,inner_fit
TR-004051,comparison
TR-005157,inner_stop
TR-005550,inner_fit
TR-006849,inner_fit
TR-007322,inner_fit
TR-008724,inner_fit
TR-009118,comparison
TR-000523,inner_fit
TR-002480,inner_fit
TR-002554,inner_fit
TR-002872,inner_fit
TR-004193,inner_stop
TR-004791,comparison
TR-006379,inner_fit
TR-007450,comparison
TR-009249,inner_fit
TR-000420,comparison
TR-000528,inner_stop
TR-002322,inner_stop
TR-003146,inner_fit
TR-004174,inner_fit
TR-004436,inner_stop
TR-004437,inner_fit
TR-005510,inner_stop
TR-006322,inner_fit
TR-007567,inner_fit
TR-008725,inner_stop
TR-008813,inner_stop
TR-000337,inner_fit
TR-002852,inner_fit
TR-003269,inner_fit
TR-003892,inner_fit
TR-003941,inner_fit
TR-004023,comparison
TR-005774,inner_fit
TR-007075,inner_stop
TR-009147,inner_fit
TR-000249,inner_fit
TR-004246,inner_fit
TR-004968,comparison
TR-005354,inner_stop
TR-006746,inner_fit
TR-009687,inner_fit
TR-009819,inner_fit
TR-009925,comparison
TR-000794,inner_fit
TR-001333,inner_stop
TR-005641,comparison
TR-006052,inner_stop
TR-009655,inner_fit
TR-001429,comparison
TR-001940,inner_stop
TR-002404,inner_fit
TR-002595,inner_stop
TR-002636,inner_fit
TR-005864,inner_fit
TR-006654,inner_fit
TR-007182,inner_stop
TR-007251,inner_fit
TR-007845,inner_fit
TR-008310,inner_fit
TR-008355,inner_fit
TR-000902,inner_fit
TR-000921,inner_fit
TR-001274,inner_fit
TR-001280,comparison
TR-002211,inner_fit
TR-003777,inner_stop
TR-008486,inner_stop
TR-001146,inner_stop
TR-001289,inner_stop
TR-002289,inner_stop
TR-002605,inner_fit
TR-005044,inner_stop
TR-006194,inner_fit
TR-007109,comparison
TR-007383,inner_fit
TR-007409,comparison
TR-007696,comparison
TR-009500,inner_fit
TR-000157,inner_fit
TR-000632,comparison
TR-000982,inner_fit
TR-001539,comparison
TR-002570,comparison
TR-003124,comparison
TR-003508,inner_stop
TR-006588,inner_fit
TR-006960,inner_stop
TR-007786,comparison
TR-008513,inner_fit
TR-000379,comparison
TR-000397,inner_fit
TR-001395,comparison
TR-001608,comparison
TR-002296,inner_fit
TR-003366,inner_fit
TR-003919,inner_fit
TR-005870,inner_stop
TR-007288,inner_fit
TR-009355,inner_fit
TR-009860,inner_fit
TR-001796,inner_fit
TR-001813,inner_fit
TR-004031,inner_stop
TR-005129,comparison
TR-005561,inner_fit
TR-005990,inner_fit
TR-006584,comparison
TR-006680,inner_fit
TR-008669,inner_stop
TR-000069,inner_stop
TR-001263,inner_stop
TR-003898,inner_fit
TR-003966,inner_stop
TR-004316,inner_fit
TR-005331,inner_fit
TR-005596,inner_fit
TR-005850,inner_fit
TR-007741,inner_fit
TR-007799,inner_stop
TR-008257,inner_fit
TR-009266,inner_fit
TR-009416,inner_fit
TR-000932,comparison
TR-002742,comparison
TR-004940,comparison
TR-005427,inner_fit
TR-005905,inner_fit
TR-006941,inner_fit
TR-007592,comparison
TR-009372,inner_fit
TR-000986,inner_stop
TR-001468,inner_fit
TR-002422,inner_fit
TR-002979,inner_fit
TR-005622,inner_fit
TR-005703,inner_fit
TR-007300,comparison
TR-009140,inner_stop
TR-000098,comparison
TR-000196,inner_fit
TR-000318,inner_stop
TR-000651,inner_fit
TR-002685,inner_fit
TR-003335,inner_fit
TR-008353,inner_stop
TR-008815,inner_stop
TR-009381,inner_fit
TR-009895,inner_stop
TR-000920,comparison
TR-002286,inner_fit
TR-003203,inner_fit
TR-003629,inner_fit
TR-004154,inner_fit
TR-005097,inner_fit
TR-005171,inner_fit
TR-006697,inner_fit
TR-008577,inner_fit
TR-000050,inner_fit
TR-000904,inner_fit
TR-001225,inner_fit
TR-001517,inner_fit
TR-007722,comparison
TR-008028,inner_fit
TR-008361,inner_fit
TR-008919,inner_fit
TR-009644,inner_fit
TR-009667,inner_fit
TR-009957,inner_fit
TR-000910,inner_fit
TR-001183,comparison
TR-002383,inner_fit
TR-002571,inner_fit
TR-002602,comparison
TR-002630,comparison
TR-003529,comparison
TR-005303,inner_fit
TR-006525,inner_stop
TR-008716,inner_fit
TR-008804,comparison
TR-000445,inner_stop
TR-000657,inner_fit
TR-001247,comparison
TR-004016,inner_fit
TR-005265,inner_fit
TR-005322,inner_fit
TR-005567,inner_fit
TR-006906,inner_fit
TR-007626,inner_stop
TR-008675,inner_fit
TR-009027,inner_stop
TR-009258,inner_stop
TR-009649,inner_fit
TR-000578,inner_fit
TR-002309,comparison
TR-003212,inner_fit
TR-003616,inner_fit
TR-005670,inner_fit
TR-005692,inner_fit
TR-006007,inner_fit
TR-007686,inner_fit
TR-009179,inner_fit
TR-009501,inner_fit
TR-001438,comparison
TR-002073,comparison
TR-005021,inner_fit
TR-005791,comparison
TR-006916,inner_fit
TR-000251,inner_fit
TR-002906,inner_fit
TR-003861,inner_fit
TR-004412,inner_fit
TR-004453,inner_fit
TR-007585,comparison
TR-008027,inner_fit
