tree
version=v4
num_class=1
num_tree_per_iteration=1
label_index=0
max_feature_idx=21
objective=binary sigmoid:1
feature_names=age income_sar loan_amount_sar tenor_months bureau_score dti months_employed recent_inquiries prior_defaults existing_obligations_sar savings_balance_sar salary_transfer credit_history_months utilization_ratio num_open_accounts residence_years region_central region_western region_eastern employment_government employment_private employment_self_employed
feature_infos=[21:64] [2500:42000] [10264.879999999999:350000] [12:60] [370:850] [0.096299999999999997:2.2770999999999999] [0:359] [0:10] [0:2] [42.890000000000001:14834.709999999999] [5.0599999999999996:253670.70000000001] [0:1] [0:420] [0.013599999999999999:0.96179999999999999] [0:12] [0:35] [0:1] [0:1] [0:1] [0:1] [0:1] [0:1]
tree_sizes=1660 1684 1683 1682 1690 1692 1682 1690 1694 1698 1694 1693 1702 1708 1691 1699 1704 1694 1708 1710 1710 1702 1706 1709 1707 1700 1707 1699 1709 1711 1702 1714 1700 1710 1712 1710 1704 1709 1712 1703 1714 1720 1708 1715 1721 1697 1707 1717 1712 1702 1715 1705 1724 1710 1709 1718 1722 1723 1709 1710 1711 1718 1713 1716 1715 1703 1719 1710 1720 1708 1723 1701 1723 1734 1710 1717 1721 1730 1719 1722

Tree=0
num_leaves=15
num_cat=0
split_feature=4 5 5 1 8 13 4 5 14 2 12 5 4 5
split_gain=1781.45 770.218 574.432 229.801 240.61 129.457 149.411 162.346 120.334 119.786 111.068 106.845 103.051 89.5738
threshold=600.50000000000011 1.1645500000000004 0.58945000000000014 7783.7850000000008 1.0000000180025095e-35 0.38525000000000004 524.50000000000011 0.33115000000000006 4.5000000000000009 108866.13500000002 44.500000000000007 0.79515000000000013 728.50000000000011 0.75575000000000003
decision_type=2 2 2 2 2 2 2 2 2 2 2 2 2 2
left_child=2 3 5 4 9 6 -1 -8 -5 11 -3 -2 -10 -11
right_child=1 10 -4 8 -6 -7 7 -9 12 13 -12 -13 -14 -15
leaf_value=-1.8931967369376554 -2.3130241653423913 -2.2572473941790436 -1.8823194360135262 -2.4150516143026479 -2.0262233920820663 -2.3003379367968129 -2.0038062799433951 -2.4150516143026479 -2.2329054556235644 -1.9885857339011341 -1.9544944983133674 -2.1380000000274575 -2.4150516143026479 -2.2821994047869718
leaf_weight=7.1055475473403993 36.34379455447197 3.3568400144577017 87.503011286258698 20.569224983453751 17.710663408041 9.2355773448944074 5.1523844897747022 4.4921295940876007 37.807032644748688 7.4527442157268506 31.054856300354004 11.472018063068388 9.7723520994186384 3.9873143434524536
leaf_count=23 394 33 266 261 100 98 27 57 355 37 135 88 124 41
internal_value=-2.09868 -2.1967 -1.94362 -2.24713 -2.18793 -2.15004 -2.06717 -2.19535 -2.314 -2.23626 -1.98403 -2.27103 -2.27032 -2.09092
internal_weight=293.015 179.527 113.489 145.115 76.9665 25.9856 16.7501 9.64451 68.1486 59.2559 34.4117 47.8158 47.5794 11.4401
internal_count=2039 1568 471 1400 660 205 107 84 740 560 168 482 479 78
is_linear=0
shrinkage=1


Tree=1
num_leaves=15
num_cat=0
split_feature=4 5 5 10 6 8 6 5 13 14 9 9 7 0
split_gain=916.593 384.008 276.881 199.964 155.171 149.952 137.319 83.9204 82.2015 111.557 88.8688 122.228 94.6171 92.0227
threshold=615.50000000000011 1.1941500000000003 0.60230000000000017 14270.795000000002 60.500000000000007 1.0000000180025095e-35 95.500000000000014 0.35025000000000006 0.23660000000000003 8.5000000000000018 1509.8000000000002 849.48000000000013 1.5000000000000002 39.500000000000007
decision_type=2 2 2 2 2 2 2 2 2 2 2 2 2 2
left_child=2 5 3 4 -1 8 -7 -8 9 -2 11 -10 13 -13
right_child=1 -3 -4 -5 -6 6 7 -9 10 -11 -12 12 -14 -15
leaf_value=-0.055571580688017375 0.17421114972660801 0.25521300286126175 0.3101476761682922 -0.01145605066183685 0.28870564269851301 0.0071967179830813828 -0.055741249510694736 0.27941442774221698 -0.024159609232953627 -0.05521672513640552 -0.028464941616987816 0.20996218606622655 0.27053204511177059 -0.055141715069678021
leaf_weight=3.8605570048093822 23.081189408898357 39.03134872764349 138.32859130203724 11.996097534894941 21.501622967422009 8.4024517908692378 2.0721089988946941 18.936281509697437 17.108154118061066 6.8770321384072295 39.82684164494276 5.9936118721961993 9.7502943649888021 7.212615080177784
leaf_count=44 175 146 307 126 91 82 23 78 195 81 462 42 54 86
internal_value=0.196475 0.116607 0.277528 0.156744 0.236301 0.0777593 0.178031 0.246357 0.0509128 0.121545 0.0244267 0.0770044 0.152396 0.065175
internal_weight=353.979 178.292 175.687 37.3583 25.3622 139.261 29.4108 21.0084 109.85 29.9582 79.8915 40.0647 22.9565 13.2062
internal_count=1992 1424 568 261 135 1278 183 101 1095 256 839 377 182 128
is_linear=0
shrinkage=0.05


Tree=2
num_leaves=15
num_cat=0
split_feature=5 4 4 6 8 1 14 4 5 2 14 11 5 15
split_gain=516.644 447.339 141.229 130.258 168.199 86.0938 78.3201 76.8647 75.2798 69.4805 68.3013 81.1129 58.5203 71.9215
threshold=0.97435000000000016 609.50000000000011 694.50000000000011 301.50000000000006 1.0000000180025095e-35 6557.7350000000015 5.5000000000000009 713.50000000000011 0.27085000000000009 241686.32000000004 4.5000000000000009 1.0000000180025095e-35 1.6081500000000002 23.500000000000004
decision_type=2 2 2 2 2 2 2 2 2 2 2 2 2 2
left_child=1 -1 -2 4 6 -6 8 -5 -3 -8 -10 -12 13 -4
right_child=2 3 12 7 5 -7 9 -9 10 -11 11 -13 -14 -15
leaf_value=0.19128169890742344 0.25512463978907113 0.22958251717577532 -0.057300042562165435 0.04703473990180846 0.22061854680256399 0.040854283285325942 -0.05533724448502525 0.28826129280264884 -0.0037964273333502803 0.13096681494095705 0.30887276670430153 0.028329770482588612 0.20357918805131262 0.20802653306894947
leaf_weight=120.63969314098358 134.6682428792119 5.5777278542518607 7.1633092537522334 5.1437549069523802 17.092896223068241 10.912785790860651 42.675179019570351 9.2243755012750608 30.822614133358002 5.6693038418889037 4.3584216460585594 6.3019154295325261 10.085335820913313 3.9693921506404877
leaf_count=435 253 36 68 46 55 95 498 40 334 42 19 60 30 12
internal_value=0.164345 0.120979 0.236234 0.0594215 0.0428331 0.150571 0.0112072 0.201903 0.0571233 -0.0334896 0.0339348 0.143028 0.116337 0.0373028
internal_weight=414.305 258.419 155.886 137.779 123.411 28.0057 95.4052 14.3681 47.0607 48.3445 41.483 10.6603 21.218 11.1327
internal_count=2023 1660 363 1225 1139 150 989 86 449 540 413 79 110 80
is_linear=0
shrinkage=0.05


Tree=3
num_leaves=15
num_cat=0
split_feature=5 4 4 9 3 7 12 0 9 4 4 21 4 4
split_gain=301.179 156.109 153.643 108.819 89.318 74.9758 71.813 67.6057 71.9449 81.867 109.599 78.4193 67.933 60.5933
threshold=0.63395000000000012 609.50000000000011 663.50000000000011 568.20000000000016 18.000000000000004 1.0000000180025095e-35 183.50000000000003 60.500000000000007 1603.4250000000002 706.50000000000011 693.50000000000011 1.0000000180025095e-35 756.50000000000011 559.50000000000011
decision_type=2 2 2 2 2 2 2 2 2 2 2 2 2 2
left_child=1 3 -2 -1 -4 -6 -7 8 9 10 11 -3 -9 -5
right_child=2 7 4 13 5 6 -8 12 -10 -11 -12 -13 -14 -15
leaf_value=0.25475070738004019 0.18489761914228153 -0.006653861878971168 0.14962304835512075 0.15299848530229643 -0.056161420711684479 -0.00089373250215289658 0.188284552697876 0.058086164164734534 -0.055248117285405907 -0.056075244335887821 0.24135990266872451 0.19383633045411017 0.2946954773322506 0.029747855002917524
leaf_weight=15.250267393887041 218.97262681275606 21.293037898838524 42.949108898639679 22.334057956933975 12.521260015666483 9.4397803246974963 10.705778703093527 9.2379645183682424 24.40140713006258 13.420085601508616 8.8614404648542386 6.3263499215245238 4.5168506950139991 18.016325548291206
leaf_count=48 495 205 163 78 136 87 41 78 292 147 34 30 14 127
internal_value=0.134733 0.0753768 0.163678 0.14097 0.102231 0.0399208 0.0996396 0.03396 0.0151102 0.0495153 0.0883585 0.0392694 0.135785 0.0979674
internal_weight=438.246 143.658 294.589 55.6007 75.6159 32.6668 20.1456 88.0571 74.3023 49.9009 36.4808 27.6194 13.7548 40.3504
internal_count=1975 1053 922 253 427 264 128 800 708 416 269 235 92 205
is_linear=0
shrinkage=0.05


Tree=4
num_leaves=15
num_cat=0
split_feature=5 8 10 12 11 2 9 7 13 5 1 1 7 5
split_gain=220.388 122.823 73.6676 96.145 89.3836 101.18 71.1839 67.171 49.7358 65.9235 49.3334 47.4087 45.2924 44.835
threshold=0.97435000000000016 1.0000000180025095e-35 13504.140000000001 41.500000000000007 1.0000000180025095e-35 46957.225000000006 2838.5550000000007 3.5000000000000004 0.23395000000000002 0.68950000000000011 8300.5950000000012 10645.585000000001 2.5000000000000004 0.63395000000000012
decision_type=2 2 2 2 2 2 2 2 2 2 2 2 2 2
left_child=1 2 4 10 -1 -6 11 8 9 -5 -4 12 -7 -12
right_child=-2 -3 3 7 5 6 -8 -9 -10 -11 13 -13 -14 -15
leaf_value=0.14879546065714938 0.16131300933005818 0.15121887149326926 0.17053041529472421 -0.056544200771736441 -0.056800552537855112 0.06439086902765484 -0.017398778444104614 0.12968866183051211 -0.057582273741512327 0.16171819580818139 -0.056097971413938075 0.18995119679432337 0.19284679693994117 0.11796584934350823
leaf_weight=53.147300831973553 197.14262825250626 69.685177773237228 15.96246622502804 6.7465746775269491 13.957426622509955 38.240668289363384 12.789368703961371 8.3707011342048627 32.886719442903996 7.100777767598629 6.3939708918333045 14.880303785204886 8.3627526164054853 8.7787868678569776
leaf_count=216 364 221 47 70 147 227 113 38 331 21 71 57 28 31
internal_value=0.12032 0.0931367 0.0753549 0.0389347 0.097571 0.066715 0.0899261 -0.000748787 -0.0241119 0.0553785 0.109169 0.112251 0.0874416 0.0446134
internal_weight=494.446 297.303 227.618 86.24 141.378 88.2305 74.2731 55.1048 46.7341 13.8474 31.1352 61.4837 46.6034 15.1728
internal_count=1982 1618 1397 609 788 572 425 460 422 91 149 312 255 102
is_linear=0
shrinkage=0.05


Tree=5
num_leaves=15
num_cat=0
split_feature=4 5 11 12 7 6 12 4 4 6 0 7 12 12
split_gain=235.427 164.646 69.9629 112.562 72.9557 54.9898 48.5536 51.7806 81.9707 40.8412 45.5222 39.7235 36.9624 56.7162
threshold=615.50000000000011 0.97435000000000016 1.0000000180025095e-35 298.50000000000006 3.5000000000000004 324.50000000000006 56.500000000000007 689.50000000000011 705.50000000000011 14.500000000000002 61.500000000000007 1.0000000180025095e-35 119.50000000000001 67.500000000000014
decision_type=2 2 2 2 2 2 2 2 2 2 2 2 2 2
left_child=-1 2 3 4 11 6 7 -4 -9 -8 -11 12 13 -2
right_child=1 -3 5 -5 -6 -7 9 8 -10 10 -12 -13 -14 -15
leaf_value=0.13981186130753862 0.013237537460634861 0.12527374308450331 -0.019032530910811543 0.21148478514700414 0.20159326753197823 0.14405374355577097 0.09129788024571088 0.2076699070137305 0.0008793866493053261 -0.056136466916180218 0.072964388166867192 -0.056648257765697242 -0.057470599756836854 0.22244898801457166
leaf_weight=280.65377900004387 7.5807800963521057 92.168761290609837 13.952546387910841 13.600631181150673 6.0665205046534529 7.7857100814580908 7.1092338413000098 9.8984962329268473 9.2897331714630109 44.609469778835773 8.062233589589594 12.531382218003271 4.9534933790564528 5.6567970961332321
leaf_count=566 68 235 131 30 16 33 49 30 93 491 53 129 47 19
internal_value=0.108607 0.0726064 0.0404795 0.0885785 0.0431409 0.0164128 0.00571807 0.0542606 0.107555 -0.0211924 -0.0363755 0.0118525 0.059041 0.10264
internal_weight=523.92 243.266 151.097 50.3896 36.789 100.707 92.9217 33.1408 19.1882 59.7809 52.6717 30.7225 18.1911 13.2376
internal_count=1990 1424 1189 309 279 880 847 254 123 593 544 263 134 87
is_linear=0
shrinkage=0.05


Tree=6
num_leaves=15
num_cat=0
split_feature=4 3 4 2 3 6 4 12 0 12 10 1 14 14
split_gain=217.996 69.9904 72.9592 62.5328 61.5155 60.5084 59.8157 58.1462 52.6643 61.6619 47.2201 73.4137 46.9976 41.2446
threshold=663.50000000000011 42.000000000000007 615.50000000000011 49108.040000000008 18.000000000000004 324.50000000000006 729.50000000000011 121.50000000000001 61.500000000000007 118.50000000000001 14540.110000000002 19059.975000000002 1.5000000000000002 8.5000000000000018
decision_type=2 2 2 2 2 2 2 2 2 2 2 2 2 2
left_child=1 3 10 7 13 6 8 -1 9 -6 -3 -12 -4 -2
right_child=4 2 12 -5 5 -7 -8 -9 -10 -11 11 -13 -14 -15
leaf_value=-0.061185060624304538 0.11016153091090329 0.12550526622963953 0.10745753013149661 0.13340532625044277 0.058628172715315854 0.1305666440849296 -0.056054724587605798 0.100539801755635 0.16132425347229756 -0.05627938216141079 -0.02683267338401122 0.149677222319445 -0.056208551625908411 0.011119527549610259
leaf_weight=7.8206971734762218 42.314720645546913 55.350867636501789 6.3422439172863987 278.27597322314978 31.56264591217041 10.882300920784472 27.005393732339144 19.208769626915455 7.1342288330197325 18.528965286910534 15.022754475474359 9.6909798979759199 14.222811900079249 13.985881194472311
leaf_count=63 122 125 35 490 217 32 306 65 22 201 98 12 154 69
internal_value=0.0953356 0.114433 0.0782704 0.126353 0.0441349 0.0196152 0.00528077 0.0537464 0.0342255 0.0161237 0.0998474 0.042382 -0.00573409 0.0855581
internal_weight=557.349 405.935 100.63 305.305 151.414 95.1135 84.2312 27.0295 57.2258 50.0916 80.0646 24.7137 20.5651 56.3006
internal_count=2011 1042 424 618 969 778 746 128 440 418 235 110 189 191
is_linear=0
shrinkage=0.05


Tree=7
num_leaves=15
num_cat=0
split_feature=4 5 6 11 7 19 5 9 4 1 4 6 0 13
split_gain=150.387 88.2691 93.2138 57.935 46.295 73.582 38.6055 50.9683 47.8818 46.0772 49.1737 43.2338 31.3617 57.7266
threshold=615.50000000000011 0.97435000000000016 88.500000000000014 1.0000000180025095e-35 2.5000000000000004 1.0000000180025095e-35 0.58945000000000014 1699.9050000000002 517.50000000000011 8680.1300000000028 606.50000000000011 232.50000000000003 60.500000000000007 0.44935000000000008
decision_type=2 2 2 2 2 2 2 2 2 2 2 2 2 2
left_child=6 2 4 -4 -2 -6 7 9 -9 10 11 -1 13 -5
right_child=1 -3 3 12 5 -7 -8 8 -10 -11 -12 -13 -14 -15
leaf_value=-0.061292092274336553 -0.043048750009970035 0.097018174909437815 0.1094537087530436 -0.036777366450064207 -0.056972149071775571 0.18399274781106717 0.12090560652350153 0.11988378354169921 -0.059137954726805747 0.15158934304130217 0.16291999744810903 0.1085061917500086 0.10368154200560682 0.071050073630842883
leaf_weight=9.7395074144005793 39.715134769678116 105.96877199411392 43.367193970829248 25.258876968175173 6.1737574376165849 6.5075756311416626 262.74734007567167 5.6800618618726757 10.907744720578192 24.533730417490005 7.0364280566573134 6.0947788804769507 12.911203518509863 24.405588388442993
leaf_count=68 418 250 193 251 62 20 319 13 88 53 16 16 62 170
internal_value=0.0897399 0.0616979 0.0380597 0.065039 -0.016491 0.0666818 0.112424 0.0775981 0.00216337 0.103994 0.0529385 0.00406501 0.034258 0.0162101
internal_weight=591.048 264.308 158.339 105.943 52.3965 12.6813 326.74 63.9923 16.5878 47.4044 22.8707 15.8343 62.5757 49.6645
internal_count=1999 1426 1176 676 500 82 573 254 101 153 100 84 483 421
is_linear=0
shrinkage=0.05


Tree=8
num_leaves=15
num_cat=0
split_feature=4 5 6 11 9 14 15 9 2 1 10 2 1 10
split_gain=135.978 74.912 63.5974 66.2244 57.755 50.6348 66.2484 47.377 40.0704 40.0546 31.9287 31.0811 37.6822 31.0331
threshold=610.50000000000011 0.97435000000000016 100.50000000000001 1.0000000180025095e-35 1389.4100000000003 10.500000000000002 2.5000000000000004 988.88000000000011 53729.360000000008 7829.2400000000007 11533.475000000002 86542.010000000024 7829.2400000000007 9195.9450000000015
decision_type=2 2 2 2 2 2 2 2 2 2 2 2 2 2
left_child=11 2 4 -4 5 6 -2 -5 -9 -10 -11 12 -1 -14
right_child=1 -3 3 7 -6 -7 -8 8 9 10 -12 -13 13 -15
leaf_value=0.091937068251445542 0.11154134839516627 0.086500885544153125 0.10450535585537263 -0.057132344156681641 -0.055853877381756949 0.15567212625416682 -0.057223122095564877 -0.056510257832375614 0.11706187355269471 0.06992912836356667 -0.056409135705756543 0.11235468369997532 0.08057015487410657 -0.063892871350032868
leaf_weight=84.067424632608891 9.3302551805973071 115.20253722369671 44.165588557720184 13.828888449817894 30.027622848749161 7.367117326706647 15.434635598212479 7.7608545385301104 20.412549734115601 12.250797629356386 8.4505859576165658 235.0644717887044 7.1673266962170583 7.7234697416424751
leaf_count=173 53 262 169 140 345 30 153 87 69 78 93 308 20 52
internal_value=0.080828 0.0554081 0.0342167 0.0576071 -0.00599767 0.0405934 0.00635945 0.0245741 0.0476925 0.0673623 0.0183561 0.102459 0.0789516 0.00564093
internal_weight=618.254 284.231 169.029 106.869 62.1596 32.132 24.7649 62.7037 48.8748 41.1139 20.7014 334.023 98.9582 14.8908
internal_count=2032 1479 1217 636 581 236 206 467 327 240 171 553 245 72
is_linear=0
shrinkage=0.05


Tree=9
num_leaves=15
num_cat=0
split_feature=4 5 6 10 4 13 13 3 6 15 3 4 8 7
split_gain=114.672 75.7983 55.1485 55.7534 79.1165 54.7536 61.0975 70.2136 51.3899 51.2306 48.8937 52.7599 40.5874 33.1669
threshold=592.50000000000011 1.6081500000000002 9.5000000000000018 25062.030000000002 761.50000000000011 0.14310000000000003 0.41245000000000004 42.000000000000007 22.500000000000004 17.500000000000004 30.000000000000004 695.50000000000011 1.0000000180025095e-35 1.5000000000000002
decision_type=2 2 2 2 2 2 2 2 2 2 2 2 2 2
left_child=-1 2 -2 4 5 -4 7 -7 -8 13 -10 -12 -5 -9
right_child=1 -3 3 12 -6 6 8 9 10 -11 11 -13 -14 -15
leaf_value=0.099801142725655864 -0.059851743517656167 0.10448424573740783 0.12759209008139291 -0.0290323977173957 -0.057799577274473546 -0.032062843815430481 0.16236946688470769 -0.058970193883459837 0.099297321208574874 0.12401826811611208 -0.019171637002765252 0.094740902499380664 0.069176966157509207 0.085437981767528856
leaf_weight=281.67813696712255 11.860947154462336 67.899237453937531 32.83905503153801 33.45360716059804 13.225347921252249 33.090891309082508 16.321696419268847 9.1890288889408129 50.702160801738501 19.364819288253784 25.351689398288727 16.968395080417395 15.346167296171187 7.0089443996548644
leaf_count=394 111 87 84 283 137 232 37 87 145 47 197 92 52 30
internal_value=0.0760147 0.0570138 0.0456932 0.0502811 0.0608289 0.0682702 0.0573258 0.0203566 0.0805376 0.0691324 0.0661794 0.026502 0.00185171 0.00351595
internal_weight=634.3 352.622 284.723 272.862 224.062 210.837 177.998 68.6537 109.344 35.5628 93.0222 42.3201 48.7998 16.198
internal_count=2015 1621 1534 1423 1088 951 867 396 471 164 434 289 335 117
is_linear=0
shrinkage=0.05


Tree=10
num_leaves=15
num_cat=0
split_feature=4 4 13 2 1 0 13 1 13 0 1 15 6 14
split_gain=84.9729 41.6772 55.6866 38.0155 58.8243 48.9142 41.6813 46.6022 40.7748 40.0396 35.5662 35.2999 64.214 54.2638
threshold=590.50000000000011 761.50000000000011 0.65360000000000007 95727.885000000009 7458.7300000000005 60.500000000000007 0.39405000000000007 5232.3100000000004 0.74495000000000011 22.500000000000004 4837.045000000001 10.500000000000002 229.50000000000003 1.5000000000000002
decision_type=2 2 2 2 2 2 2 2 2 2 2 2 2 2
left_child=-1 3 -3 5 -5 6 -2 10 -9 -6 -8 12 13 -11
right_child=1 2 -4 4 9 -7 7 8 -10 11 -12 -13 -14 -15
leaf_value=0.087926133140144525 -0.015554347694508686 -0.059273574348700654 0.0875359164618289 0.10421855644694261 0.14315464915902057 0.10332962517346067 0.043969542139422474 -0.035651822335500225 0.11067668392456478 0.067833150517300697 0.14269648526358961 0.064271307364939509 0.10882824073161301 -0.062825528299531017
leaf_weight=259.68149989843369 45.415166113525629 18.413335967808965 9.949430260807274 74.854513078927994 10.159509193152187 21.720087949186563 23.523204613476992 21.349329710006717 6.1270112097263327 11.33006704226136 14.90096867084503 63.538867712020874 12.015816558152435 26.60877637937665
leaf_count=383 327 189 29 149 29 64 105 179 25 38 28 232 35 220
internal_value=0.0661273 0.0503989 -0.00777399 0.0553755 0.0692359 0.0346938 0.0213015 0.0467006 -0.0030217 0.0480588 0.082256 0.0395461 0.00809742 -0.0238056
internal_weight=619.588 359.906 28.3628 331.543 198.508 133.036 111.316 65.9005 27.4763 123.653 38.4242 113.494 49.9547 37.9388
internal_count=2032 1649 218 1431 703 728 664 337 204 554 133 525 293 258
is_linear=0
shrinkage=0.05


Tree=11
num_leaves=15
num_cat=0
split_feature=5 4 6 9 9 8 14 14 9 5 9 9 4 9
split_gain=88.5575 69.7307 46.0426 60.677 64.6415 43.362 56.4619 48.9125 59.0972 49.751 45.4471 28.1593 26.493 32.5824
threshold=1.1802500000000002 609.50000000000011 88.500000000000014 1045.1200000000001 602.74500000000012 1.0000000180025095e-35 9.5000000000000018 4.5000000000000009 946.11000000000013 0.27085000000000009 2864.5450000000005 6798.3500000000013 491.50000000000006 3663.1000000000008
decision_type=2 2 2 2 2 2 2 2 2 2 2 2 2 2
left_child=1 12 3 4 -3 6 7 9 -9 -4 -10 -5 -1 -14
right_child=-2 2 5 11 -6 -7 -8 8 10 -11 -12 -13 13 -15
leaf_value=0.10456501968770085 0.089389972899763137 -0.05744727379695827 0.12929053486108055 -0.05739547379975013 0.10435532317459262 0.086610971026733916 -0.057949295229112657 -0.058365203959899851 0.12343280709150735 -0.037104830753904215 -0.003485811022941189 0.093552534205340931 0.068145941997198506 0.00080455066680896385
leaf_weight=42.680672034621239 212.59225527942181 9.1677311249077338 5.504703655838969 36.324645254760981 18.89525343477726 43.883010610938072 16.372502595186234 7.1715668886899939 33.6067856810987 24.422912202775478 8.9269311986863595 3.3768562301993361 167.32574609667063 20.122236452996731
leaf_count=42 244 93 19 390 70 116 160 70 101 219 69 16 342 68
internal_value=0.0629137 0.0500565 0.0290493 -0.00477828 0.051497 0.045436 0.0266153 0.0440018 0.0744084 -0.00649908 0.0967953 -0.0445564 0.0690121 0.060917
internal_weight=650.374 437.782 207.653 67.7645 28.063 139.888 96.0054 79.6329 49.7053 29.9276 42.5337 39.7015 230.129 187.448
internal_count=2019 1775 1323 569 163 754 638 478 240 238 170 406 452 410
is_linear=0
shrinkage=0.05


Tree=12
num_leaves=15
num_cat=0
split_feature=4 5 4 0 7 12 13 4 4 15 14 2 13 1
split_gain=95.3834 60.4891 49.2296 42.9004 51.4213 39.494 37.5863 35.3692 38.535 33.6107 38.5619 33.943 31.6273 28.6601
threshold=761.50000000000011 1.1645500000000004 592.50000000000011 60.500000000000007 1.5000000000000002 10.500000000000002 0.11295000000000001 698.50000000000011 692.50000000000011 16.500000000000004 4.5000000000000009 118990.09000000001 0.45575000000000004 7620.5900000000011
decision_type=2 2 2 2 2 2 2 2 2 2 2 2 2 2
left_child=1 2 -1 4 6 -6 -4 8 9 11 -11 -8 -13 -7
right_child=-2 -3 3 -5 5 13 7 -9 -10 10 -12 12 -14 -15
leaf_value=0.071645355668106273 -0.039737221574259608 0.085705692903021255 0.085739100587982925 0.086569858903096153 0.13208365814954737 0.067263422833384351 -0.060912191074349357 -0.056941555478238697 0.11039791904064862 0.097062900368698579 -0.021741189152663404 -0.06124072905100976 0.060618866990337597 -0.0070817259895907024
leaf_weight=190.63777959346771 23.189688976854086 206.71378968656063 14.027966685593126 37.440822303295135 15.55269769951701 38.7552145794034 26.835683077573776 22.596365012228489 9.1359228491783124 15.91460805386305 11.965680260211228 7.9129156433045891 16.277719680219889 19.478544410318136
leaf_count=327 211 220 54 113 22 149 230 244 33 45 82 71 68 141
internal_value=0.0598604 0.0635077 0.0527497 0.0374792 0.0282176 0.0613002 0.00863705 -0.00113876 0.0131832 0.00192752 0.0460745 -0.022194 0.0207578 0.0423958
internal_weight=656.435 633.246 426.532 235.894 198.453 73.7865 124.667 110.639 88.0425 78.9066 27.8803 51.0263 24.1906 58.2338
internal_count=2010 1799 1579 1252 1139 312 827 773 529 496 127 369 139 290
is_linear=0
shrinkage=0.05


Tree=13
num_leaves=15
num_cat=0
split_feature=4 4 13 3 12 10 10 14 10 12 2 6 6 4
split_gain=55.8985 27.5003 48.6819 27.2903 30.197 43.2664 23.7538 42.4123 18.4477 38.1481 34.365 59.0569 46.8751 34.8487
threshold=592.50000000000011 761.50000000000011 0.65360000000000007 42.000000000000007 51.500000000000007 8564.9750000000022 43550.750000000007 2.5000000000000004 1899.3750000000002 100.50000000000001 97529.405000000013 49.500000000000007 187.50000000000003 713.50000000000011
decision_type=2 2 2 2 2 2 2 2 2 2 2 2 2 2
left_child=3 6 -3 -1 -5 -6 8 -8 9 -2 11 -10 -13 -14
right_child=1 2 -4 4 5 -7 7 -9 10 -11 -12 12 13 -15
leaf_value=0.082836591785007838 -0.010644332527004537 -0.058242078519392428 0.082288666946137026 0.081473710186346721 0.064201926977107179 -0.042158183915969552 0.073712433907772906 -0.062827201049328818 -0.061691757467099567 0.09647141949462161 0.062331155790890151 0.062680982554760831 -0.063288353459798774 0.064296375787856894
leaf_weight=235.93120431154966 10.01349190622568 15.925826076418163 10.052499219775198 35.417856819927692 21.841404125094414 17.006884776055813 10.572695687413217 12.308637466281651 16.431741934269667 48.917826645076275 155.45588601380587 67.042049784213305 15.480357054620983 8.1804674006998521
leaf_count=242 65 179 26 50 38 80 32 107 147 100 498 261 119 36
internal_value=0.0588579 0.0457442 -0.0038627 0.0745159 0.0480825 0.0176399 0.0494861 0.000263179 0.0529891 0.0782705 0.0473153 0.0255268 0.0413274 -0.0191773
internal_weight=680.579 370.381 25.9783 310.197 74.2661 38.8483 344.403 22.8813 321.522 58.9313 262.591 107.135 90.7029 23.6608
internal_count=1980 1570 205 410 168 118 1365 139 1226 165 1061 563 416 155
is_linear=0
shrinkage=0.05


Tree=14
num_leaves=15
num_cat=0
split_feature=4 5 5 6 0 9 4 1 10 9 4 6 7 1
split_gain=75.5704 50.0256 48.2983 42.7978 41.5336 46.5453 39.5291 50.4971 33.1784 49.8651 23.3214 22.8897 22.0752 36.2706
threshold=663.50000000000011 0.58945000000000014 0.52620000000000011 51.500000000000007 60.500000000000007 2969.5050000000006 738.50000000000011 4862.4100000000008 14270.795000000002 568.20000000000016 820.50000000000011 67.500000000000014 1.5000000000000002 15219.995000000003
decision_type=2 2 2 2 2 2 2 2 2 2 2 2 2 2
left_child=1 2 3 -1 5 6 7 -2 11 -10 -8 -5 13 -9
right_child=4 -3 -4 8 -6 -7 10 12 9 -11 -12 -13 -14 -15
leaf_value=-0.029925559066562593 -0.061501192307005383 0.072689851426176996 -0.062096153674165683 0.13085235462711051 0.075671089418689608 -0.044738338497836067 -0.059117215092689204 0.021196947248072789 0.089827249894802175 -0.060859923898080481 0.03821092654865299 0.061197085134292312 0.09176497260920409 0.13933082362654378
leaf_weight=15.712873768061398 10.129568144679068 403.88552672415972 11.452389828860758 15.379666514694689 35.262486703693867 26.505554471164942 17.474668014794592 46.308606795966625 9.9596242904663104 12.234046027064322 9.5013673827052099 50.592589903622866 29.189397018402815 7.5579484179615966
leaf_count=110 83 593 91 15 91 222 183 238 27 96 44 143 83 15
internal_value=0.0546797 0.0643964 0.035353 0.0460965 0.0269488 0.0152347 0.0284637 0.0438935 0.0596451 0.0067624 -0.0248368 0.0774353 0.0567475 0.0377722
internal_weight=701.146 519.217 115.331 103.879 181.93 146.667 120.162 93.1855 88.1659 22.1937 26.976 65.9723 83.056 53.8666
internal_count=2034 1075 482 391 959 868 646 419 281 123 227 158 336 253
is_linear=0
shrinkage=0.05


Tree=15
num_leaves=15
num_cat=0
split_feature=4 9 1 1 4 13 2 13 2 2 2 2 1 10
split_gain=44.2688 31.384 57.0338 66.3753 26.3728 42.47 24.7769 33.058 26.4893 46.7991 20.1042 34.1181 34.1549 28.6387
threshold=592.50000000000011 3620.3450000000007 14735.220000000003 15748.530000000001 758.50000000000011 0.65360000000000007 31083.350000000002 0.60805000000000009 40404.960000000006 52997.000000000007 60321.005000000012 76328.47500000002 3840.6250000000005 17143.255000000001
decision_type=2 2 2 2 2 2 2 2 2 2 2 2 2 2
left_child=-1 4 -3 -4 6 -6 7 -2 -8 -10 -11 12 -12 -13
right_child=1 2 3 -5 5 -7 8 -9 9 10 11 13 -14 -15
leaf_value=0.065588005695483481 -0.058943218256009428 -0.065244598209406618 0.10633355429459712 -0.063084092293894431 -0.058773966213458401 0.072441655413159306 0.09882079040826941 0.077044768416873341 -0.033967763450670936 0.095742595871033814 0.072945630505764109 0.067012483627094444 -0.041429205693288028 0.024347831574380998
leaf_weight=304.7287171408534 11.578148100525143 18.904323980212212 17.096971649676565 8.7351438552141172 14.731184083968403 10.606849730014799 28.136144936084747 7.2784681171178809 16.41943595930934 24.95673406124115 9.9300425648689288 149.22731735184789 19.048123776912689 53.410853397101164
leaf_count=418 111 162 26 76 164 30 80 27 115 65 16 381 124 237
internal_value=0.0513089 0.0401535 0.000749459 0.0490449 0.0452583 -0.0038453 0.0491466 -0.00645319 0.0526282 0.0478673 0.0531044 0.0485101 -0.00223601 0.055767
internal_weight=694.788 390.06 44.7364 25.8321 345.323 25.338 319.985 18.8566 301.129 272.993 256.573 231.616 28.9782 202.638
internal_count=2032 1614 264 102 1350 194 1156 138 1018 938 823 758 140 618
is_linear=0
shrinkage=0.05


Tree=16
num_leaves=15
num_cat=0
split_feature=5 10 9 7 4 9 9 4 4 13 4 0 14 19
split_gain=90.7934 72.8156 42.4698 56.5449 33.3765 28.0526 32.0387 21.0845 29.8032 42.1376 27.7128 57.7579 17.0497 27.5723
threshold=0.63395000000000012 13751.925000000001 958.2650000000001 1.5000000000000002 663.50000000000011 2838.5550000000007 6504.6350000000011 609.50000000000011 693.50000000000011 0.74495000000000011 706.50000000000011 60.500000000000007 9.5000000000000018 1.0000000180025095e-35
decision_type=2 2 2 2 2 2 2 2 2 2 2 2 2 2
left_child=1 7 3 -3 -2 12 -7 -1 9 -9 -10 -12 -6 -14
right_child=4 2 -4 -5 5 6 -8 8 10 -11 11 -13 13 -15
leaf_value=0.059466776936437662 0.067034429898611095 -0.060380846981674632 -0.060361588238656554 0.097219919910105035 0.058901581603669775 -0.040678389649245639 0.086654786240590281 -0.040804550547881423 0.10308390226127513 0.10487710656839033 -0.056340268068079249 0.094446676023591206 -0.067788505445675315 0.070657802575518722
leaf_weight=66.978095188736916 366.05249803885818 10.337224617600443 36.490962620824575 12.663532808423041 76.913406804203987 19.830238573253158 6.5790082290768614 27.271089006215334 15.136791527271269 6.0681021548807612 12.946899436414244 12.465159952640532 7.3869875557720643 7.0079868584871292
leaf_count=124 489 90 342 33 210 144 18 239 34 16 154 25 54 16
internal_value=0.0478645 0.0195607 -0.0268218 0.0263894 0.0595868 0.0364277 -0.00895745 0.0391493 0.0207319 -0.0142889 0.049526 0.017624 0.0495545 -0.000387906
internal_weight=684.128 200.358 59.4917 23.0008 483.77 117.718 26.4092 140.866 73.888 33.3392 40.5489 25.4121 91.3084 14.395
internal_count=1988 1057 465 123 931 442 162 592 468 255 213 179 280 70
is_linear=0
shrinkage=0.05


Tree=17
num_leaves=15
num_cat=0
split_feature=5 10 2 6 2 9 10 10 12 9 15 12 14 5
split_gain=46.0492 40.9544 31.5363 44.772 43.4428 30.1667 21.7442 27.9533 20.4685 37.2678 28.8399 23.0382 17.4035 41.0112
threshold=1.6081500000000002 62104.080000000009 91367.075000000012 17.500000000000004 73194.900000000009 2186.9100000000003 15909.975 19157.135000000006 132.50000000000003 1525.0350000000003 11.500000000000002 115.50000000000001 7.5000000000000009 0.65900000000000014
decision_type=2 2 2 2 2 2 2 2 2 2 2 2 2 2
left_child=1 2 3 -1 8 -6 -4 -8 11 10 -10 -5 13 -9
right_child=-2 -3 6 4 5 -7 7 12 9 -11 -12 -13 -14 -15
leaf_value=-0.065388127630428908 0.072945535537932066 -0.039584037332312097 0.060945153185663827 0.047074990776387049 -0.071111919942948174 0.028150408376956332 -0.039009938605144207 -0.06260256578425813 -0.026352915037252119 -0.040709439224610372 0.062514285673792289 0.11666147026030999 0.063760173952166696 0.045174418248780157
leaf_weight=12.293531790375708 127.08636313676834 15.849737551063297 217.97902717068791 95.443002164363861 15.552280332893135 15.071969322860239 11.754426166415213 11.171230334788559 11.777192022651432 18.086441796272993 40.610287897288799 13.587595723569391 49.411331810057163 42.053732328116894
leaf_count=110 112 104 495 325 110 66 63 103 68 127 112 22 120 94
internal_value=0.0457266 0.0396648 0.0419288 0.0273564 0.0327824 -0.0222592 0.0516807 0.0340267 0.0421727 0.021172 0.0425361 0.055747 0.0423912 0.0225534
internal_weight=697.728 570.642 554.792 222.422 210.129 30.6242 332.37 114.391 179.505 70.4739 52.3875 109.031 102.636 53.225
internal_count=2031 1919 1815 940 830 176 875 380 654 307 180 347 317 197
is_linear=0
shrinkage=0.05


Tree=18
num_leaves=15
num_cat=0
split_feature=4 10 5 5 10 6 10 0 5 4 6 21 5 9
split_gain=63.0781 34.0107 39.9257 28.425 27.2275 30.7344 35.005 24.8905 30.5562 24.6362 25.3252 42.3927 24.9595 20.6464
threshold=597.50000000000011 15356.135000000002 0.66400000000000003 0.65015000000000012 11419.340000000002 314.50000000000006 2954.7100000000005 47.500000000000007 1.0536000000000001 729.50000000000011 61.500000000000007 1.0000000180025095e-35 1.8670500000000001 2165.7100000000005
decision_type=2 2 2 2 2 2 2 2 2 2 2 2 2 2
left_child=3 4 -3 13 5 6 7 8 -2 10 -8 12 -12 -1
right_child=1 2 -4 -5 -6 -7 9 -9 -10 -11 11 -13 -14 -15
leaf_value=0.045061399183815534 -0.032409128892976563 -0.042652452289479136 0.024196819275510859 0.066650025196404117 0.068742487634053065 0.084215392268400316 0.045875896545196068 0.069555723609619868 0.060760677259794782 -0.061147479206639425 -0.052681209911980276 0.064120759257406124 0.051107261398133423 -0.016904353751856459
leaf_weight=70.814126700162888 17.567144561558962 32.614591337740421 70.870419837534428 237.42413009703159 53.660085458308458 22.351171728223562 34.219730645418167 48.257555495947599 17.633528962731361 13.188448715955017 33.915135774761438 14.669402733445166 6.9858239293098441 16.592167496681213
leaf_count=161 142 340 253 210 148 40 127 103 29 131 231 36 9 67
internal_value=0.0416389 0.0274035 0.00312844 0.0576757 0.0369753 0.0288109 0.0221686 0.0462348 0.0142636 0.00266434 0.0120371 -0.00880057 -0.0349543 0.0332986
internal_weight=690.763 365.933 103.485 324.83 262.448 208.788 186.437 83.4582 35.2007 102.979 89.7901 55.5704 40.901 87.4063
internal_count=2027 1589 593 438 996 848 808 274 171 534 403 276 240 228
is_linear=0
shrinkage=0.05


Tree=19
num_leaves=15
num_cat=0
split_feature=4 11 13 3 13 0 0 9 0 18 9 10 3 8
split_gain=78.8597 29.9677 63.1673 27.348 26.0039 27.3235 32.8754 21.9889 23.1057 20.1781 25.122 19.2464 19.1443 24.1688
threshold=615.50000000000011 1.0000000180025095e-35 0.43465000000000004 18.000000000000004 0.53525000000000011 32.500000000000007 56.500000000000007 2969.5050000000006 54.500000000000007 1.0000000180025095e-35 2469.2700000000004 11182.385000000002 54.000000000000007 1.0000000180025095e-35
decision_type=2 2 2 2 2 2 2 2 2 2 2 2 2 2
left_child=-1 7 3 11 -4 -6 -7 9 -9 -2 -11 -3 -5 -14
right_child=1 2 4 12 5 6 -8 8 -10 10 -12 -13 13 -15
leaf_value=0.058392756711067008 0.063784778419993762 -0.035621810958922716 0.065905945558992679 -0.058978002830172238 -0.064199705550694694 0.045420355531540182 -0.06575308548900359 -0.065325464512016984 0.056267601874191754 -0.065142011549841186 0.069774620867745288 0.040878596143915494 -0.05605763439645739 0.078655751110870836
leaf_weight=405.76055836677551 83.745994299650192 12.413021523505448 48.64632685482502 38.873913314193487 8.8215208910405618 49.1505769751966 7.6902629137039176 8.4611578695476037 7.2587594985961905 7.3007469251751882 6.5422175973653793 24.349341005086899 6.7409007474780065 6.5788914933800697
leaf_count=564 223 57 166 389 76 171 59 71 15 57 12 56 86 14
internal_value=0.0438002 0.0250966 0.0136108 -0.0179856 0.0381994 0.0176728 0.0303792 0.0457009 -0.00917919 0.0545412 -0.00138009 0.0150478 -0.0412524 0.0104798
internal_weight=722.334 316.574 203.265 88.9561 114.309 65.6624 56.8408 113.309 15.7199 97.589 13.843 36.7624 52.1937 13.3198
internal_count=2016 1452 1074 602 472 306 230 378 86 292 69 113 489 100
is_linear=0
shrinkage=0.05


Tree=20
num_leaves=15
num_cat=0
split_feature=5 4 6 4 8 5 2 12 5 13 5 4 2 2
split_gain=40.4125 45.3916 31.598 58.1491 28.4096 27.1763 30.0649 33.3241 36.2445 24.2493 37.8537 41.5119 22.3471 46.9411
threshold=1.6081500000000002 617.50000000000011 289.50000000000006 729.50000000000011 1.0000000180025095e-35 0.18640000000000004 99818.10500000001 139.50000000000003 1.0418500000000004 0.34200000000000003 0.60830000000000017 606.50000000000011 58349.080000000009 53729.360000000008
decision_type=2 2 2 2 2 2 2 2 2 2 2 2 2 2
left_child=1 9 3 4 5 -3 12 8 -8 -1 11 -11 13 -7
right_child=-2 2 -4 -5 -6 6 7 -9 -10 10 -12 -13 -14 -15
leaf_value=0.060032167648368918 0.065285426744433814 0.11584333587157983 0.059656385658039768 -0.05759180101442956 0.053978260664696909 -0.038351398996764825 -0.059105720593234948 0.053461254327153707 0.041691456742947268 -0.038560047046874352 0.04646597556510193 0.078877338217603704 -0.062389987641026594 0.09583132234213082
leaf_weight=156.99091188982129 121.55680753290653 5.6831676177680484 37.836082383990288 27.628424629569054 46.517793532460928 21.099851924926046 19.018026243895292 42.996828734874725 16.793651662766933 30.388454020023346 120.25942874699831 10.001487728208302 22.721715398132801 9.4310523718595487
leaf_count=224 114 14 101 333 121 183 180 131 36 142 160 20 202 26
internal_value=0.0391226 0.0335173 0.0175673 0.0100517 0.0201942 0.00878492 0.00417773 0.0237886 -0.0118375 0.0460571 0.0324003 -0.00947982 -0.0248443 0.00309789
internal_weight=688.924 567.367 249.727 211.891 184.262 137.744 132.061 78.8085 35.8117 317.64 160.649 40.3899 53.2526 30.5309
internal_count=1987 1873 1327 1226 893 772 758 347 216 546 322 162 411 209
is_linear=0
shrinkage=0.05


Tree=21
num_leaves=15
num_cat=0
split_feature=5 4 6 6 10 4 8 6 10 2 5 15 13 0
split_gain=48.0207 38.7401 52.3316 25.4812 44.9056 23.7221 33.4327 24.236 22.769 29.093 18.2742 37.1467 17.9236 32.043
threshold=1.6081500000000002 714.50000000000011 301.50000000000006 291.50000000000006 5196.5500000000002 565.50000000000011 1.0000000180025095e-35 9.5000000000000018 29638.660000000003 192111.34000000003 0.58945000000000014 4.5000000000000009 0.47345000000000004 44.500000000000007
decision_type=2 2 2 2 2 2 2 2 2 2 2 2 2 2
left_child=1 3 -3 5 -5 10 7 -7 12 -10 11 -1 -9 -14
right_child=-2 2 -4 4 -6 6 -8 8 9 -11 -12 -13 13 -15
leaf_value=0.065063607985443972 0.065682325110919357 -0.036118390420898226 0.066350729548281348 0.064516400403205484 -0.073266503202743902 -0.065773946198584107 0.058312532490724725 0.016389818585776136 -0.06555831476891151 0.035308988904511479 0.063499200228259264 -0.039860539384821758 0.063207672522040639 -0.0012011061421060263
leaf_weight=20.915263205766678 131.98782452940941 42.1639648322016 17.686641044914722 10.437766015529634 13.643214426934717 7.6372357308864585 85.141071084886789 106.95871042460203 14.859025087207558 13.776681687682865 127.80095791816711 14.137238554656504 72.084771685302258 26.375434830784798
leaf_count=34 113 438 39 19 83 65 161 428 134 52 110 60 159 113
internal_value=0.0384899 0.032233 -0.00583742 0.036668 -0.0135453 0.0391373 0.031369 0.0218776 0.0247377 -0.0170309 0.0547275 0.022746 0.0305603 0.0459539
internal_weight=705.606 573.618 59.8506 513.767 24.081 489.686 326.833 241.692 234.055 28.6357 162.853 35.0525 205.419 98.4602
internal_count=2008 1895 477 1418 102 1316 1112 951 886 186 204 94 700 272
is_linear=0
shrinkage=0.05


Tree=22
num_leaves=15
num_cat=0
split_feature=4 4 1 2 2 2 2 10 13 6 6 20 12 11
split_gain=44.6518 37.3369 26.6053 35.4347 33.8785 29.4741 45.9375 27.5837 22.4002 17.584 14.0275 21.4342 35.4308 13.74
threshold=761.50000000000011 532.50000000000011 7783.7850000000008 99342.715000000011 29777.835000000003 65595.515000000014 59502.44000000001 2511.1600000000003 0.60805000000000009 324.50000000000006 187.50000000000003 1.0000000180025095e-35 84.500000000000014 1.0000000180025095e-35
decision_type=2 2 2 2 2 2 2 2 2 2 2 2 2 2
left_child=1 -1 4 5 8 6 -4 -5 -3 -2 -6 12 -12 -9
right_child=9 2 3 7 10 -7 -8 13 -10 -11 11 -13 -14 -15
leaf_value=0.064072498071668524 -0.060212459491522922 -0.064773486919595613 -0.062897040108301092 -0.043949813038559132 0.052029189626368481 -0.068046236157670442 0.077376054631557778 0.050425077788858755 0.039317165730313672 0.062144923905907402 0.047242108903207666 0.044519491099289439 -0.082349600338153583 0.022327925557033414
leaf_weight=101.57103006541729 16.847414432093505 12.039657671004536 10.495131373405458 12.627651471644638 210.83336032927036 19.396575339138508 13.14907633140683 67.718984365463257 9.0563671365380269 3.5560426265001288 10.822455897927286 48.104058168828487 10.288341879844664 121.71999618038535
leaf_count=105 205 99 97 64 467 158 27 143 31 9 25 103 60 404
internal_value=0.0339417 0.0362355 0.0310594 0.0188283 0.0410146 -0.0223637 0.015112 0.0276023 -0.0200881 -0.0388872 0.0456175 0.0260869 -0.0159144 0.0323718
internal_weight=668.226 647.823 546.252 245.107 301.144 43.0408 23.6442 202.067 21.096 20.4035 280.048 69.2149 21.1108 189.439
internal_count=1997 1783 1678 893 785 282 124 611 130 214 655 188 85 547
is_linear=0
shrinkage=0.05


Tree=23
num_leaves=15
num_cat=0
split_feature=4 4 1 8 6 6 4 1 4 12 4 14 4 14
split_gain=47.9321 31.2442 26.2282 21.0814 23.6003 21.1967 36.0439 23.776 32.2812 20.1537 19.2635 16.9402 34.9319 16.7004
threshold=592.50000000000011 773.50000000000011 17657.930000000004 1.0000000180025095e-35 77.500000000000014 289.50000000000006 714.50000000000011 6041.9250000000002 643.50000000000011 109.50000000000001 603.50000000000011 9.5000000000000018 626.50000000000011 1.0000000180025095e-35
decision_type=2 2 2 2 2 2 2 2 2 2 2 2 2 2
left_child=-1 2 3 5 9 6 7 8 -2 -5 -9 -12 -13 -8
right_child=1 -3 -4 4 -6 -7 13 10 -10 -11 11 12 -14 -15
leaf_value=0.048405506668596374 0.026264617831039117 -0.058508403677548851 -0.063423450501066098 -0.067677672366992389 0.061123361538376469 0.05258698384138491 0.057443988607015065 -0.02272719502263652 -0.050836630848109479 0.038820190990460232 0.044424676224742686 0.060442667695990521 -0.065602450877525031 -0.060244756030396876
leaf_weight=301.22071754932404 30.778841879218817 11.768282206729053 8.3357199952006322 7.2150092050433186 68.97520624101162 40.8696074411273 3.5136613287031677 15.197946332395075 24.289266865700483 11.559951111674307 113.44704226031899 10.831429436802866 11.160678710788487 21.212966376915574
leaf_count=402 94 145 73 51 119 96 14 53 166 30 404 27 98 237
internal_value=0.0335162 0.0216873 0.0242562 0.0262918 0.0475949 0.0194015 0.0135156 0.0203717 -0.00774296 -0.00210576 0.0306495 0.036639 -0.00352342 -0.0435211
internal_weight=680.376 379.156 367.387 359.052 87.7502 271.301 230.432 205.705 55.0681 18.775 150.637 135.439 21.9921 24.7266
internal_count=2009 1607 1462 1389 200 1189 1093 842 260 81 582 529 125 251
is_linear=0
shrinkage=0.05


Tree=24
num_leaves=15
num_cat=0
split_feature=5 4 9 12 4 1 12 3 2 13 5 5 17 6
split_gain=54.8431 47.0257 35.6607 29.2582 26.2593 25.6221 52.8014 24.307 19.9396 30.0906 18.7696 24.6961 17.5731 23.6708
threshold=0.63395000000000012 663.50000000000011 2165.7100000000005 232.50000000000003 486.50000000000006 14264.660000000002 183.50000000000003 30.000000000000004 64213.305000000008 0.53170000000000017 0.84480000000000011 0.79515000000000013 1.0000000180025095e-35 117.50000000000001
decision_type=2 2 2 2 2 2 2 2 2 2 2 2 2 2
left_child=2 8 3 12 -4 6 10 -5 9 -2 11 -3 -1 -14
right_child=1 5 4 7 -6 -7 -8 -9 -10 -11 -12 -13 13 -15
leaf_value=0.017441007199537204 -0.036229921252269565 -0.059629753806434205 0.066448295258022788 0.036763035213135058 -0.048961160943112481 0.067420371237474991 0.036841456979885494 -0.064137271043573141 0.053986929244274409 0.054214933467318399 -0.073078013246080639 0.06299605882358561 0.0022209728862701817 0.078894697518905266
leaf_weight=93.918527128174901 16.06371982395649 8.8212116733193415 5.7776695638895026 9.3164075985550898 33.546600043773651 17.013440046459436 45.079354796558619 16.611047152429819 330.36932044476271 21.510096423327923 22.027375265955925 7.6810043677687636 14.642401073127983 32.207372296601534
leaf_count=427 60 96 6 35 315 43 125 137 411 26 138 32 86 61
internal_value=0.0323249 0.0417781 0.0108246 0.0209283 -0.0320048 0.0114884 0.00010691 -0.0278812 0.0500616 0.0155476 -0.0428723 -0.00255321 0.0299183 0.0549311
internal_weight=674.586 468.566 206.02 166.696 39.3243 100.622 83.6089 25.9275 367.943 37.5738 38.5296 16.5022 140.768 46.8498
internal_count=1998 931 1067 746 321 434 391 172 497 86 266 128 574 147
is_linear=0
shrinkage=0.05


Tree=25
num_leaves=15
num_cat=0
split_feature=5 10 12 9 9 4 12 10 15 9 1 3 6 11
split_gain=41.6345 30.3842 25.097 54.3058 30.1702 23.6483 22.6093 21.3395 30.8063 20.4615 19.5714 17.8597 26.1399 18.972
threshold=0.97435000000000016 456.77000000000004 64.500000000000014 1059.0100000000002 476.52000000000004 664.50000000000011 82.500000000000014 3722.7300000000005 10.500000000000002 127.96000000000001 4918.8900000000012 30.000000000000004 250.50000000000003 1.0000000180025095e-35
decision_type=2 2 2 2 2 2 2 2 2 2 2 2 2 2
left_child=1 -1 7 4 9 -2 -5 8 -3 -4 -9 12 -8 -13
right_child=5 2 3 6 -6 -7 11 10 -10 -11 -12 13 -14 -15
leaf_value=-0.072254933285936004 0.056304913467412038 -0.073863380654451499 0.060912945721911742 -0.076509231715589709 0.055873322860975051 0.022617761283249049 -0.075098192241750683 -0.024198553601781518 0.049634154448535771 -0.042042297475540218 0.052164034312134989 0.036941809711827964 0.03287032300320538 -0.0062646487370677465
leaf_weight=8.08027835190296 220.97154732048512 9.3591626547276991 7.066111437976363 10.115832136943935 86.025122992694378 68.168241202831268 16.056020651012663 8.9407958127558214 10.966626331210135 15.222146064043043 136.38438372686505 40.311237333342433 8.6132959891110641 68.719297781586647
leaf_count=58 209 72 18 78 205 166 131 51 27 100 385 125 27 370
internal_value=0.03372 0.0237782 0.0256356 0.0157023 0.0424412 0.0483628 -0.00443584 0.0407545 -0.00723122 -0.0094021 0.047466 0.00101729 -0.037401 0.00970983
internal_weight=715 425.86 417.78 252.129 108.313 289.14 143.816 165.651 20.3258 22.2883 145.325 133.7 24.6693 109.031
internal_count=2022 1647 1589 1054 323 375 731 535 99 118 436 653 158 495
is_linear=0
shrinkage=0.05


Tree=26
num_leaves=15
num_cat=0
split_feature=4 5 10 12 9 8 13 13 1 9 0 9 6 5
split_gain=44.6226 42.0999 36.3673 25.1602 25.1347 23.9257 17.5221 20.0995 26.5636 22.7261 35.8855 22.1689 18.8252 15.8321
threshold=578.50000000000011 1.6081500000000002 36867.540000000008 356.50000000000006 494.10000000000008 1.0000000180025095e-35 0.72000000000000008 0.16110000000000005 4514.1200000000008 3011.0050000000006 61.500000000000007 6798.3500000000013 95.500000000000014 0.6351500000000001
decision_type=2 2 2 2 2 2 2 2 2 2 2 2 2 2
left_child=-1 2 3 4 -2 -4 7 12 -9 13 11 -11 -6 -10
right_child=1 -3 5 -5 6 -7 -8 8 9 10 -12 -13 -14 -15
leaf_value=0.049506490188519464 -0.022433551628106601 0.054190895114571508 -0.066079278920098766 -0.06719150870809866 -0.0015377207040213924 0.034341852930711791 0.056951778706933943 -0.043574539772847053 0.0084942848083608431 -0.06585871703406565 0.067420874948447271 0.065988522710941216 0.06668477166915715 0.041812413213833118
leaf_weight=248.58454750478268 28.46408598870039 87.785798341035843 21.05605080910027 8.0204221419990045 13.585142854601143 8.2574264928698557 41.343249525874853 17.83875042758882 58.511957639828324 21.876324791461233 9.436155825853346 3.732073012739419 39.548640698194504 91.271907676011324
leaf_count=298 173 91 201 67 70 23 96 111 344 205 17 14 74 222
internal_value=0.0324993 0.0231196 0.0156043 0.0202957 0.0224507 -0.0377913 0.0267503 0.021869 0.0146927 0.0203163 -0.0159305 -0.0466438 0.0492418 0.0287969
internal_weight=699.313 450.728 362.942 333.629 325.608 29.3135 297.144 255.801 202.667 184.828 35.0446 25.6084 53.1338 149.784
internal_count=2006 1708 1617 1393 1326 224 1153 1057 913 802 236 219 144 566
is_linear=0
shrinkage=0.05


Tree=27
num_leaves=15
num_cat=0
split_feature=4 1 2 0 9 9 13 2 1 0 4 13 9 13
split_gain=40.6967 23.7185 20.9141 22.0023 26.8151 32.2384 38.2632 26.9465 26.7758 27.9672 23.4198 16.5823 19.3675 19.2818
threshold=590.50000000000011 19059.975000000002 317327.94500000007 39.500000000000007 602.74500000000012 642.86500000000012 0.37820000000000004 57834.935000000005 12080.265000000001 59.500000000000007 692.50000000000011 0.091900000000000023 2969.5050000000006 0.56230000000000013
decision_type=2 2 2 2 2 2 2 2 2 2 2 2 2 2
left_child=-1 2 3 4 -2 -6 -7 -8 11 -10 -9 -5 -13 -14
right_child=1 -3 -4 8 5 6 7 10 9 -11 -12 12 13 -15
leaf_value=0.044032401680934599 -0.068269245299574996 -0.065784133525270155 0.086322743224078013 0.07491811475218256 0.10237467278183765 -0.042842805605959433 -0.062825231029987244 0.049235197953608562 -0.070838544141704651 0.034911386798511926 -0.027701564914153393 0.033430970040761142 -0.07008890354882065 0.035668828565899036
leaf_weight=299.22011747211218 12.2317933216691 7.9686759244650593 12.005898602306841 21.510127767920494 8.6585152111947519 32.606554070487618 8.1409158930182439 49.706031136214733 13.337075298652055 11.769398450851439 12.348684322088955 188.88272750377655 9.4281454402953404 7.9389871992170802
leaf_count=391 104 73 18 33 10 245 73 117 109 33 102 611 81 25
internal_value=0.0301115 0.019607 0.0213582 0.0192869 0.00200622 0.00971831 0.00191433 0.0227045 0.02774 -0.0212652 0.033925 0.0331419 0.028785 -0.0217442
internal_weight=695.754 396.534 388.565 376.559 123.692 111.461 102.802 70.1956 252.866 25.1065 62.0547 227.76 206.25 17.3671
internal_count=2025 1634 1561 1543 651 547 537 292 892 142 219 750 717 106
is_linear=0
shrinkage=0.05


Tree=28
num_leaves=15
num_cat=0
split_feature=4 5 8 10 4 15 21 12 15 4 6 6 6 12
split_gain=35.784 30.3526 24.7197 31.5134 22.3753 18.6649 16.947 19.7972 18.9152 15.9894 20.5282 26.0983 27.726 19.0794
threshold=564.50000000000011 1.6081500000000002 1.0000000180025095e-35 36318.465000000004 761.50000000000011 1.5000000000000002 1.0000000180025095e-35 304.50000000000006 10.500000000000002 724.50000000000011 232.50000000000003 210.50000000000003 164.00000000000003 243.50000000000003
decision_type=2 2 2 2 2 2 2 2 2 2 2 2 2 2
left_child=-1 2 3 4 6 -5 7 9 -8 10 11 12 -2 -12
right_child=1 -3 -4 5 -6 -7 8 -9 -10 -11 13 -13 -14 -15
leaf_value=0.048558658925003613 0.024656856183596629 0.047692374208219326 0.038586628220076608 0.045360600588870141 -0.05625427124071572 -0.065962650587483934 -0.067007364521852006 -0.035847199851136789 0.012161754046584846 0.060517881843140268 -0.074932621726413837 0.070615945811457567 -0.046304551077996033 0.035602520591993446
leaf_weight=189.01300723850727 133.10451423376799 99.914708063006401 98.987923730164766 4.6536831520497826 10.719818690791724 19.722626220434904 11.769504446536301 13.860774287953971 21.017715532332659 28.769409589469433 10.21966114267707 27.172692261636257 15.352936796844004 6.3171139173209658
leaf_count=221 481 108 241 24 157 187 91 91 73 103 68 46 89 15
internal_value=0.0300179 0.0230311 0.0168966 0.0098032 0.0145779 -0.0447099 0.0174156 0.0221177 -0.0162573 0.0257542 0.0205497 0.0255643 0.0173183 -0.0327078
internal_weight=690.596 501.583 401.668 302.68 278.304 24.3763 267.584 234.797 32.7872 220.936 192.167 175.63 148.457 16.5368
internal_count=1995 1774 1666 1425 1214 211 1057 893 164 802 699 616 570 83
is_linear=0
shrinkage=0.05


Tree=29
num_leaves=15
num_cat=0
split_feature=4 2 4 5 8 5 2 11 2 12 4 1 12 10
split_gain=53.812 22.3421 34.4732 21.7575 21.1202 32.3977 28.0746 28.2589 27.8048 28.12 23.912 28.2281 21.5262 21.2944
threshold=714.50000000000011 29777.835000000003 524.50000000000011 0.65900000000000014 1.0000000180025095e-35 0.63395000000000012 68251.275000000009 1.0000000180025095e-35 52997.000000000007 20.500000000000004 662.50000000000011 6716.0650000000014 295.50000000000006 1838.5950000000003
decision_type=2 2 2 2 2 2 2 2 2 2 2 2 2 2
left_child=1 2 -1 -2 5 6 8 12 9 -3 -7 -12 -8 -11
right_child=3 4 -4 -5 -6 10 7 -9 -10 13 11 -13 -14 -15
leaf_value=0.061501625903894658 -0.056770009775175316 0.091495665450793129 -0.067547968602497052 0.0051604385517763337 0.052227105208793957 0.04274696077833226 -0.0058931538881134291 -0.043097378236607226 0.065000015231355623 0.036361032666967739 -0.07227510375822066 0.023642141953531572 0.089183004577962272 -0.065626694140261954
leaf_weight=8.479921758174898 21.510959098115563 6.1383943967521217 13.278125803917645 41.625741850584745 129.18489347398281 293.79238886013627 19.492275487631563 37.765720512717962 31.300170365720987 7.9450576342642334 9.5160610973834974 39.552910596132278 8.5712133646011335 14.384299788624046
leaf_count=8 289 11 103 219 185 413 86 276 75 20 62 125 11 120
internal_value=0.028034 0.0325163 -0.0172525 -0.0159395 0.0343282 0.0293923 0.00766719 -0.0148577 0.0324764 -0.00328326 0.0373506 0.00504068 0.0231452 -0.0293382
internal_weight=682.538 619.401 21.758 63.1367 597.643 468.458 125.597 65.8292 59.7679 28.4678 342.861 49.069 28.0635 22.3294
internal_count=2003 1495 111 508 1384 1199 599 373 226 151 600 187 97 140
is_linear=0
shrinkage=0.05


Tree=30
num_leaves=15
num_cat=0
split_feature=4 6 3 14 5 12 4 14 4 4 5 11 5 6
split_gain=38.3369 42.5586 41.783 24.1156 18.6828 20.2462 28.0337 17.591 43.5956 17.3794 32.5707 15.3014 21.5021 28.276
threshold=615.50000000000011 88.500000000000014 18.000000000000004 8.5000000000000018 1.0536000000000001 64.500000000000014 532.50000000000011 10.500000000000002 638.50000000000011 642.50000000000011 1.0292500000000002 1.0000000180025095e-35 0.58035000000000003 111.50000000000001
decision_type=2 2 2 2 2 2 2 2 2 2 2 2 2 2
left_child=4 2 3 -2 5 -1 -7 9 -9 10 -3 -11 13 -13
right_child=1 7 -4 -5 -6 6 -8 8 -10 11 -12 12 -14 -15
leaf_value=0.04670143483936598 0.04369505014809686 -0.063303112233189865 -0.049118819735263768 -0.044304805639478057 0.054024778218432136 0.049938410235820768 0.0038340589615067882 0.069740685382905593 -0.069902397450539833 0.054197865502761025 0.050775765898006857 0.061332840297301697 0.036802934541655792 -0.057682920949210396
leaf_weight=106.70908050239086 29.876345386728644 12.961955137550833 45.449314111843705 10.528971336781977 117.34394530951977 48.085728049278259 104.8972986638546 9.1734175384044665 14.304424099624155 69.883084937930107 12.095435246825216 7.3924935124814537 71.413470055907965 15.359485823661087
leaf_count=156 66 107 498 46 92 59 270 14 113 160 13 31 215 174
internal_value=0.0268695 0.0134808 -0.0162304 0.0207637 0.0374671 0.0299854 0.0183256 0.02548 -0.0153401 0.0305479 -0.00823618 0.0364719 0.0233169 -0.0190127
internal_weight=675.474 298.438 85.8546 40.4053 377.036 259.692 152.983 212.584 23.4778 189.106 25.0574 164.049 94.1654 22.752
internal_count=2014 1437 610 112 577 485 329 827 127 700 120 580 420 205
is_linear=0
shrinkage=0.05


Tree=31
num_leaves=15
num_cat=0
split_feature=4 5 14 16 4 4 5 2 9 18 10 10 4 5
split_gain=33.1456 22.7356 34.9608 16.6804 25.2596 21.8436 20.6305 23.4819 16.4876 24.0358 37.941 25.5608 15.623 15.6218
threshold=773.50000000000011 0.97435000000000016 10.500000000000002 1.0000000180025095e-35 544.50000000000011 559.50000000000011 0.82430000000000014 130571.55500000001 1059.0100000000002 1.0000000180025095e-35 3231.6450000000009 11775.430000000002 581.50000000000011 0.65900000000000014
decision_type=2 2 2 2 2 2 2 2 2 2 2 2 2 2
left_child=1 3 -3 6 -5 -6 8 12 9 11 -11 -1 -8 -7
right_child=-2 2 -4 4 5 13 7 -9 -10 10 -12 -13 -14 -15
leaf_value=0.020313428221773691 -0.060480777492243967 0.044502186929631725 -0.018560729254700512 -0.10126735940549028 0.069553678623143295 -0.034054481342018959 0.050034930192942778 -0.091176013232458109 0.017823603046857601 0.063199399193068731 -0.069833148542450693 0.073479440100749513 -0.034048501740810033 0.020050687222771178
leaf_weight=37.11095317080617 11.330008070915936 213.78933984786272 24.495351895689964 6.0479047596454611 11.061281591653822 27.332443952560425 11.566637203097349 7.7650379836559287 182.74343500845134 10.321707934141161 11.148538362234829 57.845112510025501 10.575245968997477 26.062250688672066
leaf_count=130 152 263 66 27 9 212 11 52 709 22 86 99 59 95
internal_value=0.0242897 0.0257954 0.0380194 0.0185058 -0.00356475 0.00560269 0.0232344 -0.0163615 0.0271926 0.0418983 -0.00587845 0.052701 0.00987561 -0.00764544
internal_weight=649.195 637.865 238.285 399.581 70.5039 64.456 329.077 29.9069 299.17 116.426 21.4702 94.9561 22.1419 53.3947
internal_count=1992 1840 329 1511 343 316 1168 122 1046 337 108 229 70 307
is_linear=0
shrinkage=0.05


Tree=32
num_leaves=15
num_cat=0
split_feature=5 4 10 1 7 16 12 9 6 5 7 6 12 12
split_gain=23.7705 23.2646 22.0983 19.6438 18.2301 34.679 32.0754 19.9461 21.1355 35.9447 19.0923 18.208 16.7911 23.9163
threshold=1.6081500000000002 522.50000000000011 38134.17500000001 17368.050000000003 1.5000000000000002 1.0000000180025095e-35 11.500000000000002 2376.1550000000002 261.50000000000006 1.1941500000000003 5.5000000000000009 13.500000000000002 304.50000000000006 390.50000000000006
decision_type=2 2 2 2 2 2 2 2 2 2 2 2 2 2
left_child=1 -1 4 -4 6 7 -3 -6 9 -9 -7 -8 -13 -14
right_child=-2 2 3 -5 5 10 11 8 -10 -11 -12 12 13 -15
leaf_value=0.047143074099436348 0.046342716820949502 -0.079081864210469713 -0.0450743260759787 0.026115021746648027 0.053218558390676352 -0.071372977504916502 -0.045583240255206769 -0.076914019843765724 0.072536497275617021 0.055412818429926042 0.044139176143392578 0.021420838052839161 -0.072240269260890291 0.043647872956060735
leaf_weight=70.357859492301941 103.93027238547802 9.2666502185165864 25.997668799012899 15.4484337978065 100.99247754365206 11.180022370070221 11.721264371648429 12.041795538738375 8.6035244613885862 8.9433509409427625 5.2602997720241538 254.73434568010271 11.545925077050926 7.2460190467536441
leaf_count=79 106 64 199 52 223 92 89 95 11 10 8 863 89 21
internal_value=0.0244024 0.0202815 0.0163685 -0.0185395 0.0196452 0.0340248 0.012467 0.0426412 0.00653841 -0.0205196 -0.0344133 0.0154411 0.0180561 -0.0275548
internal_weight=657.27 553.34 482.982 41.4461 441.536 147.021 294.514 130.581 29.5887 20.9851 16.4403 285.248 273.526 18.7919
internal_count=2001 1895 1816 251 1565 439 1126 339 116 105 100 1062 973 110
is_linear=0
shrinkage=0.05


Tree=33
num_leaves=15
num_cat=0
split_feature=4 5 2 2 2 9 12 6 15 15 1 7 11 6
split_gain=24.7918 27.0922 21.5243 29.4124 30.9401 22.9666 21.0852 16.8962 14.7717 19.4402 42.8563 20.4853 19.5301 22.4551
threshold=615.50000000000011 1.1507500000000002 38870.075000000004 40404.960000000006 52997.000000000007 568.20000000000016 132.50000000000003 270.50000000000006 2.5000000000000004 12.500000000000002 6309.4450000000006 1.5000000000000002 1.0000000180025095e-35 103.50000000000001
decision_type=2 2 2 2 2 2 2 2 2 2 2 2 2 2
left_child=1 6 -2 -4 -5 -6 -1 -8 -7 10 -10 -12 -11 -14
right_child=2 -3 3 4 5 8 7 -9 9 12 11 -13 13 -15
leaf_value=0.032190737906842674 -0.038926859878484245 0.052597529666558597 0.083742795608741039 -0.064153311803822152 -0.042956622145539032 0.041556270498540646 0.0099891091441630178 -0.058100871037570494 0.037602770323126672 0.048724299825378001 -0.068142730095582318 0.0017707410688858304 -0.067447559699433238 0.01941660884970518
leaf_weight=169.12910963967443 20.15966634824872 100.10341882705688 14.565166732296346 13.099911917001007 16.143268132582307 54.232576545327902 76.305121146142483 10.346272505819796 30.49626730568707 48.772562555968761 25.780162928625941 17.6514413934201 8.9127288646996004 45.025651602074504
leaf_count=282 203 78 22 128 125 191 171 41 84 104 231 97 88 170
internal_value=0.0216625 0.0305456 0.0109402 0.0146001 0.0107284 0.0146996 0.0219152 0.00185909 0.0187311 0.0117233 -0.00782831 -0.0397285 0.0257958 0.00506325
internal_weight=650.723 355.884 294.839 274.68 260.115 247.015 255.781 86.6514 230.871 176.639 73.9279 43.4316 102.711 53.9384
internal_count=2015 572 1443 1240 1218 1090 494 212 965 774 412 328 362 258
is_linear=0
shrinkage=0.05


Tree=34
num_leaves=15
num_cat=0
split_feature=4 4 3 6 13 12 2 10 7 13 10 2 15 9
split_gain=23.4911 28.3182 25.5448 34.1482 25.7111 19.5729 17.1788 18.0538 16.5693 16.3772 21.2907 21.7946 20.7852 17.2472
threshold=663.50000000000011 678.50000000000011 42.000000000000007 233.50000000000003 0.49010000000000004 18.500000000000004 87360.215000000011 8564.9750000000022 1.0000000180025095e-35 0.50865000000000016 23226.610000000004 97529.405000000013 29.500000000000004 3694.9400000000005
decision_type=2 2 2 2 2 2 2 2 2 2 2 2 2 2
left_child=2 -2 -1 4 6 -3 7 -4 -6 10 11 12 13 -7
right_child=1 5 3 -5 8 9 -8 -9 -10 -11 -12 -13 -14 -15
leaf_value=0.035291659182189704 -0.049236250312561694 -0.060545629057668061 0.025326425197536348 -0.080548785901841363 -0.07590867834673061 -0.062546888801958675 0.04644979180959416 -0.068299432033387703 0.0036203163842400128 0.037951544545510529 -0.063355269427924285 0.033603423889536292 0.061496135789263877 0.062498471075215417
leaf_weight=368.21467455662787 19.529383884742856 8.225457198917864 16.318696603178982 9.8443691618740541 9.9441761411726493 18.732322590425618 56.101295247673988 7.5224611200392237 19.183941166847944 63.605587569996715 10.184049954637883 49.14075773768127 5.9094668123871079 3.2335660792887202
leaf_count=628 141 85 44 62 62 198 114 57 71 242 110 164 13 14
internal_value=0.0230982 0.00758454 0.0287849 0.00863692 0.0166865 0.0145623 0.0313401 -0.00421479 -0.0235304 0.0186589 0.00458644 0.0135706 -0.0217449 -0.0441391
internal_weight=665.69 178.561 487.13 118.915 109.071 159.031 79.9425 23.8412 29.1281 150.806 87.2002 77.0161 27.8754 21.9659
internal_count=2005 967 1038 410 348 826 215 101 133 741 499 389 225 212
is_linear=0
shrinkage=0.05


Tree=35
num_leaves=15
num_cat=0
split_feature=7 0 1 2 10 4 2 10 15 13 13 3 16 1
split_gain=23.1485 18.2658 43.4288 17.4152 19.0625 14.893 28.5999 17.9612 16.5907 18.5503 34.575 16.3008 14.6063 29.7846
threshold=1.5000000000000002 56.500000000000007 5956.0850000000009 264429.36500000005 23226.610000000004 517.50000000000011 29777.835000000003 15118.375000000002 7.5000000000000009 0.50865000000000016 0.23935000000000003 30.000000000000004 1.0000000180025095e-35 6858.5250000000005
decision_type=2 2 2 2 2 2 2 2 2 2 2 2 2 2
left_child=3 12 -3 5 -5 -1 -7 -8 9 10 -9 -10 -2 -14
right_child=1 2 -4 4 -6 6 7 8 11 -11 -12 -13 13 -15
leaf_value=0.042947682594330489 0.046224127908258056 0.048160556992095621 -0.079621329446939823 -0.10489757352907347 0.0072432751419139636 -0.064950761616366828 0.023332135296689344 0.032060400089382039 -0.003528447857528517 0.042068630061180279 -0.077243812598166539 -0.068495049483972892 0.040415464116693528 -0.075303302191601806
leaf_weight=48.73403200507164 162.51399781741202 16.649629522114996 11.070597641170023 6.18953813612461 9.7735010497271997 11.253175975754855 249.29527973383665 17.621386932209138 29.509592240676284 31.739066060632467 12.274332236498593 14.350912194699047 18.900832790881399 7.8784978650510302
leaf_count=56 342 27 74 39 44 106 728 55 96 73 106 138 40 61
internal_value=0.0217185 0.035035 -0.00287156 0.0150095 -0.0362384 0.0169818 0.0135248 0.0160138 -0.00128004 0.0154467 -0.0128168 -0.0247852 0.0405861 0.00637092
internal_weight=647.754 217.014 27.7202 430.741 15.963 414.778 366.044 354.791 105.495 61.6348 29.8957 43.8605 189.293 26.7793
internal_count=1985 544 101 1441 83 1358 1302 1196 468 234 161 234 443 101
is_linear=0
shrinkage=0.05


Tree=36
num_leaves=15
num_cat=0
split_feature=5 10 2 2 6 6 13 14 17 2 0 0 9 9
split_gain=19.5713 24.0859 14.2327 35.7085 22.0763 19.297 20.6312 26.1475 20.7136 44.9837 17.5912 15.4932 15.1048 17.7646
threshold=1.6081500000000002 62104.080000000009 86542.010000000024 69695.130000000019 38.500000000000007 49.500000000000007 0.56230000000000013 9.5000000000000018 1.0000000180025095e-35 50369.115000000005 23.500000000000004 62.500000000000007 476.52000000000004 1059.0100000000002
decision_type=2 2 2 2 2 2 2 2 2 2 2 2 2 2
left_child=1 2 3 5 -5 10 7 8 9 -7 -1 -12 -4 -14
right_child=-2 -3 12 4 -6 6 -8 -9 -10 -11 11 -13 13 -15
leaf_value=0.03897712590033426 0.041258190116578664 -0.048268881547451854 -0.027002836882825565 0.018709913963158166 -0.06401316982975673 -0.07270766936268043 0.049247819188055375 -0.072122685396056901 0.049473804137013848 0.03162676757126287 -0.071365395731507256 0.041872543992378365 0.050906053203419815 0.021412071986152671
leaf_weight=8.4533487055450696 98.632161170244217 13.755257730372248 13.233057387173174 12.08619763329625 24.241637516766787 15.239556059241293 55.484239503741264 8.6623203810304386 33.346483061090112 32.07409280538559 14.693808985874059 3.8022737726569167 64.455968458205462 245.53590356186032
leaf_count=34 110 99 71 41 169 130 113 74 75 80 143 9 134 724
internal_value=0.0207629 0.0170542 0.0187454 0.00854602 -0.0364914 0.0180718 0.0253018 0.0104273 0.0192926 -0.00197898 -0.0207771 -0.0480869 0.0253115 0.0275447
internal_weight=643.696 545.064 531.309 208.084 36.3278 171.756 144.807 89.3225 80.6601 47.3136 26.9494 18.4961 323.225 309.992
internal_count=2006 1896 1797 868 210 658 472 359 285 210 186 152 929 858
is_linear=0
shrinkage=0.05


Tree=37
num_leaves=15
num_cat=0
split_feature=4 4 9 5 9 7 2 9 8 9 10 14 13 5
split_gain=28.3791 20.5301 22.5769 18.2198 18.0553 16.3072 16.0633 14.5112 12.3353 25.2261 18.3925 11.9351 11.9143 25.9121
threshold=761.50000000000011 592.50000000000011 4491.6550000000016 1.0536000000000001 6504.6350000000011 1.0000000180025095e-35 317327.94500000007 1072.1050000000002 1.0000000180025095e-35 3620.3450000000007 41722.150000000001 1.5000000000000002 0.6230500000000001 0.36600000000000005
decision_type=2 2 2 2 2 2 2 2 2 2 2 2 2 2
left_child=1 3 6 5 -4 7 8 -1 9 10 12 -9 -3 -14
right_child=-2 2 4 -5 -6 -7 -8 11 -10 -11 -12 -13 13 -15
leaf_value=0.033824244184580542 -0.039943950931884568 0.020944138837524648 -0.07498078060485068 0.051327766193740743 0.019726183753896381 0.035204657828907186 0.074979593489450103 0.026742023189358251 0.033250540812428724 -0.069115475110569702 -0.061520133872596861 -0.032479393877409356 0.047707176924821737 -0.042752670285601535
leaf_weight=25.01164822280407 18.672713283449411 193.7998807746917 12.189302802085878 90.303197950124741 8.571108613163231 114.09635000675917 11.869602296501396 12.176986955106257 76.772316630929708 9.6105515044182521 7.8927216045558444 28.233212597668171 12.22449531778693 22.463638192042708
leaf_count=41 227 715 104 71 38 174 23 20 176 87 93 85 41 134
internal_value=0.0207961 0.0226102 0.0147155 0.0330086 -0.0358802 0.0237935 0.0178544 0.00389227 0.0157537 0.010293 0.0135215 -0.0146339 0.0161137 -0.0108736
internal_weight=643.888 625.215 355.394 269.821 20.7604 179.518 334.633 65.4218 322.764 245.991 236.381 40.4102 228.488 34.6881
internal_count=2029 1802 1411 391 142 320 1269 146 1246 1070 983 105 890 175
is_linear=0
shrinkage=0.05


Tree=38
num_leaves=15
num_cat=0
split_feature=4 5 4 10 6 12 0 12 10 4 0 3 14 15
split_gain=20.4699 22.7911 20.3794 19.5962 25.167 31.5449 22.8532 23.7116 21.7037 16.5398 18.6905 26.551 16.4852 18.7729
threshold=761.50000000000011 1.1802500000000002 532.50000000000011 14858.505000000003 117.50000000000001 28.500000000000004 40.500000000000007 332.50000000000006 11249.505000000003 756.50000000000011 22.500000000000004 18.000000000000004 1.0000000180025095e-35 29.500000000000004
decision_type=2 2 2 2 2 2 2 2 2 2 2 2 2 2
left_child=1 2 -1 8 5 -5 -6 -8 9 10 -4 -12 -13 -14
right_child=-2 -3 3 4 6 -7 7 -9 -10 -11 11 12 13 -15
leaf_value=0.037834223922534792 -0.036403537928653661 0.035698288254399163 0.059675301624395639 0.014638492106887283 0.056056401787033729 -0.064728589090280314 -0.03872483458424783 0.052537331144317467 0.044614477988037887 0.075582231398949928 -0.064952098427131552 0.044887413327802154 -0.005954755621872164 0.052383932126402181
leaf_weight=74.994126245379448 16.455511251464486 169.26626498997211 14.992028415203093 20.642605885863304 20.907841559499502 31.815142033621669 23.099932186305523 10.286895692348478 54.750469040125608 8.9495879840105754 13.84459378570318 24.604604706168175 124.46179298684001 15.507997350767253
leaf_count=97 212 213 26 79 58 271 158 24 123 16 73 45 551 27
internal_value=0.0186233 0.0201123 0.0141009 0.00920931 -0.00879839 -0.0334969 0.0150645 -0.0106058 0.0166861 0.00912982 0.00605491 0.00154934 0.00714368 0.000508898
internal_weight=624.579 608.124 438.858 363.863 106.752 52.4577 54.2947 33.3868 257.111 202.361 193.411 178.419 164.574 139.97
internal_count=1973 1761 1548 1451 590 350 240 182 861 738 722 696 623 578
is_linear=0
shrinkage=0.05


Tree=39
num_leaves=15
num_cat=0
split_feature=4 5 4 2 0 5 2 2 0 1 1 13 9 15
split_gain=25.7391 24.1198 21.1611 19.0619 18.2007 33.3733 26.6528 23.0066 23.9346 20.5434 14.7469 25.7896 17.8451 25.6934
threshold=773.50000000000011 1.1645500000000004 517.50000000000011 24354.130000000005 40.500000000000007 0.99055000000000015 202517.55000000002 189679.17000000001 60.500000000000007 11565.155000000001 4918.8900000000012 0.70510000000000017 2418.3450000000007 15.500000000000002
decision_type=2 2 2 2 2 2 2 2 2 2 2 2 2 2
left_child=1 2 -1 -4 10 6 7 8 9 -6 11 -5 -12 -14
right_child=-2 -3 3 4 5 -7 -8 -9 -10 -11 12 -13 13 -15
leaf_value=0.040861882996986329 -0.059622791053413587 0.034402277115013397 -0.064899954025161688 -0.076072197862340402 -0.0015536106281829561 -0.093983788659290954 -0.074119830478096227 0.072413920284731773 0.038582853255366666 -0.076330404730047929 0.035857962892523979 0.059065589612821136 -0.015064325355468892 0.06974080383059364
leaf_weight=57.031826540827751 10.676281813532112 174.71182658523321 8.711096325889228 9.62063987739384 105.56975563615561 9.2227333188056928 10.376650145277379 12.970817781984804 36.088984094560146 10.060270255431531 118.76830276101828 5.5770371779799452 45.209171317517757 11.130187723785637
leaf_count=66 160 222 82 73 463 46 79 15 96 90 331 9 255 15
internal_value=0.0173469 0.018683 0.012446 0.00821807 0.00991841 -0.00128134 0.00360234 0.0084994 0.0030352 -0.00805949 0.0207641 -0.0264812 0.0248645 0.00168945
internal_weight=625.726 615.049 440.337 383.306 374.595 184.289 175.066 164.69 151.719 115.63 190.305 15.1977 175.108 56.3394
internal_count=2002 1842 1620 1554 1472 789 743 664 649 553 683 82 601 270
is_linear=0
shrinkage=0.05


Tree=40
num_leaves=15
num_cat=0
split_feature=4 9 2 0 1 0 9 2 9 16 0 10 10 14
split_gain=32.152 18.7533 16.558 15.7824 19.4996 16.8294 25.8862 22.5716 23.0285 16.7299 15.7804 15.1065 23.8917 14.7511
threshold=592.50000000000011 4491.6550000000016 317327.94500000007 23.500000000000004 12080.265000000001 39.500000000000007 2013.5650000000003 76328.47500000002 1035.1100000000004 1.0000000180025095e-35 22.500000000000004 10546.760000000002 6591.6650000000009 7.5000000000000009
decision_type=2 2 2 2 2 2 2 2 2 2 2 2 2 2
left_child=-1 2 3 -2 5 6 7 -5 -9 11 -3 12 -7 -11
right_child=1 10 -4 4 -6 9 -8 8 -10 13 -12 -13 -14 -15
leaf_value=0.029624760908473727 0.047943555817316463 0.045585719502329508 0.066806944602885637 -0.041089784846165822 -0.039003757018958529 0.016384592944378485 -0.058060404328481641 -0.034910279953182785 0.049159802569773807 -0.053835803445179443 -0.069644237114876315 0.036083952411671484 -0.069143238733850573 0.018088841805655839
leaf_weight=274.31502645462751 22.098252914845943 3.8161613959819105 12.089056905359028 17.801415497437119 24.060064092278481 63.60018746368587 21.576960684731603 11.187654716894029 29.956794306635857 14.816717611625792 13.418311703950165 89.138379845768213 9.3680069018155319 13.738697683438657
leaf_count=403 80 14 26 149 181 221 162 69 59 99 137 268 70 52
internal_value=0.0168349 0.00671437 0.00937429 0.00718642 0.00413586 0.00796329 -0.0112033 0.00594867 0.0263002 0.016058 -0.0441293 0.0222742 0.00540412 -0.0192311
internal_weight=620.982 346.667 329.432 317.343 295.245 271.185 80.5228 58.9459 41.1444 190.662 17.2345 162.107 72.9682 28.5554
internal_count=1990 1587 1436 1410 1330 1149 439 277 128 710 151 559 291 151
is_linear=0
shrinkage=0.05


Tree=41
num_leaves=15
num_cat=0
split_feature=2 14 2 20 0 8 7 12 9 15 12 19 1 17
split_gain=10.4381 14.1158 18.6478 15.9019 10.551 10.4886 12.9205 15.2149 14.0379 20.782 12.8997 22.7475 21.991 11.5469
threshold=90779.160000000018 1.0000000180025095e-35 77531.920000000013 1.0000000180025095e-35 22.500000000000004 1.5000000000000002 1.5000000000000002 247.50000000000003 1402.0700000000002 4.5000000000000009 229.50000000000003 1.0000000180025095e-35 4268.130000000001 1.0000000180025095e-35
decision_type=2 2 2 2 2 2 2 2 2 2 2 2 2 2
left_child=1 -1 5 -4 -2 6 7 10 -8 -10 11 12 -3 -9
right_child=4 2 3 -5 -6 -7 8 13 9 -11 -12 -13 -14 -15
leaf_value=0.041287900326355147 0.054148573744110078 -0.056580616400406618 0.0023737769895480101 -0.073934679192336344 0.020967341618721509 0.052026600093214942 0.041132969124949958 -0.078076167951931397 0.043303135306243509 -0.069848798846109422 0.053418161245663114 -0.058428351930657575 0.02150710998847365 0.017936857948333957
leaf_weight=31.427284793928266 25.610254477709532 10.605248359963296 14.695095569826663 12.751475578173995 371.30998117290437 14.417568549513815 43.696829726919532 10.467978097498415 8.1089014150202292 8.1227707713842374 11.985086603090165 14.761789187788962 60.170020803809166 4.4680661167949429
leaf_count=78 51 67 54 102 1006 22 110 80 15 73 21 103 237 19
internal_value=0.0180948 0.00999485 0.00540464 -0.0330786 0.0231083 0.0110589 0.00763252 -0.00236008 0.026384 -0.0133212 0.00483732 -0.00196962 0.00980613 -0.0493542
internal_weight=642.598 245.678 214.251 27.4466 396.92 186.804 172.387 112.458 59.9285 16.2317 97.5221 85.5371 70.7753 14.936
internal_count=2038 981 903 156 1057 747 725 527 198 88 428 407 304 99
is_linear=0
shrinkage=0.05


Tree=42
num_leaves=15
num_cat=0
split_feature=5 9 9 14 4 9 9 8 1 6 1 4 14 12
split_gain=28.5515 17.0997 27.1273 18.132 17.4205 15.2408 25.2185 16.9924 21.4135 18.7506 28.3423 16.3984 15.6782 16.1504
threshold=1.6081500000000002 476.52000000000004 181.25500000000002 11.500000000000002 560.50000000000011 1072.1050000000002 1134.9750000000001 1.0000000180025095e-35 8813.4000000000033 229.50000000000003 11423.685000000001 588.50000000000011 7.5000000000000009 310.50000000000006
decision_type=2 2 2 2 2 2 2 2 2 2 2 2 2 2
left_child=1 2 -1 5 -5 12 -7 8 -8 10 -10 -12 13 -3
right_child=-2 3 -4 4 -6 6 7 -9 9 -11 11 -13 -14 -15
leaf_value=0.025670778025515102 0.041338685195615753 0.00059948360808601377 -0.061262650762441286 0.034420961604647367 -0.057412923879746558 -0.086961535550569777 0.017900392331336015 0.03278716291530695 -0.081178543489699037 0.023260310992716207 0.01685795630893935 -0.038152852219980042 0.048624722739132931 0.06613936701833896
leaf_weight=16.34718563221395 91.774862065911293 49.879345702007413 19.895062668249011 7.5091522336006191 16.536144465208054 6.5441354531794778 147.14957617036998 76.376805206760764 17.349009286612272 27.1550273001194 30.170483216643333 24.587124644778669 61.730792736634612 11.582326831296085
leaf_count=59 98 184 146 10 114 43 501 169 156 86 55 224 122 20
internal_value=0.0156541 0.0110575 -0.022051 0.0135754 -0.0287339 0.0158235 0.0102114 0.0121814 0.00579457 -0.0121516 -0.0254876 -0.00784286 0.0308265 0.0129503
internal_weight=604.587 512.812 36.2422 476.57 24.0453 452.525 329.332 322.788 246.411 99.2616 72.1066 54.7576 123.192 61.4617
internal_count=1987 1889 205 1684 124 1560 1234 1191 1022 521 435 279 326 204
is_linear=0
shrinkage=0.05


Tree=43
num_leaves=15
num_cat=0
split_feature=4 1 11 13 12 13 10 9 1 5 19 12 12 9
split_gain=21.4199 17.7142 13.3762 25.3829 23.063 17.9653 20.6165 16.8991 16.7196 14.9607 14.2134 13.616 13.1819 18.5206
threshold=615.50000000000011 3466.9150000000004 1.0000000180025095e-35 0.43820000000000009 61.500000000000007 0.69045000000000012 2141.3600000000006 932.7650000000001 11091.340000000002 0.36170000000000008 1.0000000180025095e-35 23.500000000000004 84.500000000000014 2153.3050000000007
decision_type=2 2 2 2 2 2 2 2 2 2 2 2 2 2
left_child=-1 -2 7 4 10 6 -5 -3 -8 -7 -4 -10 13 -9
right_child=1 2 3 5 -6 9 8 12 11 -11 -12 -13 -14 -15
leaf_value=0.025526522980300982 0.049299422211292937 -0.034894571927497252 0.019522838338878284 -0.07005627993148765 -0.050789466087854798 0.04290497798566506 0.040624880804605037 -0.06977222850460367 0.054483774832258441 -0.068919660981756711 -0.066005413774713098 -0.064724084359936207 0.038965445176722312 0.024961666144094771
leaf_weight=336.97559404931962 22.689443297684193 13.016743695363401 27.704605115577579 5.5592208094894877 42.911818652413785 4.1542607583105555 58.585930116474628 7.5508152097463634 3.5239706337451917 10.68145422823727 5.8903529308736315 7.4797182343900204 59.436380196362734 16.288785917684436
leaf_count=571 58 91 130 47 389 20 174 60 10 88 55 82 156 69
internal_value=0.0169894 0.00691217 0.00325234 -0.00532668 -0.0264995 0.0126749 0.0226014 0.0180856 0.0300034 -0.0376068 0.00452679 -0.0265473 0.0263668 -0.00504379
internal_weight=622.449 285.473 262.784 166.491 76.5068 89.9846 75.1488 96.2927 69.5896 14.8357 33.595 11.0037 83.276 23.8396
internal_count=2000 1429 1371 995 574 421 313 376 266 108 185 92 285 129
is_linear=0
shrinkage=0.05


Tree=44
num_leaves=15
num_cat=0
split_feature=5 10 18 13 2 2 6 10 5 1 15 13 1 14
split_gain=17.5711 21.3609 19.8318 14.5634 11.7236 26.5285 22.8264 14.664 19.0239 13.5633 14.7546 22.1924 21.9402 22.4052
threshold=1.6081500000000002 38134.17500000001 1.0000000180025095e-35 0.48410000000000003 86542.010000000024 80742.720000000016 17.500000000000004 1613.3750000000002 0.97725000000000006 3891.2700000000004 27.500000000000004 0.16410000000000005 4862.4100000000008 1.0000000180025095e-35
decision_type=2 2 2 2 2 2 2 2 2 2 2 2 2 2
left_child=1 4 3 -3 5 6 -1 8 -6 -8 11 -11 13 -13
right_child=-2 2 -4 -5 7 -7 9 -9 -10 10 -12 12 -14 -15
leaf_value=-0.07442528171697875 0.034769803693196079 0.013289590498365839 -0.082514041041995279 -0.066631143907381271 -0.080603093536116888 -0.079344000207213383 0.036669239475488273 0.022881880127994143 0.024304813219047927 -0.077653549801957336 0.041507684535594197 0.038233443521938672 0.014176534775662024 -0.077482991004932972
leaf_weight=8.0132532045245153 86.450225055217743 26.311644895002246 10.583643179386852 7.2764970790594807 8.0843902062624711 9.0679789222776872 42.175835395231843 267.98768724873662 9.2839820235967618 9.1109145972877723 22.475513949990273 5.9196115806698826 89.503423744812608 14.259912585839627
leaf_count=84 104 117 92 63 62 62 103 758 16 68 56 9 361 101
internal_value=0.0138682 0.0104593 -0.0228306 -0.00402435 0.0134857 0.00422071 0.00817856 0.0199964 -0.0245263 0.0117869 0.00435824 -0.00267034 0.00355821 -0.0435379
internal_weight=616.505 530.054 44.1718 33.5881 485.883 200.526 191.458 285.356 17.3684 183.445 141.269 118.794 109.683 20.1795
internal_count=2056 1952 272 180 1680 844 782 836 78 698 595 539 471 110
is_linear=0
shrinkage=0.05


Tree=45
num_leaves=15
num_cat=0
split_feature=9 4 9 9 4 9 0 1 9 4 13 0 15 13
split_gain=18.7788 32.0524 19.128 21.5239 25.6142 12.9781 16.2502 23.1861 11.4859 11.6224 16.9097 25.1608 8.66321 15.7888
threshold=2219.8250000000003 714.50000000000011 6504.6350000000011 4182.4450000000006 557.50000000000011 2788.1900000000001 28.500000000000004 7133.8600000000015 2864.5450000000005 548.50000000000011 0.52115000000000011 54.500000000000007 21.500000000000004 0.42805000000000004
decision_type=2 2 2 2 2 2 2 2 2 2 2 2 2 2
left_child=12 2 3 5 -5 6 -2 -8 -7 -10 11 -11 -1 -14
right_child=1 -3 -4 4 -6 8 7 -9 9 10 -12 -13 13 -15
leaf_value=0.02678594260106934 0.02949640916785759 -0.063746387553762288 0.0486642386849453 0.013546347568461365 -0.080821110461519116 0.062612970097595019 0.0098420584295234991 -0.090952993536305898 0.044993131832092415 -0.075761627912882906 0.029541790885718996 0.02551912372609863 0.023406467840379277 -0.031095778969934124
leaf_weight=347.37502107396722 14.519490350037811 15.62890012282878 28.279948178678751 13.959543600678446 14.829952657222746 15.324438681825994 11.986564654856922 10.887979861348866 22.487999334931374 13.001781960949303 26.547134414315224 11.605880131945012 42.873361306264997 19.256221558898687
leaf_count=986 31 193 45 22 120 17 31 73 22 104 70 35 114 88
internal_value=0.0175867 0.00498903 0.0108455 0.00395214 -0.0350639 0.0128414 -0.0118749 -0.038135 0.0232299 0.0150346 0.00186465 -0.0279939 0.0237103 0.00651424
internal_weight=608.564 199.06 183.431 155.151 28.7895 126.361 37.394 22.8745 88.9672 73.6428 51.1548 24.6077 409.505 62.1296
internal_count=1951 763 570 525 142 383 135 104 248 231 209 139 1188 202
is_linear=0
shrinkage=0.05


Tree=46
num_leaves=15
num_cat=0
split_feature=5 4 9 12 9 13 2 10 2 12 12 4 4 14
split_gain=27.3442 18.747 16.6511 27.071 12.4281 14.2231 48.2697 16.4177 24.4217 18.2561 15.7282 15.3075 24.3988 22.6302
threshold=0.22685000000000002 532.50000000000011 494.10000000000008 229.50000000000003 593.97000000000014 0.60805000000000009 52625.820000000007 25062.030000000002 230388.81000000003 176.50000000000003 7.5000000000000009 636.50000000000011 749.50000000000011 5.5000000000000009
decision_type=2 2 2 2 2 2 2 2 2 2 2 2 2 2
left_child=-1 -2 3 -3 -4 6 10 -8 9 -9 -6 -7 13 -13
right_child=1 2 4 -5 5 11 7 8 -10 -11 -12 12 -14 -15
leaf_value=-0.07081255926461863 0.035935783893867521 -0.06276584397351781 0.046621738444385219 0.029839245554553487 0.052719722354329562 0.039780280952156952 0.017250026421174569 -0.07813995176019578 0.027607520080245269 -0.0024905168832532118 -0.068964434051237075 0.012015712563190976 0.055536826781022508 -0.072496328391497902
leaf_weight=9.5921499505639058 85.46570360660553 18.874980229884386 25.957669720053673 13.562262566760181 2.9609683528542545 74.143056850880384 235.5379103589803 16.339581092819575 21.620225302875042 15.578920280560849 25.743561818264425 20.789456954225898 15.569617783650754 12.797193810343741
leaf_count=79 106 147 46 40 7 108 720 156 66 73 252 85 38 99
internal_value=0.0129235 0.0142966 0.0105939 -0.0240469 0.0129998 0.0110212 0.00542843 0.0115691 -0.0134238 -0.0412166 -0.0564123 0.0254354 0.00379886 -0.0201851
internal_weight=594.533 584.941 499.475 32.4372 467.038 441.08 317.781 289.077 53.5387 31.9185 28.7045 123.299 49.1563 33.5867
internal_count=2022 1943 1837 187 1650 1604 1274 1015 295 229 259 330 222 184
is_linear=0
shrinkage=0.05


Tree=47
num_leaves=15
num_cat=0
split_feature=5 8 9 2 2 4 6 6 10 6 6 5 10 10
split_gain=14.4162 15.4645 23.3267 20.8911 16.0086 14.729 13.5635 28.9013 25.5359 19.2395 21.2369 29.3501 19.2776 18.3529
threshold=1.6081500000000002 1.0000000180025095e-35 3663.1000000000008 182176.68500000003 210846.25000000003 761.50000000000011 210.50000000000003 187.50000000000003 1379.8300000000002 67.500000000000014 103.50000000000001 0.24695000000000003 32124.570000000003 13504.140000000001
decision_type=2 2 2 2 2 2 2 2 2 2 2 2 2 2
left_child=1 2 5 -4 -5 6 7 8 -1 13 11 -11 -13 -10
right_child=-2 -3 3 4 -6 -7 -8 -9 9 10 -12 12 -14 -15
leaf_value=-0.056370622124932573 0.033728749596223163 0.029024174239332047 -0.07619445598751029 0.038088799626665365 -0.040549786030289796 -0.055549067096487485 0.029060207859897935 -0.084914582784366449 0.038435654798485375 0.067715848944681606 0.014185841757343455 -0.079676280170849906 0.016921589940282592 -0.0023368583708676437
leaf_weight=13.437268951907752 99.293538361787796 116.57132523134351 14.336924507282673 13.033415004611017 12.854904429987071 7.8243862045928827 103.70541311427951 8.1661120038479549 96.751708125695586 5.8092638701200476 67.170157786458731 20.945224624127153 6.855286030098795 38.615741267800331
leaf_count=83 120 264 154 28 88 146 272 58 217 11 237 151 23 178
internal_value=0.0162548 0.0129567 0.00838286 -0.0277744 -0.000959371 0.0123214 0.0137906 0.00764691 0.0106754 0.0144905 -0.00204992 -0.0344976 -0.0558564 0.0268046
internal_weight=625.371 526.077 409.506 40.2252 25.8883 369.281 361.456 257.751 249.585 236.147 100.78 33.6098 27.8005 135.367
internal_count=2030 1910 1646 270 116 1376 1230 958 900 817 422 185 174 395
is_linear=0
shrinkage=0.05


Tree=48
num_leaves=15
num_cat=0
split_feature=7 4 10 6 5 13 0 1 12 6 16 12 13 12
split_gain=19.3088 23.7433 22.5003 20.97 19.267 25.679 16.39 34.8306 14.6155 14.4989 14.3324 14.2286 12.9464 26.0703
threshold=1.5000000000000002 590.50000000000011 4179.4500000000007 18.500000000000004 0.65900000000000014 0.49010000000000004 56.500000000000007 5921.2400000000007 18.500000000000004 22.500000000000004 1.0000000180025095e-35 20.500000000000004 0.52420000000000011 202.50000000000003
decision_type=2 2 2 2 2 2 2 2 2 2 2 2 2 2
left_child=1 2 -1 -3 5 -4 10 -8 -5 -10 -2 -11 -13 -14
right_child=6 3 4 8 -6 -7 7 -9 9 11 -12 12 13 -15
leaf_value=-0.034867161655791873 0.035703450284049525 -0.070089374639702259 0.02219339703325092 -0.065333326891249113 0.039566741997971604 -0.056193573612969797 0.039929383997028646 -0.085514136941962499 0.056384750674693368 0.057747596990256812 -0.0048727654649782758 0.0026185213658246366 -0.061700729055757998 0.014162226727432696
leaf_weight=16.939576700329781 150.78499281592667 11.774270633235572 41.617383740842342 8.605489280074833 95.18733012676239 13.950022518634794 12.516810283064844 9.918393060564993 11.240491511300204 9.452966030687092 25.433667290024459 135.07591473776847 25.58226933144033 20.319887666031718
leaf_count=45 365 136 84 84 98 57 25 69 27 17 110 656 178 79
internal_value=0.0120357 0.00556922 0.0197702 -0.00515543 0.0259095 0.00251459 0.0247226 -0.015528 -0.00151951 0.00120348 0.0298471 -0.00205368 -0.00517726 -0.0281178
internal_weight=588.399 389.746 167.694 222.051 150.755 55.5674 198.654 22.4352 210.277 201.672 176.219 190.431 180.978 45.9022
internal_count=2030 1461 284 1177 239 141 569 94 1041 957 475 930 913 257
is_linear=0
shrinkage=0.05


Tree=49
num_leaves=15
num_cat=0
split_feature=5 4 7 0 13 12 5 5 13 1 2 2 4 2
split_gain=15.4728 16.4785 13.677 19.418 25.9021 18.1896 13.543 13.3343 21.3101 27.0492 13.5449 30.0845 11.024 12.6933
threshold=1.6081500000000002 761.50000000000011 1.5000000000000002 56.500000000000007 0.72715000000000007 11.500000000000002 0.46325000000000005 0.58035000000000003 0.43950000000000006 6123.4450000000006 65595.515000000014 142751.61500000002 580.50000000000011 98610.390000000014
decision_type=2 2 2 2 2 2 2 2 2 2 2 2 2 2
left_child=1 2 5 -4 -5 6 -1 8 9 -7 -11 -12 -9 -14
right_child=-2 -3 3 4 -6 7 -8 12 -10 10 11 -13 13 -15
leaf_value=0.01710407048446241 0.032872268256462917 -0.055088237554329955 0.02920880208073684 -0.081054745454238367 0.052787456801827164 -0.06808809769098427 -0.087645642674319041 0.028517610719467981 -0.041371133665566565 0.045648601112654751 -0.067942628214608086 0.03749068329756703 -0.015738420483770634 0.016981412388599643
leaf_weight=4.7448952887207261 88.428964301943779 9.485412333160637 143.75320380739868 9.4772617816925031 5.8437702953815451 9.8283845912665111 8.8241802696138603 89.030360728502274 31.176281189545989 29.128688426688313 10.944615636952223 17.720952155068517 45.179329674690962 86.183320155367255
leaf_count=23 109 189 376 69 9 85 59 113 233 86 96 57 214 275
internal_value=0.013589 0.0101876 0.0114464 0.0235058 -0.0300045 0.00568158 -0.0510163 0.00809184 -0.00717159 0.00859553 0.0216362 -0.00276413 0.0149342 0.00572814
internal_weight=589.75 501.321 491.835 159.074 15.321 332.761 13.5691 319.192 98.7989 67.6226 57.7943 28.6656 220.393 131.363
internal_count=1993 1884 1695 454 78 1241 82 1159 557 324 239 153 602 489
is_linear=0
shrinkage=0.05


Tree=50
num_leaves=15
num_cat=0
split_feature=4 5 10 9 9 13 2 13 13 2 2 12 15 9
split_gain=17.0989 17.2791 19.5772 22.1471 21.077 16.0846 18.9569 19.9815 18.5147 14.5954 37.0091 14.111 17.7232 28.115
threshold=524.50000000000011 1.6081500000000002 38134.17500000001 7313.0850000000009 652.68500000000006 0.74495000000000011 36815.560000000005 0.68485000000000007 0.60805000000000009 40404.960000000006 52625.820000000007 65.500000000000014 23.500000000000004 1072.1050000000002
decision_type=2 2 2 2 2 2 2 2 2 2 2 2 2 2
left_child=-1 2 5 4 -4 6 8 9 -2 -8 -11 -12 13 -13
right_child=1 -3 3 -5 -6 -7 7 -9 -10 10 11 12 -14 -15
leaf_value=0.036716708879645218 -0.066033782164196017 0.031346603817821173 0.035114598227885103 0.03874417272647486 -0.072413426104010886 0.038586255111989154 0.056376091173260506 -0.055244480489954673 0.025368887482358961 -0.071195583136855548 0.026561724933226852 0.02401073087629018 0.032233132999686616 -0.023865224374285631
leaf_weight=74.274287909269333 16.526491950266067 87.769137144088745 5.7478150650858906 9.3757953550666553 22.002120465040207 44.543993936851621 17.650745598599315 11.379042768850921 8.3344199098646623 13.539408015087245 119.42958833836019 50.477461457252502 42.307546531781554 78.127360039390624
leaf_count=91 177 110 22 20 215 94 37 81 26 126 351 153 105 393
internal_value=0.0142565 0.0110923 0.00704688 -0.027694 -0.0501413 0.0102528 0.00672514 0.00987032 -0.0353918 0.0121747 0.00960733 0.0133754 0.00416107 -0.00507389
internal_weight=601.485 527.211 439.442 37.1257 27.7499 402.316 357.772 332.911 24.8609 321.532 303.881 290.342 170.912 128.605
internal_count=2001 1910 1800 257 237 1543 1449 1246 203 1165 1128 1002 651 546
is_linear=0
shrinkage=0.05


Tree=51
num_leaves=15
num_cat=0
split_feature=4 9 15 2 14 9 12 13 9 9 13 3 1 1
split_gain=14.1384 16.7008 18.3803 10.9691 23.3462 11.2984 10.543 20.1195 16.5331 21.7482 17.4974 18.3417 16.4675 18.7969
threshold=590.50000000000011 4326.505000000001 32.500000000000007 53729.360000000008 3.5000000000000004 1586.8650000000002 65.500000000000014 0.58130000000000004 1072.1050000000002 642.86500000000012 0.23025000000000004 54.000000000000007 8993.385000000002 8765.4550000000017
decision_type=2 2 2 2 2 2 2 2 2 2 2 2 2 2
left_child=3 6 -3 4 -1 -6 8 12 9 10 -2 -12 13 -8
right_child=1 2 -4 -5 5 -7 7 -9 -10 -11 11 -13 -14 -15
leaf_value=0.034459485743811649 0.072909339287012029 -0.069472749114832352 0.042048184403568223 0.026604895899632105 -0.087124055344092552 -0.003753708180323874 -0.0052455236875175119 0.023722431724838247 0.031727151469790625 -0.069613884664882664 -0.070303061928625815 0.048079508038185705 -0.038463863866265074 0.07306786054947037
leaf_weight=18.688678182661533 8.7848378457129019 13.710539512336256 5.0576235577464095 205.90734066814184 8.5347044169902819 7.7575561143457881 92.941616857424378 71.38659368827939 90.055982242338359 10.373417921364306 7.4143883492797595 5.8562637846916914 35.258222977630794 8.3506518397480232
leaf_count=29 15 163 9 302 40 22 453 222 319 80 66 12 256 16
internal_value=0.0128888 0.00646061 -0.0394202 0.0222072 -0.00367902 -0.0474273 0.00906667 0.00221188 0.0207037 -0.0099086 0.0181727 -0.0180615 -0.00903351 0.00121072
internal_weight=590.078 349.19 18.7682 240.888 34.9809 16.2923 330.422 207.937 122.485 32.4289 22.0555 13.2707 136.55 101.292
internal_count=2004 1611 172 393 91 62 1439 947 492 173 93 78 725 469
is_linear=0
shrinkage=0.05


Tree=52
num_leaves=15
num_cat=0
split_feature=4 9 7 6 6 9 8 11 2 8 6 12 5 5
split_gain=24.2958 25.5103 16.9422 38.2738 23.3822 24.3584 21.4501 19.9092 19.7719 12.8984 17.0925 20.5601 19.0722 31.2164
threshold=585.50000000000011 4326.505000000001 1.0000000180025095e-35 44.500000000000007 161.50000000000003 2036.9200000000003 1.0000000180025095e-35 1.0000000180025095e-35 241686.32000000004 1.0000000180025095e-35 18.500000000000004 287.50000000000006 1.2078500000000003 0.53055000000000008
decision_type=2 2 2 2 2 2 2 2 2 2 2 2 2 2
left_child=-1 2 3 -2 5 -5 -7 -6 9 10 -4 12 13 -12
right_child=1 -3 8 4 7 6 -8 -9 -10 -11 11 -13 -14 -15
leaf_value=0.021897360268805746 -0.07579315409643142 -0.058604651158538336 0.044807808065393799 0.032686062799456066 0.0079655148608337219 -0.075959997924384182 0.03928356039947184 -0.073368587852864001 0.064146517661559529 0.030799156735577128 0.0015523636963205867 0.03028177655266804 0.017033034261020343 -0.071382555140953194
leaf_weight=220.28711166605353 19.11046252027154 17.317294711247087 18.175202494487166 55.699008233845234 13.99798868596554 11.307792472653093 6.2802117504179469 16.268215565942228 17.211151817813516 45.680785678327084 29.010558419395238 27.145240306854248 24.7102435156703 29.679954277351499
leaf_count=359 184 164 74 186 47 108 13 145 35 106 184 96 44 245
internal_value=0.00902608 0.000475328 0.00373076 -0.0107788 0.00121943 0.0164879 -0.0348096 -0.0357519 0.0130192 0.00797365 -0.000126696 -0.00751451 -0.0198164 -0.035331
internal_weight=551.881 331.594 314.277 122.664 103.553 73.287 17.588 30.2662 191.613 174.402 128.721 110.546 83.4008 58.6905
internal_count=1990 1631 1467 683 499 307 121 192 784 749 643 569 473 429
is_linear=0
shrinkage=0.05


Tree=53
num_leaves=15
num_cat=0
split_feature=4 5 11 15 6 15 13 9 10 18 6 10 9 5
split_gain=13.4885 23.617 17.5298 28.3449 21.3816 18.9413 17.1005 16.8045 23.805 16.605 14.6315 12.1149 9.26289 8.84847
threshold=663.50000000000011 0.97435000000000016 1.0000000180025095e-35 2.5000000000000004 14.500000000000002 15.500000000000002 0.24135000000000004 3663.1000000000008 12288.445000000002 1.0000000180025095e-35 297.50000000000006 11249.505000000003 2153.3050000000007 0.23280000000000003
decision_type=2 2 2 2 2 2 2 2 2 2 2 2 2 2
left_child=1 7 5 6 -5 11 -4 13 -9 -8 -6 12 -2 -1
right_child=2 -3 3 4 10 -7 9 8 -10 -11 -12 -13 -14 -15
leaf_value=-0.03798024334297511 -0.029515647220949532 0.031994686616535824 0.062828951100936323 0.044075878887418721 -0.058808383789229271 0.04261207253845857 -0.065685717651409722 0.014354372297818982 -0.083794926070025352 0.037765543397117469 0.0014319974947505322 -0.065069756505099621 0.043517242752870305 0.013264286742899306
leaf_weight=8.746014937758444 8.0925086308270746 153.22738931328058 15.127897165715696 7.7755672894418231 42.296421629376709 36.885557333007455 7.4535475764423582 13.114174317568542 11.679991254582999 8.0879209395498037 13.233548453077672 7.8653069837018839 9.3668984305113536 228.72717383503914
leaf_count=41 58 196 36 45 450 81 85 37 96 31 59 89 35 653
internal_value=0.0116902 0.016399 -0.000836529 -0.0144655 -0.0335787 0.0197514 0.0249866 0.00728741 -0.0318816 -0.0118487 -0.0444523 -0.0135452 0.00966619 0.011377
internal_weight=571.68 415.495 156.185 93.9749 63.3055 62.2103 30.6694 262.267 24.7942 15.5415 55.53 25.3247 17.4594 237.473
internal_count=1992 1023 969 706 554 263 152 827 133 116 509 182 93 694
is_linear=0
shrinkage=0.05


Tree=54
num_leaves=15
num_cat=0
split_feature=2 13 7 0 1 6 13 9 12 3 4 1 12 6
split_gain=18.9431 31.2461 16.6732 27.6631 19.8496 13.6506 24.0452 15.4053 14.9218 32.4782 14.3386 13.6198 12.0357 21.9936
threshold=36815.560000000005 0.72715000000000007 1.5000000000000002 56.500000000000007 5750.630000000001 35.500000000000007 0.37820000000000004 2762.2600000000007 65.500000000000014 54.000000000000007 618.50000000000011 5839.5350000000008 191.50000000000003 139.50000000000003
decision_type=2 2 2 2 2 2 2 2 2 2 2 2 2 2
left_child=1 -1 5 -4 -5 6 7 -2 10 12 -7 -12 -10 -14
right_child=2 -3 3 4 -6 8 -8 -9 9 -11 11 -13 13 -15
leaf_value=-0.057045998094956023 -0.095161666347306148 0.041418665861511252 0.032372427100020487 0.032634490706023082 -0.08404680560230722 0.039445463559062907 0.010007964104315321 -0.004097356309942608 -0.0031004934804220179 -0.057642720992124585 -0.067933370857114803 0.014416077745191325 -0.026816544801786177 0.034777800161652342
leaf_weight=23.973790847696364 12.049535770900549 12.135507460683582 158.60324603784829 6.0130110532045355 9.2551353834569436 71.119255267083645 32.600519711151719 7.5568643379956475 89.793994483537972 19.726842640899122 5.9963121153414241 30.869690320454538 18.044598346576095 73.631716794334352
leaf_count=216 90 27 391 14 69 92 143 41 322 154 53 164 92 162
internal_value=0.0110975 -0.0239543 0.0134621 0.0261845 -0.0380945 0.00734109 -0.0163073 -0.0600629 0.0113342 0.00328703 0.0263277 0.00102181 0.00991043 0.0226542
internal_weight=571.37 36.1093 535.261 173.871 15.2681 361.389 52.2069 19.6064 309.182 201.197 107.985 36.866 181.47 91.6763
internal_count=2030 243 1787 474 83 1313 274 131 1039 730 309 217 576 254
is_linear=0
shrinkage=0.05


Tree=55
num_leaves=15
num_cat=0
split_feature=5 9 16 10 4 10 18 10 13 13 11 13 0 12
split_gain=18.2703 18.0774 24.5734 18.9947 14.1598 12.9116 16.611 38.5012 12.8571 18.9639 34.3469 13.9668 13.2844 14.6478
threshold=0.65250000000000008 2165.7100000000005 1.0000000180025095e-35 2797.2250000000004 491.50000000000006 3722.7300000000005 1.0000000180025095e-35 6166.5900000000011 0.45575000000000004 0.38265000000000005 1.0000000180025095e-35 0.47645000000000004 22.500000000000004 166.50000000000003
decision_type=2 2 2 2 2 2 2 2 2 2 2 2 2 2
left_child=1 2 5 -3 -5 -1 -7 -8 9 12 -11 -10 -2 -14
right_child=8 3 -4 4 -6 6 7 -9 11 10 -12 -13 13 -15
leaf_value=-0.018850094254043853 0.055794147252807527 0.03089669126488534 -0.043721695171357149 0.029355327894384661 -0.066578597855946595 0.028942090940987306 0.053146582297332462 -0.067793865342107087 0.06489168395797576 0.026613701433222853 -0.089884610184877367 0.02107496274813149 -0.0062867275311457322 0.026020122163753032
leaf_weight=27.476561354473233 16.859481336548924 8.9540653470903617 22.717915747314692 4.5307227075099972 25.464915487449616 94.694526397623122 11.5722947800532 15.256308081559835 20.924740202724934 12.412459822371602 12.904530870728195 138.99156902451068 74.977858142927289 65.94201226439327
leaf_count=139 26 37 166 7 316 306 22 143 23 29 78 325 245 140
internal_value=0.0093322 -0.00225743 0.00471821 -0.0330109 -0.0520882 0.0121038 0.0191025 -0.0156272 0.0164502 0.00740341 -0.0327676 0.0268083 0.0138492 0.00883093
internal_weight=553.68 210.667 171.718 38.9497 29.9956 149 121.523 26.8286 343.013 183.096 25.317 159.916 157.779 140.92
internal_count=2002 1136 776 360 323 610 471 165 866 518 107 348 411 385
is_linear=0
shrinkage=0.05


Tree=56
num_leaves=15
num_cat=0
split_feature=4 10 10 10 1 2 15 15 4 2 2 12 6 10
split_gain=9.21284 13.7379 12.9831 16.4042 14.4863 15.1782 14.0284 13.4839 18.9438 16.7917 21.8305 18.6943 15.8054 12.4414
threshold=565.50000000000011 344.96500000000009 2954.7100000000005 4116.6750000000011 7401.130000000001 63497.615000000013 2.5000000000000004 14.500000000000002 703.50000000000011 99342.715000000011 128912.96500000001 19.500000000000004 123.50000000000001 2511.1600000000003
decision_type=2 2 2 2 2 2 2 2 2 2 2 2 2 2
left_child=-1 -2 4 -4 -3 -6 -5 8 9 11 -11 -8 -12 -7
right_child=1 2 3 6 5 13 7 -9 -10 10 12 -13 -14 -15
leaf_value=0.020488307681347927 -0.071751734794063812 0.035180238415423677 -0.046121525268166194 0.024142966294158994 0.04822678895467894 -0.083033796970344076 0.038132647113338927 0.011242930128122327 -0.063904396291592711 0.036100298437999605 -0.0015070327758081414 -0.054105501237414415 -0.080658801247537326 0.018396029339441646
leaf_weight=147.74385803937912 5.6075417753309003 67.521503008902073 16.472374491393566 73.772877634502947 6.5523253260180381 8.1031725751236063 6.9665867891162625 118.63413042016327 15.585697828326373 36.159154016524553 29.870483473874629 25.974215957336128 7.9951580287888637 4.8225702159106723
leaf_count=236 46 172 113 270 17 70 19 444 192 65 107 209 51 16
internal_value=0.00973606 0.00598975 0.00703159 0.00251918 0.0242219 -0.0137654 0.00506309 -0.000772984 -0.0124048 -0.00490095 0.00831425 -0.0345982 -0.0182196 -0.0451905
internal_weight=571.782 424.038 418.43 331.431 86.9996 19.4781 314.958 241.185 122.551 106.966 74.0248 32.9408 37.8656 12.9257
internal_count=2027 1791 1745 1470 275 103 1357 1087 643 451 223 228 158 86
is_linear=0
shrinkage=0.05


Tree=57
num_leaves=15
num_cat=0
split_feature=5 4 0 0 2 19 4 10 13 10 0 6 18 10
split_gain=12.0959 13.7573 19.5956 20.5072 13.3475 12.4391 17.2293 12.3801 11.9418 37.5657 22.7535 14.4782 15.9573 10.9957
threshold=0.63395000000000012 663.50000000000011 22.500000000000004 33.500000000000007 89028.545000000013 1.0000000180025095e-35 584.50000000000011 8564.9750000000022 0.34200000000000003 13751.925000000001 30.500000000000004 233.50000000000003 1.0000000180025095e-35 24616.440000000006
decision_type=2 2 2 2 2 2 2 2 2 2 2 2 2 2
left_child=5 -2 -3 -4 -5 8 -7 -8 11 10 -10 12 13 -1
right_child=1 2 3 4 -6 6 7 -9 9 -11 -12 -13 -14 -15
leaf_value=0.021022168019187357 0.021344277739367805 0.062699443226483159 -0.070188093518194675 0.025084753923023548 -0.018472665980008008 -0.080620924423541851 0.018434636267738867 -0.057106278536126515 -0.072645281291124422 -0.06555822754710032 0.024845217799494362 -0.034614558736272609 -0.03469983055576447 0.065505458617128781
leaf_weight=35.889722863212228 281.0449302829802 10.757694525644181 11.76121102273464 31.924376857466996 39.165281804278493 10.329382997006176 18.086459339596335 7.7468349970877162 6.7839546529576173 20.423770404420793 50.818661009892821 10.355892008170484 8.5994991865009052 22.665570615790784
leaf_count=143 509 23 112 113 209 52 90 116 61 215 189 66 69 45
internal_value=0.0105878 0.0158147 -0.000786975 -0.00903031 0.00108775 0.000372587 -0.0260418 -0.00421842 0.00651398 -0.00729456 0.0133636 0.0204144 0.0289004 0.0382408
internal_weight=566.353 374.653 93.6086 82.8509 71.0897 191.7 36.1627 25.8333 155.537 78.0264 57.6026 77.5107 67.1548 58.5553
internal_count=2012 966 457 434 322 1046 258 206 788 465 250 323 257 188
is_linear=0
shrinkage=0.05


Tree=58
num_leaves=15
num_cat=0
split_feature=2 12 12 2 1 15 4 8 4 14 12 12 4 1
split_gain=12.9364 17.0368 25.9595 16.5498 22.3334 17.2466 15.0793 19.4566 9.78165 10.1456 12.8962 21.3231 8.34421 11.5752
threshold=87360.215000000011 124.50000000000001 316.50000000000006 65092.920000000006 5120.0150000000003 1.5000000000000002 527.50000000000011 1.5000000000000002 689.50000000000011 1.0000000180025095e-35 113.50000000000001 29.500000000000004 532.50000000000011 7923.8450000000012
decision_type=2 2 2 2 2 2 2 2 2 2 2 2 2 2
left_child=1 3 6 5 -5 -1 -3 -8 9 -7 11 -11 -2 -14
right_child=12 2 -4 4 -6 8 7 -9 -10 10 -12 -13 13 -15
leaf_value=-0.049392415382019841 0.032553791984557143 0.01507761945885247 0.021027463011272857 0.017776073265446724 -0.074043832461988854 0.055771627295281956 -0.066184277727051447 0.044537677974158307 0.052566389954140362 0.026357566276602691 0.057175481540941854 -0.054152874304275594 0.022353634878393827 0.0027818418707757624
leaf_weight=8.0148165775462967 52.215119302272797 9.7097973674535734 25.292688543908298 14.419790068641307 12.247208119370042 12.072056744247673 36.660204059444368 4.4492374435067168 26.254016979597509 17.916858481243253 8.9068550765514356 15.201936881989239 129.67303638160229 180.98248990345746
leaf_count=56 68 18 89 42 118 18 300 6 102 53 8 103 301 721
internal_value=0.00851465 -0.00201248 -0.0203638 0.0101297 -0.0243936 0.020548 -0.0409642 -0.0542009 0.0275243 0.0153712 0.00376603 -0.0105977 0.0140599 0.0109514
internal_weight=554.016 191.145 76.1119 115.034 26.667 88.3665 50.8192 41.1094 80.3517 54.0977 42.0257 33.1188 362.871 310.656
internal_count=2003 913 413 500 160 340 324 306 284 182 164 156 1090 1022
is_linear=0
shrinkage=0.05


Tree=59
num_leaves=15
num_cat=0
split_feature=5 4 10 12 12 7 14 13 0 12 1 0 9 5
split_gain=14.2067 14.3469 11.5894 19.662 24.4037 10.8594 19.2624 23.3556 15.241 26.2882 14.0459 12.9461 13.5174 16.6781
threshold=1.5479000000000001 761.50000000000011 38134.17500000001 38.500000000000007 332.50000000000006 1.5000000000000002 3.5000000000000004 0.28075000000000006 60.500000000000007 260.50000000000006 8251.8500000000022 56.500000000000007 2118.0800000000004 1.1941500000000003
decision_type=2 2 2 2 2 2 2 2 2 2 2 2 2 2
left_child=1 2 5 -4 -5 6 7 -1 9 -8 -9 12 -7 -14
right_child=-2 -3 3 4 -6 11 8 10 -10 -11 -12 -13 13 -15
leaf_value=0.017399329051877514 0.028632564533316519 -0.054332450914413792 0.02505300750518227 -0.079229394381787013 0.027608040884751224 0.036803074545947147 0.012948799823417146 -0.068497413518903746 0.044492612052530064 -0.058880555857616673 -0.011995205341593812 -0.023469217817921648 -0.017293213783843155 0.055329988751585672
leaf_weight=29.927386444061995 94.191810078918934 9.2326727192848903 16.788234843872488 16.748511339072142 7.8503093253821126 96.006487496197224 158.28211862780154 21.696675774641335 32.517506387084723 13.852684401907025 22.308520343154669 14.254480447620152 29.359378919005394 10.818761259317396
leaf_count=91 125 212 55 169 27 198 561 135 62 95 113 70 136 9
internal_value=0.0108794 0.00739309 0.00860457 -0.0166633 -0.045134 0.0110421 0.00519645 -0.016678 0.0130988 0.00716828 -0.0398535 0.0218672 0.0266125 0.00226202
internal_weight=573.836 479.644 470.411 41.3871 24.5988 429.024 278.585 73.9326 204.652 172.135 44.0052 150.439 136.185 40.1781
internal_count=2058 1933 1721 251 196 1470 1057 339 718 656 248 413 343 145
is_linear=0
shrinkage=0.05


Tree=60
num_leaves=15
num_cat=0
split_feature=1 9 9 10 6 9 9 4 13 0 12 0 12 6
split_gain=11.2821 11.1965 15.6582 14.1046 21.0889 10.5211 15.9861 11.0821 10.2914 13.283 16.807 15.9451 15.5012 12.0369
threshold=3891.2700000000004 181.25500000000002 494.10000000000008 34869.285000000011 6.5000000000000009 6504.6350000000011 4728.7300000000005 569.50000000000011 0.43035000000000007 56.500000000000007 191.50000000000003 34.500000000000007 126.50000000000001 26.500000000000004
decision_type=2 2 2 2 2 2 2 2 2 2 2 2 2 2
left_child=-1 -2 3 4 -3 6 8 -8 13 10 11 -10 -13 -4
right_child=1 2 5 -5 -6 -7 7 -9 9 -11 -12 12 -14 -15
leaf_value=0.032468228740331513 0.046193794708042718 0.049807992885095659 -0.033642960010901363 0.043039562403181686 -0.076307679572678075 0.042266523125547795 0.0064266078030234576 -0.081114187026939261 0.025370544505069703 -0.015563934015613519 0.042486577969344838 0.0023446630747397607 -0.069199730093469233 0.0048768516018425356
leaf_weight=50.583609693683684 18.168947281315923 4.1673967055976453 22.743958506733179 5.0233385059982529 16.201906301081181 21.767570444382727 6.2325898706912986 8.6089873164892179 68.02608420047909 27.872776724398136 62.126791486516595 35.25005504116416 9.641934607177971 187.27662724908441
leaf_count=130 44 7 138 14 137 53 11 96 220 126 127 128 67 693
internal_value=0.00998001 0.00767315 0.00619953 -0.0319997 -0.0505054 0.00835721 0.00663174 -0.0443522 0.00846417 0.0164945 0.0215993 0.0101072 -0.0130217 0.000705389
internal_weight=543.693 493.109 474.94 25.3926 20.3693 449.547 427.78 14.8416 412.938 202.918 175.045 112.918 44.892 210.021
internal_count=1991 1861 1817 158 144 1659 1606 107 1499 668 542 415 195 831
is_linear=0
shrinkage=0.05


Tree=61
num_leaves=15
num_cat=0
split_feature=4 8 14 10 10 5 5 1 14 1 1 15 5 14
split_gain=13.3965 15.932 15.0335 15.445 16.0012 19.2629 12.948 16.9424 32.2921 12.8567 18.3437 17.1121 18.2662 17.6644
threshold=579.50000000000011 1.0000000180025095e-35 9.5000000000000018 15191.650000000001 11244.250000000002 0.52620000000000011 1.6081500000000002 6041.9250000000002 8.5000000000000018 7758.3450000000012 14507.405000000001 15.500000000000002 0.4935500000000001 1.5000000000000002
decision_type=2 2 2 2 2 2 2 2 2 2 2 2 2 2
left_child=-1 2 6 4 5 -4 7 8 -2 -9 11 -11 -13 -14
right_child=1 -3 3 -5 -6 -7 -8 9 -10 10 -12 12 13 -15
leaf_value=0.021215933039266471 -0.057927162769278263 0.022409588485717575 0.016992043401938228 -0.075398911177687919 0.031058968908735402 -0.078553784896702186 0.029101057968092182 0.024472425465070377 0.037705587958552569 -0.047674169441951852 0.030026694506291824 0.048342155685656703 0.038170534405209587 -0.081983907226973823
leaf_weight=183.94781005382538 29.719382029958069 93.957825781777501 9.262527188286187 12.226932807825504 14.132178317755459 12.254172737710176 41.68293870985508 58.471530374139547 12.556822746992109 30.132518759462982 24.270940544549376 13.417528976686301 5.0185780618339759 7.8333082869648933
leaf_count=303 265 244 54 131 42 107 54 203 34 287 128 49 16 71
internal_value=0.0102136 0.00466779 -0.0014839 -0.0269069 -0.010275 -0.0374231 0.00397162 -0.00180208 -0.0295224 0.00662019 -0.00631907 -0.0219594 0.00753686 -0.0350644
internal_weight=548.885 364.937 270.979 47.8758 35.6489 21.5167 223.104 181.421 42.2762 139.144 80.6729 56.4019 26.2694 12.8519
internal_count=1988 1685 1441 334 203 161 1107 1053 299 754 551 423 136 87
is_linear=0
shrinkage=0.05


Tree=62
num_leaves=15
num_cat=0
split_feature=8 5 1 12 9 9 4 14 1 5 9 5 4 4
split_gain=8.17462 8.12844 10.6414 19.1841 10.5576 21.3913 15.7625 12.8013 9.7619 10.4867 13.2381 10.8401 8.62347 11.1441
threshold=1.0000000180025095e-35 1.8428500000000001 6041.9250000000002 53.500000000000007 3663.1000000000008 6504.6350000000011 502.50000000000006 1.5000000000000002 3974.8250000000003 0.25345000000000006 732.08000000000004 0.58035000000000003 738.50000000000011 691.50000000000011
decision_type=2 2 2 2 2 2 2 2 2 2 2 2 2 2
left_child=1 2 3 -1 12 6 -6 -8 -5 -10 -11 -12 13 -4
right_child=-2 -3 4 8 5 -7 7 -9 9 10 11 -13 -14 -15
leaf_value=-0.055774883425369681 0.023454004347200654 0.033308483728922617 0.012891760392533914 0.02573635776443205 0.049097170648587631 0.034185698884149636 0.0002977566890174312 -0.079214439898709355 0.054138900536665306 -0.08134840572748657 -0.063853556866322117 0.0038712755781130045 -0.027367867203996473 0.04110154377129055
leaf_weight=16.686514547094703 126.89090062957257 31.902514792978764 197.69076877553016 30.198195049539208 4.4217098057270077 16.691347252577543 7.4304331652820137 15.881420323625205 5.8438166305422774 6.8351867478340855 6.9969951799139372 37.981094302609563 11.008828323334454 42.543711345642805
leaf_count=128 297 40 602 86 4 51 32 175 16 47 65 125 158 152
internal_value=0.0122962 0.00901965 0.00708348 -0.00662795 0.0119315 -0.0105375 -0.037454 -0.0538707 0.00270661 -0.00935534 -0.0165166 -0.00666431 0.0159045 0.0178875
internal_weight=559.003 432.113 400.21 104.542 295.668 44.4249 27.7336 23.3119 87.8553 57.6571 51.8133 44.9781 251.243 240.234
internal_count=1978 1681 1641 467 1174 262 211 207 339 253 237 190 912 754
is_linear=0
shrinkage=0.05


Tree=63
num_leaves=15
num_cat=0
split_feature=4 0 4 5 5 1 5 21 7 6 0 1 2 6
split_gain=10.1263 9.63829 20.5059 23.9614 21.9409 20.9349 15.8758 16.8465 13.696 18.3355 29.3629 15.149 11.5522 13.561
threshold=532.50000000000011 53.500000000000007 711.50000000000011 0.99055000000000015 0.90125000000000011 7063.0950000000012 0.35025000000000006 1.0000000180025095e-35 1.5000000000000002 116.50000000000001 40.500000000000007 7720.2200000000003 91367.075000000012 51.500000000000007
decision_type=2 2 2 2 2 2 2 2 2 2 2 2 2 2
left_child=-1 8 3 4 5 -3 -7 -8 9 10 12 -10 13 -2
right_child=1 2 -4 -5 -6 6 7 -9 11 -11 -12 -13 -14 -15
leaf_value=0.028107226103575994 -0.071609886186060387 -0.07655333261320052 0.029322371472311305 -0.077612252700676329 0.052712870970177877 0.043730496186787357 -0.056185319967364769 0.036296518297938785 0.03660139473304682 0.017559876262191756 -0.068905029292716163 0.0026466611611737499 0.011092799700519549 0.00088508357409540809
leaf_weight=69.524253636598587 10.516684184316548 12.643527707085012 29.814900552853942 14.424889966845511 12.632597874850033 12.488328527659176 15.348504251800479 7.2502910476177922 87.3694087266922 124.32256598165259 17.922959658317268 52.641286942642182 72.161535706371069 16.685551083646715
leaf_count=101 135 98 119 57 15 29 112 15 191 415 152 229 276 93
internal_value=0.0102586 0.0077064 -0.00573968 -0.0197174 -0.00588244 -0.0213905 -0.00151279 -0.0265147 0.011392 0.00418134 -0.00999976 0.0238351 0.000625409 -0.0271423
internal_weight=555.747 486.223 104.603 74.7881 60.3632 47.7307 35.0871 22.5988 381.62 241.609 117.287 140.011 99.3638 27.2022
internal_count=2037 1936 445 326 269 254 156 127 1491 1071 656 420 504 228
is_linear=0
shrinkage=0.05


Tree=64
num_leaves=15
num_cat=0
split_feature=1 9 9 2 4 2 13 4 15 0 9 12 10 15
split_gain=10.0187 10.2914 14.4038 12.7745 8.38342 15.2485 13.5078 13.4888 10.5829 18.2938 18.8456 20.2294 11.9831 10.5477
threshold=19440.045000000002 6504.6350000000011 4982.4050000000007 317327.94500000007 524.50000000000011 29616.070000000003 0.44665000000000005 540.50000000000011 24.500000000000004 44.500000000000007 524.75000000000011 9.5000000000000018 2954.7100000000005 24.500000000000004
decision_type=2 2 2 2 2 2 2 2 2 2 2 2 2 2
left_child=1 2 3 4 -1 -6 7 -7 9 -9 -11 -12 -13 -8
right_child=-2 -3 -4 -5 5 6 13 8 -10 10 11 12 -14 -15
leaf_value=0.025753214034229855 -0.035771680849077059 0.048280726537142812 -0.05517523114160372 0.060089986980965293 -0.044602670034477328 -0.077461209690519173 0.019454859186594741 0.0057063869999985587 0.024058244473087548 0.028770062594036784 0.060211151048040513 -0.010325682713531948 -0.073874110291295689 -0.021187316624150694
leaf_weight=54.620284155011177 13.010213400702922 15.881793697364627 9.0307839596644026 11.735069518908857 14.978893800638614 5.7682764530181876 185.9147071717307 117.57950290059671 37.60141880530864 10.891906185075639 4.1097943112254134 10.179506473243235 27.347290769219398 17.463553112000227
leaf_count=82 81 32 71 16 148 21 595 493 106 32 4 40 212 86
internal_value=0.00756924 0.00864719 0.0074062 0.00854063 0.00729707 0.00496266 0.00674369 -0.00204139 5.30906e-05 -0.00525311 -0.0297848 -0.0451024 -0.056636 0.015965
internal_weight=536.113 523.103 507.221 498.19 486.455 431.835 416.856 213.478 207.709 170.108 52.5285 41.6366 37.5268 203.378
internal_count=2019 1938 1906 1835 1819 1737 1589 908 887 781 288 256 252 681
is_linear=0
shrinkage=0.05


Tree=65
num_leaves=15
num_cat=0
split_feature=7 0 1 12 4 1 12 6 10 1 12 17 13 4
split_gain=9.88344 19.849 20.0951 16.1068 10.6752 9.209 8.23362 8.75895 24.8342 9.89315 21.5561 18.3005 32.0784 9.78099
threshold=1.5000000000000002 56.500000000000007 5750.630000000001 11.500000000000002 553.50000000000011 19059.975000000002 13.500000000000002 303.50000000000006 6166.5900000000011 5793.5800000000008 53.500000000000007 1.0000000180025095e-35 0.40980000000000005 738.50000000000011
decision_type=2 2 2 2 2 2 2 2 2 2 2 2 2 2
left_child=3 -2 -3 4 -1 6 -5 9 -9 10 -8 12 -12 -11
right_child=1 2 -4 5 -6 -7 7 8 -10 13 11 -13 -14 -15
leaf_value=0.013618010098883266 0.02724053392674183 0.025716733160047602 -0.079503635308010606 0.057430921558129157 -0.075785187083698705 -0.039330717123105464 -0.080046263329716316 0.024123588272299483 -0.086544053095596193 0.018554587739294453 -0.087109524000162142 0.034279224954996253 0.013240288748883411 -0.029982611989188224
leaf_weight=5.1812315583229056 163.52972746174783 8.9110222868621367 9.2457664022222144 9.2595138121396285 9.3904197895899397 9.3649174906313402 8.3364170463755709 12.235254338011147 8.6554132774472219 239.36886858101934 11.618580740876494 29.929151736199856 25.316883453167975 10.849895891733466
leaf_count=9 436 25 78 14 84 57 77 29 66 731 95 61 84 157
internal_value=0.0121438 0.0217337 -0.0278634 0.00755267 -0.0439962 0.00961098 0.0109 0.00965587 -0.0217282 0.0116706 -0.00423182 0.00522043 -0.0183262 0.0164499
internal_weight=561.193 181.687 18.1568 379.507 14.5717 364.935 355.57 346.31 20.8907 325.42 75.201 66.8646 36.9355 250.219
internal_count=2003 539 103 1464 93 1371 1314 1300 95 1205 317 240 179 888
is_linear=0
shrinkage=0.05


Tree=66
num_leaves=15
num_cat=0
split_feature=9 9 7 1 13 2 5 12 18 14 13 13 1 19
split_gain=10.4904 11.0706 8.76664 12.2065 13.8465 17.1171 12.9237 12.8521 11.7502 11.4779 13.754 23.3782 14.8629 11.6598
threshold=6504.6350000000011 4982.4050000000007 1.5000000000000002 7783.7850000000008 0.74495000000000011 127943.28000000001 0.41655000000000003 65.500000000000014 1.0000000180025095e-35 8.5000000000000018 0.52115000000000011 0.60280000000000011 3891.2700000000004 1.0000000180025095e-35
decision_type=2 2 2 2 2 2 2 2 2 2 2 2 2 2
left_child=1 2 9 -4 5 -5 -7 -8 -9 -1 13 -12 -13 -11
right_child=-2 -3 3 4 -6 6 7 8 -10 10 11 12 -14 -15
leaf_value=0.010178061180759462 0.041332072861235525 -0.045363042211933643 0.028801881070331017 -0.059843059077446553 0.054780669620420254 0.051901993633926981 0.019599100448490246 -0.09012771468858681 0.00055678064842712232 -0.017518015523909195 0.046077455827154001 0.038756796782663361 -0.062206002429895157 -0.083553007129497522
leaf_weight=264.14692770829424 25.567045597359538 9.3556809038855118 110.08280028775334 12.507401368580757 10.285273049026726 11.526297509670256 16.7671980727464 7.1681495197117311 7.1202824786305428 41.305958918295801 21.719619879499078 5.2158945091068771 12.104678763076661 7.9754440933465949
leaf_count=955 60 76 260 115 15 20 41 52 22 213 42 9 84 68
internal_value=0.0100403 0.0085512 0.00950665 0.0186388 0.00152549 -0.00841734 0.0066877 -0.0100936 -0.0449374 0.00496069 -0.0106431 0.0115254 -0.0318022 -0.0282048
internal_weight=562.849 537.282 527.926 175.457 65.3746 55.0893 42.5819 31.0556 14.2884 352.469 88.3216 39.0402 17.3206 49.2814
internal_count=2032 1972 1896 525 265 250 135 115 74 1371 416 135 93 281
is_linear=0
shrinkage=0.05


Tree=67
num_leaves=15
num_cat=0
split_feature=5 4 0 18 10 15 15 6 7 10 14 4 10 10
split_gain=13.0629 17.4207 12.7986 10.4236 22.608 13.0854 31.781 10.905 24.7089 8.85828 7.74052 7.70994 6.76979 13.8965
threshold=1.6081500000000002 729.50000000000011 63.500000000000007 1.0000000180025095e-35 24616.440000000006 8.5000000000000018 19.500000000000004 291.50000000000006 3.5000000000000004 805.37500000000011 8.5000000000000018 486.50000000000006 11244.250000000002 14858.505000000003
decision_type=2 2 2 2 2 2 2 2 2 2 2 2 2 2
left_child=1 3 -3 7 5 -5 -7 9 -9 -1 -2 -11 -13 -14
right_child=10 2 -4 4 -6 6 -8 8 -10 11 -12 12 13 -15
leaf_value=-0.02951950949219492 0.034753291902110697 -0.056974201906096415 0.046231508235560451 0.0187839749972438 -0.064863190361047526 -0.086552319063881583 0.014629767335537733 -0.077092621183596499 0.041203189209242708 0.043602109684469807 0.0018551720817772226 0.0034664958940185502 0.037842393345015476 0.0076685076370419493
leaf_weight=12.075015626847742 62.071178540587425 17.953658684156839 3.6075850389897814 48.377222349867225 14.879448674153535 12.127959158271549 21.551487636752427 10.498340991325678 7.6168981306254855 20.71444334089756 25.114405617117882 128.9635044131428 60.3902203515172 103.64878957532346
leaf_count=56 76 336 11 148 117 91 57 73 12 22 48 471 121 410
internal_value=0.00752428 0.00417708 -0.039706 0.00632336 -0.00815817 0.00212422 -0.0218059 0.0104052 -0.0273529 0.0125047 0.0252768 0.0141222 0.0120381 0.0187769
internal_weight=549.59 462.405 21.5612 440.843 96.9361 82.0567 33.6794 343.907 18.1152 325.792 87.1856 313.717 293.003 164.039
internal_count=2049 1925 347 1578 413 296 148 1165 85 1080 124 1024 1002 531
is_linear=0
shrinkage=0.05


Tree=68
num_leaves=15
num_cat=0
split_feature=5 8 5 4 10 1 5 6 5 6 6 9 12 6
split_gain=16.7887 13.3321 16.8639 18.1457 22.8576 22.053 15.6398 14.287 12.5963 15.5568 17.0275 17.0595 13.1649 13.3134
threshold=0.22685000000000002 1.0000000180025095e-35 0.73995000000000011 663.50000000000011 1569.6300000000003 14264.660000000002 0.71635000000000015 35.500000000000007 0.27085000000000009 18.500000000000004 301.50000000000006 746.80000000000007 247.50000000000003 42.500000000000007
decision_type=2 2 2 2 2 2 2 2 2 2 2 2 2 2
left_child=-1 2 6 -4 -5 -6 8 -3 -2 -10 11 -11 13 -13
right_child=1 7 3 4 5 -7 -8 -9 9 10 -12 12 -14 -15
leaf_value=-0.065942055360362101 0.034842287846637274 -0.02545939055799425 0.019868214284802649 0.044922387089671528 -0.054014854209936784 0.034874450583745734 -0.087074307344597313 0.028641420796609831 0.027659266006515294 -0.071430347626525961 0.02245869009504102 -0.071044815398991087 -0.067745170419917677 -0.0029974584271593358
leaf_weight=7.973250030539929 17.143800160847604 13.869970729574559 170.73232435248792 12.421547699719666 29.561703925020993 9.1334695462137443 6.1337451906874767 101.54937630519271 22.946596613153815 16.841577023267746 22.680676301941276 7.9730079383589318 11.107346641831098 73.004341448657215
leaf_count=80 55 60 309 29 218 27 47 214 110 154 80 90 124 417
internal_value=0.0060567 0.00717117 0.00284845 0.0120438 -0.0140901 -0.0330337 -0.00862299 0.0221401 -0.00582038 -0.0103309 -0.0169547 -0.0251614 -0.0166992 -0.00969738
internal_weight=523.073 515.099 399.68 221.849 51.1167 38.6952 177.831 115.419 171.697 154.554 131.607 108.926 92.0847 80.9773
internal_count=2014 1934 1660 583 274 245 1077 274 1030 975 865 785 631 507
is_linear=0
shrinkage=0.05


Tree=69
num_leaves=15
num_cat=0
split_feature=5 10 4 15 1 14 6 4 1 1 6 4 0 10
split_gain=10.3292 16.9309 10.2442 13.8685 7.08554 16.1681 14.709 20.9799 14.0925 15.5902 14.1456 13.9145 16.0425 12.2578
threshold=1.6081500000000002 581.57000000000016 622.50000000000011 5.5000000000000009 8813.4000000000033 4.5000000000000009 233.50000000000003 713.50000000000011 19440.045000000002 10645.585000000001 35.500000000000007 588.50000000000011 31.500000000000004 9558.6000000000022
decision_type=2 2 2 2 2 2 2 2 2 2 2 2 2 2
left_child=1 -1 -2 -4 6 11 -3 -8 9 13 -11 12 -6 -7
right_child=2 4 3 -5 5 8 7 -9 -10 10 -12 -13 -14 -15
leaf_value=-0.057620443432056495 0.041865980457962436 0.013770041192467579 0.036585348478708181 -0.019808303603233397 0.032941942096968199 -0.08415408848419105 -0.057463788937016737 0.026842520539459059 -0.060761162057830581 -0.041382244562174528 0.029602503886161442 -0.063014779780022886 -0.046159299189516098 -0.0041723313394900633
leaf_weight=11.278420710936187 36.617043614387512 232.84713402902707 20.135320231318474 23.774406164884567 13.044689841568472 5.9375499645248082 18.115323960781101 12.451790638267992 7.4102370338514438 7.803753704763948 69.726536015979946 18.282166881486773 12.602265276014803 24.794763738289475
leaf_count=78 41 829 24 55 19 45 100 50 57 61 256 225 43 110
internal_value=0.00588975 0.00284009 0.0223371 0.00605167 0.00445208 -0.00386132 0.00948915 -0.0231209 0.0059458 0.0105117 0.0224576 -0.0296851 -0.00592641 -0.019625
internal_weight=514.821 434.295 80.5268 43.9097 423.016 159.602 263.414 30.5671 115.673 108.263 77.5303 43.9291 25.647 30.7323
internal_count=1993 1873 120 79 1795 816 979 150 529 472 317 287 62 155
is_linear=0
shrinkage=0.05


Tree=70
num_leaves=15
num_cat=0
split_feature=2 14 0 2 2 10 0 13 6 10 10 10 14 7
split_gain=11.8563 17.1805 15.7968 10.3377 14.4267 19.7662 12.6011 9.69787 8.92732 13.543 17.3577 15.1059 14.7253 18.1471
threshold=52997.000000000007 5.5000000000000009 61.500000000000007 61222.910000000011 82508.555000000008 2007.7750000000003 45.500000000000007 0.23935000000000003 210.50000000000003 1613.3750000000002 15118.375000000002 524.08000000000004 7.5000000000000009 1.0000000180025095e-35
decision_type=2 2 2 2 2 2 2 2 2 2 2 2 2 2
left_child=1 7 -3 -2 5 -5 -7 -1 9 11 -11 -6 13 -12
right_child=3 2 -4 4 8 6 -8 -9 -10 10 12 -13 -14 -15
leaf_value=-0.064068810399216553 0.032735093368592892 -0.062338981601008064 0.029237534023066308 0.025515742452368675 0.012324731936320178 -0.071606872294371154 -0.011840939710577446 0.013979603178087611 0.023082275697476229 0.019187523473041607 -0.074414682006852292 -0.082268302192887013 0.010509849452309978 -0.0070295129860254175
leaf_weight=4.4203562615439287 39.851787463761866 22.79610884515569 5.9352249708026639 17.276898296549916 7.891821742057803 16.525987931527197 18.912382293492556 39.956448380835354 92.018606800585985 139.61427658377215 14.855667189694939 9.0725162103772146 48.625379053875804 30.512654382735491
leaf_count=47 108 238 17 48 30 132 96 167 252 372 125 53 185 133
internal_value=0.00533322 -0.0132979 -0.0434214 0.00846332 0.00601642 -0.018334 -0.0397116 0.00620523 0.00976328 0.0048721 0.00800456 -0.0382636 -0.00860615 -0.0290945
internal_weight=508.266 73.1081 28.7313 435.158 395.306 52.7153 35.4384 44.3768 342.591 250.572 233.608 16.9643 93.9937 45.3683
internal_count=2003 469 255 1534 1426 276 228 214 1150 898 815 83 443 258
is_linear=0
shrinkage=0.05


Tree=71
num_leaves=15
num_cat=0
split_feature=5 10 5 5 1 1 2 2 15 14 10 1 5 6
split_gain=10.7829 12.0245 15.6181 19.5828 15.76 11.6204 12.514 29.5447 13.3045 10.3669 17.6145 25.5807 19.7022 10.3072
threshold=1.6081500000000002 38134.17500000001 0.67455000000000009 0.65900000000000014 7783.7850000000008 17214.315000000006 86542.010000000024 70104.630000000019 31.500000000000004 7.5000000000000009 15909.975 9440.1000000000022 0.50630000000000008 49.500000000000007
decision_type=2 2 2 2 2 2 2 2 2 2 2 2 2 2
left_child=1 5 3 4 -3 6 7 13 -9 10 12 -12 -8 -1
right_child=-2 2 -4 -5 -6 -7 9 8 -10 -11 11 -13 -14 -15
leaf_value=-0.02558899168271225 0.025199076157036593 0.036786649634986505 -0.06973409401132051 0.071087930963727217 -0.067900898690197858 -0.046062474111421364 -0.048723811546259821 -0.077398602314966536 0.028164054614136142 0.026437054128334986 0.0083359246918445137 -0.086942154622149437 0.023158238442388106 0.011760631354520204
leaf_weight=21.947244208306074 76.504920125007629 5.6312251454219249 11.934396402444689 6.9100944832898668 9.9425675668753666 9.9812440443783981 10.622686592862008 16.766379783395681 3.6312877535819998 116.27179772686213 18.591831442900006 11.342679923400281 92.896964449435472 116.64385649049655
leaf_count=182 110 25 93 7 136 72 66 164 10 295 61 98 233 466
internal_value=0.0078365 0.00490496 -0.0235039 0.00103492 -0.0300476 0.00724027 0.00854198 -0.00242297 -0.0586058 0.0155229 0.00601387 -0.0277665 0.015782 0.00584596
internal_weight=529.619 453.114 34.4183 22.4839 15.5738 418.696 408.715 158.989 20.3977 249.726 133.454 29.9345 103.52 138.591
internal_count=2018 1908 261 168 161 1647 1575 822 174 753 458 159 299 648
is_linear=0
shrinkage=0.05


Tree=72
num_leaves=15
num_cat=0
split_feature=15 21 13 15 0 4 20 13 4 4 17 1 1 5
split_gain=7.68629 12.6778 14.299 11.9364 16.8201 15.6059 11.9305 23.6753 11.7606 10.9843 10.9052 9.87241 11.3956 9.69507
threshold=5.5000000000000009 1.0000000180025095e-35 0.31925000000000003 14.500000000000002 36.500000000000007 703.50000000000011 1.0000000180025095e-35 0.23395000000000002 692.50000000000011 611.50000000000011 1.0000000180025095e-35 4966.6850000000004 15219.995000000003 0.81195000000000006
decision_type=2 2 2 2 2 2 2 2 2 2 2 2 2 2
left_child=1 -1 -3 5 -5 6 7 -2 9 13 -9 -11 -13 -8
right_child=3 2 -4 4 -6 -7 8 10 -10 11 -12 12 -14 -15
leaf_value=0.016934040543106994 0.024124578584571066 -0.099684986277409668 -0.0012023891778350805 0.051289906305164147 0.0025826815102672888 -0.064581444093830848 -0.0093028552607103358 -0.09364573507862485 0.058323593520705909 0.021362776124854807 -0.024417217698544283 -0.073997050297833808 0.024948252101426344 0.03827982121545357
leaf_weight=171.23271697340533 12.893671834841369 4.8643002519384053 15.212688381783662 19.852965990081429 165.35500910459086 12.778052112087606 23.242776792496443 11.933719634078443 9.1130248699337226 6.607590886764231 10.870271047577262 12.554553764872255 3.7879538582637897 19.84567828476429
leaf_count=604 32 43 74 31 652 175 67 86 25 26 52 123 18 22
internal_value=0.00465122 0.0125267 -0.025063 -0.000227272 0.00780375 -0.0122587 -0.0062272 -0.0300274 0.00507812 -0.00226952 -0.0606457 -0.0302108 -0.051063 0.0126128
internal_weight=500.145 191.31 20.077 308.835 185.208 123.627 110.849 35.6977 75.1516 66.0386 22.804 22.9501 16.3425 43.0885
internal_count=2030 721 117 1309 683 626 451 170 281 256 138 167 141 89
is_linear=0
shrinkage=0.05


Tree=73
num_leaves=15
num_cat=0
split_feature=7 4 6 14 12 13 12 12 13 3 4 4 8 5
split_gain=8.36973 10.5735 15.1888 11.5164 20.3161 15.4106 15.5519 26.1732 15.4944 23.0396 13.6077 11.67 10.0545 12.7429
threshold=1.5000000000000002 527.50000000000011 9.5000000000000018 1.0000000180025095e-35 304.50000000000006 0.14895000000000003 247.50000000000003 225.50000000000003 0.37415000000000004 54.000000000000007 576.50000000000011 546.50000000000011 1.5000000000000002 0.66760000000000008
decision_type=2 2 2 2 2 2 2 2 2 2 2 2 2 2
left_child=1 -1 -3 -4 5 -5 7 8 9 10 -7 -10 13 -13
right_child=-2 2 3 4 -6 6 -8 -9 11 -11 -12 12 -14 -15
leaf_value=0.024326919030772748 0.014929796591966424 -0.076684212499365773 0.025202816931871548 0.029961144067019559 -0.064060580459463723 -0.13447586916806276 -0.061738469188195026 0.047752878509035007 0.046233514587643569 0.024411651944357075 -0.041590735741675128 -0.036040797080023133 0.055006322453428763 0.0031052027121135518
leaf_weight=43.566812127828598 170.54453194560483 6.6654693167656651 38.261614705435932 34.619041232392192 13.436636738013474 4.4831345826387397 11.843988904729484 22.647486709058285 12.452065110206602 13.058446027338503 32.729745963588357 30.13266565464437 6.5417757928371421 67.042872425634414
leaf_count=68 557 75 106 110 115 22 93 40 14 65 257 262 8 211
internal_value=0.00590185 0.00133963 -0.00206776 -0.000336329 -0.00426089 -0.000849718 -0.00615819 -0.00267679 -0.00953872 -0.0327294 -0.0527809 0.000496845 -0.0049942 -0.00903338
internal_weight=508.026 337.482 293.915 287.249 248.988 235.551 200.932 189.088 166.441 50.2713 37.2129 116.169 103.717 97.1755
internal_count=2003 1446 1378 1303 1197 1082 972 879 839 344 279 495 481 473
is_linear=0
shrinkage=0.05


Tree=74
num_leaves=15
num_cat=0
split_feature=9 9 4 2 1 9 4 6 6 3 12 9 9 4
split_gain=7.98296 31.0317 27.0477 8.70605 11.2669 12.7228 16.0711 13.0663 11.8342 10.7526 9.08909 10.2959 16.0047 13.1572
threshold=6504.6350000000011 3663.1000000000008 557.50000000000011 86542.010000000024 3891.2700000000004 1487.7550000000003 660.50000000000011 127.50000000000001 107.50000000000001 30.000000000000004 36.500000000000007 1576.1850000000002 2814.3700000000003 559.50000000000011
decision_type=2 2 2 2 2 2 2 2 2 2 2 2 2 2
left_child=1 3 -3 4 -1 6 8 -8 -6 -10 -7 -12 13 -13
right_child=-2 2 -4 -5 5 10 7 -9 9 -11 11 12 -14 -15
leaf_value=0.023622446695117875 0.035822805939593361 0.009248277692589563 -0.077267049948542887 0.014690196571536801 -0.079221272687500066 0.037483741441876654 0.030248729386694224 -0.040485309035263817 0.0028885955583226276 -0.069440564986432626 0.047774608456076784 0.0076898426020995392 0.029400316918644389 -0.065207579904334428
leaf_weight=40.265940715558827 22.824582071043551 16.291401103138924 20.279919645283371 276.02937187021598 14.432489253580568 19.517125228885561 18.961880787741396 9.9572228509932739 15.260924076661469 7.7467388901859513 8.2959054559469205 10.164770513772966 14.137826027814297 15.828842437360434
leaf_count=123 57 30 237 830 98 69 108 82 42 55 14 22 59 176
internal_value=0.00692213 0.00556809 -0.0387271 0.00916316 0.00042382 -0.00653142 -0.0221034 0.00589408 -0.0437289 -0.0214648 0.00867723 -0.00293233 -0.0134144 -0.0367011
internal_weight=509.995 487.17 36.5713 450.599 174.57 134.304 66.3593 28.9191 37.4402 23.0077 67.9445 48.4273 40.1314 25.9936
internal_count=2002 1945 267 1678 848 725 385 190 195 97 340 271 257 198
is_linear=0
shrinkage=0.05


Tree=75
num_leaves=15
num_cat=0
split_feature=2 0 13 12 9 9 8 9 4 2 5 15 3 4
split_gain=17.6984 7.76614 7.21565 8.23864 9.88197 10.2161 10.306 16.667 14.5518 10.4482 13.6334 12.4602 12.8425 12.435
threshold=29777.835000000003 62.500000000000007 0.73555000000000004 386.50000000000006 181.25500000000002 6504.6350000000011 1.0000000180025095e-35 3663.1000000000008 502.50000000000006 114219.38500000002 0.65475000000000005 5.5000000000000009 42.000000000000007 643.50000000000011
decision_type=2 2 2 2 2 2 2 2 2 2 2 2 2 2
left_child=1 -1 3 4 -2 6 7 9 -9 10 11 12 -6 -12
right_child=2 -3 -4 -5 5 -7 -8 8 -10 -11 13 -13 -14 -15
leaf_value=-0.064310976735237113 0.045129805302794007 0.025858479699461541 0.025101723105140646 0.04112470847624676 -0.06829335599480954 0.036602858615050859 0.015686060654149663 0.046147800443929347 -0.060418983585874914 0.0099896314331687081 0.013326964239593099 -0.055967011446981324 0.020532452997941826 -0.028423284563561132
leaf_weight=12.22614226862788 14.542010259348897 2.9675699789077035 55.34725190885365 16.041772900149226 5.5660891178995398 21.669263228774071 94.604329889640212 3.8136122822761562 20.020370590966195 136.45247693033889 64.184541806578636 24.664340567309409 15.131424786988644 24.69741765409708
leaf_count=147 40 9 138 40 61 56 236 4 204 447 124 259 80 153
internal_value=0.00645784 -0.0466995 0.00808377 0.00594982 0.00462322 0.00318933 0.00132867 -0.00328298 -0.0433675 0.000246336 -0.00965726 -0.0319615 -0.00335507 0.00172592
internal_weight=511.929 15.1937 496.735 441.388 425.346 410.804 389.135 294.53 23.834 270.696 134.244 45.3619 20.6975 88.882
internal_count=1998 156 1842 1704 1664 1624 1568 1332 208 1124 677 400 141 277
is_linear=0
shrinkage=0.05


Tree=76
num_leaves=15
num_cat=0
split_feature=14 0 13 18 3 4 13 4 5 18 10 2 1 20
split_gain=14.1702 23.666 18.569 11.1805 10.6742 13.7993 9.78955 19.3848 9.70318 13.7585 15.6181 11.1538 10.7685 23.5163
threshold=9.5000000000000018 56.500000000000007 0.45785000000000003 1.0000000180025095e-35 42.000000000000007 627.50000000000011 0.78565000000000007 583.50000000000011 1.5479000000000001 1.0000000180025095e-35 29189.420000000002 56757.135000000002 7485.0300000000016 1.0000000180025095e-35
decision_type=2 2 2 2 2 2 2 2 2 2 2 2 2 2
left_child=8 2 4 6 5 -2 7 -4 9 -1 11 -11 -13 -14
right_child=1 -3 3 -5 -6 -7 -8 -9 -10 10 -12 12 13 -15
leaf_value=0.011115039936962688 0.0080102865557427905 -0.083166217091627984 0.024981350813351282 0.043060675468919257 -0.083229491798664637 -0.072413060194462919 0.044293967044101434 -0.080019109852596929 0.026862540829198801 -0.048945218574800151 -0.078304094966950372 0.026158866843555131 0.021616232932924459 -0.070979366806340746
leaf_weight=260.18385162670165 17.605047103017572 10.580992588773368 9.0507627800107056 21.69745237659663 7.8128886870108536 7.6521186605095854 6.8895477168261996 8.5461577037349326 64.150292426347733 11.995909121818839 8.1833937666378898 27.934143343940377 16.152291456237435 11.9150697151199
leaf_count=1046 43 88 16 44 77 92 13 79 91 103 90 68 54 82
internal_value=0.0050164 -0.0129306 -0.00355361 0.0169262 -0.0321546 -0.0163554 -0.00623162 -0.0260134 0.00904189 0.0056432 -0.0130451 -0.00519122 0.00418119 -0.0176922
internal_weight=490.35 89.835 79.254 46.1839 33.0701 25.2572 24.4865 17.5969 400.515 336.365 76.1808 67.9974 56.0015 28.0674
internal_count=1986 452 364 152 212 135 108 95 1534 1443 397 307 204 136
is_linear=0
shrinkage=0.05


Tree=77
num_leaves=15
num_cat=0
split_feature=13 2 3 2 2 6 11 0 6 2 13 1 2 13
split_gain=8.46167 10.4642 17.2335 14.1016 9.18562 10.1907 7.76161 12.9545 26.6697 23.8927 12.8996 19.6688 11.4013 15.1649
threshold=0.73555000000000004 38870.075000000004 54.000000000000007 40404.960000000006 52997.000000000007 119.50000000000001 1.0000000180025095e-35 23.500000000000004 54.500000000000007 124367.12500000001 0.27600000000000008 11091.340000000002 86542.010000000024 0.43035000000000007
decision_type=2 2 2 2 2 2 2 2 2 2 2 2 2 2
left_child=1 2 -1 -3 5 -5 -6 -8 9 -9 -10 12 -12 -14
right_child=-2 3 -4 4 6 -7 7 8 10 -11 11 -13 13 -15
leaf_value=-0.056590247745328427 0.024502991557748974 0.056486919825807162 0.024896670662812242 -0.0043184226553447946 0.014910837855479126 -0.076608440389584309 0.033467843420966668 -0.012510443777041384 0.020234359124731767 -0.094716033110965728 -0.025773064111669342 -0.047829100452806111 -0.028749399070202165 0.026902627228480094
leaf_weight=17.843435351271182 48.987232262268662 12.694728113710879 10.195951712783428 14.552247480489315 126.12501206062734 7.3311351984739295 25.565135016106069 24.584324758034199 72.33630023477599 13.800955133978276 24.380805929191411 23.216291804797947 15.928799641318617 52.873699956573546
leaf_count=208 134 21 43 92 401 68 67 128 225 115 142 176 70 128
internal_value=0.00478763 0.00259974 -0.0269592 0.00460466 0.00296094 -0.0285362 0.00478048 -0.000275948 -0.00407421 -0.0420665 0.00365269 -0.00665195 0.00360719 0.0140184
internal_weight=490.416 441.429 28.0394 413.389 400.695 21.8834 378.811 252.686 227.121 38.3853 188.736 116.4 93.1833 68.8025
internal_count=2018 1884 251 1633 1612 160 1452 1051 984 243 741 516 340 198
is_linear=0
shrinkage=0.05


Tree=78
num_leaves=15
num_cat=0
split_feature=4 2 2 2 13 5 5 13 14 10 5 13 1 5
split_gain=8.06849 10.8292 17.9462 15.4848 20.4467 9.31943 17.1684 14.0145 14.2772 13.5634 19.074 14.6426 17.9897 27.4904
threshold=527.50000000000011 52997.000000000007 43710.92500000001 38870.075000000004 0.60805000000000009 0.50940000000000007 0.63395000000000012 0.45575000000000004 10.500000000000002 397.97000000000008 1.7307000000000003 0.27380000000000004 5276.9000000000005 0.78730000000000011
decision_type=2 2 2 2 2 2 2 2 2 2 2 2 2 2
left_child=-1 2 3 4 -2 -3 -7 9 -9 -8 11 -11 -13 -14
right_child=1 5 -4 -5 -6 6 7 8 -10 10 -12 12 13 -15
leaf_value=0.021360214801422358 -0.06495751658308456 0.020188617413694435 -0.070575047987164921 0.037458990514777094 0.02281151003886752 -0.037095595483371921 0.050221899972780572 0.022270097383720794 -0.034190681303955341 0.0097875755010917252 -0.067124919433343977 0.023483337020108304 -0.0060270392089503176 -0.10070861376383744
leaf_weight=62.412847861647606 14.83837934676558 80.869331748690456 12.760820180177687 15.194182014092801 12.003488302230833 26.842331354506314 9.9391315560787898 115.64477652776986 12.396962370723484 73.063850665464997 13.294941693544386 12.672601756174116 17.647296146024022 13.55498027987778
leaf_count=103 197 394 133 56 47 246 13 276 52 224 45 25 85 97
internal_value=0.00455883 0.00212427 -0.0186413 -0.00287581 -0.0257078 0.00515116 0.00102969 0.00484518 0.0168036 -0.00607829 -0.010375 -0.00392301 -0.0267549 -0.0471589
internal_weight=493.136 430.723 54.7969 42.036 26.8419 375.926 295.057 268.215 128.042 140.173 130.234 116.939 43.8749 31.2023
internal_count=1993 1890 433 300 244 1457 1063 817 328 489 476 431 207 182
is_linear=0
shrinkage=0.05


Tree=79
num_leaves=15
num_cat=0
split_feature=10 10 1 15 2 2 12 1 12 2 13 15 2 7
split_gain=8.49747 10.8128 16.6245 13.2276 9.65856 8.6491 13.9341 13.6296 8.63644 9.15623 12.9613 13.1675 11.9069 10.9265
threshold=24438.300000000007 15118.375000000002 9387.4400000000005 24.500000000000004 261308.52500000002 127943.28000000001 35.500000000000007 4514.1200000000008 7.5000000000000009 91367.075000000012 0.51895000000000013 27.500000000000004 45757.10500000001 2.5000000000000004
decision_type=2 2 2 2 2 2 2 2 2 2 2 2 2 2
left_child=1 4 5 -4 8 6 -3 -8 -1 10 11 12 -10 -14
right_child=-2 2 3 -5 -6 -7 7 -9 9 -11 -12 -13 13 -15
leaf_value=-0.042745940765773593 0.018073300583935387 0.030660940477035777 -0.08610272282467088 0.019334447859311141 -0.041474333602710856 0.032643380569225187 0.032032472518389248 -0.064947958010341797 -0.066947063857033737 0.017420242986930758 0.015246956508426172 0.032593689472806192 -0.026343963261116793 0.034637628004455211
leaf_weight=8.1484777843579632 119.73689503967762 10.522278847172858 12.125461335759612 3.9416034175083032 10.175470946356652 13.429628927260636 4.8233903758227852 14.556050885003058 13.352995651774107 162.83046369347721 68.002421665936708 11.691623806022106 33.159093531779945 9.4357613250613195
leaf_count=49 495 27 117 10 47 26 11 105 163 439 235 39 203 27
internal_value=0.00647228 0.00277985 -0.0167967 -0.0602367 0.00645039 -0.000689321 -0.0156599 -0.0408103 0.00804082 0.00942733 -0.000167723 -0.0156651 -0.0257499 -0.0128351
internal_weight=495.932 376.195 59.3984 16.0671 316.796 43.3313 29.9017 19.3794 306.621 298.472 135.642 67.6395 55.9479 42.5949
internal_count=1993 1498 296 127 1202 169 143 116 1155 1106 667 432 393 230
is_linear=0
shrinkage=0.05


end of trees

feature_importances:
bureau_score=153
dti=110
existing_obligations_sar=99
loan_amount_sar=95
savings_balance_sar=84
income_sar=80
months_employed=80
utilization_ratio=78
credit_history_months=77
age=54
num_open_accounts=44
residence_years=38
recent_inquiries=30
prior_defaults=25
tenor_months=21
salary_transfer=16
region_eastern=10
region_central=6
employment_government=6
region_western=5
employment_self_employed=5
employment_private=4

parameters:
[boosting: gbdt]
[objective: binary]
[metric: binary_logloss]
[tree_learner: serial]
[device_type: cpu]
[data_sample_strategy: bagging]
[data: ]
[valid: ]
[num_iterations: 80]
[learning_rate: 0.05]
[num_leaves: 15]
[num_threads: 2]
[seed: 211]
[deterministic: 1]
[force_col_wise: 1]
[force_row_wise: 0]
[histogram_pool_size: -1]
[max_depth: -1]
[min_data_in_leaf: 30]
[min_sum_hessian_in_leaf: 0.001]
[bagging_fraction: 0.8]
[pos_bagging_fraction: 1]
[neg_bagging_fraction: 1]
[bagging_freq: 1]
[bagging_seed: 14641]
[bagging_by_query: 0]
[feature_fraction: 0.8]
[feature_fraction_bynode: 1]
[feature_fraction_seed: 756]
[extra_trees: 0]
[extra_seed: 21137]
[early_stopping_round: 0]
[early_stopping_min_delta: 0]
[first_metric_only: 0]
[max_delta_step: 0]
[lambda_l1: 0]
[lambda_l2: 0]
[linear_lambda: 0]
[min_gain_to_split: 0]
[drop_rate: 0.1]
[max_drop: 50]
[skip_drop: 0.5]
[xgboost_dart_mode: 0]
[uniform_drop: 0]
[drop_seed: 22258]
[top_rate: 0.2]
[other_rate: 0.1]
[min_data_per_group: 100]
[max_cat_threshold: 32]
[cat_l2: 10]
[cat_smooth: 10]
[max_cat_to_onehot: 4]
[top_k: 20]
[monotone_constraints: ]
[monotone_constraints_method: basic]
[monotone_penalty: 0]
[feature_contri: ]
[forcedsplits_filename: ]
[refit_decay_rate: 0.9]
[cegb_tradeoff: 1]
[cegb_penalty_split: 0]
[cegb_penalty_feature_lazy: ]
[cegb_penalty_feature_coupled: ]
[path_smooth: 0]
[interaction_constraints: ]
[verbosity: -1]
[saved_feature_importance_type: 0]
[use_quantized_grad: 0]
[num_grad_quant_bins: 4]
[quant_train_renew_leaf: 0]
[stochastic_rounding: 1]
[linear_tree: 0]
[max_bin: 255]
[max_bin_by_feature: ]
[min_data_in_bin: 3]
[bin_construct_sample_cnt: 200000]
[data_random_seed: 727]
[is_enable_sparse: 1]
[enable_bundle: 1]
[use_missing: 1]
[zero_as_missing: 0]
[feature_pre_filter: 1]
[pre_partition: 0]
[two_round: 0]
[header: 0]
[label_column: ]
[weight_column: ]
[group_column: ]
[ignore_column: ]
[categorical_feature: ]
[forcedbins_filename: ]
[precise_float_parser: 0]
[parser_config_file: ]
[objective_seed: 22542]
[num_class: 1]
[is_unbalance: 0]
[scale_pos_weight: 10.5945]
[sigmoid: 1]
[boost_from_average: 1]
[reg_sqrt: 0]
[alpha: 0.9]
[fair_c: 1]
[poisson_max_delta_step: 0.7]
[tweedie_variance_power: 1.5]
[lambdarank_truncation_level: 30]
[lambdarank_norm: 1]
[label_gain: ]
[lambdarank_position_bias_regularization: 0]
[eval_at: ]
[multi_error_top_k: 1]
[auc_mu_weights: ]
[num_machines: 1]
[local_listen_port: 12400]
[time_out: 120]
[machine_list_filename: ]
[machines: ]
[gpu_platform_id: -1]
[gpu_device_id: -1]
[gpu_use_dp: 0]
[num_gpu: 1]

end of parameters

pandas_categorical:[]
