application_id,customer_id,application_date,default_within_90d,role,raw_probability,calibrated_probability,source
TR-001903,TR-C02246,2023-07-01,0,calibration,0.171812634616111,0.028751189722040108,LIVE
TR-003860,TR-C04324,2023-07-01,0,calibration,0.03019796794015618,0.014983893323011031,LIVE
TR-005249,TR-C05132,2023-07-01,0,calibration,0.17302646569368307,0.02891097416651816,LIVE
TR-006221,TR-C03560,2023-07-01,0,calibration,0.035376928071070735,0.015347531659712681,LIVE
TR-007007,TR-C04158,2023-07-01,0,calibration,0.03945839593978354,0.01564021887552342,LIVE
TR-008965,TR-C01587,2023-07-01,0,calibration,0.19537645130646547,0.03201159190633767,LIVE
TR-009295,TR-C02342,2023-07-01,0,calibration,0.5518933870773265,0.15020234779665168,LIVE
TR-009443,TR-C02589,2023-07-01,0,calibration,0.006681874991187285,0.013436679290613507,LIVE
TR-004269,TR-C04399,2023-07-02,0,calibration,0.033712062751585954,0.015229696288670222,LIVE
TR-006329,TR-C04382,2023-07-02,0,calibration,0.022778321266579905,0.014477668539308127,LIVE
TR-007909,TR-C05084,2023-07-02,0,calibration,0.025948208330535304,0.014691847204100116,LIVE
TR-009312,TR-C05046,2023-07-02,0,calibration,0.021845177310681377,0.014415207299924074,LIVE
TR-001014,TR-C04398,2023-07-03,0,calibration,0.5830458080695035,0.1698688842247463,LIVE
TR-001238,TR-C01823,2023-07-03,0,calibration,0.22551530817598783,0.0367056252195299,LIVE
TR-002173,TR-C00902,2023-07-03,0,calibration,0.05808019293185301,0.01704681112183453,LIVE
TR-004614,TR-C04421,2023-07-03,0,calibration,0.09010938230318553,0.01976231470890418,LIVE
TR-006729,TR-C02655,2023-07-03,0,calibration,0.5035474786111068,0.12343399779965819,LIVE
TR-006755,TR-C01933,2023-07-03,0,calibration,0.14385492789915855,0.025299584175285127,LIVE
TR-007516,TR-C04832,2023-07-03,0,calibration,0.03509266525096194,0.015327348836484135,LIVE
TR-008430,TR-C04956,2023-07-03,0,calibration,0.05177745496288375,0.016557342807228956,LIVE
TR-000202,TR-C05833,2023-07-04,0,calibration,0.030446336455855302,0.015001137089477512,LIVE
TR-000239,TR-C04200,2023-07-04,0,calibration,0.0775579751581879,0.018651031382398847,LIVE
TR-000423,TR-C06198,2023-07-04,0,calibration,0.03138467490282612,0.015066460749917661,LIVE
TR-002446,TR-C02380,2023-07-04,0,calibration,0.10526294389495351,0.021190662913010076,LIVE
TR-003336,TR-C00106,2023-07-04,0,calibration,0.5073589146319019,0.12538590134257327,LIVE
TR-004012,TR-C00530,2023-07-04,0,calibration,0.22336133365648564,0.03634924190390086,LIVE
TR-006247,TR-C00702,2023-07-04,0,calibration,0.06451570995481247,0.017561257549910413,LIVE
TR-006303,TR-C05642,2023-07-04,0,calibration,0.024172670556385997,0.014571498423997329,LIVE
TR-006633,TR-C05691,2023-07-04,0,calibration,0.5064930710126475,0.12494017952350438,LIVE
TR-006741,TR-C00181,2023-07-04,0,calibration,0.30196892001699766,0.05175977101543238,LIVE
TR-006758,TR-C05993,2023-07-04,0,calibration,0.39608479741855235,0.07831069792566159,LIVE
TR-009495,TR-C02702,2023-07-04,0,calibration,0.62017599304585,0.19591955392452157,LIVE
TR-001254,TR-C02499,2023-07-05,0,calibration,0.11233799740110224,0.021891675244306397,LIVE
TR-002479,TR-C01210,2023-07-05,0,calibration,0.04130702318934811,0.015774587217800937,LIVE
TR-003394,TR-C05109,2023-07-05,0,calibration,0.034783088566778475,0.015305398435969593,LIVE
TR-004352,TR-C03014,2023-07-05,0,calibration,0.36113958928568085,0.06724416313642839,LIVE
TR-005927,TR-C00642,2023-07-05,0,calibration,0.05725014770399173,0.016981546010546262,LIVE
TR-007092,TR-C05200,2023-07-05,0,calibration,0.1561429798552441,0.026763922011369318,LIVE
TR-008635,TR-C02010,2023-07-05,1,calibration,0.09558562740217669,0.020267269519655753,LIVE
TR-002708,TR-C02775,2023-07-06,0,calibration,0.0301970574393336,0.014983830144548268,LIVE
TR-002966,TR-C03303,2023-07-06,0,calibration,0.0694968430784177,0.017969882851714147,LIVE
TR-006551,TR-C01755,2023-07-06,0,calibration,0.055103305386696,0.01681388005428137,LIVE
TR-007278,TR-C03702,2023-07-06,1,calibration,0.6272282044567479,0.20119530984545927,LIVE
TR-007378,TR-C03511,2023-07-06,0,calibration,0.8727408243337776,0.4440843180404913,LIVE
TR-009908,TR-C03358,2023-07-06,0,calibration,0.2609645012889405,0.04307549030099368,LIVE
TR-000384,TR-C05070,2023-07-07,0,calibration,0.05165847552645172,0.016548237056398785,LIVE
TR-003401,TR-C04397,2023-07-07,0,calibration,0.8220626616360872,0.3863081820353001,LIVE
TR-004268,TR-C03494,2023-07-07,1,calibration,0.6995299032384292,0.26135736924084707,LIVE
TR-004572,TR-C06151,2023-07-07,0,calibration,0.01596402611464008,0.014027611139451527,LIVE
TR-005046,TR-C05035,2023-07-07,0,calibration,0.23626064872779598,0.03853424810994232,LIVE
TR-007632,TR-C03132,2023-07-07,0,calibration,0.164272332791624,0.02777764313530121,LIVE
TR-007837,TR-C02012,2023-07-07,0,calibration,0.013067854180902835,0.013840532794645302,LIVE
TR-008090,TR-C05941,2023-07-07,0,calibration,0.11348981747179449,0.022007926321838935,LIVE
TR-008714,TR-C02512,2023-07-07,0,calibration,0.10594369537727931,0.021257147121780368,LIVE
TR-009031,TR-C05840,2023-07-07,0,calibration,0.674193732713568,0.2390237088325038,LIVE
TR-000741,TR-C05570,2023-07-08,0,calibration,0.05977883985939501,0.017181142240324864,LIVE
TR-002863,TR-C04185,2023-07-08,0,calibration,0.7010407567699135,0.26273093056937663,LIVE
TR-003561,TR-C00834,2023-07-08,0,calibration,0.24205937048721926,0.039557083135718575,LIVE
TR-004508,TR-C04706,2023-07-08,0,calibration,0.007678467016980667,0.013498930290284773,LIVE
TR-006533,TR-C05585,2023-07-08,0,calibration,0.2193878618360808,0.035700534438756266,LIVE
TR-007479,TR-C03321,2023-07-08,0,calibration,0.02051128265175623,0.014326382113225232,LIVE
TR-008903,TR-C01385,2023-07-08,0,calibration,0.05433681299028191,0.016754412901272952,LIVE
TR-009283,TR-C01307,2023-07-08,0,calibration,0.04682783615422126,0.016182667311928616,LIVE
TR-009530,TR-C02613,2023-07-08,0,calibration,0.07206603400835412,0.01818427984958811,LIVE
TR-009864,TR-C03296,2023-07-08,0,calibration,0.7344801304006124,0.29429541570763507,LIVE
TR-000633,TR-C00771,2023-07-09,1,calibration,0.7511750750912725,0.310855235520076,LIVE
TR-001713,TR-C05921,2023-07-09,0,calibration,0.5124319841081342,0.1280248717864171,LIVE
TR-001848,TR-C01979,2023-07-09,0,calibration,0.024175509626214217,0.014571690083267636,LIVE
TR-002099,TR-C04105,2023-07-09,0,calibration,0.2845497845197054,0.047884799576752304,LIVE
TR-007345,TR-C04705,2023-07-09,0,calibration,0.14990888717398596,0.026011000098587703,LIVE
TR-008384,TR-C01760,2023-07-09,1,calibration,0.49275403415076996,0.11804771307191275,LIVE
TR-009260,TR-C05706,2023-07-09,0,calibration,0.37917557552652503,0.07276176243837996,LIVE
TR-001332,TR-C05856,2023-07-10,0,calibration,0.31925933998544725,0.055897952145254594,LIVE
TR-002212,TR-C03579,2023-07-10,0,calibration,0.13007288447042026,0.023749997870027788,LIVE
TR-002362,TR-C06106,2023-07-10,0,calibration,0.016264669604942064,0.014047173453492596,LIVE
TR-003630,TR-C02574,2023-07-10,0,calibration,0.009820423003266875,0.013633689438759608,LIVE
TR-003922,TR-C00675,2023-07-10,0,calibration,0.19441049353655848,0.031871170144496946,LIVE
TR-008501,TR-C00396,2023-07-10,0,calibration,0.007941931620373243,0.013515434796229285,LIVE
TR-000093,TR-C05355,2023-07-11,0,calibration,0.20468259750357637,0.03339542184685648,LIVE
TR-000630,TR-C01534,2023-07-11,0,calibration,0.5688313124057165,0.1606521222983601,LIVE
TR-002944,TR-C03741,2023-07-11,0,calibration,0.020194135013681114,0.014305342473764244,LIVE
TR-003783,TR-C02531,2023-07-11,0,calibration,0.32709044647610064,0.05787296203460849,LIVE
TR-004318,TR-C03037,2023-07-11,0,calibration,0.028709416977960592,0.014880954320635508,LIVE
TR-004900,TR-C04869,2023-07-11,0,calibration,0.19350251138525418,0.03173971958693826,LIVE
TR-005145,TR-C01330,2023-07-11,0,calibration,0.40606387094060686,0.0817646335236128,LIVE
TR-008108,TR-C02046,2023-07-11,0,calibration,0.2513107466100626,0.04124301318668872,LIVE
TR-008389,TR-C05778,2023-07-11,0,calibration,0.021379124651978037,0.014384110944676025,LIVE
TR-000437,TR-C03045,2023-07-12,0,calibration,0.10626541244612553,0.02128863792932642,LIVE
TR-001392,TR-C04847,2023-07-12,0,calibration,0.02997372996263388,0.014968341663562288,LIVE
TR-001884,TR-C01755,2023-07-12,0,calibration,0.34401296634086503,0.0623664742041527,LIVE
TR-003924,TR-C01288,2023-07-12,0,calibration,0.20789799793585964,0.03388684802276198,LIVE
TR-004236,TR-C04318,2023-07-12,0,calibration,0.03450050398994016,0.01528538891774963,LIVE
TR-005909,TR-C02410,2023-07-12,0,calibration,0.036387629862084755,0.015419504166195842,LIVE
TR-006508,TR-C04409,2023-07-12,0,calibration,0.6767578285125452,0.24122324509410853,LIVE
TR-008312,TR-C03901,2023-07-12,0,calibration,0.07429160884373609,0.018372030251093224,LIVE
TR-009139,TR-C02800,2023-07-12,0,calibration,0.05188279921069743,0.016565409139447446,LIVE
TR-009195,TR-C02302,2023-07-12,0,calibration,0.009542458528182553,0.01361612693112434,LIVE
TR-000407,TR-C01507,2023-07-13,0,calibration,0.03400936915828678,0.015250673432829214,LIVE
TR-006240,TR-C03866,2023-07-13,0,calibration,0.3693532191914374,0.0697070428548404,LIVE
TR-007359,TR-C05624,2023-07-13,0,calibration,0.3832733778038558,0.0740722804578558,LIVE
TR-007700,TR-C03800,2023-07-13,0,calibration,0.05591126261033731,0.016876788790823282,LIVE
TR-007792,TR-C05067,2023-07-13,0,calibration,0.6964816570141706,0.2586002811987995,LIVE
TR-000110,TR-C01913,2023-07-14,0,calibration,0.13701430139029755,0.02451852284685568,LIVE
TR-001753,TR-C04736,2023-07-14,0,calibration,0.07294458493690173,0.01825816874264873,LIVE
TR-003098,TR-C00448,2023-07-14,0,calibration,0.7582966116532909,0.3180726583103444,LIVE
TR-004349,TR-C01586,2023-07-14,1,calibration,0.6277993243422479,0.20162718245664876,LIVE
TR-004717,TR-C04730,2023-07-14,0,calibration,0.07337677675064641,0.01829462548196588,LIVE
TR-007302,TR-C01544,2023-07-14,1,calibration,0.889211815944051,0.46327464434804316,LIVE
TR-008574,TR-C06216,2023-07-14,0,calibration,0.08669187421099622,0.019453460887815185,LIVE
TR-000203,TR-C00086,2023-07-15,0,calibration,0.035828810672745945,0.015379669446668258,LIVE
TR-000614,TR-C01492,2023-07-15,1,calibration,0.8545270396394068,0.4230582660222362,LIVE
TR-000665,TR-C01407,2023-07-15,0,calibration,0.1406920972807366,0.024935485247754827,LIVE
TR-001034,TR-C01888,2023-07-15,0,calibration,0.6638225202640002,0.23026809017496197,LIVE
TR-002127,TR-C00580,2023-07-15,0,calibration,0.038842191007032505,0.015595680518150119,LIVE
TR-003902,TR-C04827,2023-07-15,0,calibration,0.6390242655725173,0.21025599134256348,LIVE
TR-007667,TR-C06419,2023-07-15,0,calibration,0.1209168852878502,0.0227721459500225,LIVE
TR-007891,TR-C04314,2023-07-15,0,calibration,0.009013641624796644,0.0135827765019018,LIVE
TR-008020,TR-C01737,2023-07-15,0,calibration,0.09974416499113503,0.020659140996942667,LIVE
TR-008191,TR-C05461,2023-07-15,0,calibration,0.29012881648152944,0.049094905241989534,LIVE
TR-008632,TR-C02562,2023-07-15,0,calibration,0.45095334727827674,0.09907291036332487,LIVE
TR-000464,TR-C01788,2023-07-16,0,calibration,0.014571982443391219,0.013937382929051507,LIVE
TR-003232,TR-C01378,2023-07-16,0,calibration,0.028030999823139068,0.0148342705303537,LIVE
TR-003994,TR-C05524,2023-07-16,0,calibration,0.19246268502921454,0.031589825758882584,LIVE
TR-005395,TR-C00551,2023-07-16,0,calibration,0.5855562614490123,0.1715396851735272,LIVE
TR-005548,TR-C03348,2023-07-16,0,calibration,0.07050148391754103,0.018053422293460557,LIVE
TR-006186,TR-C00708,2023-07-16,0,calibration,0.09420415695245851,0.02013870725984952,LIVE
TR-008647,TR-C00559,2023-07-16,0,calibration,0.11269366205520959,0.021927507611569245,LIVE
TR-009043,TR-C04750,2023-07-16,0,calibration,0.45339548458337514,0.10010243135926698,LIVE
TR-009859,TR-C00020,2023-07-16,0,calibration,0.47701141188804963,0.11055736587593352,LIVE
TR-000111,TR-C00441,2023-07-17,0,calibration,0.3690542374399637,0.06961594670570549,LIVE
TR-005043,TR-C06214,2023-07-17,0,calibration,0.05339972478281522,0.01668199115659741,LIVE
TR-005199,TR-C06356,2023-07-17,0,calibration,0.13610357083079583,0.024416325192604133,LIVE
TR-006162,TR-C03855,2023-07-17,0,calibration,0.18802677187668426,0.03095803425409384,LIVE
TR-007451,TR-C01982,2023-07-17,0,calibration,0.18454855688459113,0.030471216841560574,LIVE
TR-007908,TR-C03640,2023-07-17,0,calibration,0.10617836425540914,0.021280112843031586,LIVE
TR-008767,TR-C04409,2023-07-17,0,calibration,0.2101873289044976,0.03424098344891612,LIVE
TR-005780,TR-C01247,2023-07-18,0,calibration,0.5372018741266722,0.14159748712176354,LIVE
TR-004842,TR-C00922,2023-07-19,0,calibration,0.07624934954743975,0.018538757752737254,LIVE
TR-005856,TR-C02466,2023-07-19,0,calibration,0.081989650802544,0.019036223575460313,LIVE
TR-007580,TR-C02797,2023-07-19,0,calibration,0.029069127139141577,0.01490576565661544,LIVE
TR-009037,TR-C03501,2023-07-19,0,calibration,0.03389686664956792,0.01524273221359887,LIVE
TR-009476,TR-C03995,2023-07-19,0,calibration,0.19382437155247997,0.03178625588084354,LIVE
TR-001529,TR-C02571,2023-07-20,0,calibration,0.012895686667840517,0.013829489417991205,LIVE
TR-007603,TR-C02520,2023-07-20,0,calibration,0.016809853634685356,0.01408271618884219,LIVE
TR-009441,TR-C00526,2023-07-20,0,calibration,0.11967661347795645,0.022642747157514662,LIVE
TR-000461,TR-C01996,2023-07-21,0,calibration,0.014119169723494092,0.01390815644051266,LIVE
TR-001772,TR-C06074,2023-07-21,0,calibration,0.07993383351183266,0.018856575586577464,LIVE
TR-002176,TR-C05536,2023-07-21,0,calibration,0.1181003677120187,0.022479331961506192,LIVE
TR-002633,TR-C00299,2023-07-21,0,calibration,0.3654637118742326,0.06853052965066408,LIVE
TR-002970,TR-C01862,2023-07-21,0,calibration,0.8410126013842335,0.40763101697678017,LIVE
TR-003014,TR-C04861,2023-07-21,1,calibration,0.7971692941213382,0.35895799763561814,LIVE
TR-005200,TR-C03415,2023-07-21,0,calibration,0.0677686211077701,0.017827062130079032,LIVE
TR-005352,TR-C04533,2023-07-21,0,calibration,0.5205077859636544,0.13232350094950654,LIVE
TR-009024,TR-C04030,2023-07-21,0,calibration,0.13193970054492676,0.02395434288330225,LIVE
TR-001722,TR-C01061,2023-07-22,0,calibration,0.3206581923212117,0.05624603049997647,LIVE
TR-004138,TR-C01177,2023-07-22,0,calibration,0.14535275009281004,0.025473812502155704,LIVE
TR-005792,TR-C03954,2023-07-22,0,calibration,0.16840235728875264,0.028306845611504868,LIVE
TR-006386,TR-C00292,2023-07-22,0,calibration,0.2533294780298384,0.04161993461548267,LIVE
TR-006799,TR-C05892,2023-07-22,0,calibration,0.28145027768295006,0.047224802618749166,LIVE
TR-007241,TR-C05095,2023-07-22,0,calibration,0.14228407425007164,0.025118107819076606,LIVE
TR-002237,TR-C06396,2023-07-23,0,calibration,0.5814882429456284,0.16883878797996935,LIVE
TR-009289,TR-C01812,2023-07-23,1,calibration,0.026649419906135202,0.01473964569093199,LIVE
TR-000322,TR-C02810,2023-07-24,0,calibration,0.37799478775725154,0.07238811838075436,LIVE
TR-002627,TR-C06038,2023-07-24,0,calibration,0.046745537438760074,0.01617650848577327,LIVE
TR-009510,TR-C02879,2023-07-24,0,calibration,0.6289733933346943,0.20251717176123188,LIVE
TR-000402,TR-C01441,2023-07-25,0,calibration,0.1638847579427907,0.02772847717264112,LIVE
TR-000804,TR-C05462,2023-07-25,0,calibration,0.13818472346313024,0.024650474277582126,LIVE
TR-002873,TR-C00033,2023-07-25,1,calibration,0.8691318055428621,0.4398996320834463,LIVE
TR-004005,TR-C05761,2023-07-25,0,calibration,0.10805579258030758,0.02146472208251491,LIVE
TR-004762,TR-C00921,2023-07-25,0,calibration,0.034221064030829224,0.01526562739235526,LIVE
TR-005223,TR-C01561,2023-07-25,0,calibration,0.03540912913006986,0.015349819602396165,LIVE
TR-005483,TR-C05024,2023-07-25,0,calibration,0.11997429861076624,0.0226737392840899,LIVE
TR-005788,TR-C00768,2023-07-25,1,calibration,0.3373396744656741,0.060556849200474654,LIVE
TR-006979,TR-C01358,2023-07-25,0,calibration,0.1338845284867019,0.024169051067299684,LIVE
TR-008650,TR-C00279,2023-07-25,0,calibration,0.11372474836892754,0.022031711450306985,LIVE
TR-008859,TR-C04816,2023-07-25,0,calibration,0.734959482606289,0.2947636723708102,LIVE
TR-009488,TR-C00305,2023-07-25,0,calibration,0.03431246023152301,0.015272088008910492,LIVE
TR-000995,TR-C01444,2023-07-26,0,calibration,0.2935827482853733,0.049858549147381755,LIVE
TR-001053,TR-C03276,2023-07-26,0,calibration,0.8653997704344869,0.4355812811052798,LIVE
TR-001569,TR-C01311,2023-07-26,0,calibration,0.14273376258171228,0.025169929109802255,LIVE
TR-005269,TR-C05276,2023-07-26,0,calibration,0.19432913617920186,0.031859370420631826,LIVE
TR-006331,TR-C06101,2023-07-26,0,calibration,0.10327907403230276,0.020998070508477736,LIVE
TR-006452,TR-C02210,2023-07-26,0,calibration,0.08009762361034814,0.01887082724779716,LIVE
TR-006593,TR-C05360,2023-07-26,0,calibration,0.03464309621848421,0.015295482503280644,LIVE
TR-007877,TR-C03830,2023-07-26,0,calibration,0.02203950239677772,0.014428192780898302,LIVE
TR-009150,TR-C01850,2023-07-26,0,calibration,0.03483035886083263,0.015308748112658302,LIVE
TR-001408,TR-C01696,2023-07-27,0,calibration,0.032973049899599614,0.015177676509963036,LIVE
TR-002443,TR-C02117,2023-07-27,1,calibration,0.17179133380167036,0.02874839342280746,LIVE
TR-004214,TR-C00266,2023-07-27,0,calibration,0.08716111275141372,0.019495585977584294,LIVE
TR-005940,TR-C03272,2023-07-27,0,calibration,0.12772136419963673,0.023495015613434662,LIVE
TR-006222,TR-C04755,2023-07-27,0,calibration,0.6205889808273253,0.19622560396665445,LIVE
TR-006501,TR-C01583,2023-07-27,0,calibration,0.16695629742544713,0.02812044970084401,LIVE
TR-009041,TR-C06383,2023-07-27,1,calibration,0.8446139120512435,0.41172561302224964,LIVE
TR-009695,TR-C04939,2023-07-27,0,calibration,0.17546896398074266,0.029235111125741873,LIVE
TR-002596,TR-C04398,2023-07-28,0,calibration,0.03667567004948502,0.015440076394959886,LIVE
TR-002646,TR-C04084,2023-07-28,0,calibration,0.030815212422460526,0.015026783536304765,LIVE
TR-009453,TR-C01706,2023-07-28,0,calibration,0.0969824038448759,0.02039807324411356,LIVE
TR-009870,TR-C03159,2023-07-28,0,calibration,0.05079520251640951,0.016482316224966754,LIVE
TR-001177,TR-C03482,2023-07-29,0,calibration,0.07556911406832541,0.018480659091563816,LIVE
TR-002861,TR-C01267,2023-07-29,0,calibration,0.8741050922957314,0.44566829895609816,LIVE
TR-004216,TR-C01490,2023-07-29,0,calibration,0.08002873211151582,0.01886483159194563,LIVE
TR-004397,TR-C03956,2023-07-29,0,calibration,0.11882749592692086,0.022554572353686228,LIVE
TR-008148,TR-C04062,2023-07-29,0,calibration,0.6779077824152235,0.2422141732571825,LIVE
TR-001647,TR-C03917,2023-07-30,0,calibration,0.02720238006511959,0.01477744653257599,LIVE
TR-002409,TR-C06156,2023-07-30,0,calibration,0.3596492279881279,0.06680601688505228,LIVE
TR-002946,TR-C02838,2023-07-30,0,calibration,0.04066398043064755,0.015727719002788562,LIVE
TR-005124,TR-C04470,2023-07-30,0,calibration,0.21325348813467904,0.03472088196211165,LIVE
TR-006166,TR-C00312,2023-07-30,1,calibration,0.7783170273571812,0.33882820403184893,LIVE
TR-006399,TR-C05566,2023-07-30,0,calibration,0.6081043695569942,0.1871329886194576,LIVE
TR-007138,TR-C00718,2023-07-30,0,calibration,0.09257156288228673,0.019987804469009666,LIVE
TR-009221,TR-C00350,2023-07-30,0,calibration,0.020502064103457555,0.01432577012274534,LIVE
TR-000813,TR-C00182,2023-07-31,0,calibration,0.23452698953924206,0.03823340972399556,LIVE
TR-003373,TR-C01740,2023-07-31,0,calibration,0.159285112635816,0.027151405189182885,LIVE
TR-003453,TR-C03513,2023-07-31,0,calibration,0.07294267467591078,0.018258007764491973,LIVE
TR-003686,TR-C06474,2023-07-31,0,calibration,0.05680853459748561,0.01694692282690169,LIVE
TR-005187,TR-C03945,2023-07-31,0,calibration,0.18222623438138832,0.030150316851641715,LIVE
TR-002768,TR-C04707,2023-08-01,0,calibration,0.015182067746475025,0.01397685623383431,LIVE
TR-003766,TR-C05075,2023-08-01,0,calibration,0.08767417947139118,0.01954174799069775,LIVE
TR-008492,TR-C00013,2023-08-01,0,calibration,0.08415659732124631,0.019227399412449435,LIVE
TR-000261,TR-C05438,2023-08-02,0,calibration,0.7462848703358064,0.30595164943618,LIVE
TR-001936,TR-C05768,2023-08-02,0,calibration,0.08418100487734022,0.019229563419828052,LIVE
TR-009959,TR-C00023,2023-08-02,0,calibration,0.24636761841954663,0.04033381726620323,LIVE
TR-003974,TR-C04806,2023-08-03,0,calibration,0.11482653623475256,0.022143595504710928,LIVE
TR-004818,TR-C05199,2023-08-03,0,calibration,0.575370248469574,0.1648408007804924,LIVE
TR-006681,TR-C01805,2023-08-03,0,calibration,0.04968880923553826,0.016398207764430007,LIVE
TR-006793,TR-C00123,2023-08-03,0,calibration,0.05145494920008522,0.016532672164342118,LIVE
TR-001245,TR-C04849,2023-08-04,0,calibration,0.12562379376293958,0.023269825722160232,LIVE
TR-001278,TR-C01141,2023-08-04,0,calibration,0.3695060922475078,0.06975366403457918,LIVE
TR-004631,TR-C03407,2023-08-04,0,calibration,0.0529394964767163,0.01664653572962966,LIVE
TR-005045,TR-C05595,2023-08-04,0,calibration,0.08356401369767064,0.01917493334164763,LIVE
TR-007530,TR-C00604,2023-08-04,0,calibration,0.747496509048298,0.30716257212918624,LIVE
TR-009336,TR-C00864,2023-08-04,0,calibration,0.06392535053249146,0.01751343664480707,LIVE
TR-009364,TR-C05723,2023-08-04,0,calibration,0.08765021786379427,0.01953958971674399,LIVE
TR-001661,TR-C06074,2023-08-05,0,calibration,0.02484415881399039,0.014616898339744725,LIVE
TR-004032,TR-C00902,2023-08-05,0,calibration,0.19437525949458317,0.031866059430688515,LIVE
TR-004372,TR-C03998,2023-08-05,0,calibration,0.0746803675057678,0.01840502069093253,LIVE
TR-004847,TR-C05792,2023-08-05,0,calibration,0.03150671966245188,0.01507497761486158,LIVE
TR-006627,TR-C00432,2023-08-05,0,calibration,0.08466861401492662,0.019272845582823314,LIVE
TR-009058,TR-C02800,2023-08-05,0,calibration,0.15464537336953132,0.026581136885909483,LIVE
TR-001512,TR-C00374,2023-08-06,0,calibration,0.2743673975596888,0.04574891398353424,LIVE
TR-006198,TR-C02604,2023-08-06,0,calibration,0.05849322911520151,0.017079379267622843,LIVE
TR-007594,TR-C05781,2023-08-06,0,calibration,0.6474710892670086,0.21692587177386094,LIVE
TR-007599,TR-C00316,2023-08-06,0,calibration,0.08656238689160099,0.019441852099450745,LIVE
TR-008962,TR-C03579,2023-08-06,0,calibration,0.02751624358386063,0.01479894498364429,LIVE
TR-000061,TR-C04926,2023-08-07,0,calibration,0.2712628886077796,0.04511594785653192,LIVE
TR-000981,TR-C06489,2023-08-07,0,calibration,0.45910842631452853,0.10254801516757128,LIVE
TR-002639,TR-C02476,2023-08-07,0,calibration,0.11162356266882059,0.021819870547601105,LIVE
TR-005879,TR-C01981,2023-08-07,0,calibration,0.03213551083634055,0.015118932848349642,LIVE
TR-006297,TR-C03628,2023-08-07,0,calibration,0.04744168144661987,0.016228677246758135,LIVE
TR-007054,TR-C02775,2023-08-07,0,calibration,0.019265722626526854,0.014243926293685573,LIVE
TR-000333,TR-C04302,2023-08-08,0,calibration,0.04937306456161032,0.016374282232391582,LIVE
TR-002650,TR-C04757,2023-08-08,0,calibration,0.014840969370809944,0.01395477316537994,LIVE
TR-004243,TR-C00583,2023-08-08,0,calibration,0.5041403884906104,0.1237359133875304,LIVE
TR-004480,TR-C03033,2023-08-08,0,calibration,0.03756200195358796,0.01550354906189765,LIVE
TR-005571,TR-C00550,2023-08-08,0,calibration,0.029445162058199886,0.014931746565592059,LIVE
TR-009098,TR-C00735,2023-08-08,0,calibration,0.075252891979068,0.018453711542696326,LIVE
TR-004203,TR-C01868,2023-08-09,0,calibration,0.07033533792715096,0.018039580403469358,LIVE
TR-004698,TR-C06178,2023-08-09,1,calibration,0.4640784508459207,0.10471846982731119,LIVE
TR-006618,TR-C04008,2023-08-09,0,calibration,0.780383079062259,0.34100758757574573,LIVE
TR-006923,TR-C01086,2023-08-09,0,calibration,0.06353147081283445,0.017481602348574446,LIVE
TR-009080,TR-C01650,2023-08-09,0,calibration,0.03500026098330339,0.015320793709385914,LIVE
TR-000180,TR-C05190,2023-08-10,0,calibration,0.730753794597242,0.29067017609344104,LIVE
TR-008187,TR-C05151,2023-08-10,0,calibration,0.09145865503460113,0.019885572427054254,LIVE
TR-008189,TR-C06286,2023-08-10,0,calibration,0.07251301102817245,0.01822183527373537,LIVE
TR-009879,TR-C00175,2023-08-10,0,calibration,0.07110462149270852,0.018103758329501566,LIVE
TR-003041,TR-C06102,2023-08-11,0,calibration,0.11295565531398499,0.021953939475900273,LIVE
TR-004627,TR-C01118,2023-08-11,1,calibration,0.07954107103587615,0.018822443634483568,LIVE
TR-004715,TR-C06236,2023-08-11,0,calibration,0.06551663955310127,0.01764262908217841,LIVE
TR-005047,TR-C01618,2023-08-11,0,calibration,0.08653216304433685,0.019439143450717462,LIVE
TR-006652,TR-C03596,2023-08-11,0,calibration,0.026725823549656698,0.014744863034451217,LIVE
TR-006933,TR-C01036,2023-08-11,0,calibration,0.620461190871899,0.19613086494308404,LIVE
TR-007184,TR-C03610,2023-08-11,0,calibration,0.013250497262496589,0.013852257612356467,LIVE
TR-009344,TR-C00643,2023-08-11,0,calibration,0.006241128517294019,0.013409238944906202,LIVE
TR-009861,TR-C01198,2023-08-11,0,calibration,0.06138553185105361,0.017309158300438405,LIVE
TR-002816,TR-C01261,2023-08-12,0,calibration,0.5879050894456653,0.17311469327641343,LIVE
TR-005076,TR-C01559,2023-08-12,0,calibration,0.07766235692807293,0.01866001549484279,LIVE
TR-003452,TR-C05290,2023-08-13,1,calibration,0.19275203271640456,0.03163146712292283,LIVE
TR-003526,TR-C00114,2023-08-13,0,calibration,0.45399638490955874,0.10035720375742152,LIVE
TR-003687,TR-C04302,2023-08-13,0,calibration,0.30826640185954163,0.05323231798890455,LIVE
TR-004365,TR-C03012,2023-08-13,0,calibration,0.06464412656374885,0.01757167665452022,LIVE
TR-000193,TR-C01082,2023-08-14,0,calibration,0.19266467620059496,0.03161888965030398,LIVE
TR-001186,TR-C00827,2023-08-14,0,calibration,0.3905081254694928,0.07643914277670277,LIVE
TR-003885,TR-C01432,2023-08-14,0,calibration,0.1875046587617513,0.030884480942802762,LIVE
TR-009575,TR-C06435,2023-08-14,0,calibration,0.026588581629287702,0.01473549255362817,LIVE
TR-000248,TR-C04846,2023-08-15,0,calibration,0.07117677330242744,0.01810978911903208,LIVE
TR-000255,TR-C06431,2023-08-15,0,calibration,0.6337370991797387,0.20615828827189892,LIVE
TR-003468,TR-C03614,2023-08-15,0,calibration,0.03688622224876503,0.015455131414239959,LIVE
TR-003953,TR-C02155,2023-08-15,1,calibration,0.4042526160677297,0.08112758264537905,LIVE
TR-004120,TR-C01492,2023-08-15,1,calibration,0.8287357084627724,0.3937717428021456,LIVE
TR-009555,TR-C05342,2023-08-15,0,calibration,0.5715426528583885,0.1623784009470594,LIVE
TR-000709,TR-C01287,2023-08-16,0,calibration,0.4497376472187816,0.09856393424911494,LIVE
TR-000812,TR-C00369,2023-08-16,0,calibration,0.06893185898475689,0.017923069263494205,LIVE
TR-001444,TR-C00868,2023-08-16,0,calibration,0.7198909754935401,0.2802541677895299,LIVE
TR-001906,TR-C02736,2023-08-16,0,calibration,0.2019116689825503,0.0329774522004604,LIVE
TR-003314,TR-C04858,2023-08-16,0,calibration,0.09023474109581985,0.019773734772939745,LIVE
TR-005520,TR-C02719,2023-08-16,0,calibration,0.05028640489567646,0.01644358467479286,LIVE
TR-008758,TR-C01665,2023-08-16,0,calibration,0.01792968255238357,0.014156000604194915,LIVE
TR-002957,TR-C04321,2023-08-17,1,calibration,0.8312389850561642,0.3965846113418005,LIVE
TR-004175,TR-C03306,2023-08-17,0,calibration,0.28028559474600845,0.04697904133727434,LIVE
TR-005382,TR-C00361,2023-08-17,0,calibration,0.16499996748164458,0.027870176362245553,LIVE
TR-005930,TR-C04658,2023-08-17,0,calibration,0.03510510462475138,0.01532823149223392,LIVE
TR-007986,TR-C01287,2023-08-17,0,calibration,0.024139341443164195,0.014569248635626225,LIVE
TR-008547,TR-C06450,2023-08-17,0,calibration,0.09215982166147783,0.01994992193295598,LIVE
TR-009820,TR-C00434,2023-08-17,0,calibration,0.025968789966662204,0.014693247985539276,LIVE
TR-005420,TR-C00844,2023-08-18,0,calibration,0.16539241871160587,0.027920208567284666,LIVE
TR-009130,TR-C01583,2023-08-18,0,calibration,0.07864427150576271,0.018744736699346037,LIVE
TR-001861,TR-C03667,2023-08-19,0,calibration,0.10178972675087126,0.020854612566470858,LIVE
TR-003579,TR-C05074,2023-08-19,0,calibration,0.008789825928007092,0.013568685590432226,LIVE
TR-004854,TR-C00502,2023-08-19,0,calibration,0.7671716968040555,0.327190758299723,LIVE
TR-004959,TR-C05662,2023-08-19,0,calibration,0.0996067022329856,0.020646069712442955,LIVE
TR-005263,TR-C00033,2023-08-19,0,calibration,0.4174722601416167,0.0858828764427787,LIVE
TR-009142,TR-C04233,2023-08-19,0,calibration,0.8284264985495308,0.39342477545567367,LIVE
TR-000646,TR-C01082,2023-08-20,0,calibration,0.5390146691227251,0.14263655227191163,LIVE
TR-003651,TR-C05614,2023-08-20,0,calibration,0.18247448779325617,0.0301844637541908,LIVE
TR-005041,TR-C02460,2023-08-20,0,calibration,0.12022545238597084,0.02269991923494039,LIVE
TR-005608,TR-C05282,2023-08-20,1,calibration,0.891749852099732,0.466242858680652,LIVE
TR-001060,TR-C01371,2023-08-21,0,calibration,0.009243480381207439,0.013597261630521452,LIVE
TR-001616,TR-C01797,2023-08-21,0,calibration,0.6971756205324247,0.2592262914575443,LIVE
TR-002637,TR-C01880,2023-08-21,0,calibration,0.29594547285230793,0.05038740231275588,LIVE
TR-003797,TR-C05515,2023-08-21,0,calibration,0.1915111882601427,0.03145326505885667,LIVE
TR-005194,TR-C05772,2023-08-21,0,calibration,0.0837024752237284,0.019187179844289293,LIVE
TR-005508,TR-C02838,2023-08-21,0,calibration,0.020296559972623123,0.014312134035386635,LIVE
TR-005891,TR-C02243,2023-08-21,0,calibration,0.019794698192560915,0.014278887075145111,LIVE
TR-008485,TR-C02766,2023-08-21,0,calibration,0.6304438409393844,0.20363595687605773,LIVE
TR-000035,TR-C05483,2023-08-22,0,calibration,0.5570001574919281,0.15329265629113994,LIVE
TR-001560,TR-C01310,2023-08-22,0,calibration,0.01100374305351865,0.013708704940923196,LIVE
TR-001621,TR-C05150,2023-08-22,0,calibration,0.4206912409279747,0.0870784337240118,LIVE
TR-002263,TR-C01524,2023-08-22,0,calibration,0.0669320718531954,0.01775833036149281,LIVE
TR-003720,TR-C03184,2023-08-22,0,calibration,0.013921140185474194,0.01389539375732455,LIVE
TR-003755,TR-C02607,2023-08-22,0,calibration,0.011678579399261847,0.01375166767349616,LIVE
TR-004829,TR-C02353,2023-08-22,0,calibration,0.1676173577373961,0.028205511473042108,LIVE
TR-005149,TR-C02753,2023-08-22,0,calibration,0.008260909705981697,0.013535443531756852,LIVE
TR-006708,TR-C00663,2023-08-22,0,calibration,0.0098630374841639,0.013636383905070522,LIVE
TR-007176,TR-C03154,2023-08-22,0,calibration,0.06926393332439203,0.017950569834484578,LIVE
TR-008024,TR-C05619,2023-08-22,0,calibration,0.1532589409840173,0.026413003482555045,LIVE
TR-009168,TR-C02805,2023-08-22,0,calibration,0.06612721747711851,0.017692448307636232,LIVE
TR-009934,TR-C05737,2023-08-22,0,calibration,0.20452727410298507,0.03337185799353153,LIVE
TR-003056,TR-C03328,2023-08-23,0,calibration,0.009277753772823843,0.013599422947443953,LIVE
TR-003367,TR-C02537,2023-08-23,0,calibration,0.15637215234673874,0.02679200048532776,LIVE
TR-005182,TR-C03142,2023-08-23,0,calibration,0.5110181009317946,0.1272846540469935,LIVE
TR-007806,TR-C02436,2023-08-23,0,calibration,0.24974215504634492,0.04095239574738886,LIVE
TR-000365,TR-C01831,2023-08-24,0,calibration,0.58655590451029,0.17220860335480856,LIVE
TR-002555,TR-C05706,2023-08-24,0,calibration,0.41686690053865866,0.08565970859241005,LIVE
TR-004343,TR-C00846,2023-08-24,0,calibration,0.00913566754478772,0.013590465045763169,LIVE
TR-006101,TR-C05199,2023-08-24,0,calibration,0.1089578267895932,0.021553976137636384,LIVE
TR-002220,TR-C03090,2023-08-25,0,calibration,0.4922314608214247,0.1177921700895483,LIVE
TR-003022,TR-C06280,2023-08-25,1,calibration,0.25207294289696025,0.04138493900877421,LIVE
TR-003806,TR-C06075,2023-08-25,0,calibration,0.011669144346888732,0.013751066086821797,LIVE
TR-005515,TR-C00369,2023-08-25,0,calibration,0.058325952537397675,0.017066182050995932,LIVE
TR-005833,TR-C04991,2023-08-25,0,calibration,0.09073569387968522,0.019819435668381527,LIVE
TR-006568,TR-C03762,2023-08-25,0,calibration,0.5920673973333288,0.17593377725474055,LIVE
TR-008506,TR-C03540,2023-08-25,0,calibration,0.017259808804739166,0.014112117333834757,LIVE
TR-008757,TR-C00535,2023-08-25,0,calibration,0.17709051902123316,0.029452246924519438,LIVE
TR-000260,TR-C01122,2023-08-26,0,calibration,0.19546712879304337,0.03202480441112618,LIVE
TR-002829,TR-C01948,2023-08-26,0,calibration,0.5387036540117544,0.14245783277004237,LIVE
TR-004796,TR-C00917,2023-08-26,0,calibration,0.09830293832410195,0.020522497134134787,LIVE
TR-005186,TR-C00039,2023-08-26,0,calibration,0.4781234675346361,0.1110725208723834,LIVE
TR-008324,TR-C01168,2023-08-26,0,calibration,0.45882426121326403,0.10242512978477977,LIVE
TR-009758,TR-C04042,2023-08-26,0,calibration,0.13410747328199343,0.024193783665806302,LIVE
TR-001666,TR-C03418,2023-08-27,0,calibration,0.21530178097020639,0.03504507536689684,LIVE
TR-005700,TR-C00020,2023-08-27,0,calibration,0.5172905095457366,0.13059651811750345,LIVE
TR-007150,TR-C01499,2023-08-27,0,calibration,0.2541003095409979,0.04176472568736646,LIVE
TR-007432,TR-C02214,2023-08-27,0,calibration,0.16821119131401796,0.028282135840281407,LIVE
TR-008049,TR-C05681,2023-08-27,0,calibration,0.07229321342391008,0.01820335817183563,LIVE
TR-009519,TR-C00826,2023-08-27,0,calibration,0.02497012551872844,0.014625430569813544,LIVE
TR-002229,TR-C06072,2023-08-28,0,calibration,0.5245727915672992,0.1345331671534918,LIVE
TR-003379,TR-C02653,2023-08-28,0,calibration,0.018452720421776828,0.014190358174764066,LIVE
TR-004117,TR-C06144,2023-08-28,0,calibration,0.3896566779860652,0.07615702886408895,LIVE
TR-009369,TR-C05921,2023-08-28,0,calibration,0.43666135301754216,0.09323502800282933,LIVE
TR-009716,TR-C06337,2023-08-28,0,calibration,0.06934111934596601,0.017956967887349795,LIVE
TR-000428,TR-C02561,2023-08-29,0,calibration,0.07885134826878099,0.01876265174047819,LIVE
TR-002313,TR-C06086,2023-08-29,1,calibration,0.8806986219503393,0.45333870320656355,LIVE
TR-002910,TR-C04492,2023-08-29,0,calibration,0.42461962628710004,0.0885578554821695,LIVE
TR-004121,TR-C04251,2023-08-29,0,calibration,0.34032585447206454,0.0613604711854949,LIVE
TR-004333,TR-C04493,2023-08-29,0,calibration,0.0846279714650674,0.019269234339873723,LIVE
TR-004868,TR-C00717,2023-08-29,0,calibration,0.3210774906350084,0.056350761517192316,LIVE
TR-005284,TR-C01702,2023-08-29,1,calibration,0.7005705239532345,0.26230293049767506,LIVE
TR-007873,TR-C03391,2023-08-29,0,calibration,0.37965836457844915,0.07291504569885038,LIVE
TR-008068,TR-C04361,2023-08-29,0,calibration,0.5191265241996954,0.1315797026109478,LIVE
TR-009764,TR-C02823,2023-08-29,0,calibration,0.0710007292130917,0.018095077984073737,LIVE
TR-009883,TR-C03998,2023-08-29,0,calibration,0.029857131550720208,0.014960261453421629,LIVE
TR-002785,TR-C01812,2023-08-30,1,calibration,0.7255210997463717,0.28562422316534686,LIVE
TR-002877,TR-C05095,2023-08-30,0,calibration,0.1246918792568346,0.02317045497153581,LIVE
TR-006877,TR-C01582,2023-08-30,0,calibration,0.04284923913148096,0.015887552475973763,LIVE
TR-008375,TR-C00686,2023-08-30,0,calibration,0.34076175386351315,0.061478608151212776,LIVE
TR-009019,TR-C00186,2023-08-30,0,calibration,0.25411980461781036,0.04176839383314533,LIVE
TR-009927,TR-C00013,2023-08-30,0,calibration,0.009521345900905288,0.01361479389328322,LIVE
TR-001213,TR-C05666,2023-08-31,0,calibration,0.24526274967841444,0.04013323842308873,LIVE
TR-002532,TR-C04124,2023-08-31,0,calibration,0.029673487141846793,0.014947543700136609,LIVE
TR-003978,TR-C00910,2023-08-31,0,calibration,0.011694681594350269,0.01375269442259448,LIVE
TR-006263,TR-C03121,2023-08-31,0,calibration,0.04055951725352115,0.015720118146016204,LIVE
TR-007018,TR-C04409,2023-08-31,0,calibration,0.42364329606604534,0.08818806615937042,LIVE
TR-008013,TR-C00868,2023-08-31,0,calibration,0.5787217521558335,0.16702145009663527,LIVE
TR-008204,TR-C05122,2023-08-31,0,calibration,0.8058036342482919,0.36835121832300355,LIVE
TR-000508,TR-C01422,2023-09-01,1,calibration,0.525462524801726,0.13502094829823466,LIVE
TR-000662,TR-C01903,2023-09-01,0,calibration,0.08031874305948723,0.01889008399431266,LIVE
TR-003509,TR-C06085,2023-09-01,0,calibration,0.029833626531886606,0.014958633088006743,LIVE
TR-004275,TR-C01880,2023-09-01,1,calibration,0.3812033214938366,0.07340756364497568,LIVE
TR-005304,TR-C05166,2023-09-01,0,calibration,0.3509342857734021,0.06429659691258206,LIVE
TR-005614,TR-C04217,2023-09-01,0,calibration,0.2649770149191807,0.04385980919868473,LIVE
TR-008839,TR-C03235,2023-09-01,0,calibration,0.4124991543324179,0.08406504564691057,LIVE
TR-001862,TR-C00425,2023-09-02,0,calibration,0.10435230594248439,0.021102045310418736,LIVE
TR-004687,TR-C01447,2023-09-02,0,calibration,0.009589901608762594,0.013619122926648458,LIVE
TR-004874,TR-C03728,2023-09-02,0,calibration,0.7059271548059206,0.26720499408167936,LIVE
TR-000701,TR-C06202,2023-09-03,0,calibration,0.6536699450125172,0.2219171754526042,LIVE
TR-003353,TR-C01715,2023-09-03,0,calibration,0.26279107967025317,0.04343085360389229,LIVE
TR-004636,TR-C01648,2023-09-03,0,calibration,0.636872563016249,0.2085811880356907,LIVE
TR-007642,TR-C03343,2023-09-03,0,calibration,0.12771709805080422,0.023494555458945184,LIVE
TR-007759,TR-C04237,2023-09-03,0,calibration,0.09200745776218049,0.019935921424002655,LIVE
TR-008117,TR-C01636,2023-09-03,0,calibration,0.05197839607475334,0.016572732446853526,LIVE
TR-009017,TR-C06474,2023-09-03,1,calibration,0.1371982260876695,0.02453921251650189,LIVE
TR-001571,TR-C01623,2023-09-04,0,calibration,0.09528122846735175,0.020238872715488826,LIVE
TR-003512,TR-C03002,2023-09-04,0,calibration,0.053261259395289993,0.016671316151775816,LIVE
TR-005402,TR-C05307,2023-09-04,0,calibration,0.02116560598173757,0.014369886461566327,LIVE
TR-006008,TR-C03095,2023-09-04,0,calibration,0.2935024252858214,0.04984066304935105,LIVE
TR-008677,TR-C04246,2023-09-04,0,calibration,0.010414877369597663,0.013671323596174229,LIVE
TR-008822,TR-C02703,2023-09-04,0,calibration,0.35141797578465156,0.06443354161698103,LIVE
TR-008832,TR-C05716,2023-09-04,0,calibration,0.027072391882693128,0.014768551850143589,LIVE
TR-001348,TR-C00573,2023-09-05,0,calibration,0.03597426328673621,0.015390028089757127,LIVE
TR-001688,TR-C01088,2023-09-05,0,calibration,0.09408648773628651,0.020127793726573463,LIVE
TR-003462,TR-C00227,2023-09-05,0,calibration,0.14337315781179233,0.02524379125468541,LIVE
TR-003815,TR-C04842,2023-09-05,0,calibration,0.041608742664646134,0.01579662540476338,LIVE
TR-006576,TR-C03564,2023-09-05,0,calibration,0.2496680131778607,0.04093870790094388,LIVE
TR-009078,TR-C05786,2023-09-05,0,calibration,0.3068717240893141,0.052902827880672854,LIVE
TR-003926,TR-C02490,2023-09-06,0,calibration,0.029734196276928422,0.014951746754140577,LIVE
TR-004144,TR-C06322,2023-09-06,0,calibration,0.26806184497190416,0.04447204122737069,LIVE
TR-005353,TR-C01182,2023-09-06,0,calibration,0.18399894793148774,0.030394973995761854,LIVE
TR-006605,TR-C04303,2023-09-06,0,calibration,0.21362203805282254,0.03477900010647642,LIVE
TR-007844,TR-C03632,2023-09-06,0,calibration,0.02900329622030158,0.014901221865148258,LIVE
TR-007872,TR-C06360,2023-09-06,0,calibration,0.12535340888791516,0.023240951614263105,LIVE
TR-000042,TR-C01887,2023-09-07,0,calibration,0.021842988277910792,0.014415061086722067,LIVE
TR-001556,TR-C04406,2023-09-07,1,calibration,0.7336307126264972,0.29346672550728353,LIVE
TR-007173,TR-C04327,2023-09-07,0,calibration,0.030965530322915158,0.015037246907066723,LIVE
TR-007312,TR-C05274,2023-09-07,0,calibration,0.0075283500985099385,0.013489535241091583,LIVE
TR-008575,TR-C00667,2023-09-07,0,calibration,0.16392255774675674,0.027733268558989433,LIVE
TR-009004,TR-C02525,2023-09-07,1,calibration,0.48487595677643797,0.1142458642242803,LIVE
TR-000269,TR-C05730,2023-09-08,0,calibration,0.4494564441231822,0.09844653530801065,LIVE
TR-002619,TR-C03920,2023-09-08,1,calibration,0.09824829208454905,0.020517333528534364,LIVE
TR-002950,TR-C05993,2023-09-08,0,calibration,0.7648828776157186,0.3248263903647883,LIVE
TR-008892,TR-C05603,2023-09-08,0,calibration,0.4292561914993273,0.09033314599185474,LIVE
TR-009276,TR-C01702,2023-09-08,0,calibration,0.357203262144622,0.06609267667482004,LIVE
TR-009346,TR-C01006,2023-09-08,0,calibration,0.09162993505267988,0.01990127284090522,LIVE
TR-001399,TR-C04918,2023-09-09,0,calibration,0.18136641074149346,0.030032338413392142,LIVE
TR-002316,TR-C05078,2023-09-09,0,calibration,0.04379477847414074,0.01595720515730043,LIVE
TR-003691,TR-C06258,2023-09-09,0,calibration,0.08379142863522986,0.019195051549588487,LIVE
TR-006980,TR-C06107,2023-09-09,0,calibration,0.26062947686060134,0.04301061289766849,LIVE
TR-008399,TR-C05205,2023-09-09,0,calibration,0.05751558150937808,0.017002389889177585,LIVE
TR-007860,TR-C04478,2023-09-10,0,calibration,0.10990075057562064,0.021647664113238443,LIVE
TR-007870,TR-C04517,2023-09-10,0,calibration,0.07523630698539922,0.018452299281176972,LIVE
TR-009097,TR-C05574,2023-09-10,1,calibration,0.8005897335370884,0.3626666008550886,LIVE
TR-009180,TR-C02539,2023-09-10,0,calibration,0.010469837128967778,0.013674808198556184,LIVE
TR-009786,TR-C02615,2023-09-10,0,calibration,0.09543291052174555,0.020253017975134954,LIVE
TR-002253,TR-C00648,2023-09-11,0,calibration,0.300103757925517,0.05133108187046299,LIVE
TR-003205,TR-C00496,2023-09-11,0,calibration,0.10060135506734696,0.020740833844289396,LIVE
TR-003577,TR-C04343,2023-09-11,0,calibration,0.0025711872407429347,0.01318288903187899,LIVE
TR-003648,TR-C04166,2023-09-11,1,calibration,0.6380473551589234,0.20949438112783383,LIVE
TR-006505,TR-C02835,2023-09-11,1,calibration,0.5877644808767131,0.1730200872609146,LIVE
TR-008538,TR-C05965,2023-09-11,0,calibration,0.16254407821718575,0.027559055896629107,LIVE
TR-008540,TR-C03015,2023-09-11,0,calibration,0.3004447849902418,0.05140921189702842,LIVE
TR-009729,TR-C04763,2023-09-11,0,calibration,0.6500466055215771,0.21898975888071312,LIVE
TR-002410,TR-C05743,2023-09-12,0,calibration,0.7907967122790237,0.352093582680107,LIVE
TR-003071,TR-C01609,2023-09-12,0,calibration,0.007796643081868418,0.013506330864875727,LIVE
TR-003612,TR-C04172,2023-09-12,0,calibration,0.6460046044963478,0.2157570052602492,LIVE
TR-003879,TR-C04960,2023-09-12,0,calibration,0.22435430398882408,0.036513117070849616,LIVE
TR-005321,TR-C01440,2023-09-12,0,calibration,0.02789404689456887,0.01482486392844638,LIVE
TR-006632,TR-C02462,2023-09-12,0,calibration,0.2611831767666444,0.04311788715387441,LIVE
TR-006857,TR-C04150,2023-09-12,0,calibration,0.024581341311210907,0.014599112442006552,LIVE
TR-007974,TR-C04194,2023-09-12,0,calibration,0.7309719617008817,0.29088169675021586,LIVE
TR-008155,TR-C00654,2023-09-12,0,calibration,0.4452253886706024,0.09669510494504109,LIVE
TR-009946,TR-C04918,2023-09-12,0,calibration,0.010264799265357387,0.013661812684424278,LIVE
TR-000121,TR-C06075,2023-09-13,0,calibration,0.29327886583861845,0.04979091346935198,LIVE
TR-003184,TR-C04390,2023-09-13,0,calibration,0.7415454676439579,0.3012408333877853,LIVE
TR-003710,TR-C02488,2023-09-13,0,calibration,0.47006429533122024,0.1073863053361013,LIVE
TR-003772,TR-C02984,2023-09-13,0,calibration,0.049282815746526175,0.016367449944605664,LIVE
TR-006455,TR-C01459,2023-09-13,0,calibration,0.09532287024841302,0.02024275509709233,LIVE
TR-000918,TR-C06127,2023-09-14,0,calibration,0.16811048604083548,0.028269127280364854,LIVE
TR-003520,TR-C05211,2023-09-14,0,calibration,0.008536925694807027,0.013552780933153947,LIVE
TR-004011,TR-C03540,2023-09-14,0,calibration,0.058634084480119024,0.01709049977038928,LIVE
TR-005513,TR-C02014,2023-09-14,0,calibration,0.047744175914288665,0.016251397603441596,LIVE
TR-009776,TR-C01763,2023-09-14,0,calibration,0.11081347370442117,0.021738730620915546,LIVE
TR-009885,TR-C04979,2023-09-14,0,calibration,0.13221878569815612,0.023985039041454694,LIVE
TR-009996,TR-C00287,2023-09-14,0,calibration,0.4556876293527281,0.10107735973396505,LIVE
TR-000106,TR-C06431,2023-09-15,0,calibration,0.09633884040105074,0.020337703174030046,LIVE
TR-000811,TR-C03573,2023-09-15,1,calibration,0.3128968813051878,0.05434020029951103,LIVE
TR-002770,TR-C01084,2023-09-15,0,calibration,0.026505353343687484,0.014729812824900651,LIVE
TR-002912,TR-C03480,2023-09-15,0,calibration,0.2195513849853737,0.03572700983813909,LIVE
TR-005155,TR-C03503,2023-09-15,0,calibration,0.08283437187009808,0.019110525224565855,LIVE
TR-009059,TR-C01142,2023-09-15,0,calibration,0.6119347577076393,0.18988770073850963,LIVE
TR-000735,TR-C05083,2023-09-16,0,calibration,0.10785550137849582,0.021444952861583665,LIVE
TR-000963,TR-C00293,2023-09-16,0,calibration,0.04803183511303647,0.01627303270150067,LIVE
TR-001130,TR-C02360,2023-09-16,0,calibration,0.08913557441755333,0.019673821581658254,LIVE
TR-005650,TR-C01453,2023-09-16,0,calibration,0.039132567869529226,0.015616652944608005,LIVE
TR-000156,TR-C02846,2023-09-17,0,calibration,0.038211694983383435,0.01555023842311012,LIVE
TR-004191,TR-C04237,2023-09-17,0,calibration,0.30161260313169863,0.051677614378282,LIVE
TR-006599,TR-C02341,2023-09-17,0,calibration,0.09825713311884329,0.0205181688449437,LIVE
TR-006607,TR-C05015,2023-09-17,0,calibration,0.11862754974225621,0.022533858211883365,LIVE
TR-007881,TR-C03856,2023-09-17,0,calibration,0.16581429286443744,0.02797408908780972,LIVE
TR-009138,TR-C06235,2023-09-17,0,calibration,0.017564146238458773,0.014132037760934829,LIVE
TR-000698,TR-C03258,2023-09-18,0,calibration,0.8084648039968204,0.37126691396546224,LIVE
TR-007427,TR-C05664,2023-09-18,0,calibration,0.44843271702252474,0.09802019305641972,LIVE
TR-007812,TR-C04704,2023-09-18,0,calibration,0.2836571118149176,0.04769382430179974,LIVE
TR-009162,TR-C03383,2023-09-18,0,calibration,0.02899756116510642,0.014900826083919702,LIVE
TR-000877,TR-C06311,2023-09-19,0,calibration,0.04167584390805947,0.015801530728629377,LIVE
TR-002642,TR-C01670,2023-09-19,0,calibration,0.02038886012977027,0.014318256966707264,LIVE
TR-004732,TR-C02715,2023-09-19,0,calibration,0.0476145089974736,0.016241654494220145,LIVE
TR-007682,TR-C06322,2023-09-19,0,calibration,0.09267421426542415,0.01999725994935519,LIVE
TR-007791,TR-C01801,2023-09-19,0,calibration,0.024775673569862187,0.014612261617465276,LIVE
TR-008417,TR-C01445,2023-09-19,0,calibration,0.14073524158772296,0.0249404174188254,LIVE
TR-008732,TR-C03019,2023-09-19,0,calibration,0.3162369696969199,0.055152800051985494,LIVE
TR-009652,TR-C02846,2023-09-19,0,calibration,0.4948129099969003,0.11905919851637445,LIVE
TR-009772,TR-C01330,2023-09-19,0,calibration,0.15540367858198006,0.026673536914266126,LIVE
TR-000940,TR-C00710,2023-09-20,0,calibration,0.13152957205919338,0.023909302989976945,LIVE
TR-002731,TR-C04657,2023-09-20,0,calibration,0.09506209580503752,0.020218454367130583,LIVE
TR-003580,TR-C03330,2023-09-20,0,calibration,0.23472128341951778,0.03826701261481234,LIVE
TR-003662,TR-C00776,2023-09-20,0,calibration,0.20823199680917298,0.03393829308204616,LIVE
TR-004233,TR-C04776,2023-09-20,0,calibration,0.4812065754009363,0.11251175305415095,LIVE
TR-004425,TR-C02433,2023-09-20,0,calibration,0.6813909709554883,0.2452325405950168,LIVE
TR-004925,TR-C00025,2023-09-20,0,calibration,0.2467459565560947,0.04040272157171427,LIVE
TR-005225,TR-C03201,2023-09-20,0,calibration,0.06994679749099703,0.01800725112952021,LIVE
TR-005452,TR-C00491,2023-09-20,0,calibration,0.0520396791614587,0.016577428782153188,LIVE
TR-006973,TR-C05658,2023-09-20,0,calibration,0.045236029582522014,0.016063952517324787,LIVE
TR-000815,TR-C02645,2023-09-21,0,calibration,0.6479598241760889,0.21731643520046634,LIVE
TR-003058,TR-C01466,2023-09-21,0,calibration,0.025673559204987203,0.014673167233505547,LIVE
TR-004459,TR-C04086,2023-09-21,0,calibration,0.39547915456044724,0.07810542937421133,LIVE
TR-000308,TR-C00648,2023-09-22,0,calibration,0.19024578481051332,0.031272536501473276,LIVE
TR-003559,TR-C02202,2023-09-22,0,calibration,0.058164267051258434,0.017053435465076212,LIVE
TR-003748,TR-C02560,2023-09-22,0,calibration,0.6116344892741777,0.1896706390407297,LIVE
TR-003841,TR-C06180,2023-09-22,0,calibration,0.0060586779791573266,0.013397895977671473,LIVE
TR-003883,TR-C06096,2023-09-22,0,calibration,0.3091336594551662,0.05343818167783177,LIVE
TR-006800,TR-C06206,2023-09-22,0,calibration,0.35566278725234796,0.06564705240168763,LIVE
TR-007900,TR-C04019,2023-09-22,0,calibration,0.07131156056944875,0.018121060559564403,LIVE
TR-008050,TR-C06129,2023-09-22,0,calibration,0.46442078701173256,0.1048694547525211,LIVE
TR-001389,TR-C05932,2023-09-23,0,calibration,0.058066788264626676,0.017045755178985603,LIVE
TR-001873,TR-C00345,2023-09-23,0,calibration,0.8209780700181821,0.38510003593411435,LIVE
TR-002122,TR-C03344,2023-09-23,0,calibration,0.08003149497659266,0.018865072009279078,LIVE
TR-003426,TR-C02804,2023-09-23,0,calibration,0.007837432632309679,0.013508886169800869,LIVE
TR-005669,TR-C02255,2023-09-23,0,calibration,0.06145160801209969,0.017314443049773826,LIVE
TR-006812,TR-C01839,2023-09-23,0,calibration,0.14073266013790534,0.02494012228589848,LIVE
TR-007039,TR-C04908,2023-09-23,0,calibration,0.004890537819445883,0.013325496558355151,LIVE
TR-009816,TR-C00350,2023-09-23,0,calibration,0.07667321409529673,0.018575050447370383,LIVE
TR-001501,TR-C00435,2023-09-24,0,calibration,0.30145140637046225,0.051640487466170316,LIVE
TR-003187,TR-C00960,2023-09-24,0,calibration,0.41299360412752495,0.08424420678456145,LIVE
TR-003569,TR-C03722,2023-09-24,0,calibration,0.3224919191581488,0.056705407067663666,LIVE
TR-005982,TR-C02554,2023-09-24,0,calibration,0.025306816076571686,0.014648260062547791,LIVE
TR-008388,TR-C02469,2023-09-24,0,calibration,0.01835357090562275,0.014183838885019125,LIVE
TR-009198,TR-C05258,2023-09-24,0,calibration,0.20789850627890297,0.033886926264438344,LIVE
TR-002142,TR-C00527,2023-09-25,0,calibration,0.05561971914177234,0.016854062156069317,LIVE
TR-002658,TR-C02923,2023-09-25,0,calibration,0.017160605266071167,0.014105629942934395,LIVE
TR-004018,TR-C00872,2023-09-25,0,calibration,0.02947308336217888,0.014933677474973012,LIVE
TR-005512,TR-C00902,2023-09-25,0,calibration,0.12014562286972635,0.022691594708086637,LIVE
TR-005902,TR-C06474,2023-09-25,0,calibration,0.06452485188673429,0.017561999081556368,LIVE
TR-007279,TR-C00662,2023-09-25,0,calibration,0.09489946565701037,0.020203313854871258,LIVE
TR-009942,TR-C06416,2023-09-25,0,calibration,0.18611258143760842,0.03068919636116118,LIVE
TR-001730,TR-C03971,2023-09-26,0,calibration,0.15821505516393278,0.02701883877466529,LIVE
TR-004402,TR-C04133,2023-09-26,1,calibration,0.7290513653092162,0.2890227343837399,LIVE
TR-005235,TR-C03697,2023-09-26,0,calibration,0.16401086035735163,0.02774446465937942,LIVE
TR-005597,TR-C00911,2023-09-26,0,calibration,0.13729447546982396,0.024550046381931593,LIVE
TR-003073,TR-C05659,2023-09-27,0,calibration,0.036266924424822475,0.015410891241331008,LIVE
TR-005100,TR-C05046,2023-09-27,1,calibration,0.030838359818129414,0.015028394319599394,LIVE
TR-008301,TR-C05757,2023-09-27,0,calibration,0.09735340197070501,0.020432954767090127,LIVE
TR-008673,TR-C03102,2023-09-27,0,calibration,0.3644401785205164,0.06822399841975457,LIVE
TR-000059,TR-C06313,2023-09-28,0,calibration,0.30804814432898514,0.05318062750913332,LIVE
TR-000889,TR-C03576,2023-09-28,0,calibration,0.17473961459997311,0.02913795389385955,LIVE
TR-000922,TR-C04796,2023-09-28,0,calibration,0.6438840341853456,0.21407488398450958,LIVE
TR-001039,TR-C04458,2023-09-28,0,calibration,0.102865829610918,0.02095816917217327,LIVE
TR-001148,TR-C04415,2023-09-28,0,calibration,0.08734762125709185,0.019512354279624274,LIVE
TR-001620,TR-C01622,2023-09-28,0,calibration,0.02883754193061331,0.014889787188615581,LIVE
TR-002626,TR-C01929,2023-09-28,0,calibration,0.054307001031760886,0.01675210416714284,LIVE
TR-004038,TR-C01584,2023-09-28,0,calibration,0.19348301244346414,0.031736902441867075,LIVE
TR-007929,TR-C00626,2023-09-28,0,calibration,0.4900572496019333,0.11673410227634017,LIVE
TR-009537,TR-C04862,2023-09-28,0,calibration,0.8246792589198308,0.3892286004089043,LIVE
TR-000783,TR-C00023,2023-09-29,0,calibration,0.047010656554112976,0.01619635693365068,LIVE
TR-000876,TR-C03685,2023-09-29,1,calibration,0.7809691760103563,0.3416270651005193,LIVE
TR-003689,TR-C01162,2023-09-29,0,calibration,0.027711876009772405,0.014812360638995195,LIVE
TR-003870,TR-C00728,2023-09-29,0,calibration,0.14509225374460966,0.02544342756501773,LIVE
TR-009049,TR-C03204,2023-09-29,1,calibration,0.8009914393040937,0.3631032337392055,LIVE
TR-000113,TR-C01852,2023-09-30,0,calibration,0.1868129087849508,0.030787290364669196,LIVE
TR-001083,TR-C02686,2023-09-30,0,calibration,0.279783883663466,0.046873549735126016,LIVE
TR-001347,TR-C05723,2023-09-30,0,calibration,0.029228425857673504,0.014916766443297395,LIVE
TR-002810,TR-C03614,2023-09-30,0,calibration,0.01610778333438074,0.014036961802218601,LIVE
TR-002820,TR-C03514,2023-09-30,0,calibration,0.14640395902550118,0.025596787524481204,LIVE
TR-003626,TR-C01643,2023-09-30,0,calibration,0.44063624632947695,0.09482695088679151,LIVE
TR-004241,TR-C03467,2023-09-30,0,calibration,0.10335459215569287,0.021005370285511617,LIVE
TR-005603,TR-C03072,2023-09-30,0,calibration,0.040411594561461525,0.01570936130949055,LIVE
TR-001829,TR-C01062,2024-01-01,0,policy,0.2307519360975647,0.03758611594036145,LIVE
TR-002668,TR-C02839,2024-01-01,0,policy,0.5647332315691252,0.15807112793220077,LIVE
TR-005371,TR-C05135,2024-01-01,0,policy,0.06134844304727408,0.017306192644657003,LIVE
TR-007009,TR-C05862,2024-01-01,0,policy,0.09513772718382753,0.02022549926862198,LIVE
TR-007400,TR-C06071,2024-01-01,0,policy,0.009383129224351383,0.013606070159137234,LIVE
TR-008220,TR-C05436,2024-01-01,0,policy,0.04844761495176338,0.016304353931861824,LIVE
TR-009670,TR-C04690,2024-01-01,0,policy,0.031715240579381763,0.015089540169025044,LIVE
TR-000182,TR-C00495,2024-01-02,0,policy,0.0028254998157274443,0.013198451895518755,LIVE
TR-000222,TR-C03892,2024-01-02,0,policy,0.46563015403946845,0.10540437707190722,LIVE
TR-002840,TR-C00818,2024-01-02,0,policy,0.12970799531489519,0.023710255623597576,LIVE
TR-003217,TR-C02863,2024-01-02,0,policy,0.06837419145248369,0.017876979332836117,LIVE
TR-003907,TR-C01536,2024-01-02,0,policy,0.1789651908533764,0.029705225774784384,LIVE
TR-007735,TR-C02269,2024-01-02,0,policy,0.06307766142691941,0.017444994855509998,LIVE
TR-007800,TR-C00309,2024-01-02,0,policy,0.058683578908100276,0.01709440903453033,LIVE
TR-000867,TR-C00915,2024-01-03,1,policy,0.07097620996292206,0.018093029962321882,LIVE
TR-000912,TR-C00133,2024-01-03,0,policy,0.0073945633143783504,0.0134811676467488,LIVE
TR-002118,TR-C02666,2024-01-03,0,policy,0.10334230241819392,0.021004182158559058,LIVE
TR-002167,TR-C02376,2024-01-03,0,policy,0.04395659007981346,0.01596915499531815,LIVE
TR-003243,TR-C04572,2024-01-03,0,policy,0.5540598066648489,0.15150702385667592,LIVE
TR-004838,TR-C03696,2024-01-03,0,policy,0.03201495387574591,0.01511049562631415,LIVE
TR-006358,TR-C03345,2024-01-03,0,policy,0.7529344843825786,0.3126299751811782,LIVE
TR-006598,TR-C03707,2024-01-03,0,policy,0.09102459537620537,0.01984583859333019,LIVE
TR-006718,TR-C03791,2024-01-03,0,policy,0.047891400816982184,0.0162624669797207,LIVE
TR-000025,TR-C03478,2024-01-04,0,policy,0.03409695120800966,0.01525685841019363,LIVE
TR-000640,TR-C06470,2024-01-04,0,policy,0.027345663658477903,0.014787257092047581,LIVE
TR-001223,TR-C01968,2024-01-04,0,policy,0.4674845130511662,0.10622926446010021,LIVE
TR-001626,TR-C00351,2024-01-04,0,policy,0.03196203685749662,0.015106793674136039,LIVE
TR-003293,TR-C04076,2024-01-04,0,policy,0.10085826211775345,0.02076537940188947,LIVE
TR-006659,TR-C05654,2024-01-04,0,policy,0.2830990373072658,0.04757479956896514,LIVE
TR-007118,TR-C00555,2024-01-04,0,policy,0.019452576103371755,0.014256266070500014,LIVE
TR-007889,TR-C02104,2024-01-04,0,policy,0.07243943566964853,0.0182156481741162,LIVE
TR-000343,TR-C03547,2024-01-05,0,policy,0.2753814228465913,0.045957485272075674,LIVE
TR-007680,TR-C02782,2024-01-05,1,policy,0.8951799072207464,0.47025804461981535,LIVE
TR-008672,TR-C03860,2024-01-05,0,policy,0.09405979458549509,0.020125318808039597,LIVE
TR-009282,TR-C01048,2024-01-05,0,policy,0.13930102456910343,0.02477696897018818,LIVE
TR-002103,TR-C00024,2024-01-06,0,policy,0.039086017653438214,0.015613288994931923,LIVE
TR-003055,TR-C04553,2024-01-06,0,policy,0.23466213624289606,0.03825678018110685,LIVE
TR-003647,TR-C04563,2024-01-06,0,policy,0.16119876765628402,0.027390060638379142,LIVE
TR-005156,TR-C02832,2024-01-06,1,policy,0.35947986615770366,0.06675639481670392,LIVE
TR-006831,TR-C00893,2024-01-06,0,policy,0.105205581348328,0.02118507001883539,LIVE
TR-004714,TR-C05492,2024-01-07,0,policy,0.4355491980559668,0.09279392797866713,LIVE
TR-007602,TR-C03051,2024-01-07,0,policy,0.5174310448721655,0.13067155349697626,LIVE
TR-009193,TR-C03396,2024-01-07,0,policy,0.023305202701840538,0.01451305376796248,LIVE
TR-004359,TR-C04824,2024-01-08,0,policy,0.059828829551187075,0.017185111201616483,LIVE
TR-000372,TR-C04190,2024-01-09,0,policy,0.531343301380729,0.13828261600420474,LIVE
TR-004194,TR-C01931,2024-01-09,0,policy,0.5516506285830772,0.15005672985078097,LIVE
TR-006937,TR-C05172,2024-01-09,0,policy,0.10330322426075318,0.021000404661958093,LIVE
TR-007944,TR-C04919,2024-01-09,0,policy,0.04865177446905334,0.01631975522627458,LIVE
TR-003266,TR-C03443,2024-01-10,0,policy,0.04757812970818401,0.01623892200419879,LIVE
TR-003482,TR-C01997,2024-01-10,0,policy,0.2654827243582194,0.043959621027903975,LIVE
TR-004131,TR-C00342,2024-01-10,0,policy,0.015758023014617532,0.014014222407534051,LIVE
TR-006581,TR-C00639,2024-01-10,0,policy,0.8047848773413238,0.367237551279943,LIVE
TR-007422,TR-C02402,2024-01-10,0,policy,0.06637769709865587,0.01771292576864912,LIVE
TR-007772,TR-C02025,2024-01-10,0,policy,0.02683465104876118,0.014752297633240093,LIVE
TR-008313,TR-C00232,2024-01-10,0,policy,0.7570325696135859,0.3167850700327141,LIVE
TR-009650,TR-C03938,2024-01-10,0,policy,0.0711627525763463,0.018108617046084057,LIVE
TR-001250,TR-C01414,2024-01-11,0,policy,0.7476178524034228,0.3072839906706932,LIVE
TR-002012,TR-C03038,2024-01-11,0,policy,0.4371723073546752,0.09343831139329319,LIVE
TR-003474,TR-C03808,2024-01-11,0,policy,0.21299184872816543,0.034679679811492795,LIVE
TR-005555,TR-C03919,2024-01-11,0,policy,0.09932473693202692,0.02061928306309615,LIVE
TR-007057,TR-C04323,2024-01-11,0,policy,0.047612358325880094,0.016241492942241663,LIVE
TR-008693,TR-C05697,2024-01-11,0,policy,0.24259811196720577,0.03965342263510424,LIVE
TR-001949,TR-C00326,2024-01-12,0,policy,0.3994191659294643,0.07944966792590713,LIVE
TR-004202,TR-C03049,2024-01-12,0,policy,0.01355570681783373,0.013871872474576698,LIVE
TR-009662,TR-C00697,2024-01-12,0,policy,0.026301979995011316,0.014715943135720399,LIVE
TR-000329,TR-C00575,2024-01-13,0,policy,0.6421875500006912,0.2127360499431763,LIVE
TR-001658,TR-C00026,2024-01-13,0,policy,0.46045475430348837,0.10313200251571891,LIVE
TR-002579,TR-C04948,2024-01-13,1,policy,0.9188545641888852,0.49804855052779384,LIVE
TR-005166,TR-C00525,2024-01-13,0,policy,0.5581530246125667,0.1539974651444088,LIVE
TR-006308,TR-C03245,2024-01-13,0,policy,0.12192072520888016,0.022877406174590817,LIVE
TR-006771,TR-C05318,2024-01-13,0,policy,0.27954310571889646,0.0468230029049407,LIVE
TR-006790,TR-C03445,2024-01-13,0,policy,0.03545271730536348,0.015352917154865437,LIVE
TR-009678,TR-C00261,2024-01-13,0,policy,0.07658031291827579,0.01856708997926442,LIVE
TR-002724,TR-C06112,2024-01-14,0,policy,0.15067540828797704,0.026102453279820633,LIVE
TR-006444,TR-C02352,2024-01-14,0,policy,0.029326209878860976,0.014923523132932303,LIVE
TR-007108,TR-C01147,2024-01-14,0,policy,0.014907304579916014,0.013959065080853003,LIVE
TR-007326,TR-C04962,2024-01-14,0,policy,0.06035682929014325,0.017227087098000624,LIVE
TR-009424,TR-C04454,2024-01-14,0,policy,0.0780980536271461,0.01869756166362534,LIVE
TR-001432,TR-C03944,2024-01-15,0,policy,0.0400762673340455,0.015685003357352602,LIVE
TR-001727,TR-C00105,2024-01-15,0,policy,0.35898986301542657,0.06661301931589729,LIVE
TR-002201,TR-C05829,2024-01-15,0,policy,0.1483727466926889,0.025828661897423538,LIVE
TR-004647,TR-C01713,2024-01-15,0,policy,0.06247884579377801,0.017396805337851606,LIVE
TR-006048,TR-C05712,2024-01-15,0,policy,0.7766396449024888,0.33706381765311555,LIVE
TR-006998,TR-C01146,2024-01-15,0,policy,0.04430190824403397,0.01599468629889517,LIVE
TR-007937,TR-C04195,2024-01-15,1,policy,0.5881953696965011,0.17331013263107387,LIVE
TR-009493,TR-C02744,2024-01-15,0,policy,0.08753958498540083,0.019529627802524,LIVE
TR-009545,TR-C06267,2024-01-15,0,policy,0.024297232835282814,0.01457990968191242,LIVE
TR-003831,TR-C06347,2024-01-16,0,policy,0.07596952558109203,0.018514836426729575,LIVE
TR-003996,TR-C01326,2024-01-16,0,policy,0.023405911706300474,0.01451982705411184,LIVE
TR-004965,TR-C01595,2024-01-16,0,policy,0.10141376265330919,0.020818550589818234,LIVE
TR-006249,TR-C03598,2024-01-16,0,policy,0.7970028470162621,0.35877795306746235,LIVE
TR-007963,TR-C00916,2024-01-16,0,policy,0.7612256056299794,0.321066901008278,LIVE
TR-009100,TR-C02641,2024-01-16,0,policy,0.08919166037510005,0.019678907742407103,LIVE
TR-001387,TR-C01581,2024-01-17,0,policy,0.2823501539166417,0.04741552296866771,LIVE
TR-003128,TR-C06385,2024-01-17,0,policy,0.020864325915128382,0.014349838943824583,LIVE
TR-004379,TR-C02808,2024-01-17,0,policy,0.03240676982305009,0.01513793397031129,LIVE
TR-005848,TR-C05519,2024-01-17,0,policy,0.015096001612981377,0.013971280974109034,LIVE
TR-007188,TR-C06035,2024-01-17,0,policy,0.10926280929361781,0.021584235429684618,LIVE
TR-008075,TR-C03886,2024-01-17,0,policy,0.47393220301275024,0.10914184172360189,LIVE
TR-002275,TR-C05836,2024-01-18,0,policy,0.7950347327725662,0.3566520870339862,LIVE
TR-004695,TR-C01279,2024-01-18,0,policy,0.3423338063929848,0.06190643173164274,LIVE
TR-004722,TR-C02055,2024-01-18,0,policy,0.1279764775739168,0.02352254859603048,LIVE
TR-005786,TR-C05814,2024-01-18,0,policy,0.051462411457027714,0.016533242594088508,LIVE
TR-005965,TR-C00949,2024-01-18,0,policy,0.18817297851413298,0.03097866166327446,LIVE
TR-006709,TR-C03466,2024-01-18,0,policy,0.057892465966200464,0.017032028919149452,LIVE
TR-007309,TR-C01456,2024-01-18,0,policy,0.07723004918724097,0.01862283447403932,LIVE
TR-007646,TR-C02522,2024-01-18,0,policy,0.3498014307695817,0.06397691763633423,LIVE
TR-008279,TR-C02914,2024-01-18,0,policy,0.04490244349285621,0.01603918290267477,LIVE
TR-000224,TR-C04309,2024-01-19,1,policy,0.23316388138211866,0.03799845731909753,LIVE
TR-000706,TR-C01666,2024-01-19,0,policy,0.01375754775309009,0.013884859199629208,LIVE
TR-003421,TR-C04244,2024-01-19,0,policy,0.7723652670421164,0.33258829101838067,LIVE
TR-003451,TR-C00773,2024-01-19,0,policy,0.06811916696797683,0.017855940943130994,LIVE
TR-003666,TR-C02721,2024-01-19,0,policy,0.10532046712024708,0.021196272924118076,LIVE
TR-005617,TR-C04941,2024-01-19,0,policy,0.762088718505066,0.3219520707699078,LIVE
TR-005783,TR-C05742,2024-01-19,0,policy,0.0959838985193922,0.020304482412903696,LIVE
TR-006021,TR-C01399,2024-01-19,0,policy,0.042942848682054086,0.015894434814378598,LIVE
TR-009445,TR-C04890,2024-01-19,0,policy,0.35852868308134495,0.06647833878949169,LIVE
TR-009718,TR-C00990,2024-01-19,0,policy,0.17768093571338392,0.02953169491398276,LIVE
TR-001527,TR-C02231,2024-01-20,0,policy,0.022110686081336962,0.014432952407205329,LIVE
TR-005243,TR-C04946,2024-01-20,0,policy,0.14082366304507196,0.024950528554034953,LIVE
TR-006431,TR-C02505,2024-01-20,0,policy,0.11982072314288428,0.02265774530560942,LIVE
TR-007996,TR-C05357,2024-01-20,0,policy,0.09750305781446583,0.020447042047944508,LIVE
TR-008109,TR-C04802,2024-01-20,0,policy,0.019309198617254594,0.014246796501854595,LIVE
TR-000316,TR-C00271,2024-01-21,0,policy,0.3355087712932326,0.06006900805178223,LIVE
TR-000385,TR-C02828,2024-01-21,0,policy,0.4718789532141001,0.10820681422300725,LIVE
TR-001373,TR-C03999,2024-01-21,0,policy,0.02079785976694964,0.014345419923089851,LIVE
TR-001410,TR-C05755,2024-01-21,0,policy,0.01231445039160216,0.013792271195310105,LIVE
TR-002544,TR-C02480,2024-01-21,0,policy,0.7602064478198052,0.3200233527084282,LIVE
TR-004068,TR-C05267,2024-01-21,0,policy,0.1397301401044377,0.024825762742294977,LIVE
TR-004845,TR-C02659,2024-01-21,0,policy,0.1093163478893571,0.021589551625805215,LIVE
TR-006701,TR-C05049,2024-01-21,0,policy,0.047697379908837816,0.016247880711565413,LIVE
TR-007835,TR-C04801,2024-01-21,0,policy,0.04731000341128329,0.01621879667287372,LIVE
TR-009099,TR-C02584,2024-01-21,1,policy,0.3399178552380932,0.061250087955198984,LIVE
TR-009550,TR-C01730,2024-01-21,0,policy,0.028405188446998093,0.014860001632882583,LIVE
TR-009838,TR-C03297,2024-01-21,0,policy,0.02635801770372798,0.014719763520096595,LIVE
TR-001063,TR-C03625,2024-01-22,0,policy,0.053742368232735795,0.01670843618811203,LIVE
TR-002351,TR-C06229,2024-01-22,0,policy,0.48770120943544826,0.11559686968525852,LIVE
TR-003119,TR-C02528,2024-01-22,0,policy,0.10792958559510558,0.021452263074871854,LIVE
TR-005948,TR-C03360,2024-01-22,1,policy,0.8345018664438562,0.40026129369393065,LIVE
TR-005975,TR-C01273,2024-01-22,0,policy,0.012818043018683504,0.013824511948175047,LIVE
TR-007430,TR-C01520,2024-01-22,0,policy,0.057541170532810056,0.017004400661920063,LIVE
TR-008489,TR-C01059,2024-01-22,1,policy,0.7934788594823803,0.35497548716665417,LIVE
TR-009349,TR-C02457,2024-01-22,0,policy,0.1319146080743415,0.023951584878366298,LIVE
TR-001008,TR-C01292,2024-01-23,0,policy,0.19032784540195313,0.03128422609765244,LIVE
TR-003632,TR-C02156,2024-01-23,0,policy,0.03921449403574063,0.015622575068455189,LIVE
TR-002377,TR-C01735,2024-01-24,0,policy,0.19969992000988634,0.032647460255447625,LIVE
TR-003673,TR-C04467,2024-01-24,0,policy,0.3941611168229951,0.07766041231404244,LIVE
TR-004583,TR-C06317,2024-01-24,0,policy,0.18925962929215812,0.03113238808195439,LIVE
TR-005808,TR-C02955,2024-01-24,0,policy,0.13345853526663193,0.024121861644193162,LIVE
TR-006060,TR-C04561,2024-01-24,0,policy,0.649717277863867,0.21872506655559149,LIVE
TR-007784,TR-C03814,2024-01-24,0,policy,0.023425980155907994,0.014521177150137366,LIVE
TR-009586,TR-C04616,2024-01-24,0,policy,0.562595605191731,0.1567382575419933,LIVE
TR-009801,TR-C01320,2024-01-24,0,policy,0.6633799884265082,0.22989954088683476,LIVE
TR-001726,TR-C02623,2024-01-25,0,policy,0.06060876399191259,0.01724715135043095,LIVE
TR-002189,TR-C05565,2024-01-25,0,policy,0.5489471831511524,0.14844292328046824,LIVE
TR-002396,TR-C05907,2024-01-25,0,policy,0.7533242986702807,0.313023932888469,LIVE
TR-002497,TR-C01483,2024-01-25,0,policy,0.03757970485712303,0.015504819428030437,LIVE
TR-000498,TR-C00845,2024-01-26,1,policy,0.5536368624630232,0.15125158631695232,LIVE
TR-000915,TR-C02964,2024-01-26,0,policy,0.04629804811918651,0.016143060938801208,LIVE
TR-003641,TR-C06138,2024-01-26,0,policy,0.07267717886070868,0.018235647912547587,LIVE
TR-006924,TR-C00247,2024-01-26,0,policy,0.27779241545077665,0.04645703379252754,LIVE
TR-007080,TR-C06002,2024-01-26,0,policy,0.022555014526738026,0.014462696974767264,LIVE
TR-007773,TR-C02390,2024-01-26,0,policy,0.06403481810442005,0.017522294180940735,LIVE
TR-008699,TR-C02323,2024-01-26,0,policy,0.24666491958143316,0.040387953342858336,LIVE
TR-009762,TR-C03401,2024-01-26,0,policy,0.09177685965228388,0.019914750387234396,LIVE
TR-004726,TR-C00661,2024-01-27,0,policy,0.1402467372470389,0.0248846280887167,LIVE
TR-005658,TR-C02534,2024-01-27,0,policy,0.023621102645419008,0.014534310378077757,LIVE
TR-008785,TR-C06030,2024-01-27,0,policy,0.054033791414443276,0.016730960493998564,LIVE
TR-009876,TR-C00918,2024-01-27,0,policy,0.21271377386230564,0.03463594112874692,LIVE
TR-002823,TR-C01629,2024-01-28,0,policy,0.7032941822687531,0.26478819918747426,LIVE
TR-002844,TR-C03979,2024-01-28,0,policy,0.2677655358864399,0.044412882140002254,LIVE
TR-004247,TR-C00574,2024-01-28,1,policy,0.23622018124126112,0.038527200036512235,LIVE
TR-004361,TR-C04905,2024-01-28,0,policy,0.03617715922362623,0.01540448912460396,LIVE
TR-005993,TR-C05415,2024-01-28,1,policy,0.6136663447951938,0.19114316221713865,LIVE
TR-007693,TR-C04878,2024-01-28,0,policy,0.0864359040789455,0.019430519226677566,LIVE
TR-008304,TR-C04301,2024-01-28,0,policy,0.11236366034905178,0.02189425880790249,LIVE
TR-000405,TR-C00641,2024-01-29,0,policy,0.08729826922379816,0.01950791584280307,LIVE
TR-000622,TR-C00538,2024-01-29,0,policy,0.05037347282711976,0.01645020625395852,LIVE
TR-000693,TR-C04173,2024-01-29,0,policy,0.03144564574604142,0.015070714993488141,LIVE
TR-003839,TR-C04943,2024-01-29,0,policy,0.013677481590031088,0.013879706198153326,LIVE
TR-004339,TR-C03247,2024-01-29,0,policy,0.06498087688743176,0.01759902779534676,LIVE
TR-004923,TR-C05478,2024-01-29,0,policy,0.07201937758900658,0.018180364115380845,LIVE
TR-005966,TR-C02972,2024-01-29,0,policy,0.07954630528545509,0.01882289810403244,LIVE
TR-009899,TR-C03983,2024-01-29,0,policy,0.26088547340092233,0.04306017815129511,LIVE
TR-005024,TR-C02498,2024-01-30,0,policy,0.275989282246706,0.04608294730392367,LIVE
TR-005274,TR-C02451,2024-01-30,0,policy,0.01681580780319969,0.014083104853942563,LIVE
TR-006789,TR-C02023,2024-01-30,0,policy,0.06423548634133837,0.01753854261858891,LIVE
TR-007034,TR-C01749,2024-01-30,0,policy,0.7877068961091559,0.3487869578073954,LIVE
TR-007955,TR-C04453,2024-01-30,0,policy,0.2628489364543096,0.043442155324540745,LIVE
TR-008544,TR-C00788,2024-01-30,0,policy,0.028969504684361415,0.014898890030590363,LIVE
TR-009425,TR-C01872,2024-01-30,0,policy,0.03852132404910032,0.015572538185599977,LIVE
TR-009862,TR-C03291,2024-01-30,0,policy,0.018489297709114172,0.014192763954176162,LIVE
TR-001731,TR-C03052,2024-01-31,0,policy,0.14857202953679852,0.02585224612859128,LIVE
TR-003917,TR-C00273,2024-01-31,0,policy,0.013270001773185774,0.013853510287827707,LIVE
TR-003929,TR-C04203,2024-01-31,1,policy,0.419151609017805,0.08650473407140867,LIVE
TR-004439,TR-C03411,2024-01-31,0,policy,0.23603738741925906,0.038495378924766496,LIVE
TR-004665,TR-C01204,2024-01-31,0,policy,0.06942931331339487,0.017964281144059527,LIVE
TR-005852,TR-C06439,2024-01-31,0,policy,0.050034574209255944,0.0164244475178418,LIVE
TR-006069,TR-C05815,2024-01-31,0,policy,0.33660766877257364,0.06036136434103368,LIVE
TR-007197,TR-C03763,2024-01-31,0,policy,0.4907641096025009,0.11707718379570703,LIVE
TR-007285,TR-C03558,2024-01-31,0,policy,0.16176712759000786,0.027461333680021703,LIVE
TR-000005,TR-C03679,2024-02-01,0,policy,0.06323728153790008,0.017457862356541815,LIVE
TR-003307,TR-C00494,2024-02-01,0,policy,0.04272855029207146,0.01587868354747226,LIVE
TR-003346,TR-C03897,2024-02-01,0,policy,0.19976245830682451,0.03265674695753992,LIVE
TR-004941,TR-C02479,2024-02-01,0,policy,0.6181059421274341,0.19439095627307448,LIVE
TR-009054,TR-C06418,2024-02-01,0,policy,0.07198990674369671,0.018177891141664463,LIVE
TR-009429,TR-C02080,2024-02-01,0,policy,0.00919113515764104,0.013593961338212179,LIVE
TR-004158,TR-C05749,2024-02-02,0,policy,0.33501029441428243,0.059936828175689065,LIVE
TR-005232,TR-C03782,2024-02-02,0,policy,0.9042397992914586,0.48088062492352995,LIVE
TR-006497,TR-C00016,2024-02-02,0,policy,0.018111678539518276,0.014167946335409234,LIVE
TR-006639,TR-C05136,2024-02-02,0,policy,0.05411297995905636,0.016737086188696113,LIVE
TR-000165,TR-C02900,2024-02-03,0,policy,0.26597482381541465,0.0440569546590879,LIVE
TR-000364,TR-C03742,2024-02-03,0,policy,0.4213287897575082,0.08731700417708356,LIVE
TR-002005,TR-C04674,2024-02-03,0,policy,0.1669024874585661,0.028113536690666296,LIVE
TR-003059,TR-C05172,2024-02-03,0,policy,0.11058043631531633,0.02171544387999396,LIVE
TR-004575,TR-C06081,2024-02-03,0,policy,0.03183877205603402,0.015098173816416472,LIVE
TR-005064,TR-C02109,2024-02-03,0,policy,0.24887453590255632,0.04079249253765294,LIVE
TR-006875,TR-C04894,2024-02-03,0,policy,0.18686577489051193,0.030794707567303983,LIVE
TR-008267,TR-C04844,2024-02-03,0,policy,0.057284617468685815,0.016984251418856705,LIVE
TR-009639,TR-C01000,2024-02-03,0,policy,0.510176574514705,0.1268458228152006,LIVE
TR-000305,TR-C05988,2024-02-04,0,policy,0.058369610901642145,0.017069625492976862,LIVE
TR-003603,TR-C01502,2024-02-04,0,policy,0.21937658921396075,0.03569871002845645,LIVE
TR-005074,TR-C04491,2024-02-04,0,policy,0.058327610258834844,0.01706631278707291,LIVE
TR-008198,TR-C00262,2024-02-04,0,policy,0.054885280723429984,0.01679694385950189,LIVE
TR-008886,TR-C01877,2024-02-04,0,policy,0.5404816704995269,0.14348206066736036,LIVE
TR-009966,TR-C05344,2024-02-04,0,policy,0.5274716980932034,0.13612793482519112,LIVE
TR-002327,TR-C01207,2024-02-05,0,policy,0.20507020662545866,0.03345429546013483,LIVE
TR-003260,TR-C02875,2024-02-05,0,policy,0.2045784233953589,0.03337961599386044,LIVE
TR-004376,TR-C01250,2024-02-05,0,policy,0.5240842016637726,0.1342659395785689,LIVE
TR-004468,TR-C04079,2024-02-05,0,policy,0.08529211742536066,0.019328329433398402,LIVE
TR-005032,TR-C00069,2024-02-05,0,policy,0.7420972228654488,0.30178713583603123,LIVE
TR-005208,TR-C01258,2024-02-05,0,policy,0.209583845653004,0.03414728594424622,LIVE
TR-006903,TR-C00253,2024-02-05,0,policy,0.10187129712139752,0.020862444755402724,LIVE
TR-007462,TR-C06481,2024-02-05,0,policy,0.010591629175025609,0.013682533276052811,LIVE
TR-008163,TR-C04079,2024-02-05,0,policy,0.015410795554643603,0.013991683605668511,LIVE
TR-003047,TR-C03835,2024-02-06,1,policy,0.1630301744130739,0.02762036717376274,LIVE
TR-004196,TR-C03220,2024-02-06,1,policy,0.046546291429337666,0.016161607451753927,LIVE
TR-005685,TR-C00901,2024-02-06,0,policy,0.042475901953224475,0.015860133224464088,LIVE
TR-007491,TR-C01764,2024-02-06,0,policy,0.1098860879041789,0.021646204201103074,LIVE
TR-008509,TR-C03970,2024-02-06,1,policy,0.0340237896948606,0.015251691630305531,LIVE
TR-008695,TR-C03925,2024-02-06,0,policy,0.8351361083286885,0.40097729045526886,LIVE
TR-009812,TR-C02268,2024-02-06,0,policy,0.05870915972563133,0.017096429852282966,LIVE
TR-001600,TR-C05138,2024-02-07,0,policy,0.02750791067228756,0.01479837381316737,LIVE
TR-005519,TR-C03588,2024-02-07,0,policy,0.022747798866802105,0.014475621269284976,LIVE
TR-005807,TR-C03069,2024-02-07,1,policy,0.6353665286021968,0.2074148054690948,LIVE
TR-006512,TR-C00898,2024-02-07,0,policy,0.04339839060971121,0.015927968947233723,LIVE
TR-008414,TR-C04235,2024-02-07,0,policy,0.05381036998216478,0.01671368942416043,LIVE
TR-009923,TR-C04682,2024-02-07,0,policy,0.013622936189652624,0.013876196774692269,LIVE
TR-000643,TR-C02664,2024-02-08,0,policy,0.6916523236015081,0.2542711787446144,LIVE
TR-000809,TR-C04221,2024-02-08,0,policy,0.023327669438920624,0.014514564521301322,LIVE
TR-000984,TR-C04818,2024-02-08,0,policy,0.29411859599784573,0.04997802590557264,LIVE
TR-001760,TR-C00571,2024-02-08,0,policy,0.028636105468965084,0.014875902584550212,LIVE
TR-002381,TR-C01418,2024-02-08,0,policy,0.18902013425929137,0.03109844386963236,LIVE
TR-002545,TR-C02779,2024-02-08,0,policy,0.771721171169829,0.3319164717363324,LIVE
TR-005639,TR-C00370,2024-02-08,0,policy,0.6401849263727224,0.21116349366428888,LIVE
TR-006210,TR-C03406,2024-02-08,0,policy,0.1463378087170626,0.02558903195701821,LIVE
TR-007091,TR-C01201,2024-02-08,0,policy,0.020370051823716,0.014317009067507675,LIVE
TR-008571,TR-C05379,2024-02-08,0,policy,0.2573490039316343,0.0423802623812285,LIVE
TR-000328,TR-C00849,2024-02-09,0,policy,0.006124740980631983,0.013402002027224934,LIVE
TR-001557,TR-C04220,2024-02-09,0,policy,0.05340453457264535,0.01668236208862638,LIVE
TR-002324,TR-C04215,2024-02-09,0,policy,0.00866751106994368,0.013560991027089055,LIVE
TR-003148,TR-C04716,2024-02-09,0,policy,0.16507607786097633,0.027879872590932855,LIVE
TR-008080,TR-C01613,2024-02-09,0,policy,0.01290973251121709,0.013830390037875383,LIVE
TR-008305,TR-C01062,2024-02-09,0,policy,0.2605595425386541,0.04299708191062392,LIVE
TR-007609,TR-C03257,2024-02-10,0,policy,0.10801211202065897,0.021460409187540237,LIVE
TR-007918,TR-C04805,2024-02-10,0,policy,0.25619615174614135,0.04216084295787245,LIVE
TR-007938,TR-C06079,2024-02-10,0,policy,0.34276636221495577,0.062024635858305414,LIVE
TR-008360,TR-C02724,2024-02-10,0,policy,0.06136789130352631,0.017307747683342804,LIVE
TR-001040,TR-C01701,2024-02-11,0,policy,0.052896103070530165,0.01664319657872696,LIVE
TR-001575,TR-C00012,2024-02-11,0,policy,0.029570144294207495,0.01494039167750095,LIVE
TR-001831,TR-C03706,2024-02-11,0,policy,0.06124590019347815,0.017297995818875034,LIVE
TR-001849,TR-C03440,2024-02-11,0,policy,0.4570800802296518,0.10167372424190521,LIVE
TR-002370,TR-C02199,2024-02-11,0,policy,0.17672125566862,0.029402663282235775,LIVE
TR-006984,TR-C06494,2024-02-11,0,policy,0.08697448894861061,0.019478821446567107,LIVE
TR-007175,TR-C02318,2024-02-11,0,policy,0.0829359215107492,0.019119476654339686,LIVE
TR-007906,TR-C00932,2024-02-11,0,policy,0.024901098029560576,0.014620754453665607,LIVE
TR-009146,TR-C05534,2024-02-11,0,policy,0.04740046463802386,0.016225583871972905,LIVE
TR-000512,TR-C03662,2024-02-12,0,policy,0.06075801470846754,0.017259048607309525,LIVE
TR-002959,TR-C01949,2024-02-12,0,policy,0.12401336034411321,0.02309836473330592,LIVE
TR-009239,TR-C02260,2024-02-12,0,policy,0.12085534994530281,0.022765708912074446,LIVE
TR-009726,TR-C05808,2024-02-12,0,policy,0.02161476600757833,0.014399825333763399,LIVE
TR-004067,TR-C04774,2024-02-13,0,policy,0.10267208854596262,0.020939487816184897,LIVE
TR-009963,TR-C01599,2024-02-13,0,policy,0.36405696293547496,0.06810955900229843,LIVE
TR-000174,TR-C02649,2024-02-14,0,policy,0.05113133778863758,0.01650795327145572,LIVE
TR-006148,TR-C04519,2024-02-14,0,policy,0.09992495464408653,0.020676344554432034,LIVE
TR-006226,TR-C02416,2024-02-14,1,policy,0.4272638381543839,0.08956640088531426,LIVE
TR-006651,TR-C02990,2024-02-14,1,policy,0.4495305605908825,0.09847746595552671,LIVE
TR-006935,TR-C04801,2024-02-14,0,policy,0.18074772893084198,0.029947724497134304,LIVE
TR-007573,TR-C00938,2024-02-14,1,policy,0.36273467074382515,0.06771604869454723,LIVE
TR-002871,TR-C02112,2024-02-15,0,policy,0.06593052423982812,0.017676384341776805,LIVE
TR-006264,TR-C00674,2024-02-15,0,policy,0.5116281985654029,0.1276036122985533,LIVE
TR-006978,TR-C01253,2024-02-15,0,policy,0.03179981840291816,0.015095450810408834,LIVE
TR-001962,TR-C06461,2024-02-16,0,policy,0.09428751855080572,0.020146442352325877,LIVE
TR-002306,TR-C05735,2024-02-16,0,policy,0.11229187006697323,0.02188703222072923,LIVE
TR-003235,TR-C00092,2024-02-16,0,policy,0.0657077663505815,0.017658208967213915,LIVE
TR-003638,TR-C03021,2024-02-16,0,policy,0.25135264822850917,0.04125080342215012,LIVE
TR-004650,TR-C00941,2024-02-16,0,policy,0.01654958085673596,0.01406573691697755,LIVE
TR-004896,TR-C01292,2024-02-17,0,policy,0.8234180627352012,0.3878199563346086,LIVE
TR-005545,TR-C02661,2024-02-17,0,policy,0.09655559201055555,0.02035801619564941,LIVE
TR-005892,TR-C01972,2024-02-17,0,policy,0.49490288275730826,0.11910357085445653,LIVE
TR-006156,TR-C04332,2024-02-17,0,policy,0.3375772753697986,0.060620428635634487,LIVE
TR-006262,TR-C04392,2024-02-17,0,policy,0.2649065756913844,0.04384592378234407,LIVE
TR-008796,TR-C01417,2024-02-17,0,policy,0.21033303538356404,0.03426364314297826,LIVE
TR-008921,TR-C06423,2024-02-17,0,policy,0.6340306956202881,0.20638427514935315,LIVE
TR-009400,TR-C00417,2024-02-17,0,policy,0.3912742627524217,0.07669380946047141,LIVE
TR-003430,TR-C02238,2024-02-18,0,policy,0.055578799791711625,0.01685087478555034,LIVE
TR-006611,TR-C04459,2024-02-18,0,policy,0.23073421948565817,0.03758310310858779,LIVE
TR-000825,TR-C06139,2024-02-19,0,policy,0.8282058642104341,0.39317726528939173,LIVE
TR-001974,TR-C01825,2024-02-19,0,policy,0.6160487107120916,0.1928808066156454,LIVE
TR-003259,TR-C04501,2024-02-19,0,policy,0.26698218812714924,0.04425684538598413,LIVE
TR-003798,TR-C03915,2024-02-19,0,policy,0.25555048267786523,0.042038429271140286,LIVE
TR-004653,TR-C04063,2024-02-19,0,policy,0.2797002661543015,0.04685598992394659,LIVE
TR-005542,TR-C03468,2024-02-19,0,policy,0.6592969025748243,0.2265186090909198,LIVE
TR-001284,TR-C03030,2024-02-20,0,policy,0.018430079621266224,0.014188869234244228,LIVE
TR-004784,TR-C01892,2024-02-20,0,policy,0.4923644813383919,0.1178571727865358,LIVE
TR-004810,TR-C05546,2024-02-20,0,policy,0.022296653412394292,0.014445394229772621,LIVE
TR-007848,TR-C01813,2024-02-20,0,policy,0.08483699598513283,0.01928781402207561,LIVE
TR-000479,TR-C04208,2024-02-21,1,policy,0.775086219039348,0.3354338552447014,LIVE
TR-002385,TR-C02106,2024-02-21,0,policy,0.050171936822732965,0.01643488328259302,LIVE
TR-005285,TR-C06306,2024-02-21,0,policy,0.07565225033968445,0.018487750136001607,LIVE
TR-006494,TR-C06388,2024-02-21,0,policy,0.18092215689193974,0.029971556694912013,LIVE
TR-006557,TR-C01314,2024-02-21,0,policy,0.38717833712318733,0.07534129881467434,LIVE
TR-006859,TR-C04732,2024-02-21,0,policy,0.053932370129356644,0.016723118186170255,LIVE
TR-007549,TR-C00102,2024-02-21,0,policy,0.01958105017365992,0.01426475659135191,LIVE
TR-008132,TR-C02898,2024-02-21,1,policy,0.8608681315283248,0.4303508740380143,LIVE
TR-009076,TR-C01783,2024-02-21,0,policy,0.1342813894295184,0.024213094358599516,LIVE
TR-002089,TR-C02392,2024-02-22,0,policy,0.021637887243323668,0.014401368147764805,LIVE
TR-004819,TR-C01710,2024-02-22,0,policy,0.09005490862237338,0.01975735422408769,LIVE
TR-005252,TR-C05961,2024-02-22,0,policy,0.2947155021407878,0.05011143607271102,LIVE
TR-009715,TR-C02484,2024-02-22,0,policy,0.03589425063723032,0.015384329009983712,LIVE
TR-002115,TR-C04607,2024-02-23,0,policy,0.016604329041590194,0.01406930681741442,LIVE
TR-002315,TR-C02162,2024-02-23,0,policy,0.04201452721585331,0.01582631248673822,LIVE
TR-006018,TR-C01573,2024-02-23,0,policy,0.43993182166117833,0.0945430695692387,LIVE
TR-007715,TR-C05013,2024-02-23,0,policy,0.14277803549146453,0.025175036670165487,LIVE
TR-008019,TR-C04506,2024-02-23,0,policy,0.15044999663298717,0.026075527115961665,LIVE
TR-008938,TR-C00376,2024-02-23,0,policy,0.04708007918865824,0.016201558295211794,LIVE
TR-009287,TR-C01183,2024-02-23,0,policy,0.02556536703475316,0.014665815082600928,LIVE
TR-005621,TR-C04207,2024-02-24,0,policy,0.1066336813674232,0.021324741418652166,LIVE
TR-006391,TR-C01661,2024-02-24,1,policy,0.8338438930866803,0.39951895640991003,LIVE
TR-007232,TR-C06221,2024-02-24,0,policy,0.03185798311473726,0.015099516919332487,LIVE
TR-007333,TR-C03585,2024-02-24,1,policy,0.6284026188197995,0.20208413718764617,LIVE
TR-008302,TR-C00058,2024-02-24,0,policy,0.42499079997938216,0.08869880604249983,LIVE
TR-009417,TR-C01644,2024-02-24,0,policy,0.01828666676237863,0.014179441464651854,LIVE
TR-009600,TR-C00497,2024-02-24,0,policy,0.19624786275117406,0.0321387825429463,LIVE
TR-001542,TR-C01368,2024-02-25,0,policy,0.04603912608014024,0.016123738911397924,LIVE
TR-002574,TR-C01365,2024-02-25,0,policy,0.03969631574666245,0.015657448832953388,LIVE
TR-005337,TR-C02110,2024-02-25,0,policy,0.026689480719477243,0.014742381080055402,LIVE
TR-007961,TR-C05335,2024-02-25,0,policy,0.8166944689050656,0.3803424104888841,LIVE
TR-008771,TR-C04687,2024-02-25,1,policy,0.6068344804235469,0.1862265351175939,LIVE
TR-001312,TR-C01556,2024-02-26,0,policy,0.30434030230770615,0.05230969810911797,LIVE
TR-001363,TR-C01949,2024-02-26,0,policy,0.08524196235472509,0.019323860486625308,LIVE
TR-001532,TR-C02758,2024-02-26,0,policy,0.025877251349998357,0.014687018896763727,LIVE
TR-002293,TR-C04545,2024-02-26,1,policy,0.16786908418604873,0.028237967949699416,LIVE
TR-007065,TR-C03858,2024-02-26,0,policy,0.5083888483140954,0.12591786710959807,LIVE
TR-000414,TR-C03591,2024-02-27,0,policy,0.03323661092318958,0.01519620870625594,LIVE
TR-000605,TR-C06362,2024-02-27,0,policy,0.05370600440421875,0.016705627694466676,LIVE
TR-003416,TR-C03086,2024-02-27,0,policy,0.1788000969783703,0.02968286274721785,LIVE
TR-005019,TR-C05209,2024-02-27,1,policy,0.144991848633446,0.025431725491604527,LIVE
TR-005392,TR-C04790,2024-02-27,0,policy,0.021257013025449648,0.014375974245214548,LIVE
TR-000959,TR-C01067,2024-02-28,0,policy,0.32680891961501435,0.057800839248198344,LIVE
TR-003830,TR-C01472,2024-02-28,0,policy,0.08851332289862254,0.019617478996234863,LIVE
TR-004681,TR-C00404,2024-02-28,0,policy,0.009400463773784782,0.013607163950473643,LIVE
TR-004866,TR-C00608,2024-02-28,0,policy,0.11161477955797224,0.02181898923008054,LIVE
TR-005711,TR-C02003,2024-02-28,0,policy,0.12425385674640121,0.02312389153813317,LIVE
TR-006552,TR-C03401,2024-02-28,0,policy,0.09744671545380823,0.02044173735936268,LIVE
TR-007008,TR-C04712,2024-02-28,1,policy,0.822073267607506,0.38632000315903675,LIVE
TR-007803,TR-C02188,2024-02-28,0,policy,0.7902973132951934,0.35155816998089967,LIVE
TR-001087,TR-C00724,2024-02-29,0,policy,0.1243777891108649,0.023137056737196255,LIVE
TR-003392,TR-C03372,2024-02-29,1,policy,0.046369078631035364,0.01614836556232582,LIVE
TR-004563,TR-C01535,2024-02-29,0,policy,0.04805640724792955,0.016274882105716405,LIVE
TR-004664,TR-C01120,2024-02-29,0,policy,0.04896478742569623,0.016343395944437195,LIVE
TR-005501,TR-C02071,2024-02-29,0,policy,0.38543250761424674,0.07477149614822355,LIVE
TR-007565,TR-C05816,2024-02-29,0,policy,0.26288777672411406,0.043449743941911805,LIVE
TR-007815,TR-C05814,2024-02-29,0,policy,0.17794292604111667,0.029567015530779776,LIVE
TR-008378,TR-C03720,2024-02-29,0,policy,0.10930306651069174,0.021588232711739555,LIVE
TR-008478,TR-C00116,2024-02-29,0,policy,0.0877548110234433,0.019549012365500572,LIVE
TR-006106,TR-C06486,2024-03-01,0,policy,0.5769080530199359,0.16583852028327353,LIVE
TR-007291,TR-C01572,2024-03-01,0,policy,0.0225755743495241,0.014464074766937582,LIVE
TR-000317,TR-C04653,2024-03-02,0,policy,0.3355918367104472,0.060091060809349374,LIVE
TR-001655,TR-C01971,2024-03-02,1,policy,0.7706516469962542,0.33080242354576084,LIVE
TR-005128,TR-C00022,2024-03-02,0,policy,0.22732163765992486,0.03700707825184326,LIVE
TR-008248,TR-C05464,2024-03-02,1,policy,0.7926813129411319,0.35411743117997174,LIVE
TR-008712,TR-C05365,2024-03-02,0,policy,0.6447116492798154,0.21473024374662247,LIVE
TR-001613,TR-C00014,2024-03-03,0,policy,0.04719090232357451,0.016209864916942016,LIVE
TR-002360,TR-C00528,2024-03-03,0,policy,0.1623031961920296,0.02752872248681847,LIVE
TR-004112,TR-C05331,2024-03-03,0,policy,0.06260634837208924,0.017407055102500686,LIVE
TR-004537,TR-C01376,2024-03-03,0,policy,0.22682521304042436,0.036923994980351565,LIVE
TR-006785,TR-C04036,2024-03-03,0,policy,0.6686855208468541,0.2343453335543195,LIVE
TR-007958,TR-C04543,2024-03-03,0,policy,0.03621380522658601,0.01540710242679116,LIVE
TR-008873,TR-C02314,2024-03-03,0,policy,0.05533724306221955,0.016832071041667875,LIVE
TR-009489,TR-C01298,2024-03-03,0,policy,0.14789130945856607,0.025771772346911,LIVE
TR-001382,TR-C01966,2024-03-04,0,policy,0.24283408926851738,0.03969569166912593,LIVE
TR-003006,TR-C02684,2024-03-04,0,policy,0.8291931631056705,0.3942852534285224,LIVE
TR-005549,TR-C01774,2024-03-04,1,policy,0.5299451084573166,0.1375011894030189,LIVE
TR-006966,TR-C00971,2024-03-04,0,policy,0.10641244984698167,0.021303045662454733,LIVE
TR-007878,TR-C05581,2024-03-04,0,policy,0.1423533483219595,0.025126084062848757,LIVE
TR-001217,TR-C05558,2024-03-05,0,policy,0.15155450216547522,0.02620772271160509,LIVE
TR-005318,TR-C02801,2024-03-05,1,policy,0.5942232677679522,0.1774080596958894,LIVE
TR-005937,TR-C06409,2024-03-05,0,policy,0.07030698340673582,0.01803721918360695,LIVE
TR-005957,TR-C05745,2024-03-05,0,policy,0.1237324686673171,0.023068585119318363,LIVE
TR-008171,TR-C05732,2024-03-05,0,policy,0.1944975050553467,0.031883794600957416,LIVE
TR-009008,TR-C02996,2024-03-05,0,policy,0.019390373972005243,0.014252157081265905,LIVE
TR-009126,TR-C03236,2024-03-05,0,policy,0.02110407445052262,0.014365789842116967,LIVE
TR-001729,TR-C05961,2024-03-06,0,policy,0.3129322586873478,0.054348747731539054,LIVE
TR-002611,TR-C02204,2024-03-06,0,policy,0.7141607289320433,0.27485239093151065,LIVE
TR-007042,TR-C02115,2024-03-06,1,policy,0.5245808994464701,0.13453760543375162,LIVE
TR-007193,TR-C05934,2024-03-06,0,policy,0.0735559422472086,0.018309759592560267,LIVE
TR-007380,TR-C01076,2024-03-06,0,policy,0.258202000842997,0.042543313185941706,LIVE
TR-008344,TR-C04290,2024-03-06,1,policy,0.27265486402971917,0.04539871379660652,LIVE
TR-008351,TR-C04049,2024-03-06,0,policy,0.08449700037184815,0.01925760157978033,LIVE
TR-008970,TR-C03195,2024-03-06,0,policy,0.2577930777365482,0.04246507265335263,LIVE
TR-009888,TR-C04224,2024-03-06,0,policy,0.05675431698464529,0.0169426768625157,LIVE
TR-002546,TR-C02459,2024-03-07,0,policy,0.11736644180384678,0.022403636861136503,LIVE
TR-003731,TR-C00246,2024-03-07,0,policy,0.08036063180279171,0.01889373415214049,LIVE
TR-006420,TR-C02917,2024-03-07,0,policy,0.0638414221036283,0.01750664857937489,LIVE
TR-006438,TR-C03405,2024-03-07,0,policy,0.038971661115489095,0.015605028051392215,LIVE
TR-007399,TR-C04134,2024-03-07,0,policy,0.20744964276365202,0.03381790722342354,LIVE
TR-008953,TR-C01764,2024-03-07,0,policy,0.19043510124534405,0.03129951115268079,LIVE
TR-000429,TR-C03973,2024-03-08,0,policy,0.012455812406615575,0.013801313910781335,LIVE
TR-000499,TR-C05559,2024-03-08,0,policy,0.883821206241089,0.45697925064986966,LIVE
TR-000873,TR-C02219,2024-03-08,0,policy,0.07081597955532885,0.018079651982310697,LIVE
TR-001441,TR-C05871,2024-03-08,0,policy,0.14279754108118925,0.025177287260029883,LIVE
TR-002197,TR-C05769,2024-03-08,0,policy,0.006716599977786738,0.013438843578906309,LIVE
TR-000753,TR-C03902,2024-03-09,0,policy,0.007989501778278141,0.013518416906991486,LIVE
TR-001020,TR-C00142,2024-03-09,0,policy,0.2941217484667815,0.04997872960641371,LIVE
TR-001385,TR-C00930,2024-03-09,0,policy,0.41886846121221155,0.08639960037430423,LIVE
TR-007608,TR-C00137,2024-03-09,0,policy,0.3072818532504139,0.052999519783474974,LIVE
TR-007998,TR-C05540,2024-03-09,0,policy,0.4970849142539374,0.12018408069225457,LIVE
TR-009345,TR-C05626,2024-03-09,0,policy,0.40369424975812285,0.08093210952650226,LIVE
TR-000526,TR-C05493,2024-03-10,0,policy,0.25714522663790523,0.04234139871763626,LIVE
TR-000971,TR-C00250,2024-03-10,0,policy,0.06681434144524201,0.017748678416736482,LIVE
TR-001933,TR-C05652,2024-03-10,0,policy,0.07341421996582853,0.018297787295556065,LIVE
TR-003398,TR-C03740,2024-03-10,0,policy,0.032506589126097545,0.01514493201934128,LIVE
TR-007464,TR-C01703,2024-03-10,0,policy,0.018312586635331012,0.014181144945218858,LIVE
TR-007893,TR-C04931,2024-03-10,0,policy,0.008322137155681404,0.013539287524611749,LIVE
TR-008387,TR-C00152,2024-03-10,1,policy,0.4747333249078445,0.10950858261400358,LIVE
TR-008948,TR-C03422,2024-03-10,0,policy,0.06564328706828844,0.017652951366793186,LIVE
TR-000704,TR-C02622,2024-03-11,0,policy,0.019822661475262286,0.014280737561608397,LIVE
TR-001292,TR-C04567,2024-03-11,0,policy,0.09524124191692145,0.020235145342067957,LIVE
TR-002137,TR-C00622,2024-03-11,0,policy,0.055517442089007205,0.016846096500855567,LIVE
TR-002900,TR-C01574,2024-03-11,0,policy,0.8278436251336221,0.3927710202752409,LIVE
TR-003060,TR-C06046,2024-03-11,0,policy,0.029100062729677214,0.0149079013688067,LIVE
TR-003835,TR-C05293,2024-03-11,0,policy,0.17890867264549487,0.02969756818192548,LIVE
TR-009477,TR-C03152,2024-03-11,0,policy,0.08566922655140827,0.019361963296061678,LIVE
TR-000598,TR-C02322,2024-03-12,1,policy,0.19535507652115908,0.032008478180468876,LIVE
TR-002498,TR-C00234,2024-03-12,0,policy,0.055660104678713226,0.016857208526780146,LIVE
TR-004192,TR-C02268,2024-03-12,0,policy,0.1031114207433036,0.020981873579928742,LIVE
TR-004251,TR-C02359,2024-03-12,0,policy,0.014356403257244858,0.013923460973807438,LIVE
TR-004817,TR-C05376,2024-03-12,0,policy,0.06228919760190715,0.01738157073523054,LIVE
TR-006798,TR-C00938,2024-03-12,0,policy,0.03405491201061455,0.015253889326096613,LIVE
TR-008656,TR-C02139,2024-03-12,0,policy,0.018506158801363807,0.014193873085625731,LIVE
TR-009111,TR-C00665,2024-03-12,0,policy,0.7766077689064719,0.3370303320113809,LIVE
TR-009734,TR-C06443,2024-03-12,0,policy,0.5742927317657794,0.16414458808092985,LIVE
TR-001907,TR-C00670,2024-03-13,0,policy,0.11289146554107261,0.02194746064615457,LIVE
TR-001969,TR-C02827,2024-03-13,1,policy,0.6779656330524516,0.2422640968962091,LIVE
TR-002683,TR-C04045,2024-03-13,0,policy,0.007369075692316113,0.013479574123149813,LIVE
TR-004053,TR-C00277,2024-03-13,0,policy,0.09719044377085044,0.02041762612751306,LIVE
TR-004615,TR-C01493,2024-03-13,0,policy,0.11284932108768687,0.021943207920538634,LIVE
TR-006370,TR-C00867,2024-03-13,0,policy,0.018089391559137396,0.014166482943766521,LIVE
TR-009481,TR-C05615,2024-03-13,0,policy,0.11047204282167769,0.02170462074975563,LIVE
TR-002242,TR-C00935,2024-03-14,0,policy,0.040658277917110595,0.015727303988268423,LIVE
TR-002328,TR-C02936,2024-03-14,0,policy,0.7380152139862101,0.2977588342859934,LIVE
TR-006784,TR-C02311,2024-03-14,0,policy,0.22410904203560808,0.03647257420702909,LIVE
TR-008193,TR-C05479,2024-03-14,1,policy,0.06558057420269454,0.01764783927358553,LIVE
TR-009090,TR-C05989,2024-03-14,0,policy,0.009042506263553749,0.013584594802176874,LIVE
TR-000799,TR-C03292,2024-03-15,0,policy,0.4877268357005264,0.1156091872082394,LIVE
TR-003570,TR-C03172,2024-03-15,0,policy,0.10434618494054541,0.02110145088124816,LIVE
TR-006507,TR-C03652,2024-03-15,0,policy,0.06041240105773827,0.017231510899444736,LIVE
TR-006863,TR-C01100,2024-03-15,0,policy,0.04419852651145521,0.015987038500605892,LIVE
TR-007664,TR-C00419,2024-03-15,1,policy,0.27589317075820163,0.04606308824343175,LIVE
TR-009182,TR-C01434,2024-03-15,0,policy,0.06172705558010332,0.017336490335830335,LIVE
TR-000418,TR-C00524,2024-03-16,0,policy,0.008855358959987812,0.013572809903157472,LIVE
TR-001393,TR-C03329,2024-03-16,0,policy,0.25117571032686814,0.04121791718513292,LIVE
TR-003492,TR-C00373,2024-03-16,1,policy,0.12448332768029963,0.023148273752674024,LIVE
TR-003967,TR-C05215,2024-03-16,0,policy,0.43212620940452495,0.09144804714259289,LIVE
TR-004957,TR-C06159,2024-03-16,0,policy,0.040395884570678234,0.01570821931531611,LIVE
TR-005531,TR-C05049,2024-03-16,0,policy,0.3031026770458637,0.05202200571095588,LIVE
TR-008888,TR-C06459,2024-03-16,0,policy,0.10965831680111089,0.02162353817032311,LIVE
TR-001222,TR-C06269,2024-03-17,0,policy,0.2238840470102688,0.03643541964931946,LIVE
TR-003276,TR-C02357,2024-03-17,1,policy,0.21452919135537524,0.03492245257481501,LIVE
TR-004085,TR-C02563,2024-03-17,0,policy,0.6521348194418265,0.22067349262291142,LIVE
TR-004553,TR-C03077,2024-03-17,0,policy,0.9078345555776705,0.48510075260612273,LIVE
TR-008296,TR-C03356,2024-03-17,0,policy,0.3548450542205622,0.06541163736027358,LIVE
TR-008628,TR-C05648,2024-03-17,0,policy,0.12904787572891308,0.02363852289198321,LIVE
TR-009686,TR-C02307,2024-03-17,0,policy,0.006729141462232674,0.013439625330766876,LIVE
TR-000426,TR-C03493,2024-03-18,0,policy,0.1754148881366247,0.029227896866419432,LIVE
TR-000888,TR-C01748,2024-03-18,0,policy,0.0372220333213232,0.015479172667313612,LIVE
TR-001326,TR-C03521,2024-03-18,0,policy,0.04119075404128679,0.01576610276711983,LIVE
TR-001679,TR-C04759,2024-03-18,0,policy,0.8154746571953124,0.37899176356940034,LIVE
TR-004561,TR-C00681,2024-03-18,0,policy,0.19836296547353838,0.03244953686754075,LIVE
TR-004704,TR-C05267,2024-03-18,0,policy,0.010689180376588328,0.0136887238987512,LIVE
TR-007671,TR-C04987,2024-03-18,0,policy,0.02984781023940632,0.014959615676789722,LIVE
TR-008143,TR-C05901,2024-03-18,1,policy,0.3684468088615445,0.06943120962320927,LIVE
TR-000243,TR-C03740,2024-03-19,0,policy,0.04287000040930289,0.01588907862847875,LIVE
TR-000903,TR-C06171,2024-03-19,0,policy,0.382248156442098,0.07374238179616194,LIVE
TR-000930,TR-C04600,2024-03-19,0,policy,0.06125103717753579,0.017298406356078436,LIVE
TR-001149,TR-C01281,2024-03-19,0,policy,0.716166968256863,0.27673625822577774,LIVE
TR-003311,TR-C04149,2024-03-19,1,policy,0.7141140279844261,0.2748086335050833,LIVE
TR-005364,TR-C03928,2024-03-19,0,policy,0.7329677605336473,0.2928208996665291,LIVE
TR-000296,TR-C06445,2024-03-20,0,policy,0.011750394100636443,0.013756247488317516,LIVE
TR-000449,TR-C00536,2024-03-20,0,policy,0.2125139093902502,0.034604537095106296,LIVE
TR-002625,TR-C06410,2024-03-20,0,policy,0.18275404489835775,0.030222961290036664,LIVE
TR-005031,TR-C05094,2024-03-20,1,policy,0.06826280325821615,0.017867787308677083,LIVE
TR-005170,TR-C06104,2024-03-20,0,policy,0.656018635465793,0.2238296484036108,LIVE
TR-002006,TR-C01815,2024-03-21,0,policy,0.46660367425517735,0.10583672789080885,LIVE
TR-003078,TR-C04462,2024-03-21,0,policy,0.12971815133115022,0.023711360897298337,LIVE
TR-003949,TR-C03182,2024-03-21,0,policy,0.06127968411411858,0.01730069593587791,LIVE
TR-006153,TR-C02629,2024-03-21,0,policy,0.4528368868799837,0.09986611033729517,LIVE
TR-008515,TR-C03943,2024-03-21,0,policy,0.013397688484718912,0.0138617137149276,LIVE
TR-009087,TR-C06089,2024-03-21,0,policy,0.04346767841603133,0.015933075574887875,LIVE
TR-000534,TR-C03960,2024-03-22,0,policy,0.011073581228751054,0.013713144966431242,LIVE
TR-002392,TR-C02090,2024-03-22,0,policy,0.29587337203780545,0.050371185555021875,LIVE
TR-003013,TR-C05487,2024-03-22,0,policy,0.2951381763928268,0.050206108866893334,LIVE
TR-005054,TR-C04906,2024-03-22,0,policy,0.014045360807904968,0.013903398224929182,LIVE
TR-005701,TR-C02876,2024-03-22,1,policy,0.2605131728280085,0.04298811247798718,LIVE
TR-005955,TR-C05366,2024-03-22,0,policy,0.1147112963201397,0.02213186719761989,LIVE
TR-006802,TR-C02247,2024-03-22,0,policy,0.11545994731208879,0.022208168154301544,LIVE
TR-007610,TR-C04894,2024-03-22,0,policy,0.013181103228069065,0.013847801692080629,LIVE
TR-009576,TR-C02313,2024-03-22,0,policy,0.05531504086557219,0.016830343768962287,LIVE
TR-001174,TR-C06167,2024-03-23,0,policy,0.04757786901003739,0.016238902424494547,LIVE
TR-001321,TR-C04917,2024-03-23,0,policy,0.09956154323890848,0.02064177732682737,LIVE
TR-001736,TR-C02182,2024-03-23,0,policy,0.2876454562843782,0.04855271745822353,LIVE
TR-002074,TR-C01730,2024-03-23,0,policy,0.05966298489367583,0.01717194732846477,LIVE
TR-002425,TR-C02857,2024-03-23,1,policy,0.6823716416068715,0.2460869100306156,LIVE
TR-002686,TR-C02679,2024-03-23,1,policy,0.29248982429687864,0.04961570078034196,LIVE
TR-002765,TR-C00991,2024-03-23,0,policy,0.03808749136974663,0.015541302002483659,LIVE
TR-005151,TR-C04370,2024-03-23,1,policy,0.10920733632786234,0.021578728507754722,LIVE
TR-005421,TR-C01652,2024-03-23,0,policy,0.12294840426455249,0.022985658291752822,LIVE
TR-005517,TR-C02054,2024-03-23,0,policy,0.32296187151900807,0.05682370377306975,LIVE
TR-005994,TR-C03373,2024-03-23,0,policy,0.02993704040724942,0.014965798632877562,LIVE
TR-006589,TR-C03631,2024-03-23,0,policy,0.2791569528000309,0.04674204551935268,LIVE
TR-007100,TR-C05021,2024-03-23,0,policy,0.027980330852508953,0.01483078965084935,LIVE
TR-007350,TR-C01739,2024-03-23,0,policy,0.07133455982334411,0.018122984535085398,LIVE
TR-008250,TR-C00569,2024-03-23,0,policy,0.5485176116556378,0.14818781653491894,LIVE
TR-008704,TR-C02009,2024-03-23,0,policy,0.041572416836395176,0.01579397049116787,LIVE
TR-003472,TR-C05576,2024-03-24,0,policy,0.00990044253293457,0.01363874941754854,LIVE
TR-004315,TR-C02366,2024-03-24,0,policy,0.07470919958948775,0.018407469723886308,LIVE
TR-006764,TR-C01124,2024-03-24,0,policy,0.07294022980893437,0.018257801736991434,LIVE
TR-008500,TR-C02969,2024-03-24,0,policy,0.0903809106238272,0.019787058840339496,LIVE
TR-001684,TR-C05893,2024-03-25,1,policy,0.4855858781836684,0.11458404168761313,LIVE
TR-001792,TR-C05918,2024-03-25,0,policy,0.09477249053450977,0.020191500467569994,LIVE
TR-002705,TR-C02480,2024-03-25,0,policy,0.05433772910937469,0.016754483853440524,LIVE
TR-003112,TR-C05695,2024-03-25,0,policy,0.6552962082019301,0.22324014975513246,LIVE
TR-003711,TR-C00184,2024-03-25,0,policy,0.005118101102252916,0.01333957022461908,LIVE
TR-005724,TR-C00629,2024-03-25,0,policy,0.06637382869448281,0.017712609338121847,LIVE
TR-006028,TR-C01342,2024-03-25,0,policy,0.25846803284125425,0.042594287856157806,LIVE
TR-006184,TR-C03835,2024-03-25,0,policy,0.09131773197862993,0.0198726637896219,LIVE
TR-008576,TR-C04211,2024-03-25,0,policy,0.21597835703861534,0.035152799911907374,LIVE
TR-008666,TR-C00780,2024-03-25,0,policy,0.0338878999960914,0.01524209945925468,LIVE
TR-008759,TR-C01348,2024-03-25,0,policy,0.18623386814807644,0.030706163148609737,LIVE
TR-001670,TR-C03044,2024-03-26,0,policy,0.0756339661979046,0.018486190375203132,LIVE
TR-001994,TR-C01104,2024-03-26,1,policy,0.6438534316422461,0.21405067881397455,LIVE
TR-002937,TR-C03173,2024-03-26,0,policy,0.06710427406475734,0.017772457375738123,LIVE
TR-006339,TR-C05559,2024-03-26,1,policy,0.5277566704577037,0.13628556260046318,LIVE
TR-008030,TR-C02222,2024-03-26,1,policy,0.4123191773804726,0.08399991794635954,LIVE
TR-008213,TR-C03013,2024-03-26,0,policy,0.04056893560643707,0.015720803287550728,LIVE
TR-008963,TR-C01592,2024-03-26,0,policy,0.10620366590659473,0.021282590422217862,LIVE
TR-008972,TR-C05869,2024-03-26,0,policy,0.5772191792799095,0.16604096482508798,LIVE
TR-001307,TR-C05320,2024-03-27,0,policy,0.15641872433567455,0.02679771003959092,LIVE
TR-004282,TR-C03488,2024-03-27,0,policy,0.013391302045079819,0.013861303294633212,LIVE
TR-005210,TR-C03862,2024-03-27,0,policy,0.21492335219394726,0.034984960682918814,LIVE
TR-005816,TR-C05999,2024-03-27,0,policy,0.031885385792987234,0.015101432926611143,LIVE
TR-008111,TR-C03899,2024-03-27,0,policy,0.04535004048537796,0.01607242674121822,LIVE
TR-002050,TR-C05329,2024-03-28,0,policy,0.15205956006338173,0.02626838894578816,LIVE
TR-002867,TR-C05565,2024-03-28,0,policy,0.7619138606485624,0.3217726408802756,LIVE
TR-002886,TR-C04555,2024-03-28,0,policy,0.056861289552981656,0.016951055249435684,LIVE
TR-003715,TR-C00913,2024-03-28,0,policy,0.1284285417412034,0.02357141474776604,LIVE
TR-004126,TR-C02140,2024-03-28,0,policy,0.16491968711550573,0.027859952439697886,LIVE
TR-004738,TR-C04473,2024-03-28,0,policy,0.04613292585383409,0.016130736079576703,LIVE
TR-005299,TR-C01135,2024-03-28,0,policy,0.08712916310283925,0.019492714918061302,LIVE
TR-005806,TR-C00621,2024-03-28,1,policy,0.5352230790286713,0.14047049671910228,LIVE
TR-007640,TR-C04369,2024-03-28,0,policy,0.29257017445199585,0.049633516386399894,LIVE
TR-009231,TR-C03070,2024-03-28,0,policy,0.045110104067316276,0.01605459780989975,LIVE
TR-001261,TR-C06122,2024-03-29,0,policy,0.0068293952917132545,0.013445876093429713,LIVE
TR-002831,TR-C03918,2024-03-29,0,policy,0.04321124721526338,0.01591418421143546,LIVE
TR-005287,TR-C04465,2024-03-29,0,policy,0.41520384542195277,0.08504932078465023,LIVE
TR-005668,TR-C05350,2024-03-29,0,policy,0.09203607080549704,0.01993854990288764,LIVE
TR-006456,TR-C00518,2024-03-29,0,policy,0.03578615582074253,0.015376633014083417,LIVE
TR-008039,TR-C02666,2024-03-29,1,policy,0.6725967400963949,0.237660744597729,LIVE
TR-000654,TR-C01097,2024-03-30,0,policy,0.05017066974667012,0.016434786990021145,LIVE
TR-005766,TR-C01472,2024-03-30,0,policy,0.48845488338465926,0.1159596075864013,LIVE
TR-006311,TR-C00283,2024-03-30,0,policy,0.04219502525987873,0.015839535305364975,LIVE
TR-007270,TR-C03369,2024-03-30,0,policy,0.044954938012710575,0.016043078261720054,LIVE
TR-008326,TR-C06136,2024-03-30,0,policy,0.25453559816217175,0.04184670193031466,LIVE
TR-008340,TR-C06042,2024-03-30,0,policy,0.009795379278153262,0.013632106196784052,LIVE
TR-002822,TR-C05591,2024-03-31,0,policy,0.04158515946198567,0.015794901750147222,LIVE
TR-004200,TR-C03446,2024-03-31,0,policy,0.47165252232417887,0.10810413208411658,LIVE
TR-007146,TR-C00660,2024-03-31,0,policy,0.15211603067734888,0.026275180535597346,LIVE
TR-009494,TR-C02461,2024-03-31,0,policy,0.03461919715059315,0.015293790317534648,LIVE
TR-000342,TR-C04277,2024-07-01,0,evaluation,0.043241382177883834,0.015916403119990867,LIVE
TR-001448,TR-C06100,2024-07-01,0,evaluation,0.02191929803584163,0.014420158946549803,LIVE
TR-002468,TR-C04031,2024-07-01,0,evaluation,0.05556889410622003,0.01685010328148117,LIVE
TR-002800,TR-C01796,2024-07-01,0,evaluation,0.03506539697740408,0.015325414147384581,LIVE
TR-004910,TR-C00767,2024-07-01,0,evaluation,0.005329952346125473,0.013352685357544495,LIVE
TR-005140,TR-C02444,2024-07-01,0,evaluation,0.31035499957607604,0.05372936916474716,LIVE
TR-007077,TR-C04843,2024-07-01,0,evaluation,0.009681656031021118,0.01362491899528895,LIVE
TR-007470,TR-C06033,2024-07-01,0,evaluation,0.43150789440716136,0.09120681242280265,LIVE
TR-008464,TR-C03929,2024-07-01,0,evaluation,0.7363655489013811,0.29613969020209596,LIVE
TR-000676,TR-C00176,2024-07-02,0,evaluation,0.36648332600328126,0.0688371553158582,LIVE
TR-000957,TR-C04379,2024-07-02,0,evaluation,0.5015930940829892,0.12244328461153181,LIVE
TR-001212,TR-C01704,2024-07-02,1,evaluation,0.11465723241003285,0.022126367046001977,LIVE
TR-001644,TR-C03392,2024-07-02,0,evaluation,0.03962855418480869,0.01565253969464083,LIVE
TR-002247,TR-C01781,2024-07-02,0,evaluation,0.017789046042576577,0.014146776398965492,LIVE
TR-002278,TR-C03930,2024-07-02,0,evaluation,0.042912501074847016,0.015892203283787952,LIVE
TR-004309,TR-C05868,2024-07-02,0,evaluation,0.024325031207295875,0.014581787462172733,LIVE
TR-005951,TR-C05950,2024-07-02,0,evaluation,0.09356577962543007,0.02007956881233146,LIVE
TR-006549,TR-C01803,2024-07-02,0,evaluation,0.10010455259402966,0.02069344859690115,LIVE
TR-009433,TR-C00036,2024-07-02,0,evaluation,0.21662922335802026,0.03525673201475336,LIVE
TR-009810,TR-C01779,2024-07-02,0,evaluation,0.03848647672341383,0.015570026879093958,LIVE
TR-000968,TR-C01465,2024-07-03,0,evaluation,0.12422397221808922,0.023120718032093982,LIVE
TR-001017,TR-C02363,2024-07-03,0,evaluation,0.009172860022972178,0.0135928093028809,LIVE
TR-001823,TR-C06242,2024-07-03,0,evaluation,0.3140213568985181,0.05461250252817906,LIVE
TR-002424,TR-C04218,2024-07-03,0,evaluation,0.2131155394289018,0.03469915235602073,LIVE
TR-003080,TR-C01895,2024-07-03,0,evaluation,0.09784682443710728,0.020479437224923052,LIVE
TR-003083,TR-C01658,2024-07-03,0,evaluation,0.2327948188141818,0.037935082718331646,LIVE
TR-003273,TR-C02475,2024-07-03,0,evaluation,0.016786786222923872,0.014081210537212051,LIVE
TR-005107,TR-C02425,2024-07-03,0,evaluation,0.32254770620428264,0.05671943770136968,LIVE
TR-005956,TR-C02248,2024-07-03,0,evaluation,0.047885735657357015,0.01626204089708606,LIVE
TR-007708,TR-C00711,2024-07-03,0,evaluation,0.03218860191253337,0.015122649917383026,LIVE
TR-008447,TR-C01396,2024-07-03,0,evaluation,0.14610109796163476,0.025561298350456677,LIVE
TR-008542,TR-C01602,2024-07-03,0,evaluation,0.009742927271097305,0.013628790815191206,LIVE
TR-009539,TR-C05532,2024-07-03,0,evaluation,0.23902778218245238,0.039019135985560775,LIVE
TR-009668,TR-C04017,2024-07-03,0,evaluation,0.07574289117992031,0.018495484318826645,LIVE
TR-009969,TR-C00562,2024-07-03,0,evaluation,0.04859684017498717,0.01631560971121299,LIVE
TR-000082,TR-C05161,2024-07-04,0,evaluation,0.29700533875630486,0.05062635621024908,LIVE
TR-003008,TR-C01682,2024-07-04,0,evaluation,0.5289215933386341,0.13693151971362158,LIVE
TR-003763,TR-C03787,2024-07-04,0,evaluation,0.39796315041160546,0.07895046501008839,LIVE
TR-004657,TR-C00792,2024-07-04,0,evaluation,0.43265931138977326,0.0916564966184465,LIVE
TR-006144,TR-C01421,2024-07-04,0,evaluation,0.37371463648584,0.07104850694425552,LIVE
TR-006299,TR-C00996,2024-07-04,0,evaluation,0.07400532937941821,0.01834777340191288,LIVE
TR-006547,TR-C02544,2024-07-04,1,evaluation,0.4134790107072763,0.08442042834610916,LIVE
TR-007208,TR-C03824,2024-07-04,0,evaluation,0.06768550133543434,0.017820221251719864,LIVE
TR-007960,TR-C01217,2024-07-04,0,evaluation,0.2432722519722718,0.039774291409158204,LIVE
TR-008135,TR-C01832,2024-07-04,0,evaluation,0.29326392246801,0.04978758973953195,LIVE
TR-008229,TR-C01167,2024-07-04,0,evaluation,0.10057212870562833,0.020738043282628692,LIVE
TR-008463,TR-C05964,2024-07-04,0,evaluation,0.037147083251540744,0.015473803682706252,LIVE
TR-000842,TR-C04834,2024-07-05,0,evaluation,0.05641561033243639,0.016916175257315997,LIVE
TR-001698,TR-C02396,2024-07-05,0,evaluation,0.012163782220167934,0.01378263961051473,LIVE
TR-002139,TR-C00499,2024-07-05,0,evaluation,0.19052714999786993,0.03131263480392289,LIVE
TR-002600,TR-C04747,2024-07-05,0,evaluation,0.010140032542950076,0.013653910800184611,LIVE
TR-004415,TR-C04106,2024-07-05,0,evaluation,0.7279876379375094,0.28799618278713607,LIVE
TR-004624,TR-C03366,2024-07-05,0,evaluation,0.022097348920856814,0.014432060513461705,LIVE
TR-007336,TR-C02317,2024-07-05,0,evaluation,0.008663803454389586,0.013560757856221222,LIVE
TR-008074,TR-C00377,2024-07-05,0,evaluation,0.04731543665673523,0.01621920424403881,LIVE
TR-009740,TR-C04590,2024-07-05,1,evaluation,0.07930753338636229,0.018802177416838803,LIVE
TR-000808,TR-C06060,2024-07-06,1,evaluation,0.09591574952662972,0.020298110096239264,LIVE
TR-003107,TR-C01542,2024-07-06,0,evaluation,0.39633606785417386,0.07839600498826653,LIVE
TR-004966,TR-C05501,2024-07-06,0,evaluation,0.11676778411192601,0.02234207742846822,LIVE
TR-006369,TR-C06045,2024-07-06,0,evaluation,0.07394705820151125,0.018342839856545768,LIVE
TR-007113,TR-C02728,2024-07-06,0,evaluation,0.5992577633527214,0.18088857598313865,LIVE
TR-007756,TR-C05653,2024-07-06,1,evaluation,0.2322709116653192,0.03784529289025729,LIVE
TR-008164,TR-C04223,2024-07-06,0,evaluation,0.33408165069663176,0.0596913079639547,LIVE
TR-008495,TR-C06270,2024-07-06,0,evaluation,0.06046730414431003,0.017235882566419992,LIVE
TR-000392,TR-C04887,2024-07-07,0,evaluation,0.0835229851492928,0.019171305962921763,LIVE
TR-000819,TR-C01496,2024-07-07,1,evaluation,0.26669664400680076,0.044200097355545025,LIVE
TR-001294,TR-C01711,2024-07-07,0,evaluation,0.0056797586286407116,0.013374368757654307,LIVE
TR-002847,TR-C03727,2024-07-07,0,evaluation,0.12340311554748805,0.02303371545728213,LIVE
TR-003090,TR-C04346,2024-07-07,0,evaluation,0.24726532585614117,0.04049749463994746,LIVE
TR-004515,TR-C03027,2024-07-07,0,evaluation,0.06321004015288838,0.017455665679534382,LIVE
TR-004753,TR-C05278,2024-07-07,0,evaluation,0.29095053451426806,0.04927557050372936,LIVE
TR-004840,TR-C05154,2024-07-07,0,evaluation,0.07550123703758822,0.018474871551226284,LIVE
TR-007082,TR-C05042,2024-07-07,0,evaluation,0.42920014926569994,0.09031149789734877,LIVE
TR-008322,TR-C03684,2024-07-07,0,evaluation,0.021315513696055034,0.014379871771273102,LIVE
TR-008454,TR-C01234,2024-07-07,0,evaluation,0.08526468752619841,0.019325885232782978,LIVE
TR-009248,TR-C02986,2024-07-07,0,evaluation,0.05106885105205785,0.016503184441334456,LIVE
TR-001549,TR-C03737,2024-07-08,1,evaluation,0.27891224677554566,0.046690811553855474,LIVE
TR-001554,TR-C06420,2024-07-08,0,evaluation,0.03723427740651102,0.015480049936180974,LIVE
TR-002218,TR-C05891,2024-07-08,0,evaluation,0.5363199189467698,0.14109425411685864,LIVE
TR-004170,TR-C05720,2024-07-08,0,evaluation,0.06860696565554984,0.017896203416264682,LIVE
TR-004755,TR-C02941,2024-07-08,0,evaluation,0.06872979383411608,0.0179063555850182,LIVE
TR-005532,TR-C01679,2024-07-08,1,evaluation,0.6007067108284714,0.18190008971308347,LIVE
TR-006543,TR-C03217,2024-07-08,0,evaluation,0.16232914029375664,0.02753198797500074,LIVE
TR-001668,TR-C03006,2024-07-09,0,evaluation,0.08472715297408666,0.019278048154909504,LIVE
TR-002462,TR-C05567,2024-07-09,0,evaluation,0.05322230416773765,0.016668314104633892,LIVE
TR-002680,TR-C03464,2024-07-09,0,evaluation,0.5754918827205823,0.16491954065380973,LIVE
TR-003598,TR-C00433,2024-07-09,0,evaluation,0.15420130937813709,0.02652717199608696,LIVE
TR-004314,TR-C02445,2024-07-09,1,evaluation,0.5206371475661982,0.13239334331243843,LIVE
TR-004746,TR-C05034,2024-07-09,0,evaluation,0.054646197325917106,0.016778391093794413,LIVE
TR-005441,TR-C04000,2024-07-09,0,evaluation,0.040663363691413615,0.015727674117546414,LIVE
TR-005484,TR-C00173,2024-07-09,1,evaluation,0.525685070774701,0.13514318846297632,LIVE
TR-007258,TR-C03408,2024-07-09,0,evaluation,0.0824165517954264,0.01907373830515068,LIVE
TR-009730,TR-C02988,2024-07-09,0,evaluation,0.33490460942581224,0.05990883895850941,LIVE
TR-000431,TR-C02264,2024-07-10,0,evaluation,0.018906678968546923,0.014220244641853346,LIVE
TR-000540,TR-C02293,2024-07-10,1,evaluation,0.3381789759519466,0.06078171661186435,LIVE
TR-001004,TR-C04122,2024-07-10,0,evaluation,0.6955641957459042,0.2577741707393767,LIVE
TR-002851,TR-C00068,2024-07-10,0,evaluation,0.6138912027300825,0.19130665629867258,LIVE
TR-003733,TR-C02517,2024-07-10,0,evaluation,0.27839960547474135,0.04658365321412909,LIVE
TR-004327,TR-C02601,2024-07-10,0,evaluation,0.5456123007774879,0.14647195630940732,LIVE
TR-004557,TR-C02760,2024-07-10,0,evaluation,0.22055948417032106,0.03589064528880905,LIVE
TR-006900,TR-C04915,2024-07-10,0,evaluation,0.010762907900070225,0.01369340449764735,LIVE
TR-007209,TR-C04199,2024-07-10,0,evaluation,0.20346963849838798,0.03321183215534803,LIVE
TR-007413,TR-C05047,2024-07-10,0,evaluation,0.010852769852202923,0.013699111526410698,LIVE
TR-009103,TR-C05412,2024-07-10,1,evaluation,0.738475218022575,0.29821123576173053,LIVE
TR-000568,TR-C04312,2024-07-11,0,evaluation,0.03138570062194741,0.015066532309738964,LIVE
TR-001173,TR-C01413,2024-07-11,1,evaluation,0.7886858793938778,0.34983307852640033,LIVE
TR-001692,TR-C01334,2024-07-11,0,evaluation,0.18213798541496823,0.030138187351934284,LIVE
TR-002722,TR-C01289,2024-07-11,1,evaluation,0.1633226709025509,0.02765732357735436,LIVE
TR-005683,TR-C05634,2024-07-11,0,evaluation,0.527785823416937,0.13630169674467157,LIVE
TR-008151,TR-C01669,2024-07-11,0,evaluation,0.2646382529437458,0.04379306875322511,LIVE
TR-001640,TR-C04340,2024-07-12,0,evaluation,0.045814494006629326,0.0161069941986102,LIVE
TR-003560,TR-C00330,2024-07-12,0,evaluation,0.513229590419488,0.12844406507641457,LIVE
TR-004682,TR-C04665,2024-07-12,1,evaluation,0.2849479201996958,0.04797020932362366,LIVE
TR-006011,TR-C05692,2024-07-12,0,evaluation,0.2846722506616142,0.04791105613945194,LIVE
TR-009184,TR-C02652,2024-07-12,0,evaluation,0.03423260774798656,0.015266443246391918,LIVE
TR-000603,TR-C04526,2024-07-13,0,evaluation,0.122749002710391,0.0229646149922079,LIVE
TR-000726,TR-C03183,2024-07-13,0,evaluation,0.3142363688689313,0.05466471589697913,LIVE
TR-004603,TR-C04096,2024-07-13,0,evaluation,0.06324659531797876,0.01745861345870766,LIVE
TR-005476,TR-C04263,2024-07-13,0,evaluation,0.8292618861161122,0.394362417884084,LIVE
TR-006022,TR-C00217,2024-07-13,0,evaluation,0.023816199824715202,0.014547453602771217,LIVE
TR-001018,TR-C01028,2024-07-14,0,evaluation,0.016602587068856815,0.014069193216893892,LIVE
TR-001354,TR-C02337,2024-07-14,0,evaluation,0.03922358454123502,0.015623232321942007,LIVE
TR-002987,TR-C01116,2024-07-14,0,evaluation,0.025473210036053035,0.014659555456860452,LIVE
TR-004680,TR-C00541,2024-07-14,0,evaluation,0.3544383205733256,0.06529483645433322,LIVE
TR-005266,TR-C00110,2024-07-14,0,evaluation,0.11913992604002062,0.022586976919533878,LIVE
TR-006694,TR-C02754,2024-07-14,0,evaluation,0.3691154174439776,0.06963457855075308,LIVE
TR-008433,TR-C05427,2024-07-14,0,evaluation,0.18699791281152298,0.030813254305162175,LIVE
TR-008461,TR-C01967,2024-07-14,0,evaluation,0.010926205141424032,0.013703777058288985,LIVE
TR-001711,TR-C02287,2024-07-15,0,evaluation,0.013952141775680762,0.013897390997050233,LIVE
TR-002053,TR-C01341,2024-07-15,0,evaluation,0.11562399670888993,0.022224922035585598,LIVE
TR-002100,TR-C05018,2024-07-15,0,evaluation,0.8922416801363133,0.4668183310673673,LIVE
TR-003776,TR-C03506,2024-07-15,0,evaluation,0.4955689285668615,0.11943249312525107,LIVE
TR-005813,TR-C04512,2024-07-15,0,evaluation,0.5493763260458049,0.14869813745755814,LIVE
TR-008167,TR-C05042,2024-07-15,1,evaluation,0.4275200498166967,0.08966467261756196,LIVE
TR-000782,TR-C03986,2024-07-16,0,evaluation,0.058073923556493594,0.01704631724837852,LIVE
TR-002018,TR-C04936,2024-07-16,0,evaluation,0.04018958253639385,0.015693230339645536,LIVE
TR-002712,TR-C06131,2024-07-16,0,evaluation,0.3775372570437596,0.07224381516580389,LIVE
TR-003037,TR-C03213,2024-07-16,0,evaluation,0.08893214371971621,0.019655384255765494,LIVE
TR-005819,TR-C02617,2024-07-16,1,evaluation,0.1283358566476543,0.023561387829405308,LIVE
TR-008764,TR-C05877,2024-07-16,0,evaluation,0.01997598029763501,0.014290887724770834,LIVE
TR-009167,TR-C04901,2024-07-16,0,evaluation,0.07857659625720673,0.018738885480855463,LIVE
TR-000171,TR-C02235,2024-07-17,0,evaluation,0.023189744599308577,0.01450529234659599,LIVE
TR-000710,TR-C00953,2024-07-17,0,evaluation,0.5997675408966665,0.1812439523128303,LIVE
TR-001339,TR-C04209,2024-07-17,0,evaluation,0.03168406774147877,0.015087362259458264,LIVE
TR-002529,TR-C05183,2024-07-17,0,evaluation,0.35527375700559016,0.06553495741898058,LIVE
TR-002588,TR-C06161,2024-07-17,0,evaluation,0.047275504857137246,0.016216209022620633,LIVE
TR-003230,TR-C03277,2024-07-17,0,evaluation,0.7280987787737769,0.28810333778313574,LIVE
TR-004220,TR-C05590,2024-07-17,0,evaluation,0.4157584231571438,0.08525242663663239,LIVE
TR-004928,TR-C03894,2024-07-17,0,evaluation,0.009206020579013516,0.013594899762583738,LIVE
TR-006135,TR-C05842,2024-07-17,0,evaluation,0.7110647901027911,0.2719609694392561,LIVE
TR-007537,TR-C02326,2024-07-17,0,evaluation,0.2117182444588789,0.03447978891686554,LIVE
TR-007896,TR-C02725,2024-07-17,0,evaluation,0.5491697625403033,0.14857524757057497,LIVE
TR-002066,TR-C04548,2024-07-18,0,evaluation,0.26528860293399664,0.04392128169879733,LIVE
TR-002791,TR-C02288,2024-07-18,0,evaluation,0.32465149254087583,0.05725093462648682,LIVE
TR-003633,TR-C03872,2024-07-18,0,evaluation,0.3737165062028753,0.0710490871033768,LIVE
TR-000128,TR-C03759,2024-07-19,0,evaluation,0.021248569126474427,0.014375411768131166,LIVE
TR-001050,TR-C02533,2024-07-19,0,evaluation,0.15258806629339605,0.02633201803430752,LIVE
TR-001609,TR-C04988,2024-07-19,0,evaluation,0.02528412074785313,0.01464672009018828,LIVE
TR-002200,TR-C00836,2024-07-19,0,evaluation,0.00664229846260357,0.013434213041701566,LIVE
TR-005378,TR-C00000,2024-07-19,1,evaluation,0.1187461658519914,0.022546144429564822,LIVE
TR-005710,TR-C04372,2024-07-19,0,evaluation,0.17923350915144465,0.029741606061407022,LIVE
TR-008055,TR-C00651,2024-07-19,0,evaluation,0.10940667375854843,0.02159852357274239,LIVE
TR-009329,TR-C03177,2024-07-19,0,evaluation,0.06951445226803421,0.01797134384548099,LIVE
TR-009602,TR-C01300,2024-07-19,0,evaluation,0.035719154916526726,0.015371864672426273,LIVE
TR-000561,TR-C02784,2024-07-20,0,evaluation,0.12585137058413254,0.023294155542572914,LIVE
TR-002025,TR-C02630,2024-07-20,0,evaluation,0.05023130678456816,0.016439395777652143,LIVE
TR-005305,TR-C06189,2024-07-20,0,evaluation,0.10004434150502868,0.02068771284047459,LIVE
TR-005554,TR-C05496,2024-07-20,0,evaluation,0.09999303545743485,0.02068282661344084,LIVE
TR-007287,TR-C03179,2024-07-20,0,evaluation,0.02502405478482438,0.014629084915064252,LIVE
TR-007801,TR-C00684,2024-07-20,1,evaluation,0.6824349029009098,0.246142092645011,LIVE
TR-008311,TR-C01830,2024-07-20,0,evaluation,0.17600115356036883,0.029306202743304,LIVE
TR-009563,TR-C00919,2024-07-20,0,evaluation,0.14820260899535007,0.02580854343877269,LIVE
TR-000507,TR-C05930,2024-07-21,0,evaluation,0.8350510201265405,0.40088120961067847,LIVE
TR-000527,TR-C05233,2024-07-21,0,evaluation,0.2035237565385274,0.03322000248180646,LIVE
TR-001311,TR-C01999,2024-07-21,0,evaluation,0.055273001602010555,0.016827073701669144,LIVE
TR-001521,TR-C01238,2024-07-21,0,evaluation,0.03745389027344136,0.015495793155387728,LIVE
TR-002096,TR-C01199,2024-07-21,0,evaluation,0.3323431002129096,0.05923419042113736,LIVE
TR-002108,TR-C05321,2024-07-21,0,evaluation,0.09674022056433583,0.020375334451119324,LIVE
TR-002341,TR-C00804,2024-07-21,0,evaluation,0.12679961118298377,0.02339579775668208,LIVE
TR-003936,TR-C03458,2024-07-21,0,evaluation,0.2774745509962852,0.0463908790496051,LIVE
TR-004105,TR-C05499,2024-07-21,0,evaluation,0.011503830906873944,0.01374052977601106,LIVE
TR-004633,TR-C01525,2024-07-21,1,evaluation,0.07331357251568894,0.018289289549577453,LIVE
TR-005414,TR-C06143,2024-07-21,0,evaluation,0.1321619785623605,0.02397878780112063,LIVE
TR-006965,TR-C02206,2024-07-21,0,evaluation,0.5756606962222427,0.16502887200435906,LIVE
TR-009003,TR-C02930,2024-07-21,0,evaluation,0.060970652787988494,0.01727601260309435,LIVE
TR-009039,TR-C06084,2024-07-21,0,evaluation,0.07184286359043314,0.018165557308409325,LIVE
TR-000167,TR-C04767,2024-07-22,0,evaluation,0.04624790835511439,0.016139317487384466,LIVE
TR-000545,TR-C02532,2024-07-22,0,evaluation,0.015788447769449467,0.014016199006402379,LIVE
TR-000549,TR-C03874,2024-07-22,1,evaluation,0.8438446568432714,0.4108499423978861,LIVE
TR-002891,TR-C02450,2024-07-22,0,evaluation,0.29377251049804226,0.04990082901901852,LIVE
TR-003072,TR-C05863,2024-07-22,0,evaluation,0.008165471825782535,0.013529453879894423,LIVE
TR-003875,TR-C02384,2024-07-22,0,evaluation,0.43449417250652983,0.09237721893990303,LIVE
TR-004931,TR-C04627,2024-07-22,0,evaluation,0.15922774842548582,0.027144282486531147,LIVE
TR-005363,TR-C00204,2024-07-22,0,evaluation,0.18778395006796467,0.03092380537072476,LIVE
TR-005674,TR-C01859,2024-07-22,0,evaluation,0.04055353079306008,0.015719682674029675,LIVE
TR-006328,TR-C01750,2024-07-22,0,evaluation,0.047431956190657855,0.016227947301443304,LIVE
TR-006991,TR-C02566,2024-07-22,0,evaluation,0.07574025261152222,0.018495259130754962,LIVE
TR-009409,TR-C06054,2024-07-22,1,evaluation,0.7799583078806817,0.34055896296299193,LIVE
TR-001912,TR-C05847,2024-07-23,0,evaluation,0.041041198063476274,0.015755195895543625,LIVE
TR-001986,TR-C02885,2024-07-23,0,evaluation,0.0174266833555646,0.014123036688866594,LIVE
TR-002319,TR-C04311,2024-07-23,0,evaluation,0.11299203427022962,0.02195761212235107,LIVE
TR-002714,TR-C04316,2024-07-23,0,evaluation,0.06948847307720327,0.017969188452939985,LIVE
TR-004211,TR-C05763,2024-07-23,0,evaluation,0.21136339277976124,0.034424293490654484,LIVE
TR-004356,TR-C02443,2024-07-23,0,evaluation,0.3656541005563818,0.06858768846066478,LIVE
TR-005576,TR-C01994,2024-07-23,0,evaluation,0.6685478039254951,0.23422918242105695,LIVE
TR-009712,TR-C01471,2024-07-23,0,evaluation,0.05740259321165004,0.016993514118223106,LIVE
TR-000466,TR-C04655,2024-07-24,0,evaluation,0.09332892521957578,0.020057670219975864,LIVE
TR-000718,TR-C02056,2024-07-24,0,evaluation,0.2519031466218364,0.04135328145546258,LIVE
TR-002230,TR-C03600,2024-07-24,0,evaluation,0.4233443780579591,0.08807512884814646,LIVE
TR-002678,TR-C04537,2024-07-24,0,evaluation,0.02743792671192901,0.014793577694622655,LIVE
TR-003024,TR-C00004,2024-07-24,0,evaluation,0.0931886741809407,0.02004471421012122,LIVE
TR-007745,TR-C01890,2024-07-24,0,evaluation,0.024644893764403368,0.014603411331861387,LIVE
TR-008922,TR-C00786,2024-07-24,0,evaluation,0.7090079675083789,0.2700505897007054,LIVE
TR-009827,TR-C04316,2024-07-24,0,evaluation,0.037972264091259395,0.015533015946919897,LIVE
TR-003223,TR-C01769,2024-07-25,0,evaluation,0.15406280450480903,0.02651036200200655,LIVE
TR-003939,TR-C03851,2024-07-25,0,evaluation,0.08574836588092202,0.019369028907787276,LIVE
TR-007628,TR-C04587,2024-07-25,0,evaluation,0.48905447362483034,0.11624889206185461,LIVE
TR-007856,TR-C05106,2024-07-25,0,evaluation,0.1487674721967171,0.0258753962518559,LIVE
TR-000313,TR-C00599,2024-07-26,0,evaluation,0.05173158850841942,0.016553831966008146,LIVE
TR-001269,TR-C00649,2024-07-26,1,evaluation,0.4745969201039789,0.10944606240590932,LIVE
TR-003690,TR-C03875,2024-07-26,0,evaluation,0.08656260410006665,0.01944187156692271,LIVE
TR-006269,TR-C04715,2024-07-26,0,evaluation,0.47871130285459934,0.11134568081960484,LIVE
TR-006461,TR-C03112,2024-07-26,1,evaluation,0.4527580175730169,0.09983278378041338,LIVE
TR-009222,TR-C05045,2024-07-26,0,evaluation,0.0984265575218794,0.020534182793556233,LIVE
TR-009628,TR-C05444,2024-07-26,0,evaluation,0.07196598180011644,0.0181758837815028,LIVE
TR-000544,TR-C02044,2024-07-27,1,evaluation,0.04670346982668851,0.01617336124555978,LIVE
TR-001118,TR-C00327,2024-07-27,0,evaluation,0.08351280831680828,0.019170406322200517,LIVE
TR-001502,TR-C01172,2024-07-27,0,evaluation,0.4138406565630506,0.08455193738797813,LIVE
TR-002366,TR-C04378,2024-07-27,1,evaluation,0.753095604840913,0.3127927754531376,LIVE
TR-002793,TR-C03885,2024-07-27,0,evaluation,0.02629423756746722,0.014715415370649422,LIVE
TR-003600,TR-C03424,2024-07-27,0,evaluation,0.26768237415636353,0.04439629211605878,LIVE
TR-004369,TR-C02403,2024-07-27,0,evaluation,0.7154984042907896,0.276107588833938,LIVE
TR-004417,TR-C01897,2024-07-27,1,evaluation,0.721793139795738,0.28206155938197486,LIVE
TR-004592,TR-C02850,2024-07-27,0,evaluation,0.86542120663779,0.43560605777389055,LIVE
TR-005355,TR-C03639,2024-07-27,0,evaluation,0.05592887523083178,0.016878162708544524,LIVE
TR-005529,TR-C01782,2024-07-27,0,evaluation,0.03796718014503021,0.015532650457783407,LIVE
TR-006356,TR-C06243,2024-07-27,0,evaluation,0.1664390546898316,0.028054067378749423,LIVE
TR-000416,TR-C06319,2024-07-28,0,evaluation,0.09847628071447159,0.020538884938371898,LIVE
TR-000435,TR-C02406,2024-07-28,0,evaluation,0.03985098155555361,0.015668659621103552,LIVE
TR-001352,TR-C05076,2024-07-28,0,evaluation,0.10906863187067883,0.021564965027024936,LIVE
TR-002113,TR-C04245,2024-07-28,0,evaluation,0.13739724036745227,0.02456161878296335,LIVE
TR-004042,TR-C04448,2024-07-28,0,evaluation,0.01069157874437039,0.013688876134530351,LIVE
TR-004295,TR-C04871,2024-07-28,0,evaluation,0.04255980361462019,0.015866291211427686,LIVE
TR-005095,TR-C00581,2024-07-28,1,evaluation,0.0932534989992473,0.020050701531533145,LIVE
TR-005494,TR-C05647,2024-07-28,0,evaluation,0.030859499466594824,0.015029865536128733,LIVE
TR-007137,TR-C06475,2024-07-28,0,evaluation,0.08127081446913183,0.018973217903294516,LIVE
TR-001423,TR-C01602,2024-07-29,0,evaluation,0.047950328416135175,0.0162668996377586,LIVE
TR-004050,TR-C03724,2024-07-29,0,evaluation,0.14585260676208758,0.025532216009524517,LIVE
TR-004261,TR-C03484,2024-07-29,0,evaluation,0.08923076300103223,0.019682454530303158,LIVE
TR-004820,TR-C00688,2024-07-29,0,evaluation,0.13300966452591434,0.024072235190868714,LIVE
TR-008146,TR-C03403,2024-07-29,0,evaluation,0.02842017792760274,0.014861033300624327,LIVE
TR-009317,TR-C05602,2024-07-29,0,evaluation,0.01468068946695276,0.013944408357718041,LIVE
TR-000147,TR-C02280,2024-07-30,0,evaluation,0.03940071901934405,0.0156360447709791,LIVE
TR-000411,TR-C03877,2024-07-30,0,evaluation,0.0342813999325475,0.015269892115946569,LIVE
TR-000807,TR-C05562,2024-07-30,0,evaluation,0.13617570908864404,0.024424405020939666,LIVE
TR-002505,TR-C02514,2024-07-30,0,evaluation,0.13149070163612184,0.023905038567911416,LIVE
TR-005280,TR-C01664,2024-07-30,0,evaluation,0.023437229467922382,0.014521933996699097,LIVE
TR-006056,TR-C00933,2024-07-30,0,evaluation,0.011181670812713942,0.01372001965598126,LIVE
TR-007143,TR-C02067,2024-07-30,0,evaluation,0.5947075543664105,0.17774056667452742,LIVE
TR-007991,TR-C04865,2024-07-30,0,evaluation,0.14394103363734348,0.025309568568951772,LIVE
TR-008269,TR-C03274,2024-07-30,1,evaluation,0.6634773396443574,0.22998058139722383,LIVE
TR-008336,TR-C03198,2024-07-30,0,evaluation,0.008122536024365098,0.013526760094918903,LIVE
TR-009281,TR-C02005,2024-07-30,0,evaluation,0.8339079008314003,0.39959115088376224,LIVE
TR-009918,TR-C03160,2024-07-30,0,evaluation,0.03681040125802389,0.015449708355987102,LIVE
TR-000438,TR-C05906,2024-07-31,0,evaluation,0.15416039321571226,0.026522205023807456,LIVE
TR-000772,TR-C02072,2024-07-31,0,evaluation,0.057638353387551515,0.017012039371623967,LIVE
TR-001281,TR-C03156,2024-07-31,0,evaluation,0.49793122412477764,0.12060543361317456,LIVE
TR-001299,TR-C05008,2024-07-31,0,evaluation,0.553409114442292,0.15111418434920365,LIVE
TR-001303,TR-C00224,2024-07-31,0,evaluation,0.08056649248212418,0.018911682773333258,LIVE
TR-001610,TR-C06110,2024-07-31,0,evaluation,0.5039836682134644,0.12365604826189906,LIVE
TR-002238,TR-C01479,2024-07-31,1,evaluation,0.7898472138204018,0.3510759315972401,LIVE
TR-004165,TR-C04724,2024-07-31,0,evaluation,0.025277496184024428,0.014646270616077532,LIVE
TR-004423,TR-C05751,2024-07-31,0,evaluation,0.16412687199671636,0.027759180728295176,LIVE
TR-004581,TR-C03100,2024-07-31,1,evaluation,0.3222611835894383,0.05664741092060519,LIVE
TR-007127,TR-C05919,2024-07-31,0,evaluation,0.10419906323089484,0.021087168371620772,LIVE
TR-008499,TR-C06299,2024-07-31,0,evaluation,0.25502061007792687,0.041938223614042584,LIVE
TR-009886,TR-C01673,2024-07-31,0,evaluation,0.10463330439188602,0.021129351574641245,LIVE
TR-001637,TR-C06103,2024-08-01,0,evaluation,0.061265275422671295,0.017299544297386747,LIVE
TR-001902,TR-C03363,2024-08-01,0,evaluation,0.198077466544523,0.03240742197513879,LIVE
TR-002587,TR-C05241,2024-08-01,0,evaluation,0.060628177506175954,0.017248698408408456,LIVE
TR-004713,TR-C02738,2024-08-01,0,evaluation,0.14269094284940767,0.02516499015611059,LIVE
TR-006070,TR-C01419,2024-08-01,0,evaluation,0.025670211176800635,0.014672939665305586,LIVE
TR-000083,TR-C06152,2024-08-02,0,evaluation,0.4960041198037523,0.11964783329032294,LIVE
TR-000267,TR-C01278,2024-08-02,0,evaluation,0.011528021495422801,0.013742071074402737,LIVE
TR-000436,TR-C03809,2024-08-02,0,evaluation,0.14960174613807092,0.025974442863655772,LIVE
TR-003026,TR-C03381,2024-08-02,0,evaluation,0.1597873916954882,0.027213848977217462,LIVE
TR-003534,TR-C06353,2024-08-02,0,evaluation,0.2135842446791091,0.03477303600221925,LIVE
TR-007331,TR-C02022,2024-08-02,0,evaluation,0.03208040667702269,0.015115075788619203,LIVE
TR-007589,TR-C04518,2024-08-02,1,evaluation,0.2708227730599698,0.04502689244412656,LIVE
TR-007637,TR-C03006,2024-08-02,0,evaluation,0.08407652257670094,0.019220301552230278,LIVE
TR-008170,TR-C00217,2024-08-02,0,evaluation,0.047146884680447795,0.016206565123356494,LIVE
TR-008381,TR-C00781,2024-08-02,0,evaluation,0.07315452808798094,0.018275869194302182,LIVE
TR-009391,TR-C04583,2024-08-02,0,evaluation,0.07580388581543862,0.018500690643239153,LIVE
TR-001489,TR-C01053,2024-08-03,0,evaluation,0.14278101771753582,0.025175380752056945,LIVE
TR-003368,TR-C00529,2024-08-03,0,evaluation,0.03517047717790028,0.015332870929283288,LIVE
TR-004096,TR-C03431,2024-08-03,0,evaluation,0.0940483708152148,0.020124259717270873,LIVE
TR-004688,TR-C05947,2024-08-03,0,evaluation,0.03798616998780531,0.015534015696666206,LIVE
TR-006970,TR-C02424,2024-08-03,0,evaluation,0.2136511948506661,0.03478360196204895,LIVE
TR-007849,TR-C02250,2024-08-03,1,evaluation,0.8474830223507843,0.4149965148535645,LIVE
TR-000217,TR-C01148,2024-08-04,0,evaluation,0.08368010548608518,0.01918520078949097,LIVE
TR-000987,TR-C02463,2024-08-04,0,evaluation,0.07138197941654709,0.018126951998245565,LIVE
TR-001189,TR-C03561,2024-08-04,0,evaluation,0.03388675555778908,0.015242018700962558,LIVE
TR-003745,TR-C04495,2024-08-04,0,evaluation,0.2574931553538271,0.04240777500207254,LIVE
TR-007001,TR-C00558,2024-08-04,0,evaluation,0.14005063302719928,0.024862266354528872,LIVE
TR-008812,TR-C03079,2024-08-04,0,evaluation,0.08413632713747393,0.019225602411649636,LIVE
TR-009598,TR-C06326,2024-08-04,0,evaluation,0.7771157606071716,0.3375641703154919,LIVE
TR-000754,TR-C06134,2024-08-05,0,evaluation,0.02759237920702488,0.014804164623839048,LIVE
TR-003984,TR-C02717,2024-08-05,0,evaluation,0.026584334761524026,0.014735202683384562,LIVE
TR-005070,TR-C00962,2024-08-05,1,evaluation,0.8115640674391827,0.3746744491748303,LIVE
TR-005424,TR-C05042,2024-08-05,0,evaluation,0.4487134247144755,0.0981369327850725,LIVE
TR-005497,TR-C01858,2024-08-05,0,evaluation,0.1048772397005972,0.021153084226909057,LIVE
TR-006094,TR-C04720,2024-08-05,0,evaluation,0.22664265078839266,0.036893485891631064,LIVE
TR-006614,TR-C03949,2024-08-05,0,evaluation,0.14514159428662043,0.025449180056766333,LIVE
TR-009723,TR-C05986,2024-08-05,0,evaluation,0.03787731168690732,0.015526191136398108,LIVE
TR-000560,TR-C03395,2024-08-06,0,evaluation,0.22155359193944354,0.036052716131654165,LIVE
TR-003143,TR-C02954,2024-08-06,0,evaluation,0.06696701601087601,0.01776119619580507,LIVE
TR-003313,TR-C00756,2024-08-06,0,evaluation,0.07878883215069382,0.018757241451354024,LIVE
TR-005887,TR-C01515,2024-08-06,1,evaluation,0.012005358658026198,0.013772519408971574,LIVE
TR-006542,TR-C02587,2024-08-06,0,evaluation,0.03344697831328798,0.01521101659823024,LIVE
TR-007290,TR-C01362,2024-08-06,0,evaluation,0.582772136301591,0.16968753001358425,LIVE
TR-008005,TR-C03479,2024-08-06,0,evaluation,0.16500969542110797,0.027871415489273507,LIVE
TR-008688,TR-C00939,2024-08-06,0,evaluation,0.8767048728776158,0.4486898007042537,LIVE
TR-001551,TR-C05055,2024-08-07,0,evaluation,0.12301157635287277,0.022992328912590523,LIVE
TR-002460,TR-C00523,2024-08-07,1,evaluation,0.7237049057502847,0.28388518650801187,LIVE
TR-003051,TR-C02921,2024-08-07,0,evaluation,0.00848737348816464,0.013549666796511905,LIVE
TR-004312,TR-C02415,2024-08-07,1,evaluation,0.4284341824879426,0.09001608695690624,LIVE
TR-004648,TR-C03692,2024-08-07,0,evaluation,0.039768416846132804,0.015662674022632828,LIVE
TR-005237,TR-C00545,2024-08-07,0,evaluation,0.16613890428982642,0.028015616233773667,LIVE
TR-006425,TR-C04669,2024-08-07,0,evaluation,0.2266459226494087,0.03689403245882642,LIVE
TR-006912,TR-C01224,2024-08-07,0,evaluation,0.02206337055408646,0.014429788529132886,LIVE
TR-006922,TR-C03202,2024-08-07,0,evaluation,0.059505187448329964,0.017159431398721652,LIVE
TR-007070,TR-C01960,2024-08-07,0,evaluation,0.7051280669756738,0.2664700352101741,LIVE
TR-007289,TR-C00833,2024-08-07,0,evaluation,0.009301678420868311,0.013600931862268446,LIVE
TR-008453,TR-C02924,2024-08-07,0,evaluation,0.06848400046930189,0.017886045583851783,LIVE
TR-008601,TR-C01893,2024-08-07,1,evaluation,0.02792927318151439,0.014827282882014313,LIVE
TR-009085,TR-C02069,2024-08-07,0,evaluation,0.7983202094382702,0.36020401931901597,LIVE
TR-000228,TR-C03353,2024-08-08,0,evaluation,0.08203925866188626,0.019040579241562924,LIVE
TR-001749,TR-C04468,2024-08-08,0,evaluation,0.0348441033026304,0.015309722209364059,LIVE
TR-002528,TR-C00914,2024-08-08,1,evaluation,0.262071888072092,0.043290601102156816,LIVE
TR-002756,TR-C04574,2024-08-08,0,evaluation,0.1798498714183518,0.02982533997360293,LIVE
TR-003930,TR-C04737,2024-08-08,0,evaluation,0.1746660531024399,0.029128172110806465,LIVE
TR-004317,TR-C00895,2024-08-08,0,evaluation,0.5790015227001175,0.16720452122145918,LIVE
TR-004718,TR-C00933,2024-08-08,0,evaluation,0.02301819602528102,0.014493767916350271,LIVE
TR-005055,TR-C02163,2024-08-08,0,evaluation,0.033864546881355505,0.015240451609645241,LIVE
TR-005836,TR-C03755,2024-08-08,0,evaluation,0.013486178429695666,0.013867401695649982,LIVE
TR-006230,TR-C06063,2024-08-08,0,evaluation,0.022689894722151147,0.014471738170465579,LIVE
TR-007486,TR-C04817,2024-08-08,0,evaluation,0.01394728635990969,0.013897078174106101,LIVE
TR-007540,TR-C01692,2024-08-08,0,evaluation,0.04290741929483215,0.015891829638739464,LIVE
TR-007865,TR-C05296,2024-08-08,0,evaluation,0.7675443605926774,0.3275765591483436,LIVE
TR-001291,TR-C01461,2024-08-09,0,evaluation,0.018276903891254567,0.01417879989106439,LIVE
TR-003116,TR-C06170,2024-08-09,0,evaluation,0.46509046189066533,0.10516536584881118,LIVE
TR-005690,TR-C00861,2024-08-09,0,evaluation,0.5052815408174729,0.12431878450449273,LIVE
TR-006967,TR-C05378,2024-08-09,0,evaluation,0.05335321789690641,0.01667840495371067,LIVE
TR-007073,TR-C03080,2024-08-09,0,evaluation,0.05039838241284087,0.016452101128262515,LIVE
TR-008386,TR-C01448,2024-08-09,0,evaluation,0.1637439147670798,0.027710631406487007,LIVE
TR-008830,TR-C01271,2024-08-09,0,evaluation,0.027832313031263954,0.014820625663810766,LIVE
TR-009361,TR-C00413,2024-08-09,0,evaluation,0.7207367205405945,0.28105690124640786,LIVE
TR-000026,TR-C02632,2024-08-10,0,evaluation,0.21875635082632436,0.035598466203400875,LIVE
TR-004748,TR-C05689,2024-08-10,0,evaluation,0.43612421951818436,0.09302175710967588,LIVE
TR-005063,TR-C05402,2024-08-10,0,evaluation,0.625876420583449,0.20017586920423963,LIVE
TR-005632,TR-C01451,2024-08-10,0,evaluation,0.476907099307817,0.1105091510084028,LIVE
TR-007269,TR-C01308,2024-08-10,0,evaluation,0.06002845837705437,0.01720096983433968,LIVE
TR-009843,TR-C02024,2024-08-10,0,evaluation,0.8574266821073414,0.42638905587591197,LIVE
TR-000913,TR-C03449,2024-08-11,0,evaluation,0.058565211104643224,0.01708506134260299,LIVE
TR-003308,TR-C01838,2024-08-11,1,evaluation,0.737628925740845,0.2973792358255191,LIVE
TR-007713,TR-C06499,2024-08-11,0,evaluation,0.22950573723264572,0.03737475630353339,LIVE
TR-008097,TR-C02052,2024-08-11,0,evaluation,0.03829464709293794,0.015556209624344609,LIVE
TR-008579,TR-C06004,2024-08-11,0,evaluation,0.43732243394889014,0.09349811483866247,LIVE
TR-009220,TR-C00331,2024-08-11,0,evaluation,0.4552337543200827,0.1008836442131256,LIVE
TR-001651,TR-C02830,2024-08-12,0,evaluation,0.06892208177850774,0.017922260196182583,LIVE
TR-002261,TR-C03889,2024-08-12,1,evaluation,0.64612504949588,0.215852834012224,LIVE
TR-003204,TR-C04978,2024-08-12,0,evaluation,0.6162353362380933,0.1930174335604426,LIVE
TR-003750,TR-C03254,2024-08-12,0,evaluation,0.11499853485032673,0.022161111612434833,LIVE
TR-005099,TR-C01362,2024-08-12,0,evaluation,0.3073465471879197,0.05301478722877199,LIVE
TR-005644,TR-C00516,2024-08-12,0,evaluation,0.15814691809705186,0.027010418808328072,LIVE
TR-008156,TR-C05359,2024-08-12,0,evaluation,0.12224093542193247,0.022911082492230617,LIVE
TR-000838,TR-C00185,2024-08-13,1,evaluation,0.5486884779350861,0.14828924434504467,LIVE
TR-001496,TR-C05663,2024-08-13,0,evaluation,0.18361950323884413,0.030342444534973995,LIVE
TR-002860,TR-C05795,2024-08-13,0,evaluation,0.029932618730718667,0.014965492185855016,LIVE
TR-007028,TR-C06233,2024-08-13,0,evaluation,0.023260723297043723,0.014510063251710378,LIVE
TR-000041,TR-C02320,2024-08-14,0,evaluation,0.06091825274537454,0.017271830673918718,LIVE
TR-000327,TR-C00144,2024-08-14,0,evaluation,0.8027192507246385,0.364983840229537,LIVE
TR-000892,TR-C00562,2024-08-14,0,evaluation,0.02484746947951433,0.014617122521638347,LIVE
TR-001844,TR-C04250,2024-08-14,0,evaluation,0.031741615006064476,0.015091383076388024,LIVE
TR-003231,TR-C00822,2024-08-14,0,evaluation,0.05101567021269828,0.016499126880781402,LIVE
TR-006030,TR-C05787,2024-08-14,0,evaluation,0.1424816089358471,0.025140858554468775,LIVE
TR-008194,TR-C00838,2024-08-14,0,evaluation,0.019270263860278698,0.014244226071265726,LIVE
TR-008910,TR-C01521,2024-08-14,0,evaluation,0.7744952955604847,0.3348148430931344,LIVE
TR-009268,TR-C06145,2024-08-14,0,evaluation,0.08253318475863809,0.01908400024892894,LIVE
TR-009333,TR-C04877,2024-08-14,0,evaluation,0.29537327666933155,0.05025884115351164,LIVE
TR-009419,TR-C06368,2024-08-14,0,evaluation,0.08203676005221044,0.01904035983542571,LIVE
TR-003042,TR-C01901,2024-08-15,0,evaluation,0.03943037055407051,0.015638190528870312,LIVE
TR-003194,TR-C04544,2024-08-15,0,evaluation,0.1396544074029622,0.024817144545554205,LIVE
TR-003343,TR-C03734,2024-08-15,0,evaluation,0.06258122652579111,0.017405035121169837,LIVE
TR-003794,TR-C03252,2024-08-15,0,evaluation,0.42994038083353636,0.09059781293607327,LIVE
TR-004807,TR-C02818,2024-08-15,0,evaluation,0.04190885046420293,0.015818575923397502,LIVE
TR-005189,TR-C01576,2024-08-15,0,evaluation,0.08788997891005557,0.019561196044366378,LIVE
TR-005586,TR-C04508,2024-08-15,0,evaluation,0.182885489360299,0.030241078816192257,LIVE
TR-005862,TR-C04644,2024-08-15,0,evaluation,0.43033371194171477,0.0907502822339952,LIVE
TR-006099,TR-C03399,2024-08-15,0,evaluation,0.02430845701252447,0.01458066784650027,LIVE
TR-008895,TR-C02024,2024-08-15,0,evaluation,0.36104998889299894,0.06721774665797836,LIVE
TR-009238,TR-C03688,2024-08-15,0,evaluation,0.23019568718177252,0.03749163265019712,LIVE
TR-009512,TR-C04565,2024-08-15,0,evaluation,0.05216153221869367,0.01658677069174293,LIVE
TR-009616,TR-C05018,2024-08-15,1,evaluation,0.4591260704707511,0.10255564957446987,LIVE
TR-000667,TR-C05896,2024-08-16,0,evaluation,0.3358712876811979,0.0601653069516055,LIVE
TR-000752,TR-C00065,2024-08-16,0,evaluation,0.015072916247435722,0.013969785905071716,LIVE
TR-001316,TR-C04969,2024-08-16,0,evaluation,0.13229768916757154,0.023993724471014954,LIVE
TR-001580,TR-C03695,2024-08-16,0,evaluation,0.07117627009988398,0.01810974705215571,LIVE
TR-002807,TR-C00125,2024-08-16,0,evaluation,0.1876977835856838,0.030911667896921187,LIVE
TR-003382,TR-C00751,2024-08-16,0,evaluation,0.517982710297391,0.13096645587685035,LIVE
TR-005087,TR-C06239,2024-08-16,0,evaluation,0.04029090828474718,0.015700590452081015,LIVE
TR-005120,TR-C00222,2024-08-16,0,evaluation,0.02540201628917928,0.014654721530595289,LIVE
TR-006387,TR-C04353,2024-08-16,1,evaluation,0.5957990952879055,0.17849180010525698,LIVE
TR-006491,TR-C01800,2024-08-16,0,evaluation,0.07989690829965011,0.018853364118137456,LIVE
TR-008058,TR-C00955,2024-08-16,0,evaluation,0.138170860910454,0.024648907393310736,LIVE
TR-009522,TR-C06175,2024-08-16,0,evaluation,0.02852437400518414,0.014868206661812829,LIVE
TR-000543,TR-C04050,2024-08-17,0,evaluation,0.0782823335515862,0.018713464280300914,LIVE
TR-002199,TR-C01400,2024-08-17,0,evaluation,0.3079629300094628,0.05316045884924365,LIVE
TR-003548,TR-C01589,2024-08-17,1,evaluation,0.22028618529542413,0.03584621204135245,LIVE
TR-005247,TR-C05672,2024-08-17,0,evaluation,0.033141835552318366,0.015189542047091343,LIVE
TR-005919,TR-C00484,2024-08-17,0,evaluation,0.09236390458155484,0.019968689923745425,LIVE
TR-006075,TR-C04928,2024-08-17,0,evaluation,0.2499306283855993,0.04098721084924386,LIVE
TR-008582,TR-C03739,2024-08-17,0,evaluation,0.8991311867433188,0.47488811383736634,LIVE
TR-001449,TR-C01570,2024-08-18,1,evaluation,0.806803829037191,0.3694459611317171,LIVE
TR-003507,TR-C00407,2024-08-18,0,evaluation,0.0445529134106228,0.016013269713259507,LIVE
TR-003813,TR-C05118,2024-08-18,0,evaluation,0.035009017292898945,0.015321414760599571,LIVE
TR-004258,TR-C06218,2024-08-18,0,evaluation,0.7068592562112926,0.2680639174410707,LIVE
TR-005242,TR-C04623,2024-08-18,0,evaluation,0.009662474816635952,0.013623707129064494,LIVE
TR-007390,TR-C05448,2024-08-18,0,evaluation,0.060116640505318966,0.01720797965275607,LIVE
TR-008733,TR-C00103,2024-08-18,0,evaluation,0.009523820330442174,0.013614950120529897,LIVE
TR-009310,TR-C01778,2024-08-18,0,evaluation,0.27112678003064794,0.04508838898566938,LIVE
TR-001074,TR-C02138,2024-08-19,0,evaluation,0.42710068784282196,0.08950387408642065,LIVE
TR-001786,TR-C04408,2024-08-19,0,evaluation,0.7328949103474695,0.292749982243905,LIVE
TR-002333,TR-C02937,2024-08-19,1,evaluation,0.8950870318237821,0.47014927258591455,LIVE
TR-002344,TR-C03829,2024-08-19,0,evaluation,0.08590030502406218,0.01938260122011917,LIVE
TR-002947,TR-C01473,2024-08-19,0,evaluation,0.33126119788789227,0.05895138342192888,LIVE
TR-005496,TR-C03666,2024-08-19,0,evaluation,0.23421748906113238,0.03817994050146011,LIVE
TR-005686,TR-C00169,2024-08-19,0,evaluation,0.009135850457215433,0.013590476573832624,LIVE
TR-006434,TR-C01554,2024-08-19,1,evaluation,0.6836846112839142,0.24723391669051084,LIVE
TR-006861,TR-C01224,2024-08-19,0,evaluation,0.0453422719254661,0.016071849178649893,LIVE
TR-007473,TR-C00380,2024-08-19,0,evaluation,0.7377542191731401,0.29750232882708666,LIVE
TR-007624,TR-C00976,2024-08-19,0,evaluation,0.1793020268318297,0.029750903040955404,LIVE
TR-008287,TR-C00408,2024-08-19,0,evaluation,0.07028830634525272,0.0180356640189122,LIVE
TR-009075,TR-C03874,2024-08-19,0,evaluation,0.14753811727155838,0.0257301146031443,LIVE
TR-009338,TR-C00599,2024-08-19,0,evaluation,0.08124494314978041,0.018970954110698064,LIVE
TR-001562,TR-C03738,2024-08-20,0,evaluation,0.3963429660829087,0.07839834815621817,LIVE
TR-002055,TR-C01828,2024-08-20,0,evaluation,0.7137055442747027,0.2744260806568336,LIVE
TR-003387,TR-C02610,2024-08-20,0,evaluation,0.12485845898929596,0.023188187036087736,LIVE
TR-003425,TR-C00249,2024-08-20,0,evaluation,0.18739143931798632,0.030868553353814665,LIVE
TR-004512,TR-C03538,2024-08-20,0,evaluation,0.05364270419710395,0.0167007399259407,LIVE
TR-006940,TR-C05740,2024-08-20,0,evaluation,0.8289964286302557,0.3940643826462768,LIVE
TR-007160,TR-C01324,2024-08-20,0,evaluation,0.14888109616756862,0.025888864251341195,LIVE
TR-008809,TR-C00644,2024-08-20,0,evaluation,0.40635274423887996,0.08186665584547631,LIVE
TR-000624,TR-C05262,2024-08-21,1,evaluation,0.3030915480782903,0.052019425521147696,LIVE
TR-003708,TR-C03046,2024-08-21,0,evaluation,0.7924473430195431,0.3538658878651384,LIVE
TR-004776,TR-C05696,2024-08-21,0,evaluation,0.020864810820065492,0.014349871187795443,LIVE
TR-006936,TR-C01158,2024-08-21,0,evaluation,0.733400855382552,0.29324271193588247,LIVE
TR-008782,TR-C04004,2024-08-21,1,evaluation,0.6637059263195106,0.23017094826537102,LIVE
TR-009700,TR-C05219,2024-08-21,0,evaluation,0.8716372031676094,0.4428037901549793,LIVE
TR-000482,TR-C01980,2024-08-22,0,evaluation,0.5341287251156124,0.13985045379048214,LIVE
TR-002317,TR-C04384,2024-08-22,0,evaluation,0.4601203857989242,0.10298669167928959,LIVE
TR-002911,TR-C01031,2024-08-22,0,evaluation,0.05771456455993193,0.017018032036437276,LIVE
TR-003218,TR-C01940,2024-08-22,0,evaluation,0.17750006955845565,0.029507335046829054,LIVE
TR-004235,TR-C01777,2024-08-22,0,evaluation,0.03978222975206407,0.01566367524417727,LIVE
TR-005221,TR-C06176,2024-08-22,1,evaluation,0.4418339135978064,0.09531135962088365,LIVE
TR-008532,TR-C00734,2024-08-22,0,evaluation,0.26375403494887945,0.04361932277523929,LIVE
TR-009358,TR-C01631,2024-08-22,0,evaluation,0.22322528297704297,0.03632684393903721,LIVE
TR-009941,TR-C06437,2024-08-22,0,evaluation,0.12249905667255072,0.022938264186455247,LIVE
TR-000980,TR-C00015,2024-08-23,0,evaluation,0.06986442086324803,0.01800040413067411,LIVE
TR-001266,TR-C04295,2024-08-23,0,evaluation,0.09611596212447596,0.020316836684761405,LIVE
TR-001398,TR-C02338,2024-08-23,0,evaluation,0.014272860320943211,0.013918069515360149,LIVE
TR-001672,TR-C06342,2024-08-23,0,evaluation,0.056373308466501855,0.016912868272989903,LIVE
TR-003036,TR-C05161,2024-08-23,0,evaluation,0.09537408946070355,0.02024753141011855,LIVE
TR-003389,TR-C03206,2024-08-23,0,evaluation,0.14789046571860942,0.02577167275262929,LIVE
TR-008663,TR-C06147,2024-08-23,0,evaluation,0.056168146310096055,0.016896838558253625,LIVE
TR-008678,TR-C04595,2024-08-23,0,evaluation,0.0314211668902465,0.015069006838026418,LIVE
TR-009898,TR-C01429,2024-08-23,0,evaluation,0.05656255408822015,0.016927667648903248,LIVE
TR-000063,TR-C06458,2024-08-24,0,evaluation,0.03412922767687079,0.015259138372414622,LIVE
TR-001631,TR-C00065,2024-08-24,0,evaluation,0.010594815423942772,0.013682735432553328,LIVE
TR-002202,TR-C04966,2024-08-24,0,evaluation,0.4567168044320329,0.10151783883691866,LIVE
TR-005334,TR-C00118,2024-08-24,0,evaluation,0.34048336277694974,0.061403134408353814,LIVE
TR-005383,TR-C06424,2024-08-24,0,evaluation,0.22518376949971058,0.03665055283657187,LIVE
TR-006231,TR-C02328,2024-08-24,0,evaluation,0.08224568119698153,0.019058714035976008,LIVE
TR-006492,TR-C00034,2024-08-24,0,evaluation,0.09489242358927957,0.0202026585045974,LIVE
TR-006513,TR-C00238,2024-08-24,0,evaluation,0.07593555283785496,0.018511934259412065,LIVE
TR-006736,TR-C05156,2024-08-24,0,evaluation,0.07337501727149554,0.018294476919638106,LIVE
TR-006858,TR-C02506,2024-08-24,0,evaluation,0.014713927364250463,0.013946557126221466,LIVE
TR-007884,TR-C06338,2024-08-24,0,evaluation,0.1439032352016396,0.025305185177597087,LIVE
TR-008062,TR-C05431,2024-08-24,0,evaluation,0.029521728307835803,0.014937042123849019,LIVE
TR-009250,TR-C05990,2024-08-24,0,evaluation,0.22412134799239847,0.036474607402525686,LIVE
TR-007867,TR-C00963,2024-08-25,1,evaluation,0.5858558107966063,0.17173991426171226,LIVE
TR-008088,TR-C04535,2024-08-25,0,evaluation,0.27413327691249395,0.045700886741650085,LIVE
TR-009114,TR-C00856,2024-08-25,0,evaluation,0.1920907184085898,0.0315363722222639,LIVE
TR-003096,TR-C00851,2024-08-26,0,evaluation,0.23237422781016526,0.0378629835518119,LIVE
TR-004985,TR-C01886,2024-08-26,0,evaluation,0.09968607572175968,0.020653616321037505,LIVE
TR-006273,TR-C05392,2024-08-26,0,evaluation,0.03135407164058944,0.015064325851559156,LIVE
TR-006657,TR-C01033,2024-08-26,0,evaluation,0.021971918406071985,0.014423675275844698,LIVE
TR-008784,TR-C05561,2024-08-26,0,evaluation,0.09599411302008547,0.020305437695355782,LIVE
TR-009245,TR-C01811,2024-08-26,0,evaluation,0.038742817419865815,0.015588509643419445,LIVE
TR-000336,TR-C06318,2024-08-27,0,evaluation,0.13928398278454834,0.024775033117658257,LIVE
TR-001179,TR-C05430,2024-08-27,0,evaluation,0.027886462412495157,0.014824343160574033,LIVE
TR-002368,TR-C05110,2024-08-27,1,evaluation,0.28527895239209017,0.04804133387398292,LIVE
TR-003225,TR-C02418,2024-08-27,0,evaluation,0.07694931080341619,0.018598728247436063,LIVE
TR-003677,TR-C00278,2024-08-27,0,evaluation,0.08709236450008212,0.0194894086353055,LIVE
TR-003982,TR-C01096,2024-08-27,0,evaluation,0.7408784516827216,0.3005811611082994,LIVE
TR-005829,TR-C00745,2024-08-27,0,evaluation,0.06372823599520556,0.017497498268024953,LIVE
TR-006128,TR-C05969,2024-08-27,0,evaluation,0.02505680648064033,0.014631304668611761,LIVE
TR-007134,TR-C01910,2024-08-27,0,evaluation,0.20208280440485815,0.03300311939567463,LIVE
TR-007221,TR-C05405,2024-08-27,0,evaluation,0.19637959088128076,0.03215805195592686,LIVE
TR-007597,TR-C06222,2024-08-27,0,evaluation,0.13508969633727544,0.024303041754213203,LIVE
TR-008687,TR-C04740,2024-08-27,0,evaluation,0.04182832717177454,0.015812683335381664,LIVE
TR-009607,TR-C05587,2024-08-27,0,evaluation,0.8281648956998919,0.39313131237200566,LIVE
TR-000430,TR-C01840,2024-08-28,0,evaluation,0.048156777793678475,0.016282438570125554,LIVE
TR-001528,TR-C02281,2024-08-28,0,evaluation,0.07650556942862335,0.018560687827431574,LIVE
TR-003443,TR-C05553,2024-08-28,0,evaluation,0.05660096811955972,0.016930673254437582,LIVE
TR-005179,TR-C04299,2024-08-28,0,evaluation,0.43076912389404165,0.0909193329219646,LIVE
TR-005297,TR-C02893,2024-08-28,0,evaluation,0.04265880198942979,0.01587356025153223,LIVE
TR-006360,TR-C01284,2024-08-28,1,evaluation,0.20983389124656807,0.03418607826478066,LIVE
TR-006833,TR-C04234,2024-08-28,0,evaluation,0.5250866997865692,0.1348147267949624,LIVE
TR-007011,TR-C00397,2024-08-28,0,evaluation,0.2613154257703557,0.04314354695568196,LIVE
TR-007365,TR-C02732,2024-08-28,0,evaluation,0.27017270211455424,0.04489565985980388,LIVE
TR-008040,TR-C05186,2024-08-28,0,evaluation,0.1306665851731784,0.02381480028725092,LIVE
TR-008682,TR-C02950,2024-08-28,0,evaluation,0.7440458552802838,0.3037210019122275,LIVE
TR-008720,TR-C06421,2024-08-28,0,evaluation,0.06938111355656357,0.01796028394159642,LIVE
TR-009074,TR-C00191,2024-08-28,0,evaluation,0.36076942530973927,0.0671350916401826,LIVE
TR-009166,TR-C01646,2024-08-28,0,evaluation,0.05193873044123799,0.0165696934292353,LIVE
TR-000531,TR-C03271,2024-08-29,0,evaluation,0.10155776318666601,0.02083235571249271,LIVE
TR-000738,TR-C04177,2024-08-29,0,evaluation,0.012548920146678985,0.013807273065751868,LIVE
TR-001184,TR-C05096,2024-08-29,0,evaluation,0.2929001407767291,0.049706741629516465,LIVE
TR-001359,TR-C01910,2024-08-29,0,evaluation,0.16986227865679643,0.028496244879159846,LIVE
TR-002857,TR-C01455,2024-08-29,0,evaluation,0.5043018212198281,0.12381822630519115,LIVE
TR-002951,TR-C05838,2024-08-29,0,evaluation,0.04303585855941539,0.015901275968820162,LIVE
TR-004389,TR-C05201,2024-08-29,0,evaluation,0.1315710033111598,0.023913849174193168,LIVE
TR-005219,TR-C01795,2024-08-29,0,evaluation,0.37231846855613954,0.070616506062026,LIVE
TR-006469,TR-C04483,2024-08-29,0,evaluation,0.09120535730714595,0.019862376085302526,LIVE
TR-008350,TR-C06080,2024-08-29,0,evaluation,0.028228001150383448,0.014847811863205156,LIVE
TR-009154,TR-C00479,2024-08-29,0,evaluation,0.1257843222748621,0.023286984951775672,LIVE
TR-000044,TR-C01277,2024-08-30,0,evaluation,0.22147252681561752,0.036039473626717645,LIVE
TR-000102,TR-C02850,2024-08-30,0,evaluation,0.1800238278851393,0.029849013585365444,LIVE
TR-000145,TR-C01976,2024-08-30,0,evaluation,0.1161619883362177,0.022279952253776283,LIVE
TR-001478,TR-C05605,2024-08-30,1,evaluation,0.2509699641100909,0.04117970809460369,LIVE
TR-001505,TR-C03205,2024-08-30,0,evaluation,0.46283510763737895,0.10417171578300326,LIVE
TR-002295,TR-C03366,2024-08-30,0,evaluation,0.05655347591576315,0.01692695742762256,LIVE
TR-003637,TR-C01128,2024-08-30,0,evaluation,0.018839948518743994,0.014215847540873173,LIVE
TR-003911,TR-C03096,2024-08-30,0,evaluation,0.547158110387967,0.14738284478473607,LIVE
TR-005648,TR-C01709,2024-08-30,0,evaluation,0.15530247472737252,0.02666118711215291,LIVE
TR-009296,TR-C01517,2024-08-30,0,evaluation,0.15313563350871345,0.0263981001174879,LIVE
TR-001045,TR-C01695,2024-08-31,0,evaluation,0.08854346756128535,0.019620204836236322,LIVE
TR-004836,TR-C02886,2024-08-31,0,evaluation,0.28243622395680024,0.04743380301095887,LIVE
TR-007852,TR-C05822,2024-08-31,0,evaluation,0.07374444391293784,0.018325695592493335,LIVE
TR-009710,TR-C00545,2024-08-31,0,evaluation,0.15913551974820503,0.027132834599095802,LIVE
TR-000011,TR-C04560,2024-09-01,0,evaluation,0.018702696490829403,0.014206807740494383,LIVE
TR-000395,TR-C04147,2024-09-01,0,evaluation,0.19313622276747175,0.031686839754732944,LIVE
TR-001165,TR-C02988,2024-09-01,0,evaluation,0.6255493402736401,0.1999297860034503,LIVE
TR-001519,TR-C02218,2024-09-01,0,evaluation,0.023565110604636435,0.014530540490962859,LIVE
TR-003244,TR-C01039,2024-09-01,0,evaluation,0.01577880457981321,0.014015572489513014,LIVE
TR-004259,TR-C04826,2024-09-01,0,evaluation,0.006377874807442604,0.013417746684734626,LIVE
TR-005470,TR-C05710,2024-09-01,0,evaluation,0.03341803761173222,0.01520897860170222,LIVE
TR-005505,TR-C00510,2024-09-01,0,evaluation,0.7216906557763478,0.28196400129852617,LIVE
TR-006714,TR-C06373,2024-09-01,0,evaluation,0.0635948027298426,0.017486717147519048,LIVE
TR-007114,TR-C01550,2024-09-01,0,evaluation,0.25827419861397055,0.0425571413103857,LIVE
TR-007266,TR-C04112,2024-09-01,0,evaluation,0.09461001055475553,0.02017639368095313,LIVE
TR-007568,TR-C02293,2024-09-01,0,evaluation,0.13541111990537597,0.024338899842087383,LIVE
TR-009235,TR-C01934,2024-09-01,0,evaluation,0.7618158578851241,0.3216720986113615,LIVE
TR-009269,TR-C06420,2024-09-01,0,evaluation,0.5348641432634558,0.14026687657450926,LIVE
TR-000550,TR-C05746,2024-09-02,0,evaluation,0.8660968372091173,0.4363871379763199,LIVE
TR-002190,TR-C02412,2024-09-02,0,evaluation,0.5771770409072585,0.16601353452226966,LIVE
TR-002339,TR-C05226,2024-09-02,0,evaluation,0.04899984960492062,0.016346046158497406,LIVE
TR-003322,TR-C02552,2024-09-02,0,evaluation,0.3870706580925238,0.07530603949345462,LIVE
TR-005298,TR-C03654,2024-09-02,0,evaluation,0.8430960384530664,0.4099983053168314,LIVE
TR-005949,TR-C00678,2024-09-02,0,evaluation,0.05415653655083402,0.016740456484260174,LIVE
TR-008554,TR-C06454,2024-09-02,0,evaluation,0.01964533836582228,0.014269007103207646,LIVE
TR-009318,TR-C04405,2024-09-02,0,evaluation,0.02967990796067618,0.01494798817537777,LIVE
TR-009585,TR-C03207,2024-09-02,1,evaluation,0.9030786389041834,0.4795180137876583,LIVE
TR-002902,TR-C01010,2024-09-03,0,evaluation,0.234513494712591,0.038231076862722126,LIVE
TR-007892,TR-C03068,2024-09-03,0,evaluation,0.5796653585694265,0.16763955166628577,LIVE
TR-008345,TR-C02382,2024-09-03,0,evaluation,0.045474073144075096,0.016081650858283125,LIVE
TR-008458,TR-C01156,2024-09-03,0,evaluation,0.024931531760063276,0.014622815938551467,LIVE
TR-009572,TR-C05758,2024-09-03,0,evaluation,0.07155256712446165,0.018141231640011326,LIVE
TR-002233,TR-C06273,2024-09-04,0,evaluation,0.09606724106133269,0.02031227807534827,LIVE
TR-003226,TR-C02718,2024-09-04,0,evaluation,0.561380764992758,0.1559848561857697,LIVE
TR-004556,TR-C04986,2024-09-04,0,evaluation,0.022602329742892,0.014465867941593371,LIVE
TR-005050,TR-C05799,2024-09-04,0,evaluation,0.36179914341032565,0.06743891312195881,LIVE
TR-005741,TR-C00841,2024-09-04,0,evaluation,0.03979426431012823,0.015664547614412515,LIVE
TR-006126,TR-C00072,2024-09-04,0,evaluation,0.07725423238422721,0.01862491245145608,LIVE
TR-006197,TR-C05371,2024-09-04,0,evaluation,0.1697558761480307,0.02848239955385496,LIVE
TR-006218,TR-C00085,2024-09-04,0,evaluation,0.05492597498919622,0.01680010372404533,LIVE
TR-006638,TR-C04728,2024-09-04,0,evaluation,0.08856321304140155,0.019621990528280415,LIVE
TR-006661,TR-C03825,2024-09-04,1,evaluation,0.8389881396654433,0.4053348376731262,LIVE
TR-009486,TR-C02198,2024-09-04,0,evaluation,0.4772265986530207,0.11065688668407506,LIVE
TR-000742,TR-C01597,2024-09-05,0,evaluation,0.06458032925945544,0.017566499690152747,LIVE
TR-000748,TR-C04838,2024-09-05,0,evaluation,0.012800357821890705,0.013823378457471147,LIVE
TR-001488,TR-C02201,2024-09-05,0,evaluation,0.012017662427996165,0.0137733051194043,LIVE
TR-003517,TR-C02427,2024-09-05,0,evaluation,0.009416844409074648,0.013608197630548423,LIVE
TR-005020,TR-C03779,2024-09-05,0,evaluation,0.0792114958024108,0.018793849560900838,LIVE
TR-005698,TR-C01242,2024-09-05,0,evaluation,0.491961272023326,0.11766023344867947,LIVE
TR-006366,TR-C01130,2024-09-05,0,evaluation,0.06169096569233966,0.0173336000713476,LIVE
TR-000952,TR-C01664,2024-09-06,1,evaluation,0.5918772352116075,0.17580419929747004,LIVE
TR-001141,TR-C03693,2024-09-06,0,evaluation,0.06908092836793428,0.01793540925016207,LIVE
TR-001812,TR-C02145,2024-09-06,0,evaluation,0.13018082700985845,0.023761766985631108,LIVE
TR-002838,TR-C02497,2024-09-06,0,evaluation,0.015133730838759357,0.01397372475764755,LIVE
TR-003524,TR-C03244,2024-09-06,1,evaluation,0.3542144960098737,0.06523064397027986,LIVE
TR-003791,TR-C02733,2024-09-06,0,evaluation,0.048077705698363137,0.016276485285634846,LIVE
TR-004864,TR-C04505,2024-09-06,0,evaluation,0.07841980857745662,0.018725336462441625,LIVE
TR-005096,TR-C01111,2024-09-06,0,evaluation,0.03242602925822365,0.015139283946904935,LIVE
TR-006407,TR-C00296,2024-09-06,0,evaluation,0.0279287419268215,0.014827246398403708,LIVE
TR-008607,TR-C05142,2024-09-06,0,evaluation,0.1121614818102668,0.021873912979948486,LIVE
TR-009462,TR-C03563,2024-09-06,0,evaluation,0.18556554230842953,0.030612783851755188,LIVE
TR-000390,TR-C00623,2024-09-07,0,evaluation,0.055648459285998444,0.016856301194172828,LIVE
TR-000446,TR-C05868,2024-09-07,0,evaluation,0.021108666256404018,0.014366095513625271,LIVE
TR-000874,TR-C03506,2024-09-07,0,evaluation,0.42917550476879535,0.09030197965622973,LIVE
TR-002586,TR-C06263,2024-09-07,0,evaluation,0.5310517377253936,0.13811935889953778,LIVE
TR-002645,TR-C00003,2024-09-07,0,evaluation,0.034320410356568076,0.01527265011475813,LIVE
TR-004977,TR-C06246,2024-09-07,0,evaluation,0.906680500207149,0.48374566837991423,LIVE
TR-005691,TR-C02312,2024-09-07,0,evaluation,0.08823816356041918,0.019592614780767303,LIVE
TR-006147,TR-C04434,2024-09-07,0,evaluation,0.0667810725010082,0.017745951847608743,LIVE
TR-006161,TR-C01331,2024-09-07,0,evaluation,0.26195790832076765,0.04326841317720299,LIVE
TR-007353,TR-C04744,2024-09-07,1,evaluation,0.0485556417936208,0.016312501430993435,LIVE
TR-007652,TR-C05187,2024-09-07,0,evaluation,0.1523195222175577,0.026299668165478917,LIVE
TR-007683,TR-C01775,2024-09-07,0,evaluation,0.08498081008392705,0.01930060750562619,LIVE
TR-000401,TR-C02203,2024-09-08,0,evaluation,0.030980497666117525,0.015038289150782785,LIVE
TR-001840,TR-C03857,2024-09-08,0,evaluation,0.588067173303963,0.17322379930599316,LIVE
TR-004240,TR-C03004,2024-09-08,0,evaluation,0.11663781902169829,0.022328735086949963,LIVE
TR-004421,TR-C00624,2024-09-08,0,evaluation,0.12337948267158401,0.023031215349437452,LIVE
TR-004562,TR-C05670,2024-09-08,0,evaluation,0.2580352933236231,0.042511399898678276,LIVE
TR-005797,TR-C04938,2024-09-08,0,evaluation,0.19984810908173312,0.032669469917605005,LIVE
TR-007157,TR-C04069,2024-09-08,0,evaluation,0.056367292966995046,0.016912398057805898,LIVE
TR-007171,TR-C04620,2024-09-08,0,evaluation,0.4582082725975499,0.10215919726062828,LIVE
TR-009437,TR-C06152,2024-09-08,0,evaluation,0.043323796538992966,0.015922473038881124,LIVE
TR-001916,TR-C02918,2024-09-09,0,evaluation,0.01639103651647741,0.014055403938890937,LIVE
TR-003751,TR-C02624,2024-09-09,0,evaluation,0.007594803224531214,0.013493693406108127,LIVE
TR-004141,TR-C00999,2024-09-09,0,evaluation,0.2867947776355071,0.048368300255442254,LIVE
TR-004703,TR-C04340,2024-09-09,0,evaluation,0.00679917321428003,0.013443991464206082,LIVE
TR-005230,TR-C04972,2024-09-09,0,evaluation,0.8104641463963744,0.37346368087434123,LIVE
TR-007989,TR-C03885,2024-09-09,0,evaluation,0.010605710495834695,0.013683426709529637,LIVE
TR-009082,TR-C00339,2024-09-09,0,evaluation,0.05117833212632791,0.01651154065340106,LIVE
TR-000775,TR-C05057,2024-09-10,0,evaluation,0.020871381517616406,0.014350308116309047,LIVE
TR-003822,TR-C03561,2024-09-10,1,evaluation,0.5936522695498531,0.17701664424214533,LIVE
TR-008276,TR-C05222,2024-09-10,0,evaluation,0.16722570009147428,0.028155084907586236,LIVE
TR-009831,TR-C01351,2024-09-10,0,evaluation,0.4830282430554992,0.11336976280338369,LIVE
TR-000565,TR-C04206,2024-09-11,0,evaluation,0.1980390292142996,0.0324017559937939,LIVE
TR-001377,TR-C03451,2024-09-11,0,evaluation,0.1779992713524612,0.029574617157724335,LIVE
TR-001611,TR-C03803,2024-09-11,1,evaluation,0.0777763973874612,0.018669835780997953,LIVE
TR-006115,TR-C03812,2024-09-11,1,evaluation,0.18018925665159793,0.029871543563092635,LIVE
TR-006992,TR-C05605,2024-09-11,0,evaluation,0.061953217159427455,0.017354613304673767,LIVE
TR-008642,TR-C04659,2024-09-11,0,evaluation,0.14093520618360245,0.024963289388192027,LIVE
TR-009334,TR-C03465,2024-09-11,0,evaluation,0.4889874612053677,0.11621652947756624,LIVE
TR-000004,TR-C04828,2024-09-12,1,evaluation,0.14190960694865842,0.025075034197201456,LIVE
TR-000345,TR-C02757,2024-09-12,0,evaluation,0.3202346126646156,0.056140415982854366,LIVE
TR-000575,TR-C02700,2024-09-12,0,evaluation,0.1059602183810705,0.021258763341289524,LIVE
TR-001369,TR-C00000,2024-09-12,0,evaluation,0.19227373975448056,0.031562662396762906,LIVE
TR-004097,TR-C06076,2024-09-12,1,evaluation,0.5863738867877029,0.1720866512755579,LIVE
TR-004393,TR-C05995,2024-09-12,0,evaluation,0.3151351384048879,0.0548834821170626,LIVE
TR-004407,TR-C01809,2024-09-12,0,evaluation,0.16413528663388616,0.02776024841937003,LIVE
TR-006470,TR-C00306,2024-09-12,0,evaluation,0.715526692848233,0.2761341714494138,LIVE
TR-007119,TR-C01083,2024-09-12,0,evaluation,0.5958926772306161,0.17855632172580524,LIVE
TR-007911,TR-C05234,2024-09-12,0,evaluation,0.44001753882393707,0.09457757264828964,LIVE
TR-008769,TR-C03399,2024-09-12,0,evaluation,0.022433859150975503,0.014454580516700516,LIVE
TR-008905,TR-C02541,2024-09-12,0,evaluation,0.3215066203494117,0.056458138037098454,LIVE
TR-009937,TR-C01075,2024-09-12,0,evaluation,0.4174515818357767,0.08587524463355468,LIVE
TR-000016,TR-C02179,2024-09-13,0,evaluation,0.7434219214895238,0.3031010358003095,LIVE
TR-002928,TR-C01635,2024-09-13,0,evaluation,0.027705152566759643,0.014811899374625803,LIVE
TR-004511,TR-C04780,2024-09-13,0,evaluation,0.06927206231000922,0.017951243551557063,LIVE
TR-004570,TR-C06195,2024-09-13,0,evaluation,0.03076098922363218,0.015023010912467027,LIVE
TR-005181,TR-C00120,2024-09-13,1,evaluation,0.45289004049500287,0.09988857619941305,LIVE
TR-007717,TR-C04564,2024-09-13,0,evaluation,0.7041879150515761,0.2656069828689161,LIVE
TR-008549,TR-C00716,2024-09-13,1,evaluation,0.8259563585335783,0.39065689387971747,LIVE
TR-001317,TR-C05910,2024-09-14,0,evaluation,0.38027696024225877,0.07311188173681459,LIVE
TR-001629,TR-C02882,2024-09-14,0,evaluation,0.08945165021225641,0.01970250178241038,LIVE
TR-001837,TR-C00687,2024-09-14,0,evaluation,0.019277428046628988,0.01424469900879256,LIVE
TR-002960,TR-C01149,2024-09-14,0,evaluation,0.04419582558708332,0.015986838744435343,LIVE
TR-005738,TR-C01322,2024-09-14,0,evaluation,0.11403875119829984,0.022063541304016884,LIVE
TR-006288,TR-C03228,2024-09-14,0,evaluation,0.023541893069947844,0.01452897756056627,LIVE
TR-006934,TR-C06082,2024-09-14,1,evaluation,0.8314057640128304,0.3967722620882565,LIVE
TR-007490,TR-C01164,2024-09-14,0,evaluation,0.08768679247513703,0.01954288416515516,LIVE
TR-007515,TR-C02774,2024-09-14,0,evaluation,0.05365966487267263,0.016702049418147166,LIVE
TR-008186,TR-C01356,2024-09-14,0,evaluation,0.3441459086732562,0.06240303267443811,LIVE
TR-008494,TR-C04306,2024-09-14,0,evaluation,0.23789036051869253,0.03881911976360591,LIVE
TR-008991,TR-C02848,2024-09-14,0,evaluation,0.19589541025198381,0.032087280072809435,LIVE
TR-009615,TR-C03053,2024-09-14,0,evaluation,0.009171309272169649,0.013592711550456504,LIVE
TR-000608,TR-C03408,2024-09-15,0,evaluation,0.48417907793726483,0.11391474557196599,LIVE
TR-000844,TR-C02240,2024-09-15,0,evaluation,0.07346120242991977,0.01830175538957279,LIVE
TR-001635,TR-C03912,2024-09-15,1,evaluation,0.14363273157120685,0.025273837113429037,LIVE
TR-003168,TR-C00692,2024-09-15,1,evaluation,0.3948231034032014,0.07788363185148084,LIVE
TR-003886,TR-C03530,2024-09-15,0,evaluation,0.32578350032394554,0.057538855543726064,LIVE
TR-004297,TR-C04636,2024-09-15,0,evaluation,0.6362023447513655,0.20806152669140457,LIVE
TR-005459,TR-C05587,2024-09-15,0,evaluation,0.24125971440053226,0.0394144997103165,LIVE
TR-008744,TR-C02671,2024-09-15,0,evaluation,0.060508136091073625,0.017239134523174278,LIVE
TR-009070,TR-C04603,2024-09-15,0,evaluation,0.012424831770669989,0.013799331626044934,LIVE
TR-009253,TR-C02676,2024-09-15,0,evaluation,0.009997446919302804,0.013644885905230202,LIVE
TR-009459,TR-C06428,2024-09-15,0,evaluation,0.30868725026505117,0.05333212246557479,LIVE
TR-000285,TR-C06118,2024-09-16,0,evaluation,0.14242076046642999,0.025133848292522167,LIVE
TR-001426,TR-C04064,2024-09-16,0,evaluation,0.2660338509136174,0.04406864358176502,LIVE
TR-004089,TR-C04761,2024-09-16,0,evaluation,0.018391869288553173,0.014186356734470171,LIVE
TR-004168,TR-C01268,2024-09-16,0,evaluation,0.385459235507256,0.07478018964732604,LIVE
TR-004319,TR-C01987,2024-09-16,0,evaluation,0.5171380226674036,0.1305151429225571,LIVE
TR-005412,TR-C02517,2024-09-16,0,evaluation,0.057198555935528465,0.01697749754878528,LIVE
TR-005600,TR-C05168,2024-09-16,0,evaluation,0.014283471381245678,0.013918754187923559,LIVE
TR-006255,TR-C05958,2024-09-16,0,evaluation,0.44287717143761424,0.09573511875742188,LIVE
TR-007194,TR-C01532,2024-09-16,0,evaluation,0.03399316629501086,0.015249529469629201,LIVE
TR-008092,TR-C04945,2024-09-16,0,evaluation,0.16181226422968545,0.027467001589221614,LIVE
TR-009983,TR-C00929,2024-09-16,0,evaluation,0.07461461868574096,0.018399437100415666,LIVE
TR-000188,TR-C04538,2024-09-17,0,evaluation,0.21899868510709328,0.035637600311204,LIVE
TR-001140,TR-C04909,2024-09-17,0,evaluation,0.05556196675311851,0.016849563765385486,LIVE
TR-001324,TR-C01990,2024-09-17,0,evaluation,0.05060838621871125,0.016468084669623493,LIVE
TR-002729,TR-C00372,2024-09-17,0,evaluation,0.09836296483695357,0.020528170596242012,LIVE
TR-002755,TR-C02422,2024-09-17,0,evaluation,0.2706015139758847,0.04498218495213333,LIVE
TR-004055,TR-C00736,2024-09-17,0,evaluation,0.6146628356704242,0.19186852191746923,LIVE
TR-004628,TR-C06344,2024-09-17,1,evaluation,0.6227049939285945,0.19779937166160141,LIVE
TR-004846,TR-C05995,2024-09-17,0,evaluation,0.052351310239022494,0.01660133040204596,LIVE
TR-005920,TR-C00958,2024-09-17,0,evaluation,0.07339824763680752,0.01829643848022807,LIVE
TR-006613,TR-C06056,2024-09-17,0,evaluation,0.2128683465902417,0.03466024746348132,LIVE
TR-007025,TR-C02363,2024-09-17,0,evaluation,0.349249306050446,0.063821651347419,LIVE
TR-008512,TR-C04466,2024-09-17,0,evaluation,0.6572454631062085,0.22483327219174712,LIVE
TR-009370,TR-C02899,2024-09-17,0,evaluation,0.03315835871737476,0.015190704107054526,LIVE
TR-009426,TR-C03663,2024-09-17,0,evaluation,0.03687040081910647,0.015453999639760737,LIVE
TR-009626,TR-C05116,2024-09-17,0,evaluation,0.027426169953997947,0.014792772134444009,LIVE
TR-000857,TR-C00761,2024-09-18,0,evaluation,0.2882160431631053,0.048676787708385544,LIVE
TR-001904,TR-C03694,2024-09-18,0,evaluation,0.23277545624190268,0.03793176062516879,LIVE
TR-003432,TR-C05621,2024-09-18,0,evaluation,0.3913462003672202,0.07671776168622084,LIVE
TR-005973,TR-C00577,2024-09-18,0,evaluation,0.033933040696331275,0.015245285188373408,LIVE
TR-007547,TR-C02877,2024-09-18,1,evaluation,0.30632035648970796,0.05277310009616006,LIVE
TR-008298,TR-C03259,2024-09-18,0,evaluation,0.15320462349341815,0.02640643747559507,LIVE
TR-008783,TR-C06344,2024-09-18,0,evaluation,0.15191875212956946,0.02625146174088469,LIVE
TR-009822,TR-C02446,2024-09-18,1,evaluation,0.8727781839117682,0.4441276793308628,LIVE
TR-000053,TR-C01406,2024-09-19,0,evaluation,0.00422979912863459,0.013284716086896648,LIVE
TR-000503,TR-C04515,2024-09-19,0,evaluation,0.04906859268600211,0.01635124340782155,LIVE
TR-000636,TR-C03962,2024-09-19,0,evaluation,0.0917013520065907,0.01990782287587779,LIVE
TR-000673,TR-C01234,2024-09-19,0,evaluation,0.008552854651741491,0.013553782147443917,LIVE
TR-001972,TR-C02718,2024-09-19,0,evaluation,0.06859522371576657,0.01789523320078953,LIVE
TR-002002,TR-C00943,2024-09-19,0,evaluation,0.03693031938486818,0.015458286301443771,LIVE
TR-002464,TR-C01351,2024-09-19,0,evaluation,0.3563309094734425,0.06583998085621201,LIVE
TR-002930,TR-C00439,2024-09-19,0,evaluation,0.20488310671049342,0.0334258645171705,LIVE
TR-003413,TR-C04265,2024-09-19,0,evaluation,0.5700711708839218,0.16143967725135244,LIVE
TR-004381,TR-C05225,2024-09-19,0,evaluation,0.5543947124754084,0.15170954183595767,LIVE
TR-005719,TR-C03314,2024-09-19,0,evaluation,0.23068284749194531,0.03757436825957199,LIVE
TR-005971,TR-C03587,2024-09-19,0,evaluation,0.1907226921105078,0.03134053146936044,LIVE
TR-006314,TR-C05709,2024-09-19,1,evaluation,0.7267947325115064,0.28684755456480204,LIVE
TR-007330,TR-C03745,2024-09-19,0,evaluation,0.25211198434411297,0.041392221343586576,LIVE
TR-009363,TR-C02432,2024-09-19,0,evaluation,0.05216038388770478,0.016586682630370903,LIVE
TR-004313,TR-C01885,2024-09-20,0,evaluation,0.02576500935555266,0.014679384519339221,LIVE
TR-004567,TR-C05459,2024-09-20,0,evaluation,0.23326762358493133,0.038016290001324886,LIVE
TR-006082,TR-C00464,2024-09-20,0,evaluation,0.25713138951929493,0.042338760988131156,LIVE
TR-006119,TR-C01108,2024-09-20,0,evaluation,0.19954245738419546,0.03262408894696478,LIVE
TR-006981,TR-C04376,2024-09-20,0,evaluation,0.03066615506692907,0.015016414989718223,LIVE
TR-000734,TR-C04463,2024-09-21,0,evaluation,0.2027710510893422,0.03310653883039965,LIVE
TR-002576,TR-C05807,2024-09-21,0,evaluation,0.1946509310748539,0.03190606688556587,LIVE
TR-002929,TR-C01830,2024-09-21,0,evaluation,0.046297829960108824,0.016143044649122383,LIVE
TR-003138,TR-C00603,2024-09-21,0,evaluation,0.6999623297573875,0.26175002651782175,LIVE
TR-003174,TR-C03332,2024-09-21,0,evaluation,0.206132646372715,0.03361618266852718,LIVE
TR-006381,TR-C03469,2024-09-21,0,evaluation,0.1707659189069637,0.028614092127583996,LIVE
TR-008103,TR-C03481,2024-09-21,0,evaluation,0.7571673450077944,0.31692222283293014,LIVE
TR-009640,TR-C05976,2024-09-21,0,evaluation,0.15758237676293588,0.026940754271652434,LIVE
TR-009997,TR-C01945,2024-09-21,0,evaluation,0.04651158262640078,0.01615901306166181,LIVE
TR-002305,TR-C02241,2024-09-22,0,evaluation,0.17299469750111365,0.02890678135507823,LIVE
TR-004176,TR-C06301,2024-09-22,0,evaluation,0.040722312770869906,0.015731964902029823,LIVE
TR-004594,TR-C02385,2024-09-22,0,evaluation,0.060990039325756994,0.017277560051014402,LIVE
TR-005240,TR-C02977,2024-09-22,0,evaluation,0.026573217140643285,0.014734443876025335,LIVE
TR-005410,TR-C01844,2024-09-22,0,evaluation,0.04809739299326106,0.01627796732856134,LIVE
TR-006808,TR-C03011,2024-09-22,0,evaluation,0.15593850188721115,0.02673889329810864,LIVE
TR-007583,TR-C00115,2024-09-22,0,evaluation,0.05202307428700053,0.01657615616386832,LIVE
TR-009368,TR-C03723,2024-09-22,0,evaluation,0.15717970167593226,0.026891170847536547,LIVE
TR-001456,TR-C00160,2024-09-23,1,evaluation,0.26985071366284263,0.04483079374210184,LIVE
TR-001959,TR-C06462,2024-09-23,0,evaluation,0.2899165620824275,0.04904834057438612,LIVE
TR-002814,TR-C01691,2024-09-23,1,evaluation,0.8303538836202825,0.3955892530949597,LIVE
TR-002962,TR-C04270,2024-09-23,0,evaluation,0.026879408250610415,0.014755356312776509,LIVE
TR-003688,TR-C03976,2024-09-23,0,evaluation,0.6243133765941937,0.19900194167145702,LIVE
TR-004973,TR-C00136,2024-09-23,0,evaluation,0.17864697382328198,0.029662135819664037,LIVE
TR-005317,TR-C03597,2024-09-23,0,evaluation,0.37256998388851453,0.07069415003753723,LIVE
TR-006656,TR-C01765,2024-09-23,0,evaluation,0.2919116498190465,0.049487683885250294,LIVE
TR-007457,TR-C03517,2024-09-23,0,evaluation,0.03300682603727916,0.015180050222957644,LIVE
TR-007711,TR-C03767,2024-09-23,0,evaluation,0.14774200636777357,0.025754154580627287,LIVE
TR-008380,TR-C00631,2024-09-23,0,evaluation,0.06700914269982734,0.017764651686384858,LIVE
TR-008600,TR-C00400,2024-09-23,0,evaluation,0.06119230546306474,0.017293713209046366,LIVE
TR-008780,TR-C06095,2024-09-23,0,evaluation,0.12248250908829544,0.022936520683659554,LIVE
TR-009605,TR-C05629,2024-09-23,0,evaluation,0.7622180406937152,0.3220848081599105,LIVE
TR-000937,TR-C05811,2024-09-24,0,evaluation,0.09090553196001304,0.01983495312620415,LIVE
TR-004663,TR-C05960,2024-09-24,1,evaluation,0.22232911102036243,0.0361796390757251,LIVE
TR-004811,TR-C05413,2024-09-24,0,evaluation,0.2193124976405617,0.03568833887510463,LIVE
TR-004862,TR-C04762,2024-09-24,0,evaluation,0.1505467157689627,0.02608707722236156,LIVE
TR-005188,TR-C02693,2024-09-24,0,evaluation,0.750041921543708,0.3097151416730164,LIVE
TR-005358,TR-C02299,2024-09-24,0,evaluation,0.06336707659872708,0.017468332434363583,LIVE
TR-005764,TR-C05828,2024-09-24,0,evaluation,0.46147371964041106,0.10357594696559207,LIVE
TR-007795,TR-C01313,2024-09-24,1,evaluation,0.8999280312171455,0.4758223973245043,LIVE
TR-008098,TR-C05967,2024-09-24,0,evaluation,0.06560441569486287,0.017649782562026307,LIVE
TR-008158,TR-C03231,2024-09-24,0,evaluation,0.06696043791942441,0.017760656679793478,LIVE
TR-002260,TR-C03419,2024-09-25,0,evaluation,0.029496371468947624,0.014935288161761795,LIVE
TR-002512,TR-C03507,2024-09-25,0,evaluation,0.7003782551825923,0.26212805932283023,LIVE
TR-004036,TR-C02869,2024-09-25,0,evaluation,0.1264038630575514,0.023353324862058305,LIVE
TR-005904,TR-C00945,2024-09-25,0,evaluation,0.10833702971591791,0.021492510949547586,LIVE
TR-007094,TR-C03331,2024-09-25,0,evaluation,0.18913709890976224,0.031115017075760754,LIVE
TR-007620,TR-C01175,2024-09-25,0,evaluation,0.10106152236111132,0.020784819550470134,LIVE
TR-008502,TR-C03238,2024-09-25,0,evaluation,0.7903822706524702,0.3516492276577213,LIVE
TR-009656,TR-C04298,2024-09-25,0,evaluation,0.33785033338502046,0.06069357312715322,LIVE
TR-009698,TR-C04644,2024-09-25,0,evaluation,0.8247596842818827,0.3893184914179935,LIVE
TR-000412,TR-C05237,2024-09-26,0,evaluation,0.786648723796469,0.34765785404141986,LIVE
TR-000916,TR-C01531,2024-09-26,0,evaluation,0.07621194897131321,0.01853555873300046,LIVE
TR-004544,TR-C00317,2024-09-26,0,evaluation,0.014510403393916875,0.013933404796904117,LIVE
TR-004970,TR-C01045,2024-09-26,0,evaluation,0.05479802787375825,0.016790170741539157,LIVE
TR-004986,TR-C05086,2024-09-26,0,evaluation,0.034210440229572765,0.015264876591450068,LIVE
TR-005248,TR-C05212,2024-09-26,0,evaluation,0.34930425631750367,0.06383708849244515,LIVE
TR-006185,TR-C05938,2024-09-26,0,evaluation,0.8972317930874989,0.47266183540168205,LIVE
TR-006974,TR-C03657,2024-09-26,0,evaluation,0.015271724400239502,0.013982666415543042,LIVE
TR-008671,TR-C03120,2024-09-26,0,evaluation,0.29142979837968813,0.04938123369037107,LIVE
TR-000504,TR-C00955,2024-09-27,0,evaluation,0.02908471530927711,0.014906841785409776,LIVE
TR-001136,TR-C00993,2024-09-27,0,evaluation,0.08924639940309215,0.01968387299916043,LIVE
TR-001776,TR-C03470,2024-09-27,0,evaluation,0.12945024645767642,0.02368222177737834,LIVE
TR-002666,TR-C01216,2024-09-27,0,evaluation,0.019308903879634104,0.01424677704187825,LIVE
TR-007293,TR-C01905,2024-09-27,0,evaluation,0.6323352139223535,0.20508175621388292,LIVE
TR-007418,TR-C00801,2024-09-27,0,evaluation,0.2567810255043637,0.042272024432217496,LIVE
TR-007548,TR-C03370,2024-09-27,0,evaluation,0.05937413659894407,0.01714904372676831,LIVE
TR-008935,TR-C05030,2024-09-27,0,evaluation,0.044128561903475756,0.015981864818813914,LIVE
TR-008964,TR-C05516,2024-09-27,0,evaluation,0.03792190437062817,0.01552939591790063,LIVE
TR-000381,TR-C02096,2024-09-28,0,evaluation,0.21879234904019973,0.03560427686889213,LIVE
TR-002467,TR-C04803,2024-09-28,0,evaluation,0.07596363858779034,0.01851433349042997,LIVE
TR-004671,TR-C03404,2024-09-28,0,evaluation,0.4946608668541848,0.11898424709614785,LIVE
TR-004760,TR-C06084,2024-09-28,0,evaluation,0.0382065146691713,0.015549865599679628,LIVE
TR-005062,TR-C03412,2024-09-28,0,evaluation,0.11172466437271866,0.021830017831288916,LIVE
TR-006601,TR-C05951,2024-09-28,0,evaluation,0.0459686485006946,0.01611848346996516,LIVE
TR-008459,TR-C05456,2024-09-28,0,evaluation,0.4335355810214327,0.09200005719291865,LIVE
TR-008736,TR-C00360,2024-09-28,0,evaluation,0.0698287841291712,0.017997442860724768,LIVE
TR-008747,TR-C06020,2024-09-28,0,evaluation,0.5731898674421723,0.16343444667634474,LIVE
TR-000124,TR-C00503,2024-09-29,0,evaluation,0.066215041902785,0.017699625570198805,LIVE
TR-001169,TR-C05502,2024-09-29,0,evaluation,0.041585534164733075,0.015794929135062162,LIVE
TR-003749,TR-C04047,2024-09-29,0,evaluation,0.8300382052090731,0.3952344594907079,LIVE
TR-005380,TR-C01796,2024-09-29,0,evaluation,0.038629854463011176,0.015580362090146477,LIVE
TR-007538,TR-C00628,2024-09-29,0,evaluation,0.03680028400736984,0.015448984866374062,LIVE
TR-008680,TR-C03133,2024-09-29,0,evaluation,0.047138449911764836,0.016205932884253007,LIVE
TR-008750,TR-C00295,2024-09-29,0,evaluation,0.4238588719059734,0.08826959627329804,LIVE
TR-002082,TR-C04540,2024-09-30,0,evaluation,0.18029694312442718,0.02988621839179084,LIVE
TR-002270,TR-C02004,2024-09-30,0,evaluation,0.030804765216282615,0.015026056590755817,LIVE
TR-003040,TR-C01954,2024-09-30,0,evaluation,0.0753977659921608,0.018466052505973357,LIVE
TR-003674,TR-C02918,2024-09-30,0,evaluation,0.015654121963909702,0.01400747436035283,LIVE
TR-003724,TR-C06215,2024-09-30,0,evaluation,0.006050749623192711,0.013397403285670054,LIVE
TR-007492,TR-C05457,2024-09-30,0,evaluation,0.06286668108024678,0.017428001330634865,LIVE
TR-009263,TR-C00210,2024-09-30,0,evaluation,0.10629629546319791,0.021291663268162658,LIVE
TR-000661,TR-C00709,2024-10-01,0,evaluation,0.052836960925379414,0.016638646612370998,LIVE
TR-001386,TR-C06263,2024-10-01,0,evaluation,0.0476923950640083,0.016247506126263425,LIVE
TR-001998,TR-C00418,2024-10-01,0,evaluation,0.6763512910304649,0.24087358948633894,LIVE
TR-002134,TR-C04455,2024-10-01,0,evaluation,0.010784562527513438,0.013694779543566843,LIVE
TR-005325,TR-C01278,2024-10-01,0,evaluation,0.041447758718702855,0.015784863051953948,LIVE
TR-006463,TR-C04508,2024-10-01,0,evaluation,0.24413645786035185,0.03992975433735049,LIVE
TR-006997,TR-C06281,2024-10-01,0,evaluation,0.40203317528285154,0.0803531369288087,LIVE
TR-007948,TR-C05140,2024-10-01,0,evaluation,0.5313081296531985,0.1382629134843198,LIVE
TR-008998,TR-C05707,2024-10-01,0,evaluation,0.029016750792935822,0.014902150417735524,LIVE
TR-009348,TR-C01974,2024-10-01,0,evaluation,0.09752493056811957,0.02044910175234988,LIVE
TR-001323,TR-C00764,2024-10-02,0,evaluation,0.019686801886250504,0.014271749189197092,LIVE
TR-001500,TR-C03111,2024-10-02,0,evaluation,0.14662612446445433,0.025622851309608667,LIVE
TR-001808,TR-C04448,2024-10-02,0,evaluation,0.04055978062808166,0.01572013730489578,LIVE
TR-004260,TR-C02889,2024-10-02,0,evaluation,0.036211841395845504,0.015406962370897654,LIVE
TR-008110,TR-C06125,2024-10-02,0,evaluation,0.6350190345057621,0.2071463655418822,LIVE
TR-008611,TR-C06179,2024-10-02,0,evaluation,0.029090825381269787,0.01490726361489521,LIVE
TR-000403,TR-C00560,2024-10-03,0,evaluation,0.19409268266340687,0.03182510019019175,LIVE
TR-001267,TR-C02004,2024-10-03,0,evaluation,0.011686952472150368,0.013752201569222232,LIVE
TR-001383,TR-C04701,2024-10-03,0,evaluation,0.04774069827083552,0.01625113621999982,LIVE
TR-002004,TR-C01001,2024-10-03,0,evaluation,0.19992475021248202,0.03268085860379581,LIVE
TR-002090,TR-C05389,2024-10-03,0,evaluation,0.08741927002195547,0.01951879971722119,LIVE
TR-002414,TR-C02354,2024-10-03,0,evaluation,0.004823669466387407,0.013321363865785696,LIVE
TR-002676,TR-C04307,2024-10-03,0,evaluation,0.0377110365396724,0.015514247032355481,LIVE
TR-003190,TR-C05733,2024-10-03,0,evaluation,0.1406744216192306,0.02493346487587059,LIVE
TR-003625,TR-C02550,2024-10-03,0,evaluation,0.06899083337284741,0.017927950175679126,LIVE
TR-004887,TR-C06182,2024-10-03,1,evaluation,0.11599089504485748,0.022262436997670984,LIVE
TR-006650,TR-C03736,2024-10-03,0,evaluation,0.054604172527749975,0.0167751320701489,LIVE
TR-007999,TR-C04010,2024-10-03,0,evaluation,0.07678580421867616,0.018584702499875587,LIVE
TR-008944,TR-C04748,2024-10-03,0,evaluation,0.033754536656990373,0.015232691393530381,LIVE
TR-000073,TR-C03430,2024-10-04,0,evaluation,0.020136992758504196,0.014301554883582373,LIVE
TR-001859,TR-C05392,2024-10-04,0,evaluation,0.3216776705134801,0.056500991679124375,LIVE
TR-002042,TR-C04554,2024-10-04,0,evaluation,0.05812660774980444,0.017050467911787562,LIVE
TR-003959,TR-C05443,2024-10-04,0,evaluation,0.41977663264417303,0.08673721745118915,LIVE
TR-004383,TR-C04825,2024-10-04,0,evaluation,0.4524813633740433,0.09971596055121895,LIVE
TR-004834,TR-C01833,2024-10-04,0,evaluation,0.06035231346326904,0.017226727663741438,LIVE
TR-006138,TR-C01509,2024-10-04,0,evaluation,0.050170928108420255,0.016434806624407022,LIVE
TR-006394,TR-C03680,2024-10-04,0,evaluation,0.5097817075209399,0.12664035742299495,LIVE
TR-006704,TR-C06475,2024-10-04,0,evaluation,0.028540823804312034,0.014869339457082043,LIVE
TR-007709,TR-C04606,2024-10-04,0,evaluation,0.11246541536580981,0.021904505715719717,LIVE
TR-008021,TR-C00094,2024-10-04,0,evaluation,0.46962668730257867,0.10718925892577483,LIVE
TR-009920,TR-C02334,2024-10-04,0,evaluation,0.004142936136120703,0.013279364110237047,LIVE
TR-000793,TR-C02638,2024-10-05,0,evaluation,0.32527359153428576,0.05740899471652448,LIVE
TR-003505,TR-C02265,2024-10-05,0,evaluation,0.41105826931292944,0.08354492100904704,LIVE
TR-004003,TR-C00721,2024-10-05,0,evaluation,0.12192878946112809,0.022878253693521335,LIVE
TR-004250,TR-C02928,2024-10-05,0,evaluation,0.029241402510724587,0.014917662931899216,LIVE
TR-005776,TR-C04310,2024-10-05,0,evaluation,0.06665988304394686,0.017736023196484617,LIVE
TR-006359,TR-C05107,2024-10-05,0,evaluation,0.04277195909649943,0.01588187292165854,LIVE
TR-006403,TR-C05539,2024-10-05,0,evaluation,0.5517905394104377,0.15014064073812294,LIVE
TR-007185,TR-C05592,2024-10-05,0,evaluation,0.008529773554510392,0.013552331409238467,LIVE
TR-007225,TR-C00433,2024-10-05,0,evaluation,0.05279652341040352,0.016635536348077816,LIVE
TR-008490,TR-C06029,2024-10-05,1,evaluation,0.04449743931945197,0.016009160806865014,LIVE
TR-009739,TR-C05245,2024-10-05,0,evaluation,0.006237180379090141,0.013408993388534716,LIVE
TR-001151,TR-C01625,2024-10-06,0,evaluation,0.15070831784528407,0.0261063866977371,LIVE
TR-001535,TR-C02114,2024-10-06,0,evaluation,0.11694512327232877,0.022360295805928923,LIVE
TR-003460,TR-C00738,2024-10-06,0,evaluation,0.3335094060408522,0.05954048395113896,LIVE
TR-004301,TR-C02916,2024-10-06,0,evaluation,0.16941092537857683,0.028437558696007254,LIVE
TR-004643,TR-C04040,2024-10-06,0,evaluation,0.2487376057270393,0.040767310828411625,LIVE
TR-006002,TR-C00407,2024-10-06,0,evaluation,0.026190050788900934,0.014708315258575431,LIVE
TR-006647,TR-C06224,2024-10-06,0,evaluation,0.09584249825533096,0.02029126287151205,LIVE
TR-006713,TR-C02728,2024-10-06,0,evaluation,0.030610332084077416,0.015012533712825077,LIVE
TR-007755,TR-C01468,2024-10-06,0,evaluation,0.06563180053445059,0.017652014923329594,LIVE
TR-008407,TR-C03674,2024-10-06,0,evaluation,0.013873708017489815,0.013892338545305373,LIVE
TR-009036,TR-C02011,2024-10-06,0,evaluation,0.08934880679266906,0.019693165445032038,LIVE
TR-009309,TR-C02326,2024-10-06,0,evaluation,0.2654524216442754,0.0439536340852956,LIVE
TR-000668,TR-C01759,2024-10-07,0,evaluation,0.038555242750380164,0.015574982952731714,LIVE
TR-001175,TR-C04238,2024-10-07,1,evaluation,0.7725368015531843,0.33276732377921675,LIVE
TR-001686,TR-C03449,2024-10-07,0,evaluation,0.7729184322410213,0.33316580980024196,LIVE
TR-002609,TR-C05147,2024-10-07,0,evaluation,0.2094011958355342,0.03411897631211013,LIVE
TR-003264,TR-C05020,2024-10-07,0,evaluation,0.21007080475318723,0.03422287247724918,LIVE
TR-004368,TR-C00967,2024-10-07,0,evaluation,0.09216558593439791,0.01995045179311118,LIVE
TR-005466,TR-C02031,2024-10-07,0,evaluation,0.23373694319034505,0.038097063798005454,LIVE
TR-006189,TR-C06292,2024-10-07,0,evaluation,0.007694403621926331,0.013499928059640919,LIVE
TR-006479,TR-C05551,2024-10-07,0,evaluation,0.374242093166556,0.07121234635561416,LIVE
TR-007689,TR-C02051,2024-10-07,0,evaluation,0.07596051087768674,0.018514066290050056,LIVE
TR-008584,TR-C01412,2024-10-07,0,evaluation,0.15729687668201067,0.026905590039080704,LIVE
TR-008679,TR-C00226,2024-10-07,0,evaluation,0.2541542591353776,0.04177487746407118,LIVE
TR-008797,TR-C04402,2024-10-07,0,evaluation,0.5981319690818024,0.18010568577574812,LIVE
TR-000152,TR-C00439,2024-10-08,0,evaluation,0.04737215806307062,0.016223459762816386,LIVE
TR-003115,TR-C05490,2024-10-08,0,evaluation,0.1517690125094666,0.026233472459648993,LIVE
TR-004445,TR-C02266,2024-10-08,0,evaluation,0.09801533722508432,0.0204953355379178,LIVE
TR-005713,TR-C06320,2024-10-08,1,evaluation,0.3894696117553453,0.07609517550735434,LIVE
TR-005942,TR-C03424,2024-10-08,0,evaluation,0.022926904059193356,0.014487638708442148,LIVE
TR-006302,TR-C05822,2024-10-08,0,evaluation,0.11585871087022041,0.022248914181458097,LIVE
TR-006745,TR-C00117,2024-10-08,0,evaluation,0.0940379944973952,0.020123297782491653,LIVE
TR-007551,TR-C03194,2024-10-08,0,evaluation,0.25564196969006536,0.04205575378945658,LIVE
TR-007863,TR-C06381,2024-10-08,0,evaluation,0.6573466667785277,0.22491620577689378,LIVE
TR-000854,TR-C06466,2024-10-09,0,evaluation,0.5370477798193258,0.1415094548389045,LIVE
TR-003759,TR-C03761,2024-10-09,0,evaluation,0.04498717166774305,0.01604547062320211,LIVE
TR-006954,TR-C00437,2024-10-09,0,evaluation,0.31724928616211306,0.055401334544377685,LIVE
TR-007051,TR-C02194,2024-10-09,0,evaluation,0.6227685675988378,0.19784680088619444,LIVE
TR-008917,TR-C04306,2024-10-09,0,evaluation,0.5530627867024338,0.15090543906834886,LIVE
TR-009335,TR-C02163,2024-10-09,0,evaluation,0.04363846591593375,0.015945669779618577,LIVE
TR-000325,TR-C03651,2024-10-10,0,evaluation,0.04834111451788338,0.016296325473591396,LIVE
TR-000773,TR-C06000,2024-10-10,0,evaluation,0.07799719428211356,0.018688863521633705,LIVE
TR-001523,TR-C00331,2024-10-10,0,evaluation,0.6735066923808223,0.2384366932428003,LIVE
TR-006338,TR-C01416,2024-10-10,0,evaluation,0.030424151928454005,0.014999596064310191,LIVE
TR-007990,TR-C03641,2024-10-10,0,evaluation,0.5694559622873357,0.16104850933128512,LIVE
TR-008543,TR-C02856,2024-10-10,0,evaluation,0.40562292740515293,0.08160912737386168,LIVE
TR-009002,TR-C04410,2024-10-10,0,evaluation,0.037338594152571354,0.015487526046837114,LIVE
TR-009891,TR-C01099,2024-10-10,0,evaluation,0.062226571636611695,0.017376542816404307,LIVE
TR-000458,TR-C02747,2024-10-11,1,evaluation,0.5390648300107739,0.1426653938634742,LIVE
TR-000462,TR-C06483,2024-10-11,1,evaluation,0.40964435509451197,0.0830373769881651,LIVE
TR-000539,TR-C03437,2024-10-11,0,evaluation,0.2799257297812321,0.04690335195850285,LIVE
TR-001253,TR-C05148,2024-10-11,0,evaluation,0.49795971790088783,0.12061964198589581,LIVE
TR-001563,TR-C05978,2024-10-11,0,evaluation,0.052929945925617755,0.016645800751974586,LIVE
TR-002376,TR-C05463,2024-10-11,0,evaluation,0.03393815115813197,0.015245645891939113,LIVE
TR-002592,TR-C00007,2024-10-11,0,evaluation,0.15846552209821296,0.027049811899145137,LIVE
TR-003035,TR-C02485,2024-10-11,0,evaluation,0.7485032888217618,0.3081707832770805,LIVE
TR-003703,TR-C00038,2024-10-11,0,evaluation,0.06822506608474184,0.017864674198012926,LIVE
TR-004865,TR-C04569,2024-10-11,0,evaluation,0.3173693449768571,0.05543088010277597,LIVE
TR-005533,TR-C00328,2024-10-11,1,evaluation,0.10343931844259383,0.02101356310334584,LIVE
TR-006561,TR-C02881,2024-10-11,0,evaluation,0.4740801405266706,0.1092094839390937,LIVE
TR-006837,TR-C05794,2024-10-11,0,evaluation,0.028477180924965016,0.014864957239843985,LIVE
TR-007500,TR-C03290,2024-10-11,0,evaluation,0.02718742230816887,0.01477642275172001,LIVE
TR-007742,TR-C02007,2024-10-11,0,evaluation,0.3030271933799879,0.052004507610726246,LIVE
TR-008242,TR-C04711,2024-10-11,0,evaluation,0.30760601909892,0.05307606302945025,LIVE
TR-008658,TR-C03797,2024-10-11,0,evaluation,0.07387400098070782,0.018336656285936788,LIVE
TR-009108,TR-C06172,2024-10-11,0,evaluation,0.07099779165732856,0.018094832606575365,LIVE
TR-009784,TR-C03834,2024-10-11,0,evaluation,0.33456020074973686,0.0598177119513089,LIVE
TR-000487,TR-C02349,2024-10-12,0,evaluation,0.012323927340808631,0.013792877238757478,LIVE
TR-004025,TR-C03125,2024-10-12,0,evaluation,0.10940479669869896,0.021598337089822728,LIVE
TR-004507,TR-C03833,2024-10-12,0,evaluation,0.039307939855063284,0.015629332601379158,LIVE
TR-005721,TR-C03624,2024-10-12,0,evaluation,0.08766550899920884,0.019540966995493042,LIVE
TR-007142,TR-C00887,2024-10-12,1,evaluation,0.5242909905841345,0.13437898517409236,LIVE
TR-007245,TR-C00477,2024-10-12,0,evaluation,0.16493986749730735,0.027862522123262706,LIVE
TR-007579,TR-C01043,2024-10-12,0,evaluation,0.09638596585525484,0.020342117878236945,LIVE
TR-007956,TR-C03280,2024-10-12,0,evaluation,0.40019215379917894,0.07971586156909996,LIVE
TR-008251,TR-C00110,2024-10-12,0,evaluation,0.09280712843672136,0.020009509522281064,LIVE
TR-000108,TR-C01840,2024-10-13,0,evaluation,0.13142698775190065,0.023898050207779395,LIVE
TR-001109,TR-C05633,2024-10-13,0,evaluation,0.250353055070943,0.041065345136336695,LIVE
TR-001821,TR-C02515,2024-10-13,0,evaluation,0.6061260252741497,0.1857223093674213,LIVE
TR-002157,TR-C06302,2024-10-13,0,evaluation,0.14015371937943374,0.024874018833085283,LIVE
TR-002573,TR-C02208,2024-10-13,0,evaluation,0.15974604135624115,0.02720870299691013,LIVE
TR-002913,TR-C03594,2024-10-13,0,evaluation,0.06693184167327917,0.017758311485522076,LIVE
TR-003961,TR-C03139,2024-10-13,0,evaluation,0.5089002964396006,0.126182749694799,LIVE
TR-005801,TR-C03009,2024-10-13,0,evaluation,0.80039876181796,0.36245910408926163,LIVE
TR-006000,TR-C05582,2024-10-13,0,evaluation,0.008956552668024115,0.013579180944548117,LIVE
TR-006899,TR-C06289,2024-10-13,0,evaluation,0.0601166663738328,0.017207981709520807,LIVE
TR-008315,TR-C03212,2024-10-13,0,evaluation,0.08153859803536974,0.01899666507225018,LIVE
TR-009633,TR-C01364,2024-10-13,0,evaluation,0.0546224421177244,0.01677654880062899,LIVE
TR-000209,TR-C02632,2024-10-14,0,evaluation,0.6170943317044707,0.19364724612452508,LIVE
TR-000609,TR-C02748,2024-10-14,0,evaluation,0.6825861683760975,0.24627407479563534,LIVE
TR-000801,TR-C00414,2024-10-14,0,evaluation,0.6348664390285627,0.20702856633719452,LIVE
TR-001104,TR-C02901,2024-10-14,0,evaluation,0.038958765181539026,0.01560409673854175,LIVE
TR-001622,TR-C03687,2024-10-14,0,evaluation,0.6464876369898407,0.21614150295882537,LIVE
TR-004974,TR-C00753,2024-10-14,0,evaluation,0.026922217732823977,0.014758282470843454,LIVE
TR-005671,TR-C01264,2024-10-14,0,evaluation,0.16546617126167815,0.027929620749211428,LIVE
TR-006756,TR-C03081,2024-10-14,0,evaluation,0.43877273858912935,0.09407761841707364,LIVE
TR-007718,TR-C04577,2024-10-14,0,evaluation,0.04859409081882422,0.01631540226334034,LIVE
TR-007760,TR-C02922,2024-10-14,0,evaluation,0.08145000601249987,0.01898890479792821,LIVE
TR-000444,TR-C04023,2024-10-15,1,evaluation,0.5042871369467182,0.1238107369991637,LIVE
TR-001337,TR-C05943,2024-10-15,0,evaluation,0.06518221043804581,0.017615400240298434,LIVE
TR-001526,TR-C02073,2024-10-15,0,evaluation,0.1027955785209947,0.020951393372541576,LIVE
TR-002284,TR-C02672,2024-10-15,0,evaluation,0.7648104269243599,0.32475169304972346,LIVE
TR-002843,TR-C02968,2024-10-15,0,evaluation,0.4755647009317211,0.10989031569972603,LIVE
TR-003279,TR-C01293,2024-10-15,0,evaluation,0.20501320513571655,0.03344563127345375,LIVE
TR-003636,TR-C01708,2024-10-15,0,evaluation,0.4109188059562448,0.0834947336465617,LIVE
TR-007714,TR-C01496,2024-10-15,0,evaluation,0.3116511579881285,0.054040031133204915,LIVE
TR-008706,TR-C03428,2024-10-15,0,evaluation,0.23323279180226233,0.03801030172398842,LIVE
TR-009018,TR-C03232,2024-10-15,0,evaluation,0.026307692148879902,0.014716332518483857,LIVE
TR-002440,TR-C02817,2024-10-16,0,evaluation,0.040938218997883746,0.015747690118134743,LIVE
TR-004441,TR-C06295,2024-10-16,0,evaluation,0.019412958212342634,0.014253648830867823,LIVE
TR-006032,TR-C05370,2024-10-16,0,evaluation,0.09498580913129473,0.02021135086087951,LIVE
TR-006223,TR-C05361,2024-10-16,0,evaluation,0.2974016534042375,0.05071598328586925,LIVE
TR-007874,TR-C04126,2024-10-16,0,evaluation,0.03010239337482952,0.01497726296007415,LIVE
TR-009456,TR-C01300,2024-10-16,0,evaluation,0.011407164179576981,0.013734372376703947,LIVE
TR-000923,TR-C01167,2024-10-17,0,evaluation,0.14449443486442498,0.02537382988539151,LIVE
TR-001748,TR-C02918,2024-10-17,1,evaluation,0.0082939018861854,0.01353751471904423,LIVE
TR-002506,TR-C03162,2024-10-17,0,evaluation,0.021723186572640794,0.014407061337335275,LIVE
TR-005998,TR-C01843,2024-10-17,0,evaluation,0.12252312896712723,0.02294080074623643,LIVE
TR-009228,TR-C00722,2024-10-17,0,evaluation,0.020173080749235132,0.01430394680786964,LIVE
TR-001470,TR-C05527,2024-10-18,0,evaluation,0.04530813288379982,0.01606931131410777,LIVE
TR-001975,TR-C04751,2024-10-18,0,evaluation,0.027812678720913295,0.01481927794385338,LIVE
TR-003045,TR-C04722,2024-10-18,0,evaluation,0.7530868506943215,0.3127839288507552,LIVE
TR-003325,TR-C01519,2024-10-18,1,evaluation,0.5396687932787129,0.14301304344335614,LIVE
TR-004816,TR-C04804,2024-10-18,0,evaluation,0.5353724514937306,0.140555306845501,LIVE
TR-005873,TR-C04418,2024-10-18,0,evaluation,0.19201156473069225,0.03152500872405573,LIVE
TR-005976,TR-C06484,2024-10-18,0,evaluation,0.16136518069555408,0.027410910407395482,LIVE
TR-007625,TR-C01242,2024-10-18,0,evaluation,0.5420386485551902,0.14438398701049535,LIVE
TR-000687,TR-C02421,2024-10-19,0,evaluation,0.22860443887867463,0.03722260536123969,LIVE
TR-002753,TR-C00889,2024-10-19,0,evaluation,0.02874198170128317,0.014883198826562992,LIVE
TR-003285,TR-C02195,2024-10-19,0,evaluation,0.09616993676006116,0.020321888016902726,LIVE
TR-003410,TR-C03529,2024-10-19,0,evaluation,0.08135494901056242,0.018980581677002457,LIVE
TR-003747,TR-C04819,2024-10-19,0,evaluation,0.1874729812119928,0.030880023777872082,LIVE
TR-005328,TR-C01526,2024-10-19,0,evaluation,0.4287642840456782,0.09014329054258988,LIVE
TR-006737,TR-C03371,2024-10-19,0,evaluation,0.04507013452563134,0.016051629688124014,LIVE
TR-008044,TR-C05826,2024-10-19,0,evaluation,0.12253501267301597,0.022942053063969386,LIVE
TR-008980,TR-C00344,2024-10-19,0,evaluation,0.016872366845575273,0.014086797336848852,LIVE
TR-009068,TR-C05509,2024-10-19,0,evaluation,0.16841761054681417,0.028308818122972517,LIVE
TR-009948,TR-C01627,2024-10-19,1,evaluation,0.4547721454614336,0.10068696601075632,LIVE
TR-002183,TR-C02577,2024-10-20,0,evaluation,0.02109114772747483,0.014364929358682893,LIVE
TR-002549,TR-C05347,2024-10-20,1,evaluation,0.5991175085423013,0.18079089677992402,LIVE
TR-003320,TR-C01200,2024-10-20,0,evaluation,0.34995906726417814,0.06402131207700316,LIVE
TR-003553,TR-C02595,2024-10-20,0,evaluation,0.7559691140235177,0.31570397348661755,LIVE
TR-004009,TR-C01568,2024-10-20,0,evaluation,0.0790146339054491,0.01877679007748293,LIVE
TR-007728,TR-C00743,2024-10-20,0,evaluation,0.047552714292513384,0.016237013291535745,LIVE
TR-008105,TR-C05802,2024-10-20,1,evaluation,0.4473348737386105,0.09756481379849048,LIVE
TR-008235,TR-C04546,2024-10-20,0,evaluation,0.04748136431517059,0.01623165604539585,LIVE
TR-009766,TR-C00737,2024-10-20,0,evaluation,0.18245502450470635,0.030181785253502905,LIVE
TR-009897,TR-C06467,2024-10-20,0,evaluation,0.13449970951986684,0.02423735669900642,LIVE
TR-000022,TR-C05337,2024-10-21,0,evaluation,0.2556977587245394,0.042066321679196515,LIVE
TR-001841,TR-C02335,2024-10-21,0,evaluation,0.13467385603787993,0.02425672693982762,LIVE
TR-003756,TR-C00379,2024-10-21,0,evaluation,0.029166974609610166,0.014912521820791379,LIVE
TR-004843,TR-C04032,2024-10-21,0,evaluation,0.015899891021726086,0.01402344146476867,LIVE
TR-005152,TR-C00484,2024-10-21,0,evaluation,0.1169160759262491,0.022357310724955757,LIVE
TR-007159,TR-C05573,2024-10-21,0,evaluation,0.3251772219328265,0.05738448276886281,LIVE
TR-007590,TR-C01476,2024-10-21,0,evaluation,0.0226402469174061,0.014468409565765119,LIVE
TR-007922,TR-C02120,2024-10-21,0,evaluation,0.1511834681183672,0.026163241962381775,LIVE
TR-008041,TR-C05717,2024-10-21,0,evaluation,0.7384399642799262,0.2981765506796305,LIVE
TR-008081,TR-C04276,2024-10-21,0,evaluation,0.017137724670008816,0.014104134089245818,LIVE
TR-008391,TR-C01174,2024-10-21,0,evaluation,0.07656732627080093,0.018565977452790247,LIVE
TR-008879,TR-C04913,2024-10-21,0,evaluation,0.08507664674836313,0.01930913760810227,LIVE
TR-009385,TR-C01526,2024-10-21,0,evaluation,0.6797957879863515,0.24384708578768052,LIVE
TR-009423,TR-C03335,2024-10-21,0,evaluation,0.2941902099765764,0.04999401404633814,LIVE
TR-009487,TR-C02153,2024-10-21,0,evaluation,0.3979801416852134,0.07895627398939822,LIVE
TR-009508,TR-C05443,2024-10-21,0,evaluation,0.025759838617025767,0.014679032914795526,LIVE
TR-001310,TR-C04253,2024-10-22,0,evaluation,0.4314912508573307,0.09120032688464447,LIVE
TR-003361,TR-C02986,2024-10-22,0,evaluation,0.016182836169419533,0.014041846041528337,LIVE
TR-004344,TR-C02657,2024-10-22,0,evaluation,0.03137783000151215,0.015065983220430667,LIVE
TR-005972,TR-C03205,2024-10-22,0,evaluation,0.006853763730406145,0.013447395883292372,LIVE
TR-006141,TR-C03041,2024-10-22,0,evaluation,0.021040705340652482,0.014361572084083205,LIVE
TR-008850,TR-C02001,2024-10-22,0,evaluation,0.30524470136961146,0.05252088024919489,LIVE
TR-008941,TR-C04139,2024-10-22,0,evaluation,0.014978992278798467,0.013963704767704027,LIVE
TR-009341,TR-C03150,2024-10-22,0,evaluation,0.012925937431149186,0.013831429169656703,LIVE
TR-001696,TR-C05617,2024-10-23,0,evaluation,0.042440303305731224,0.015857521161902217,LIVE
TR-003965,TR-C04566,2024-10-23,0,evaluation,0.00672237374939606,0.013439203471456622,LIVE
TR-004580,TR-C00229,2024-10-23,0,evaluation,0.04841192027733208,0.01630166268134351,LIVE
TR-004853,TR-C05521,2024-10-23,0,evaluation,0.09883623094799611,0.020572955597970052,LIVE
TR-004891,TR-C04500,2024-10-23,0,evaluation,0.4096668347234509,0.08304542437986628,LIVE
TR-007793,TR-C06092,2024-10-23,0,evaluation,0.42849067249257844,0.09003784372345347,LIVE
TR-009422,TR-C01977,2024-10-23,0,evaluation,0.031251686584721196,0.015057185585753675,LIVE
TR-001758,TR-C05830,2024-10-24,0,evaluation,0.39929070968792013,0.07940551025632607,LIVE
TR-002141,TR-C03039,2024-10-24,0,evaluation,0.012289840455499195,0.013790697531872889,LIVE
TR-002355,TR-C02130,2024-10-24,0,evaluation,0.007499334004183766,0.013487720016256909,LIVE
TR-003356,TR-C03437,2024-10-24,0,evaluation,0.08890737000814102,0.019653140122227932,LIVE
TR-003901,TR-C01092,2024-10-24,0,evaluation,0.13269721398184392,0.0240377499395297,LIVE
TR-005526,TR-C05795,2024-10-24,0,evaluation,0.31158903435898133,0.054025102838132034,LIVE
TR-006003,TR-C01423,2024-10-24,0,evaluation,0.04248743864352367,0.015860979823761393,LIVE
TR-008177,TR-C02811,2024-10-24,0,evaluation,0.06382640112455706,0.01750543396704144,LIVE
TR-001514,TR-C01231,2024-10-25,0,evaluation,0.01854892214016131,0.01419668646347314,LIVE
TR-003536,TR-C02125,2024-10-25,1,evaluation,0.6856099530727439,0.2489223711560956,LIVE
TR-004618,TR-C00764,2024-10-25,0,evaluation,0.033288619485687176,0.015199868300220586,LIVE
TR-004982,TR-C02423,2024-10-25,0,evaluation,0.061381421846755845,0.017308829636017226,LIVE
TR-005338,TR-C06404,2024-10-25,0,evaluation,0.05521799349095123,0.01682279578241626,LIVE
TR-005373,TR-C01496,2024-10-25,0,evaluation,0.01769775813922054,0.014140792089594111,LIVE
TR-005471,TR-C02769,2024-10-25,0,evaluation,0.7762296560702826,0.33663325040875963,LIVE
TR-007969,TR-C01351,2024-10-25,0,evaluation,0.0393992638219403,0.015635939471871838,LIVE
TR-008446,TR-C05239,2024-10-25,0,evaluation,0.523698735085851,0.134055430500584,LIVE
TR-008867,TR-C00587,2024-10-25,0,evaluation,0.09796074251600011,0.02049018348568608,LIVE
TR-010000,TR-C03283,2024-10-25,0,evaluation,0.08775692780048011,0.019549203108896736,LIVE
TR-005447,TR-C02422,2024-10-26,0,evaluation,0.44599849621537424,0.0970130389497299,LIVE
TR-007724,TR-C06294,2024-10-26,0,evaluation,0.042865221146330346,0.015888727294156513,LIVE
TR-008897,TR-C00412,2024-10-26,0,evaluation,0.10058686194775814,0.02073944998108899,LIVE
TR-009940,TR-C06262,2024-10-26,0,evaluation,0.058332048994107676,0.017066662852443158,LIVE
TR-000471,TR-C04639,2024-10-27,0,evaluation,0.08579232945200373,0.019372955096477525,LIVE
TR-000514,TR-C01700,2024-10-27,0,evaluation,0.07500323999541171,0.018432464147106586,LIVE
TR-001594,TR-C01784,2024-10-27,0,evaluation,0.016681387082132543,0.014074332963576268,LIVE
TR-002283,TR-C06150,2024-10-27,0,evaluation,0.18622499137164833,0.03070492106912157,LIVE
TR-002542,TR-C00984,2024-10-27,0,evaluation,0.02680146172957992,0.014750029898949015,LIVE
TR-003046,TR-C05632,2024-10-27,0,evaluation,0.4381220636314677,0.09381722876356348,LIVE
TR-003583,TR-C06185,2024-10-27,0,evaluation,0.02550270148674205,0.014661558332942292,LIVE
TR-003998,TR-C05502,2024-10-27,0,evaluation,0.16051936245825846,0.02730509825255954,LIVE
TR-005838,TR-C00034,2024-10-27,0,evaluation,0.21646337548905367,0.035230220902412825,LIVE
TR-007222,TR-C03393,2024-10-27,0,evaluation,0.0414175302724488,0.015782655360342658,LIVE
TR-009127,TR-C03980,2024-10-27,1,evaluation,0.8746048561141547,0.44624882689141515,LIVE
TR-000045,TR-C05093,2024-10-28,0,evaluation,0.8427209775705639,0.40957183415239085,LIVE
TR-000830,TR-C01606,2024-10-28,0,evaluation,0.1596878919096338,0.027201467996177887,LIVE
TR-001155,TR-C02111,2024-10-28,1,evaluation,0.23418924319926254,0.03817506433094385,LIVE
TR-004826,TR-C01960,2024-10-28,0,evaluation,0.1344388731976366,0.024230593457319972,LIVE
TR-005752,TR-C02780,2024-10-28,0,evaluation,0.14710768630339396,0.025679435448346513,LIVE
TR-006042,TR-C05739,2024-10-28,0,evaluation,0.17159664377193093,0.028722847397821594,LIVE
TR-007348,TR-C03913,2024-10-28,0,evaluation,0.029212924366798745,0.014915695596499447,LIVE
TR-009353,TR-C02977,2024-10-28,0,evaluation,0.1438345538413195,0.025297222262095072,LIVE
TR-009867,TR-C02409,2024-10-28,0,evaluation,0.04368069218099896,0.015948785136863833,LIVE
TR-006260,TR-C05550,2024-10-29,0,evaluation,0.040971249787324776,0.01575009723139046,LIVE
TR-006316,TR-C03160,2024-10-29,0,evaluation,0.12836906951828322,0.023564980406898632,LIVE
TR-008505,TR-C01317,2024-10-29,0,evaluation,0.09128515699229746,0.01986968106949097,LIVE
TR-008535,TR-C04923,2024-10-29,0,evaluation,0.05543545883308388,0.01683971406160041,LIVE
TR-008645,TR-C03516,2024-10-29,0,evaluation,0.0805510017272616,0.01891033158074871,LIVE
TR-009935,TR-C00520,2024-10-29,0,evaluation,0.04449413171224101,0.016008915848715284,LIVE
TR-000441,TR-C01816,2024-10-30,0,evaluation,0.2338506386542589,0.03811665651799225,LIVE
TR-001747,TR-C04471,2024-10-30,0,evaluation,0.10830312483794012,0.02148915896520938,LIVE
TR-001817,TR-C04341,2024-10-30,0,evaluation,0.03229314827162249,0.015129972159336293,LIVE
TR-002865,TR-C00727,2024-10-30,0,evaluation,0.519450400662278,0.1317537884623475,LIVE
TR-003525,TR-C00885,2024-10-30,0,evaluation,0.06489185119008657,0.01759179299133217,LIVE
TR-005697,TR-C02718,2024-10-30,0,evaluation,0.04302740193453384,0.015900653839082835,LIVE
TR-007966,TR-C01902,2024-10-30,1,evaluation,0.8315188047892789,0.39689946678987087,LIVE
TR-008195,TR-C03128,2024-10-30,0,evaluation,0.1156484603651244,0.02222742149476807,LIVE
TR-009980,TR-C02361,2024-10-30,0,evaluation,0.4588419952005951,0.1024327949162229,LIVE
TR-000997,TR-C01810,2024-10-31,0,evaluation,0.22214694126719114,0.03614978623275683,LIVE
TR-001201,TR-C03067,2024-10-31,0,evaluation,0.04905769152701516,0.01635041912860639,LIVE
TR-004014,TR-C04744,2024-10-31,0,evaluation,0.35898720374579757,0.06661224199116209,LIVE
TR-004815,TR-C03312,2024-10-31,0,evaluation,0.7270161896052527,0.28706058472022195,LIVE
TR-005175,TR-C02142,2024-10-31,1,evaluation,0.6330346111901577,0.2056183133686492,LIVE
TR-005678,TR-C04804,2024-10-31,0,evaluation,0.31403184547202756,0.054615048476043614,LIVE
TR-006371,TR-C05410,2024-10-31,0,evaluation,0.061362703662115416,0.017307332877817824,LIVE
TR-006521,TR-C04874,2024-10-31,0,evaluation,0.7377645089057329,0.2975124391542806,LIVE
TR-007257,TR-C03898,2024-10-31,0,evaluation,0.15826691019951972,0.027025248416102852,LIVE
TR-008270,TR-C01187,2024-10-31,0,evaluation,0.15120585278723842,0.026165923424469467,LIVE
TR-009414,TR-C04442,2024-10-31,0,evaluation,0.011614552390616352,0.013747585768367926,LIVE
TR-001674,TR-C03083,2024-11-01,0,evaluation,0.6646333504272748,0.23094443941551868,LIVE
TR-005033,TR-C06097,2024-11-01,0,evaluation,0.02464220489929572,0.014603229423219094,LIVE
TR-007425,TR-C06017,2024-11-01,1,evaluation,0.7424293590861483,0.3021162607569969,LIVE
TR-008154,TR-C04605,2024-11-01,0,evaluation,0.10720788704576704,0.02138115358393436,LIVE
TR-008961,TR-C05491,2024-11-01,0,evaluation,0.25344955748476733,0.0416424584261631,LIVE
TR-000820,TR-C02008,2024-11-02,0,evaluation,0.2118209550226077,0.034495867964319936,LIVE
TR-001409,TR-C06019,2024-11-02,0,evaluation,0.038968746436603315,0.015604817555617876,LIVE
TR-002149,TR-C03621,2024-11-02,0,evaluation,0.0657535889763336,0.017661946250179146,LIVE
TR-003192,TR-C00657,2024-11-02,0,evaluation,0.020605429487946827,0.014332633701447666,LIVE
TR-004403,TR-C02896,2024-11-02,0,evaluation,0.09026536899300794,0.01977652592733755,LIVE
TR-008239,TR-C04977,2024-11-02,0,evaluation,0.11120857310690463,0.021778267545355886,LIVE
TR-000184,TR-C02442,2024-11-03,0,evaluation,0.33331916253675564,0.05949042141726765,LIVE
TR-002741,TR-C01765,2024-11-03,0,evaluation,0.10825337422536027,0.021484241327888825,LIVE
TR-003801,TR-C03705,2024-11-03,0,evaluation,0.14533947446112705,0.025472263145494417,LIVE
TR-005009,TR-C05544,2024-11-03,0,evaluation,0.6303891538306448,0.20359426613754494,LIVE
TR-005133,TR-C05008,2024-11-03,0,evaluation,0.061119277056872694,0.017287879383397337,LIVE
TR-005583,TR-C02677,2024-11-03,0,evaluation,0.057665437778373796,0.017014168843793285,LIVE
TR-006653,TR-C00489,2024-11-03,0,evaluation,0.3158113267517715,0.05504861399021687,LIVE
TR-007528,TR-C03693,2024-11-03,0,evaluation,0.08593464619002229,0.019385670114912438,LIVE
TR-007847,TR-C00377,2024-11-03,0,evaluation,0.08787971760797801,0.019560270856532044,LIVE
TR-008134,TR-C05102,2024-11-03,0,evaluation,0.07300278919044881,0.018263074297058004,LIVE
TR-008578,TR-C04279,2024-11-03,0,evaluation,0.040984163864124,0.015751038441021086,LIVE
TR-009339,TR-C06114,2024-11-03,0,evaluation,0.20990678183785688,0.03419739458302776,LIVE
TR-001573,TR-C04550,2024-11-04,0,evaluation,0.11306636789397166,0.021965118359058452,LIVE
TR-005454,TR-C00655,2024-11-04,0,evaluation,0.2718996450783591,0.04524508975861607,LIVE
TR-005495,TR-C01844,2024-11-04,0,evaluation,0.1563825735485735,0.02679327798353026,LIVE
TR-005616,TR-C04481,2024-11-04,0,evaluation,0.503698063659711,0.12351061718372007,LIVE
TR-006335,TR-C00719,2024-11-04,0,evaluation,0.16191533784858933,0.02747994903737839,LIVE
TR-007505,TR-C05729,2024-11-04,0,evaluation,0.07936699037920021,0.018807335017211924,LIVE
TR-001403,TR-C01428,2024-11-05,1,evaluation,0.5013875220942097,0.12233947507904434,LIVE
TR-002441,TR-C00805,2024-11-05,0,evaluation,0.677273692841372,0.24166742889517012,LIVE
TR-004743,TR-C00254,2024-11-05,0,evaluation,0.026414482211978185,0.01472361398980826,LIVE
TR-007179,TR-C02599,2024-11-05,0,evaluation,0.02193059173463497,0.014420913570989503,LIVE
TR-007446,TR-C00212,2024-11-05,0,evaluation,0.3680969929848787,0.06932502617591503,LIVE
TR-008713,TR-C03156,2024-11-05,0,evaluation,0.06147024675284904,0.01731593405664666,LIVE
TR-001900,TR-C01109,2024-11-06,0,evaluation,0.603318848303885,0.18373473152019765,LIVE
TR-002107,TR-C02331,2024-11-06,0,evaluation,0.894458068709378,0.4694127307149098,LIVE
TR-002227,TR-C05324,2024-11-06,0,evaluation,0.01843860048784032,0.014189429579023225,LIVE
TR-002813,TR-C03880,2024-11-06,0,evaluation,0.016913919251165924,0.014089510712698356,LIVE
TR-003863,TR-C06119,2024-11-06,1,evaluation,0.3718955799345868,0.07048613594400661,LIVE
TR-006815,TR-C05055,2024-11-06,0,evaluation,0.226543296685329,0.036876892411270915,LIVE
TR-007343,TR-C03526,2024-11-06,0,evaluation,0.057051480888123035,0.016965961616427192,LIVE
TR-009010,TR-C02016,2024-11-06,0,evaluation,0.5732544982899606,0.16347599461191425,LIVE
TR-009314,TR-C00839,2024-11-06,0,evaluation,0.041926642045694476,0.01581987817919337,LIVE
TR-003048,TR-C02153,2024-11-07,0,evaluation,0.10257800615118462,0.020930421861584357,LIVE
TR-003582,TR-C02146,2024-11-07,0,evaluation,0.06061492678099465,0.01724764244674447,LIVE
TR-004103,TR-C03833,2024-11-07,0,evaluation,0.03327147955691064,0.015198662149503644,LIVE
TR-004670,TR-C02564,2024-11-07,0,evaluation,0.019167883561554463,0.014237469215448472,LIVE
TR-005393,TR-C01212,2024-11-07,0,evaluation,0.04747346890050454,0.016231063332427607,LIVE
TR-005464,TR-C00855,2024-11-07,0,evaluation,0.7454185187371932,0.3050874487601603,LIVE
TR-005643,TR-C05088,2024-11-07,0,evaluation,0.5001367402594925,0.12170948791265694,LIVE
TR-005790,TR-C00143,2024-11-07,0,evaluation,0.17470409336510803,0.029133230087458113,LIVE
TR-008792,TR-C02035,2024-11-07,0,evaluation,0.21723326579112262,0.035353451979400076,LIVE
TR-000120,TR-C04580,2024-11-08,0,evaluation,0.5640548270454424,0.15764712918879664,LIVE
TR-001454,TR-C02261,2024-11-08,0,evaluation,0.06824164774845273,0.017866042029094087,LIVE
TR-002058,TR-C03621,2024-11-08,0,evaluation,0.027908904135856862,0.01482588411280815,LIVE
TR-003088,TR-C02713,2024-11-08,0,evaluation,0.4409229239528818,0.09494269954465644,LIVE
TR-006157,TR-C04374,2024-11-08,0,evaluation,0.7947232124352491,0.35631611166843885,LIVE
TR-008102,TR-C05065,2024-11-08,0,evaluation,0.04264339997613863,0.01587242913038159,LIVE
TR-008317,TR-C04279,2024-11-08,0,evaluation,0.015384402143859133,0.013989971851122794,LIVE
TR-008828,TR-C03568,2024-11-08,0,evaluation,0.615723269388915,0.19264272992062778,LIVE
TR-009066,TR-C03205,2024-11-08,0,evaluation,0.023398894795429226,0.014519355023734342,LIVE
TR-009086,TR-C01539,2024-11-08,0,evaluation,0.048128167925737535,0.016280284305354914,LIVE
TR-000733,TR-C05060,2024-11-09,0,evaluation,0.10007606638950808,0.02069073478431395,LIVE
TR-000911,TR-C04329,2024-11-09,1,evaluation,0.029144250598530198,0.014910952506297268,LIVE
TR-001279,TR-C06319,2024-11-09,0,evaluation,0.05004991134265772,0.016425612393158213,LIVE
TR-001473,TR-C01638,2024-11-09,1,evaluation,0.11247174074216854,0.021905142846916713,LIVE
TR-001561,TR-C05789,2024-11-09,0,evaluation,0.023183970267294213,0.014504904287007002,LIVE
TR-003299,TR-C01684,2024-11-09,0,evaluation,0.2980621890403935,0.05086569813789269,LIVE
TR-006168,TR-C00658,2024-11-09,0,evaluation,0.03433363511404397,0.015273585203475585,LIVE
TR-006252,TR-C01680,2024-11-09,0,evaluation,0.1749832297949959,0.029170371189558952,LIVE
TR-006345,TR-C02425,2024-11-09,0,evaluation,0.7297944731606816,0.2897411585956027,LIVE
TR-006625,TR-C00684,2024-11-09,1,evaluation,0.7593397089299513,0.31913728567888944,LIVE
TR-006767,TR-C01986,2024-11-09,0,evaluation,0.4455214999024686,0.09681676812829366,LIVE
TR-007062,TR-C03577,2024-11-09,0,evaluation,0.24261138567475307,0.03965579911969181,LIVE
TR-007539,TR-C00616,2024-11-09,0,evaluation,0.04938828085358375,0.01637543445824238,LIVE
TR-007719,TR-C04425,2024-11-09,0,evaluation,0.11028438488412294,0.021685895505043358,LIVE
TR-008426,TR-C05033,2024-11-09,0,evaluation,0.4287104770858957,0.09012254516015787,LIVE
TR-008483,TR-C03669,2024-11-09,0,evaluation,0.1366642997254946,0.02447919815807947,LIVE
TR-009046,TR-C06116,2024-11-09,0,evaluation,0.040988001443850106,0.01575131814392243,LIVE
TR-009807,TR-C01164,2024-11-09,1,evaluation,0.8242901400622885,0.38879379072757525,LIVE
TR-001158,TR-C04099,2024-11-10,0,evaluation,0.04255519573830816,0.015865952953957815,LIVE
TR-002060,TR-C04377,2024-11-10,0,evaluation,0.8497238366796389,0.4175563703409467,LIVE
TR-002805,TR-C00996,2024-11-10,0,evaluation,0.7301658482044845,0.29010059372135255,LIVE
TR-004311,TR-C04937,2024-11-10,0,evaluation,0.021136857517135323,0.014367972315568975,LIVE
TR-004474,TR-C02364,2024-11-10,0,evaluation,0.0333646240422487,0.015205217938239148,LIVE
TR-006865,TR-C02180,2024-11-10,0,evaluation,0.11863671900997143,0.022534807728307668,LIVE
TR-007342,TR-C02915,2024-11-10,0,evaluation,0.6331394046283724,0.2056987973955444,LIVE
TR-009057,TR-C01031,2024-11-10,0,evaluation,0.02531707985830891,0.014648956555166154,LIVE
TR-001163,TR-C02493,2024-11-11,1,evaluation,0.1305527202081334,0.023802358574032196,LIVE
TR-001750,TR-C01222,2024-11-11,0,evaluation,0.6183720078364715,0.19458692054545856,LIVE
TR-003435,TR-C01857,2024-11-11,1,evaluation,0.8833037578370991,0.4563756413764929,LIVE
TR-003511,TR-C02662,2024-11-11,0,evaluation,0.15221163495962067,0.02628668253598086,LIVE
TR-004443,TR-C06355,2024-11-11,0,evaluation,0.04833624694225726,0.016295958627840355,LIVE
TR-005619,TR-C05950,2024-11-11,1,evaluation,0.013585659751439641,0.01387379893076872,LIVE
TR-006464,TR-C01732,2024-11-11,0,evaluation,0.04672655189414788,0.016175088029424262,LIVE
TR-006695,TR-C05927,2024-11-11,0,evaluation,0.7399694298898496,0.2996834752948273,LIVE
TR-007310,TR-C03174,2024-11-11,0,evaluation,0.31242515803744797,0.054226349556951665,LIVE
TR-009383,TR-C04536,2024-11-11,0,evaluation,0.328239924426792,0.05816831767675784,LIVE
TR-000768,TR-C00553,2024-11-12,0,evaluation,0.39824201490225913,0.07904585268112496,LIVE
TR-001599,TR-C00482,2024-11-12,0,evaluation,0.02808709482063204,0.014838125108025403,LIVE
TR-002216,TR-C04971,2024-11-12,0,evaluation,0.12561848322399358,0.023269258278466817,LIVE
TR-002245,TR-C01446,2024-11-12,0,evaluation,0.4883679254994119,0.11591770496063565,LIVE
TR-002735,TR-C03261,2024-11-12,0,evaluation,0.2502460970365135,0.0410455481404721,LIVE
TR-004585,TR-C02432,2024-11-12,0,evaluation,0.00982963915708457,0.013634272121431881,LIVE
TR-004903,TR-C04532,2024-11-12,0,evaluation,0.5769255090852795,0.16584987340836366,LIVE
TR-005231,TR-C04202,2024-11-12,0,evaluation,0.025136088409193107,0.014636679393025617,LIVE
TR-006208,TR-C04288,2024-11-12,0,evaluation,0.299418094382651,0.05117433469821757,LIVE
TR-006884,TR-C05982,2024-11-12,0,evaluation,0.010495476622224073,0.013676434113696737,LIVE
TR-006932,TR-C05623,2024-11-12,0,evaluation,0.04830769603801448,0.01629380704709652,LIVE
TR-007029,TR-C03147,2024-11-12,0,evaluation,0.4867760557918054,0.11515294875356155,LIVE
TR-007050,TR-C02001,2024-11-12,0,evaluation,0.6824809057446638,0.24618222600445044,LIVE
TR-007153,TR-C03454,2024-11-12,0,evaluation,0.020370907323166845,0.014317065826118188,LIVE
TR-008033,TR-C01869,2024-11-12,0,evaluation,0.3902691422973485,0.07635986278704236,LIVE
TR-009557,TR-C00042,2024-11-12,0,evaluation,0.07999445889102795,0.018861849475269553,LIVE
TR-009754,TR-C06283,2024-11-12,0,evaluation,0.008615213348496298,0.0135577024039916,LIVE
TR-000175,TR-C01402,2024-11-13,0,evaluation,0.6688789262665777,0.23450852011137338,LIVE
TR-003029,TR-C00054,2024-11-13,0,evaluation,0.2721401435257045,0.045293957307438744,LIVE
TR-003338,TR-C04880,2024-11-13,0,evaluation,0.00512447038261332,0.01333996434405516,LIVE
TR-004919,TR-C05441,2024-11-13,1,evaluation,0.7526392414287345,0.31233177400540524,LIVE
TR-005890,TR-C03169,2024-11-13,0,evaluation,0.1381993311846744,0.024652125493342485,LIVE
TR-007617,TR-C02061,2024-11-13,0,evaluation,0.059733169684650964,0.01717751701691653,LIVE
TR-008100,TR-C02281,2024-11-13,0,evaluation,0.01475733923952051,0.013949364115168441,LIVE
TR-009152,TR-C04278,2024-11-13,0,evaluation,0.06444819153240788,0.017555781864586072,LIVE
TR-009277,TR-C01734,2024-11-13,0,evaluation,0.9034181054421611,0.47991634406147204,LIVE
TR-009454,TR-C01900,2024-11-13,0,evaluation,0.3017387990570384,0.05170669749320942,LIVE
TR-001341,TR-C01260,2024-11-14,0,evaluation,0.236726604778174,0.038615491183892396,LIVE
TR-001418,TR-C04365,2024-11-14,0,evaluation,0.6867905580756027,0.24996152420754975,LIVE
TR-001918,TR-C03026,2024-11-14,0,evaluation,0.30683371189521363,0.052893874577822436,LIVE
TR-002393,TR-C03530,2024-11-14,0,evaluation,0.5740609488006915,0.16399513602478957,LIVE
TR-002398,TR-C00720,2024-11-14,0,evaluation,0.006971903431110388,0.013454766321016685,LIVE
TR-003246,TR-C02371,2024-11-14,0,evaluation,0.0734544298268474,0.018301183329901084,LIVE
TR-004281,TR-C01697,2024-11-14,0,evaluation,0.5552972128952025,0.1522563917090016,LIVE
TR-005103,TR-C04238,2024-11-14,1,evaluation,0.7715542207072388,0.3317424467967049,LIVE
TR-006753,TR-C05578,2024-11-14,0,evaluation,0.22208936690549158,0.03614035623702435,LIVE
TR-007012,TR-C05951,2024-11-14,0,evaluation,0.6534585612095325,0.221745625729095,LIVE
TR-007059,TR-C05485,2024-11-14,0,evaluation,0.1536851715258319,0.026464582245765776,LIVE
TR-007167,TR-C00032,2024-11-14,0,evaluation,0.2201955914373612,0.03583149487861056,LIVE
TR-007788,TR-C05192,2024-11-14,0,evaluation,0.015153757510786136,0.013975022089081463,LIVE
TR-007915,TR-C04214,2024-11-14,1,evaluation,0.09641289783697914,0.02034464128289291,LIVE
TR-008032,TR-C05028,2024-11-14,0,evaluation,0.037683999705236594,0.015512305740448408,LIVE
TR-000132,TR-C02336,2024-11-15,0,evaluation,0.754156159638375,0.31386553853774585,LIVE
TR-000330,TR-C04365,2024-11-15,1,evaluation,0.1262467772723445,0.023336486810917316,LIVE
TR-001897,TR-C00976,2024-11-15,0,evaluation,0.025342306080443248,0.014650668526528004,LIVE
TR-002003,TR-C01370,2024-11-15,0,evaluation,0.1761388305960505,0.02932462136971799,LIVE
TR-002475,TR-C03867,2024-11-15,1,evaluation,0.030578466582962847,0.015010318601753227,LIVE
TR-002776,TR-C05776,2024-11-15,0,evaluation,0.14960305897891418,0.025974599017094546,LIVE
TR-002919,TR-C04489,2024-11-15,0,evaluation,0.2141707155636459,0.034865697066284354,LIVE
TR-003754,TR-C03031,2024-11-15,0,evaluation,0.26016663447437777,0.04292113708178254,LIVE
TR-005687,TR-C05007,2024-11-15,0,evaluation,0.02150545183825688,0.014392533316550642,LIVE
TR-005805,TR-C05939,2024-11-15,0,evaluation,0.14959317498829686,0.02597342340647071,LIVE
TR-007615,TR-C00112,2024-11-15,0,evaluation,0.3586072654749244,0.06650126968303934,LIVE
TR-008059,TR-C04538,2024-11-15,0,evaluation,0.16409849669428908,0.027755580622660394,LIVE
TR-008772,TR-C02570,2024-11-15,0,evaluation,0.016177320313799027,0.014041487027254166,LIVE
TR-009418,TR-C00400,2024-11-15,0,evaluation,0.02069888941902836,0.014338842336393666,LIVE
TR-000766,TR-C04665,2024-11-16,0,evaluation,0.33975881747825865,0.0612071109629385,LIVE
TR-003463,TR-C04065,2024-11-16,0,evaluation,0.12008688037050415,0.02268547101474265,LIVE
TR-004253,TR-C03280,2024-11-16,0,evaluation,0.17347615914516204,0.028970388678907392,LIVE
TR-005018,TR-C01821,2024-11-16,0,evaluation,0.13971496221847726,0.024824035302226075,LIVE
TR-005399,TR-C06433,2024-11-16,0,evaluation,0.055246355018193624,0.01682500129315156,LIVE
TR-005588,TR-C00207,2024-11-16,0,evaluation,0.07928168264223674,0.018799935425232322,LIVE
TR-006395,TR-C04870,2024-11-16,0,evaluation,0.4185319861378473,0.08627481652480959,LIVE
TR-007074,TR-C04783,2024-11-16,0,evaluation,0.15169493212419344,0.02622457709396456,LIVE
TR-007203,TR-C03935,2024-11-16,0,evaluation,0.04886544127184017,0.016335889048780798,LIVE
TR-007357,TR-C00878,2024-11-16,0,evaluation,0.6251465342506379,0.19962704146277294,LIVE
TR-007384,TR-C00328,2024-11-16,0,evaluation,0.031599235454922645,0.015081436966571549,LIVE
TR-008627,TR-C03812,2024-11-16,0,evaluation,0.021092650072934982,0.0143650293615728,LIVE
TR-009509,TR-C01398,2024-11-16,0,evaluation,0.007919560081354648,0.013514032578137986,LIVE
TR-000823,TR-C01856,2024-11-17,0,evaluation,0.11711713809619576,0.022377981072986653,LIVE
TR-001351,TR-C05044,2024-11-17,0,evaluation,0.5441372104019513,0.14560709328389163,LIVE
TR-002008,TR-C00278,2024-11-17,0,evaluation,0.41997265706814907,0.08681024697087222,LIVE
TR-002014,TR-C02883,2024-11-17,0,evaluation,0.0770629940403563,0.01860848622128027,LIVE
TR-002219,TR-C00422,2024-11-17,0,evaluation,0.01271438713624272,0.013817869675757244,LIVE
TR-004095,TR-C00786,2024-11-17,0,evaluation,0.005441331166486913,0.013359585617448272,LIVE
TR-007004,TR-C05532,2024-11-17,0,evaluation,0.33675347060325844,0.06040025411146657,LIVE
TR-007733,TR-C02058,2024-11-17,0,evaluation,0.18728073899027597,0.0308529878405227,LIVE
TR-000532,TR-C06195,2024-11-18,0,evaluation,0.22659510003129554,0.03688554337567663,LIVE
TR-001240,TR-C05672,2024-11-18,0,evaluation,0.2365176249892669,0.038579033613651635,LIVE
TR-003278,TR-C04671,2024-11-18,0,evaluation,0.037999958645789284,0.015535007080202628,LIVE
TR-003523,TR-C02114,2024-11-18,0,evaluation,0.047462917668741715,0.016230271279091487,LIVE
TR-006622,TR-C01302,2024-11-18,0,evaluation,0.13129006406759067,0.023883038685378014,LIVE
TR-006788,TR-C00429,2024-11-18,0,evaluation,0.4982291658454041,0.12075407315890548,LIVE
TR-006888,TR-C00446,2024-11-18,0,evaluation,0.00812116362408003,0.01352667399948048,LIVE
TR-007545,TR-C00243,2024-11-18,0,evaluation,0.6955674373669372,0.2577770865607563,LIVE
TR-008462,TR-C05287,2024-11-18,0,evaluation,0.33154330908020524,0.05902500447822374,LIVE
TR-009775,TR-C03687,2024-11-18,1,evaluation,0.802562546861247,0.3648131076074002,LIVE
TR-009933,TR-C04110,2024-11-18,0,evaluation,0.022521682790747507,0.01446046356272549,LIVE
TR-001007,TR-C04434,2024-11-19,0,evaluation,0.07890169965967715,0.01876701037890725,LIVE
TR-001067,TR-C04854,2024-11-19,0,evaluation,0.03818249906611933,0.015548137329192852,LIVE
TR-001568,TR-C01694,2024-11-19,0,evaluation,0.17523650514562544,0.0292041110287751,LIVE
TR-002631,TR-C03057,2024-11-19,0,evaluation,0.25763993285031217,0.04243580637191298,LIVE
TR-005460,TR-C00492,2024-11-19,0,evaluation,0.5078023759055004,0.12561471484899084,LIVE
TR-006036,TR-C06430,2024-11-19,0,evaluation,0.034967335169002516,0.015318458630362514,LIVE
TR-006838,TR-C04564,2024-11-19,0,evaluation,0.06644109561611006,0.01771811247754856,LIVE
TR-009722,TR-C00766,2024-11-19,0,evaluation,0.10628082210404773,0.02129014742605017,LIVE
TR-009748,TR-C01397,2024-11-19,0,evaluation,0.46051195835204056,0.10315688058694453,LIVE
TR-001811,TR-C01070,2024-11-20,0,evaluation,0.32488496715883464,0.05731020682557406,LIVE
TR-001875,TR-C03693,2024-11-20,0,evaluation,0.014397730472504304,0.013926128794246153,LIVE
TR-002076,TR-C00809,2024-11-20,0,evaluation,0.7540814556485657,0.3137899092728789,LIVE
TR-003181,TR-C05531,2024-11-20,0,evaluation,0.19605728052280327,0.03211092361040224,LIVE
TR-009047,TR-C05201,2024-11-20,1,evaluation,0.07921353528414624,0.01879402637603762,LIVE
TR-009254,TR-C05939,2024-11-20,0,evaluation,0.08066948896595368,0.018920669126035617,LIVE
TR-009580,TR-C02348,2024-11-20,0,evaluation,0.06043411070220978,0.017233239403098902,LIVE
TR-002792,TR-C02385,2024-11-21,0,evaluation,0.036646465949406105,0.015437989367597731,LIVE
TR-004999,TR-C00658,2024-11-21,0,evaluation,0.15371528780964375,0.026468230364018856,LIVE
TR-006171,TR-C04831,2024-11-21,0,evaluation,0.1688022680852151,0.028358605168344864,LIVE
TR-006816,TR-C02168,2024-11-21,0,evaluation,0.4581503653796281,0.1021342292419008,LIVE
TR-000199,TR-C04106,2024-11-22,0,evaluation,0.231140130047793,0.03765218927789319,LIVE
TR-001036,TR-C03253,2024-11-22,0,evaluation,0.23577645078404494,0.03844999826762566,LIVE
TR-003018,TR-C00413,2024-11-22,0,evaluation,0.4739972249164259,0.10917156748715884,LIVE
TR-003283,TR-C05356,2024-11-22,0,evaluation,0.44379327475700064,0.0961086175155543,LIVE
TR-003304,TR-C02216,2024-11-22,0,evaluation,0.10754977017519911,0.021414810794581955,LIVE
TR-003449,TR-C05865,2024-11-22,0,evaluation,0.015163407295835556,0.01397564724629145,LIVE
TR-003547,TR-C02212,2024-11-22,0,evaluation,0.0353599294813916,0.015346324014981056,LIVE
TR-005057,TR-C01303,2024-11-22,0,evaluation,0.06258578490951076,0.017405401631668885,LIVE
TR-007210,TR-C02131,2024-11-22,0,evaluation,0.013550610587122652,0.013871544731092979,LIVE
TR-008121,TR-C03853,2024-11-22,0,evaluation,0.058706947015558786,0.0170962550446945,LIVE
TR-008779,TR-C00453,2024-11-22,0,evaluation,0.10168390450002177,0.020844456059063786,LIVE
TR-008802,TR-C05931,2024-11-22,0,evaluation,0.01783891445838583,0.014150046539384413,LIVE
TR-009444,TR-C04503,2024-11-22,0,evaluation,0.22566105830031322,0.036729861170700547,LIVE
TR-001211,TR-C05870,2024-11-23,0,evaluation,0.1730903769911845,0.028919411058522505,LIVE
TR-003696,TR-C00238,2024-11-23,0,evaluation,0.023080337610433807,0.014497941472070229,LIVE
TR-003746,TR-C03351,2024-11-23,0,evaluation,0.05638649888799096,0.01691389937722506,LIVE
TR-004890,TR-C00017,2024-11-23,0,evaluation,0.7447392272394793,0.3044108025316006,LIVE
TR-006538,TR-C04082,2024-11-23,0,evaluation,0.04666150565654874,0.016170222344267567,LIVE
TR-007668,TR-C00678,2024-11-23,1,evaluation,0.14212860459192236,0.025100215961159304,LIVE
TR-008141,TR-C06357,2024-11-23,0,evaluation,0.019340114549651816,0.014248837863914504,LIVE
TR-008211,TR-C00433,2024-11-23,0,evaluation,0.020324455445805,0.014313984270037466,LIVE
TR-008606,TR-C01188,2024-11-23,0,evaluation,0.04927415864351382,0.016366794705876663,LIVE
TR-009427,TR-C06200,2024-11-23,0,evaluation,0.05804384726327656,0.01704394816752389,LIVE
TR-009579,TR-C05444,2024-11-23,0,evaluation,0.09880733919696064,0.020570218842641357,LIVE
TR-002375,TR-C02456,2024-11-24,0,evaluation,0.058552322710641806,0.01708404382909468,LIVE
TR-006152,TR-C05412,2024-11-24,0,evaluation,0.061545074631506234,0.017321921185797777,LIVE
TR-007023,TR-C03042,2024-11-24,0,evaluation,0.054622041895324346,0.0167765177637917,LIVE
TR-007725,TR-C00209,2024-11-24,0,evaluation,0.15765022544494822,0.026949117570077803,LIVE
TR-008631,TR-C03032,2024-11-24,0,evaluation,0.704486942324071,0.2658812940406785,LIVE
TR-009243,TR-C04143,2024-11-24,0,evaluation,0.05870992272605879,0.017096490130928343,LIVE
TR-009404,TR-C00945,2024-11-24,0,evaluation,0.11445410176204221,0.022105713637825278,LIVE
TR-000288,TR-C03140,2024-11-25,0,evaluation,0.033045474691420954,0.015182766814152907,LIVE
TR-002223,TR-C00386,2024-11-25,0,evaluation,0.04181904259446612,0.015812004041183866,LIVE
TR-004405,TR-C01983,2024-11-25,0,evaluation,0.02115536149747562,0.014369204328893981,LIVE
TR-005301,TR-C01537,2024-11-25,0,evaluation,0.22222543494628233,0.03616264637928366,LIVE
TR-005401,TR-C05553,2024-11-25,0,evaluation,0.1272926170308808,0.023448814121818196,LIVE
TR-005773,TR-C02403,2024-11-25,0,evaluation,0.048235547754731496,0.01628837123629146,LIVE
TR-006762,TR-C05504,2024-11-25,0,evaluation,0.030134837143159354,0.01497951338091195,LIVE
TR-006795,TR-C04650,2024-11-25,0,evaluation,0.019731010543476524,0.014274673389959011,LIVE
TR-006956,TR-C04648,2024-11-25,0,evaluation,0.2217046126603938,0.036077398821406634,LIVE
TR-008409,TR-C00486,2024-11-25,0,evaluation,0.022894139558069786,0.014485439571000094,LIVE
TR-009323,TR-C02326,2024-11-25,0,evaluation,0.12724354728844606,0.023443532059278967,LIVE
TR-009914,TR-C02415,2024-11-25,0,evaluation,0.4042301589210774,0.08111971253671624,LIVE
TR-000770,TR-C00856,2024-11-26,0,evaluation,0.05299210164125985,0.016650584614507323,LIVE
TR-001181,TR-C06250,2024-11-26,0,evaluation,0.1523751417066198,0.026306365129816586,LIVE
TR-005023,TR-C00790,2024-11-26,0,evaluation,0.05342481334264526,0.01668392608089876,LIVE
TR-005620,TR-C04494,2024-11-26,0,evaluation,0.5847931511380499,0.17103043250480046,LIVE
TR-005672,TR-C04539,2024-11-26,1,evaluation,0.013350257094242497,0.013858665854098498,LIVE
TR-005934,TR-C00673,2024-11-26,0,evaluation,0.36884207963523463,0.0695513715911318,LIVE
TR-008259,TR-C00298,2024-11-26,0,evaluation,0.027861427455990493,0.014822624331138895,LIVE
TR-009028,TR-C05252,2024-11-26,0,evaluation,0.6425376985520456,0.21301187944859165,LIVE
TR-000257,TR-C03879,2024-11-27,0,evaluation,0.599312381223695,0.18092662523173356,LIVE
TR-001709,TR-C05287,2024-11-27,0,evaluation,0.04300828018705783,0.01589924719503164,LIVE
TR-002907,TR-C04218,2024-11-27,1,evaluation,0.44512477190902994,0.09665379563478041,LIVE
TR-002927,TR-C01875,2024-11-27,0,evaluation,0.0745236875891432,0.018391717693015685,LIVE
TR-003476,TR-C04696,2024-11-27,0,evaluation,0.3614465293131064,0.06733472991546183,LIVE
TR-003611,TR-C01833,2024-11-27,0,evaluation,0.15343069085143154,0.026433775403227326,LIVE
TR-004578,TR-C03713,2024-11-27,0,evaluation,0.15436878537389762,0.02654751199264938,LIVE
TR-004980,TR-C02160,2024-11-27,0,evaluation,0.2905493656797871,0.04918728976600626,LIVE
TR-007861,TR-C02722,2024-11-27,0,evaluation,0.05610688259725046,0.016892054802015027,LIVE
TR-009573,TR-C03094,2024-11-27,0,evaluation,0.3704859053466935,0.07005315978000065,LIVE
TR-000290,TR-C06186,2024-11-28,0,evaluation,0.49834437793424385,0.12081159344330711,LIVE
TR-000480,TR-C02193,2024-11-28,0,evaluation,0.01623082831775905,0.014044970121263337,LIVE
TR-001075,TR-C04967,2024-11-28,0,evaluation,0.2823571628813872,0.04741701132187146,LIVE
TR-001735,TR-C00891,2024-11-28,0,evaluation,0.11185058592548255,0.02184266266273395,LIVE
TR-006258,TR-C02674,2024-11-28,0,evaluation,0.5869805760733933,0.17249339989751697,LIVE
TR-007964,TR-C03824,2024-11-28,0,evaluation,0.4070132294099266,0.08210035728328366,LIVE
TR-008890,TR-C03233,2024-11-28,0,evaluation,0.08516921136758827,0.019317379985302516,LIVE
TR-009529,TR-C02111,2024-11-28,0,evaluation,0.4638732796344195,0.10462807254906294,LIVE
TR-001856,TR-C03399,2024-11-29,0,evaluation,0.5049505361717728,0.12414947373800905,LIVE
TR-002874,TR-C00098,2024-11-29,0,evaluation,0.027845120399446446,0.014821504840248297,LIVE
TR-005163,TR-C06279,2024-11-29,0,evaluation,0.0800785569455372,0.018869167680993608,LIVE
TR-005370,TR-C02391,2024-11-29,1,evaluation,0.42316398471436795,0.08800703580477319,LIVE
TR-005626,TR-C03966,2024-11-29,0,evaluation,0.22041394760834324,0.03586697718975288,LIVE
TR-005867,TR-C05301,2024-11-29,0,evaluation,0.2311579899588517,0.03765523184423664,LIVE
TR-006402,TR-C06359,2024-11-29,0,evaluation,0.016633779459170307,0.014071227525539597,LIVE
TR-007183,TR-C00693,2024-11-29,1,evaluation,0.7748141524241507,0.3351487859087328,LIVE
TR-008525,TR-C04887,2024-11-29,0,evaluation,0.2735527824021061,0.04558201175339755,LIVE
TR-009912,TR-C00903,2024-11-29,0,evaluation,0.49463151535045685,0.11896978263458448,LIVE
TR-000802,TR-C02516,2024-11-30,0,evaluation,0.5675457828279201,0.159838840531303,LIVE
TR-002379,TR-C03174,2024-11-30,1,evaluation,0.45974604093202637,0.10282422285709143,LIVE
TR-004455,TR-C06003,2024-11-30,1,evaluation,0.831759986539161,0.3971709150146976,LIVE
TR-005048,TR-C02438,2024-11-30,0,evaluation,0.13221823918076114,0.023984978893346515,LIVE
TR-009953,TR-C05514,2024-11-30,0,evaluation,0.35641040089480164,0.0658629700271676,LIVE
TR-000476,TR-C02454,2024-12-01,0,evaluation,0.10827554234975126,0.02148643241711816,LIVE
TR-003384,TR-C05417,2024-12-01,0,evaluation,0.0297581909878424,0.014953408292348038,LIVE
TR-004593,TR-C03068,2024-12-01,0,evaluation,0.21363470928235187,0.03478099995111115,LIVE
TR-004961,TR-C01675,2024-12-01,0,evaluation,0.26983404079957335,0.04482743734726754,LIVE
TR-005557,TR-C03431,2024-12-01,0,evaluation,0.06027301787895742,0.017220417384509787,LIVE
TR-006013,TR-C05397,2024-12-01,0,evaluation,0.09499600990527435,0.020212300574074946,LIVE
TR-006066,TR-C01541,2024-12-01,0,evaluation,0.5716645309449835,0.1624563493778724,LIVE
TR-000557,TR-C02175,2024-12-02,0,evaluation,0.31482017290714176,0.05480672381316689,LIVE
TR-001533,TR-C00059,2024-12-02,0,evaluation,0.0387724390400898,0.01559064682285556,LIVE
TR-001825,TR-C01038,2024-12-02,0,evaluation,0.24891995306776324,0.040800848125854314,LIVE
TR-002079,TR-C01597,2024-12-02,0,evaluation,0.08584310020248392,0.019377490174407094,LIVE
TR-003531,TR-C02994,2024-12-02,0,evaluation,0.700145133062904,0.26191613229415117,LIVE
TR-003716,TR-C01936,2024-12-02,0,evaluation,0.054607261470827936,0.01677537159653637,LIVE
TR-004414,TR-C03269,2024-12-02,0,evaluation,0.5169836103617136,0.13043278413380233,LIVE
TR-004447,TR-C05466,2024-12-02,0,evaluation,0.09629948820248306,0.020334017385879342,LIVE
TR-004504,TR-C03604,2024-12-02,0,evaluation,0.032348905660048166,0.01513387873538781,LIVE
TR-004799,TR-C04118,2024-12-02,0,evaluation,0.051744054214447326,0.016554786079264278,LIVE
TR-004926,TR-C00808,2024-12-02,0,evaluation,0.8225390421012913,0.38683927458470185,LIVE
TR-005877,TR-C01808,2024-12-02,0,evaluation,0.3056016011297551,0.05260443970647321,LIVE
TR-007223,TR-C05560,2024-12-02,0,evaluation,0.09511020005463451,0.020222934897078836,LIVE
TR-008047,TR-C04885,2024-12-02,0,evaluation,0.06306897139883617,0.017444294591276152,LIVE
TR-008844,TR-C02515,2024-12-02,1,evaluation,0.3023427477591746,0.051846097888515005,LIVE
TR-009402,TR-C01867,2024-12-02,0,evaluation,0.15869290138287706,0.02707795986040441,LIVE
TR-009799,TR-C03426,2024-12-02,0,evaluation,0.05783214925833025,0.01702728206908769,LIVE
TR-000577,TR-C05340,2024-12-03,0,evaluation,0.17173132327795718,0.028740516862264205,LIVE
TR-000846,TR-C02751,2024-12-03,0,evaluation,0.08515317836588372,0.019315952086550577,LIVE
TR-003736,TR-C03846,2024-12-03,0,evaluation,0.16041389471821632,0.027291932070831873,LIVE
TR-004759,TR-C01189,2024-12-03,0,evaluation,0.35035087024786327,0.06413177808650969,LIVE
TR-006886,TR-C01393,2024-12-03,0,evaluation,0.7614829119698792,0.3213306486442227,LIVE
TR-007351,TR-C02937,2024-12-03,0,evaluation,0.6246835224449502,0.19927947216077915,LIVE
TR-008856,TR-C05440,2024-12-03,0,evaluation,0.08089476170420652,0.018940338573250125,LIVE
TR-009432,TR-C04419,2024-12-03,0,evaluation,0.07565458552475617,0.018487949352360363,LIVE
TR-000335,TR-C01786,2024-12-04,0,evaluation,0.045561295493759334,0.016088140567866904,LIVE
TR-001853,TR-C03092,2024-12-04,0,evaluation,0.3741841890797581,0.07119434306627345,LIVE
TR-002435,TR-C03754,2024-12-04,0,evaluation,0.03304905199665092,0.01518301828503743,LIVE
TR-004107,TR-C06499,2024-12-04,0,evaluation,0.2221213987310117,0.03614560237686402,LIVE
TR-004422,TR-C02950,2024-12-04,0,evaluation,0.8109034066653439,0.37394701950087417,LIVE
TR-004883,TR-C03308,2024-12-04,0,evaluation,0.19992125954850865,0.03268033981622577,LIVE
TR-005599,TR-C04720,2024-12-04,0,evaluation,0.04515650064157671,0.016058043877564446,LIVE
TR-005926,TR-C04618,2024-12-04,0,evaluation,0.08996328049042002,0.019749013130807392,LIVE
TR-006227,TR-C02794,2024-12-04,0,evaluation,0.32481561309472395,0.057292593895165805,LIVE
TR-006772,TR-C05788,2024-12-04,0,evaluation,0.23988797161465836,0.0391710570119429,LIVE
TR-006781,TR-C04135,2024-12-04,0,evaluation,0.05690709965605912,0.016954644468293496,LIVE
TR-008026,TR-C04710,2024-12-04,0,evaluation,0.08206164325644816,0.019042544972271865,LIVE
TR-008874,TR-C04505,2024-12-04,0,evaluation,0.031989809813954447,0.015108736494551816,LIVE
TR-009160,TR-C06032,2024-12-04,0,evaluation,0.5449160990996148,0.1460632359026729,LIVE
TR-009183,TR-C05635,2024-12-04,0,evaluation,0.10053216838519491,0.02073422842681052,LIVE
TR-000993,TR-C02980,2024-12-05,0,evaluation,0.10246383925711368,0.020919425686015732,LIVE
TR-001265,TR-C03068,2024-12-05,0,evaluation,0.12424853151872137,0.023123326008955315,LIVE
TR-001733,TR-C05750,2024-12-05,1,evaluation,0.7959601942750903,0.3576510304727561,LIVE
TR-001745,TR-C01789,2024-12-05,0,evaluation,0.14838156192650395,0.025829704697933047,LIVE
TR-002694,TR-C06417,2024-12-05,0,evaluation,0.07147709949524005,0.018134912996389026,LIVE
TR-002895,TR-C04378,2024-12-05,0,evaluation,0.7039937342944039,0.26542894889889934,LIVE
TR-004324,TR-C02855,2024-12-05,0,evaluation,0.02878028478621656,0.014885839272694965,LIVE
TR-005202,TR-C02576,2024-12-05,0,evaluation,0.6720663015411689,0.2372092233667052,LIVE
TR-000470,TR-C01297,2024-12-06,0,evaluation,0.3211477226543497,0.05636832177011705,LIVE
TR-000694,TR-C04969,2024-12-06,1,evaluation,0.7344633707084323,0.29427905179909486,LIVE
TR-001572,TR-C03064,2024-12-06,0,evaluation,0.028600963057181104,0.014873481596574957,LIVE
TR-001858,TR-C03794,2024-12-06,0,evaluation,0.1790761240070951,0.029720261557591388,LIVE
TR-001928,TR-C03302,2024-12-06,0,evaluation,0.7022910905989187,0.2638711533178664,LIVE
TR-002029,TR-C04745,2024-12-06,0,evaluation,0.6324418151892014,0.20516347043648764,LIVE
TR-002428,TR-C05422,2024-12-06,0,evaluation,0.27118704845609637,0.04510058998283597,LIVE
TR-002796,TR-C01600,2024-12-06,0,evaluation,0.05964843324004513,0.017170792767940493,LIVE
TR-005052,TR-C00372,2024-12-06,0,evaluation,0.04435872675588058,0.01599889105475972,LIVE
TR-005860,TR-C01035,2024-12-06,0,evaluation,0.35348847920523696,0.0650228274882322,LIVE
TR-007129,TR-C00415,2024-12-06,0,evaluation,0.007885397242171637,0.013511891574003346,LIVE
TR-009051,TR-C00072,2024-12-06,0,evaluation,0.030673639835428684,0.01501693546804281,LIVE
TR-009741,TR-C04300,2024-12-06,0,evaluation,0.045399343379336494,0.01607609269784846,LIVE
TR-000221,TR-C03645,2024-12-07,0,evaluation,0.07737567182213266,0.018635350756604836,LIVE
TR-001809,TR-C02291,2024-12-07,0,evaluation,0.04958464602288837,0.01639031100652283,LIVE
TR-004571,TR-C06177,2024-12-07,0,evaluation,0.05171718837961829,0.016552729861175564,LIVE
TR-006250,TR-C03262,2024-12-07,0,evaluation,0.12570817696589418,0.023278844080521333,LIVE
TR-006460,TR-C05419,2024-12-07,0,evaluation,0.5161462308977539,0.12998692068044515,LIVE
TR-006604,TR-C03734,2024-12-07,0,evaluation,0.6790780892359807,0.24322547951229873,LIVE
TR-006751,TR-C03143,2024-12-07,0,evaluation,0.06250242920198577,0.0173987007300629,LIVE
TR-007103,TR-C02059,2024-12-07,0,evaluation,0.07584634927395109,0.01850431604931877,LIVE
TR-007235,TR-C06251,2024-12-07,0,evaluation,0.1193634583436487,0.02261018910535962,LIVE
TR-008846,TR-C05287,2024-12-07,0,evaluation,0.16997372307212938,0.028510753272724492,LIVE
TR-008996,TR-C06471,2024-12-07,0,evaluation,0.36730019472577663,0.06908372609543885,LIVE
TR-009676,TR-C04792,2024-12-07,0,evaluation,0.31990862002763626,0.0560592606620502,LIVE
TR-000176,TR-C02738,2024-12-08,0,evaluation,0.06102323863249033,0.017280210360738728,LIVE
TR-003061,TR-C04366,2024-12-08,0,evaluation,0.017523644580117,0.01412938512420061,LIVE
TR-004150,TR-C06452,2024-12-08,1,evaluation,0.791712666353603,0.3530765559883058,LIVE
TR-004178,TR-C02217,2024-12-08,0,evaluation,0.019569169004800824,0.014263971186383869,LIVE
TR-004523,TR-C01029,2024-12-08,0,evaluation,0.03380545754577533,0.015236282913225818,LIVE
TR-008152,TR-C06090,2024-12-08,0,evaluation,0.1922937464596485,0.03156553755314805,LIVE
TR-008550,TR-C01511,2024-12-08,0,evaluation,0.3875308871981396,0.07545684687835086,LIVE
TR-009151,TR-C02098,2024-12-08,0,evaluation,0.8615465874372507,0.43113298700613784,LIVE
TR-002884,TR-C05206,2024-12-09,0,evaluation,0.015659347391542826,0.01400781365897095,LIVE
TR-003166,TR-C06434,2024-12-09,0,evaluation,0.13939074684732458,0.024787163356504906,LIVE
TR-004051,TR-C00301,2024-12-09,0,evaluation,0.007283466246258245,0.013474223054649724,LIVE
TR-005157,TR-C05069,2024-12-09,1,evaluation,0.15919556125127435,0.0271402867192483,LIVE
TR-005550,TR-C01930,2024-12-09,0,evaluation,0.3118088745109203,0.054077947853388375,LIVE
TR-006849,TR-C05124,2024-12-09,0,evaluation,0.08663539056712541,0.019448396184803037,LIVE
TR-007322,TR-C01121,2024-12-09,0,evaluation,0.5494518228532543,0.14874307335910192,LIVE
TR-008724,TR-C00242,2024-12-09,0,evaluation,0.046835694618012735,0.01618325552084582,LIVE
TR-009118,TR-C05837,2024-12-09,0,evaluation,0.05635975721965771,0.01691180902712563,LIVE
TR-000523,TR-C06403,2024-12-10,0,evaluation,0.6831500176855961,0.24676646426613835,LIVE
TR-002480,TR-C00147,2024-12-10,0,evaluation,0.2007543411739437,0.03280437954455917,LIVE
TR-002554,TR-C02657,2024-12-10,0,evaluation,0.01646331866838369,0.014060113931699,LIVE
TR-002872,TR-C06244,2024-12-10,0,evaluation,0.009418881517407302,0.013608326185207114,LIVE
TR-004193,TR-C02262,2024-12-10,0,evaluation,0.32689607805327087,0.05782315885810287,LIVE
TR-004791,TR-C01876,2024-12-10,0,evaluation,0.008949329188014641,0.013578726064680888,LIVE
TR-006379,TR-C02542,2024-12-10,0,evaluation,0.1678855335573257,0.028240090119472983,LIVE
TR-007450,TR-C04630,2024-12-10,0,evaluation,0.31409043561203964,0.054629272433159556,LIVE
TR-009249,TR-C01867,2024-12-10,0,evaluation,0.17228947366797628,0.028813856679612608,LIVE
TR-000420,TR-C01212,2024-12-11,0,evaluation,0.09179011931840256,0.01991596715001211,LIVE
TR-000528,TR-C01485,2024-12-11,0,evaluation,0.029972281296558316,0.014968241245383405,LIVE
TR-002322,TR-C02927,2024-12-11,1,evaluation,0.3924230993575408,0.07707714487258469,LIVE
TR-003146,TR-C01196,2024-12-11,0,evaluation,0.5990952698426137,0.1807754126133823,LIVE
TR-004174,TR-C02740,2024-12-11,0,evaluation,0.7807188870943257,0.3413624549561919,LIVE
TR-004436,TR-C05864,2024-12-11,0,evaluation,0.11987290637581542,0.022663178644785932,LIVE
TR-004437,TR-C06354,2024-12-11,0,evaluation,0.6670314869693201,0.23295295655917486,LIVE
TR-005510,TR-C00148,2024-12-11,0,evaluation,0.8705433658508742,0.4415353641125188,LIVE
TR-006322,TR-C00493,2024-12-11,0,evaluation,0.041844767102034344,0.01581388621224189,LIVE
TR-007567,TR-C02845,2024-12-11,0,evaluation,0.093258730748986,0.020051184820494804,LIVE
TR-008725,TR-C04417,2024-12-11,1,evaluation,0.11941047503105835,0.022615074407934317,LIVE
TR-008813,TR-C02957,2024-12-11,0,evaluation,0.2010610549023781,0.03285016141928501,LIVE
TR-000337,TR-C01871,2024-12-12,0,evaluation,0.4923193276147442,0.11783510418187865,LIVE
TR-002852,TR-C04153,2024-12-12,0,evaluation,0.12186398488141985,0.02287144387201953,LIVE
TR-003269,TR-C03907,2024-12-12,0,evaluation,0.5734244087142477,0.16358526205205948,LIVE
TR-003892,TR-C03162,2024-12-12,0,evaluation,0.0062899803940233995,0.013412277678107822,LIVE
TR-003941,TR-C03079,2024-12-12,0,evaluation,0.06945516546188624,0.017966425420740152,LIVE
TR-004023,TR-C00760,2024-12-12,0,evaluation,0.02094173983203404,0.014354987521148303,LIVE
TR-005774,TR-C00294,2024-12-12,0,evaluation,0.05025585223785744,0.016441261744298715,LIVE
TR-007075,TR-C02041,2024-12-12,0,evaluation,0.11185118589500517,0.021842722927806,LIVE
TR-009147,TR-C01276,2024-12-12,0,evaluation,0.008605806599841217,0.013557110965494926,LIVE
TR-000249,TR-C05030,2024-12-13,0,evaluation,0.10500945587020084,0.02116595853589117,LIVE
TR-004246,TR-C03005,2024-12-13,0,evaluation,0.13111938451450597,0.02386433924389746,LIVE
TR-004968,TR-C06266,2024-12-13,0,evaluation,0.03157293238834878,0.015079600237934374,LIVE
TR-005354,TR-C01349,2024-12-13,0,evaluation,0.013096920424799692,0.013842398054451286,LIVE
TR-006746,TR-C02358,2024-12-13,0,evaluation,0.042426403030151875,0.015856501339479197,LIVE
TR-009687,TR-C01110,2024-12-13,0,evaluation,0.7271080584799002,0.28714898550767165,LIVE
TR-009819,TR-C03047,2024-12-13,0,evaluation,0.4560361311991792,0.10122632559564802,LIVE
TR-009925,TR-C01293,2024-12-13,0,evaluation,0.0327590750603817,0.01516264731572621,LIVE
TR-000794,TR-C03115,2024-12-14,0,evaluation,0.39104219278657076,0.07661658657376846,LIVE
TR-001333,TR-C01847,2024-12-14,0,evaluation,0.06579617188467676,0.017665419998844155,LIVE
TR-005641,TR-C04649,2024-12-14,1,evaluation,0.8633601580967273,0.4332253187469322,LIVE
TR-006052,TR-C06320,2024-12-14,0,evaluation,0.2818639565388511,0.04731238726672369,LIVE
TR-009655,TR-C02730,2024-12-14,0,evaluation,0.05964083637928257,0.01717019004643503,LIVE
TR-001429,TR-C00627,2024-12-15,0,evaluation,0.01224364813632434,0.013787744277545198,LIVE
TR-001940,TR-C02920,2024-12-15,0,evaluation,0.3256298138395007,0.05749968648619567,LIVE
TR-002404,TR-C03657,2024-12-15,0,evaluation,0.022542030883832005,0.01446182695793631,LIVE
TR-002595,TR-C02228,2024-12-15,1,evaluation,0.7932528439790485,0.3547322289814204,LIVE
TR-002636,TR-C06261,2024-12-15,0,evaluation,0.6378884325192441,0.20937067521862246,LIVE
TR-005864,TR-C01886,2024-12-15,0,evaluation,0.21801597360712535,0.03547916029842588,LIVE
TR-006654,TR-C02729,2024-12-15,0,evaluation,0.048686476894971326,0.016322374514594878,LIVE
TR-007182,TR-C00943,2024-12-15,0,evaluation,0.05809282811678344,0.01704780650812849,LIVE
TR-007251,TR-C04588,2024-12-15,0,evaluation,0.24389371859927986,0.03988602898905077,LIVE
TR-007845,TR-C00155,2024-12-15,0,evaluation,0.6533342651702071,0.22164479685719066,LIVE
TR-008310,TR-C05453,2024-12-15,0,evaluation,0.4933331578651132,0.1183314704921597,LIVE
TR-008355,TR-C01566,2024-12-15,0,evaluation,0.15106036450274762,0.026148500144400497,LIVE
TR-000902,TR-C01829,2024-12-16,0,evaluation,0.2933637570105978,0.04980979909803803,LIVE
TR-000921,TR-C04663,2024-12-16,0,evaluation,0.7599502555833183,0.3197613118234448,LIVE
TR-001274,TR-C02051,2024-12-16,0,evaluation,0.08116531081647993,0.018963987783303236,LIVE
TR-001280,TR-C01726,2024-12-16,0,evaluation,0.15352040358808225,0.02644463183618947,LIVE
TR-002211,TR-C04293,2024-12-16,0,evaluation,0.032460005118896386,0.015141665750031733,LIVE
TR-003777,TR-C00427,2024-12-16,0,evaluation,0.3912941125228128,0.07670041792115144,LIVE
TR-008486,TR-C03542,2024-12-16,0,evaluation,0.34447895506851617,0.062494706597551866,LIVE
TR-001146,TR-C03043,2024-12-17,0,evaluation,0.24522847701215922,0.0401270318413454,LIVE
TR-001289,TR-C02755,2024-12-17,0,evaluation,0.04003597321765208,0.01568207892136849,LIVE
TR-002289,TR-C05422,2024-12-17,0,evaluation,0.04326027978406572,0.015917794750702974,LIVE
TR-002605,TR-C03927,2024-12-17,0,evaluation,0.7011410971141065,0.26282231727428246,LIVE
TR-005044,TR-C02919,2024-12-17,0,evaluation,0.03998723910793686,0.01567854265083153,LIVE
TR-006194,TR-C01700,2024-12-17,0,evaluation,0.10218495988897733,0.02089258871987335,LIVE
TR-007109,TR-C05345,2024-12-17,0,evaluation,0.05345735614652236,0.016686436233287034,LIVE
TR-007383,TR-C05885,2024-12-17,0,evaluation,0.5737249962664507,0.16377871034251673,LIVE
TR-007409,TR-C02693,2024-12-17,0,evaluation,0.5873020104200819,0.1727092104865691,LIVE
TR-007696,TR-C05946,2024-12-17,0,evaluation,0.03181559069168218,0.015096553294103834,LIVE
TR-009500,TR-C03189,2024-12-17,0,evaluation,0.09032188256810401,0.01978167708574712,LIVE
TR-000157,TR-C04256,2024-12-18,0,evaluation,0.029701336141698502,0.014949471615583649,LIVE
TR-000632,TR-C02034,2024-12-18,0,evaluation,0.03259653734542588,0.015151240762977016,LIVE
TR-000982,TR-C05301,2024-12-18,0,evaluation,0.7024319349672904,0.26399979293566195,LIVE
TR-001539,TR-C06308,2024-12-18,0,evaluation,0.08598671848751419,0.019390324459161747,LIVE
TR-002570,TR-C02602,2024-12-18,0,evaluation,0.09312342664127864,0.020038689613980403,LIVE
TR-003124,TR-C03160,2024-12-18,0,evaluation,0.06294264309757724,0.017434117857872668,LIVE
TR-003508,TR-C00704,2024-12-18,0,evaluation,0.4955211723640333,0.11940888293736697,LIVE
TR-006588,TR-C01442,2024-12-18,0,evaluation,0.03249766481342729,0.015144306231379199,LIVE
TR-006960,TR-C05358,2024-12-18,0,evaluation,0.25362860080215394,0.04167606399235153,LIVE
TR-007786,TR-C02040,2024-12-18,0,evaluation,0.07931808950117371,0.018803093006347776,LIVE
TR-008513,TR-C01647,2024-12-18,0,evaluation,0.2227215818726648,0.03624403539649526,LIVE
TR-000379,TR-C06132,2024-12-19,0,evaluation,0.8003814012298499,0.36244024380526324,LIVE
TR-000397,TR-C01134,2024-12-19,0,evaluation,0.1460100347512638,0.025550636961444474,LIVE
TR-001395,TR-C04263,2024-12-19,0,evaluation,0.019622321189406183,0.014267485144063287,LIVE
TR-001608,TR-C05859,2024-12-19,0,evaluation,0.7495513617484669,0.30922229298494974,LIVE
TR-002296,TR-C01889,2024-12-19,0,evaluation,0.4718031932627384,0.10817244897738294,LIVE
TR-003366,TR-C03397,2024-12-19,0,evaluation,0.08269718972534243,0.01909843937436609,LIVE
TR-003919,TR-C04048,2024-12-19,0,evaluation,0.4174064487292321,0.08585858934612424,LIVE
TR-005870,TR-C06238,2024-12-19,0,evaluation,0.8757521717917711,0.44758210627539863,LIVE
TR-007288,TR-C04772,2024-12-19,1,evaluation,0.3263958088507765,0.05769515943974325,LIVE
TR-009355,TR-C03409,2024-12-19,0,evaluation,0.1324899994227962,0.02401490619217638,LIVE
TR-009860,TR-C01004,2024-12-19,0,evaluation,0.14911047792189921,0.025916073969744477,LIVE
TR-001796,TR-C01723,2024-12-20,0,evaluation,0.3158257930822365,0.055052151918203,LIVE
TR-001813,TR-C00324,2024-12-20,0,evaluation,0.2545169088198886,0.041843179078472126,LIVE
TR-004031,TR-C00390,2024-12-20,0,evaluation,0.7570419776491072,0.3167946429902066,LIVE
TR-005129,TR-C02689,2024-12-20,0,evaluation,0.01571273732681141,0.014011280850329232,LIVE
TR-005561,TR-C06299,2024-12-20,0,evaluation,0.00773796959909756,0.013502656037993851,LIVE
TR-005990,TR-C02519,2024-12-20,0,evaluation,0.22829629167455012,0.03717072280659803,LIVE
TR-006584,TR-C04436,2024-12-20,0,evaluation,0.014131644756430545,0.013908960823033913,LIVE
TR-006680,TR-C01463,2024-12-20,0,evaluation,0.6498782759671556,0.2188544376543655,LIVE
TR-008669,TR-C03909,2024-12-20,0,evaluation,0.76167401642771,0.3215266109343171,LIVE
TR-000069,TR-C00591,2024-12-21,1,evaluation,0.3062612539297777,0.052759212068803005,LIVE
TR-001263,TR-C06444,2024-12-21,0,evaluation,0.03330274760805384,0.015200862578528963,LIVE
TR-003898,TR-C00354,2024-12-21,0,evaluation,0.12496163884510357,0.023199176959762587,LIVE
TR-003966,TR-C00057,2024-12-21,0,evaluation,0.6160148959394292,0.1928560589884361,LIVE
TR-004316,TR-C03163,2024-12-21,1,evaluation,0.1030045418205259,0.02097155442465883,LIVE
TR-005331,TR-C03439,2024-12-21,0,evaluation,0.11606613542466955,0.022270137888832746,LIVE
TR-005596,TR-C03165,2024-12-21,1,evaluation,0.6877429963290167,0.2508019530157307,LIVE
TR-005850,TR-C06492,2024-12-21,1,evaluation,0.8860735465062545,0.4596080796851737,LIVE
TR-007741,TR-C03824,2024-12-21,0,evaluation,0.6615339194990114,0.22836656470881633,LIVE
TR-007799,TR-C00778,2024-12-21,0,evaluation,0.028687285145151665,0.014879429086320131,LIVE
TR-008257,TR-C03486,2024-12-21,0,evaluation,0.15726621520787384,0.026901816207440605,LIVE
TR-009266,TR-C01337,2024-12-21,0,evaluation,0.340510513362447,0.061410491306830635,LIVE
TR-009416,TR-C00937,2024-12-21,0,evaluation,0.14370205549626094,0.025281867302194522,LIVE
TR-000932,TR-C03158,2024-12-22,0,evaluation,0.37976863505234887,0.07295009777068859,LIVE
TR-002742,TR-C03223,2024-12-22,0,evaluation,0.03134949248944571,0.015064006433385067,LIVE
TR-004940,TR-C01693,2024-12-22,0,evaluation,0.02259252258478645,0.014465210630094639,LIVE
TR-005427,TR-C06378,2024-12-22,0,evaluation,0.3634045682987923,0.06791514404999112,LIVE
TR-005905,TR-C02021,2024-12-22,0,evaluation,0.07987499229567646,0.018851458287851418,LIVE
TR-006941,TR-C04278,2024-12-22,0,evaluation,0.06874448966598526,0.017907570624399807,LIVE
TR-007592,TR-C03323,2024-12-22,0,evaluation,0.19922310679607771,0.032576739133909204,LIVE
TR-009372,TR-C06200,2024-12-22,0,evaluation,0.020344408673123933,0.014315307860646564,LIVE
TR-000986,TR-C04281,2024-12-23,0,evaluation,0.7490249837118694,0.30869394109038606,LIVE
TR-001468,TR-C05779,2024-12-23,0,evaluation,0.07497156195216052,0.01842976980713788,LIVE
TR-002422,TR-C01944,2024-12-23,0,evaluation,0.011428183162614371,0.013735710995421981,LIVE
TR-002979,TR-C05288,2024-12-23,0,evaluation,0.10494631755186197,0.02115980960094595,LIVE
TR-005622,TR-C03581,2024-12-23,0,evaluation,0.0313454360998241,0.01506372348595293,LIVE
TR-005703,TR-C03365,2024-12-23,0,evaluation,0.2773891076355978,0.04637311165302719,LIVE
TR-007300,TR-C01240,2024-12-23,0,evaluation,0.043829923293474335,0.015959799865193226,LIVE
TR-009140,TR-C01266,2024-12-23,0,evaluation,0.044264506534293306,0.015991919043299607,LIVE
TR-000098,TR-C06121,2024-12-24,0,evaluation,0.20831054305461788,0.03395040231539693,LIVE
TR-000196,TR-C01424,2024-12-24,1,evaluation,0.7859092818865435,0.3468698602846142,LIVE
TR-000318,TR-C01009,2024-12-24,0,evaluation,0.564707274444154,0.15805488785719893,LIVE
TR-000651,TR-C01533,2024-12-24,0,evaluation,0.043228772935649036,0.01591547463463701,LIVE
TR-002685,TR-C02277,2024-12-24,0,evaluation,0.13875298597128444,0.02471478861357527,LIVE
TR-003335,TR-C03992,2024-12-24,0,evaluation,0.652715471258859,0.22114331968537254,LIVE
TR-008353,TR-C04479,2024-12-24,0,evaluation,0.3534190578944724,0.0650029884952861,LIVE
TR-008815,TR-C01216,2024-12-24,0,evaluation,0.04809822725433378,0.016278030133961015,LIVE
TR-009381,TR-C05458,2024-12-24,0,evaluation,0.044013574866227236,0.01597336543548268,LIVE
TR-009895,TR-C04151,2024-12-24,0,evaluation,0.12497319967480307,0.02320040864705898,LIVE
TR-000920,TR-C03151,2024-12-25,0,evaluation,0.05612004603176818,0.01689308255204622,LIVE
TR-002286,TR-C05910,2024-12-25,0,evaluation,0.2243436443748281,0.03651135408950724,LIVE
TR-003203,TR-C06436,2024-12-25,0,evaluation,0.030331160605403213,0.014993138214716824,LIVE
TR-003629,TR-C06301,2024-12-25,0,evaluation,0.05002420624739872,0.016423660103612684,LIVE
TR-004154,TR-C00229,2024-12-25,0,evaluation,0.3340419056951068,0.05968082099596551,LIVE
TR-005097,TR-C04700,2024-12-25,0,evaluation,0.1062692384594148,0.02128901270753318,LIVE
TR-005171,TR-C04123,2024-12-25,0,evaluation,0.09439415767613783,0.020156341600354368,LIVE
TR-006697,TR-C01756,2024-12-25,0,evaluation,0.05831621840064063,0.01706541438888511,LIVE
TR-008577,TR-C01882,2024-12-25,0,evaluation,0.3022792936618169,0.05183143504733376,LIVE
TR-000050,TR-C04766,2024-12-26,0,evaluation,0.29715810305291457,0.05066088628216688,LIVE
TR-000904,TR-C00188,2024-12-26,0,evaluation,0.020507755219141402,0.014326147935005295,LIVE
TR-001225,TR-C00763,2024-12-26,1,evaluation,0.7420464501698156,0.30173684141062324,LIVE
TR-001517,TR-C01911,2024-12-26,0,evaluation,0.06342497648371809,0.0174730049886995,LIVE
TR-007722,TR-C03231,2024-12-26,0,evaluation,0.03180558471462609,0.015095853866662793,LIVE
TR-008028,TR-C05647,2024-12-26,0,evaluation,0.40636208064136403,0.0818699551466075,LIVE
TR-008361,TR-C03486,2024-12-26,0,evaluation,0.014218193130608436,0.013914542672496382,LIVE
TR-008919,TR-C04915,2024-12-26,0,evaluation,0.02955414920400518,0.014939285010509873,LIVE
TR-009644,TR-C00323,2024-12-26,0,evaluation,0.32430095961978334,0.05716205294711022,LIVE
TR-009667,TR-C00280,2024-12-26,0,evaluation,0.07454997005341722,0.018393948561882513,LIVE
TR-009957,TR-C00800,2024-12-26,0,evaluation,0.04407888435975927,0.0159781923071342,LIVE
TR-000910,TR-C05319,2024-12-27,0,evaluation,0.1539836574371531,0.026500760771074668,LIVE
TR-001183,TR-C04298,2024-12-27,0,evaluation,0.4585667070507678,0.10231386485024369,LIVE
TR-002383,TR-C05207,2024-12-27,0,evaluation,0.059644081782021525,0.017170447528408777,LIVE
TR-002571,TR-C06187,2024-12-27,0,evaluation,0.02525219989419056,0.014644554397539278,LIVE
TR-002602,TR-C01725,2024-12-27,0,evaluation,0.07573603859871676,0.018494899492286557,LIVE
TR-002630,TR-C04170,2024-12-27,0,evaluation,0.6220935289742879,0.1973436248252697,LIVE
TR-003529,TR-C04155,2024-12-27,0,evaluation,0.06462679037594089,0.017570269725415328,LIVE
TR-005303,TR-C04426,2024-12-27,0,evaluation,0.5375247255916076,0.14178207668074946,LIVE
TR-006525,TR-C05707,2024-12-27,0,evaluation,0.10087141413055621,0.020766636743624015,LIVE
TR-008716,TR-C04903,2024-12-27,0,evaluation,0.03313690273003233,0.015189195142915144,LIVE
TR-008804,TR-C02820,2024-12-27,0,evaluation,0.6545083635788957,0.22259853285186987,LIVE
TR-000445,TR-C01272,2024-12-28,0,evaluation,0.10605595325869772,0.021268130141584875,LIVE
TR-000657,TR-C04864,2024-12-28,0,evaluation,0.015741785543751663,0.01401316762352226,LIVE
TR-001247,TR-C03430,2024-12-28,0,evaluation,0.03271923935845279,0.01515985094855511,LIVE
TR-004016,TR-C05685,2024-12-28,0,evaluation,0.06275809575507564,0.017419261606429363,LIVE
TR-005265,TR-C04527,2024-12-28,0,evaluation,0.0753026187025825,0.018457946556780864,LIVE
TR-005322,TR-C02608,2024-12-28,0,evaluation,0.13564699085478146,0.02436524647308283,LIVE
TR-005567,TR-C00546,2024-12-28,0,evaluation,0.13078110515970698,0.023827319972395986,LIVE
TR-006906,TR-C04401,2024-12-28,0,evaluation,0.03859442156115908,0.015577807324306804,LIVE
TR-007626,TR-C06199,2024-12-28,0,evaluation,0.08887626198532782,0.01965032254893806,LIVE
TR-008675,TR-C02453,2024-12-28,0,evaluation,0.16278944111319413,0.027589986954027767,LIVE
TR-009027,TR-C05613,2024-12-28,0,evaluation,0.10725331301461663,0.021385622630794365,LIVE
TR-009258,TR-C05371,2024-12-28,0,evaluation,0.15950683574195518,0.02717895281690038,LIVE
TR-009649,TR-C02967,2024-12-28,1,evaluation,0.38475640911961223,0.07455189748922239,LIVE
TR-000578,TR-C00368,2024-12-29,0,evaluation,0.13954644910746541,0.024804864195213213,LIVE
TR-002309,TR-C02776,2024-12-29,0,evaluation,0.4237111166779486,0.08821370836800774,LIVE
TR-003212,TR-C03529,2024-12-29,0,evaluation,0.22031923713671497,0.03585158283136286,LIVE
TR-003616,TR-C01705,2024-12-29,0,evaluation,0.06189117007879241,0.01734963944441688,LIVE
TR-005670,TR-C00572,2024-12-29,0,evaluation,0.09525988322240947,0.020236882920344007,LIVE
TR-005692,TR-C04136,2024-12-29,0,evaluation,0.082963133555745,0.01912187604862112,LIVE
TR-006007,TR-C05690,2024-12-29,0,evaluation,0.08466453435496119,0.01927248305978296,LIVE
TR-007686,TR-C00514,2024-12-29,0,evaluation,0.2682299354208189,0.04450563443330579,LIVE
TR-009179,TR-C03390,2024-12-29,0,evaluation,0.11070361499826416,0.02172774972294024,LIVE
TR-009501,TR-C01395,2024-12-29,0,evaluation,0.022917032256645074,0.014486976083214321,LIVE
TR-001438,TR-C00983,2024-12-30,0,evaluation,0.04624745597593347,0.016139283716491648,LIVE
TR-002073,TR-C05159,2024-12-30,1,evaluation,0.8810369845006399,0.4537329581704199,LIVE
TR-005021,TR-C04599,2024-12-30,0,evaluation,0.0182073355609349,0.014174228990112442,LIVE
TR-005791,TR-C00251,2024-12-30,0,evaluation,0.07601954291254308,0.018519110037025343,LIVE
TR-006916,TR-C03618,2024-12-30,0,evaluation,0.028013734711908368,0.01483308435368373,LIVE
TR-000251,TR-C01382,2024-12-31,0,evaluation,0.014858750709302239,0.013955923497698256,LIVE
TR-002906,TR-C01347,2024-12-31,0,evaluation,0.22762162363105862,0.037057372005733565,LIVE
TR-003861,TR-C05398,2024-12-31,0,evaluation,0.0881173083140396,0.019581703705513317,LIVE
TR-004412,TR-C03084,2024-12-31,0,evaluation,0.21819061470804635,0.035507267568206866,LIVE
TR-004453,TR-C01245,2024-12-31,0,evaluation,0.01643318118507186,0.014058149947601654,LIVE
TR-007585,TR-C03378,2024-12-31,0,evaluation,0.13961565493156,0.02481273573656395,LIVE
TR-008027,TR-C05584,2024-12-31,0,evaluation,0.09643384162239525,0.02034660383255481,LIVE
