application_id,customer_id,application_date,default_within_90d,region,fold,source,split_role,LightGBM,XGBoost,Logistic,Equal,Weighted,Stack
TR-001160,TR-C03997,2023-01-01,0,eastern,1,EDUCATIONAL_EXAMPLE,OOF,0.03205506367366705,0.04410739615559578,0.046658715389432316,0.04094039173956505,0.046020885580973184,0.0679559763158497
TR-003137,TR-C00314,2023-01-01,0,central,1,EDUCATIONAL_EXAMPLE,OOF,0.11489794897369165,0.18479527533054352,0.15473977118795654,0.1514776651640639,0.16225364722360328,0.11069442687567586
TR-004529,TR-C06466,2023-01-01,0,eastern,1,EDUCATIONAL_EXAMPLE,OOF,0.045667619216049955,0.08051837235689163,0.08869998880449984,0.0716286601258138,0.08665458469259779,0.07914917172126253
TR-004666,TR-C03715,2023-01-01,0,western,1,EDUCATIONAL_EXAMPLE,OOF,0.012286188514429402,0.014516671188175678,0.006242516786508726,0.01101512549637127,0.008311055386925465,0.05870951156397832
TR-008372,TR-C06091,2023-01-01,0,central,1,EDUCATIONAL_EXAMPLE,OOF,0.03727356542523572,0.06112614646553993,0.033607998243066824,0.04400257004461416,0.0404875352986851,0.06789580507918228
TR-008609,TR-C02782,2023-01-01,0,western,1,EDUCATIONAL_EXAMPLE,OOF,0.3192535909167596,0.33336973190307617,0.1675255573168725,0.2733829600455694,0.20898660096342342,0.1606313923713005
TR-008986,TR-C03056,2023-01-01,0,other,1,EDUCATIONAL_EXAMPLE,OOF,0.040742474100360034,0.043888866901397705,0.12833883384840858,0.07099005828338877,0.10722634211165585,0.08172101710150788
TR-000048,TR-C02346,2023-01-02,0,central,1,EDUCATIONAL_EXAMPLE,OOF,0.04616998435443857,0.04047003760933876,0.0376066613672827,0.04141556111035335,0.038322505427796714,0.06706590319019648
TR-001784,TR-C06310,2023-01-02,0,western,1,EDUCATIONAL_EXAMPLE,OOF,0.04455718678123563,0.054167233407497406,0.10905015061291219,0.06925819026721508,0.0953294213115585,0.07973270103467996
TR-004869,TR-C03637,2023-01-02,0,western,1,EDUCATIONAL_EXAMPLE,OOF,0.49986147236802014,0.4720195531845093,0.3957580911913625,0.4558797055812973,0.4148234566896492,0.32022340944687044
TR-005220,TR-C02062,2023-01-02,0,western,1,EDUCATIONAL_EXAMPLE,OOF,0.02144421271060747,0.014509462751448154,0.006571504487290049,0.014175059983115223,0.008555994053329576,0.059201737344754424
TR-007824,TR-C03545,2023-01-02,0,western,1,EDUCATIONAL_EXAMPLE,OOF,0.015904601370240065,0.019388621672987938,0.018185654338387054,0.01782629246053835,0.018486396172037275,0.06087118991123686
TR-008493,TR-C02493,2023-01-02,0,western,1,EDUCATIONAL_EXAMPLE,OOF,0.012745879712480736,0.02374846115708351,0.04462574357398872,0.02704002814785099,0.03940642296976242,0.06474140735675106
TR-004046,TR-C04586,2023-01-03,0,other,1,EDUCATIONAL_EXAMPLE,OOF,0.14345609958395353,0.21588119864463806,0.1270793807509835,0.1621388929931917,0.14927983522439714,0.11129923207609023
TR-004069,TR-C06415,2023-01-03,0,western,1,EDUCATIONAL_EXAMPLE,OOF,0.07413786447898932,0.10783854126930237,0.13294470655180726,0.10497370410003298,0.12666816523118105,0.09241654785818165
TR-004152,TR-C01724,2023-01-03,0,central,1,EDUCATIONAL_EXAMPLE,OOF,0.010275318081459525,0.019574344158172607,0.006391029523338926,0.01208023058765702,0.009686858182047347,0.05904349248517217
TR-004765,TR-C03174,2023-01-03,1,western,1,EDUCATIONAL_EXAMPLE,OOF,0.17542427348993206,0.15984249114990234,0.07822158175250396,0.1378294487974461,0.09862680910185356,0.09563462781569719
TR-006062,TR-C02494,2023-01-03,0,western,1,EDUCATIONAL_EXAMPLE,OOF,0.012167000800081158,0.022477878257632256,0.016962538136473887,0.017202472398062434,0.01834137316676348,0.06077818114404407
TR-007448,TR-C02479,2023-01-03,1,central,1,EDUCATIONAL_EXAMPLE,OOF,0.23186236036797467,0.25242188572883606,0.35624301384203105,0.28017575331294725,0.3302877318137323,0.19673987695808318
TR-008099,TR-C02388,2023-01-03,0,central,1,EDUCATIONAL_EXAMPLE,OOF,0.13021960620582632,0.10552062094211578,0.24536740667010368,0.16036921127268192,0.2104057102381067,0.12195693759025686
TR-008761,TR-C04634,2023-01-03,0,central,1,EDUCATIONAL_EXAMPLE,OOF,0.036299539866842916,0.046574320644140244,0.007657389746346645,0.030177083419109935,0.017386622470795046,0.06280942574475082
TR-009800,TR-C02929,2023-01-03,1,other,1,EDUCATIONAL_EXAMPLE,OOF,0.034640832213799905,0.032403118908405304,0.0757774082781513,0.047607119800118836,0.0649338359357148,0.07142130393810737
TR-000150,TR-C04054,2023-01-04,0,central,1,EDUCATIONAL_EXAMPLE,OOF,0.08945085688829418,0.04348621889948845,0.06648914570737603,0.06647540716505289,0.06073841400540414,0.0743297745390916
TR-001565,TR-C01185,2023-01-04,0,eastern,1,EDUCATIONAL_EXAMPLE,OOF,0.0585173869713531,0.06753756105899811,0.05595271688490477,0.06066922163841867,0.0588489279284281,0.07319000717632962
TR-001931,TR-C01060,2023-01-04,0,western,1,EDUCATIONAL_EXAMPLE,OOF,0.053571739493457615,0.047553952783346176,0.009954153181030424,0.0370266151526114,0.019354103081609363,0.06412521460064223
TR-002231,TR-C05639,2023-01-04,0,central,1,EDUCATIONAL_EXAMPLE,OOF,0.21130638636104448,0.1989176720380783,0.4434604104613322,0.28456148962015165,0.38232472585551874,0.21434431723080402
TR-004017,TR-C06476,2023-01-04,0,central,1,EDUCATIONAL_EXAMPLE,OOF,0.05678698033300103,0.053539011627435684,0.04860717103844535,0.05297772099962735,0.04984013118569293,0.07055925321913088
TR-004574,TR-C00923,2023-01-04,0,eastern,1,EDUCATIONAL_EXAMPLE,OOF,0.013878658662834442,0.027515554800629616,0.026710070612087435,0.022701428025183833,0.02691144165922298,0.06262214649502344
TR-008007,TR-C05892,2023-01-04,0,central,1,EDUCATIONAL_EXAMPLE,OOF,0.1741091970512322,0.22738221287727356,0.1587968755581794,0.18676276182889504,0.17594320988795292,0.12358701847707396
TR-008014,TR-C05637,2023-01-04,0,eastern,1,EDUCATIONAL_EXAMPLE,OOF,0.016505551484863278,0.03900440037250519,0.11423755538657336,0.056582502414647275,0.09542926663305631,0.07720121451625574
TR-009760,TR-C01460,2023-01-04,0,eastern,1,EDUCATIONAL_EXAMPLE,OOF,0.09474273782912915,0.10304540395736694,0.09308192976730363,0.09695669051793325,0.09557279831481946,0.08572513414188433
TR-009829,TR-C00157,2023-01-04,0,other,1,EDUCATIONAL_EXAMPLE,OOF,0.023846811064504612,0.04290620982646942,0.04602795807354384,0.037593659654839295,0.04524752101177523,0.06729252448515233
TR-009875,TR-C02097,2023-01-04,0,other,1,EDUCATIONAL_EXAMPLE,OOF,0.02418560667628559,0.0337027944624424,0.024896943925382525,0.02759511502137017,0.027098406559647494,0.06344846886889771
TR-000929,TR-C05598,2023-01-05,0,central,1,EDUCATIONAL_EXAMPLE,OOF,0.08145919517280269,0.0533469058573246,0.22897114616044106,0.12125908239685612,0.18506508608466193,0.10596026991407764
TR-001071,TR-C06136,2023-01-05,0,other,1,EDUCATIONAL_EXAMPLE,OOF,0.007325473885097527,0.01272865105420351,0.004539512040169774,0.008197878993156937,0.006586796793678208,0.05810280643654639
TR-005216,TR-C00429,2023-01-05,0,central,1,EDUCATIONAL_EXAMPLE,OOF,0.017273939884949806,0.019203227013349533,0.013305291790125576,0.016594152896141637,0.014779775595931566,0.060271989590667506
TR-005640,TR-C05850,2023-01-05,0,western,1,EDUCATIONAL_EXAMPLE,OOF,0.1656494676562357,0.12643741071224213,0.18102270502454573,0.1577031944643412,0.16737638144646982,0.11274297980449434
TR-007701,TR-C01771,2023-01-05,0,other,1,EDUCATIONAL_EXAMPLE,OOF,0.02528340680842052,0.030724110081791878,0.05376889863631784,0.036592138508843415,0.04800770149768635,0.06738661296585585
TR-008794,TR-C06493,2023-01-05,0,central,1,EDUCATIONAL_EXAMPLE,OOF,0.05496253948765092,0.06960068643093109,0.058111724882488225,0.060891650267023416,0.06098396526959894,0.07352777049971206
TR-000789,TR-C05833,2023-01-06,0,central,1,EDUCATIONAL_EXAMPLE,OOF,0.026502555955895228,0.029028842225670815,0.008153128571386092,0.021228175584317378,0.013372056984957272,0.06087258900101574
TR-001979,TR-C06174,2023-01-06,0,eastern,1,EDUCATIONAL_EXAMPLE,OOF,0.025037922199549676,0.028369730338454247,0.008139558415241239,0.020515736984415053,0.013197101396044492,0.06074118441415531
TR-002601,TR-C04403,2023-01-06,0,western,1,EDUCATIONAL_EXAMPLE,OOF,0.052515534068403064,0.07903401553630829,0.06836347193496703,0.06663767384655946,0.07103110783530234,0.07600676285837543
TR-003122,TR-C06389,2023-01-06,0,eastern,1,EDUCATIONAL_EXAMPLE,OOF,0.013975837457683271,0.023579014465212822,0.01789587955409082,0.018483577158995637,0.01931666328187132,0.06108827011335703
TR-004307,TR-C04077,2023-01-06,0,eastern,1,EDUCATIONAL_EXAMPLE,OOF,0.10021883811851612,0.15002116560935974,0.05565210212909569,0.10196403528565719,0.07924436799916171,0.08464695066564504
TR-004882,TR-C00810,2023-01-06,0,eastern,1,EDUCATIONAL_EXAMPLE,OOF,0.08869100960523806,0.12789955735206604,0.08240124639268091,0.09966393778332834,0.09377582413252719,0.08621193608673398
TR-005881,TR-C02622,2023-01-06,0,central,1,EDUCATIONAL_EXAMPLE,OOF,0.05327875256014544,0.04167216643691063,0.011720046991324898,0.03555698866279366,0.019208076852721332,0.06383871673018128
TR-009451,TR-C04404,2023-01-06,0,western,1,EDUCATIONAL_EXAMPLE,OOF,0.018141314143118124,0.02065323106944561,0.017196481958212426,0.018663675723592052,0.018060669236020722,0.06095819948958517
TR-009521,TR-C04221,2023-01-06,0,western,1,EDUCATIONAL_EXAMPLE,OOF,0.03474389175115521,0.03713785111904144,0.13008314490794518,0.06732162925938061,0.10684682146071925,0.08088677108990351
TR-000439,TR-C05695,2023-01-07,0,other,1,EDUCATIONAL_EXAMPLE,OOF,0.0154439671683134,0.03375015780329704,0.031227575716735474,0.026807233562781974,0.03185822123837587,0.06387806311827221
TR-001595,TR-C03397,2023-01-07,0,central,1,EDUCATIONAL_EXAMPLE,OOF,0.017747163773818467,0.02213636226952076,0.017880162154650325,0.019254562732663183,0.018944212183367934,0.061155700481488585
TR-001639,TR-C03696,2023-01-07,0,other,1,EDUCATIONAL_EXAMPLE,OOF,0.015977383097124962,0.02990134246647358,0.08766718748542512,0.04451530434967455,0.07322572623068724,0.0719353924044512
TR-002195,TR-C00374,2023-01-07,0,central,1,EDUCATIONAL_EXAMPLE,OOF,0.012668668865899199,0.024603204801678658,0.028137290437892117,0.021803054701823324,0.02725376902883875,0.06250411644312348
TR-008583,TR-C03521,2023-01-07,0,central,1,EDUCATIONAL_EXAMPLE,OOF,0.011733002777713768,0.01443892065435648,0.01225300722439755,0.0128083102188226,0.012799485581887282,0.05946118857847578
TR-000700,TR-C01477,2023-01-08,0,western,1,EDUCATIONAL_EXAMPLE,OOF,0.017569695497914484,0.03025427833199501,0.05267888612120468,0.033500953317038056,0.04707273417390226,0.06675555559789345
TR-002239,TR-C04752,2023-01-08,0,central,1,EDUCATIONAL_EXAMPLE,OOF,0.014221060332016325,0.020430834963917732,0.012363481890803222,0.01567179239557909,0.01438032015908185,0.060096291440018976
TR-003450,TR-C03854,2023-01-08,0,central,1,EDUCATIONAL_EXAMPLE,OOF,0.039043762993779305,0.05216433107852936,0.060331933991192924,0.05051334268783386,0.058290033263027036,0.07120566665027978
TR-004037,TR-C01506,2023-01-08,1,central,1,EDUCATIONAL_EXAMPLE,OOF,0.059277192302754626,0.10655079036951065,0.21145465582605874,0.12576087949944134,0.18522868946192173,0.10764462165442278
TR-004756,TR-C06073,2023-01-08,1,other,1,EDUCATIONAL_EXAMPLE,OOF,0.06882683484256805,0.08215484768152237,0.04520483296220672,0.06539550516209904,0.05444233664203563,0.07355906247072706
TR-005731,TR-C02500,2023-01-08,0,other,1,EDUCATIONAL_EXAMPLE,OOF,0.009877933043664152,0.014863083139061928,0.00993983411989085,0.011560283434205643,0.01117064637468362,0.059101301795689835
TR-006086,TR-C00143,2023-01-08,0,other,1,EDUCATIONAL_EXAMPLE,OOF,0.015684573127258655,0.022186601534485817,0.01765841601760737,0.018509863559783946,0.018790462396826982,0.06102529510854571
TR-006300,TR-C05088,2023-01-08,0,western,1,EDUCATIONAL_EXAMPLE,OOF,0.06760779592409447,0.07852359116077423,0.11795980461182691,0.08803039723223187,0.10810075124906374,0.08558984670519677
TR-008061,TR-C03796,2023-01-08,0,western,1,EDUCATIONAL_EXAMPLE,OOF,0.024561322858198283,0.03271972015500069,0.074837598311923,0.04403954710837399,0.06430812877269243,0.07071706383784927
TR-009770,TR-C03493,2023-01-08,0,other,1,EDUCATIONAL_EXAMPLE,OOF,0.011703774510626909,0.021640002727508545,0.019217791065611778,0.017520522767915745,0.01982334398108597,0.06098711570927827
TR-000879,TR-C03640,2023-01-09,0,western,1,EDUCATIONAL_EXAMPLE,OOF,0.052460936379717674,0.05215122550725937,0.030918447208112217,0.04517686969836309,0.036226641782899006,0.06751025377623855
TR-000956,TR-C05514,2023-01-09,0,central,1,EDUCATIONAL_EXAMPLE,OOF,0.17789359197504137,0.1204751580953598,0.08650877258019914,0.1282925075502001,0.0950003689589893,0.09253272138148494
TR-001374,TR-C03683,2023-01-09,0,western,1,EDUCATIONAL_EXAMPLE,OOF,0.013723475332061934,0.03056943416595459,0.01607475991663557,0.020122556471550698,0.019698428478965326,0.06142214303491086
TR-003549,TR-C02447,2023-01-09,0,other,1,EDUCATIONAL_EXAMPLE,OOF,0.025812155589522823,0.02075214311480522,0.004428374009740281,0.016997557571356108,0.008509316286006516,0.05965102132506705
TR-004696,TR-C04271,2023-01-09,0,eastern,1,EDUCATIONAL_EXAMPLE,OOF,0.05069866622889677,0.06193818151950836,0.06991928739894873,0.06085204504911795,0.06792401092908865,0.0743957427289565
TR-005224,TR-C04766,2023-01-09,0,other,1,EDUCATIONAL_EXAMPLE,OOF,0.02667223252516363,0.026668699458241463,0.009687363531375164,0.021009431838260085,0.013932697513091738,0.06088832033865126
TR-005432,TR-C01514,2023-01-09,1,western,1,EDUCATIONAL_EXAMPLE,OOF,0.27629971235997364,0.20996345579624176,0.2717845461901978,0.2526825714488044,0.2563292735917088,0.1640287265945775
TR-007061,TR-C03907,2023-01-09,0,other,1,EDUCATIONAL_EXAMPLE,OOF,0.04070700913077369,0.08893852680921555,0.08166239891234356,0.07043597828411093,0.08348143088656156,0.0785308588878171
TR-007660,TR-C06119,2023-01-09,0,central,1,EDUCATIONAL_EXAMPLE,OOF,0.028029619395836047,0.05375473201274872,0.10398775882611591,0.061924036744900234,0.09142950212277412,0.07776378037049485
TR-008743,TR-C00137,2023-01-09,0,central,1,EDUCATIONAL_EXAMPLE,OOF,0.011952013963513166,0.037505149841308594,0.030263943040286092,0.02657370228170262,0.03207424474054172,0.06388888859252675
TR-009517,TR-C01546,2023-01-09,0,central,1,EDUCATIONAL_EXAMPLE,OOF,0.07882037346346883,0.12263096123933792,0.16988016119325897,0.12377716529868858,0.1580678612047787,0.10231952531565368
TR-001436,TR-C00412,2023-01-10,0,other,1,EDUCATIONAL_EXAMPLE,OOF,0.013685683342907498,0.021235283464193344,0.0034059573870489504,0.01277564139804993,0.007863288906335048,0.05895767129195055
TR-001775,TR-C02919,2023-01-10,0,central,1,EDUCATIONAL_EXAMPLE,OOF,0.02236195521281957,0.029205765575170517,0.018458559418082505,0.0233420934020242,0.02114536095735451,0.06207336665070568
TR-002561,TR-C01657,2023-01-10,0,eastern,1,EDUCATIONAL_EXAMPLE,OOF,0.011537870525031258,0.01896875724196434,0.016202845744647528,0.015569824503881044,0.01689432361897673,0.060350449123865495
TR-003639,TR-C00078,2023-01-10,0,eastern,1,EDUCATIONAL_EXAMPLE,OOF,0.019182445971503696,0.032206933945417404,0.03928892607931871,0.030226101998746605,0.037518428045843384,0.06508327099103554
TR-004771,TR-C04746,2023-01-10,0,other,1,EDUCATIONAL_EXAMPLE,OOF,0.21250709140390936,0.12906533479690552,0.08066199703418875,0.1407448077450012,0.09276283147486794,0.09504662505485889
TR-007386,TR-C04653,2023-01-10,0,central,1,EDUCATIONAL_EXAMPLE,OOF,0.1409904235988815,0.18341194093227386,0.11515578281545678,0.14651938244887072,0.13221982234466106,0.10380631805990392
TR-007704,TR-C03098,2023-01-10,0,western,1,EDUCATIONAL_EXAMPLE,OOF,0.0799242114872326,0.10128407180309296,0.13211344466557484,0.10444057598530014,0.12440610144995437,0.09187311352074298
TR-000850,TR-C03823,2023-01-11,0,central,1,EDUCATIONAL_EXAMPLE,OOF,0.009814849012929897,0.016918886452913284,0.013366582150586993,0.013366772538810058,0.014254658226168566,0.059717617974974026
TR-000958,TR-C04503,2023-01-11,0,other,1,EDUCATIONAL_EXAMPLE,OOF,0.020931934973898666,0.029273217543959618,0.015463961988059204,0.02188970483530583,0.018916275877034306,0.061597408442536104
TR-001021,TR-C05341,2023-01-11,0,other,1,EDUCATIONAL_EXAMPLE,OOF,0.03701899409928022,0.051752351224422455,0.06409049366930997,0.05095394633100422,0.06100595805808809,0.07163226086890409
TR-002352,TR-C02798,2023-01-11,0,eastern,1,EDUCATIONAL_EXAMPLE,OOF,0.012069964107362136,0.03501057252287865,0.04444623908158685,0.030508925237275875,0.0420873224419098,0.06569175469600329
TR-002445,TR-C04907,2023-01-11,0,central,1,EDUCATIONAL_EXAMPLE,OOF,0.009964770998564318,0.018649550154805183,0.00844061693815574,0.012351646030508414,0.010992850242318102,0.05922029656406004
TR-002673,TR-C02368,2023-01-11,0,central,1,EDUCATIONAL_EXAMPLE,OOF,0.037461737117354926,0.04242279753088951,0.019791595364958843,0.03322537667106776,0.025449395906441512,0.06420243542781894
TR-003054,TR-C01177,2023-01-11,1,central,1,EDUCATIONAL_EXAMPLE,OOF,0.6604713079411697,0.7423282861709595,0.8006414134695594,0.7344803358605629,0.7860631316449094,0.6769222607356217
TR-003066,TR-C02919,2023-01-11,0,central,1,EDUCATIONAL_EXAMPLE,OOF,0.39489249406699983,0.2343200147151947,0.2112349580394985,0.280149155607231,0.21700622220842253,0.16384213031241696
TR-003479,TR-C02423,2023-01-11,0,central,1,EDUCATIONAL_EXAMPLE,OOF,0.0634657764504555,0.0793851763010025,0.10993893303353053,0.08426329526166283,0.10230049385039852,0.0839415173968302
TR-003826,TR-C05500,2023-01-11,0,western,1,EDUCATIONAL_EXAMPLE,OOF,0.012169880486353977,0.02381099946796894,0.006367604717006687,0.014116161557109869,0.01072845340474725,0.05948229943460154
TR-004123,TR-C05794,2023-01-11,0,other,1,EDUCATIONAL_EXAMPLE,OOF,0.0068984221860675585,0.022065000608563423,0.018179018842499662,0.01571414721237688,0.019150514284015603,0.06064044132748438
TR-004226,TR-C00774,2023-01-11,0,central,1,EDUCATIONAL_EXAMPLE,OOF,0.3127129434880813,0.21922682225704193,0.2586839998572129,0.2635412552007787,0.24881970545717016,0.1661123715878227
TR-005716,TR-C03603,2023-01-11,1,western,1,EDUCATIONAL_EXAMPLE,OOF,0.04586129202308316,0.05533365532755852,0.07300973066118199,0.058068226003941216,0.06859071182777612,0.07393150504770166
TR-007308,TR-C01572,2023-01-11,0,eastern,1,EDUCATIONAL_EXAMPLE,OOF,0.006937097634691022,0.012577532790601254,0.007549559302349259,0.009021396575880511,0.008806552674412257,0.05845995243314658
TR-007574,TR-C01991,2023-01-11,0,other,1,EDUCATIONAL_EXAMPLE,OOF,0.0828781466439812,0.16538099944591522,0.023908429441340157,0.09072252517707885,0.059276571942483924,0.07957573974849536
TR-008406,TR-C05912,2023-01-11,0,eastern,1,EDUCATIONAL_EXAMPLE,OOF,0.06467792278586977,0.12629756331443787,0.07846133076315685,0.0898122722878215,0.0904203889009771,0.0836561900554744
TR-009617,TR-C06495,2023-01-11,0,other,1,EDUCATIONAL_EXAMPLE,OOF,0.024445186464837693,0.033285900950431824,0.06402434959114225,0.040585145668803925,0.05633973743096465,0.06911224539455166
TR-005061,TR-C02126,2023-01-12,0,eastern,1,EDUCATIONAL_EXAMPLE,OOF,0.08040671154210086,0.09101475775241852,0.04678628555400738,0.07273591828284225,0.05784340360361016,0.07542300156918788
TR-006710,TR-C03490,2023-01-12,1,other,1,EDUCATIONAL_EXAMPLE,OOF,0.11096251070829123,0.14109967648983002,0.3079579542998711,0.1866733804993308,0.2662433848473608,0.14288748649347277
TR-007168,TR-C01093,2023-01-12,0,other,1,EDUCATIONAL_EXAMPLE,OOF,0.045492111856402465,0.03996763005852699,0.017434134027185477,0.034297958647371646,0.023067508035020855,0.06407937111991732
TR-007797,TR-C00960,2023-01-12,0,western,1,EDUCATIONAL_EXAMPLE,OOF,0.0922188747521207,0.07227107882499695,0.05202929255172576,0.0721730820429478,0.05708973912004356,0.07508467797725475
TR-008450,TR-C03965,2023-01-12,0,western,1,EDUCATIONAL_EXAMPLE,OOF,0.1405216752321311,0.07473170012235641,0.08731778020285175,0.10085705185244642,0.08417126018272791,0.084574928948916
TR-001143,TR-C02558,2023-01-13,0,western,1,EDUCATIONAL_EXAMPLE,OOF,0.034828020909126386,0.0374566912651062,0.03204746443475682,0.03477739220299647,0.033399771142344166,0.06536241923814119
TR-002019,TR-C00420,2023-01-13,0,other,1,EDUCATIONAL_EXAMPLE,OOF,0.007572845421037149,0.015272583812475204,0.021670076634803456,0.014838501956105268,0.020070703429221393,0.06057121946987911
TR-005311,TR-C02318,2023-01-13,0,other,1,EDUCATIONAL_EXAMPLE,OOF,0.04607184023952141,0.10724199563264847,0.18995013961575544,0.11442132516264177,0.1692731036199787,0.10190434582618665
TR-007397,TR-C04214,2023-01-13,0,central,1,EDUCATIONAL_EXAMPLE,OOF,0.018561449874535823,0.04054189845919609,0.038394740698909725,0.03249936301088055,0.03893153013898132,0.06567237466811851
TR-007423,TR-C02692,2023-01-13,0,other,1,EDUCATIONAL_EXAMPLE,OOF,0.14673064616786174,0.19546592235565186,0.12090483139446581,0.15436713330599314,0.13954510413476232,0.10723906685485579
TR-007780,TR-C04729,2023-01-13,0,other,1,EDUCATIONAL_EXAMPLE,OOF,0.016438386751038696,0.025214511901140213,0.026376522267522306,0.022676473639900403,0.026086019675926782,0.06251007618205123
TR-007925,TR-C04205,2023-01-13,1,eastern,1,EDUCATIONAL_EXAMPLE,OOF,0.3491879578393322,0.22756259143352509,0.20159760128477472,0.25944938351921065,0.20808884882196232,0.1540736394743883
TR-008385,TR-C03151,2023-01-13,0,central,1,EDUCATIONAL_EXAMPLE,OOF,0.029095799136356994,0.060110997408628464,0.1212399899867416,0.07014892884390901,0.10595774184221332,0.08149077442395339
TR-009632,TR-C00878,2023-01-13,0,western,1,EDUCATIONAL_EXAMPLE,OOF,0.04723776615118331,0.03480726480484009,0.009423103584542316,0.03048937818018857,0.015769143889616758,0.06260263366290823
TR-000265,TR-C04804,2023-01-14,0,other,1,EDUCATIONAL_EXAMPLE,OOF,0.016162837432553916,0.019556473940610886,0.023969815040785204,0.01989637547131667,0.022866479765741625,0.061680488388552036
TR-006585,TR-C02909,2023-01-14,1,western,1,EDUCATIONAL_EXAMPLE,OOF,0.12375548585228484,0.12166812270879745,0.1507545129252252,0.13205937382876917,0.14348291537111826,0.10171703591753507
TR-008066,TR-C02085,2023-01-14,0,eastern,1,EDUCATIONAL_EXAMPLE,OOF,0.07586783173983704,0.06845277547836304,0.04190184953123124,0.06207415224981044,0.048539581018014186,0.07209149385475104
TR-008339,TR-C04394,2023-01-14,0,eastern,1,EDUCATIONAL_EXAMPLE,OOF,0.49438972406916487,0.2844824194908142,0.26583057963347134,0.3482342410644835,0.2704935395978071,0.20758907077710967
TR-003089,TR-C05612,2023-01-15,0,western,1,EDUCATIONAL_EXAMPLE,OOF,0.02020833689340913,0.021306339651346207,0.007815764812772146,0.016443480452509162,0.011188408522415661,0.05986542204685105
TR-003349,TR-C01793,2023-01-15,0,eastern,1,EDUCATIONAL_EXAMPLE,OOF,0.02402686503682705,0.0417063906788826,0.030668068767051488,0.032133774827587044,0.03342764924500927,0.06496408616994213
TR-004637,TR-C05100,2023-01-15,0,other,1,EDUCATIONAL_EXAMPLE,OOF,0.007513135766623086,0.014105395413935184,0.012832220480368112,0.011483583886975462,0.01315051421375988,0.05930102679870007
TR-004828,TR-C01733,2023-01-15,0,eastern,1,EDUCATIONAL_EXAMPLE,OOF,0.02759859838299484,0.032174237072467804,0.0529780714445856,0.03758363563334941,0.04777711285155615,0.06753320829113993
TR-005300,TR-C03223,2023-01-15,1,western,1,EDUCATIONAL_EXAMPLE,OOF,0.021857474815025677,0.02346321940422058,0.01741099830158408,0.02091056417361011,0.018924053577243208,0.061414238945511075
TR-005779,TR-C02613,2023-01-15,0,other,1,EDUCATIONAL_EXAMPLE,OOF,0.006432840262282309,0.011234497651457787,0.00291602395669282,0.0068611206234776385,0.004995642380384062,0.057731265468264056
TR-006121,TR-C02933,2023-01-15,0,central,1,EDUCATIONAL_EXAMPLE,OOF,0.009959660929006709,0.017563343048095703,0.007860112471783743,0.011794372149628718,0.010285920115861734,0.05905500361112216
TR-006964,TR-C01361,2023-01-15,0,eastern,1,EDUCATIONAL_EXAMPLE,OOF,0.07962922985184762,0.03431049361824989,0.009513747345893449,0.04115115693866365,0.01571293391398256,0.0642758906323958
TR-007284,TR-C03020,2023-01-15,0,western,1,EDUCATIONAL_EXAMPLE,OOF,0.044854877553172356,0.03827569633722305,0.024059937486135462,0.03573017045884363,0.027613877198907358,0.0648338589046879
TR-009001,TR-C05019,2023-01-15,0,eastern,1,EDUCATIONAL_EXAMPLE,OOF,0.39750503013690924,0.3073694109916687,0.4847824556988721,0.3965522989424833,0.44042919452207124,0.29380127213130747
TR-009395,TR-C00354,2023-01-15,0,western,1,EDUCATIONAL_EXAMPLE,OOF,0.015225142755993775,0.02068203128874302,0.013907799469135187,0.01660499117129066,0.015601357424037145,0.06037303779146426
TR-009787,TR-C05308,2023-01-15,0,central,1,EDUCATIONAL_EXAMPLE,OOF,0.01220679835420523,0.03242800384759903,0.008914803790394128,0.01784986866406613,0.014793103804695354,0.060538672111402535
TR-006515,TR-C05800,2023-01-16,0,central,1,EDUCATIONAL_EXAMPLE,OOF,0.08319046961120106,0.13769812881946564,0.1586692494226918,0.1265192826177862,0.15342646927188527,0.10229600466044883
TR-007344,TR-C04055,2023-01-16,0,eastern,1,EDUCATIONAL_EXAMPLE,OOF,0.026605667990320107,0.032759908586740494,0.03579535579242001,0.03172031078982687,0.03503649399100013,0.06503331035951022
TR-008201,TR-C04087,2023-01-16,0,western,1,EDUCATIONAL_EXAMPLE,OOF,0.03486910178690463,0.035086095333099365,0.03637463760560228,0.03544327824186876,0.03605250203747655,0.06577350952196163
TR-001665,TR-C00157,2023-01-17,0,other,1,EDUCATIONAL_EXAMPLE,OOF,0.01575496122587571,0.025025008246302605,0.03171776444809565,0.02416591130675799,0.03004457539764739,0.06319734943038291
TR-002695,TR-C03008,2023-01-17,0,western,1,EDUCATIONAL_EXAMPLE,OOF,0.04383591893281044,0.03467971831560135,0.012096757362219358,0.03020413153687705,0.017742497600564858,0.06278379426998869
TR-004701,TR-C00991,2023-01-17,0,eastern,1,EDUCATIONAL_EXAMPLE,OOF,0.011160578320942508,0.014373780228197575,0.00567726801613508,0.010403875521758386,0.007851396069150704,0.058569527331289443
TR-004730,TR-C05389,2023-01-17,0,western,1,EDUCATIONAL_EXAMPLE,OOF,0.008149645405823937,0.01799835078418255,0.014089751743007974,0.013412582644338153,0.015066901503301618,0.05981972512656685
TR-005749,TR-C02698,2023-01-17,0,western,1,EDUCATIONAL_EXAMPLE,OOF,0.02566499509295657,0.026434414088726044,0.05240744170720889,0.034835616962963833,0.04591418480258817,0.0668114653187306
TR-006846,TR-C01136,2023-01-17,0,central,1,EDUCATIONAL_EXAMPLE,OOF,0.0465872616477718,0.07227584719657898,0.07769182768842378,0.06551831217759152,0.07633783256546259,0.07647908132345822
TR-006860,TR-C05827,2023-01-17,0,western,1,EDUCATIONAL_EXAMPLE,OOF,0.08496269410865213,0.11383268982172012,0.07060907989972894,0.08980148794336706,0.08141498238022674,0.08222063633364951
TR-008273,TR-C02931,2023-01-17,0,other,1,EDUCATIONAL_EXAMPLE,OOF,0.04415946052992332,0.07280194014310837,0.07142916122246505,0.06279685396516559,0.07177235595262588,0.07535021350898463
TR-009367,TR-C01243,2023-01-17,0,central,1,EDUCATIONAL_EXAMPLE,OOF,0.009503630818905819,0.02563762478530407,0.03173307855456534,0.02229144471959174,0.030209215112250026,0.06292578242055623
TR-009673,TR-C00771,2023-01-17,0,central,1,EDUCATIONAL_EXAMPLE,OOF,0.016430172090749602,0.0356181375682354,0.07300752781255958,0.04168527915718153,0.06366018025147853,0.07024362762306324
TR-009938,TR-C05568,2023-01-17,0,western,1,EDUCATIONAL_EXAMPLE,OOF,0.07408528604674001,0.07799780368804932,0.08608510707340714,0.07938939893606549,0.08406328122706769,0.08027165030960307
TR-000197,TR-C01495,2023-01-18,0,eastern,1,EDUCATIONAL_EXAMPLE,OOF,0.01906911304016473,0.02847013995051384,0.048681937922775934,0.032073730304484835,0.043628988429710414,0.0660922296048962
TR-002342,TR-C05929,2023-01-18,0,eastern,1,EDUCATIONAL_EXAMPLE,OOF,0.3359051554137439,0.42361393570899963,0.19617210298959362,0.31856373137077904,0.2530325611694451,0.1917969677598074
TR-002614,TR-C06307,2023-01-18,0,other,1,EDUCATIONAL_EXAMPLE,OOF,0.0199832121094393,0.05068789795041084,0.02159442888318499,0.030755179647678377,0.02886779614999145,0.06425945584042791
TR-004302,TR-C03882,2023-01-18,1,western,1,EDUCATIONAL_EXAMPLE,OOF,0.6648519171051738,0.6827254891395569,0.4555791368924833,0.601052181045738,0.5123657249542517,0.4612520706813037
TR-004306,TR-C03967,2023-01-18,0,western,1,EDUCATIONAL_EXAMPLE,OOF,0.02209855074041794,0.027989014983177185,0.037197223747352334,0.029094929823649154,0.034895171556308544,0.06456470658807117
TR-005260,TR-C01887,2023-01-18,0,central,1,EDUCATIONAL_EXAMPLE,OOF,0.009788494493758227,0.01662086881697178,0.00547527281524404,0.010628212041991348,0.008261671815675975,0.05865915399789993
TR-003094,TR-C00473,2023-01-19,0,central,1,EDUCATIONAL_EXAMPLE,OOF,0.016475961668119283,0.03387840837240219,0.05026232413377255,0.03353889805809801,0.046166345193429964,0.06667443354307848
TR-003752,TR-C03124,2023-01-19,0,western,1,EDUCATIONAL_EXAMPLE,OOF,0.19335827527876895,0.20852786302566528,0.19407922846057568,0.19865512225500329,0.19769138710184808,0.1316172296775662
TR-003955,TR-C03922,2023-01-19,0,western,1,EDUCATIONAL_EXAMPLE,OOF,0.023526791412092202,0.027963673695921898,0.031191094061739543,0.027560519723251214,0.03038423897028513,0.06379068537180639
TR-004625,TR-C04422,2023-01-19,0,eastern,1,EDUCATIONAL_EXAMPLE,OOF,0.013472234210476549,0.01649731770157814,0.010126321650370298,0.013365291187474995,0.011719070663172258,0.05943758580388821
TR-005213,TR-C02437,2023-01-19,0,central,1,EDUCATIONAL_EXAMPLE,OOF,0.08690908153667219,0.11860259622335434,0.06175142119705442,0.08908769965236031,0.0759642149536294,0.08131527600921303
TR-005283,TR-C05654,2023-01-19,0,western,1,EDUCATIONAL_EXAMPLE,OOF,0.5229071973429771,0.41680908203125,0.280668749998571,0.4067950097909327,0.31470383300674076,0.2527048202133706
TR-006270,TR-C01225,2023-01-19,0,central,1,EDUCATIONAL_EXAMPLE,OOF,0.016725954449692243,0.027736231684684753,0.0556457764686693,0.0333693208676821,0.04866839027267316,0.06691220899301749
TR-006352,TR-C02225,2023-01-19,0,eastern,1,EDUCATIONAL_EXAMPLE,OOF,0.13300016644648144,0.09905628114938736,0.10528240763554107,0.11244628507713662,0.10372587601400264,0.09027205218264288
TR-007685,TR-C05218,2023-01-19,0,central,1,EDUCATIONAL_EXAMPLE,OOF,0.015109651589716637,0.022949839010834694,0.033450542265414614,0.023836677621988645,0.030825366451769635,0.06322342417852907
TR-008288,TR-C00769,2023-01-19,0,eastern,1,EDUCATIONAL_EXAMPLE,OOF,0.006360077656576387,0.008586463518440723,0.004212306548750684,0.006386282574589264,0.005305845791173194,0.05768105761227243
TR-001669,TR-C06067,2023-01-20,0,other,1,EDUCATIONAL_EXAMPLE,OOF,0.011664707152036302,0.022665606811642647,0.0429845072831159,0.025771607082264947,0.037904782165247584,0.06435427070667682
TR-003309,TR-C00910,2023-01-20,0,eastern,1,EDUCATIONAL_EXAMPLE,OOF,0.021445394253736764,0.02508479170501232,0.021039114806048823,0.022523100254932635,0.022050534030789697,0.06202537314518142
TR-006081,TR-C01236,2023-01-20,0,other,1,EDUCATIONAL_EXAMPLE,OOF,0.036794654997003115,0.07228986918926239,0.13534283596521288,0.08147578671715945,0.11957959427122525,0.08593272296567832
TR-006213,TR-C04371,2023-01-20,1,other,1,EDUCATIONAL_EXAMPLE,OOF,0.48599597993169347,0.39204928278923035,0.3546955472333153,0.41091360331807975,0.36403398112229407,0.2729975418978225
TR-006451,TR-C00149,2023-01-20,1,other,1,EDUCATIONAL_EXAMPLE,OOF,0.20453165444457824,0.1972465217113495,0.43568304917823947,0.2791537417780557,0.37607391731151696,0.20987540040008515
TR-007277,TR-C02637,2023-01-20,0,central,1,EDUCATIONAL_EXAMPLE,OOF,0.012468615410666767,0.021460790187120438,0.018596946264721383,0.01750878395416953,0.019312907245321146,0.06092723621933126
TR-007392,TR-C03883,2023-01-20,0,central,1,EDUCATIONAL_EXAMPLE,OOF,0.04278321809649467,0.04203766956925392,0.09021688221157735,0.05834592329244198,0.07817207905099649,0.07518063225699546
TR-008247,TR-C05527,2023-01-20,0,central,1,EDUCATIONAL_EXAMPLE,OOF,0.014222760383433748,0.02085603028535843,0.02281419902522762,0.01929766323133993,0.02232465684026032,0.06153496110731354
TR-008265,TR-C05475,2023-01-20,1,western,1,EDUCATIONAL_EXAMPLE,OOF,0.02232165881884652,0.039272163063287735,0.09775364959195199,0.05311582382469541,0.08313327795978592,0.07486936150922074
TR-008548,TR-C06105,2023-01-20,0,central,1,EDUCATIONAL_EXAMPLE,OOF,0.013167188858583211,0.035839784890413284,0.02444579094891502,0.02448425489930384,0.027294289434289586,0.0629944728748299
TR-001939,TR-C05869,2023-01-21,0,eastern,1,EDUCATIONAL_EXAMPLE,OOF,0.02404502153794349,0.03401508927345276,0.06461640602586086,0.0408921722790857,0.05696607683775883,0.06924827654226509
TR-001982,TR-C05206,2023-01-21,0,other,1,EDUCATIONAL_EXAMPLE,OOF,0.009476107997472004,0.01650264859199524,0.010752131958869635,0.012243629516112292,0.012189761117151036,0.059322522431103954
TR-002908,TR-C04144,2023-01-21,0,other,1,EDUCATIONAL_EXAMPLE,OOF,0.024573408021187373,0.024186449125409126,0.02240839618071945,0.02372275110910532,0.02285290941689187,0.06229721567483826
TR-003280,TR-C05476,2023-01-21,0,western,1,EDUCATIONAL_EXAMPLE,OOF,0.0836678753338463,0.22971008718013763,0.2642678495377481,0.19254860401724402,0.2556284089483455,0.14335790758705866
TR-004522,TR-C01865,2023-01-21,0,western,1,EDUCATIONAL_EXAMPLE,OOF,0.004312585385427253,0.010958755388855934,0.004700780139087415,0.006657373637790201,0.006265273951529544,0.05783526558246347
TR-007053,TR-C03659,2023-01-21,0,eastern,1,EDUCATIONAL_EXAMPLE,OOF,0.007260646006971064,0.015960970893502235,0.005906046748355926,0.009709221216276409,0.008419777784642504,0.05853782904058828
TR-008979,TR-C01655,2023-01-21,1,western,1,EDUCATIONAL_EXAMPLE,OOF,0.08768926090828426,0.11360140889883041,0.16192847736230737,0.12107304905647402,0.14984671024643814,0.10012247821015655
TR-009232,TR-C02794,2023-01-21,0,other,1,EDUCATIONAL_EXAMPLE,OOF,0.06742423686203763,0.06767252832651138,0.04243995805111343,0.059178907746554155,0.04874810061996292,0.07160049289036563
TR-009412,TR-C04367,2023-01-21,0,western,1,EDUCATIONAL_EXAMPLE,OOF,0.028724797312975458,0.04268527030944824,0.06040927377204751,0.04393978046482374,0.05597827290639769,0.069703637676233
TR-000172,TR-C02938,2023-01-22,0,other,1,EDUCATIONAL_EXAMPLE,OOF,0.06794310158279165,0.10027513653039932,0.10013883158896043,0.0894523565673838,0.10017290782432016,0.08484884178395495
TR-000972,TR-C01063,2023-01-22,0,other,1,EDUCATIONAL_EXAMPLE,OOF,0.018642093153589695,0.018780985847115517,0.009421177812214908,0.015614752270973373,0.01176112982094006,0.05979013743619946
TR-001180,TR-C00855,2023-01-22,0,other,1,EDUCATIONAL_EXAMPLE,OOF,0.007518932301447817,0.015914559364318848,0.005290068230664709,0.009574519965477124,0.007946191014078244,0.05846692136763815
TR-001459,TR-C00853,2023-01-22,0,western,1,EDUCATIONAL_EXAMPLE,OOF,0.00678796123582837,0.009933458641171455,0.002922513404139095,0.00654797776037964,0.004675249713397185,0.057644883583049866
TR-003535,TR-C01232,2023-01-22,0,other,1,EDUCATIONAL_EXAMPLE,OOF,0.0055506951044075915,0.01361263170838356,0.004722497791535174,0.007961941534775441,0.006945031270747271,0.058111680095379634
TR-003538,TR-C02641,2023-01-22,0,eastern,1,EDUCATIONAL_EXAMPLE,OOF,0.07248292956483364,0.04895284026861191,0.0369134760384176,0.052783081957287724,0.03992331709596618,0.06923653099548516
TR-005245,TR-C02116,2023-01-22,1,central,1,EDUCATIONAL_EXAMPLE,OOF,0.1431065046249218,0.21244043111801147,0.13968791883317797,0.16507828485870377,0.15787604690438634,0.11372031481695831
TR-006009,TR-C05099,2023-01-22,0,eastern,1,EDUCATIONAL_EXAMPLE,OOF,0.009983442615548028,0.025245239958167076,0.005786371262408175,0.013671684612041093,0.0106510884363479,0.059415934524826
TR-006702,TR-C04869,2023-01-22,0,eastern,1,EDUCATIONAL_EXAMPLE,OOF,0.017109285207556994,0.03702738136053085,0.031045997480960034,0.028394221349682627,0.03254134345085274,0.06423065041322065
TR-006907,TR-C00793,2023-01-22,0,eastern,1,EDUCATIONAL_EXAMPLE,OOF,0.2059194473550692,0.26182839274406433,0.20127040116528588,0.22300608042147316,0.21640989905998048,0.14429041545786034
TR-008286,TR-C00419,2023-01-22,0,central,1,EDUCATIONAL_EXAMPLE,OOF,0.03665904709063907,0.05144580081105232,0.04591586545517188,0.044673571118954425,0.04729834929414199,0.06879386761991067
TR-009294,TR-C00061,2023-01-22,0,central,1,EDUCATIONAL_EXAMPLE,OOF,0.02174771694419915,0.04471098259091377,0.03825310223058253,0.03490393392189848,0.03986757232066534,0.06620434518920007
TR-000367,TR-C03232,2023-01-23,0,central,1,EDUCATIONAL_EXAMPLE,OOF,0.019403727955175937,0.025649502873420715,0.011525659133580553,0.018859629987392403,0.015056620068540593,0.06068169241163223
TR-000535,TR-C03961,2023-01-23,0,eastern,1,EDUCATIONAL_EXAMPLE,OOF,0.027567911929951217,0.02602500095963478,0.03106292107149208,0.028218611320359358,0.029803441043527754,0.06381566050561757
TR-000945,TR-C05843,2023-01-23,0,eastern,1,EDUCATIONAL_EXAMPLE,OOF,0.018026911372835196,0.03576711565256119,0.02911426807591915,0.027636098367105177,0.03077747997007966,0.06389572583971558
TR-001287,TR-C01879,2023-01-23,0,western,1,EDUCATIONAL_EXAMPLE,OOF,0.03470629090923862,0.05573617294430733,0.08471681123021768,0.05838642502792121,0.07747165165874009,0.07518928641666309
TR-002095,TR-C03539,2023-01-23,0,central,1,EDUCATIONAL_EXAMPLE,OOF,0.023594966939047737,0.03049680031836033,0.031237112814075915,0.028442960023827995,0.03105203469014702,0.06402425946409107
TR-002640,TR-C01988,2023-01-23,0,other,1,EDUCATIONAL_EXAMPLE,OOF,0.0257981531334261,0.052933286875486374,0.05179561989287271,0.043509019967261725,0.052080036638526124,0.06920463054741972
TR-002936,TR-C05468,2023-01-23,1,other,1,EDUCATIONAL_EXAMPLE,OOF,0.01911154209252016,0.04259709641337395,0.05429128602908362,0.038666641511659244,0.0513677386251562,0.06822555200250446
TR-003874,TR-C00184,2023-01-23,0,other,1,EDUCATIONAL_EXAMPLE,OOF,0.010696557371328937,0.017226438969373703,0.020774976958044256,0.016232657766248965,0.019887842460876617,0.06077320080242034
TR-009244,TR-C06397,2023-01-23,0,central,1,EDUCATIONAL_EXAMPLE,OOF,0.008911172928876353,0.011007879860699177,0.0028141978505907338,0.007577750213388755,0.004862618353117845,0.057819514137593446
TR-009906,TR-C04905,2023-01-23,0,eastern,1,EDUCATIONAL_EXAMPLE,OOF,0.008949116121034073,0.02418917790055275,0.026272342979188054,0.01980354566692496,0.025751551709529228,0.062020262628928235
TR-002559,TR-C00205,2023-01-24,0,other,1,EDUCATIONAL_EXAMPLE,OOF,0.015877846429444942,0.024116015061736107,0.016539242869193047,0.0188443681201247,0.01843343591732881,0.061047443508054654
TR-004998,TR-C01318,2023-01-24,0,western,1,EDUCATIONAL_EXAMPLE,OOF,0.023665637918191602,0.039064325392246246,0.04016961649870779,0.03429985993638188,0.0398932937220924,0.06607307648265344
TR-006315,TR-C04614,2023-01-24,0,central,1,EDUCATIONAL_EXAMPLE,OOF,0.12416888642173982,0.10445185005664825,0.15485475062888732,0.1278251623690918,0.14225402548582755,0.10031956594627309
TR-006357,TR-C00597,2023-01-24,0,western,1,EDUCATIONAL_EXAMPLE,OOF,0.03692811700898866,0.045839209109544754,0.04848884171658541,0.04375205594503961,0.047826433564825244,0.06866690741416294
TR-008395,TR-C02766,2023-01-24,0,eastern,1,EDUCATIONAL_EXAMPLE,OOF,0.11001588265086296,0.17946527898311615,0.0823946262095074,0.12395859594782882,0.10666228940290959,0.09398912829658296
TR-000664,TR-C04428,2023-01-25,0,western,1,EDUCATIONAL_EXAMPLE,OOF,0.49809859743167295,0.418722927570343,0.28065965422961,0.3991603930772087,0.3151754725647932,0.24910232333301094
TR-002539,TR-C00595,2023-01-25,0,central,1,EDUCATIONAL_EXAMPLE,OOF,0.039715828488398025,0.05249842256307602,0.03563833919826255,0.042617530083245536,0.03985336003946592,0.0675302950126485
TR-004155,TR-C03882,2023-01-25,0,western,1,EDUCATIONAL_EXAMPLE,OOF,0.13841275231730232,0.23829956352710724,0.27440478558128195,0.21703903380856385,0.2653784800677383,0.15411206815160808
TR-004162,TR-C05061,2023-01-25,0,other,1,EDUCATIONAL_EXAMPLE,OOF,0.08326500713691531,0.11176405847072601,0.08517110416667233,0.0934000565914379,0.09181934274268574,0.08448736560540245
TR-004204,TR-C01405,2023-01-25,0,central,1,EDUCATIONAL_EXAMPLE,OOF,0.014315740874161851,0.017842721194028854,0.014102304266610785,0.015420255444933828,0.015037408498465302,0.06011625236833866
TR-004399,TR-C02708,2023-01-25,0,other,1,EDUCATIONAL_EXAMPLE,OOF,0.036985698909877865,0.07105673849582672,0.06724468303925484,0.05842904014831981,0.0681976969033978,0.07405349133013191
TR-004707,TR-C04260,2023-01-25,0,eastern,1,EDUCATIONAL_EXAMPLE,OOF,0.06576987189135394,0.05058952048420906,0.04405871088528786,0.05347270108695029,0.04569141328501816,0.070096035262216
TR-004971,TR-C02958,2023-01-25,0,eastern,1,EDUCATIONAL_EXAMPLE,OOF,0.23191187857787998,0.22390206158161163,0.09484357392920933,0.18355250469623363,0.12710819584230992,0.11273161684518922
TR-006259,TR-C01263,2023-01-25,0,other,1,EDUCATIONAL_EXAMPLE,OOF,0.025289425055904053,0.04885149747133255,0.011668739035419432,0.028603220520885344,0.020964428644397713,0.0629883681025701
TR-006465,TR-C02887,2023-01-25,0,western,1,EDUCATIONAL_EXAMPLE,OOF,0.013007135175060096,0.02184329554438591,0.014156266004616572,0.016335565574687527,0.016078023389558906,0.06039190105205684
TR-007095,TR-C05300,2023-01-25,0,western,1,EDUCATIONAL_EXAMPLE,OOF,0.018326018729196352,0.030496779829263687,0.01728127100023159,0.02203468985289721,0.020585148207489613,0.06181556149713214
TR-007828,TR-C01974,2023-01-25,0,western,1,EDUCATIONAL_EXAMPLE,OOF,0.022307980816917008,0.028757130727171898,0.025705414372325486,0.025590175305471464,0.02646834346103709,0.06303043637133939
TR-008060,TR-C02478,2023-01-25,0,other,1,EDUCATIONAL_EXAMPLE,OOF,0.28207554297970827,0.2188286930322647,0.07750074335437862,0.19280165978878386,0.11283273077385014,0.11235018998579473
TR-009818,TR-C03647,2023-01-25,0,other,1,EDUCATIONAL_EXAMPLE,OOF,0.04584097877824647,0.09589803963899612,0.06035751437389537,0.06736551093037932,0.06924264569017055,0.07601699396002153
TR-000054,TR-C05191,2023-01-26,0,central,1,EDUCATIONAL_EXAMPLE,OOF,0.01728038336296777,0.027518369257450104,0.02615688976043544,0.02365188079361777,0.026497259634689106,0.06272297685186556
TR-002325,TR-C01628,2023-01-26,0,western,1,EDUCATIONAL_EXAMPLE,OOF,0.006319406924398051,0.014147777110338211,0.0048251081102623225,0.00843076404833286,0.007155775360281295,0.0582054075293714
TR-004394,TR-C04229,2023-01-26,0,eastern,1,EDUCATIONAL_EXAMPLE,OOF,0.22597832751120966,0.24163676798343658,0.5372140327413879,0.33494304274534475,0.4633197165519001,0.2684292929629125
TR-005365,TR-C03601,2023-01-26,0,eastern,1,EDUCATIONAL_EXAMPLE,OOF,0.036564891006496146,0.04438590258359909,0.01385286881838021,0.03160122080282515,0.02148612725968493,0.06349380402248071
TR-005979,TR-C03128,2023-01-26,0,other,1,EDUCATIONAL_EXAMPLE,OOF,0.09630592628018726,0.060165561735630035,0.1135159571783468,0.08999581506472136,0.10017835831766761,0.08464717350605586
TR-005997,TR-C06296,2023-01-26,0,western,1,EDUCATIONAL_EXAMPLE,OOF,0.04280117147026913,0.04757370799779892,0.1199618171363368,0.07011223220146828,0.10186478985170233,0.08079309922291673
TR-008071,TR-C00167,2023-01-26,0,other,1,EDUCATIONAL_EXAMPLE,OOF,0.07589295912530442,0.15521511435508728,0.17362931427896952,0.13491246258645373,0.16902576429799895,0.10741331376153372
TR-000826,TR-C01552,2023-01-27,0,central,1,EDUCATIONAL_EXAMPLE,OOF,0.01491789199177277,0.03149658814072609,0.08795136510193553,0.0447886150781448,0.07383767086163318,0.07207453446012278
TR-001103,TR-C04370,2023-01-27,0,western,1,EDUCATIONAL_EXAMPLE,OOF,0.02070130337945982,0.036537401378154755,0.06347399457512384,0.040237566444246135,0.05673984627588157,0.06912425358627633
TR-002651,TR-C03537,2023-01-27,0,other,1,EDUCATIONAL_EXAMPLE,OOF,0.033297937216728815,0.03437461704015732,0.020370118057537318,0.029347557438141148,0.02387124280319232,0.06335472657219107
TR-004090,TR-C02162,2023-01-27,0,other,1,EDUCATIONAL_EXAMPLE,OOF,0.025109885608413648,0.03317824751138687,0.04087171429693768,0.033053282472246065,0.03894834760054998,0.06571902575238836
TR-004897,TR-C05390,2023-01-27,0,western,1,EDUCATIONAL_EXAMPLE,OOF,0.013213324567687543,0.01910543628036976,0.02457592244663112,0.018964894431562806,0.02320830090506578,0.06157335254735782
TR-006925,TR-C05778,2023-01-27,0,central,1,EDUCATIONAL_EXAMPLE,OOF,0.009078262788942824,0.011970862746238708,0.007140513978274944,0.009396546504485492,0.008348101170265885,0.05846215537358685
TR-007750,TR-C00520,2023-01-27,0,eastern,1,EDUCATIONAL_EXAMPLE,OOF,0.008890698467384908,0.011976949870586395,0.004402060093747573,0.008423236143906292,0.006295782537957279,0.05810031090091249
TR-008107,TR-C05289,2023-01-27,0,eastern,1,EDUCATIONAL_EXAMPLE,OOF,0.36178978195059464,0.31886953115463257,0.3470388076923405,0.3425660402658559,0.33999648855791353,0.22875129865382263
TR-009479,TR-C00824,2023-01-27,0,central,1,EDUCATIONAL_EXAMPLE,OOF,0.03431375309406581,0.02933366224169731,0.02564050935043882,0.029762641562067316,0.02656379757325344,0.06370283090635737
TR-009846,TR-C00998,2023-01-27,0,eastern,1,EDUCATIONAL_EXAMPLE,OOF,0.00615504409857601,0.013108515180647373,0.010352737315109061,0.009872098864777482,0.011041681781493638,0.05882863419300301
TR-000055,TR-C03690,2023-01-28,0,other,1,EDUCATIONAL_EXAMPLE,OOF,0.036032489941593054,0.037129878997802734,0.01017325816376786,0.027778542367721218,0.01691241337227658,0.062325389767139125
TR-000130,TR-C02255,2023-01-28,0,western,1,EDUCATIONAL_EXAMPLE,OOF,0.005392677568602886,0.01427510753273964,0.02823440422245632,0.015967396441266282,0.024744580050027148,0.061259118095662264
TR-000263,TR-C05229,2023-01-28,0,central,1,EDUCATIONAL_EXAMPLE,OOF,0.014040252099811797,0.02104879543185234,0.027664735114744904,0.020917927548803016,0.026010750194021763,0.06220371465811913
TR-000404,TR-C02291,2023-01-28,0,central,1,EDUCATIONAL_EXAMPLE,OOF,0.0795236795696795,0.11953405290842056,0.06738099751428708,0.08881290999746239,0.08041926136282046,0.08191972093753594
TR-000717,TR-C03971,2023-01-28,1,central,1,EDUCATIONAL_EXAMPLE,OOF,0.4134448150374724,0.4724794030189514,0.36479912351096155,0.41690778052246175,0.391719193387959,0.2887733496748339
TR-000755,TR-C02491,2023-01-28,1,eastern,1,EDUCATIONAL_EXAMPLE,OOF,0.03742445384290385,0.03987175598740578,0.03861677850800755,0.03863766277943906,0.03893052287785711,0.06667573295627867
TR-001105,TR-C05989,2023-01-28,0,eastern,1,EDUCATIONAL_EXAMPLE,OOF,0.02082511291028367,0.04527762532234192,0.039837314521501584,0.03531335091804239,0.04119739222171167,0.06643604489965169
TR-004482,TR-C00700,2023-01-28,0,western,1,EDUCATIONAL_EXAMPLE,OOF,0.016113757838505095,0.049093399196863174,0.09933090162972341,0.054846019555030566,0.08677152602150835,0.07575335401328813
TR-004870,TR-C02421,2023-01-28,0,western,1,EDUCATIONAL_EXAMPLE,OOF,0.014079592621879173,0.03886450454592705,0.0363025090966034,0.029748868754803207,0.036943007958934314,0.06497878066324762
TR-008321,TR-C06186,2023-01-28,0,western,1,EDUCATIONAL_EXAMPLE,OOF,0.1178400450570601,0.047109149396419525,0.11794279758613907,0.09429733067987289,0.10023438553870918,0.08544217060880706
TR-000388,TR-C03239,2023-01-29,0,eastern,1,EDUCATIONAL_EXAMPLE,OOF,0.011662812144367918,0.017942003905773163,0.02853453948605553,0.019379785178732203,0.02588640559098494,0.0619334146343461
TR-004172,TR-C04569,2023-01-29,0,western,1,EDUCATIONAL_EXAMPLE,OOF,0.050944637371361325,0.056602343916893005,0.034693762251422004,0.04741358117989211,0.04017090766778975,0.06840295586881534
TR-006383,TR-C00818,2023-01-29,0,western,1,EDUCATIONAL_EXAMPLE,OOF,0.20187512666601823,0.24075579643249512,0.26181351172640915,0.23481481160830753,0.25654908290293066,0.15809408047496445
TR-009625,TR-C06051,2023-01-29,0,other,1,EDUCATIONAL_EXAMPLE,OOF,0.14203423126448744,0.14620262384414673,0.18756928314844332,0.1586020460856925,0.17722761832236916,0.1151277804490915
TR-009664,TR-C05780,2023-01-29,0,other,1,EDUCATIONAL_EXAMPLE,OOF,0.032056585861917994,0.03982023894786835,0.07358491760243885,0.048487247470741734,0.06514374793879622,0.0716536259272728
TR-009857,TR-C02051,2023-01-29,0,central,1,EDUCATIONAL_EXAMPLE,OOF,0.006293650000923279,0.010467436164617538,0.0021708373129153483,0.006310641159485389,0.004244987025840896,0.05756797118441972
TR-000787,TR-C01668,2023-01-30,0,western,1,EDUCATIONAL_EXAMPLE,OOF,0.07196831895285691,0.0674169585108757,0.06416834038886707,0.06785120595086656,0.06498049491936922,0.07532372310883256
TR-003114,TR-C02183,2023-01-30,0,eastern,1,EDUCATIONAL_EXAMPLE,OOF,0.20620522259136992,0.17999230325222015,0.12430081169209645,0.1701661125118955,0.13822368458212736,0.110914714708865
TR-003129,TR-C04183,2023-01-30,0,eastern,1,EDUCATIONAL_EXAMPLE,OOF,0.16441007525523313,0.17886510491371155,0.2167491442513361,0.18667477480676023,0.20727813441692997,0.12978753432101903
TR-004908,TR-C01469,2023-01-30,0,western,1,EDUCATIONAL_EXAMPLE,OOF,0.07786056158550596,0.07867751270532608,0.04208003001931675,0.0662060347700496,0.05122940069081908,0.07325484928683103
TR-006952,TR-C03866,2023-01-30,0,central,1,EDUCATIONAL_EXAMPLE,OOF,0.007356943728754977,0.011381109245121479,0.007400356474188856,0.008712803149355105,0.008395544666922012,0.05836406754951661
TR-008341,TR-C04667,2023-01-30,0,eastern,1,EDUCATIONAL_EXAMPLE,OOF,0.011083042520595634,0.021606430411338806,0.03235653312513316,0.021682002019022536,0.029669007446684572,0.06274432658667406
TR-009836,TR-C00898,2023-01-30,0,other,1,EDUCATIONAL_EXAMPLE,OOF,0.013641936786861507,0.02068779245018959,0.013973937589862675,0.016101222275637924,0.015652401304944403,0.06030284432654914
TR-009839,TR-C02447,2023-01-30,0,other,1,EDUCATIONAL_EXAMPLE,OOF,0.01435638842492433,0.02756446599960327,0.025455742266007657,0.02245886556351175,0.02598292319940656,0.06247832796862178
TR-001013,TR-C04551,2023-01-31,0,eastern,1,EDUCATIONAL_EXAMPLE,OOF,0.024651436480943183,0.03842221200466156,0.07356761295891621,0.045547087148173654,0.06478126272035255,0.07107970429680438
TR-001930,TR-C02996,2023-01-31,0,eastern,1,EDUCATIONAL_EXAMPLE,OOF,0.26661035297300006,0.22798797488212585,0.3658523010073552,0.2868168762874937,0.33138621947604785,0.19949107349141024
TR-006180,TR-C04997,2023-01-31,0,eastern,1,EDUCATIONAL_EXAMPLE,OOF,0.20497727236043356,0.1835595965385437,0.11160652765205914,0.16671446551701216,0.12959479487368028,0.10840950476588687
TR-009389,TR-C05469,2023-01-31,0,western,1,EDUCATIONAL_EXAMPLE,OOF,0.030141942118680817,0.04359743744134903,0.07866895995460878,0.05080277983821287,0.06990107932629384,0.07271334738657997
TR-009583,TR-C02962,2023-01-31,0,eastern,1,EDUCATIONAL_EXAMPLE,OOF,0.01758689891101042,0.025766227394342422,0.029058356665332668,0.024137160990228505,0.028235324347585106,0.06298841286470169
TR-009746,TR-C00759,2023-01-31,1,other,1,EDUCATIONAL_EXAMPLE,OOF,0.050749290186776486,0.09934403002262115,0.05778735842848249,0.06929355954596005,0.06817652632701715,0.07625533243961785
TR-009887,TR-C01332,2023-01-31,0,central,1,EDUCATIONAL_EXAMPLE,OOF,0.009262737902413004,0.022794824093580246,0.027402184132463953,0.0198199153761524,0.026250344122743026,0.06207127682039224
TR-001221,TR-C03446,2023-02-01,0,eastern,1,EDUCATIONAL_EXAMPLE,OOF,0.23101291921629977,0.21842525899410248,0.06988741466006006,0.17310853095682077,0.10702187574357067,0.10615223551268747
TR-001334,TR-C01877,2023-02-01,0,eastern,1,EDUCATIONAL_EXAMPLE,OOF,0.10867079611512494,0.07619859278202057,0.06482839995563033,0.08323259628425861,0.06767094816222789,0.07866357012494544
TR-003970,TR-C03975,2023-02-01,0,central,1,EDUCATIONAL_EXAMPLE,OOF,0.06406705590091577,0.10810196399688721,0.06419896524169194,0.07878932837983164,0.07517471493049076,0.07910494511902132
TR-004509,TR-C00966,2023-02-01,0,central,1,EDUCATIONAL_EXAMPLE,OOF,0.0074639084040380235,0.014140130952000618,0.0129447181656366,0.01151625250722508,0.013243571362227605,0.0593162031486889
TR-005396,TR-C02829,2023-02-01,0,central,1,EDUCATIONAL_EXAMPLE,OOF,0.02454566475156497,0.024437857791781425,0.03776286433049168,0.02891546229127936,0.034431612695814115,0.06445963844722492
TR-005736,TR-C05556,2023-02-01,0,western,1,EDUCATIONAL_EXAMPLE,OOF,0.023277984019312307,0.03212687373161316,0.025880781449554382,0.027095213066826617,0.027442304520069075,0.06340001158779662
TR-005750,TR-C02581,2023-02-01,0,eastern,1,EDUCATIONAL_EXAMPLE,OOF,0.008918697384892404,0.02672518976032734,0.051380560598838165,0.0290081492480193,0.04521671788921046,0.06577077128801445
TR-005762,TR-C00983,2023-02-01,0,central,1,EDUCATIONAL_EXAMPLE,OOF,0.006536770091566874,0.010452477261424065,0.002844763236778113,0.006611336863256351,0.004746691742939601,0.057664458606522924
TR-006333,TR-C04214,2023-02-01,0,central,1,EDUCATIONAL_EXAMPLE,OOF,0.006922323361830843,0.014395461417734623,0.011414698778378298,0.010910827852647922,0.01215988943821738,0.05911015574569861
TR-006427,TR-C06244,2023-02-01,0,western,1,EDUCATIONAL_EXAMPLE,OOF,0.0543550980710433,0.050154801458120346,0.08807181908131419,0.06419390620349262,0.07859256467551573,0.07638368970967116
TR-007304,TR-C03318,2023-02-01,0,central,1,EDUCATIONAL_EXAMPLE,OOF,0.017458255738624105,0.029388874769210815,0.04351072464035487,0.030119285049396594,0.03998026217256885,0.06534167180585843
TR-007954,TR-C03673,2023-02-01,0,central,1,EDUCATIONAL_EXAMPLE,OOF,0.01545266422412536,0.025236887857317924,0.03334796593225284,0.02467917267123204,0.03132019641351911,0.06342720989842286
TR-007962,TR-C01227,2023-02-01,0,other,1,EDUCATIONAL_EXAMPLE,OOF,0.025064800179228804,0.046921633183956146,0.040923963102814966,0.03763679882199997,0.04242338062310026,0.06697972348848395
TR-008518,TR-C05835,2023-02-01,0,eastern,1,EDUCATIONAL_EXAMPLE,OOF,0.046187058071256885,0.15267859399318695,0.15866390668060223,0.11917651958168203,0.1571675785087484,0.10131879278679902
TR-009373,TR-C00539,2023-02-01,1,other,1,EDUCATIONAL_EXAMPLE,OOF,0.08936830066555432,0.10140111297369003,0.1689216142710915,0.11989700930344528,0.15204148894674113,0.10011603831924254
TR-001082,TR-C02910,2023-02-02,1,western,1,EDUCATIONAL_EXAMPLE,OOF,0.02485015907917658,0.03969332203269005,0.16949273635196563,0.07801207248794408,0.13704288277214674,0.0876450882402178
TR-002365,TR-C01146,2023-02-02,0,other,1,EDUCATIONAL_EXAMPLE,OOF,0.05487471652709212,0.08797519654035568,0.14789278675232576,0.09691423327325784,0.13291338919933324,0.09147953304005325
TR-004949,TR-C05137,2023-02-02,0,other,1,EDUCATIONAL_EXAMPLE,OOF,0.2748106953615846,0.2779715657234192,0.1786259698215741,0.24380274363552593,0.2034623687970354,0.14823556114431236
TR-005206,TR-C03165,2023-02-02,1,other,1,EDUCATIONAL_EXAMPLE,OOF,0.033623191176541875,0.03943346068263054,0.05779985689771095,0.04361883625229446,0.05320825784394085,0.06927747805606317
TR-006290,TR-C01076,2023-02-02,0,central,1,EDUCATIONAL_EXAMPLE,OOF,0.01955707588843961,0.03550378233194351,0.023258809031680056,0.026106555750687724,0.02632005235674592,0.06313470518891022
TR-007570,TR-C03106,2023-02-02,0,central,1,EDUCATIONAL_EXAMPLE,OOF,0.038233546881119296,0.023623649030923843,0.01088698207984244,0.024248059330628527,0.01407114881761279,0.06137999207383301
TR-008827,TR-C03868,2023-02-02,0,other,1,EDUCATIONAL_EXAMPLE,OOF,0.014375837482086665,0.01745510846376419,0.013039122594218076,0.014956689513356311,0.014143119061604604,0.05994600772396752
TR-008906,TR-C05067,2023-02-02,0,central,1,EDUCATIONAL_EXAMPLE,OOF,0.007225245099728332,0.029696639627218246,0.06296235203207055,0.03329474558633905,0.05464592393085747,0.06764471004001796
TR-009525,TR-C01231,2023-02-02,0,western,1,EDUCATIONAL_EXAMPLE,OOF,0.016974097504306132,0.027034278959035873,0.04983747572042303,0.03128195072792168,0.044136676530076246,0.06601467591771396
TR-000943,TR-C00983,2023-02-03,0,central,1,EDUCATIONAL_EXAMPLE,OOF,0.023655868190432628,0.036924950778484344,0.04096039593334499,0.03384707163408732,0.039951534644629826,0.06599257011795256
TR-002490,TR-C04071,2023-02-03,0,western,1,EDUCATIONAL_EXAMPLE,OOF,0.010582920142075717,0.013238416984677315,0.009090248507940636,0.01097052854489789,0.010127290627124806,0.058892093434286
TR-005385,TR-C03942,2023-02-03,0,western,1,EDUCATIONAL_EXAMPLE,OOF,0.016395530857906227,0.02276305854320526,0.024349101519043286,0.021169230306718256,0.023952590775083778,0.06201856745052733
TR-005771,TR-C05256,2023-02-03,0,other,1,EDUCATIONAL_EXAMPLE,OOF,0.0091201139342544,0.020510369911789894,0.01348591889764428,0.014372134247896191,0.015242031651180684,0.05999685134750933
TR-006172,TR-C05521,2023-02-03,1,central,1,EDUCATIONAL_EXAMPLE,OOF,0.018985951113691103,0.036230336874723434,0.08518248173679786,0.04679958990840413,0.07294444552127925,0.07234764634173657
TR-006410,TR-C04045,2023-02-03,0,other,1,EDUCATIONAL_EXAMPLE,OOF,0.006607448648459753,0.012133536860346794,0.006187213611610527,0.00830939970680569,0.007673794423794594,0.05823203137671165
TR-009599,TR-C05883,2023-02-03,0,eastern,1,EDUCATIONAL_EXAMPLE,OOF,0.01827743523126495,0.03220051899552345,0.03807766208647554,0.029518538771087982,0.03660837631373752,0.06486107488089848
TR-000999,TR-C04166,2023-02-04,0,western,1,EDUCATIONAL_EXAMPLE,OOF,0.05919669968449029,0.09012632817029953,0.12108106706697556,0.09013469830725512,0.11334238234280655,0.0869296652393971
TR-001746,TR-C02615,2023-02-04,0,eastern,1,EDUCATIONAL_EXAMPLE,OOF,0.0333171679255427,0.034771598875522614,0.009936927006755412,0.02600856460260691,0.016145594973947214,0.061950210465078454
TR-003234,TR-C00998,2023-02-04,0,eastern,1,EDUCATIONAL_EXAMPLE,OOF,0.015528461307845801,0.03349398449063301,0.021125147733008127,0.02338253117716231,0.02421735692241435,0.06245521464170044
TR-004871,TR-C03287,2023-02-04,0,other,1,EDUCATIONAL_EXAMPLE,OOF,0.12629247461839305,0.2943403124809265,0.1694734198143202,0.19670206897121326,0.2006901429809718,0.13268860439700172
TR-008246,TR-C00672,2023-02-04,0,other,1,EDUCATIONAL_EXAMPLE,OOF,0.015462990182743112,0.02714410424232483,0.03459107061033846,0.0257327216784688,0.03272932901833506,0.06376924810302018
TR-008617,TR-C04725,2023-02-04,0,western,1,EDUCATIONAL_EXAMPLE,OOF,0.15949603985921507,0.08632877469062805,0.12467736003141708,0.12350072486042007,0.11509021369621983,0.0944865348056007
TR-009536,TR-C05333,2023-02-04,0,eastern,1,EDUCATIONAL_EXAMPLE,OOF,0.016182418006891065,0.029325462877750397,0.038218122706927954,0.02790866786385647,0.035994957749633565,0.06451226452948502
TR-001794,TR-C01563,2023-02-05,0,western,1,EDUCATIONAL_EXAMPLE,OOF,0.015006036730152819,0.026406358927488327,0.01906180234124697,0.02015806599962937,0.02089794148780731,0.061538464046849775
TR-002276,TR-C03325,2023-02-05,0,eastern,1,EDUCATIONAL_EXAMPLE,OOF,0.0193165988060324,0.02479633316397667,0.01175564928507701,0.018622860418362027,0.015015820254801925,0.0606363987608992
TR-003680,TR-C06028,2023-02-05,0,western,1,EDUCATIONAL_EXAMPLE,OOF,0.028678550893371745,0.02421649731695652,0.02383663378742805,0.02557722733258544,0.023931599669810167,0.06270950506029063
TR-004207,TR-C02940,2023-02-05,0,eastern,1,EDUCATIONAL_EXAMPLE,OOF,0.025430115978299028,0.02652551792562008,0.01753928491492958,0.023164972939616228,0.019785843167602204,0.06187592462194023
TR-004547,TR-C04129,2023-02-05,0,eastern,1,EDUCATIONAL_EXAMPLE,OOF,0.012072985670964959,0.022703545168042183,0.011388948465480261,0.015388493101495801,0.014217597641120742,0.06004882548736501
TR-005702,TR-C03171,2023-02-05,0,other,1,EDUCATIONAL_EXAMPLE,OOF,0.055937910599231144,0.06301356106996536,0.04190585945922743,0.05361911037614131,0.047182784861911915,0.07039366534085327
TR-005823,TR-C05905,2023-02-05,0,eastern,1,EDUCATIONAL_EXAMPLE,OOF,0.01700490429040581,0.031037578359246254,0.03781724733694858,0.028619909995533547,0.036122330092523,0.06465189101675503
TR-005999,TR-C02975,2023-02-05,0,eastern,1,EDUCATIONAL_EXAMPLE,OOF,0.33357740440068845,0.23974454402923584,0.13592286274370166,0.23641493705787534,0.1618782830650852,0.13549719495079524
TR-006619,TR-C05133,2023-02-05,0,central,1,EDUCATIONAL_EXAMPLE,OOF,0.04737438276659547,0.042930249124765396,0.04315614383362351,0.04448692524166146,0.04309967015640898,0.06818422518846816
TR-006876,TR-C04774,2023-02-05,0,central,1,EDUCATIONAL_EXAMPLE,OOF,0.1496851044308759,0.14911963045597076,0.1595978908269647,0.15280087523793714,0.15697832573421622,0.10967549290681729
TR-007651,TR-C01484,2023-02-05,0,eastern,1,EDUCATIONAL_EXAMPLE,OOF,0.010253344378790387,0.01602322980761528,0.004421474528784805,0.010232682905063491,0.0073219133484924235,0.05849667386113054
TR-000183,TR-C05835,2023-02-06,0,eastern,1,EDUCATIONAL_EXAMPLE,OOF,0.014681265672814175,0.03464484214782715,0.0537201496979801,0.03434875250620714,0.04895132281044186,0.0671531592417798
TR-000591,TR-C02245,2023-02-06,0,central,1,EDUCATIONAL_EXAMPLE,OOF,0.03197306776151,0.03850170224905014,0.016702185958391666,0.029058985322983937,0.022152065031056285,0.06313512498168923
TR-001101,TR-C03377,2023-02-06,0,western,1,EDUCATIONAL_EXAMPLE,OOF,0.010003664638121683,0.01872129552066326,0.017280236623500655,0.015335065594095199,0.017640501347791306,0.060396312686037144
TR-001732,TR-C01200,2023-02-06,0,western,1,EDUCATIONAL_EXAMPLE,OOF,0.04371147692964146,0.028600335121154785,0.013450193335160125,0.028587335128652122,0.01723772878165879,0.06243779130567805
TR-002135,TR-C04345,2023-02-06,0,western,1,EDUCATIONAL_EXAMPLE,OOF,0.024492091321917518,0.024472856894135475,0.06279568623396294,0.03725354481667197,0.053214978899006074,0.0680998706224004
TR-002329,TR-C05481,2023-02-06,0,western,1,EDUCATIONAL_EXAMPLE,OOF,0.034923481506907945,0.05565342679619789,0.056972416493868076,0.04918310826565797,0.05664266906945053,0.07078367954325605
TR-002879,TR-C00451,2023-02-06,0,eastern,1,EDUCATIONAL_EXAMPLE,OOF,0.10550063059744899,0.15858080983161926,0.07201553457788207,0.11203232500231676,0.09365685339131637,0.08906837866505327
TR-003329,TR-C00660,2023-02-06,0,central,1,EDUCATIONAL_EXAMPLE,OOF,0.0393820050296958,0.032865945249795914,0.03891250641756818,0.037053485565686634,0.03740086612562511,0.06618556133218648
TR-003737,TR-C04617,2023-02-06,0,eastern,1,EDUCATIONAL_EXAMPLE,OOF,0.015892923426644282,0.04753059893846512,0.06337157553112695,0.04226503263207878,0.059411331382961494,0.06988183438683185
TR-006555,TR-C02108,2023-02-06,0,other,1,EDUCATIONAL_EXAMPLE,OOF,0.011994878904964897,0.01592470332980156,0.011628492608350888,0.013182691614372447,0.012702545288713556,0.05951464529399045
TR-008215,TR-C01763,2023-02-06,0,eastern,1,EDUCATIONAL_EXAMPLE,OOF,0.02126517806489583,0.02786918357014656,0.015203373561905313,0.021445911732315904,0.018369826063965623,0.061459518506432796
TR-008752,TR-C02435,2023-02-06,0,other,1,EDUCATIONAL_EXAMPLE,OOF,0.07805541585751892,0.06891236454248428,0.10935158105257431,0.08543978715085916,0.0992417769250518,0.08364163133738946
TR-009208,TR-C02349,2023-02-06,0,western,1,EDUCATIONAL_EXAMPLE,OOF,0.009253875126045013,0.012344214133918285,0.007146577787866782,0.009581555682610028,0.008445986874379658,0.0585018209691128
TR-000634,TR-C05925,2023-02-07,0,eastern,1,EDUCATIONAL_EXAMPLE,OOF,0.033749751111652154,0.05380948632955551,0.03194932920809406,0.03983618888310058,0.03741436848845942,0.06677736828892156
TR-002669,TR-C01813,2023-02-07,0,western,1,EDUCATIONAL_EXAMPLE,OOF,0.013472355320024913,0.019572069868445396,0.02677026660089266,0.01993823059645432,0.024970717417780845,0.061925290560125454
TR-003331,TR-C02639,2023-02-07,0,other,1,EDUCATIONAL_EXAMPLE,OOF,0.018943589947654094,0.02917535975575447,0.056302555611843115,0.034807168438417226,0.049520756647820956,0.06726455942693546
TR-003404,TR-C00952,2023-02-07,0,other,1,EDUCATIONAL_EXAMPLE,OOF,0.009282706257184583,0.015344426967203617,0.007742655406479541,0.01078992954362258,0.00964309829666056,0.058824931726255386
TR-003631,TR-C02113,2023-02-07,0,western,1,EDUCATIONAL_EXAMPLE,OOF,0.5333138574405849,0.5634891390800476,0.4591951989072001,0.5186660651426108,0.485268683950412,0.3919467988373041
TR-003844,TR-C01660,2023-02-07,0,western,1,EDUCATIONAL_EXAMPLE,OOF,0.03754721404647448,0.03137641400098801,0.04753494630500583,0.0388195247841561,0.043495313229001374,0.06720905973594402
TR-005286,TR-C04203,2023-02-07,0,western,1,EDUCATIONAL_EXAMPLE,OOF,0.015175980669409091,0.026556817814707756,0.04295829953030747,0.028230366004808105,0.03885792910140754,0.06488536183102792
TR-005288,TR-C03906,2023-02-07,0,central,1,EDUCATIONAL_EXAMPLE,OOF,0.1958967349680076,0.15267077088356018,0.18412528326268057,0.1775642630380828,0.1762616551679005,0.12022951304217716
TR-005458,TR-C05559,2023-02-07,0,western,1,EDUCATIONAL_EXAMPLE,OOF,0.027829929583521824,0.026955436915159225,0.025715291959081645,0.02683355281925423,0.02602532819810104,0.06316379490675941
TR-005605,TR-C02031,2023-02-07,0,other,1,EDUCATIONAL_EXAMPLE,OOF,0.24077023933475392,0.1920965611934662,0.2720902359350566,0.23498567882109223,0.252091817249659,0.15634918441902954
TR-006836,TR-C03527,2023-02-07,0,other,1,EDUCATIONAL_EXAMPLE,OOF,0.008153752842280811,0.015347215346992016,0.019403749895988986,0.014301572695087271,0.018389616258739742,0.06030423394599874
TR-008861,TR-C05071,2023-02-07,0,eastern,1,EDUCATIONAL_EXAMPLE,OOF,0.014432624612430564,0.01734858937561512,0.010534384718656179,0.01410519956890062,0.012237935882895914,0.059609160862733726
TR-000821,TR-C05101,2023-02-08,1,other,1,EDUCATIONAL_EXAMPLE,OOF,0.20732249241575865,0.18608899414539337,0.08107315063951645,0.15816154573355615,0.10732711151598567,0.10219761963289901
TR-001728,TR-C03771,2023-02-08,1,other,1,EDUCATIONAL_EXAMPLE,OOF,0.08778446435825461,0.14485624432563782,0.2306779151378499,0.1544395412739141,0.20922249743479687,0.12045645773504629
TR-002681,TR-C02185,2023-02-08,0,central,1,EDUCATIONAL_EXAMPLE,OOF,0.021999313054114365,0.04681035131216049,0.035956210466552486,0.03492195827760911,0.03866974567795449,0.0660759320819857
TR-006744,TR-C00188,2023-02-08,0,western,1,EDUCATIONAL_EXAMPLE,OOF,0.01493055468077759,0.015711840242147446,0.012252829880230355,0.014298408267718464,0.013117582470709628,0.05972505604761577
TR-007910,TR-C02213,2023-02-08,0,other,1,EDUCATIONAL_EXAMPLE,OOF,0.03140615873310454,0.050514571368694305,0.009805247149195423,0.030575325750331422,0.019982578204070144,0.06319465265866699
TR-007970,TR-C04462,2023-02-08,0,eastern,1,EDUCATIONAL_EXAMPLE,OOF,0.07543994903364842,0.036557845771312714,0.023226464118149315,0.04507475297437016,0.026559309531440166,0.06621713709974904
TR-008144,TR-C04666,2023-02-08,0,western,1,EDUCATIONAL_EXAMPLE,OOF,0.038258768771102986,0.048258502036333084,0.029945415985865573,0.03882089559776721,0.03452368749848245,0.06622466870829902
TR-001006,TR-C04089,2023-02-09,0,western,1,EDUCATIONAL_EXAMPLE,OOF,0.023857993536587668,0.04047434404492378,0.08305522071287173,0.049129186098127726,0.07241000154588474,0.07272263481149265
TR-002257,TR-C04980,2023-02-09,0,central,1,EDUCATIONAL_EXAMPLE,OOF,0.056028927483486916,0.07678207010030746,0.06009550336537481,0.0643021669830564,0.06426714504910797,0.07463882788724968
TR-002701,TR-C01821,2023-02-09,0,central,1,EDUCATIONAL_EXAMPLE,OOF,0.05330744729433839,0.09251721203327179,0.07817290518418632,0.0746658548372655,0.0817589818964577,0.07912885501448626
TR-002922,TR-C05011,2023-02-09,0,eastern,1,EDUCATIONAL_EXAMPLE,OOF,0.021774766222770404,0.05069395527243614,0.05576994270252401,0.04274622139924352,0.05450094584500204,0.06936421515980312
TR-002941,TR-C06419,2023-02-09,0,other,1,EDUCATIONAL_EXAMPLE,OOF,0.11618010868609015,0.09974029660224915,0.04695958825388956,0.08762666451407629,0.06015476534097945,0.07861829411192003
TR-003142,TR-C06312,2023-02-09,0,eastern,1,EDUCATIONAL_EXAMPLE,OOF,0.020126215180164834,0.023616567254066467,0.05580534291919687,0.03318270845114272,0.04775814900291427,0.06674447293283996
TR-004673,TR-C02975,2023-02-09,0,eastern,1,EDUCATIONAL_EXAMPLE,OOF,0.027769534426993817,0.05578288063406944,0.05946930061445544,0.0476739052251729,0.05854769561935894,0.07076552360911366
TR-005637,TR-C00261,2023-02-09,0,central,1,EDUCATIONAL_EXAMPLE,OOF,0.02646528651185429,0.03467583283782005,0.06056905725567306,0.04057005886844913,0.054095751151209806,0.06883728893481181
TR-006245,TR-C03215,2023-02-09,0,eastern,1,EDUCATIONAL_EXAMPLE,OOF,0.042905375840923216,0.0692579597234726,0.10201029561229526,0.07139121039223036,0.0938222116400896,0.08004500341656683
TR-006251,TR-C06469,2023-02-09,0,central,1,EDUCATIONAL_EXAMPLE,OOF,0.03992469827767401,0.050603002309799194,0.03607002975300694,0.04219924344682671,0.039703272892205,0.0674298708858595
TR-007207,TR-C04586,2023-02-09,0,other,1,EDUCATIONAL_EXAMPLE,OOF,0.03993730487574883,0.05919213965535164,0.05317426806685818,0.050767904199319557,0.054678735963981547,0.0708318829182646
TR-007601,TR-C03749,2023-02-09,1,western,1,EDUCATIONAL_EXAMPLE,OOF,0.7739700948994225,0.7121597528457642,0.6364745835814494,0.7075348104422119,0.655395875897528,0.6010549105302617
TR-008063,TR-C06081,2023-02-09,0,central,1,EDUCATIONAL_EXAMPLE,OOF,0.016826797347122568,0.023956654593348503,0.0194563975650339,0.020079949835168323,0.02058146182211255,0.06147651618758416
TR-008553,TR-C00069,2023-02-09,0,other,1,EDUCATIONAL_EXAMPLE,OOF,0.11540810621719844,0.1681961566209793,0.2204307214908267,0.16801166144300148,0.20737208027336484,0.12419249121556376
TR-001643,TR-C04251,2023-02-10,1,central,1,EDUCATIONAL_EXAMPLE,OOF,0.025055292983068793,0.03841237351298332,0.0484628498469898,0.037310172114347305,0.045950230763488184,0.06730287556708056
TR-001778,TR-C03036,2023-02-10,0,other,1,EDUCATIONAL_EXAMPLE,OOF,0.027330131493650708,0.029972340911626816,0.04004822132831464,0.032450231244530725,0.03752925122414268,0.06543119662130113
TR-004992,TR-C03540,2023-02-10,0,eastern,1,EDUCATIONAL_EXAMPLE,OOF,0.06148529793470602,0.06608323007822037,0.02430399563019636,0.05062417454770759,0.034748804242202364,0.0683328409497051
TR-006748,TR-C02729,2023-02-10,1,eastern,1,EDUCATIONAL_EXAMPLE,OOF,0.74392090347214,0.7737329006195068,0.6487743057184553,0.722142703270034,0.6800139544437181,0.6231565479731851
TR-006847,TR-C05311,2023-02-10,0,other,1,EDUCATIONAL_EXAMPLE,OOF,0.022611135821134436,0.04137719050049782,0.03573997083952425,0.0332427657203855,0.03714927575476765,0.06558523242016369
TR-008824,TR-C00866,2023-02-10,0,eastern,1,EDUCATIONAL_EXAMPLE,OOF,0.012150093381328263,0.030039126053452492,0.024133112997540458,0.022107444144107074,0.02560961626151847,0.06239564609532782
TR-009682,TR-C00498,2023-02-10,0,eastern,1,EDUCATIONAL_EXAMPLE,OOF,0.033858332830605326,0.03683906048536301,0.020894476168233523,0.03053062316140062,0.024880622247515895,0.06367372668819658
TR-000014,TR-C01753,2023-02-11,0,eastern,1,EDUCATIONAL_EXAMPLE,OOF,0.015575521176304062,0.021551033481955528,0.04295873182652254,0.02669509549492738,0.037606807240380784,0.06446025212735877
TR-001232,TR-C03954,2023-02-11,0,other,1,EDUCATIONAL_EXAMPLE,OOF,0.04936271714240207,0.04459860175848007,0.06747070427303713,0.053810674391306414,0.06175267864439786,0.07218780761564159
TR-002155,TR-C04907,2023-02-11,0,central,1,EDUCATIONAL_EXAMPLE,OOF,0.0959599774895114,0.09708058834075928,0.06568519011393596,0.08624191864806889,0.07353403967064179,0.08024002377937213
TR-002301,TR-C00986,2023-02-11,0,western,1,EDUCATIONAL_EXAMPLE,OOF,0.04488112726638377,0.05162616819143295,0.04752871566769367,0.04801200370850347,0.04855307879862849,0.06952370883365229
TR-002789,TR-C01647,2023-02-11,0,other,1,EDUCATIONAL_EXAMPLE,OOF,0.028315220970813956,0.047069523483514786,0.03133623653180473,0.035573660328711156,0.03526955826973224,0.06577527522542319
TR-005198,TR-C04714,2023-02-11,0,eastern,1,EDUCATIONAL_EXAMPLE,OOF,0.02324131869549126,0.0432937927544117,0.06333052622577656,0.043288545891893175,0.058321342857935346,0.0698923801609207
TR-005709,TR-C00932,2023-02-11,0,central,1,EDUCATIONAL_EXAMPLE,OOF,0.012558626146101533,0.016833633184432983,0.013649118171786203,0.014347125834106906,0.014445246924947898,0.05988449057551585
TR-006225,TR-C02865,2023-02-11,0,other,1,EDUCATIONAL_EXAMPLE,OOF,0.03694717334140874,0.057719018310308456,0.07904499314512341,0.05790372826561354,0.07371349943641967,0.07460582557523124
TR-007821,TR-C04668,2023-02-11,0,central,1,EDUCATIONAL_EXAMPLE,OOF,0.05570395535709722,0.060654230415821075,0.07983091376993826,0.06539636651428551,0.07503674293140897,0.07619426067892979
TR-009840,TR-C02474,2023-02-11,0,central,1,EDUCATIONAL_EXAMPLE,OOF,0.0528333175863813,0.07671430706977844,0.04587912350853229,0.05847558272156401,0.053587919398843824,0.07216736658980236
TR-001402,TR-C06346,2023-02-12,0,western,1,EDUCATIONAL_EXAMPLE,OOF,0.006333863547802946,0.014120647683739662,0.012880895216323802,0.011111802149288802,0.013190833333177767,0.05925042883795391
TR-002632,TR-C00806,2023-02-12,1,western,1,EDUCATIONAL_EXAMPLE,OOF,0.07074424691186558,0.08605656772851944,0.11176895674846915,0.08952325712961806,0.10534085949348172,0.08553803397309874
TR-002905,TR-C06335,2023-02-12,0,eastern,1,EDUCATIONAL_EXAMPLE,OOF,0.008614444940890477,0.023700546473264694,0.003632483709953804,0.011982491708036324,0.008649499400781526,0.058939778283005825
TR-003220,TR-C00180,2023-02-12,1,central,1,EDUCATIONAL_EXAMPLE,OOF,0.4672311384222679,0.4538439214229584,0.503859658165942,0.4749782393370561,0.4913557239801961,0.36484588164309045
TR-005882,TR-C01293,2023-02-12,0,eastern,1,EDUCATIONAL_EXAMPLE,OOF,0.007708642041753529,0.015304614789783955,0.006447382870120901,0.009820213233886129,0.008661690850036664,0.05857646972259714
TR-000295,TR-C06059,2023-02-13,0,western,1,EDUCATIONAL_EXAMPLE,OOF,0.016878243457716605,0.01986381597816944,0.027694890549336947,0.021478983328407666,0.02573712190654507,0.06225252130755724
TR-000361,TR-C01797,2023-02-13,0,eastern,1,EDUCATIONAL_EXAMPLE,OOF,0.047415902350331995,0.05913489684462547,0.034616607422774094,0.04705580220591052,0.04074617977823694,0.06843029379423758
TR-000625,TR-C00127,2023-02-13,0,central,1,EDUCATIONAL_EXAMPLE,OOF,0.009272995879352429,0.018837999552488327,0.010533531603683808,0.012881509011841522,0.012609648590884938,0.05947620128820062
TR-002508,TR-C02783,2023-02-13,0,central,1,EDUCATIONAL_EXAMPLE,OOF,0.01624362000987005,0.019560694694519043,0.01633696217461825,0.01738042562633578,0.01714289530459345,0.06065485206944786
TR-002721,TR-C05805,2023-02-13,0,other,1,EDUCATIONAL_EXAMPLE,OOF,0.08210160880930227,0.12713125348091125,0.11123583670511206,0.10682289966510854,0.11520969089906186,0.09112353735411016
TR-002824,TR-C02195,2023-02-13,0,western,1,EDUCATIONAL_EXAMPLE,OOF,0.07511088590649663,0.05555742233991623,0.06679787342900827,0.06582206055847371,0.06398776065673525,0.07473189514609567
TR-003182,TR-C04933,2023-02-13,0,eastern,1,EDUCATIONAL_EXAMPLE,OOF,0.03478766689184414,0.025911491364240646,0.00585351734798087,0.022184225201355223,0.010868010852045813,0.060720404312637755
TR-008015,TR-C00388,2023-02-13,0,western,1,EDUCATIONAL_EXAMPLE,OOF,0.014115208682145471,0.025861544534564018,0.005933460094729875,0.015303404437146456,0.01091548120468841,0.05969111819899076
TR-008573,TR-C00920,2023-02-13,0,eastern,1,EDUCATIONAL_EXAMPLE,OOF,0.00846371181259513,0.015328087843954563,0.01251917443749331,0.012103658031347669,0.013221402789108622,0.0594076255910478
TR-008636,TR-C01540,2023-02-13,0,other,1,EDUCATIONAL_EXAMPLE,OOF,0.007888842381175177,0.010951352305710316,0.005941597265123018,0.00826059731733617,0.007194036025269843,0.05816702270256595
TR-009164,TR-C05897,2023-02-13,0,central,1,EDUCATIONAL_EXAMPLE,OOF,0.017864503364214482,0.03532920777797699,0.024361525408246237,0.02585174551681257,0.027103446000678925,0.06318412724846546
TR-000468,TR-C00811,2023-02-14,0,central,1,EDUCATIONAL_EXAMPLE,OOF,0.01884680562379811,0.03581002354621887,0.022729535345235526,0.0257954548384175,0.025999657395481362,0.06305069642775715
TR-000677,TR-C01715,2023-02-14,0,eastern,1,EDUCATIONAL_EXAMPLE,OOF,0.006914829569803692,0.01307595893740654,0.00505183001802094,0.00834753950841039,0.00705786224786734,0.058176873907942905
TR-000781,TR-C06377,2023-02-14,0,western,1,EDUCATIONAL_EXAMPLE,OOF,0.03994990529901382,0.0376783087849617,0.06781879343160697,0.04848233583852749,0.06028367226994566,0.07100971882811388
TR-004651,TR-C02841,2023-02-14,0,central,1,EDUCATIONAL_EXAMPLE,OOF,0.04022739439627187,0.05506552383303642,0.02159497713278651,0.038962631787364935,0.029962613807848988,0.06574135438175807
TR-009291,TR-C06166,2023-02-14,1,other,1,EDUCATIONAL_EXAMPLE,OOF,0.5897149020987056,0.4869389235973358,0.4405743909017856,0.5057427388659423,0.4521655240756731,0.3668277364911949
TR-009805,TR-C01104,2023-02-14,0,central,1,EDUCATIONAL_EXAMPLE,OOF,0.019918819741790595,0.04967731609940529,0.07712408190248134,0.048906739247892406,0.07026239045171233,0.07246313291722495
TR-004686,TR-C05972,2023-02-15,0,central,1,EDUCATIONAL_EXAMPLE,OOF,0.017280942450655538,0.02808832935988903,0.019200894487000967,0.02152338876584851,0.021422753205222984,0.06181752890619316
TR-004878,TR-C01082,2023-02-15,0,central,1,EDUCATIONAL_EXAMPLE,OOF,0.0062692730674365075,0.010181996040046215,0.007959428625153636,0.008136899244212119,0.008515070478876782,0.05828620110798969
TR-005469,TR-C05585,2023-02-15,0,central,1,EDUCATIONAL_EXAMPLE,OOF,0.016891720668511395,0.020447535440325737,0.019050273362704602,0.018796509823847247,0.019399588882109887,0.061127096639612376
TR-005888,TR-C01266,2023-02-15,0,eastern,1,EDUCATIONAL_EXAMPLE,OOF,0.11972582588344441,0.08827798813581467,0.06403631390231111,0.09068004264052339,0.070096732460687,0.08054965023197057
TR-007506,TR-C01638,2023-02-15,0,eastern,1,EDUCATIONAL_EXAMPLE,OOF,0.19125894239484945,0.18460306525230408,0.33313056667115903,0.23633085810610419,0.2959986913164453,0.16838888481864336
TR-008878,TR-C03148,2023-02-15,0,central,1,EDUCATIONAL_EXAMPLE,OOF,0.04838125677643694,0.10379796475172043,0.17861198691852007,0.11026373614889247,0.15990848137682015,0.0992199124210383
TR-000451,TR-C05100,2023-02-16,0,other,1,EDUCATIONAL_EXAMPLE,OOF,0.007436198075396282,0.016108987852931023,0.008619703989827214,0.010721629972718173,0.010492024955603167,0.05891100698551197
TR-000623,TR-C03413,2023-02-16,0,eastern,1,EDUCATIONAL_EXAMPLE,OOF,0.021923067313845822,0.025696709752082825,0.03526613507688368,0.027628637380937442,0.032873778745683466,0.06407875365918338
TR-001290,TR-C00696,2023-02-16,0,western,1,EDUCATIONAL_EXAMPLE,OOF,0.022386816254865813,0.026793362572789192,0.03658021289577907,0.028586797241144695,0.0341335003150316,0.06438627562897835
TR-002826,TR-C03029,2023-02-16,0,central,1,EDUCATIONAL_EXAMPLE,OOF,0.017306879407812795,0.026079287752509117,0.038147154546887274,0.02717777390240306,0.035130187848292735,0.06427377644217624
TR-005911,TR-C00418,2023-02-16,0,central,1,EDUCATIONAL_EXAMPLE,OOF,0.02551607536853137,0.038680367171764374,0.0374832975758979,0.03389324670539788,0.03778256497486451,0.06575041059028947
TR-007038,TR-C00656,2023-02-16,0,western,1,EDUCATIONAL_EXAMPLE,OOF,0.019553742581825947,0.030230239033699036,0.06300895520950517,0.03759764560834338,0.054814276165553635,0.06839360258961893
TR-008218,TR-C01151,2023-02-16,0,western,1,EDUCATIONAL_EXAMPLE,OOF,0.1530790762870841,0.07290525734424591,0.09308512918666875,0.10635648760599958,0.08804016122606304,0.08629229990568558
TR-008291,TR-C03422,2023-02-16,0,eastern,1,EDUCATIONAL_EXAMPLE,OOF,0.2889721624514978,0.2530592083930969,0.2399668830653344,0.26066608463664304,0.24323996439727502,0.16402928301651976
TR-008982,TR-C03263,2023-02-16,1,other,1,EDUCATIONAL_EXAMPLE,OOF,0.12777800164138595,0.11354570835828781,0.39917043897134896,0.21349804965700758,0.3277642563180837,0.16757719493798115
TR-009055,TR-C03077,2023-02-16,0,eastern,1,EDUCATIONAL_EXAMPLE,OOF,0.025107336077324436,0.03510792553424835,0.0331973322995305,0.0311375313037011,0.03367498060820996,0.06479235701228037
TR-000784,TR-C01562,2023-02-17,0,other,1,EDUCATIONAL_EXAMPLE,OOF,0.012843977997267265,0.02385183796286583,0.012057252990355522,0.016251022983496205,0.015005899233483099,0.0602719848240695
TR-001874,TR-C05559,2023-02-17,0,western,1,EDUCATIONAL_EXAMPLE,OOF,0.014919424559640746,0.022195996716618538,0.029641317372104767,0.02225224621612135,0.02777998720823321,0.0626200984212007
TR-003327,TR-C06484,2023-02-17,0,other,1,EDUCATIONAL_EXAMPLE,OOF,0.06436362769656777,0.12393929064273834,0.0833428543646098,0.0905485909013053,0.09349196343414193,0.08424957879900151
TR-003396,TR-C01928,2023-02-17,0,other,1,EDUCATIONAL_EXAMPLE,OOF,0.02066593350257226,0.033221177756786346,0.013570811430685361,0.022485974230014655,0.018483403012210606,0.06166320874787347
TR-007416,TR-C01073,2023-02-17,0,central,1,EDUCATIONAL_EXAMPLE,OOF,0.015070820256646284,0.021314559504389763,0.02065306288621094,0.019012814215748994,0.020818437040755648,0.06132441635700639
TR-009040,TR-C02547,2023-02-17,0,other,1,EDUCATIONAL_EXAMPLE,OOF,0.03990490203905014,0.06924960017204285,0.02662096942636681,0.04525849054581993,0.03727812711278582,0.06776240681364633
TR-009315,TR-C01195,2023-02-17,0,western,1,EDUCATIONAL_EXAMPLE,OOF,0.015146074765182597,0.021818656474351883,0.007795166791827459,0.014919966010453978,0.011301039212458565,0.05965327810959087
TR-009549,TR-C00454,2023-02-17,0,eastern,1,EDUCATIONAL_EXAMPLE,OOF,0.019929329926319198,0.030304936692118645,0.015823603804904777,0.022019290141114204,0.019443937026708245,0.06168295272529313
TR-003802,TR-C05752,2023-02-18,0,western,1,EDUCATIONAL_EXAMPLE,OOF,0.030674035169370412,0.027451982721686363,0.05857183386547334,0.03889928391884337,0.050791871079526596,0.06809614514754175
TR-007749,TR-C01928,2023-02-18,0,other,1,EDUCATIONAL_EXAMPLE,OOF,0.019940817692387796,0.02404622919857502,0.03511763485091757,0.02636822724729346,0.03234978343783193,0.06380710710178372
TR-008514,TR-C04393,2023-02-18,1,other,1,EDUCATIONAL_EXAMPLE,OOF,0.01934265040493233,0.027087410911917686,0.03663527134272568,0.027688444219858565,0.03424830623502368,0.06425792400576208
TR-009247,TR-C04457,2023-02-18,0,central,1,EDUCATIONAL_EXAMPLE,OOF,0.3067869908157174,0.2548421323299408,0.22999935220303686,0.263876158449565,0.23621004723476285,0.1633420722344683
TR-001022,TR-C04143,2023-02-19,0,western,1,EDUCATIONAL_EXAMPLE,OOF,0.024985752803119418,0.03394923731684685,0.02570841470899887,0.02821446827632171,0.027768620360960863,0.06362572396546778
TR-002177,TR-C05313,2023-02-19,1,central,1,EDUCATIONAL_EXAMPLE,OOF,0.5293503026423786,0.517201840877533,0.740985931041812,0.5958460248539078,0.6850399085007423,0.5377617386143598
TR-002449,TR-C00142,2023-02-19,0,central,1,EDUCATIONAL_EXAMPLE,OOF,0.012857069275923373,0.025607524439692497,0.018421004159453882,0.018961865958356583,0.020217634229513535,0.06127408684877388
TR-002535,TR-C04300,2023-02-19,0,other,1,EDUCATIONAL_EXAMPLE,OOF,0.03144630464668919,0.026325684040784836,0.037266710278649515,0.031679566322041185,0.03453145371918334,0.064927295644323
TR-003215,TR-C05957,2023-02-19,1,other,1,EDUCATIONAL_EXAMPLE,OOF,0.027793090418918955,0.033449117094278336,0.01906640512724178,0.02676953754681302,0.02266208311900092,0.06280488474590235
TR-003943,TR-C00629,2023-02-19,0,western,1,EDUCATIONAL_EXAMPLE,OOF,0.18149097285898683,0.22012916207313538,0.14896349971589942,0.18352787821600722,0.16675491530520842,0.12066351850762448
TR-008989,TR-C01221,2023-02-19,0,eastern,1,EDUCATIONAL_EXAMPLE,OOF,0.015480364332917267,0.03335542231798172,0.02744634976467105,0.025427378805190012,0.028923617902998716,0.06331611010278738
TR-009482,TR-C00076,2023-02-19,0,western,1,EDUCATIONAL_EXAMPLE,OOF,0.017729188728997366,0.02004527673125267,0.023624654374406306,0.02046637327821878,0.022729809963617897,0.061755582464097215
TR-001252,TR-C06396,2023-02-20,0,eastern,1,EDUCATIONAL_EXAMPLE,OOF,0.018752812399167998,0.03770574927330017,0.0424968673983989,0.032985143023622356,0.04129908786712422,0.0660185034632375
TR-003068,TR-C01726,2023-02-20,1,eastern,1,EDUCATIONAL_EXAMPLE,OOF,0.02585232366951482,0.050338245928287506,0.10292519574861277,0.0597052551154717,0.08977845829353145,0.07708776911146513
TR-004234,TR-C00686,2023-02-20,0,other,1,EDUCATIONAL_EXAMPLE,OOF,0.01259271739509296,0.0163627527654171,0.012473070936941612,0.013809513699150558,0.013445491394060484,0.059691782911182587
TR-005693,TR-C01181,2023-02-20,0,eastern,1,EDUCATIONAL_EXAMPLE,OOF,0.008712254059614143,0.014799368567764759,0.0017297805813784514,0.008413801069585785,0.004997177577975028,0.05797589908310214
TR-006705,TR-C06492,2023-02-20,0,other,1,EDUCATIONAL_EXAMPLE,OOF,0.11529959841652958,0.06959322839975357,0.05671981078953362,0.08053754586860559,0.05993816519208861,0.07701782252793113
TR-007557,TR-C03633,2023-02-20,0,eastern,1,EDUCATIONAL_EXAMPLE,OOF,0.015517108011899048,0.025263357907533646,0.016413666321039806,0.019064710746824167,0.018626089217663268,0.06110923851130835
TR-007559,TR-C05694,2023-02-20,0,eastern,1,EDUCATIONAL_EXAMPLE,OOF,0.01563357534623953,0.02685236744582653,0.009426773903566034,0.017304238898544034,0.013783172289131158,0.06031240921550655
TR-008529,TR-C04065,2023-02-20,0,central,1,EDUCATIONAL_EXAMPLE,OOF,0.03739751660852138,0.031211594119668007,0.017295709954123894,0.02863494022743776,0.02077468099550992,0.0628663437798214
TR-008894,TR-C05139,2023-02-20,0,eastern,1,EDUCATIONAL_EXAMPLE,OOF,0.0604580051945224,0.047546494752168655,0.018771505095468585,0.04225866834738654,0.025965252509643603,0.06575302773758433
TR-009016,TR-C01955,2023-02-20,0,central,1,EDUCATIONAL_EXAMPLE,OOF,0.018614608269831384,0.042766399681568146,0.01187267403803918,0.024417893996479572,0.01959610544892142,0.06214345864743331
TR-000596,TR-C05778,2023-02-21,0,central,1,EDUCATIONAL_EXAMPLE,OOF,0.014965003878829172,0.019602980464696884,0.012766535777942652,0.015778173373822903,0.01447564694963121,0.06011804646544609
TR-000684,TR-C04204,2023-02-21,0,eastern,1,EDUCATIONAL_EXAMPLE,OOF,0.019584122458386692,0.02407912164926529,0.009172037474747291,0.017611760527466425,0.01289880851837679,0.06024498073681027
TR-002207,TR-C02290,2023-02-21,0,central,1,EDUCATIONAL_EXAMPLE,OOF,0.043526774931367744,0.0416981503367424,0.02955070878073887,0.038258544682949674,0.032587569169739754,0.06585841733523656
TR-003282,TR-C03658,2023-02-21,0,central,1,EDUCATIONAL_EXAMPLE,OOF,0.020223321011958978,0.032426007091999054,0.024625807951866096,0.02575837868527471,0.026575857736899335,0.06309115459960196
TR-004837,TR-C02291,2023-02-21,0,central,1,EDUCATIONAL_EXAMPLE,OOF,0.01356453063301086,0.02773539535701275,0.021405564139808812,0.020901830043277475,0.022988021944109795,0.06189701862168892
TR-005068,TR-C06288,2023-02-21,0,central,1,EDUCATIONAL_EXAMPLE,OOF,0.018830300749961282,0.030371790751814842,0.04836683414968721,0.03252297521715444,0.04386807330021912,0.06620666931365222
TR-006889,TR-C04786,2023-02-21,0,western,1,EDUCATIONAL_EXAMPLE,OOF,0.0696312580262547,0.06867913156747818,0.039856877148105756,0.05938908891394621,0.04706244075294886,0.07142575305419363
TR-007588,TR-C05442,2023-02-21,0,other,1,EDUCATIONAL_EXAMPLE,OOF,0.007855506099965603,0.018927959725260735,0.010916119352016418,0.012566528392414253,0.012919079445327497,0.059463704855664816
TR-008622,TR-C05878,2023-02-21,0,eastern,1,EDUCATIONAL_EXAMPLE,OOF,0.0880965237795592,0.09729864448308945,0.09213008881142588,0.09250841902469152,0.09342222772934178,0.08443317800264144
TR-000863,TR-C04645,2023-02-22,0,central,1,EDUCATIONAL_EXAMPLE,OOF,0.012891408790485233,0.0237538143992424,0.019166612107538655,0.01860394509908876,0.02031341268046459,0.061219398002508287
TR-005375,TR-C00600,2023-02-22,0,eastern,1,EDUCATIONAL_EXAMPLE,OOF,0.03480102179927822,0.061668939888477325,0.04572496785961874,0.04739830984912476,0.04971096086683339,0.06963026059037535
TR-008497,TR-C05643,2023-02-22,1,other,1,EDUCATIONAL_EXAMPLE,OOF,0.02651471289096863,0.04123060032725334,0.07649871795242064,0.04808134372354753,0.06768168854612881,0.07192151931881618
TR-009622,TR-C01389,2023-02-22,0,eastern,1,EDUCATIONAL_EXAMPLE,OOF,0.006383308883267346,0.011108700186014175,0.004913820101031708,0.007468609723437744,0.006462540122277325,0.05797467267361895
TR-004481,TR-C02603,2023-02-23,0,other,1,EDUCATIONAL_EXAMPLE,OOF,0.029001556771553094,0.03564486280083656,0.07645572140103798,0.04703404699114255,0.06625300675098764,0.07151297051817768
TR-005341,TR-C00102,2023-02-23,0,western,1,EDUCATIONAL_EXAMPLE,OOF,0.015109147508431741,0.021307935938239098,0.018813575800771167,0.018410219749147336,0.01943716583513815,0.06107742343467818
TR-000524,TR-C00931,2023-02-24,0,central,1,EDUCATIONAL_EXAMPLE,OOF,0.02161664149642685,0.03204236924648285,0.04972523236971821,0.03446141437087597,0.04530451658890937,0.06671066967783629
TR-000848,TR-C01948,2023-02-24,0,central,1,EDUCATIONAL_EXAMPLE,OOF,0.02252996557968339,0.03577621281147003,0.04684410356941734,0.03505009398685692,0.04407713087993051,0.06668231214230001
TR-000927,TR-C05669,2023-02-24,0,other,1,EDUCATIONAL_EXAMPLE,OOF,0.015148129120356377,0.0214886125177145,0.012922379345731368,0.016519706994600748,0.01506393763872715,0.06030531086374197
TR-001564,TR-C05001,2023-02-24,0,central,1,EDUCATIONAL_EXAMPLE,OOF,0.012445959502025466,0.02440672367811203,0.01789436513268414,0.018249016104273878,0.019522454769041114,0.06108037884350532
TR-001917,TR-C03708,2023-02-24,0,central,1,EDUCATIONAL_EXAMPLE,OOF,0.03378452111205819,0.032285112887620926,0.017105381062944933,0.027725005020874677,0.020900314019113932,0.0627448862088985
TR-002047,TR-C01792,2023-02-24,0,eastern,1,EDUCATIONAL_EXAMPLE,OOF,0.1664116554332408,0.2917499244213104,0.18366326056725363,0.21394161347393492,0.2106849265307678,0.1403557057850548
TR-006760,TR-C03753,2023-02-24,0,central,1,EDUCATIONAL_EXAMPLE,OOF,0.046143796512028795,0.11495650559663773,0.25814556554906115,0.1397486225525759,0.22234830056095528,0.11872787116444643
TR-006791,TR-C00694,2023-02-24,0,other,1,EDUCATIONAL_EXAMPLE,OOF,0.007790055396034488,0.011310981586575508,0.007143369085562947,0.008748135356057648,0.008185272210816087,0.05834627212666677
TR-007026,TR-C02356,2023-02-24,0,eastern,1,EDUCATIONAL_EXAMPLE,OOF,0.01362578252170925,0.027034781873226166,0.020987072051812303,0.020549212148915905,0.02249899950716577,0.061783159855557795
TR-007272,TR-C00267,2023-02-24,1,western,1,EDUCATIONAL_EXAMPLE,OOF,0.08182056130907778,0.14359527826309204,0.24114030073686135,0.15551871343634371,0.21675404511841903,0.1223171992399678
TR-009397,TR-C01710,2023-02-24,0,central,1,EDUCATIONAL_EXAMPLE,OOF,0.025922940735104885,0.03145764395594597,0.05650044537157975,0.0379603433542102,0.050239745017671304,0.06789540277241685
TR-000380,TR-C02480,2023-02-25,0,eastern,1,EDUCATIONAL_EXAMPLE,OOF,0.030332282606844906,0.0731496512889862,0.06776746060836093,0.05708313150139735,0.06911300827851725,0.07394546231651508
TR-003602,TR-C01059,2023-02-25,0,eastern,1,EDUCATIONAL_EXAMPLE,OOF,0.7911446564384669,0.5026300549507141,0.49872831419790997,0.5975010085290303,0.499703749386111,0.4482688018222867
TR-003615,TR-C02558,2023-02-25,0,western,1,EDUCATIONAL_EXAMPLE,OOF,0.005956074357865292,0.008688954636454582,0.0036592429524375807,0.006101423982252485,0.004916670873441831,0.0575992347431281
TR-004035,TR-C03897,2023-02-25,0,central,1,EDUCATIONAL_EXAMPLE,OOF,0.12315502179066075,0.06268008798360825,0.05289408554357949,0.07957639843928282,0.055340586153586675,0.07615289921181587
TR-005153,TR-C04404,2023-02-25,0,western,1,EDUCATIONAL_EXAMPLE,OOF,0.05138332453958142,0.03354637697339058,0.0245044397474123,0.036478047086794765,0.02676492405390687,0.06482481937543522
TR-006140,TR-C05702,2023-02-25,0,other,1,EDUCATIONAL_EXAMPLE,OOF,0.11149075443976948,0.16102804243564606,0.10451860072665917,0.12567913253402488,0.11864596115390588,0.0962361302448203
TR-006820,TR-C01403,2023-02-25,0,western,1,EDUCATIONAL_EXAMPLE,OOF,0.03285170432752103,0.05960395932197571,0.05387210759326845,0.0487759237475884,0.05530507052544527,0.07056729746698429
TR-007767,TR-C00061,2023-02-25,0,central,1,EDUCATIONAL_EXAMPLE,OOF,0.007091525990936115,0.012618026696145535,0.010659727504408202,0.010123093397163283,0.011149302302342535,0.05887446057325266
TR-008586,TR-C04918,2023-02-25,0,eastern,1,EDUCATIONAL_EXAMPLE,OOF,0.005484635585807943,0.011362094432115555,0.004484285062410861,0.007110338360111453,0.0062037374048370345,0.05789653973435403
TR-000052,TR-C06330,2023-02-26,0,eastern,1,EDUCATIONAL_EXAMPLE,OOF,0.018226380993630133,0.024567635729908943,0.02495945713758717,0.022584491287042083,0.024861501785667615,0.062351977626495754
TR-002001,TR-C02075,2023-02-26,0,other,1,EDUCATIONAL_EXAMPLE,OOF,0.35813895523908484,0.2758652865886688,0.14238281428056287,0.2587956853694388,0.17575343235758936,0.14641492015535668
TR-002020,TR-C01064,2023-02-26,0,western,1,EDUCATIONAL_EXAMPLE,OOF,0.04342631731566058,0.037606582045555115,0.023981362479409487,0.03500475394687506,0.027387667370945893,0.064686289055306
TR-005238,TR-C03468,2023-02-26,0,central,1,EDUCATIONAL_EXAMPLE,OOF,0.03131105187666566,0.032100290060043335,0.03239471565351204,0.03193535253007368,0.032321109255144864,0.06474217880123251
TR-006731,TR-C01973,2023-02-26,1,other,1,EDUCATIONAL_EXAMPLE,OOF,0.024590716392501107,0.03837847337126732,0.09105291204475009,0.0513407006028395,0.0778843023763794,0.07383315159428823
TR-007805,TR-C00038,2023-02-26,0,central,1,EDUCATIONAL_EXAMPLE,OOF,0.01037360389912913,0.020110325887799263,0.02054430240378977,0.01700941073023939,0.020435808274792144,0.06096899852390119
TR-007980,TR-C05353,2023-02-26,0,western,1,EDUCATIONAL_EXAMPLE,OOF,0.1818469194218768,0.28428298234939575,0.1567271438367024,0.20761901520265832,0.18861610346487573,0.13319656721656142
TR-008901,TR-C01434,2023-02-26,0,other,1,EDUCATIONAL_EXAMPLE,OOF,0.0592871463243569,0.09162279963493347,0.18267746880856292,0.11119580492261776,0.15991380151515555,0.09933220772547788
TR-008934,TR-C02666,2023-02-26,0,eastern,1,EDUCATIONAL_EXAMPLE,OOF,0.031918367082596835,0.058457452803850174,0.045840397046079215,0.04540540564417541,0.04899466098552195,0.06917700980635046
TR-002015,TR-C04794,2023-02-27,0,eastern,1,EDUCATIONAL_EXAMPLE,OOF,0.23884177901383297,0.1818668395280838,0.14711107542399307,0.18927323132196994,0.15580001645001576,0.11960676103239104
TR-004646,TR-C02545,2023-02-27,0,western,1,EDUCATIONAL_EXAMPLE,OOF,0.019520344264586827,0.016833964735269547,0.016546744829626214,0.01763368460982753,0.016618549806037046,0.06061915121446308
TR-006019,TR-C03279,2023-02-27,0,central,1,EDUCATIONAL_EXAMPLE,OOF,0.019033166682504602,0.029053453356027603,0.03339292001227666,0.027159846683602953,0.03230805334821439,0.06395826457410538
TR-006738,TR-C00142,2023-02-27,0,central,1,EDUCATIONAL_EXAMPLE,OOF,0.010955812604527354,0.02192445658147335,0.019562818303268458,0.01748102916308972,0.02015322787281968,0.06101965396102653
TR-007060,TR-C02618,2023-02-27,0,eastern,1,EDUCATIONAL_EXAMPLE,OOF,0.024850800384901752,0.03067522868514061,0.04171908166409844,0.032415036911380264,0.038958118419358985,0.06560065496480795
TR-007170,TR-C03369,2023-02-27,0,central,1,EDUCATIONAL_EXAMPLE,OOF,0.010347947720507655,0.018266761675477028,0.013762491102102571,0.01412573349936242,0.014888558745446185,0.05990827665491669
TR-007779,TR-C04502,2023-02-27,0,western,1,EDUCATIONAL_EXAMPLE,OOF,0.018019204438221654,0.022408392280340195,0.016666995951418958,0.0190315308899936,0.018102345033649266,0.061028991416771906
TR-008169,TR-C04324,2023-02-27,0,other,1,EDUCATIONAL_EXAMPLE,OOF,0.043397565691812065,0.04967841878533363,0.041271334190723014,0.04478243955595623,0.04337310533937567,0.06831147790516616
TR-008597,TR-C05711,2023-02-27,0,central,1,EDUCATIONAL_EXAMPLE,OOF,0.0152801712431986,0.04700635001063347,0.07413041725734165,0.04547231283705791,0.0673494004456646,0.07145592986182953
TR-000136,TR-C02860,2023-02-28,0,other,1,EDUCATIONAL_EXAMPLE,OOF,0.015848594433467967,0.02234049141407013,0.025401179646590704,0.0211967551647096,0.02463600758846056,0.0620980196512994
TR-001976,TR-C05915,2023-02-28,0,eastern,1,EDUCATIONAL_EXAMPLE,OOF,0.03848195708797177,0.03405578061938286,0.014244416995777909,0.028927384901044184,0.019197257901679147,0.06274767665269795
TR-002254,TR-C00994,2023-02-28,0,western,1,EDUCATIONAL_EXAMPLE,OOF,0.0204239285109738,0.03818656504154205,0.05478051585503888,0.037797003135851576,0.050632028151664676,0.06795949488904317
TR-002938,TR-C04705,2023-02-28,0,western,1,EDUCATIONAL_EXAMPLE,OOF,0.14627359349563698,0.1381371170282364,0.43854327220494105,0.2409846609096048,0.3634417334107649,0.188816458767208
TR-003581,TR-C03521,2023-02-28,0,central,1,EDUCATIONAL_EXAMPLE,OOF,0.0061135703147437645,0.010829419828951359,0.008136945981019383,0.008359978708238168,0.008810064443002377,0.05835397857191306
TR-005056,TR-C00142,2023-02-28,1,central,1,EDUCATIONAL_EXAMPLE,OOF,0.39884560298456767,0.39705193042755127,0.26298851497728565,0.35296201612980155,0.29650436883985204,0.22015095299177165
TR-005504,TR-C04138,2023-02-28,0,other,1,EDUCATIONAL_EXAMPLE,OOF,0.03295482153048823,0.03112485632300377,0.07716232239513487,0.04708066674954229,0.0656529558771021,0.07141311604660065
TR-008209,TR-C04970,2023-02-28,0,eastern,1,EDUCATIONAL_EXAMPLE,OOF,0.05684315571622037,0.12472690641880035,0.09118827814047245,0.09091944675849772,0.09957293521005442,0.0852532918334281
TR-008364,TR-C03282,2023-02-28,0,western,1,EDUCATIONAL_EXAMPLE,OOF,0.24071248060986722,0.2616698443889618,0.22799806924104318,0.24346013141329073,0.23641601302802284,0.15620859118112237
TR-008789,TR-C01640,2023-02-28,1,western,1,EDUCATIONAL_EXAMPLE,OOF,0.08825098744325324,0.07438138127326965,0.1127981225101845,0.09181016374223579,0.1031939372009558,0.08559301292327455
TR-003473,TR-C01555,2023-03-01,0,central,1,EDUCATIONAL_EXAMPLE,OOF,0.022652392713593913,0.029638061299920082,0.014401978591443449,0.022230810868319146,0.018210999268562608,0.06157231398730129
TR-005564,TR-C06467,2023-03-01,0,central,1,EDUCATIONAL_EXAMPLE,OOF,0.013496674540004883,0.01793612353503704,0.02868238565618892,0.020038394577076946,0.025995820125900952,0.062047542090055814
TR-006034,TR-C04423,2023-03-01,0,central,1,EDUCATIONAL_EXAMPLE,OOF,0.009666277451109116,0.013468889519572258,0.004258789931820801,0.009131318967500725,0.006561314828758665,0.05824003915508201
TR-007527,TR-C00029,2023-03-01,0,eastern,1,EDUCATIONAL_EXAMPLE,OOF,0.2029250048164068,0.17906993627548218,0.41789196871546735,0.26662896993578544,0.35818646060547105,0.1984965080557189
TR-007698,TR-C03528,2023-03-01,0,other,1,EDUCATIONAL_EXAMPLE,OOF,0.08475799667826774,0.1282530277967453,0.1238187113477415,0.11227657860758485,0.12492729045999246,0.09394292496566507
TR-008140,TR-C05610,2023-03-01,0,eastern,1,EDUCATIONAL_EXAMPLE,OOF,0.15824837509016532,0.1225161924958229,0.09744834169493806,0.12607096976030877,0.10371530439515927,0.0934879368531119
TR-009561,TR-C04227,2023-03-01,0,eastern,1,EDUCATIONAL_EXAMPLE,OOF,0.012177783656643897,0.022489599883556366,0.01016270546921109,0.014943363003137117,0.013244429072797409,0.05987383385521946
TR-002999,TR-C01982,2023-03-02,0,other,1,EDUCATIONAL_EXAMPLE,OOF,0.017788052757701192,0.020249320194125175,0.026456317834587576,0.021497896928804647,0.024904568424471977,0.062162878861331775
TR-003305,TR-C05550,2023-03-02,1,other,1,EDUCATIONAL_EXAMPLE,OOF,0.02406951518362447,0.05295943096280098,0.04268863924608387,0.039905861797503106,0.045256337175263145,0.06774431898353782
TR-006241,TR-C05304,2023-03-02,0,eastern,1,EDUCATIONAL_EXAMPLE,OOF,0.020756761465911842,0.02465021051466465,0.02840702723640067,0.024604666405659056,0.027467823055966664,0.06296660047741104
TR-007036,TR-C03534,2023-03-02,0,other,1,EDUCATIONAL_EXAMPLE,OOF,0.015267104215997003,0.027698760852217674,0.048733207338574676,0.030566357468929783,0.04347459571698543,0.06582215019331242
TR-007071,TR-C06259,2023-03-02,0,central,1,EDUCATIONAL_EXAMPLE,OOF,0.011181639723478421,0.015233270823955536,0.02198028145482749,0.01613173066742048,0.0202935287971095,0.06079161938457871
TR-008115,TR-C03523,2023-03-02,0,central,1,EDUCATIONAL_EXAMPLE,OOF,0.029573922590533798,0.07161993533372879,0.06131634794928113,0.05417006862451457,0.06389224479539304,0.07271630773466459
TR-008842,TR-C00753,2023-03-02,0,central,1,EDUCATIONAL_EXAMPLE,OOF,0.1611642575976058,0.15991255640983582,0.18354280310910018,0.16820653903884727,0.17763524143428408,0.11797957591050813
TR-001244,TR-C00729,2023-03-03,0,central,1,EDUCATIONAL_EXAMPLE,OOF,0.011590106001937685,0.02675243467092514,0.035779060051619585,0.02470720024149414,0.03352240370644598,0.06369673328739203
TR-003188,TR-C05580,2023-03-03,0,other,1,EDUCATIONAL_EXAMPLE,OOF,0.04106244095297166,0.10612509399652481,0.07888498981562903,0.07535750825504182,0.08569501586085297,0.07992670971593097
TR-003238,TR-C06041,2023-03-03,0,western,1,EDUCATIONAL_EXAMPLE,OOF,0.025166528265334984,0.03210326284170151,0.08354279434282928,0.04693752848328859,0.07068291146754734,0.0720484173538464
TR-003681,TR-C02729,2023-03-03,0,eastern,1,EDUCATIONAL_EXAMPLE,OOF,0.07162245305946134,0.07734044641256332,0.1666018332411918,0.10518824423773883,0.14428648653403467,0.09512654401269371
TR-004205,TR-C02329,2023-03-03,0,western,1,EDUCATIONAL_EXAMPLE,OOF,0.010807072425316077,0.024411696940660477,0.0031015906829409017,0.01277345334963915,0.008429117247370796,0.059036516909512234
TR-004495,TR-C00476,2023-03-03,0,central,1,EDUCATIONAL_EXAMPLE,OOF,0.019462418916562575,0.027733420953154564,0.02664816524904846,0.024614668372921866,0.026919479175074985,0.06292339047446582
TR-004735,TR-C06229,2023-03-03,0,other,1,EDUCATIONAL_EXAMPLE,OOF,0.02996433652391662,0.03286861255764961,0.06403976451523961,0.042290904532268615,0.05624697652584211,0.06938992883213067
TR-005291,TR-C01375,2023-03-03,1,eastern,1,EDUCATIONAL_EXAMPLE,OOF,0.6661412370286866,0.5715819001197815,0.3399749314204107,0.5258993561896262,0.39787667359525336,0.35668932500025935
TR-006522,TR-C04203,2023-03-03,0,western,1,EDUCATIONAL_EXAMPLE,OOF,0.04823430365041915,0.021418513730168343,0.01927557949678558,0.02964279895912435,0.01981131305513127,0.06285493164939904
TR-009783,TR-C06305,2023-03-03,0,eastern,1,EDUCATIONAL_EXAMPLE,OOF,0.014097144760287969,0.023125365376472473,0.01681218763560815,0.018011565924122865,0.018390482070824228,0.06091022350051483
TR-000215,TR-C05097,2023-03-04,0,western,1,EDUCATIONAL_EXAMPLE,OOF,0.007017532643580157,0.01598289981484413,0.00824054464705116,0.010413659035158484,0.010176133438999403,0.05883079309670547
TR-003976,TR-C05274,2023-03-04,0,other,1,EDUCATIONAL_EXAMPLE,OOF,0.012389440442562944,0.028680087998509407,0.03447495991021794,0.025181496117096764,0.03302624193229081,0.06372572085571376
TR-004298,TR-C03698,2023-03-04,0,central,1,EDUCATIONAL_EXAMPLE,OOF,0.024860048440123444,0.04389146715402603,0.034240385925472704,0.03433063383987406,0.036653156232611034,0.06571867069438253
TR-004867,TR-C01836,2023-03-04,0,western,1,EDUCATIONAL_EXAMPLE,OOF,0.013941482856838546,0.018644986674189568,0.010558365734255748,0.014381611755094621,0.012580020969239204,0.059695173964535185
TR-005001,TR-C05762,2023-03-04,0,western,1,EDUCATIONAL_EXAMPLE,OOF,0.01863694821238515,0.022014502435922623,0.010657394509361328,0.017102948385889702,0.01349667149100165,0.060222741454166624
TR-006029,TR-C05889,2023-03-04,0,eastern,1,EDUCATIONAL_EXAMPLE,OOF,0.0115505836127312,0.0214975755661726,0.00825787385925572,0.013768677679386507,0.011567799285984939,0.059509277060610655
TR-006754,TR-C00444,2023-03-04,0,western,1,EDUCATIONAL_EXAMPLE,OOF,0.014746579826836108,0.019808711484074593,0.02301393649193551,0.019189742600948734,0.02221263023997028,0.061499667158452606
TR-006890,TR-C02055,2023-03-04,0,central,1,EDUCATIONAL_EXAMPLE,OOF,0.06749591705787625,0.04725753888487816,0.012594589683879711,0.04244934854221138,0.021260326984129323,0.0652199659894022
TR-007771,TR-C00763,2023-03-04,0,other,1,EDUCATIONAL_EXAMPLE,OOF,0.04912296703294195,0.06085193157196045,0.1143008221658416,0.074758573590248,0.10093859951737132,0.08167954540759467
TR-008086,TR-C06348,2023-03-04,0,central,1,EDUCATIONAL_EXAMPLE,OOF,0.014990000591795434,0.021789148449897766,0.01765962510715139,0.018146258049614863,0.018692005942837986,0.06095666211668062
TR-008727,TR-C05040,2023-03-04,0,other,1,EDUCATIONAL_EXAMPLE,OOF,0.04372571726832661,0.059556469321250916,0.04514020768491658,0.04947413142483137,0.048744273094000166,0.0698517049689202
TR-009306,TR-C01394,2023-03-04,0,eastern,1,EDUCATIONAL_EXAMPLE,OOF,0.017440519888711644,0.027668235823512077,0.015883192558645065,0.02033064942362293,0.018829453374861818,0.061339330583758955
TR-000559,TR-C05939,2023-03-05,0,central,1,EDUCATIONAL_EXAMPLE,OOF,0.04959122620962721,0.0708434134721756,0.05260179244722413,0.05767881070967564,0.057162197703461995,0.07245378968768275
TR-004789,TR-C00044,2023-03-05,0,eastern,1,EDUCATIONAL_EXAMPLE,OOF,0.014221081558059208,0.03428162261843681,0.02504429594062225,0.024515666705706093,0.02735362761007589,0.06299694153111748
TR-009468,TR-C04109,2023-03-05,0,eastern,1,EDUCATIONAL_EXAMPLE,OOF,0.02405231713932721,0.048245541751384735,0.0896484169322794,0.053982091940997116,0.07929769813705573,0.07457332563077788
TR-001257,TR-C01066,2023-03-06,0,central,1,EDUCATIONAL_EXAMPLE,OOF,0.3349896063701809,0.28642964363098145,0.25048372002382147,0.2906343233416613,0.25947020092561146,0.18036627411693495
TR-003957,TR-C03136,2023-03-06,0,eastern,1,EDUCATIONAL_EXAMPLE,OOF,0.013033691993718566,0.02092631161212921,0.046085935502821126,0.026681979702889633,0.039796029530148144,0.06471261436152226
TR-004266,TR-C05051,2023-03-06,1,other,1,EDUCATIONAL_EXAMPLE,OOF,0.07591933791607444,0.2052937000989914,0.181964418066215,0.15439248536042693,0.1877967385744091,0.1167089957039989
TR-008753,TR-C01076,2023-03-06,0,central,1,EDUCATIONAL_EXAMPLE,OOF,0.006970027772105334,0.01161977183073759,0.009591186231790847,0.009393661944877923,0.010098332631527533,0.058648191671443625
TR-000991,TR-C00665,2023-03-07,0,central,1,EDUCATIONAL_EXAMPLE,OOF,0.01419364737083363,0.017171405255794525,0.02335145671897176,0.018238836448533306,0.02180644385317745,0.061293020675055654
TR-001002,TR-C01637,2023-03-07,0,other,1,EDUCATIONAL_EXAMPLE,OOF,0.05847170941712229,0.07534490525722504,0.05629405260830576,0.06337022242755103,0.06105676577053558,0.07402710959450709
TR-002551,TR-C03490,2023-03-07,0,other,1,EDUCATIONAL_EXAMPLE,OOF,0.07998084618375098,0.16289183497428894,0.09271107431795694,0.11186125182533228,0.11025626448203994,0.09173213102324577
TR-002819,TR-C04727,2023-03-07,0,eastern,1,EDUCATIONAL_EXAMPLE,OOF,0.05549134517974667,0.05252028629183769,0.05619664338378019,0.05473609161845485,0.05527755411079457,0.07156171468568367
TR-003388,TR-C03939,2023-03-07,0,western,1,EDUCATIONAL_EXAMPLE,OOF,0.16832582495836898,0.2303142249584198,0.14806500019825936,0.18223501670501605,0.16862730638829948,0.12079635625936384
TR-003551,TR-C02395,2023-03-07,0,western,1,EDUCATIONAL_EXAMPLE,OOF,0.019423892829480375,0.028927801176905632,0.021043167799554077,0.023131620601980027,0.023014326143891966,0.062251905707473014
TR-005229,TR-C01539,2023-03-07,0,eastern,1,EDUCATIONAL_EXAMPLE,OOF,0.024656490962022784,0.023377040401101112,0.016328316804791174,0.021453949389305022,0.01809049770386866,0.06140311809691546
TR-005922,TR-C03817,2023-03-07,0,eastern,1,EDUCATIONAL_EXAMPLE,OOF,0.20661618611683052,0.12500475347042084,0.16979021687851362,0.16713705215525498,0.15859385102649043,0.11352220065980687
TR-006026,TR-C05652,2023-03-07,0,other,1,EDUCATIONAL_EXAMPLE,OOF,0.2934451756588027,0.22313404083251953,0.30762781685726426,0.2747356777828622,0.2865043728510781,0.18098188079534985
TR-009950,TR-C02645,2023-03-07,0,western,1,EDUCATIONAL_EXAMPLE,OOF,0.0144361278887846,0.017776217311620712,0.020247109255637795,0.017486484818681036,0.019629386269633523,0.06093789863063382
TR-001997,TR-C02602,2023-03-08,0,eastern,1,EDUCATIONAL_EXAMPLE,OOF,0.012954174358218717,0.03968903422355652,0.017017699987719806,0.023220302856498346,0.022685533546678984,0.06229168874615445
TR-004132,TR-C02695,2023-03-08,0,other,1,EDUCATIONAL_EXAMPLE,OOF,0.015062735351515026,0.02921116165816784,0.023493292800164458,0.022589063269949108,0.024922760014665302,0.062387132498917884
TR-004597,TR-C03190,2023-03-08,0,other,1,EDUCATIONAL_EXAMPLE,OOF,0.05456771553449907,0.0910644605755806,0.0431369014334854,0.06292302584785502,0.0551187912190092,0.07326338852859254
TR-008035,TR-C02662,2023-03-08,0,other,1,EDUCATIONAL_EXAMPLE,OOF,0.020127942771337098,0.018074603751301765,0.0062355035122948765,0.014812683344977914,0.009195278572046599,0.059385953775862414
TR-000454,TR-C00261,2023-03-09,0,central,1,EDUCATIONAL_EXAMPLE,OOF,0.017929181440475835,0.0267738476395607,0.054489860502037774,0.0330642965273581,0.047560857286418505,0.06672076314809922
TR-000660,TR-C00035,2023-03-09,0,central,1,EDUCATIONAL_EXAMPLE,OOF,0.02188770319571522,0.03565790131688118,0.03891880944339682,0.032154804651997736,0.03810358241176791,0.06548695346432719
TR-003658,TR-C05250,2023-03-09,0,central,1,EDUCATIONAL_EXAMPLE,OOF,0.03588518654350391,0.0511108934879303,0.07028419318000352,0.05242675773714591,0.06549086825698522,0.0724751126880449
TR-003905,TR-C05552,2023-03-09,0,other,1,EDUCATIONAL_EXAMPLE,OOF,0.03897059729611156,0.04647550359368324,0.018821238765086856,0.03475577988496056,0.02573480497223595,0.06450546282305158
TR-005394,TR-C02969,2023-03-09,0,other,1,EDUCATIONAL_EXAMPLE,OOF,0.041256208198236916,0.06083374843001366,0.05379591024371576,0.051961955623988774,0.05555536979029023,0.07116496371916449
TR-005995,TR-C04914,2023-03-09,0,other,1,EDUCATIONAL_EXAMPLE,OOF,0.01770493619168913,0.024976041167974472,0.02078944893249878,0.021156808764054125,0.021836096991367702,0.06178962350750091
TR-006699,TR-C04921,2023-03-09,0,eastern,1,EDUCATIONAL_EXAMPLE,OOF,0.012633131721449727,0.023502053692936897,0.02081972792750045,0.018984971113962357,0.021490309368859564,0.06140846650356484
TR-006765,TR-C03318,2023-03-09,0,central,1,EDUCATIONAL_EXAMPLE,OOF,0.015529512643166044,0.01893821731209755,0.01994402883564833,0.018137252930303976,0.019692575954760635,0.061050709509344867
TR-006887,TR-C05812,2023-03-09,0,central,1,EDUCATIONAL_EXAMPLE,OOF,0.03659502906922403,0.08448473364114761,0.05763684646471403,0.05957220305836189,0.06434881825882242,0.07383970778817381
TR-008219,TR-C05339,2023-03-09,0,other,1,EDUCATIONAL_EXAMPLE,OOF,0.01389012211511877,0.03385823592543602,0.03601399120587682,0.02792078308214387,0.03547505238576662,0.06448059313576907
TR-008722,TR-C02534,2023-03-09,0,eastern,1,EDUCATIONAL_EXAMPLE,OOF,0.010410376993073032,0.01623079925775528,0.014694314612642393,0.013778496954490236,0.015078435773920615,0.05986563096962341
TR-009020,TR-C01977,2023-03-09,0,central,1,EDUCATIONAL_EXAMPLE,OOF,0.03333596474565998,0.03454777970910072,0.020313886213844418,0.02939921022286837,0.023872359587658494,0.06336403804094512
TR-000234,TR-C04553,2023-03-10,0,other,1,EDUCATIONAL_EXAMPLE,OOF,0.05876074352545379,0.04701147973537445,0.05063900844936084,0.052137077236729695,0.04973212627086424,0.07035596443872102
TR-001172,TR-C03964,2023-03-10,0,western,1,EDUCATIONAL_EXAMPLE,OOF,0.017708776369569388,0.03044750727713108,0.019380484520677223,0.022512256055792563,0.022147240209790687,0.06206623343243066
TR-004433,TR-C02084,2023-03-10,0,western,1,EDUCATIONAL_EXAMPLE,OOF,0.02223970243931272,0.04819132387638092,0.04234804699095921,0.03759302443555095,0.04380886621231464,0.06714975849906403
TR-004993,TR-C06395,2023-03-10,0,western,1,EDUCATIONAL_EXAMPLE,OOF,0.7432286549995215,0.6643664240837097,0.7553322094962366,0.7209757628598226,0.7325907631431049,0.6437059175656767
TR-005075,TR-C06404,2023-03-10,1,eastern,1,EDUCATIONAL_EXAMPLE,OOF,0.01008601430942697,0.01548922248184681,0.013030247746387873,0.012868494845887216,0.013644991430252607,0.05956849772576777
TR-005578,TR-C04858,2023-03-10,0,other,1,EDUCATIONAL_EXAMPLE,OOF,0.011149189423284616,0.0172349251806736,0.011771426105996378,0.01338518023665153,0.013137300874665683,0.05959974496684153
TR-005755,TR-C04764,2023-03-10,0,other,1,EDUCATIONAL_EXAMPLE,OOF,0.022458023363032695,0.04280994087457657,0.03641951642575423,0.03389582688778783,0.038017122537959816,0.06580463026749059
TR-006027,TR-C04500,2023-03-10,0,western,1,EDUCATIONAL_EXAMPLE,OOF,0.005813855777431662,0.013780820183455944,0.010311082362908027,0.009968586107931878,0.011178516818045006,0.05886139262990724
TR-009023,TR-C02556,2023-03-10,0,eastern,1,EDUCATIONAL_EXAMPLE,OOF,0.03309078917384755,0.05317028611898422,0.03338009915513361,0.03988039148265513,0.03832764589609626,0.06689189263993571
TR-009743,TR-C00561,2023-03-10,0,western,1,EDUCATIONAL_EXAMPLE,OOF,0.032146725127100095,0.030513687059283257,0.008372153202448262,0.023677521796277204,0.01390753666665701,0.06131442014752958
TR-001694,TR-C05123,2023-03-11,0,western,1,EDUCATIONAL_EXAMPLE,OOF,0.021393582723671107,0.01857161894440651,0.013563349062705935,0.017842850243594516,0.014815416533131079,0.060460478130889325
TR-006149,TR-C05366,2023-03-11,0,other,1,EDUCATIONAL_EXAMPLE,OOF,0.032592904208278685,0.0493893139064312,0.02343566653235817,0.035139294882356016,0.029924078375876427,0.06508076206951999
TR-007366,TR-C03158,2023-03-11,0,central,1,EDUCATIONAL_EXAMPLE,OOF,0.020354741824676562,0.029093250632286072,0.025205733697044302,0.02488457538466898,0.026177612930854743,0.0628883606434395
TR-007978,TR-C05706,2023-03-11,0,eastern,1,EDUCATIONAL_EXAMPLE,OOF,0.015086155814681253,0.02089519239962101,0.017267539376293484,0.01774962919686525,0.018174452632125367,0.060833440387601675
TR-008912,TR-C00055,2023-03-11,0,eastern,1,EDUCATIONAL_EXAMPLE,OOF,0.02193846567904061,0.04023035615682602,0.05070467038047749,0.037624497405448036,0.04808609182456462,0.06762938396626403
TR-009307,TR-C04528,2023-03-11,1,other,1,EDUCATIONAL_EXAMPLE,OOF,0.22260324008529353,0.2492227703332901,0.5354423542772961,0.3357561215652933,0.46388745829129463,0.2692225058093936
TR-009592,TR-C00906,2023-03-11,0,eastern,1,EDUCATIONAL_EXAMPLE,OOF,0.021531410473866988,0.02882562018930912,0.0458134203230785,0.0320568169954182,0.04156647028963616,0.06584350357498099
TR-003016,TR-C02980,2023-03-12,0,other,1,EDUCATIONAL_EXAMPLE,OOF,0.24667063213830276,0.134941965341568,0.09453400190810252,0.15871553312932443,0.10463599276646889,0.10137902112607468
TR-005374,TR-C00873,2023-03-12,0,western,1,EDUCATIONAL_EXAMPLE,OOF,0.013773238540240321,0.019205154851078987,0.01770296919161168,0.016893787527643662,0.018078515606478506,0.06068325277717505
TR-005489,TR-C01147,2023-03-12,0,central,1,EDUCATIONAL_EXAMPLE,OOF,0.020877005690874393,0.02070804126560688,0.024453629016812087,0.022012891991097783,0.023517232079010787,0.062087441521928154
TR-006433,TR-C02794,2023-03-12,0,other,1,EDUCATIONAL_EXAMPLE,OOF,0.023044865735713464,0.05779469013214111,0.06838606407962514,0.04974187331582657,0.06573822059275414,0.072074552535459
TR-007809,TR-C05778,2023-03-12,0,central,1,EDUCATIONAL_EXAMPLE,OOF,0.009864925916986554,0.016929849982261658,0.017506115711927013,0.01476696387039174,0.017362049279510676,0.06026965772992457
TR-009161,TR-C00375,2023-03-12,0,other,1,EDUCATIONAL_EXAMPLE,OOF,0.007922296752106688,0.016644727438688278,0.002298760672413773,0.00895526162106958,0.0058852523639823994,0.05815963380645624
TR-002988,TR-C02878,2023-03-13,0,eastern,1,EDUCATIONAL_EXAMPLE,OOF,0.15740144850745305,0.18563948571681976,0.25356672160543553,0.1988692186099028,0.23658491263328157,0.14033290138433577
TR-004757,TR-C03296,2023-03-13,0,central,1,EDUCATIONAL_EXAMPLE,OOF,0.031229716102893133,0.052219208329916,0.08204089927412492,0.055163274568978016,0.07458547653807268,0.07418348352841965
TR-006275,TR-C02686,2023-03-13,0,western,1,EDUCATIONAL_EXAMPLE,OOF,0.010971959785555678,0.028310026973485947,0.02171765920338707,0.020333215320809565,0.02336575114591179,0.06185552329146846
TR-006532,TR-C04775,2023-03-13,0,central,1,EDUCATIONAL_EXAMPLE,OOF,0.16151320117183784,0.19974710047245026,0.15180688958375368,0.17102239707601394,0.16379194230592783,0.11637346500765706
TR-009968,TR-C06486,2023-03-13,0,other,1,EDUCATIONAL_EXAMPLE,OOF,0.07884724804073921,0.08548139780759811,0.18100897142867667,0.115112539092338,0.15712707802340703,0.09972137630495133
TR-001700,TR-C06255,2023-03-14,0,other,1,EDUCATIONAL_EXAMPLE,OOF,0.01156018374548545,0.027028962969779968,0.048202513349426664,0.02893055335489736,0.04290912575451499,0.06548368681589505
TR-002150,TR-C03839,2023-03-14,0,central,1,EDUCATIONAL_EXAMPLE,OOF,0.037942377132644846,0.03720362111926079,0.03023158984617426,0.03512586269935996,0.031974597664445895,0.06524748433447268
TR-003251,TR-C03452,2023-03-14,0,western,1,EDUCATIONAL_EXAMPLE,OOF,0.07562123724698994,0.03442174196243286,0.006786302812499172,0.038943094007307326,0.013695162599982595,0.06368928513343053
TR-004210,TR-C04873,2023-03-14,0,eastern,1,EDUCATIONAL_EXAMPLE,OOF,0.16412144374552753,0.2873936891555786,0.3254019791094722,0.2589723706701928,0.3158999066209988,0.18426925532012906
TR-006534,TR-C04269,2023-03-14,0,central,1,EDUCATIONAL_EXAMPLE,OOF,0.035521635631858554,0.047460902482271194,0.057073073204517155,0.0466852037728823,0.054670030523955665,0.07004298172760409
TR-007882,TR-C05611,2023-03-14,0,western,1,EDUCATIONAL_EXAMPLE,OOF,0.48984493417835,0.5312111377716064,0.35893144428038015,0.4599958387434455,0.4020013676531867,0.3184581900585784
TR-008616,TR-C03462,2023-03-14,0,other,1,EDUCATIONAL_EXAMPLE,OOF,0.08822602498778961,0.08499821275472641,0.07134726310928115,0.08152383361726573,0.07476000052064247,0.0794055383981285
TR-001759,TR-C02247,2023-03-15,0,other,1,EDUCATIONAL_EXAMPLE,OOF,0.00838757542218867,0.018723269924521446,0.029265609956940507,0.01879215176788354,0.02663002494883574,0.06193167329337755
TR-002855,TR-C00655,2023-03-15,0,other,1,EDUCATIONAL_EXAMPLE,OOF,0.03363567394350369,0.057409994304180145,0.056093493977757335,0.04904638740848039,0.056422619059363036,0.07074321536400802
TR-003106,TR-C03565,2023-03-15,0,eastern,1,EDUCATIONAL_EXAMPLE,OOF,0.07519866295965794,0.13623929023742676,0.26692591575298286,0.15945462298335586,0.23425425937409383,0.12710736200447173
TR-003265,TR-C03130,2023-03-15,0,western,1,EDUCATIONAL_EXAMPLE,OOF,0.05465498616579607,0.03604056313633919,0.018346276164800737,0.03634727515564533,0.02276984790768535,0.06434772976955572
TR-003434,TR-C02957,2023-03-15,0,other,1,EDUCATIONAL_EXAMPLE,OOF,0.04498368066026977,0.04117295891046524,0.05188992566662981,0.04601552174578827,0.04921068397758867,0.06919604153088886
TR-003868,TR-C01801,2023-03-15,0,other,1,EDUCATIONAL_EXAMPLE,OOF,0.0440736368922053,0.049849268049001694,0.029546503222293487,0.041156469387833496,0.03462219442897054,0.06663135138443248
TR-004280,TR-C00150,2023-03-15,0,other,1,EDUCATIONAL_EXAMPLE,OOF,0.008300215692902834,0.015296231023967266,0.013433601850877391,0.012343349522582496,0.01389925914414986,0.05951708870508879
TR-005818,TR-C05985,2023-03-15,1,other,1,EDUCATIONAL_EXAMPLE,OOF,0.21378354094849153,0.18246355652809143,0.09596066842217701,0.16406925529958663,0.11758639044865563,0.10548816889960673
TR-006827,TR-C00080,2023-03-15,0,other,1,EDUCATIONAL_EXAMPLE,OOF,0.11467074885481232,0.08743775635957718,0.08528760610779253,0.09579870377406068,0.0858251436707387,0.0838865853581154
TR-006869,TR-C03624,2023-03-15,0,eastern,1,EDUCATIONAL_EXAMPLE,OOF,0.04597721463335731,0.06161162629723549,0.0803905917195155,0.06265981088336943,0.0756958503639455,0.07578098607533922
TR-008481,TR-C05001,2023-03-15,1,central,1,EDUCATIONAL_EXAMPLE,OOF,0.03277236247800768,0.04480215907096863,0.1004523870227551,0.05934230285724381,0.08653983003480847,0.076531254093049
TR-009038,TR-C01968,2023-03-15,0,other,1,EDUCATIONAL_EXAMPLE,OOF,0.017611259768554415,0.027328530326485634,0.07052206675820209,0.038487285617747384,0.059723682650272975,0.06914010149235114
TR-009116,TR-C02683,2023-03-15,0,eastern,1,EDUCATIONAL_EXAMPLE,OOF,0.01760908696283817,0.02906866930425167,0.01656062934401795,0.02107946187036926,0.01968763933407638,0.061558875316115265
TR-000151,TR-C05843,2023-03-16,0,eastern,1,EDUCATIONAL_EXAMPLE,OOF,0.055110190325595936,0.0689174011349678,0.07415097207664915,0.06605952117907098,0.07284257934122881,0.07607554281372732
TR-001624,TR-C01233,2023-03-16,0,other,1,EDUCATIONAL_EXAMPLE,OOF,0.1806255286228012,0.13416296243667603,0.12546325618373338,0.14675058241440356,0.12763818274696903,0.1025744974090877
TR-005126,TR-C02491,2023-03-16,0,eastern,1,EDUCATIONAL_EXAMPLE,OOF,0.02456980161700749,0.045784082263708115,0.01753392068807374,0.02929593485626311,0.02459646108198233,0.06349921871277014
TR-005970,TR-C00550,2023-03-16,0,western,1,EDUCATIONAL_EXAMPLE,OOF,0.01581962816233895,0.020978407934308052,0.038752716401634406,0.025183584166093804,0.034309139284802816,0.06382915652869293
TR-006343,TR-C02423,2023-03-16,0,central,1,EDUCATIONAL_EXAMPLE,OOF,0.00736516380688201,0.013597247190773487,0.004822531012520878,0.008594980670058792,0.00701621005708403,0.05821133143932647
TR-006353,TR-C02944,2023-03-16,0,western,1,EDUCATIONAL_EXAMPLE,OOF,0.14687794335710666,0.17986974120140076,0.14154809351639094,0.15609859269163281,0.1511285054376434,0.10971898449041784
TR-007471,TR-C03588,2023-03-16,0,eastern,1,EDUCATIONAL_EXAMPLE,OOF,0.008446021646277682,0.017857374623417854,0.014545017495837396,0.01361613792184431,0.015373106777732511,0.05988299821041211
TR-007566,TR-C03246,2023-03-16,0,other,1,EDUCATIONAL_EXAMPLE,OOF,0.03975048993165668,0.04563179239630699,0.0956100900993915,0.060330790809118386,0.08311551567362038,0.0762506425036869
TR-008221,TR-C00364,2023-03-16,0,central,1,EDUCATIONAL_EXAMPLE,OOF,0.021178200206079176,0.04150509461760521,0.04249886607369386,0.03506072029912608,0.0422504232096717,0.06649833647021712
TR-009106,TR-C03686,2023-03-16,0,eastern,1,EDUCATIONAL_EXAMPLE,OOF,0.01649881366144907,0.02352542243897915,0.020287739028303275,0.020103991709577166,0.021097159880972244,0.06153581753579057
TR-009288,TR-C03926,2023-03-16,0,eastern,1,EDUCATIONAL_EXAMPLE,OOF,0.00609599668626843,0.01061257254332304,0.009916522548023811,0.008875030592538427,0.010090535046848618,0.05856571914438965
TR-009407,TR-C01887,2023-03-16,0,central,1,EDUCATIONAL_EXAMPLE,OOF,0.01826087592749871,0.0506056509912014,0.02142349191062198,0.030096672943107364,0.028719031680766834,0.06413640726465866
TR-001364,TR-C06341,2023-03-17,0,western,1,EDUCATIONAL_EXAMPLE,OOF,0.008546359448213794,0.008700204081833363,0.0058732154320172494,0.007706592987354803,0.006579962594471278,0.058008436920715695
TR-002297,TR-C02116,2023-03-17,0,central,1,EDUCATIONAL_EXAMPLE,OOF,0.017964365627412944,0.032995592802762985,0.041037797202648156,0.030665918544274695,0.03902724610267686,0.0653389655438496
TR-003063,TR-C03323,2023-03-17,0,eastern,1,EDUCATIONAL_EXAMPLE,OOF,0.015911560013880412,0.02393416501581669,0.029151512826740913,0.02299907928547934,0.027847175874009856,0.0627547077778552
TR-004768,TR-C03250,2023-03-17,1,other,1,EDUCATIONAL_EXAMPLE,OOF,0.29087430648811324,0.22974929213523865,0.3352952324775668,0.2853062770336396,0.30890874739198476,0.1919781623059084
TR-004929,TR-C05263,2023-03-17,1,other,1,EDUCATIONAL_EXAMPLE,OOF,0.05353773788494098,0.09039510041475296,0.05392004736698518,0.06595096188889304,0.06303881062892712,0.07487105298040789
TR-007447,TR-C00703,2023-03-17,0,other,1,EDUCATIONAL_EXAMPLE,OOF,0.005027372270351072,0.010120566003024578,0.005564269285336899,0.006904069186237516,0.006703343464758819,0.057913023697133865
TR-000440,TR-C06188,2023-03-18,0,western,1,EDUCATIONAL_EXAMPLE,OOF,0.008942184460353135,0.011173115111887455,0.0122854457721351,0.01080024844812523,0.012007363107073189,0.05905915753577249
TR-001362,TR-C03800,2023-03-18,0,central,1,EDUCATIONAL_EXAMPLE,OOF,0.01430481304190611,0.01930094137787819,0.01243485088409547,0.01534686843462659,0.01415137350754115,0.06001588007434255
TR-008657,TR-C01446,2023-03-18,0,western,1,EDUCATIONAL_EXAMPLE,OOF,0.015576978231600822,0.02852240763604641,0.05076439481980567,0.03162126022915097,0.04520389802386586,0.06620828909616103
TR-009841,TR-C05449,2023-03-18,0,other,1,EDUCATIONAL_EXAMPLE,OOF,0.021864043461137246,0.03610935062170029,0.0477456627513666,0.035239685611401374,0.04483658471895002,0.06680816405109363
TR-002175,TR-C05979,2023-03-19,0,other,1,EDUCATIONAL_EXAMPLE,OOF,0.02834293617414409,0.033237211406230927,0.057279370384983125,0.039619839321786046,0.051268830640295075,0.06831415822491427
TR-005689,TR-C00574,2023-03-19,0,other,1,EDUCATIONAL_EXAMPLE,OOF,0.016568778629185082,0.032051414251327515,0.058294065068027444,0.03563808598284668,0.05173340236385246,0.06769364792579899
TR-006388,TR-C06177,2023-03-19,0,other,1,EDUCATIONAL_EXAMPLE,OOF,0.013702666708399973,0.023399630561470985,0.036547562289273416,0.02454995318638146,0.03326057935732281,0.06362115583486617
TR-006630,TR-C04864,2023-03-19,0,eastern,1,EDUCATIONAL_EXAMPLE,OOF,0.009193678338098421,0.01952013373374939,0.012844403937858703,0.013852738669902172,0.014513336386831374,0.059833343983364436
TR-000818,TR-C02157,2023-03-20,0,western,1,EDUCATIONAL_EXAMPLE,OOF,0.008244487007072204,0.020571721717715263,0.028755069155187614,0.019190425959991694,0.026709232295819528,0.06201303267239434
TR-005944,TR-C06121,2023-03-20,0,central,1,EDUCATIONAL_EXAMPLE,OOF,0.06795453207866396,0.06413953751325607,0.05431789156847135,0.06213732038679714,0.05677330305466753,0.07315632388389187
TR-008206,TR-C03005,2023-03-20,0,western,1,EDUCATIONAL_EXAMPLE,OOF,0.023701342476222225,0.03637971729040146,0.036535984882419575,0.032205681549681085,0.036496917984415046,0.06530790730796958
TR-008329,TR-C03804,2023-03-20,0,eastern,1,EDUCATIONAL_EXAMPLE,OOF,0.016512615685207007,0.02697150595486164,0.025471672072761155,0.02298526457094327,0.025846630543286276,0.06254116884740361
TR-001525,TR-C05734,2023-03-21,0,other,1,EDUCATIONAL_EXAMPLE,OOF,0.05373186779447131,0.04260741546750069,0.034416490210807366,0.04358525782425979,0.036464221524980696,0.06721315918963265
TR-002583,TR-C05973,2023-03-21,0,other,1,EDUCATIONAL_EXAMPLE,OOF,0.02202429327724441,0.03490190580487251,0.022306593522099464,0.026410930868072127,0.025455421592792727,0.06307908661408958
TR-003033,TR-C05921,2023-03-21,0,western,1,EDUCATIONAL_EXAMPLE,OOF,0.04138305204428353,0.05394914746284485,0.06399777734090155,0.053109992282676634,0.06148561987138737,0.07209157025474572
TR-003757,TR-C01523,2023-03-21,0,central,1,EDUCATIONAL_EXAMPLE,OOF,0.26997216864032414,0.30447065830230713,0.3433057475937667,0.3059161915121327,0.3335969752709018,0.20970720908375742
TR-003876,TR-C01187,2023-03-21,0,central,1,EDUCATIONAL_EXAMPLE,OOF,0.029938335322405897,0.03324100375175476,0.03513738659226125,0.0327722418888073,0.03466329088213463,0.06516199081964791
TR-005740,TR-C03022,2023-03-21,0,other,1,EDUCATIONAL_EXAMPLE,OOF,0.013905839091737749,0.0218633022159338,0.020712157147412702,0.018827099485028084,0.020999943414542976,0.06131961284970893
TR-007802,TR-C03056,2023-03-21,0,other,1,EDUCATIONAL_EXAMPLE,OOF,0.06828427050740848,0.050076037645339966,0.06317335070541581,0.06051121961938808,0.059899022440396854,0.07318090786803154
TR-008862,TR-C06340,2023-03-21,0,other,1,EDUCATIONAL_EXAMPLE,OOF,0.08899540509645308,0.11212200671434402,0.07156552821494329,0.09089431334191346,0.08170464783979348,0.08246969038974909
TR-008875,TR-C02618,2023-03-21,0,eastern,1,EDUCATIONAL_EXAMPLE,OOF,0.018768484796117237,0.02125430479645729,0.016786112907349535,0.01893630083330802,0.017903160879626474,0.06098553401560605
TR-009095,TR-C06184,2023-03-21,0,western,1,EDUCATIONAL_EXAMPLE,OOF,0.09699290648537016,0.12051106989383698,0.11094141827097437,0.10948179821672717,0.11333383117669002,0.09134998721089892
TR-001338,TR-C03164,2023-03-22,1,eastern,1,EDUCATIONAL_EXAMPLE,OOF,0.15968275730208045,0.1426769345998764,0.13760733173931244,0.14665567454708978,0.13887473245445342,0.10466909996493551
TR-002334,TR-C00868,2023-03-22,0,western,1,EDUCATIONAL_EXAMPLE,OOF,0.015482370936724341,0.02632448635995388,0.029474846140527828,0.023760567812402017,0.028687256195384342,0.06298478429058017
TR-003050,TR-C04168,2023-03-22,0,eastern,1,EDUCATIONAL_EXAMPLE,OOF,0.028908979533166818,0.03598369285464287,0.022992403428219697,0.029295025272009795,0.02624022578482549,0.06363117924744119
TR-004486,TR-C01549,2023-03-22,0,eastern,1,EDUCATIONAL_EXAMPLE,OOF,0.011290080703922189,0.016554690897464752,0.010435310711329334,0.012760027437572092,0.011965155757863189,0.05937491552508839
TR-004805,TR-C02028,2023-03-22,0,central,1,EDUCATIONAL_EXAMPLE,OOF,0.010151304629792595,0.020405666902661324,0.016439617065621276,0.015665529532691732,0.017431129524881288,0.06043260218071385
TR-001231,TR-C03578,2023-03-23,0,western,1,EDUCATIONAL_EXAMPLE,OOF,0.03750084701961556,0.017862118780612946,0.00843394214344303,0.021265635981223847,0.01079098630273551,0.06052653189999842
TR-002132,TR-C01484,2023-03-23,1,eastern,1,EDUCATIONAL_EXAMPLE,OOF,0.017352475299368782,0.09053210914134979,0.1251219051122655,0.0776688298509947,0.11647445611953658,0.08481353076454352
TR-004382,TR-C03221,2023-03-23,0,eastern,1,EDUCATIONAL_EXAMPLE,OOF,0.024707634212232238,0.024508576840162277,0.00981771337965586,0.01967797481068346,0.013490429244782463,0.06062472902588243
TR-005574,TR-C06314,2023-03-23,0,eastern,1,EDUCATIONAL_EXAMPLE,OOF,0.02726217355216975,0.032560382038354874,0.04256936245727044,0.034130639349265024,0.04006711735254155,0.06602572975832707
TR-007253,TR-C04362,2023-03-23,0,eastern,1,EDUCATIONAL_EXAMPLE,OOF,0.05892967115286686,0.14552929997444153,0.0908835178882164,0.09844749633850826,0.10454496340977268,0.08776703325152747
TR-009048,TR-C04626,2023-03-23,0,western,1,EDUCATIONAL_EXAMPLE,OOF,0.2899405345210637,0.23145467042922974,0.3710896155322548,0.2974949401608494,0.33618087925649853,0.20564197528736664
TR-000075,TR-C00271,2023-03-24,0,eastern,1,EDUCATIONAL_EXAMPLE,OOF,0.02139403743664565,0.022779064252972603,0.022507140596471437,0.022226747428696566,0.022575121510596728,0.062025609894581904
TR-002817,TR-C04646,2023-03-24,0,other,1,EDUCATIONAL_EXAMPLE,OOF,0.41353768838737665,0.3169453740119934,0.26405846341886263,0.3315138419394109,0.2772801910671453,0.20303956575452295
TR-002904,TR-C00549,2023-03-24,0,central,1,EDUCATIONAL_EXAMPLE,OOF,0.018260931331029958,0.02654172107577324,0.01300263757516664,0.019268429993989946,0.01638740845031829,0.06089722102286862
TR-005562,TR-C01021,2023-03-24,1,other,1,EDUCATIONAL_EXAMPLE,OOF,0.5534370567025667,0.34188878536224365,0.3059205914684096,0.4004154778444067,0.31491263994186813,0.2481784013926579
TR-006850,TR-C01806,2023-03-24,0,central,1,EDUCATIONAL_EXAMPLE,OOF,0.023293640090788836,0.030112499371170998,0.026094270719464314,0.026500136727141382,0.027098827882390986,0.0632543752127345
TR-000797,TR-C03212,2023-03-25,0,other,1,EDUCATIONAL_EXAMPLE,OOF,0.02614641315894046,0.02668757364153862,0.05411728455294746,0.03565042378447551,0.04725985682509525,0.06711248617043061
TR-001243,TR-C02813,2023-03-25,1,other,1,EDUCATIONAL_EXAMPLE,OOF,0.03366295539109329,0.05231453850865364,0.08669409708523572,0.05755719699499421,0.0780992074410902,0.07509732306055861
TR-002594,TR-C00676,2023-03-25,0,eastern,1,EDUCATIONAL_EXAMPLE,OOF,0.02326809814922274,0.03088204190135002,0.0191273205511109,0.02442582020056122,0.02206600088867068,0.06235611800065252
TR-003667,TR-C04846,2023-03-25,1,central,1,EDUCATIONAL_EXAMPLE,OOF,0.2524405185789288,0.21843507885932922,0.2106708090196659,0.22718213548597466,0.21261187647958174,0.14420288622770921
TR-003727,TR-C00175,2023-03-25,0,western,1,EDUCATIONAL_EXAMPLE,OOF,0.013614029491393401,0.021318549290299416,0.024653133625049097,0.019861904135580637,0.023819487541361678,0.0617933029876781
TR-004419,TR-C05172,2023-03-25,0,eastern,1,EDUCATIONAL_EXAMPLE,OOF,0.02327987312300598,0.026565231382846832,0.019946538857911124,0.023263881121254645,0.021601211989145053,0.06209756182811821
TR-004708,TR-C03866,2023-03-25,0,central,1,EDUCATIONAL_EXAMPLE,OOF,0.007317927828233978,0.015170572325587273,0.011073071347734416,0.011187190500518555,0.01209744659219763,0.059148575354599844
TR-005959,TR-C01378,2023-03-25,0,other,1,EDUCATIONAL_EXAMPLE,OOF,0.016911328656498966,0.02916603721678257,0.009533775883757799,0.018537047252346447,0.014441841217013992,0.06058474871949632
TR-007613,TR-C06180,2023-03-25,0,western,1,EDUCATIONAL_EXAMPLE,OOF,0.0265703172194734,0.023259911686182022,0.02429895058137471,0.02470972649567671,0.024039190857576536,0.06258083787681798
TR-007816,TR-C04845,2023-03-25,1,eastern,1,EDUCATIONAL_EXAMPLE,OOF,0.010676426889195132,0.020398641005158424,0.014685717976979607,0.015253595290444387,0.016113948734024313,0.06022470913070521
TR-001980,TR-C00789,2023-03-26,0,western,1,EDUCATIONAL_EXAMPLE,OOF,0.04664802297099903,0.038959160447120667,0.09703003944397902,0.06087907428736624,0.08251231969476443,0.07622276471252024
TR-002186,TR-C02002,2023-03-26,0,eastern,1,EDUCATIONAL_EXAMPLE,OOF,0.016869173032946095,0.029257135465741158,0.03111609538951076,0.025747467962732667,0.030651355408568358,0.06354244830005593
TR-003100,TR-C01898,2023-03-26,0,western,1,EDUCATIONAL_EXAMPLE,OOF,0.21731263642113702,0.19664232432842255,0.3194834939821509,0.24447948491057017,0.28877320156871883,0.16961835835771977
TR-003574,TR-C03386,2023-03-26,0,central,1,EDUCATIONAL_EXAMPLE,OOF,0.006325767828393561,0.010959566570818424,0.002909829876917206,0.006731721425376397,0.0049222640503925105,0.05770326519299266
TR-004195,TR-C06081,2023-03-26,0,central,1,EDUCATIONAL_EXAMPLE,OOF,0.006243526743390182,0.01451567467302084,0.004276383035435828,0.008345194817282284,0.00683620594483208,0.05816079155019985
TR-008602,TR-C04478,2023-03-26,0,western,1,EDUCATIONAL_EXAMPLE,OOF,0.013478236070205723,0.020430175587534904,0.019243276288827316,0.017717229315522647,0.019540001113504214,0.06097835201017408
TR-008613,TR-C03286,2023-03-26,0,central,1,EDUCATIONAL_EXAMPLE,OOF,0.019177475999554612,0.019639233127236366,0.014174709679387767,0.01766380626872625,0.015540840541349916,0.06052008775235745
TR-001207,TR-C01814,2023-03-27,1,central,1,EDUCATIONAL_EXAMPLE,OOF,0.026042644242202456,0.055364981293678284,0.15762276521437657,0.07967679691675243,0.132058319234202,0.08734749618626082
TR-001695,TR-C05291,2023-03-27,0,central,1,EDUCATIONAL_EXAMPLE,OOF,0.01646027198123003,0.027262190356850624,0.024460215952453734,0.022727559430178127,0.025160709553552957,0.062424321719035704
TR-002274,TR-C05090,2023-03-27,0,central,1,EDUCATIONAL_EXAMPLE,OOF,0.007504397995006686,0.01760825701057911,0.01287972603139994,0.012664127012328578,0.014061858776194732,0.05959569235582472
TR-004457,TR-C05753,2023-03-27,0,eastern,1,EDUCATIONAL_EXAMPLE,OOF,0.028069284891894485,0.035182345658540726,0.02515041581648628,0.02946734878897383,0.027658398276999892,0.06381889529311133
TR-005180,TR-C00279,2023-03-27,0,other,1,EDUCATIONAL_EXAMPLE,OOF,0.021670602651565368,0.034903962165117264,0.0633869313885153,0.039987165401732645,0.056266189082665785,0.06901139329245264
TR-007187,TR-C05081,2023-03-27,0,central,1,EDUCATIONAL_EXAMPLE,OOF,0.030963339933163605,0.04987778887152672,0.07973518869046267,0.053525439165051,0.07227083873572868,0.07356038045677958
TR-008537,TR-C03155,2023-03-27,0,other,1,EDUCATIONAL_EXAMPLE,OOF,0.013697934977757512,0.02117851935327053,0.01000574672488982,0.014960733685305953,0.012798939881984998,0.05982002532270337
TR-009663,TR-C03732,2023-03-27,0,western,1,EDUCATIONAL_EXAMPLE,OOF,0.029146039937845345,0.033670444041490555,0.03121022913550038,0.03134223770494542,0.03182528286199793,0.06459790346226371
TR-006739,TR-C05007,2023-03-28,0,eastern,1,EDUCATIONAL_EXAMPLE,OOF,0.02849831451364416,0.05301683768630028,0.022528580588625998,0.03468124426285681,0.030150644863044567,0.06505595812519897
TR-000731,TR-C02058,2023-03-29,0,eastern,1,EDUCATIONAL_EXAMPLE,OOF,0.016108948387924038,0.028585495427250862,0.026025615110605027,0.023573352975259976,0.026665585189766486,0.06273637968367192
TR-004373,TR-C05983,2023-03-29,0,central,1,EDUCATIONAL_EXAMPLE,OOF,0.04437548225724999,0.034149885177612305,0.008681364756011018,0.029068910730291105,0.01504849486141134,0.06229540799016636
TR-004697,TR-C05363,2023-03-29,0,western,1,EDUCATIONAL_EXAMPLE,OOF,0.04219538262746836,0.04933195561170578,0.015137586648250398,0.035554974962474846,0.023686178889114243,0.06440965844005825
TR-005715,TR-C00311,2023-03-29,0,eastern,1,EDUCATIONAL_EXAMPLE,OOF,0.01494174042347699,0.027266589924693108,0.015822876441632595,0.019343735596600898,0.018683804812397724,0.06116988028855417
TR-006570,TR-C06312,2023-03-29,0,eastern,1,EDUCATIONAL_EXAMPLE,OOF,0.012577015053436745,0.02336690202355385,0.0179727436474139,0.017972220241468165,0.019321283241448887,0.061009688649514324
TR-007619,TR-C05903,2023-03-29,0,western,1,EDUCATIONAL_EXAMPLE,OOF,0.026294051027115656,0.03997276350855827,0.019435817754707905,0.028567544096793945,0.024570054193170498,0.06334632158880434
TR-008498,TR-C04522,2023-03-29,0,central,1,EDUCATIONAL_EXAMPLE,OOF,0.013556769040459382,0.03690987080335617,0.011558987217349674,0.02067520902038841,0.017896708113851297,0.06134094473491278
TR-000206,TR-C01708,2023-03-30,0,other,1,EDUCATIONAL_EXAMPLE,OOF,0.19095332997091335,0.14371547102928162,0.18737758460558618,0.1740154618685937,0.17646205621151004,0.1191819169198644
TR-000314,TR-C05443,2023-03-30,0,other,1,EDUCATIONAL_EXAMPLE,OOF,0.0174463374351961,0.025669507682323456,0.04309532173881918,0.028737055618779577,0.038738868224695244,0.06494751282672664
TR-002983,TR-C01041,2023-03-30,1,central,1,EDUCATIONAL_EXAMPLE,OOF,0.031374101326731886,0.06423011422157288,0.07689533336293071,0.05749984963707849,0.07372902857759125,0.0745792871575172
TR-004518,TR-C05480,2023-03-30,0,other,1,EDUCATIONAL_EXAMPLE,OOF,0.012631700728546651,0.017734171822667122,0.019526038268961522,0.01663063694005843,0.019078071657387924,0.060746222199542774
TR-004587,TR-C04757,2023-03-30,0,other,1,EDUCATIONAL_EXAMPLE,OOF,0.012776441716371888,0.01938299834728241,0.01786455557919323,0.01667466521428251,0.018244166271215525,0.06066953675559842
TR-004997,TR-C02457,2023-03-30,0,western,1,EDUCATIONAL_EXAMPLE,OOF,0.21705372446664223,0.1839340329170227,0.30585251687485976,0.23561342475284155,0.2753728958854005,0.16255479730832595
TR-005218,TR-C02325,2023-03-30,1,eastern,1,EDUCATIONAL_EXAMPLE,OOF,0.13262092146163681,0.15743127465248108,0.28416749491872373,0.19140656367761388,0.25248343985216304,0.14134574344399084
TR-006397,TR-C05922,2023-03-30,0,eastern,1,EDUCATIONAL_EXAMPLE,OOF,0.010283504211922579,0.02416805364191532,0.029453874296624955,0.02130181071682095,0.028132419132947548,0.06252405769708182
TR-007355,TR-C06024,2023-03-30,0,eastern,1,EDUCATIONAL_EXAMPLE,OOF,0.07231468055577091,0.11217270791530609,0.15858120149433128,0.11435619665513608,0.14697907809957497,0.0980171848152052
TR-000576,TR-C05040,2023-03-31,0,other,1,EDUCATIONAL_EXAMPLE,OOF,0.059420693271438486,0.06260258704423904,0.10198695232350573,0.07467007754639442,0.09214086100368905,0.08039581159071688
TR-001129,TR-C02037,2023-03-31,0,eastern,1,EDUCATIONAL_EXAMPLE,OOF,0.014052096231046567,0.020986635237932205,0.02293201137107575,0.01932358094668484,0.02244566733778986,0.06155334874412727
TR-002841,TR-C04947,2023-03-31,0,eastern,1,EDUCATIONAL_EXAMPLE,OOF,0.014897132039686232,0.03154997155070305,0.029802537066888325,0.0254165468857592,0.030239395687842008,0.06345611196392316
TR-003889,TR-C05355,2023-03-31,0,eastern,1,EDUCATIONAL_EXAMPLE,OOF,0.0226488279836953,0.047504447400569916,0.05998087789607176,0.04337805109344566,0.0568617702721963,0.06975035081902861
TR-005014,TR-C05806,2023-03-31,0,other,1,EDUCATIONAL_EXAMPLE,OOF,0.3051714895929041,0.18539761006832123,0.07913667757904895,0.1899019257467581,0.10570191070136702,0.10988029461529018
TR-006248,TR-C03123,2023-03-31,0,eastern,1,EDUCATIONAL_EXAMPLE,OOF,0.014735780262270345,0.01803979091346264,0.01884313381784798,0.017206234997860323,0.018642298091751643,0.0607866892719357
TR-006623,TR-C05418,2023-03-31,0,central,1,EDUCATIONAL_EXAMPLE,OOF,0.021555975277221338,0.03350559622049332,0.034333152504609124,0.029798241334107925,0.034126263433580176,0.06462056494060751
TR-009124,TR-C00186,2023-03-31,0,western,1,EDUCATIONAL_EXAMPLE,OOF,0.015404785286762031,0.01903684251010418,0.01685105129835775,0.017097559698407986,0.01739749910129436,0.06063735066597883
TR-001903,TR-C02246,2023-07-01,0,central,2,EDUCATIONAL_EXAMPLE,OOF,0.037870696803672624,0.03776122257113457,0.044726299946937435,0.04011940644058154,0.04298503060298672,0.06609699082624386
TR-002021,TR-C03907,2023-07-01,0,other,2,EDUCATIONAL_EXAMPLE,OOF,0.040015701109578326,0.09426267445087433,0.16019690012203783,0.09815842522749683,0.14371334370424696,0.10603605148860867
TR-003860,TR-C04324,2023-07-01,0,other,2,EDUCATIONAL_EXAMPLE,OOF,0.018258466358244085,0.022716544568538666,0.028187322850651605,0.023054111259144788,0.02681962828012337,0.06052157466511515
TR-005249,TR-C05132,2023-07-01,0,western,2,EDUCATIONAL_EXAMPLE,OOF,0.0465821612051504,0.03508848324418068,0.11044620481445099,0.06403894975459402,0.0916067744218834,0.08397748977032563
TR-006221,TR-C03560,2023-07-01,0,central,2,EDUCATIONAL_EXAMPLE,OOF,0.03965877320967736,0.02544982172548771,0.012507652764554865,0.025872082566573317,0.015743195004788074,0.0580378202826538
TR-007007,TR-C04158,2023-07-01,0,eastern,2,EDUCATIONAL_EXAMPLE,OOF,0.020798575318467728,0.030976537615060806,0.018603944641544867,0.0234596858583578,0.02169709288492385,0.05904183948880252
TR-007021,TR-C03401,2023-07-01,0,other,2,EDUCATIONAL_EXAMPLE,OOF,0.04815795477942044,0.04058653861284256,0.014096476267350031,0.03428032321987101,0.020718991853723164,0.05963638067834878
TR-008965,TR-C01587,2023-07-01,0,other,2,EDUCATIONAL_EXAMPLE,OOF,0.05135845131330896,0.09163053333759308,0.15416607225457352,0.09905168563515852,0.13853218752532842,0.10421228570612714
TR-009295,TR-C02342,2023-07-01,0,central,2,EDUCATIONAL_EXAMPLE,OOF,0.13411366053216744,0.16413526237010956,0.0963701922303147,0.13153970504419724,0.11331145976526341,0.09607618008489406
TR-009443,TR-C02589,2023-07-01,0,central,2,EDUCATIONAL_EXAMPLE,OOF,0.010275398620603261,0.02094518020749092,0.013846016084952699,0.015022198304348961,0.015620807115587254,0.05703756535980205
TR-004269,TR-C04399,2023-07-02,0,western,2,EDUCATIONAL_EXAMPLE,OOF,0.008236058381621439,0.015221299603581429,0.015923846076669516,0.013127068020624128,0.015748209458397493,0.05705212310775762
TR-006329,TR-C04382,2023-07-02,0,eastern,2,EDUCATIONAL_EXAMPLE,OOF,0.007839009755132265,0.017372677102684975,0.00810774773696655,0.011106478198261263,0.010423980078396157,0.055549984269381396
TR-007909,TR-C05084,2023-07-02,0,other,2,EDUCATIONAL_EXAMPLE,OOF,0.007602201686618783,0.016674427315592766,0.008820115797954152,0.011032248266721901,0.010783693677363806,0.055646091917659984
TR-009312,TR-C05046,2023-07-02,0,western,2,EDUCATIONAL_EXAMPLE,OOF,0.015146329808512077,0.02290317602455616,0.009205526212618349,0.015751677348562195,0.012629938665602802,0.05635353345988106
TR-001014,TR-C04398,2023-07-03,0,other,2,EDUCATIONAL_EXAMPLE,OOF,0.16956154833639314,0.15799768269062042,0.1826704928865963,0.17007657463786996,0.1765022903376023,0.13127909449923225
TR-001238,TR-C01823,2023-07-03,0,western,2,EDUCATIONAL_EXAMPLE,OOF,0.04147185404387798,0.04459889605641365,0.10928308091282053,0.06511794367103739,0.09311203469871882,0.08421816669307275
TR-002173,TR-C00902,2023-07-03,0,eastern,2,EDUCATIONAL_EXAMPLE,OOF,0.029194063957703225,0.034621890634298325,0.025845103156889083,0.02988701924963021,0.028039300026241394,0.06117159888253077
TR-004614,TR-C04421,2023-07-03,0,other,2,EDUCATIONAL_EXAMPLE,OOF,0.022677671206869678,0.02277269773185253,0.033285410924149515,0.026245259954290574,0.030657232626075268,0.06182710114085995
TR-006729,TR-C02655,2023-07-03,0,western,2,EDUCATIONAL_EXAMPLE,OOF,0.04782087612718256,0.04870520904660225,0.04347350877643536,0.046666531316740055,0.044781433843977085,0.06696042981983663
TR-006755,TR-C01933,2023-07-03,0,western,2,EDUCATIONAL_EXAMPLE,OOF,0.04470532934191015,0.0506390742957592,0.03322177770625124,0.042855393781306865,0.03757610185362823,0.0645202218212265
TR-007516,TR-C04832,2023-07-03,0,western,2,EDUCATIONAL_EXAMPLE,OOF,0.018338346912452997,0.03792605921626091,0.023436743961107138,0.026567050029940347,0.02705907277489558,0.06046035609396272
TR-008430,TR-C04956,2023-07-03,0,western,2,EDUCATIONAL_EXAMPLE,OOF,0.017552619842914886,0.021645041182637215,0.021834255080666658,0.020343972035406253,0.021786951606159295,0.059035061450862784
TR-000202,TR-C05833,2023-07-04,0,central,2,EDUCATIONAL_EXAMPLE,OOF,0.0646992254759987,0.04256401211023331,0.007006942642876066,0.03809006007636936,0.015896210009715375,0.058802525771427944
TR-000239,TR-C04200,2023-07-04,0,western,2,EDUCATIONAL_EXAMPLE,OOF,0.034206692760948405,0.042345356196165085,0.07774696750404049,0.05143300548705132,0.06889656467707164,0.0747079449673619
TR-000423,TR-C06198,2023-07-04,0,central,2,EDUCATIONAL_EXAMPLE,OOF,0.020803034874419323,0.026869194582104683,0.02287505017120094,0.023515759875908315,0.023873586273926876,0.05970992457014825
TR-002446,TR-C02380,2023-07-04,0,other,2,EDUCATIONAL_EXAMPLE,OOF,0.061728785693818,0.06102188304066658,0.061133612138025796,0.061294760290836796,0.061105679863685994,0.07292435796249083
TR-003336,TR-C00106,2023-07-04,0,other,2,EDUCATIONAL_EXAMPLE,OOF,0.09194233892404172,0.1163928285241127,0.19393385669190205,0.13408967471335217,0.17454859964995473,0.12539888448486428
TR-004012,TR-C00530,2023-07-04,0,eastern,2,EDUCATIONAL_EXAMPLE,OOF,0.037839050893314886,0.05093906819820404,0.04866778432262867,0.04581530113804919,0.049235605291522516,0.06800034382457386
TR-006247,TR-C00702,2023-07-04,0,other,2,EDUCATIONAL_EXAMPLE,OOF,0.01937911172922681,0.03139067813754082,0.04530548851221776,0.032025092792995126,0.04182678591854852,0.0650748031956895
TR-006303,TR-C05642,2023-07-04,0,central,2,EDUCATIONAL_EXAMPLE,OOF,0.01738388075894346,0.01845390722155571,0.029879343915738696,0.02190571063207929,0.02702298474219295,0.060588218896518116
TR-006633,TR-C05691,2023-07-04,0,other,2,EDUCATIONAL_EXAMPLE,OOF,0.09593187575455588,0.07585779577493668,0.19714525742493633,0.12297830965147628,0.1668233920124364,0.12200218458188446
TR-006741,TR-C00181,2023-07-04,0,central,2,EDUCATIONAL_EXAMPLE,OOF,0.06917033591054145,0.05647270381450653,0.14133867283091006,0.08899390418531934,0.12012218057680918,0.0970618324510623
TR-006758,TR-C05993,2023-07-04,0,central,2,EDUCATIONAL_EXAMPLE,OOF,0.09030514465351032,0.12395262718200684,0.19469001408573047,0.13631592864041586,0.17700566735979956,0.12656239046355058
TR-008683,TR-C01298,2023-07-04,0,eastern,2,EDUCATIONAL_EXAMPLE,OOF,0.0865087100311373,0.0792212262749672,0.06848361785897168,0.07807118472169206,0.07116801996297056,0.07744982326996468
TR-009495,TR-C02702,2023-07-04,0,western,2,EDUCATIONAL_EXAMPLE,OOF,0.22019852818773453,0.22864145040512085,0.27251899530316087,0.24045299129867206,0.2615496090786509,0.19363908379276812
TR-001254,TR-C02499,2023-07-05,0,other,2,EDUCATIONAL_EXAMPLE,OOF,0.026531064263108205,0.02954297512769699,0.05679446053463101,0.03762283330847874,0.04998158918289751,0.06800623084933524
TR-002479,TR-C01210,2023-07-05,0,central,2,EDUCATIONAL_EXAMPLE,OOF,0.009545800192376929,0.01643609255552292,0.009421989005054313,0.011801293917651385,0.011175514892671465,0.05581972453439166
TR-003394,TR-C05109,2023-07-05,0,central,2,EDUCATIONAL_EXAMPLE,OOF,0.022744175659859568,0.020405471324920654,0.01945780029027114,0.02086914909168379,0.01969471804893352,0.05862443604002787
TR-003792,TR-C04454,2023-07-05,0,western,2,EDUCATIONAL_EXAMPLE,OOF,0.011886330016023178,0.021598856896162033,0.015745425581859186,0.016410204164681464,0.0172087834104349,0.05753283199861965
TR-004352,TR-C03014,2023-07-05,0,central,2,EDUCATIONAL_EXAMPLE,OOF,0.08207033440129952,0.17449410259723663,0.09244502236039322,0.11633648645297645,0.11295729241960407,0.09297408116681279
TR-005927,TR-C00642,2023-07-05,0,western,2,EDUCATIONAL_EXAMPLE,OOF,0.03110671950150001,0.035109393298625946,0.038455588186525294,0.03489056699555042,0.03761903946455046,0.06416373256792793
TR-006167,TR-C05565,2023-07-05,1,other,2,EDUCATIONAL_EXAMPLE,OOF,0.09406760207637938,0.08071932941675186,0.12008772157897009,0.09829155102403377,0.11024562353841554,0.09365821909157945
TR-007092,TR-C05200,2023-07-05,0,central,2,EDUCATIONAL_EXAMPLE,OOF,0.04234010676410814,0.04076502472162247,0.05424158523071672,0.04578223890548244,0.05087244510344316,0.06882472186201183
TR-008635,TR-C02010,2023-07-05,1,central,2,EDUCATIONAL_EXAMPLE,OOF,0.03543701457819533,0.04131922870874405,0.0410298617965676,0.03926203502783566,0.04110220352461171,0.06536744326080882
TR-009079,TR-C02479,2023-07-05,0,central,2,EDUCATIONAL_EXAMPLE,OOF,0.053979916380655746,0.05172737315297127,0.056569189481842086,0.054092159671823035,0.05535873539962438,0.07070362832660666
TR-009571,TR-C00984,2023-07-05,0,western,2,EDUCATIONAL_EXAMPLE,OOF,0.042013453107420926,0.028479769825935364,0.01574180576846177,0.02874500956727269,0.01892629678283017,0.05900553185260014
TR-002708,TR-C02775,2023-07-06,0,other,2,EDUCATIONAL_EXAMPLE,OOF,0.011226477540748592,0.018044106662273407,0.017477096246980284,0.015582560150000762,0.017618848850803566,0.0576561132545885
TR-002837,TR-C04079,2023-07-06,0,central,2,EDUCATIONAL_EXAMPLE,OOF,0.019664032579100158,0.03486606478691101,0.025052381160279233,0.0265274928420968,0.027505802066937177,0.06066721488929438
TR-002966,TR-C03303,2023-07-06,0,western,2,EDUCATIONAL_EXAMPLE,OOF,0.03910767036348321,0.03517932817339897,0.034392633801119676,0.036226544112667285,0.0345893073941895,0.06352268278815917
TR-006551,TR-C01755,2023-07-06,0,central,2,EDUCATIONAL_EXAMPLE,OOF,0.012744445982582477,0.019018249586224556,0.011313781007834688,0.014358825525547242,0.013239898152432155,0.05647409302163194
TR-007278,TR-C03702,2023-07-06,1,other,2,EDUCATIONAL_EXAMPLE,OOF,0.5358973122239474,0.5211586356163025,0.5055912955325402,0.5208824144575966,0.5094831305534808,0.5040199939793298
TR-007378,TR-C03511,2023-07-06,0,other,2,EDUCATIONAL_EXAMPLE,OOF,0.4920124795960001,0.626880407333374,0.6449837191719239,0.5879588687004327,0.6404578912122865,0.6576992341867195
TR-009554,TR-C03454,2023-07-06,0,central,2,EDUCATIONAL_EXAMPLE,OOF,0.021391657614031275,0.021362172439694405,0.020518530023998723,0.021090786692574803,0.020729440627922643,0.058866602491009314
TR-009908,TR-C03358,2023-07-06,0,eastern,2,EDUCATIONAL_EXAMPLE,OOF,0.04537758600610863,0.07255460321903229,0.05277616998235401,0.056902786402498316,0.057720778291523576,0.07094150109322588
TR-000384,TR-C05070,2023-07-07,0,eastern,2,EDUCATIONAL_EXAMPLE,OOF,0.02925931882126099,0.04229769483208656,0.03267900441681894,0.03474533935672216,0.03508367702063585,0.0632410389259855
TR-003281,TR-C02917,2023-07-07,0,eastern,2,EDUCATIONAL_EXAMPLE,OOF,0.012900750733336342,0.01743539236485958,0.006754520567180528,0.012363554555125484,0.009424738516600292,0.05544424928633689
TR-003401,TR-C04397,2023-07-07,0,central,2,EDUCATIONAL_EXAMPLE,OOF,0.4591537625480486,0.4442155957221985,0.5038307830447935,0.4690667137716802,0.4889269862141447,0.46825105044403426
TR-004268,TR-C03494,2023-07-07,1,eastern,2,EDUCATIONAL_EXAMPLE,OOF,0.2747838996007238,0.35851868987083435,0.4842605099170326,0.3725210331295303,0.4528250549054831,0.3970671941251233
TR-004572,TR-C06151,2023-07-07,0,other,2,EDUCATIONAL_EXAMPLE,OOF,0.018381527224838257,0.02857358008623123,0.0313721167596853,0.0261090746902516,0.030672482591321784,0.061622526363619826
TR-005046,TR-C05035,2023-07-07,0,eastern,2,EDUCATIONAL_EXAMPLE,OOF,0.07952203917922492,0.07240530103445053,0.08679418859306744,0.07957384293558095,0.08319696670341321,0.08178822047990768
TR-005473,TR-C06434,2023-07-07,0,eastern,2,EDUCATIONAL_EXAMPLE,OOF,0.020020158911962304,0.03029521368443966,0.02552104419774878,0.02527880559805025,0.026714586569421498,0.0604864097126863
TR-007542,TR-C03162,2023-07-07,0,eastern,2,EDUCATIONAL_EXAMPLE,OOF,0.00867381027648995,0.017436299473047256,0.00172947958178311,0.009279863110440106,0.005656184554599147,0.054289899365117654
TR-007632,TR-C03132,2023-07-07,0,eastern,2,EDUCATIONAL_EXAMPLE,OOF,0.03129727002214794,0.03750525414943695,0.04828293718842493,0.03902848712000328,0.045588516428677936,0.06668194850930485
TR-007834,TR-C06019,2023-07-07,0,eastern,2,EDUCATIONAL_EXAMPLE,OOF,0.021876534605018653,0.024771329015493393,0.025268691883694433,0.023972185168068826,0.025144351166644173,0.06013873691012429
TR-007837,TR-C02012,2023-07-07,0,other,2,EDUCATIONAL_EXAMPLE,OOF,0.007972560036142546,0.01144745759665966,0.0022802417944560293,0.007233419809086078,0.004572045745006937,0.054026322904321966
TR-008090,TR-C05941,2023-07-07,0,central,2,EDUCATIONAL_EXAMPLE,OOF,0.027147061202596384,0.03353375941514969,0.03612055698785854,0.03226712586853487,0.03547385759468133,0.0633635129259268
TR-008714,TR-C02512,2023-07-07,0,other,2,EDUCATIONAL_EXAMPLE,OOF,0.025981498392278545,0.04760055989027023,0.06103677866700965,0.04487294564985281,0.05767772397282479,0.07037997168372212
TR-009031,TR-C05840,2023-07-07,0,eastern,2,EDUCATIONAL_EXAMPLE,OOF,0.2136877638131166,0.24668081104755402,0.289215310236364,0.2498612950323449,0.2785816854391615,0.2067089862178843
TR-000741,TR-C05570,2023-07-08,0,eastern,2,EDUCATIONAL_EXAMPLE,OOF,0.02064054929445578,0.036234546452760696,0.009641166872832216,0.022172087540016233,0.016289511767814336,0.05744893319606751
TR-002863,TR-C04185,2023-07-08,0,eastern,2,EDUCATIONAL_EXAMPLE,OOF,0.16138292577249255,0.16078735888004303,0.2491323999345416,0.19043422819569242,0.22704613967091694,0.1634968111549723
TR-003561,TR-C00834,2023-07-08,0,western,2,EDUCATIONAL_EXAMPLE,OOF,0.06688303512893826,0.06844785064458847,0.03880419348376334,0.058045026419096694,0.04621510777396962,0.06799143271782274
TR-004054,TR-C02035,2023-07-08,0,central,2,EDUCATIONAL_EXAMPLE,OOF,0.028145888058770153,0.02994430810213089,0.05686118914912186,0.0383171284366743,0.05013196888737412,0.06811639482859773
TR-004508,TR-C04706,2023-07-08,0,western,2,EDUCATIONAL_EXAMPLE,OOF,0.009534741930591936,0.016432376578450203,0.011394881332646737,0.012453999947229627,0.012654255144097603,0.05622606654859923
TR-006533,TR-C05585,2023-07-08,0,central,2,EDUCATIONAL_EXAMPLE,OOF,0.10323017652119353,0.14788754284381866,0.14681250644851554,0.13264340860450927,0.14708126554734133,0.11076896196036787
TR-007479,TR-C03321,2023-07-08,0,western,2,EDUCATIONAL_EXAMPLE,OOF,0.017255066844299154,0.021473506465554237,0.035301988871852145,0.02467685406056851,0.03184486827027767,0.0619991593956431
TR-008903,TR-C01385,2023-07-08,0,other,2,EDUCATIONAL_EXAMPLE,OOF,0.05475110847416158,0.030244005843997,0.04685176260108356,0.04394895897308071,0.04269982341181192,0.06673717560128131
TR-009283,TR-C01307,2023-07-08,0,eastern,2,EDUCATIONAL_EXAMPLE,OOF,0.012832282940207686,0.025354677811264992,0.012348705815506683,0.016845222188993123,0.01560019881444626,0.05708146100872267
TR-009530,TR-C02613,2023-07-08,0,other,2,EDUCATIONAL_EXAMPLE,OOF,0.008807775090560325,0.015318656340241432,0.00825712461061162,0.010794518680471127,0.010022507543019072,0.055489312854064554
TR-009864,TR-C03296,2023-07-08,0,central,2,EDUCATIONAL_EXAMPLE,OOF,0.12384029348648486,0.16277892887592316,0.14807871374606113,0.14489931203615639,0.15175376752852665,0.11425970720018638
TR-000633,TR-C00771,2023-07-09,1,central,2,EDUCATIONAL_EXAMPLE,OOF,0.12503619326997967,0.1015799418091774,0.07663609945651598,0.10108407817855769,0.08287206004468134,0.08348889491758422
TR-001713,TR-C05921,2023-07-09,0,western,2,EDUCATIONAL_EXAMPLE,OOF,0.0666628365096205,0.06750892102718353,0.07365952855497983,0.06927709536392795,0.07212187667303076,0.07704239947729959
TR-001848,TR-C01979,2023-07-09,0,other,2,EDUCATIONAL_EXAMPLE,OOF,0.017960386595922983,0.020864786580204964,0.029853587947374496,0.022892920374500816,0.027606387605582112,0.06076039627262628
TR-002099,TR-C04105,2023-07-09,0,eastern,2,EDUCATIONAL_EXAMPLE,OOF,0.0643766886653049,0.06282635778188705,0.14863505511533245,0.09194603385417481,0.1271828807819711,0.09996632371967037
TR-007345,TR-C04705,2023-07-09,0,western,2,EDUCATIONAL_EXAMPLE,OOF,0.07457467113891679,0.03811425715684891,0.021470624163067432,0.044719850819611044,0.0256315324115128,0.06206928893336031
TR-008384,TR-C01760,2023-07-09,1,eastern,2,EDUCATIONAL_EXAMPLE,OOF,0.19991735849161374,0.12695631384849548,0.12404908847331567,0.1503075869378083,0.12477589481711063,0.10576717380390539
TR-009260,TR-C05706,2023-07-09,0,eastern,2,EDUCATIONAL_EXAMPLE,OOF,0.04890120988702317,0.03142134100198746,0.012158379347636066,0.030826976745548903,0.016974119761223913,0.0586582765462611
TR-001332,TR-C05856,2023-07-10,0,other,2,EDUCATIONAL_EXAMPLE,OOF,0.12207070446528472,0.08896127343177795,0.12277248049346585,0.11126815279684284,0.11431967872804388,0.09689414884253422
TR-002212,TR-C03579,2023-07-10,0,eastern,2,EDUCATIONAL_EXAMPLE,OOF,0.02114553244155719,0.02675786055624485,0.018553861215492587,0.022152418071098207,0.020604861050680653,0.058775551814746016
TR-002362,TR-C06106,2023-07-10,0,other,2,EDUCATIONAL_EXAMPLE,OOF,0.02719492459247072,0.019755229353904724,0.012669713467031739,0.019873289137802393,0.014441092438749985,0.057291442923360976
TR-003630,TR-C02574,2023-07-10,0,central,2,EDUCATIONAL_EXAMPLE,OOF,0.007396991925548858,0.013525434769690037,0.0017011005578382668,0.007541175751025721,0.004657184110801209,0.05401385192126761
TR-003922,TR-C00675,2023-07-10,0,other,2,EDUCATIONAL_EXAMPLE,OOF,0.11000590660079307,0.12244335561990738,0.13003957165121235,0.12082961129063759,0.1281405176433861,0.102185709618453
TR-004109,TR-C06159,2023-07-10,0,western,2,EDUCATIONAL_EXAMPLE,OOF,0.012675013003203919,0.019309675320982933,0.012227717614938096,0.014737468646374985,0.013998207041449304,0.056679819422577216
TR-008501,TR-C00396,2023-07-10,0,central,2,EDUCATIONAL_EXAMPLE,OOF,0.009338576959390938,0.013503927737474442,0.0033089774542441057,0.008717160717036494,0.005857715025051689,0.05439680715072241
TR-000093,TR-C05355,2023-07-11,0,eastern,2,EDUCATIONAL_EXAMPLE,OOF,0.028508009902824157,0.041251908987760544,0.05841125753150991,0.04272372547403153,0.054121420395572564,0.06934599536069347
TR-000630,TR-C01534,2023-07-11,0,central,2,EDUCATIONAL_EXAMPLE,OOF,0.08767670767777531,0.07904954999685287,0.13372086402114863,0.10014904056525893,0.1200530355150747,0.0977456359426993
TR-002944,TR-C03741,2023-07-11,0,other,2,EDUCATIONAL_EXAMPLE,OOF,0.015911149647746467,0.019360408186912537,0.016009719270780667,0.017093759035146556,0.016847391499813635,0.05758738153523779
TR-003783,TR-C02531,2023-07-11,0,other,2,EDUCATIONAL_EXAMPLE,OOF,0.07140669378763974,0.07590768486261368,0.09304371348264773,0.08011936404430038,0.08875970632763922,0.08355279717410172
TR-004318,TR-C03037,2023-07-11,0,other,2,EDUCATIONAL_EXAMPLE,OOF,0.019842408435440294,0.026095880195498466,0.04954752323810923,0.03182860395634933,0.04368461247745654,0.0657336995031072
TR-004900,TR-C04869,2023-07-11,0,eastern,2,EDUCATIONAL_EXAMPLE,OOF,0.06036605816974337,0.08546094596385956,0.05555735662412577,0.06712812025257624,0.06303325395905922,0.07328708472580618
TR-005145,TR-C01330,2023-07-11,0,western,2,EDUCATIONAL_EXAMPLE,OOF,0.16397998100259187,0.09729792922735214,0.054573350147654014,0.10528375345919934,0.06525449491757855,0.07854552593010848
TR-008108,TR-C02046,2023-07-11,0,eastern,2,EDUCATIONAL_EXAMPLE,OOF,0.07665968523327439,0.09852007031440735,0.1684305820384551,0.11453677919537893,0.15095295410744317,0.11186659251537047
TR-008389,TR-C05778,2023-07-11,0,central,2,EDUCATIONAL_EXAMPLE,OOF,0.021146766393777876,0.02483941800892353,0.020808312072832968,0.022264832158511456,0.021816088556855608,0.059141674598305355
TR-000233,TR-C05592,2023-07-12,0,other,2,EDUCATIONAL_EXAMPLE,OOF,0.015756875089239206,0.039006732404232025,0.01901952245158921,0.02459437664835348,0.024016324939749915,0.0594672580771435
TR-000437,TR-C03045,2023-07-12,0,western,2,EDUCATIONAL_EXAMPLE,OOF,0.01690209082020559,0.025355782359838486,0.014107391866719905,0.01878842168225466,0.01691948948999955,0.057590853170046793
TR-001392,TR-C04847,2023-07-12,0,other,2,EDUCATIONAL_EXAMPLE,OOF,0.011711654013102922,0.017119383439421654,0.010126583467331926,0.012985873639952168,0.011874783460354359,0.05607824102525876
TR-001884,TR-C01755,2023-07-12,0,central,2,EDUCATIONAL_EXAMPLE,OOF,0.03623453273621517,0.027398068457841873,0.01661324777082601,0.026748616321627686,0.019309452942579974,0.05892343349295325
TR-002104,TR-C05789,2023-07-12,0,eastern,2,EDUCATIONAL_EXAMPLE,OOF,0.022658642062382016,0.025720661506056786,0.015047523772144354,0.021142275780194383,0.017715808205622463,0.058010793517513135
TR-003924,TR-C01288,2023-07-12,0,western,2,EDUCATIONAL_EXAMPLE,OOF,0.10503339751504491,0.06772182881832123,0.05343974150339153,0.07539832261225256,0.05701026333212395,0.07325905263764532
TR-004236,TR-C04318,2023-07-12,0,central,2,EDUCATIONAL_EXAMPLE,OOF,0.02478317731941829,0.025257939472794533,0.019250646074577483,0.0230972542889301,0.020752469424131746,0.05895801271917094
TR-005909,TR-C02410,2023-07-12,0,western,2,EDUCATIONAL_EXAMPLE,OOF,0.020758974624046828,0.02544110268354416,0.017601781787935755,0.02126728636517558,0.019561612011837856,0.0584740375050228
TR-006508,TR-C04409,2023-07-12,0,eastern,2,EDUCATIONAL_EXAMPLE,OOF,0.13545482972322367,0.1600167602300644,0.23273569238406436,0.17606909411245078,0.21455595934556437,0.15269660864860643
TR-008312,TR-C03901,2023-07-12,0,central,2,EDUCATIONAL_EXAMPLE,OOF,0.052627033936240325,0.0596187487244606,0.03644943900640815,0.04956507388903636,0.042241766435921264,0.06622190441744197
TR-008977,TR-C01734,2023-07-12,0,western,2,EDUCATIONAL_EXAMPLE,OOF,0.06352215243900129,0.12083791941404343,0.09214882182788986,0.09216963122697819,0.09932109622442825,0.08690065322913856
TR-009139,TR-C02800,2023-07-12,0,other,2,EDUCATIONAL_EXAMPLE,OOF,0.009778442558930898,0.015903683379292488,0.008762675643081837,0.01148160052710174,0.0105479275771345,0.05566003274645957
TR-009195,TR-C02302,2023-07-12,0,western,2,EDUCATIONAL_EXAMPLE,OOF,0.007689316176811392,0.011930430307984352,0.001254853188898172,0.006958199891231306,0.003923747468669717,0.05384134747160587
TR-000407,TR-C01507,2023-07-13,0,other,2,EDUCATIONAL_EXAMPLE,OOF,0.02241510333379814,0.026973001658916473,0.032842098388322624,0.027410067793679077,0.03137482420597108,0.0619961718767727
TR-006240,TR-C03866,2023-07-13,0,central,2,EDUCATIONAL_EXAMPLE,OOF,0.1474667326836484,0.11147265136241913,0.08933709759932588,0.11609216054846448,0.09487098604009919,0.08940896489418607
TR-007359,TR-C05624,2023-07-13,0,eastern,2,EDUCATIONAL_EXAMPLE,OOF,0.07447488900793918,0.111635722219944,0.10101496638561612,0.09570852587116645,0.10367015534419809,0.08938834199747916
TR-007700,TR-C03800,2023-07-13,0,central,2,EDUCATIONAL_EXAMPLE,OOF,0.011541704244226018,0.025128232315182686,0.020022008531213824,0.018897315030207508,0.021298564477206038,0.05865457453260667
TR-007792,TR-C05067,2023-07-13,0,central,2,EDUCATIONAL_EXAMPLE,OOF,0.1817805311923329,0.21445004642009735,0.11663749449737724,0.17095602403660248,0.14109063247805728,0.11155460384636026
TR-009834,TR-C02972,2023-07-13,0,eastern,2,EDUCATIONAL_EXAMPLE,OOF,0.03381203482364348,0.044163621962070465,0.035645035864091026,0.03787356421660166,0.03777468238858589,0.06422989675356834
TR-000110,TR-C01913,2023-07-14,0,western,2,EDUCATIONAL_EXAMPLE,OOF,0.025222058220903742,0.03131943941116333,0.035920691231861646,0.030820729621309575,0.03477037827668707,0.06309544737789288
TR-001753,TR-C04736,2023-07-14,0,western,2,EDUCATIONAL_EXAMPLE,OOF,0.033906725490715064,0.026481978595256805,0.013702148825598438,0.024696950970523435,0.01689710626801303,0.05815907596900496
TR-003098,TR-C00448,2023-07-14,0,central,2,EDUCATIONAL_EXAMPLE,OOF,0.262939073761607,0.27867400646209717,0.24480062374393713,0.2621379013225471,0.25326896942347715,0.18992842299511886
TR-003158,TR-C00142,2023-07-14,0,central,2,EDUCATIONAL_EXAMPLE,OOF,0.04320141813991237,0.07079135626554489,0.031595584866999704,0.04852945309081899,0.041394527716636,0.06547837308135566
TR-004349,TR-C01586,2023-07-14,1,western,2,EDUCATIONAL_EXAMPLE,OOF,0.15679124844956394,0.22720040380954742,0.3899746219654029,0.25798875807483806,0.34928106742643905,0.266975615495202
TR-004717,TR-C04730,2023-07-14,0,central,2,EDUCATIONAL_EXAMPLE,OOF,0.021309174720740964,0.021291082724928856,0.010480343964597953,0.017693533803422593,0.013183028654680679,0.05672750025758491
TR-007302,TR-C01544,2023-07-14,1,eastern,2,EDUCATIONAL_EXAMPLE,OOF,0.7412760015511128,0.6818878054618835,0.6282074788999032,0.6837904286376332,0.6416275605403983,0.6915983957089409
TR-008574,TR-C06216,2023-07-14,0,other,2,EDUCATIONAL_EXAMPLE,OOF,0.02500045995438928,0.03137641400098801,0.028603119540195385,0.028326664498524223,0.02929644315539354,0.06142488373123106
TR-008829,TR-C01694,2023-07-14,0,other,2,EDUCATIONAL_EXAMPLE,OOF,0.0701702329150593,0.052041634917259216,0.07317130162603278,0.06512772315278377,0.06788888494883938,0.07581487584260439
TR-000203,TR-C00086,2023-07-15,0,other,2,EDUCATIONAL_EXAMPLE,OOF,0.008928263037474887,0.016012519598007202,0.008653206624194974,0.011197996419892354,0.010493034867648032,0.05561599801966211
TR-000614,TR-C01492,2023-07-15,1,other,2,EDUCATIONAL_EXAMPLE,OOF,0.6486844933649678,0.6677274107933044,0.8305865088910621,0.7156661376831114,0.7898717343666227,0.8208920774268833
TR-000665,TR-C01407,2023-07-15,0,other,2,EDUCATIONAL_EXAMPLE,OOF,0.03619321159441548,0.03846990689635277,0.06791420060671191,0.04752577303249339,0.060553127179122125,0.07188714204012756
TR-001034,TR-C01888,2023-07-15,0,eastern,2,EDUCATIONAL_EXAMPLE,OOF,0.18453782493100637,0.21722491085529327,0.18695601475050677,0.19623958351226878,0.1945232387767034,0.14236497955763774
TR-002127,TR-C00580,2023-07-15,0,western,2,EDUCATIONAL_EXAMPLE,OOF,0.02283340770560966,0.02944089286029339,0.02488856548181233,0.02572095534923846,0.026026647326432596,0.06039147220082244
TR-003902,TR-C04827,2023-07-15,0,central,2,EDUCATIONAL_EXAMPLE,OOF,0.07735073647892499,0.07513461261987686,0.047856078385205246,0.06678047582800237,0.05467571194387315,0.07119937269744328
TR-004953,TR-C00673,2023-07-15,0,western,2,EDUCATIONAL_EXAMPLE,OOF,0.025220402158077342,0.020808758214116096,0.008150362398193625,0.018059840923462356,0.011314961352174243,0.05634477576797847
TR-007667,TR-C06419,2023-07-15,0,other,2,EDUCATIONAL_EXAMPLE,OOF,0.0285397752920983,0.03544434532523155,0.07096851640778952,0.044984212341706464,0.06208747363715003,0.07212966336348378
TR-007891,TR-C04314,2023-07-15,0,eastern,2,EDUCATIONAL_EXAMPLE,OOF,0.007767131087705027,0.013615000061690807,0.004273997903721906,0.008552043017705914,0.006609248443214132,0.05454621501845272
TR-008020,TR-C01737,2023-07-15,0,central,2,EDUCATIONAL_EXAMPLE,OOF,0.08640345244752647,0.07774679362773895,0.04603842772224766,0.07006289126583769,0.053965519198620485,0.07130543145261588
TR-008191,TR-C05461,2023-07-15,0,eastern,2,EDUCATIONAL_EXAMPLE,OOF,0.036971956438529734,0.03593938425183296,0.03506294059776721,0.035991427096043305,0.03528205151128365,0.06365001002502028
TR-008632,TR-C02562,2023-07-15,0,central,2,EDUCATIONAL_EXAMPLE,OOF,0.1425734874719602,0.17986078560352325,0.16694470255055335,0.16312632520867895,0.17017372331379582,0.12531631135676574
TR-000464,TR-C01788,2023-07-16,0,eastern,2,EDUCATIONAL_EXAMPLE,OOF,0.009473471318583697,0.01224183477461338,0.003835440828180841,0.008516915640459307,0.005937039314788976,0.05443253627841929
TR-001187,TR-C03440,2023-07-16,0,eastern,2,EDUCATIONAL_EXAMPLE,OOF,0.027798290731391607,0.039702292531728745,0.0549895881813706,0.04083005714816365,0.051167764268960136,0.06834814862732484
TR-003232,TR-C01378,2023-07-16,0,other,2,EDUCATIONAL_EXAMPLE,OOF,0.01193225549024147,0.01640155538916588,0.013509737513460011,0.01394784946428912,0.014232691982386478,0.05674428863212401
TR-003994,TR-C05524,2023-07-16,0,other,2,EDUCATIONAL_EXAMPLE,OOF,0.04356990487416317,0.080742247402668,0.16543634749372496,0.09658283325685206,0.14426282247096073,0.10672106438358334
TR-005395,TR-C00551,2023-07-16,0,eastern,2,EDUCATIONAL_EXAMPLE,OOF,0.16147178559271316,0.18394112586975098,0.08989083384334233,0.1451012484352688,0.11340340684994449,0.09735380388162024
TR-005548,TR-C03348,2023-07-16,0,other,2,EDUCATIONAL_EXAMPLE,OOF,0.02220535022049,0.028803501278162003,0.030771128454304075,0.027259993317652026,0.030279221660268557,0.06164150396601005
TR-006186,TR-C00708,2023-07-16,0,eastern,2,EDUCATIONAL_EXAMPLE,OOF,0.024088348578583565,0.034707337617874146,0.018956160579796297,0.025917282258751336,0.02289395483931576,0.059471902007800934
TR-008647,TR-C00559,2023-07-16,0,central,2,EDUCATIONAL_EXAMPLE,OOF,0.040484369492272756,0.05579810217022896,0.035138568758013265,0.04380701347350499,0.04030345211106719,0.06517022791782594
TR-009043,TR-C04750,2023-07-16,0,central,2,EDUCATIONAL_EXAMPLE,OOF,0.06404763323815477,0.09224014729261398,0.11749928329318772,0.09126235460798549,0.11118449929304429,0.09232323469386812
TR-009859,TR-C00020,2023-07-16,0,eastern,2,EDUCATIONAL_EXAMPLE,OOF,0.1234130550233843,0.13484378159046173,0.06504262885932503,0.10776648849105702,0.0824929170421092,0.08286483267524097
TR-000111,TR-C00441,2023-07-17,0,central,2,EDUCATIONAL_EXAMPLE,OOF,0.04304746504048541,0.08479245007038116,0.05242764877828675,0.060089187963051106,0.06051884910131035,0.07168149752820022
TR-005043,TR-C06214,2023-07-17,0,eastern,2,EDUCATIONAL_EXAMPLE,OOF,0.01810009487614773,0.03312973305583,0.030340768319344465,0.027190198750440736,0.03103800950346585,0.0616811177177631
TR-005199,TR-C06356,2023-07-17,0,western,2,EDUCATIONAL_EXAMPLE,OOF,0.03272386481176536,0.037334591150283813,0.022785594829179592,0.03094801693040959,0.026422843909455648,0.060793344927721225
TR-006162,TR-C03855,2023-07-17,0,eastern,2,EDUCATIONAL_EXAMPLE,OOF,0.025936007331994325,0.049696184694767,0.016736031468298537,0.030789407831686624,0.024976069774915653,0.060014177020695926
TR-007451,TR-C01982,2023-07-17,0,other,2,EDUCATIONAL_EXAMPLE,OOF,0.02825638769098097,0.0355655737221241,0.04187383491453872,0.035231932109214596,0.040296769616435066,0.06489160903919375
TR-007489,TR-C04235,2023-07-17,0,eastern,2,EDUCATIONAL_EXAMPLE,OOF,0.08777898773582281,0.03648814186453819,0.024666079697434822,0.04964440309926527,0.027621595239210664,0.06318002856761584
TR-007908,TR-C03640,2023-07-17,0,western,2,EDUCATIONAL_EXAMPLE,OOF,0.022945543198095015,0.034721724689006805,0.03290496670149554,0.030190744862865788,0.03335915619837336,0.06254768147191198
TR-008767,TR-C04409,2023-07-17,0,eastern,2,EDUCATIONAL_EXAMPLE,OOF,0.055368771112946025,0.06391537934541702,0.10095432468785352,0.07341282504873886,0.0916945883522444,0.08409259704190955
TR-004478,TR-C03581,2023-07-18,0,central,2,EDUCATIONAL_EXAMPLE,OOF,0.023498582952223762,0.029624952003359795,0.047690996888472705,0.03360484394801875,0.04317448566719448,0.06567845548881347
TR-005780,TR-C01247,2023-07-18,0,eastern,2,EDUCATIONAL_EXAMPLE,OOF,0.09142849350185894,0.10303390026092529,0.190957363897875,0.12847325255355307,0.16897649798863756,0.12244421692288802
TR-004842,TR-C00922,2023-07-19,0,central,2,EDUCATIONAL_EXAMPLE,OOF,0.008311710996420587,0.015600540675222874,0.009928157865434797,0.01128013651235942,0.011346253567881815,0.05583241399102588
TR-005856,TR-C02466,2023-07-19,0,central,2,EDUCATIONAL_EXAMPLE,OOF,0.02290186164442993,0.023524316027760506,0.006562417683149864,0.017662865118446766,0.010802892269302524,0.05610348089482011
TR-007580,TR-C02797,2023-07-19,0,central,2,EDUCATIONAL_EXAMPLE,OOF,0.013124676414158105,0.037926774471998215,0.008911878639641008,0.01998777650859911,0.01616560259773031,0.05714410349106273
TR-008865,TR-C01535,2023-07-19,0,other,2,EDUCATIONAL_EXAMPLE,OOF,0.13822970750570934,0.10030820965766907,0.1430469572105395,0.1271949581246393,0.1323622703223219,0.10621672668942311
TR-009037,TR-C03501,2023-07-19,0,central,2,EDUCATIONAL_EXAMPLE,OOF,0.025233820072215037,0.01872466690838337,0.007704825171954535,0.01722110405085098,0.010459785606061743,0.05612645071486836
TR-009476,TR-C03995,2023-07-19,0,western,2,EDUCATIONAL_EXAMPLE,OOF,0.02741823094091645,0.07228603214025497,0.05653959916593504,0.05208128741570215,0.06047620740951502,0.07114320117258786
TR-001529,TR-C02571,2023-07-20,0,central,2,EDUCATIONAL_EXAMPLE,OOF,0.008486980383756138,0.013300926424562931,0.0047722588177178515,0.008853388542012307,0.006904425719429121,0.054651389164663736
TR-005832,TR-C02505,2023-07-20,0,western,2,EDUCATIONAL_EXAMPLE,OOF,0.03652835284940314,0.042936474084854126,0.016846215328253682,0.03210368075417032,0.023368780017403792,0.059978618096253794
TR-006698,TR-C02354,2023-07-20,0,other,2,EDUCATIONAL_EXAMPLE,OOF,0.02443352795820012,0.02902900241315365,0.05975321489772619,0.03773858175635999,0.052072161776583054,0.06861916767310415
TR-007603,TR-C02520,2023-07-20,0,western,2,EDUCATIONAL_EXAMPLE,OOF,0.01602746582114952,0.020612699910998344,0.017696580174447512,0.01811224863553179,0.01842561010858522,0.05802775045001335
TR-009441,TR-C00526,2023-07-20,0,central,2,EDUCATIONAL_EXAMPLE,OOF,0.021320992000352992,0.02763359434902668,0.021203032274772764,0.023385872874717478,0.02281067279333624,0.05941190693800183
TR-000323,TR-C06017,2023-07-21,0,eastern,2,EDUCATIONAL_EXAMPLE,OOF,0.07814046551709111,0.030462181195616722,0.046856037197244516,0.05181956130331745,0.04275757319683757,0.06767766122880271
TR-000461,TR-C01996,2023-07-21,0,other,2,EDUCATIONAL_EXAMPLE,OOF,0.007046434529877197,0.01641486957669258,0.005304369337941759,0.00958855781483718,0.008081994397629464,0.0548963011713882
TR-000606,TR-C05652,2023-07-21,0,other,2,EDUCATIONAL_EXAMPLE,OOF,0.171836629187181,0.10515159368515015,0.101421628618147,0.12613661716349273,0.10235411988489779,0.0940107834604327
TR-001772,TR-C06074,2023-07-21,0,other,2,EDUCATIONAL_EXAMPLE,OOF,0.016964437835586117,0.021381061524152756,0.02039353962462527,0.019579679661454713,0.02064042009950714,0.05868652086553643
TR-002176,TR-C05536,2023-07-21,0,central,2,EDUCATIONAL_EXAMPLE,OOF,0.020242222591442954,0.030935315415263176,0.021240839657076717,0.024139459221260946,0.023664458596623333,0.05959351979080077
TR-002633,TR-C00299,2023-07-21,0,eastern,2,EDUCATIONAL_EXAMPLE,OOF,0.13201272459682192,0.08486887812614441,0.09700117725806205,0.10462759332700945,0.09396810247508264,0.0885754176863504
TR-002970,TR-C01862,2023-07-21,0,western,2,EDUCATIONAL_EXAMPLE,OOF,0.6179697731422917,0.6130008697509766,0.400351867937866,0.5437741702770448,0.45351411839114364,0.440877957406732
TR-003014,TR-C04861,2023-07-21,1,eastern,2,EDUCATIONAL_EXAMPLE,OOF,0.4058620370928281,0.38456881046295166,0.31464711922664457,0.36835932226080814,0.33212754203572137,0.27550788082501804
TR-005200,TR-C03415,2023-07-21,0,western,2,EDUCATIONAL_EXAMPLE,OOF,0.016232986983078734,0.03134593740105629,0.023609690765177896,0.023729538383104307,0.025543752424147494,0.05999734953563967
TR-005352,TR-C04533,2023-07-21,0,eastern,2,EDUCATIONAL_EXAMPLE,OOF,0.12060775407332998,0.09078166633844376,0.08355522034298339,0.0983148802515857,0.08536183184184848,0.08439952969435109
TR-008383,TR-C03038,2023-07-21,0,central,2,EDUCATIONAL_EXAMPLE,OOF,0.041192380418811333,0.04382162541151047,0.004841839080097904,0.029951948303473235,0.014586785662951044,0.05760669833631379
TR-009024,TR-C04030,2023-07-21,0,western,2,EDUCATIONAL_EXAMPLE,OOF,0.0466862742457039,0.07838945090770721,0.1156128173441644,0.08022951416585851,0.1063069757350501,0.08950165986359188
TR-009578,TR-C00525,2023-07-21,0,central,2,EDUCATIONAL_EXAMPLE,OOF,0.01701746961845942,0.026567582041025162,0.02223840073232392,0.021941150797269496,0.02332069605949923,0.05941790196789868
TR-001722,TR-C01061,2023-07-22,0,western,2,EDUCATIONAL_EXAMPLE,OOF,0.09727443304693616,0.13880892097949982,0.07843476442672011,0.1048393728177187,0.09352830356491504,0.08597962600857165
TR-004138,TR-C01177,2023-07-22,0,central,2,EDUCATIONAL_EXAMPLE,OOF,0.05596103921569779,0.08778540045022964,0.084426855869993,0.07605776517864014,0.08526649201505217,0.08130281358190583
TR-005792,TR-C03954,2023-07-22,0,other,2,EDUCATIONAL_EXAMPLE,OOF,0.058614684658529294,0.04376848787069321,0.031272230025460694,0.04455180085156107,0.03439629448676882,0.06411693938241528
TR-006386,TR-C00292,2023-07-22,0,western,2,EDUCATIONAL_EXAMPLE,OOF,0.08431226776050328,0.07705831527709961,0.08644716114480863,0.0826059147274705,0.08409994967788137,0.08231454464986417
TR-006799,TR-C05892,2023-07-22,0,central,2,EDUCATIONAL_EXAMPLE,OOF,0.04465854658972891,0.08200162649154663,0.0876260556413414,0.07142874290753898,0.08621994835389271,0.08120873006265564
TR-007241,TR-C05095,2023-07-22,0,other,2,EDUCATIONAL_EXAMPLE,OOF,0.0323294967130529,0.04289800301194191,0.0019180716961036894,0.025715190473699506,0.012163054525063244,0.056634900019465015
TR-002237,TR-C06396,2023-07-23,0,eastern,2,EDUCATIONAL_EXAMPLE,OOF,0.075372543366397,0.11008738726377487,0.08206345023298103,0.08917446028771762,0.0890694344906795,0.08345921239355869
TR-003964,TR-C00764,2023-07-23,0,eastern,2,EDUCATIONAL_EXAMPLE,OOF,0.03655879096388035,0.023554649204015732,0.013670456260936473,0.024594632142944186,0.016141504496706288,0.058060454068703395
TR-007412,TR-C01502,2023-07-23,0,western,2,EDUCATIONAL_EXAMPLE,OOF,0.029973420598959643,0.0320507250726223,0.021023363475443514,0.02768250304900849,0.023780203874738212,0.05996215512778741
TR-009289,TR-C01812,2023-07-23,1,other,2,EDUCATIONAL_EXAMPLE,OOF,0.025982875984189944,0.02406943589448929,0.034417712167393574,0.028156674682024267,0.0318306430991675,0.06229173120995965
TR-000322,TR-C02810,2023-07-24,0,other,2,EDUCATIONAL_EXAMPLE,OOF,0.07774353270562269,0.043034590780735016,0.134042911880567,0.08494034512230823,0.111290831605609,0.09374566798789066
TR-002234,TR-C04962,2023-07-24,0,other,2,EDUCATIONAL_EXAMPLE,OOF,0.008366030123933508,0.012269438244402409,0.002349896537024648,0.007661788301786854,0.004829781963869088,0.05410098812839578
TR-002627,TR-C06038,2023-07-24,0,western,2,EDUCATIONAL_EXAMPLE,OOF,0.02649837515409342,0.022670362144708633,0.0157438211356843,0.02163751947816212,0.01747545638794038,0.05810075486727444
TR-009436,TR-C06443,2023-07-24,1,western,2,EDUCATIONAL_EXAMPLE,OOF,0.056740495742360675,0.05635278671979904,0.0738749290756384,0.06232273717926604,0.06949439348667856,0.07575993304564929
TR-009510,TR-C02879,2023-07-24,0,other,2,EDUCATIONAL_EXAMPLE,OOF,0.1904374622362686,0.20084457099437714,0.2172369679471885,0.20283966705927806,0.21313886870898566,0.1554205907150852
TR-000402,TR-C01441,2023-07-25,0,western,2,EDUCATIONAL_EXAMPLE,OOF,0.032046594555044695,0.03351309522986412,0.06021273445226778,0.0419241414123922,0.05353782464666687,0.06937192829937283
TR-000804,TR-C05462,2023-07-25,0,central,2,EDUCATIONAL_EXAMPLE,OOF,0.035832694839338076,0.04224063456058502,0.03763872327703355,0.03857068422565221,0.038789201097921416,0.06464277969756145
TR-002873,TR-C00033,2023-07-25,1,western,2,EDUCATIONAL_EXAMPLE,OOF,0.4827943447333468,0.5763195157051086,0.5813856354848668,0.5468331653077741,0.5801191055399273,0.5845191366630518
TR-004005,TR-C05761,2023-07-25,0,central,2,EDUCATIONAL_EXAMPLE,OOF,0.024810143941469145,0.025869451463222504,0.010012586164071167,0.020230727189587603,0.013976802488859002,0.05702894182221571
TR-004762,TR-C00921,2023-07-25,0,central,2,EDUCATIONAL_EXAMPLE,OOF,0.018576252794888802,0.030887208878993988,0.03694988760269922,0.028804449758860668,0.03543421792177291,0.06305600604764888
TR-005223,TR-C01561,2023-07-25,0,central,2,EDUCATIONAL_EXAMPLE,OOF,0.008797729143762676,0.020920205861330032,0.00642623890866944,0.01204805797125405,0.010049730646834587,0.05545061465965532
TR-005483,TR-C05024,2023-07-25,0,central,2,EDUCATIONAL_EXAMPLE,OOF,0.015638851087180074,0.025000540539622307,0.025693108140653405,0.022110833255818595,0.025519966240395632,0.060025096225417615
TR-005788,TR-C00768,2023-07-25,1,central,2,EDUCATIONAL_EXAMPLE,OOF,0.25595200591032474,0.1315004676580429,0.13792066501776348,0.17512437952871038,0.13631561567783335,0.1150544689754048
TR-006979,TR-C01358,2023-07-25,0,western,2,EDUCATIONAL_EXAMPLE,OOF,0.025053820552342024,0.025658078491687775,0.018780662444357547,0.02316418716279578,0.020500016456190102,0.05889120565019791
TR-008650,TR-C00279,2023-07-25,0,other,2,EDUCATIONAL_EXAMPLE,OOF,0.033273507941179725,0.031555455178022385,0.05467969431004211,0.03983621914308141,0.04889863452703718,0.06789870087918007
TR-008835,TR-C04253,2023-07-25,0,eastern,2,EDUCATIONAL_EXAMPLE,OOF,0.025971144373665267,0.03204585239291191,0.02508927291878468,0.02770208989512062,0.026828417787316487,0.0607180077774742
TR-008859,TR-C04816,2023-07-25,0,central,2,EDUCATIONAL_EXAMPLE,OOF,0.2495290151768314,0.26531529426574707,0.31400120761564526,0.27628183901940795,0.3018297292781707,0.23071019228074383
TR-009488,TR-C00305,2023-07-25,0,other,2,EDUCATIONAL_EXAMPLE,OOF,0.008144952316995881,0.021300559863448143,0.011390031126912677,0.013611847769118899,0.013867663311046543,0.056474666452396224
TR-000519,TR-C01414,2023-07-26,0,western,2,EDUCATIONAL_EXAMPLE,OOF,0.15208657494341501,0.1870795637369156,0.13942977098830747,0.15953196988954602,0.1513422191754595,0.11546598463638606
TR-000995,TR-C01444,2023-07-26,0,central,2,EDUCATIONAL_EXAMPLE,OOF,0.06438872133213479,0.04588308557868004,0.05820885695056685,0.05616022128712722,0.05512741410759515,0.07111648284303455
TR-001053,TR-C03276,2023-07-26,0,other,2,EDUCATIONAL_EXAMPLE,OOF,0.4380720523227247,0.42138850688934326,0.6242884437281385,0.49458300098006885,0.5735634595184397,0.5752378748609035
TR-001569,TR-C01311,2023-07-26,0,western,2,EDUCATIONAL_EXAMPLE,OOF,0.052051830025372774,0.04095345735549927,0.029051767486672257,0.0406856849558481,0.03202718995387901,0.06316257335958764
TR-005269,TR-C05276,2023-07-26,0,eastern,2,EDUCATIONAL_EXAMPLE,OOF,0.04791349756092449,0.043475192040205,0.0642980459930125,0.05189557853138066,0.05909233250481063,0.07182089029268657
TR-005289,TR-C01376,2023-07-26,0,eastern,2,EDUCATIONAL_EXAMPLE,OOF,0.01342146853310533,0.02592567354440689,0.024351166644630835,0.021232769574047683,0.02474479336957485,0.05971145198474212
TR-006331,TR-C06101,2023-07-26,0,other,2,EDUCATIONAL_EXAMPLE,OOF,0.03495436988087104,0.048878222703933716,0.11001340828564199,0.06461533362348225,0.09472961189021492,0.08449919221302819
TR-006452,TR-C02210,2023-07-26,0,eastern,2,EDUCATIONAL_EXAMPLE,OOF,0.0208741275764741,0.0263209231197834,0.010185293225418633,0.019126781307225376,0.014219200699009825,0.056959627303248425
TR-006593,TR-C05360,2023-07-26,0,central,2,EDUCATIONAL_EXAMPLE,OOF,0.029242843604494716,0.037122685462236404,0.030607559691877617,0.03232436291953625,0.032236341134467314,0.06241610700784129
TR-007877,TR-C03830,2023-07-26,0,eastern,2,EDUCATIONAL_EXAMPLE,OOF,0.020834936089142487,0.020893456414341927,0.02315583603589399,0.0216280761797928,0.022590241130505975,0.0593894975966273
TR-009150,TR-C01850,2023-07-26,0,other,2,EDUCATIONAL_EXAMPLE,OOF,0.012955483586413711,0.02113226428627968,0.025892965294278557,0.019993571055657317,0.024702790042278835,0.059724690645005754
TR-001408,TR-C01696,2023-07-27,0,central,2,EDUCATIONAL_EXAMPLE,OOF,0.016580432722017563,0.02002112939953804,0.0072412454328279275,0.01461426918479451,0.010436216424505455,0.05582120606815305
TR-002443,TR-C02117,2023-07-27,1,other,2,EDUCATIONAL_EXAMPLE,OOF,0.030495838091956013,0.033765990287065506,0.07195467995148674,0.04540550277683608,0.062407507535381435,0.07234133827089405
TR-003423,TR-C04293,2023-07-27,0,western,2,EDUCATIONAL_EXAMPLE,OOF,0.044073534536438946,0.04590192064642906,0.06837591667436486,0.05278379061907762,0.06275741766738091,0.07291253484790677
TR-004127,TR-C00212,2023-07-27,0,central,2,EDUCATIONAL_EXAMPLE,OOF,0.02276837920401112,0.048743873834609985,0.05485053265193116,0.04212092856351742,0.05332386794760087,0.06877173191838692
TR-004214,TR-C00266,2023-07-27,0,western,2,EDUCATIONAL_EXAMPLE,OOF,0.022365297811505803,0.02699967660009861,0.02424222930349378,0.024535734571699396,0.024931591127644988,0.06007398811408178
TR-005940,TR-C03272,2023-07-27,0,western,2,EDUCATIONAL_EXAMPLE,OOF,0.017893414603713884,0.01901407353579998,0.015335353258379309,0.01741428046596439,0.016255033327734477,0.057490986320391756
TR-006222,TR-C04755,2023-07-27,0,western,2,EDUCATIONAL_EXAMPLE,OOF,0.49946258908250246,0.3428758382797241,0.4672630923940952,0.4365338399187739,0.4361662788655024,0.4108777654064702
TR-006501,TR-C01583,2023-07-27,0,western,2,EDUCATIONAL_EXAMPLE,OOF,0.016079414079600347,0.026055220514535904,0.015362568618469456,0.0191657344042019,0.018035731592486066,0.05787250014803248
TR-009041,TR-C06383,2023-07-27,1,central,2,EDUCATIONAL_EXAMPLE,OOF,0.8067625204274971,0.7652686834335327,0.9288922671629528,0.8336411570079942,0.8879863712305978,0.8925458871903742
TR-009695,TR-C04939,2023-07-27,0,central,2,EDUCATIONAL_EXAMPLE,OOF,0.056567011249584506,0.040113504976034164,0.04031641378979559,0.04566564333847142,0.04026568658635524,0.0659287104774699
TR-001422,TR-C02311,2023-07-28,0,central,2,EDUCATIONAL_EXAMPLE,OOF,0.020878962973244385,0.020872406661510468,0.010819869009261294,0.01752374621467205,0.013333003422323587,0.056758232970853924
TR-002596,TR-C04398,2023-07-28,0,other,2,EDUCATIONAL_EXAMPLE,OOF,0.010053862383135671,0.029574116691946983,0.013923382455975419,0.017850453843686026,0.01783606601496831,0.0575796682933339
TR-002646,TR-C04084,2023-07-28,0,other,2,EDUCATIONAL_EXAMPLE,OOF,0.02116791481759951,0.03005366213619709,0.0545884192712447,0.035269998741680436,0.0484547299874828,0.06728730314069332
TR-009453,TR-C01706,2023-07-28,0,western,2,EDUCATIONAL_EXAMPLE,OOF,0.059173483282438745,0.03236611559987068,0.030190086093875704,0.040576561658728375,0.030734093470374448,0.06310945039549162
TR-009870,TR-C03159,2023-07-28,0,eastern,2,EDUCATIONAL_EXAMPLE,OOF,0.025924493929092504,0.02764926478266716,0.015186017999084575,0.022919925570281413,0.01830182969498022,0.05827388258040203
TR-009910,TR-C01966,2023-07-28,0,central,2,EDUCATIONAL_EXAMPLE,OOF,0.080823826339587,0.0391063317656517,0.043953963479202454,0.05462804052814705,0.04274205555081477,0.06769415608436798
TR-001177,TR-C03482,2023-07-29,0,western,2,EDUCATIONAL_EXAMPLE,OOF,0.03228237138087112,0.04249850660562515,0.05833908853382144,0.044373322173439235,0.05437894305177237,0.06957368556094537
TR-002861,TR-C01267,2023-07-29,0,western,2,EDUCATIONAL_EXAMPLE,OOF,0.7328630576575532,0.7179219722747803,0.6708832640903645,0.7072227646742326,0.6826429411364684,0.7330155599724323
TR-004216,TR-C01490,2023-07-29,0,central,2,EDUCATIONAL_EXAMPLE,OOF,0.019128516077334238,0.02126334235072136,0.00900309465323308,0.01646498436042956,0.01206815657760515,0.0563451971709221
TR-004397,TR-C03956,2023-07-29,0,eastern,2,EDUCATIONAL_EXAMPLE,OOF,0.03221742535637687,0.04160518944263458,0.04109633403502027,0.03830631627801057,0.041223547886923846,0.06527939970586984
TR-008148,TR-C04062,2023-07-29,0,western,2,EDUCATIONAL_EXAMPLE,OOF,0.18402651926889912,0.21574750542640686,0.16752482742270577,0.1890996173726706,0.17958049692363104,0.13312753884071657
TR-000477,TR-C04732,2023-07-30,0,eastern,2,EDUCATIONAL_EXAMPLE,OOF,0.017426452963407262,0.021643951535224915,0.009925780310585768,0.01633206160307265,0.012855323116745554,0.05650288676534915
TR-001647,TR-C03917,2023-07-30,0,eastern,2,EDUCATIONAL_EXAMPLE,OOF,0.02648636548810132,0.03313387930393219,0.016999442377492343,0.025539895723175287,0.021033051609102304,0.059030376618858266
TR-002409,TR-C06156,2023-07-30,0,other,2,EDUCATIONAL_EXAMPLE,OOF,0.11931832102079594,0.06930168718099594,0.06783190364649286,0.08548397061609492,0.06819934953011864,0.07793567066097118
TR-002946,TR-C02838,2023-07-30,0,other,2,EDUCATIONAL_EXAMPLE,OOF,0.03861332631695519,0.030085494741797447,0.05525530765491638,0.04131804290455634,0.04896285442663665,0.06814769012407185
TR-005124,TR-C04470,2023-07-30,0,other,2,EDUCATIONAL_EXAMPLE,OOF,0.028726958887969962,0.03864900395274162,0.06798574337086032,0.045120568737190635,0.06065155851633064,0.07160609358202939
TR-006166,TR-C00312,2023-07-30,1,other,2,EDUCATIONAL_EXAMPLE,OOF,0.2690859258003201,0.1889837682247162,0.30215551322545414,0.25340840241683016,0.27386257697526967,0.20990202763536384
TR-006399,TR-C05566,2023-07-30,0,central,2,EDUCATIONAL_EXAMPLE,OOF,0.18862440769846284,0.1759352833032608,0.07846259476179135,0.147674095254505,0.10283076689715871,0.0941823860480279
TR-007138,TR-C00718,2023-07-30,0,eastern,2,EDUCATIONAL_EXAMPLE,OOF,0.022007023491915342,0.025042809545993805,0.011863961223180714,0.019637931420363287,0.015158673303883987,0.05727191068925901
TR-009030,TR-C01829,2023-07-30,0,eastern,2,EDUCATIONAL_EXAMPLE,OOF,0.01399376346869668,0.020195789635181427,0.0201858744135734,0.018125142505817166,0.020188353218975406,0.0584638696449164
TR-009221,TR-C00350,2023-07-30,0,central,2,EDUCATIONAL_EXAMPLE,OOF,0.009033766421306964,0.012974520213901997,0.003279543195794063,0.008429276610334342,0.0057032874503210465,0.0543498875245179
TR-000331,TR-C06433,2023-07-31,0,eastern,2,EDUCATIONAL_EXAMPLE,OOF,0.028083815099715245,0.03255368396639824,0.03194516492452666,0.03086088799688005,0.03209729468499456,0.062372784302854756
TR-000813,TR-C00182,2023-07-31,0,other,2,EDUCATIONAL_EXAMPLE,OOF,0.05526140093747506,0.10297396034002304,0.07478185634545921,0.0776724058743191,0.08182988234410017,0.0797713409917002
TR-001946,TR-C05779,2023-07-31,0,eastern,2,EDUCATIONAL_EXAMPLE,OOF,0.02569708329288151,0.040578585118055344,0.05336238193700931,0.03987935011598206,0.05016643273227082,0.06792478317752135
TR-003373,TR-C01740,2023-07-31,0,central,2,EDUCATIONAL_EXAMPLE,OOF,0.03479215727187921,0.05462154373526573,0.03611667812287505,0.041843459710006664,0.04074289452597272,0.06510218300072522
TR-003453,TR-C03513,2023-07-31,0,western,2,EDUCATIONAL_EXAMPLE,OOF,0.01618124058554852,0.02622889168560505,0.0573180075887766,0.03324271328664339,0.04954572861298372,0.06748391529880461
TR-003686,TR-C06474,2023-07-31,0,eastern,2,EDUCATIONAL_EXAMPLE,OOF,0.04591487094015535,0.03239190950989723,0.03008703391267419,0.036131271454242254,0.03066325281197995,0.0625954898281148
TR-005187,TR-C03945,2023-07-31,0,other,2,EDUCATIONAL_EXAMPLE,OOF,0.06305981231984334,0.049661461263895035,0.04987761956481055,0.054199631049516306,0.04982357998958167,0.0692238807053995
TR-009973,TR-C02376,2023-07-31,0,western,2,EDUCATIONAL_EXAMPLE,OOF,0.008203342468211989,0.02385631762444973,0.014360951618231567,0.015473537236964428,0.01673479311978611,0.057254895336196154
TR-002768,TR-C04707,2023-08-01,0,other,2,EDUCATIONAL_EXAMPLE,OOF,0.012457958180031158,0.029225477948784828,0.028429213342414255,0.02337088315707675,0.028628279494006897,0.06079140651687264
TR-003568,TR-C06404,2023-08-01,0,eastern,2,EDUCATIONAL_EXAMPLE,OOF,0.0254155694139142,0.021427635103464127,0.006177567007010765,0.017673590508129697,0.009990084031124107,0.05598095471962844
TR-003766,TR-C05075,2023-08-01,0,western,2,EDUCATIONAL_EXAMPLE,OOF,0.024162930718360273,0.028723130002617836,0.02420528870011378,0.025697116473697296,0.025334749025739796,0.060241358138234405
TR-005038,TR-C00446,2023-08-01,0,western,2,EDUCATIONAL_EXAMPLE,OOF,0.007934959237122355,0.022921375930309296,0.022381210686831618,0.017745848618087756,0.022516251997701037,0.05889823135365997
TR-006823,TR-C00242,2023-08-01,0,central,2,EDUCATIONAL_EXAMPLE,OOF,0.03254270812927278,0.05839831009507179,0.04092113878673252,0.0439540523370257,0.045290431613817336,0.06643189599478744
TR-008492,TR-C00013,2023-08-01,0,eastern,2,EDUCATIONAL_EXAMPLE,OOF,0.03497759687356422,0.02048264630138874,0.016621278721383855,0.024027173965445608,0.017586620616385076,0.0584443675898777
TR-000107,TR-C06119,2023-08-02,0,central,2,EDUCATIONAL_EXAMPLE,OOF,0.14430757006437475,0.07460171729326248,0.11773474045174258,0.11221467593645994,0.10695148466212255,0.09498022418484656
TR-000261,TR-C05438,2023-08-02,0,other,2,EDUCATIONAL_EXAMPLE,OOF,0.3981391854977367,0.27177444100379944,0.380583435371624,0.3501656872910534,0.35338118677966784,0.3007777651759204
TR-001936,TR-C05768,2023-08-02,0,eastern,2,EDUCATIONAL_EXAMPLE,OOF,0.028647917334363737,0.03466642275452614,0.049730573063441974,0.03768163771744395,0.045964535486213015,0.06672734119744
TR-002732,TR-C00497,2023-08-02,0,central,2,EDUCATIONAL_EXAMPLE,OOF,0.022484602347489398,0.026140591129660606,0.023216244894289792,0.023947146123813268,0.023947331453132496,0.05979737941991814
TR-003213,TR-C00587,2023-08-02,0,western,2,EDUCATIONAL_EXAMPLE,OOF,0.014272199818076611,0.02361665479838848,0.0065510286945281195,0.01481329443699774,0.01081743522049321,0.05581948374909511
TR-004792,TR-C03247,2023-08-02,0,central,2,EDUCATIONAL_EXAMPLE,OOF,0.015225522946791867,0.02140856720507145,0.012745881539723685,0.016459990563862333,0.014911552956060626,0.05700304763494657
TR-009959,TR-C00023,2023-08-02,0,western,2,EDUCATIONAL_EXAMPLE,OOF,0.056717942660932386,0.0355253666639328,0.06691952188012701,0.053054277068330734,0.05907098307607846,0.0722672189925554
TR-002419,TR-C02883,2023-08-03,0,other,2,EDUCATIONAL_EXAMPLE,OOF,0.021593905734184925,0.028012679889798164,0.032013244040620344,0.027206609888201144,0.0310131030029148,0.06184742963992013
TR-003974,TR-C04806,2023-08-03,0,other,2,EDUCATIONAL_EXAMPLE,OOF,0.02828526712366691,0.03255346789956093,0.05989891977608254,0.04024588493310346,0.05306255680695214,0.06906965133590708
TR-004818,TR-C05199,2023-08-03,0,western,2,EDUCATIONAL_EXAMPLE,OOF,0.10179651487126662,0.10722120851278305,0.10663804186131182,0.1052185884151205,0.10678383352417962,0.09220268799228624
TR-006681,TR-C01805,2023-08-03,0,central,2,EDUCATIONAL_EXAMPLE,OOF,0.023474658872536167,0.02432863786816597,0.009601821978379022,0.019135039573027052,0.01328352595082576,0.05680316063276204
TR-006793,TR-C00123,2023-08-03,0,eastern,2,EDUCATIONAL_EXAMPLE,OOF,0.019973365722749232,0.027874289080500603,0.01758373876531961,0.021810464522856482,0.02015637634411486,0.05859629438742183
TR-008330,TR-C03373,2023-08-03,1,central,2,EDUCATIONAL_EXAMPLE,OOF,0.34547760679826045,0.21272343397140503,0.2326688442715642,0.2636232950137432,0.2276824916965244,0.179278293182217
TR-001245,TR-C04849,2023-08-04,0,central,2,EDUCATIONAL_EXAMPLE,OOF,0.030464984888865478,0.043886955827474594,0.07178048338264406,0.04871080803299471,0.06480710149385169,0.07307491246012324
TR-001278,TR-C01141,2023-08-04,0,other,2,EDUCATIONAL_EXAMPLE,OOF,0.04951139119856979,0.07404325157403946,0.08504053408373516,0.06953172561878147,0.08229121345631124,0.0800131638466788
TR-004631,TR-C03407,2023-08-04,0,other,2,EDUCATIONAL_EXAMPLE,OOF,0.03870365401144431,0.03141874447464943,0.032339337456576696,0.03415391198089015,0.03210918921109488,0.06277928183099932
TR-005045,TR-C05595,2023-08-04,0,central,2,EDUCATIONAL_EXAMPLE,OOF,0.05013652749055119,0.06367812305688858,0.03793601082450778,0.05058355379064919,0.04437153888260298,0.06677271367327935
TR-007530,TR-C00604,2023-08-04,0,eastern,2,EDUCATIONAL_EXAMPLE,OOF,0.1468727260305875,0.10671287029981613,0.16449625387097688,0.13936061673379352,0.1500504079781867,0.11572510467824096
TR-009336,TR-C00864,2023-08-04,0,other,2,EDUCATIONAL_EXAMPLE,OOF,0.03724102671639978,0.02942812070250511,0.023539735368020155,0.03006962759564168,0.025011831701641396,0.060607562304528684
TR-009364,TR-C05723,2023-08-04,0,central,2,EDUCATIONAL_EXAMPLE,OOF,0.020987411762638426,0.033136796206235886,0.023568856926031993,0.025897688298302097,0.025960841746082965,0.060273449073873824
TR-009962,TR-C01997,2023-08-04,0,eastern,2,EDUCATIONAL_EXAMPLE,OOF,0.021721924460137775,0.0287112258374691,0.013174697049850364,0.021202615782485747,0.017058829246755048,0.0577668337818152
TR-000062,TR-C05733,2023-08-05,0,other,2,EDUCATIONAL_EXAMPLE,OOF,0.02818620937244938,0.027915703132748604,0.027719993808300446,0.027940635437832807,0.027768921139412484,0.06111448874090081
TR-001661,TR-C06074,2023-08-05,0,other,2,EDUCATIONAL_EXAMPLE,OOF,0.011620604626553718,0.021289780735969543,0.008321744862839126,0.013744043408454129,0.01156375383112173,0.055955274984151204
TR-004032,TR-C00902,2023-08-05,0,eastern,2,EDUCATIONAL_EXAMPLE,OOF,0.05112551010047536,0.04339956119656563,0.03255505429162985,0.04236004186289028,0.035266181017863794,0.06410871323179211
TR-004372,TR-C03998,2023-08-05,0,other,2,EDUCATIONAL_EXAMPLE,OOF,0.013640897817130003,0.02960917167365551,0.015524207012291366,0.019591425501025626,0.0190454481776324,0.05804504307879087
TR-004604,TR-C01613,2023-08-05,0,eastern,2,EDUCATIONAL_EXAMPLE,OOF,0.007653702304759706,0.021687941625714302,0.005190439534301629,0.011510694488258547,0.009314815057154797,0.055206923979117715
TR-004847,TR-C05792,2023-08-05,0,western,2,EDUCATIONAL_EXAMPLE,OOF,0.03268281900496875,0.020839693024754524,0.009642724438215703,0.021055078822646327,0.012441966584850408,0.056908758748673245
TR-006627,TR-C00432,2023-08-05,0,eastern,2,EDUCATIONAL_EXAMPLE,OOF,0.02475163323114554,0.035650480538606644,0.04832238613300638,0.03624149996758619,0.045154409734406445,0.06630380246167117
TR-009058,TR-C02800,2023-08-05,0,other,2,EDUCATIONAL_EXAMPLE,OOF,0.03184313287724598,0.045357443392276764,0.04971190134793965,0.04230415920582079,0.04862328685902393,0.06761532386364213
TR-001512,TR-C00374,2023-08-06,0,central,2,EDUCATIONAL_EXAMPLE,OOF,0.04491877009214309,0.05002504587173462,0.0512582929039918,0.048734036289289843,0.050949981145927505,0.06886211146620082
TR-002166,TR-C02007,2023-08-06,0,western,2,EDUCATIONAL_EXAMPLE,OOF,0.0510361974954887,0.09522231668233871,0.07783354667638842,0.07469735361807195,0.082180739177876,0.07979864308675981
TR-004766,TR-C04190,2023-08-06,0,eastern,2,EDUCATIONAL_EXAMPLE,OOF,0.012211026576657152,0.017475523054599762,0.006109746565288668,0.01193209873218186,0.008951190687616442,0.055292391841608446
TR-006198,TR-C02604,2023-08-06,0,eastern,2,EDUCATIONAL_EXAMPLE,OOF,0.021474029537229898,0.021822748705744743,0.0157868373252039,0.01969453852272618,0.01729581517033911,0.05788401588166495
TR-007594,TR-C05781,2023-08-06,0,western,2,EDUCATIONAL_EXAMPLE,OOF,0.14008866068769307,0.19317001104354858,0.34540939240721896,0.22622268804615353,0.30734954706630135,0.2256050726684902
TR-007599,TR-C00316,2023-08-06,0,central,2,EDUCATIONAL_EXAMPLE,OOF,0.025319288452093112,0.02762950211763382,0.014461509631704016,0.022470100067143648,0.017753507753186466,0.05809689568852961
TR-008962,TR-C03579,2023-08-06,0,eastern,2,EDUCATIONAL_EXAMPLE,OOF,0.011544164109789373,0.01812046580016613,0.008022638084024933,0.012562422664660145,0.010547095013060233,0.05570011446297517
TR-009986,TR-C02755,2023-08-06,0,central,2,EDUCATIONAL_EXAMPLE,OOF,0.03621192050597752,0.039056237787008286,0.046776969508219274,0.04068170926706836,0.04484678657791653,0.06661956175259741
TR-000061,TR-C04926,2023-08-07,0,other,2,EDUCATIONAL_EXAMPLE,OOF,0.08041955719162404,0.03846195712685585,0.0690113465153608,0.06263095361128022,0.061373999168234564,0.07406081607082503
TR-000223,TR-C01815,2023-08-07,0,western,2,EDUCATIONAL_EXAMPLE,OOF,0.09729378551291597,0.1825876235961914,0.18255956511705132,0.15414699140871957,0.18256657973683635,0.1292589838229314
TR-000981,TR-C06489,2023-08-07,0,western,2,EDUCATIONAL_EXAMPLE,OOF,0.15197021295956853,0.1579996943473816,0.1352686106737332,0.14841283932689445,0.1409513815921453,0.11049860987718689
TR-002639,TR-C02476,2023-08-07,0,other,2,EDUCATIONAL_EXAMPLE,OOF,0.02337378311059743,0.022389734163880348,0.015784006389800903,0.020515841221426228,0.017435438333320764,0.057984141009495734
TR-005879,TR-C01981,2023-08-07,0,other,2,EDUCATIONAL_EXAMPLE,OOF,0.030211758835334317,0.02580585703253746,0.02247227589309751,0.02616329725365643,0.023305671177957496,0.05988647803959699
TR-006297,TR-C03628,2023-08-07,0,other,2,EDUCATIONAL_EXAMPLE,OOF,0.012857312712888985,0.01708570308983326,0.014605804274133338,0.014849606692285194,0.015225778978058317,0.05704694977631289
TR-007054,TR-C02775,2023-08-07,0,other,2,EDUCATIONAL_EXAMPLE,OOF,0.014979778533862502,0.03173214569687843,0.008111064681223856,0.018274329637321597,0.0140163349351375,0.056658885652682574
TR-000333,TR-C04302,2023-08-08,0,eastern,2,EDUCATIONAL_EXAMPLE,OOF,0.02546769782517941,0.025413786992430687,0.009261725729988485,0.020047736849199527,0.013299741045599035,0.0568659158476138
TR-000939,TR-C04402,2023-08-08,0,central,2,EDUCATIONAL_EXAMPLE,OOF,0.11336727380991275,0.10673681646585464,0.0854301265606902,0.10184473894548586,0.0907567990369813,0.08603696350796791
TR-002650,TR-C04757,2023-08-08,0,other,2,EDUCATIONAL_EXAMPLE,OOF,0.01372973429427829,0.017549872398376465,0.016436834696307558,0.015905480462987436,0.016715094121824786,0.05749086026520051
TR-004243,TR-C00583,2023-08-08,0,western,2,EDUCATIONAL_EXAMPLE,OOF,0.09666856717932942,0.12564238905906677,0.11042511275351055,0.11091202299730225,0.11422943182989961,0.09496919822493005
TR-004480,TR-C03033,2023-08-08,0,other,2,EDUCATIONAL_EXAMPLE,OOF,0.010117549348061803,0.014746442437171936,0.006016227182348525,0.010293406322527421,0.008198780996054377,0.05504188416375047
TR-005571,TR-C00550,2023-08-08,0,western,2,EDUCATIONAL_EXAMPLE,OOF,0.03836137610171714,0.02675745077431202,0.021302376078874058,0.028807067651634405,0.02266614475273355,0.0599800190861598
TR-007474,TR-C02875,2023-08-08,0,other,2,EDUCATIONAL_EXAMPLE,OOF,0.0340323135300237,0.029352150857448578,0.028098809902573213,0.030494424763348498,0.028412145141292054,0.061506074633300725
TR-009098,TR-C00735,2023-08-08,0,other,2,EDUCATIONAL_EXAMPLE,OOF,0.009999757555950685,0.01569647341966629,0.009482358857519585,0.011726196611045521,0.01103588749805626,0.05580261259060472
TR-009869,TR-C01109,2023-08-08,1,central,2,EDUCATIONAL_EXAMPLE,OOF,0.02638428570385874,0.029081236571073532,0.02325991675985329,0.02624181301159519,0.024715246712658352,0.060135128020798956
TR-004203,TR-C01868,2023-08-09,0,western,2,EDUCATIONAL_EXAMPLE,OOF,0.04020507749284351,0.03905332088470459,0.04260083492196364,0.040619744433170575,0.04171395641264888,0.06576806869753232
TR-004698,TR-C06178,2023-08-09,1,other,2,EDUCATIONAL_EXAMPLE,OOF,0.10239448799970674,0.07383199036121368,0.1380269041790392,0.10475112751331987,0.12197817572458283,0.09953249709984732
TR-006423,TR-C01526,2023-08-09,0,western,2,EDUCATIONAL_EXAMPLE,OOF,0.01629187497154146,0.026921670883893967,0.017533426031649268,0.02024899062902823,0.01988048724471044,0.05839771774946058
TR-006618,TR-C04008,2023-08-09,0,other,2,EDUCATIONAL_EXAMPLE,OOF,0.4467076361564146,0.44048011302948,0.3960059329372977,0.42773122737439745,0.40712447796034323,0.36358677179902965
TR-006923,TR-C01086,2023-08-09,0,central,2,EDUCATIONAL_EXAMPLE,OOF,0.03768317855865313,0.026792069897055626,0.03211195402065249,0.032195734158787084,0.030781982989753275,0.06237901723354744
TR-009080,TR-C01650,2023-08-09,0,western,2,EDUCATIONAL_EXAMPLE,OOF,0.027746759679435212,0.03140917047858238,0.03259722522639076,0.03058438512813612,0.03230021153943867,0.062432547171551195
TR-000180,TR-C05190,2023-08-10,0,other,2,EDUCATIONAL_EXAMPLE,OOF,0.31809261801125405,0.3052232563495636,0.27157205628397074,0.2982959768815961,0.27998485630036896,0.21739096180755593
TR-008187,TR-C05151,2023-08-10,0,central,2,EDUCATIONAL_EXAMPLE,OOF,0.028589974775520468,0.05057517811655998,0.02467102271527491,0.03461205853578512,0.031147061565596178,0.061939433309829074
TR-008189,TR-C06286,2023-08-10,0,central,2,EDUCATIONAL_EXAMPLE,OOF,0.04519409048322796,0.02866252325475216,0.010362737700181935,0.028073117146054014,0.01493768408882449,0.05797210175090503
TR-009879,TR-C00175,2023-08-10,0,western,2,EDUCATIONAL_EXAMPLE,OOF,0.02448035138913373,0.028738752007484436,0.01228221156347399,0.02183377165336405,0.016396346674476602,0.05767374379263231
TR-002054,TR-C00477,2023-08-11,0,western,2,EDUCATIONAL_EXAMPLE,OOF,0.14006623408976407,0.09197095781564713,0.11422514944870417,0.11542078045137179,0.10866160154043991,0.09528249538510555
TR-003041,TR-C06102,2023-08-11,0,western,2,EDUCATIONAL_EXAMPLE,OOF,0.025225197313633273,0.02302655205130577,0.01566318673860377,0.02130497870118094,0.01750402806677927,0.05806196031827763
TR-004627,TR-C01118,2023-08-11,1,other,2,EDUCATIONAL_EXAMPLE,OOF,0.03061477237602906,0.052168186753988266,0.055531859214538154,0.04610493944818516,0.05469094109940068,0.06951307975079297
TR-004715,TR-C06236,2023-08-11,0,eastern,2,EDUCATIONAL_EXAMPLE,OOF,0.016083642265670085,0.026118125766515732,0.01620497757345615,0.019468915201880654,0.018683264621721044,0.05805598557967791
TR-005047,TR-C01618,2023-08-11,0,other,2,EDUCATIONAL_EXAMPLE,OOF,0.036763718522861095,0.028871040791273117,0.02241533400966042,0.02935003110793154,0.024029260705063595,0.06030517727493798
TR-006652,TR-C03596,2023-08-11,0,eastern,2,EDUCATIONAL_EXAMPLE,OOF,0.009228173298847519,0.01498404610902071,0.008200032672006235,0.01080408402662482,0.009896036031259853,0.05547146265437827
TR-006933,TR-C01036,2023-08-11,0,other,2,EDUCATIONAL_EXAMPLE,OOF,0.12188156693673136,0.1381935477256775,0.4210269631665098,0.22703402594297287,0.3503186093063017,0.26644497667046807
TR-007184,TR-C03610,2023-08-11,0,central,2,EDUCATIONAL_EXAMPLE,OOF,0.00709230184670349,0.012418883852660656,0.002712080864168565,0.007407755521177571,0.005138781611291588,0.05414097503272999
TR-009344,TR-C00643,2023-08-11,0,eastern,2,EDUCATIONAL_EXAMPLE,OOF,0.006599542631818396,0.0112794553861022,0.0024498288771980987,0.006776275631706232,0.004657235504424124,0.054006097512305215
TR-009861,TR-C01198,2023-08-11,0,central,2,EDUCATIONAL_EXAMPLE,OOF,0.027250343494471994,0.03788302093744278,0.05959992723672092,0.04157776388954523,0.05417070066190138,0.0693453154406336
TR-009892,TR-C00764,2023-08-11,0,eastern,2,EDUCATIONAL_EXAMPLE,OOF,0.008853740151959309,0.013599000871181488,0.004312868724055854,0.008921869915732216,0.006634401760837263,0.05458841013592744
TR-002816,TR-C01261,2023-08-12,0,central,2,EDUCATIONAL_EXAMPLE,OOF,0.234895630975528,0.28213849663734436,0.2094811973604914,0.24217177499112127,0.22764552217970463,0.16771123900843382
TR-005076,TR-C01559,2023-08-12,0,central,2,EDUCATIONAL_EXAMPLE,OOF,0.038705980644770016,0.041130032390356064,0.0440366751905316,0.04129089607521923,0.043310014490487714,0.06620143447115402
TR-003452,TR-C05290,2023-08-13,1,other,2,EDUCATIONAL_EXAMPLE,OOF,0.016903412699536168,0.022252410650253296,0.008928427314064501,0.01602808355461799,0.0122594231481117,0.0563153485554188
TR-003526,TR-C00114,2023-08-13,0,eastern,2,EDUCATIONAL_EXAMPLE,OOF,0.09401791325038356,0.07597427070140839,0.0447633247864471,0.07158516957941301,0.052566061265187425,0.07115962666013571
TR-003687,TR-C04302,2023-08-13,0,eastern,2,EDUCATIONAL_EXAMPLE,OOF,0.09986077022866732,0.06717391312122345,0.06911260272042384,0.0787157620234382,0.06862793032062374,0.07724159557670679
TR-004365,TR-C03012,2023-08-13,0,western,2,EDUCATIONAL_EXAMPLE,OOF,0.02321735275498969,0.01959189400076866,0.014804132219897837,0.019204459658552064,0.016001072665115544,0.057596381533624556
TR-005986,TR-C03009,2023-08-13,1,central,2,EDUCATIONAL_EXAMPLE,OOF,0.45141973601367963,0.6876976490020752,0.6355235425382901,0.5915469758513483,0.6485670691542365,0.6592978062490419
TR-008648,TR-C02222,2023-08-13,0,eastern,2,EDUCATIONAL_EXAMPLE,OOF,0.029817411984140438,0.030531585216522217,0.012482496658727365,0.024277164619796673,0.016994768798176078,0.05801134179395131
TR-000193,TR-C01082,2023-08-14,0,central,2,EDUCATIONAL_EXAMPLE,OOF,0.02463152341037479,0.032879315316677094,0.054291906777578704,0.03726758183487686,0.0489387589123533,0.06755505849346782
TR-000747,TR-C00916,2023-08-14,0,western,2,EDUCATIONAL_EXAMPLE,OOF,0.044222660219078884,0.06895171850919724,0.037909432069809644,0.050361270266028595,0.04567000367965654,0.06691018003797918
TR-000769,TR-C01368,2023-08-14,0,central,2,EDUCATIONAL_EXAMPLE,OOF,0.02204068088475299,0.029492685571312904,0.018172549535574106,0.023235305330546668,0.021002583544508804,0.05889768882698236
TR-000843,TR-C01456,2023-08-14,0,other,2,EDUCATIONAL_EXAMPLE,OOF,0.022837999361119493,0.02630922570824623,0.0267968393654844,0.02531468814495004,0.026674935951174858,0.06061103628254816
TR-001186,TR-C00827,2023-08-14,0,eastern,2,EDUCATIONAL_EXAMPLE,OOF,0.09729358463978222,0.11731846630573273,0.05562832718733885,0.0900801260442846,0.07105086196693731,0.07746713467239066
TR-003885,TR-C01432,2023-08-14,0,western,2,EDUCATIONAL_EXAMPLE,OOF,0.02950276802551038,0.03824707865715027,0.025497423906026617,0.031082423529562423,0.02868483759380753,0.061343308563869374
TR-007297,TR-C06471,2023-08-14,0,other,2,EDUCATIONAL_EXAMPLE,OOF,0.02585645920624961,0.027805548161268234,0.050598823053541124,0.03475361014035299,0.0449005043304729,0.06634092533647719
TR-009575,TR-C06435,2023-08-14,0,eastern,2,EDUCATIONAL_EXAMPLE,OOF,0.010135960544917211,0.01898016221821308,0.006857489985243312,0.011991204249457868,0.009888158043485754,0.055466619528275446
TR-000248,TR-C04846,2023-08-15,0,central,2,EDUCATIONAL_EXAMPLE,OOF,0.025364268648092478,0.039305925369262695,0.05987516772914531,0.041515120582166824,0.054732857139174654,0.0694430340123577
TR-000255,TR-C06431,2023-08-15,0,other,2,EDUCATIONAL_EXAMPLE,OOF,0.12672562965356077,0.21513055264949799,0.2501182353910888,0.19732480589804915,0.2413713147056911,0.1696298046028164
TR-001863,TR-C02968,2023-08-15,0,western,2,EDUCATIONAL_EXAMPLE,OOF,0.08520714549382437,0.10565502941608429,0.10257242685264063,0.09781153392084975,0.10334307749350155,0.08987741988921398
TR-002179,TR-C00112,2023-08-15,0,eastern,2,EDUCATIONAL_EXAMPLE,OOF,0.018757013800198008,0.024776283651590347,0.017557836476297783,0.020363711309362046,0.019362448270120923,0.05835340220525493
TR-003468,TR-C03614,2023-08-15,0,eastern,2,EDUCATIONAL_EXAMPLE,OOF,0.01565941869564388,0.017895817756652832,0.01225966253642864,0.015271632996241786,0.013668701341484688,0.056700529224278734
TR-003953,TR-C02155,2023-08-15,1,eastern,2,EDUCATIONAL_EXAMPLE,OOF,0.055364661509338525,0.055397894233465195,0.0605244384364033,0.05709566472640234,0.05924280238566877,0.07206238149966455
TR-004120,TR-C01492,2023-08-15,1,other,2,EDUCATIONAL_EXAMPLE,OOF,0.2805070521818088,0.2791304290294647,0.2289741304041364,0.26287053720513665,0.24151320506046847,0.1823341592641596
TR-009555,TR-C05342,2023-08-15,0,western,2,EDUCATIONAL_EXAMPLE,OOF,0.1354806520728996,0.18178585171699524,0.13540235141324528,0.15088961840104673,0.14699822648918276,0.11221511176033976
TR-000709,TR-C01287,2023-08-16,0,western,2,EDUCATIONAL_EXAMPLE,OOF,0.0865518261604427,0.10930032283067703,0.15127266513067708,0.11570827137393229,0.14077957955567708,0.10715182293350176
TR-000812,TR-C00369,2023-08-16,0,other,2,EDUCATIONAL_EXAMPLE,OOF,0.02605028816226838,0.02908584102988243,0.0305915812939411,0.028575903495363972,0.030215146227926433,0.061759905805238595
TR-001358,TR-C05690,2023-08-16,0,central,2,EDUCATIONAL_EXAMPLE,OOF,0.04276778092219267,0.035106971859931946,0.025559933548235214,0.03447822877678661,0.027946693126159397,0.061632337856062404
TR-001444,TR-C00868,2023-08-16,0,western,2,EDUCATIONAL_EXAMPLE,OOF,0.45191701517355,0.2842934727668762,0.1085800791396231,0.28159685569334975,0.15250842754643637,0.13513676444719544
TR-001906,TR-C02736,2023-08-16,0,central,2,EDUCATIONAL_EXAMPLE,OOF,0.015175933998397331,0.03733428195118904,0.012486792094434738,0.02166566934800704,0.018698664558623315,0.05793352707958054
TR-003314,TR-C04858,2023-08-16,0,other,2,EDUCATIONAL_EXAMPLE,OOF,0.017614998050933,0.025365181267261505,0.018950954487421394,0.020643711268538634,0.02055451118238142,0.05865015874381523
TR-004885,TR-C03902,2023-08-16,0,western,2,EDUCATIONAL_EXAMPLE,OOF,0.016838355921434896,0.016712505370378494,0.015765182316828448,0.016438681202880615,0.01600201308021596,0.057403188726074014
TR-005520,TR-C02719,2023-08-16,0,western,2,EDUCATIONAL_EXAMPLE,OOF,0.03247345239954973,0.04346322640776634,0.01588793201123066,0.030608203606182247,0.02278175561036458,0.05965863191415888
TR-008758,TR-C01665,2023-08-16,0,eastern,2,EDUCATIONAL_EXAMPLE,OOF,0.011522248863884229,0.015816230326890945,0.01241295904602337,0.01325047941226618,0.013263776866240265,0.056466296981400814
TR-000599,TR-C02453,2023-08-17,0,western,2,EDUCATIONAL_EXAMPLE,OOF,0.023454261238197785,0.03270304948091507,0.03071939230937739,0.028958901009496746,0.031215306602261808,0.06193405007795495
TR-000983,TR-C04238,2023-08-17,0,western,2,EDUCATIONAL_EXAMPLE,OOF,0.318494892252142,0.312989741563797,0.23943890422416136,0.2903078460133668,0.2578266135590703,0.19827266388433584
TR-002957,TR-C04321,2023-08-17,1,western,2,EDUCATIONAL_EXAMPLE,OOF,0.6370544364673193,0.5732502937316895,0.6865960425999494,0.6323002575996527,0.6582596053828844,0.6995972513647835
TR-003093,TR-C04566,2023-08-17,0,eastern,2,EDUCATIONAL_EXAMPLE,OOF,0.02048744485358452,0.03337869420647621,0.02665141831217395,0.02683918579074489,0.028333237285749515,0.06095585387669384
TR-004175,TR-C03306,2023-08-17,0,central,2,EDUCATIONAL_EXAMPLE,OOF,0.03814548317310546,0.07416591048240662,0.04760189113354732,0.053304428263019794,0.054242895970762144,0.06944731902445615
TR-005382,TR-C00361,2023-08-17,0,western,2,EDUCATIONAL_EXAMPLE,OOF,0.05524049573132995,0.04314327985048294,0.0727990987748671,0.05706095811889333,0.06538514404377105,0.0743538696993568
TR-005930,TR-C04658,2023-08-17,0,other,2,EDUCATIONAL_EXAMPLE,OOF,0.021673496163979022,0.021491749212145805,0.019898419832454457,0.021021221736193096,0.020296752177377295,0.05875076589005995
TR-007653,TR-C04600,2023-08-17,0,western,2,EDUCATIONAL_EXAMPLE,OOF,0.01474332395975506,0.015237405896186829,0.008993619206274846,0.012991449687405579,0.010554565878752841,0.05583197488717107
TR-007986,TR-C01287,2023-08-17,0,western,2,EDUCATIONAL_EXAMPLE,OOF,0.019700759202721952,0.027465226128697395,0.03328376275779981,0.026816582696406382,0.031829128600524205,0.06202965616503101
TR-008547,TR-C06450,2023-08-17,0,central,2,EDUCATIONAL_EXAMPLE,OOF,0.06225092746441373,0.05085074529051781,0.028580351729090493,0.04722734149467401,0.03414795011944732,0.06411061521353494
TR-009343,TR-C04649,2023-08-17,0,central,2,EDUCATIONAL_EXAMPLE,OOF,0.03033824288837916,0.04415590316057205,0.026411217903916522,0.03363512131762258,0.030847389218080404,0.06197107611984445
TR-009820,TR-C00434,2023-08-17,0,eastern,2,EDUCATIONAL_EXAMPLE,OOF,0.009308235526873597,0.014849544502794743,0.00565516949293746,0.0099376498408686,0.007953763245401781,0.054948328617561285
TR-005420,TR-C00844,2023-08-18,0,eastern,2,EDUCATIONAL_EXAMPLE,OOF,0.059180714413630695,0.03879822790622711,0.028563532927465857,0.04218082508244122,0.03112220667215617,0.06316975506946236
TR-006556,TR-C02035,2023-08-18,1,central,2,EDUCATIONAL_EXAMPLE,OOF,0.18065421287664576,0.21038924157619476,0.2599986387788366,0.21701403107722572,0.24759628947817613,0.1792900756714159
TR-008342,TR-C04155,2023-08-18,1,central,2,EDUCATIONAL_EXAMPLE,OOF,0.13344656031550278,0.08292297273874283,0.09370693217594703,0.10335882174339754,0.09101094231664597,0.08743801002570079
TR-009130,TR-C01583,2023-08-18,0,western,2,EDUCATIONAL_EXAMPLE,OOF,0.04248162436014189,0.028848320245742798,0.013891943266390861,0.02840729595742518,0.017631037511228846,0.05864574889014275
TR-001861,TR-C03667,2023-08-19,0,central,2,EDUCATIONAL_EXAMPLE,OOF,0.03605770770761421,0.02970460243523121,0.018650105261005114,0.02813747180128351,0.02141372955456164,0.059506800338913944
TR-003579,TR-C05074,2023-08-19,0,western,2,EDUCATIONAL_EXAMPLE,OOF,0.014842233079093395,0.015340091660618782,0.007712133407008329,0.012631486048906834,0.009619122970410943,0.055578518736274084
TR-004854,TR-C00502,2023-08-19,0,other,2,EDUCATIONAL_EXAMPLE,OOF,0.3837912814083828,0.364780068397522,0.3468762810271326,0.36514921027767916,0.3513522278697299,0.29365524331075854
TR-004959,TR-C05662,2023-08-19,0,western,2,EDUCATIONAL_EXAMPLE,OOF,0.023840016517135,0.033999331295490265,0.020087990805687666,0.02597577953943764,0.023565825928138315,0.05966505809565134
TR-005263,TR-C00033,2023-08-19,0,western,2,EDUCATIONAL_EXAMPLE,OOF,0.11208354400531294,0.10752202570438385,0.12506642069281884,0.1148906634675052,0.1206803219457101,0.0990048924943494
TR-009142,TR-C04233,2023-08-19,0,central,2,EDUCATIONAL_EXAMPLE,OOF,0.262558205995608,0.2006732076406479,0.16129143499425663,0.2081742828768375,0.17113687815585443,0.13404406008915273
TR-009420,TR-C01424,2023-08-19,0,other,2,EDUCATIONAL_EXAMPLE,OOF,0.11119936613234167,0.14612090587615967,0.09885756867025998,0.11872594689292043,0.1106734029717349,0.09389747538240799
TR-009821,TR-C04722,2023-08-19,0,central,2,EDUCATIONAL_EXAMPLE,OOF,0.05709030581587753,0.06491031497716904,0.07055922647438058,0.06418661575580904,0.0691469986000777,0.07555564351706362
TR-000292,TR-C06003,2023-08-20,0,central,2,EDUCATIONAL_EXAMPLE,OOF,0.04416299712097168,0.052654847502708435,0.013814088591860299,0.03687731107184681,0.023524278319572333,0.06021034598409133
TR-000646,TR-C01082,2023-08-20,0,central,2,EDUCATIONAL_EXAMPLE,OOF,0.11306450046498139,0.148525208234787,0.28613645822156386,0.18257538897377742,0.25173364572486967,0.17761631232107805
TR-003651,TR-C05614,2023-08-20,0,western,2,EDUCATIONAL_EXAMPLE,OOF,0.1627638872520084,0.18045364320278168,0.09495923178333449,0.14605892074604152,0.11633283463819628,0.09882163942624633
TR-005041,TR-C02460,2023-08-20,0,other,2,EDUCATIONAL_EXAMPLE,OOF,0.027594190272853633,0.025727173313498497,0.03321670196776772,0.028846021851373287,0.03134431980420042,0.06218827688430249
TR-005608,TR-C05282,2023-08-20,1,other,2,EDUCATIONAL_EXAMPLE,OOF,0.7568566054455564,0.7132360935211182,0.7764964540558088,0.7488630510074944,0.7606813639221361,0.8071589009551127
TR-001060,TR-C01371,2023-08-21,0,other,2,EDUCATIONAL_EXAMPLE,OOF,0.009675557203902738,0.01734619401395321,0.015231821505121689,0.014084524240992545,0.015760414632329568,0.05708650433003199
TR-001616,TR-C01797,2023-08-21,0,eastern,2,EDUCATIONAL_EXAMPLE,OOF,0.1278729124927633,0.14318938553333282,0.08900176812429199,0.12002135538346272,0.1025486724765522,0.09126894859736455
TR-002637,TR-C01880,2023-08-21,0,central,2,EDUCATIONAL_EXAMPLE,OOF,0.09331302542895639,0.055274397134780884,0.09184751730790283,0.08014497995721337,0.08270423726462234,0.08245143660535616
TR-003797,TR-C05515,2023-08-21,0,eastern,2,EDUCATIONAL_EXAMPLE,OOF,0.04050982408033671,0.04834552854299545,0.07320748773250532,0.05402094678527916,0.06699199793512786,0.07423447362373482
TR-005194,TR-C05772,2023-08-21,0,eastern,2,EDUCATIONAL_EXAMPLE,OOF,0.05400748621982105,0.06405002623796463,0.11315927781663136,0.07707226342480568,0.10088196492196468,0.08777599733284241
TR-005508,TR-C02838,2023-08-21,0,other,2,EDUCATIONAL_EXAMPLE,OOF,0.030054264737158772,0.030034275725483894,0.04101031196840518,0.03369961747701595,0.03826630290767486,0.06437389616227443
TR-005891,TR-C02243,2023-08-21,0,central,2,EDUCATIONAL_EXAMPLE,OOF,0.019286717676506943,0.023870296776294708,0.02477603214449684,0.022644348865766162,0.02454959830244631,0.05988015932325318
TR-007846,TR-C04543,2023-08-21,0,other,2,EDUCATIONAL_EXAMPLE,OOF,0.04606576064829583,0.06100946292281151,0.05980422853044698,0.05562648403385143,0.06010553712853811,0.07191224102627779
TR-008485,TR-C02766,2023-08-21,0,eastern,2,EDUCATIONAL_EXAMPLE,OOF,0.20837681726806764,0.1732550859451294,0.2778952891254971,0.21984239744623138,0.2517352383304052,0.18597459162405347
TR-000035,TR-C05483,2023-08-22,0,western,2,EDUCATIONAL_EXAMPLE,OOF,0.0859193544704227,0.18591339886188507,0.22561700362034623,0.16581658565088467,0.21569110243073095,0.14893844598773615
TR-001407,TR-C00262,2023-08-22,0,western,2,EDUCATIONAL_EXAMPLE,OOF,0.007091391350585537,0.010849353857338428,0.002337888336203045,0.006759544514709003,0.004465754716486891,0.05397449218553855
TR-001560,TR-C01310,2023-08-22,0,western,2,EDUCATIONAL_EXAMPLE,OOF,0.009028297320278118,0.012919397093355656,0.0037055578368569934,0.008551084083496923,0.006009017650981659,0.05443192592175598
TR-001621,TR-C05150,2023-08-22,0,eastern,2,EDUCATIONAL_EXAMPLE,OOF,0.05872851762041663,0.1096123680472374,0.07206141321051159,0.08013409962605521,0.08144915191969304,0.07971034799357479
TR-002263,TR-C01524,2023-08-22,0,western,2,EDUCATIONAL_EXAMPLE,OOF,0.03652516765696801,0.049051180481910706,0.04924190108578757,0.0449394164082221,0.04919422093481835,0.06795292301624667
TR-003720,TR-C03184,2023-08-22,0,western,2,EDUCATIONAL_EXAMPLE,OOF,0.015910093121278272,0.01907830685377121,0.012636358000872351,0.01587491932530728,0.014246845214097066,0.056860128670660794
TR-003755,TR-C02607,2023-08-22,0,eastern,2,EDUCATIONAL_EXAMPLE,OOF,0.016315140306789506,0.01797531545162201,0.010028211976137647,0.01477288924484972,0.012014987845008738,0.05626357955187237
TR-004829,TR-C02353,2023-08-22,0,western,2,EDUCATIONAL_EXAMPLE,OOF,0.041222417736643084,0.04903855919837952,0.0584892431765763,0.0495834067038663,0.0561265721820271,0.07046581396165967
TR-005149,TR-C02753,2023-08-22,0,eastern,2,EDUCATIONAL_EXAMPLE,OOF,0.008572925407201374,0.012404264882206917,0.0037783266605142217,0.008251838983307504,0.0059348112159373955,0.05440144174348633
TR-006708,TR-C00663,2023-08-22,0,eastern,2,EDUCATIONAL_EXAMPLE,OOF,0.010387209343537648,0.018641715869307518,0.009754944697196222,0.012927956636680463,0.011976637490224047,0.056049545000997306
TR-007176,TR-C03154,2023-08-22,0,western,2,EDUCATIONAL_EXAMPLE,OOF,0.01820720851567941,0.026732994243502617,0.020655895829250027,0.02186536619614402,0.022175170432813175,0.059126093757685946
TR-008024,TR-C05619,2023-08-22,0,central,2,EDUCATIONAL_EXAMPLE,OOF,0.08728550268312188,0.050814419984817505,0.009811193635303703,0.04930370543441436,0.020062000222682154,0.06074732240493887
TR-009168,TR-C02805,2023-08-22,0,western,2,EDUCATIONAL_EXAMPLE,OOF,0.01827844786515682,0.03599044308066368,0.025135779246662836,0.02646822339749445,0.027849445205163047,0.06070932536157967
TR-009934,TR-C05737,2023-08-22,0,central,2,EDUCATIONAL_EXAMPLE,OOF,0.10016905318203051,0.08595985174179077,0.11103134524185196,0.0990534167218911,0.10476347186683665,0.09151736562187618
TR-003056,TR-C03328,2023-08-23,0,other,2,EDUCATIONAL_EXAMPLE,OOF,0.006703344737057139,0.011938696727156639,0.0035534955330157355,0.007398512332409838,0.005649795831550962,0.05426849171601164
TR-003367,TR-C02537,2023-08-23,0,western,2,EDUCATIONAL_EXAMPLE,OOF,0.06292150116695908,0.053547635674476624,0.11808608755888166,0.07818507480010578,0.1019514745877804,0.08880765598098637
TR-005182,TR-C03142,2023-08-23,0,western,2,EDUCATIONAL_EXAMPLE,OOF,0.08466948160772862,0.0707443356513977,0.07326767768256659,0.07622716498056431,0.07263684217477437,0.07800913409897266
TR-006711,TR-C00665,2023-08-23,0,central,2,EDUCATIONAL_EXAMPLE,OOF,0.34524084349472917,0.3068396747112274,0.1380980235678219,0.26339284725792617,0.18028343635367328,0.1439861272022848
TR-007806,TR-C02436,2023-08-23,0,central,2,EDUCATIONAL_EXAMPLE,OOF,0.10931700999970542,0.15706370770931244,0.15684862466702482,0.1410764474586809,0.1569023954275967,0.11614707020071709
TR-000365,TR-C01831,2023-08-24,0,central,2,EDUCATIONAL_EXAMPLE,OOF,0.20945161572080137,0.20271995663642883,0.2601213310010648,0.224097634452765,0.24577098740990583,0.180743643431783
TR-001259,TR-C05492,2023-08-24,0,western,2,EDUCATIONAL_EXAMPLE,OOF,0.018904879536015114,0.022719494998455048,0.010421173126675686,0.017348515887048613,0.013495753594620526,0.05672154384160732
TR-002555,TR-C05706,2023-08-24,0,eastern,2,EDUCATIONAL_EXAMPLE,OOF,0.06707461400128759,0.05326097458600998,0.0427168462011233,0.05435081159614028,0.04535287829734497,0.06786518215762795
TR-004343,TR-C00846,2023-08-24,0,eastern,2,EDUCATIONAL_EXAMPLE,OOF,0.014807692670273384,0.020391853526234627,0.011628884004233222,0.01560947673358041,0.013819626384733573,0.05669298123007716
TR-004491,TR-C02901,2023-08-24,0,eastern,2,EDUCATIONAL_EXAMPLE,OOF,0.025134233627882575,0.021045828238129616,0.015459454369431169,0.020546505411814454,0.01685604783660578,0.05789166607919271
TR-006101,TR-C05199,2023-08-24,0,western,2,EDUCATIONAL_EXAMPLE,OOF,0.03437149590073757,0.08192916214466095,0.11100093402301846,0.075767197356139,0.10373299105342908,0.08774925786676463
TR-002220,TR-C03090,2023-08-25,0,eastern,2,EDUCATIONAL_EXAMPLE,OOF,0.09013461345989084,0.12780900299549103,0.13533595770064413,0.11775985805200866,0.13345421902435586,0.10350297209872196
TR-003022,TR-C06280,2023-08-25,1,western,2,EDUCATIONAL_EXAMPLE,OOF,0.033477091815221745,0.03837618976831436,0.07854226250087322,0.05013184802813644,0.06850074431773351,0.07457678707550143
TR-003806,TR-C06075,2023-08-25,0,central,2,EDUCATIONAL_EXAMPLE,OOF,0.009726229218166321,0.012229835614562035,0.0048982549916738805,0.008951439941467411,0.006731150147395919,0.0546538048119919
TR-005515,TR-C00369,2023-08-25,0,other,2,EDUCATIONAL_EXAMPLE,OOF,0.019485213633533175,0.020909294486045837,0.017977892740492964,0.019457466953357327,0.018710743176881182,0.05822566496976717
TR-005833,TR-C04991,2023-08-25,0,other,2,EDUCATIONAL_EXAMPLE,OOF,0.025259596420036664,0.032851118594408035,0.028563238352699215,0.028891317789047976,0.029635208413126418,0.061522671463534524
TR-006568,TR-C03762,2023-08-25,0,eastern,2,EDUCATIONAL_EXAMPLE,OOF,0.1633239052852534,0.17366784811019897,0.14697120337411465,0.16132098558985566,0.15364536455813574,0.11764367209431496
TR-008506,TR-C03540,2023-08-25,0,eastern,2,EDUCATIONAL_EXAMPLE,OOF,0.01815899117414145,0.021851150318980217,0.005132556635405155,0.015047566042842275,0.009312205056298921,0.05555111618733108
TR-008757,TR-C00535,2023-08-25,0,western,2,EDUCATIONAL_EXAMPLE,OOF,0.044370413902050876,0.05355675891041756,0.13069907548885995,0.07620874943377613,0.11141349634424935,0.09189076548819461
TR-000260,TR-C01122,2023-08-26,0,western,2,EDUCATIONAL_EXAMPLE,OOF,0.234493159951226,0.07666181027889252,0.014552161069533678,0.10856904376655073,0.030079573371873388,0.0692960397836643
TR-002829,TR-C01948,2023-08-26,0,central,2,EDUCATIONAL_EXAMPLE,OOF,0.1989554841933238,0.3060733377933502,0.1789389299006638,0.22798925062911257,0.21072253187383538,0.15234590177668517
TR-004796,TR-C00917,2023-08-26,0,western,2,EDUCATIONAL_EXAMPLE,OOF,0.014244499020651762,0.03958829864859581,0.022402861793834467,0.025411886487694015,0.026699221007524802,0.060193362617176775
TR-005186,TR-C00039,2023-08-26,0,western,2,EDUCATIONAL_EXAMPLE,OOF,0.07161138710617924,0.10344797372817993,0.09827560409799388,0.09111165497745104,0.0995686965055404,0.08762520339618418
TR-005479,TR-C04687,2023-08-26,0,central,2,EDUCATIONAL_EXAMPLE,OOF,0.2986925351108636,0.3341413140296936,0.21451954947244972,0.28245113287100226,0.2444249906117607,0.18503581851197115
TR-006962,TR-C00949,2023-08-26,0,western,2,EDUCATIONAL_EXAMPLE,OOF,0.03615472160448215,0.04561382532119751,0.0433751807375125,0.041714575887730726,0.04393484188343375,0.0662597221769042
TR-008324,TR-C01168,2023-08-26,0,central,2,EDUCATIONAL_EXAMPLE,OOF,0.10000108553913922,0.10793013125658035,0.16955382934472313,0.1258283487134809,0.15414790482268742,0.11486707854807966
TR-009758,TR-C04042,2023-08-26,0,western,2,EDUCATIONAL_EXAMPLE,OOF,0.03307427666472557,0.04166446626186371,0.0536340996224355,0.04279094751634158,0.05064169128229255,0.06836611637557141
TR-001666,TR-C03418,2023-08-27,0,western,2,EDUCATIONAL_EXAMPLE,OOF,0.0405988778173975,0.044071584939956665,0.05859124013873165,0.04775390096536194,0.0549613263390379,0.07009482716043396
TR-005700,TR-C00020,2023-08-27,0,eastern,2,EDUCATIONAL_EXAMPLE,OOF,0.10074310797531279,0.08846475929021835,0.16765245468422393,0.11895344064991835,0.14785553083572253,0.1119296081192546
TR-005802,TR-C05859,2023-08-27,0,eastern,2,EDUCATIONAL_EXAMPLE,OOF,0.09339143900682767,0.10107952356338501,0.05315305212768379,0.08254133823263216,0.06513466998660909,0.07530197572677749
TR-007150,TR-C01499,2023-08-27,0,western,2,EDUCATIONAL_EXAMPLE,OOF,0.062186682923252266,0.07115532457828522,0.016624449112516034,0.049988818871351176,0.03025716797895833,0.06271839804153316
TR-007432,TR-C02214,2023-08-27,0,eastern,2,EDUCATIONAL_EXAMPLE,OOF,0.05814631985632604,0.04100852459669113,0.026930186510110865,0.042028343654376014,0.03044977103175593,0.06290435801759213
TR-008049,TR-C05681,2023-08-27,0,eastern,2,EDUCATIONAL_EXAMPLE,OOF,0.06422566418931262,0.07107552886009216,0.04836518715612107,0.06122212673517529,0.054042772582113846,0.07048011592352439
TR-009212,TR-C04203,2023-08-27,0,western,2,EDUCATIONAL_EXAMPLE,OOF,0.03793091461737181,0.03997915983200073,0.05483280111186355,0.0442476251870787,0.05111939079189784,0.06873690235883204
TR-009519,TR-C00826,2023-08-27,0,western,2,EDUCATIONAL_EXAMPLE,OOF,0.017994140521898145,0.032252926379442215,0.06274002922576417,0.03766236537570151,0.05511825351418369,0.06934365514210317
TR-001401,TR-C03913,2023-08-28,0,eastern,2,EDUCATIONAL_EXAMPLE,OOF,0.02969563998343647,0.03998405486345291,0.023338650722912226,0.031006115189933865,0.0275000017580474,0.060980920233635084
TR-002229,TR-C06072,2023-08-28,0,eastern,2,EDUCATIONAL_EXAMPLE,OOF,0.09370415135195473,0.17234237492084503,0.1685600055284514,0.1448688439337504,0.1695055978765498,0.1217339117778997
TR-003379,TR-C02653,2023-08-28,0,western,2,EDUCATIONAL_EXAMPLE,OOF,0.021992653934796883,0.03474386781454086,0.017546904772919075,0.024761142174085607,0.02184614553332452,0.05909406827734007
TR-004117,TR-C06144,2023-08-28,0,eastern,2,EDUCATIONAL_EXAMPLE,OOF,0.06014756854611858,0.06299196928739548,0.04503390810666493,0.056057815313392996,0.049523423401847566,0.06887192644859516
TR-008765,TR-C02957,2023-08-28,1,other,2,EDUCATIONAL_EXAMPLE,OOF,0.03993382195388717,0.034351617097854614,0.0492794038292836,0.04118828096034179,0.04554745714642636,0.0670388018366073
TR-009369,TR-C05921,2023-08-28,0,western,2,EDUCATIONAL_EXAMPLE,OOF,0.22110737177421236,0.13778162002563477,0.10268888339678295,0.15385929173221002,0.1114620675539959,0.10044395477663844
TR-009716,TR-C06337,2023-08-28,0,eastern,2,EDUCATIONAL_EXAMPLE,OOF,0.014888845786945104,0.025313634425401688,0.017642994523540977,0.01928182491196259,0.019560654499006153,0.05827157563841676
TR-000428,TR-C02561,2023-08-29,0,eastern,2,EDUCATIONAL_EXAMPLE,OOF,0.03364754472202124,0.04038860648870468,0.019567040270974653,0.03120106382723353,0.02477243182540716,0.06031111244378685
TR-000890,TR-C00591,2023-08-29,0,other,2,EDUCATIONAL_EXAMPLE,OOF,0.020236149605658362,0.03267519921064377,0.06293321621670235,0.038614855011001495,0.05536871196518771,0.06951481253725729
TR-002313,TR-C06086,2023-08-29,1,western,2,EDUCATIONAL_EXAMPLE,OOF,0.8048998007793337,0.6856034398078918,0.8063598885597525,0.7656210430489927,0.7761707763717873,0.8244487970335205
TR-002910,TR-C04492,2023-08-29,0,central,2,EDUCATIONAL_EXAMPLE,OOF,0.06117341596354527,0.10874518752098083,0.036912347183384965,0.06894365022263703,0.054870557267783934,0.0702515083652051
TR-004121,TR-C04251,2023-08-29,0,central,2,EDUCATIONAL_EXAMPLE,OOF,0.11499737115817983,0.10608119517564774,0.14123800391958916,0.12077219008447222,0.1324488017336038,0.10479287188635451
TR-004333,TR-C04493,2023-08-29,0,central,2,EDUCATIONAL_EXAMPLE,OOF,0.011589076413053167,0.020142773166298866,0.013232000228419246,0.01498794993592376,0.01495969346288915,0.05690404699735663
TR-004450,TR-C02359,2023-08-29,0,eastern,2,EDUCATIONAL_EXAMPLE,OOF,0.03849747003675352,0.04282575100660324,0.06595146239629193,0.04909156114654956,0.06017003454886976,0.07180578678043112
TR-004868,TR-C00717,2023-08-29,0,eastern,2,EDUCATIONAL_EXAMPLE,OOF,0.05444359807731663,0.07570315152406693,0.07593707456629516,0.0686946080558929,0.0758785938057381,0.07779662002534823
TR-005284,TR-C01702,2023-08-29,1,central,2,EDUCATIONAL_EXAMPLE,OOF,0.4450080477272332,0.34136638045310974,0.0652621094844367,0.28387884588825985,0.13428817722660497,0.12300322740165766
TR-007873,TR-C03391,2023-08-29,0,other,2,EDUCATIONAL_EXAMPLE,OOF,0.04127328842897524,0.05486780032515526,0.012361501860672603,0.036167530204934364,0.022988076476793268,0.05993061773426609
TR-008068,TR-C04361,2023-08-29,0,eastern,2,EDUCATIONAL_EXAMPLE,OOF,0.10898152839920798,0.09698498249053955,0.08595707847252508,0.09730786312075755,0.0887140544770287,0.08510854310322326
TR-009764,TR-C02823,2023-08-29,0,other,2,EDUCATIONAL_EXAMPLE,OOF,0.02689825333814657,0.02500142529606819,0.030349588193417043,0.027416422275877272,0.02901254746907983,0.06146604912023245
TR-009883,TR-C03998,2023-08-29,0,other,2,EDUCATIONAL_EXAMPLE,OOF,0.009479160993172127,0.01842626743018627,0.006519640853693706,0.011475023092350703,0.009496297497816848,0.055342835714108765
TR-002785,TR-C01812,2023-08-30,1,other,2,EDUCATIONAL_EXAMPLE,OOF,0.3283685840012949,0.21360847353935242,0.4080138779623613,0.31666364516766954,0.35941252685660907,0.300038375943548
TR-002877,TR-C05095,2023-08-30,0,other,2,EDUCATIONAL_EXAMPLE,OOF,0.037380535939461584,0.044062986969947815,0.011315064904184479,0.030919529271197958,0.01950204542062531,0.05887486594200673
TR-006877,TR-C01582,2023-08-30,0,central,2,EDUCATIONAL_EXAMPLE,OOF,0.01423750420542613,0.019412320107221603,0.006130838365400709,0.013260220892682814,0.009451208800855933,0.05547942340590997
TR-008375,TR-C00686,2023-08-30,0,other,2,EDUCATIONAL_EXAMPLE,OOF,0.06576772095738148,0.07159364223480225,0.10171193623874523,0.07969109981030965,0.09418236273775948,0.0855121634786863
TR-009019,TR-C00186,2023-08-30,0,western,2,EDUCATIONAL_EXAMPLE,OOF,0.02444840070265585,0.03895232453942299,0.03555413478515785,0.03298495334241223,0.036403682223724136,0.06349955141436141
TR-009927,TR-C00013,2023-08-30,0,eastern,2,EDUCATIONAL_EXAMPLE,OOF,0.017486100162096355,0.023578975349664688,0.011965340955000403,0.01767680548892048,0.014868749553666474,0.057049457282546255
TR-001213,TR-C05666,2023-08-31,0,other,2,EDUCATIONAL_EXAMPLE,OOF,0.036139037800039804,0.03601539134979248,0.06822562773753472,0.046793352295788994,0.06017306864059917,0.07177862043687205
TR-002532,TR-C04124,2023-08-31,0,western,2,EDUCATIONAL_EXAMPLE,OOF,0.01044555836255454,0.014679847285151482,0.006929800766181985,0.010685068804629336,0.00886731239592436,0.05523431611919467
TR-003978,TR-C00910,2023-08-31,0,eastern,2,EDUCATIONAL_EXAMPLE,OOF,0.013163465214127663,0.025015216320753098,0.02317825338308253,0.020452311639321097,0.02363749411750017,0.059387814341409086
TR-006263,TR-C03121,2023-08-31,0,central,2,EDUCATIONAL_EXAMPLE,OOF,0.011132170126931034,0.023485075682401657,0.0063930267888713125,0.013670090866068,0.010666039012253898,0.05567498314191508
TR-007018,TR-C04409,2023-08-31,0,eastern,2,EDUCATIONAL_EXAMPLE,OOF,0.09507438671636109,0.17238536477088928,0.1877609932844715,0.1517402482572406,0.18391708615607594,0.1300733778477464
TR-008013,TR-C00868,2023-08-31,0,western,2,EDUCATIONAL_EXAMPLE,OOF,0.19538259483051876,0.21497584879398346,0.2966510329734168,0.23566982553263968,0.27623223692855847,0.2036423759758841
TR-008204,TR-C05122,2023-08-31,0,central,2,EDUCATIONAL_EXAMPLE,OOF,0.2833097788792113,0.3749460279941559,0.2039822322968412,0.28741267972340284,0.24672318122116987,0.18441748460963373
TR-000508,TR-C01422,2023-09-01,1,other,2,EDUCATIONAL_EXAMPLE,OOF,0.0973022996234657,0.16025884449481964,0.3513171900828341,0.2029594447337065,0.3035526036858305,0.2184257579509825
TR-000662,TR-C01903,2023-09-01,0,other,2,EDUCATIONAL_EXAMPLE,OOF,0.053912764149879375,0.08183810859918594,0.02895501797002633,0.05490196357303056,0.04217579062731623,0.06603667767046975
TR-001320,TR-C02461,2023-09-01,0,other,2,EDUCATIONAL_EXAMPLE,OOF,0.04887679772749293,0.06421694904565811,0.0711774668772146,0.06142373788345521,0.06943733741932548,0.07530759304037114
TR-003509,TR-C06085,2023-09-01,0,central,2,EDUCATIONAL_EXAMPLE,OOF,0.02367240624341054,0.02674727886915207,0.014199488968162085,0.0215397246935749,0.01733643644340958,0.05792918877949845
TR-004275,TR-C01880,2023-09-01,1,central,2,EDUCATIONAL_EXAMPLE,OOF,0.11414777701732289,0.07496417313814163,0.1264846401404359,0.10519886343196679,0.11360452338986232,0.096324484855069
TR-005304,TR-C05166,2023-09-01,0,central,2,EDUCATIONAL_EXAMPLE,OOF,0.06420747034646929,0.08956720679998398,0.10611674625478064,0.08663047446707796,0.10197936139108148,0.08843097097416674
TR-005614,TR-C04217,2023-09-01,0,eastern,2,EDUCATIONAL_EXAMPLE,OOF,0.028973461437908656,0.03307337313890457,0.03613617548087568,0.03272767001922964,0.035370474895382906,0.06340417150871079
TR-008839,TR-C03235,2023-09-01,0,other,2,EDUCATIONAL_EXAMPLE,OOF,0.05800602802823346,0.05903848260641098,0.11834182863587808,0.07846211309017417,0.10351599212851131,0.08914669973331163
TR-009379,TR-C03834,2023-09-01,0,central,2,EDUCATIONAL_EXAMPLE,OOF,0.06967624418968034,0.0775301530957222,0.09107984321037126,0.0794287468319246,0.08769242068170899,0.08302645253860176
TR-001862,TR-C00425,2023-09-02,0,eastern,2,EDUCATIONAL_EXAMPLE,OOF,0.027241115579014027,0.03141811117529869,0.03411476992537662,0.030924665559896442,0.033440605237857135,0.06276176483961289
TR-004687,TR-C01447,2023-09-02,0,other,2,EDUCATIONAL_EXAMPLE,OOF,0.006871297973002788,0.011890307068824768,0.002934247390623849,0.007231950810817136,0.005173262310174079,0.054147250272937764
TR-004874,TR-C03728,2023-09-02,0,central,2,EDUCATIONAL_EXAMPLE,OOF,0.13731920996412122,0.18791918456554413,0.1873916072201303,0.1708766672499319,0.18752350155648376,0.13501068402275643
TR-000701,TR-C06202,2023-09-03,0,western,2,EDUCATIONAL_EXAMPLE,OOF,0.17311812396885976,0.1407703310251236,0.43120594521470246,0.24836480006956194,0.35859704166730777,0.281343875189424
TR-002975,TR-C04276,2023-09-03,0,western,2,EDUCATIONAL_EXAMPLE,OOF,0.012883219505727505,0.016045769676566124,0.002488268083003341,0.010472419088432322,0.005877643481394037,0.05449669974319316
TR-003353,TR-C01715,2023-09-03,0,eastern,2,EDUCATIONAL_EXAMPLE,OOF,0.050451084386848984,0.05289022624492645,0.06649645836653605,0.05661258966610383,0.06309490033613364,0.0732297145095359
TR-004636,TR-C01648,2023-09-03,0,central,2,EDUCATIONAL_EXAMPLE,OOF,0.48380772605992933,0.4237350523471832,0.30221232941041215,0.4032517026058416,0.3325930101446049,0.2846653826260959
TR-005359,TR-C05550,2023-09-03,0,other,2,EDUCATIONAL_EXAMPLE,OOF,0.14203902170954483,0.13296543061733246,0.16469154038203182,0.14656533090296972,0.15676001294085698,0.11859543944775489
TR-007642,TR-C03343,2023-09-03,0,central,2,EDUCATIONAL_EXAMPLE,OOF,0.05736908585881924,0.04761426895856857,0.09479099619125331,0.0665914503362137,0.08299681438308212,0.08095622037517447
TR-007759,TR-C04237,2023-09-03,0,central,2,EDUCATIONAL_EXAMPLE,OOF,0.034251978906167754,0.043534621596336365,0.06764757531821962,0.04847805860690791,0.0616193368877488,0.07212312216516215
TR-008117,TR-C01636,2023-09-03,0,eastern,2,EDUCATIONAL_EXAMPLE,OOF,0.01964580427607899,0.031715184450149536,0.012169167435066564,0.021176718720431698,0.017055671688837308,0.05766931516998292
TR-009017,TR-C06474,2023-09-03,1,eastern,2,EDUCATIONAL_EXAMPLE,OOF,0.07454884855853461,0.04237500578165054,0.0701489779659343,0.06235761076870649,0.06320548491986336,0.07441925293661279
TR-001571,TR-C01623,2023-09-04,0,western,2,EDUCATIONAL_EXAMPLE,OOF,0.05870206484588079,0.04966224357485771,0.06668226117362175,0.058348856531453414,0.06242725677393074,0.07338119714331416
TR-003075,TR-C04648,2023-09-04,0,other,2,EDUCATIONAL_EXAMPLE,OOF,0.21253990687464405,0.13457201421260834,0.23525613891512578,0.19412268666745938,0.21008510773949643,0.1565241818626452
TR-003512,TR-C03002,2023-09-04,0,western,2,EDUCATIONAL_EXAMPLE,OOF,0.015131023315478677,0.027623604983091354,0.010869757927345135,0.01787479540863839,0.01505821969128169,0.056988730727803825
TR-005402,TR-C05307,2023-09-04,0,central,2,EDUCATIONAL_EXAMPLE,OOF,0.016553421329471966,0.035854924470186234,0.03100474467462973,0.02780436349142931,0.03221728962351886,0.0619556237207485
TR-006008,TR-C03095,2023-09-04,0,eastern,2,EDUCATIONAL_EXAMPLE,OOF,0.04942077398914968,0.05401201546192169,0.007714712902554286,0.03704916745120855,0.019289038542396136,0.05914839745595529
TR-007645,TR-C04491,2023-09-04,0,eastern,2,EDUCATIONAL_EXAMPLE,OOF,0.0439502498550753,0.037978194653987885,0.04097523495904856,0.04096789315603725,0.04022597488278339,0.06544862767799467
TR-008677,TR-C04246,2023-09-04,0,central,2,EDUCATIONAL_EXAMPLE,OOF,0.009354470682582897,0.01402238942682743,0.005827353776665112,0.009734737962025146,0.007876112689205692,0.05493557389914991
TR-008822,TR-C02703,2023-09-04,0,central,2,EDUCATIONAL_EXAMPLE,OOF,0.08360679260685751,0.07742206752300262,0.10565088326279086,0.08889324779755033,0.0985936793278438,0.08815003862959866
TR-008832,TR-C05716,2023-09-04,0,central,2,EDUCATIONAL_EXAMPLE,OOF,0.027715865340784768,0.02358572743833065,0.012644408147009824,0.021315333642041745,0.01537973796984003,0.05754104002052936
TR-001348,TR-C00573,2023-09-05,0,eastern,2,EDUCATIONAL_EXAMPLE,OOF,0.03929642355261331,0.030124500393867493,0.02151940043395072,0.03031344146014384,0.023670675423929914,0.06027885181806872
TR-001688,TR-C01088,2023-09-05,0,western,2,EDUCATIONAL_EXAMPLE,OOF,0.022528536678590134,0.056409433484077454,0.04386126789528942,0.040933079352652335,0.046998309292486426,0.06661089933251675
TR-003207,TR-C06179,2023-09-05,0,western,2,EDUCATIONAL_EXAMPLE,OOF,0.02471112832264008,0.022744301706552505,0.009413284272805108,0.018956238100665896,0.012746038631241957,0.05670845959517473
TR-003462,TR-C00227,2023-09-05,0,eastern,2,EDUCATIONAL_EXAMPLE,OOF,0.05220161810677077,0.03613629937171936,0.030654528953208398,0.03966414881056617,0.03202497155783614,0.06321196074385453
TR-003815,TR-C04842,2023-09-05,0,central,2,EDUCATIONAL_EXAMPLE,OOF,0.010176778239476564,0.02118360437452793,0.012530048859864477,0.014630143824622988,0.014693437738530341,0.05677341524516323
TR-004285,TR-C00720,2023-09-05,0,other,2,EDUCATIONAL_EXAMPLE,OOF,0.03702962570076474,0.07601138949394226,0.059591698846107405,0.0575442380136048,0.06369662150806613,0.0726257183302379
TR-006576,TR-C03564,2023-09-05,0,other,2,EDUCATIONAL_EXAMPLE,OOF,0.06729846088837377,0.03844030201435089,0.0302541365331218,0.04533096647861549,0.032300677903429074,0.06384171731763753
TR-009078,TR-C05786,2023-09-05,0,central,2,EDUCATIONAL_EXAMPLE,OOF,0.08056726729860571,0.15998265147209167,0.09606012067330331,0.11220334648133357,0.1120407533730004,0.09268359233189485
TR-002707,TR-C05946,2023-09-06,0,western,2,EDUCATIONAL_EXAMPLE,OOF,0.01878029454025037,0.02320140227675438,0.01827768351500243,0.02008646011066906,0.019508613205440416,0.05840950036894517
TR-003926,TR-C02490,2023-09-06,0,western,2,EDUCATIONAL_EXAMPLE,OOF,0.01186732686415546,0.01892576366662979,0.0114755310396699,0.01408954052348505,0.013338089196409872,0.05647262498963763
TR-004144,TR-C06322,2023-09-06,0,western,2,EDUCATIONAL_EXAMPLE,OOF,0.06118889486753993,0.07887035608291626,0.06473611063198668,0.06826512052748096,0.06826967199471907,0.07526573141708819
TR-005353,TR-C01182,2023-09-06,0,eastern,2,EDUCATIONAL_EXAMPLE,OOF,0.03647020162340032,0.04235726594924927,0.027930677723785418,0.035586048432145,0.03153732478015138,0.06242205777717292
TR-005898,TR-C06483,2023-09-06,0,central,2,EDUCATIONAL_EXAMPLE,OOF,0.02745235375279056,0.045503027737140656,0.013651484964828287,0.02886895548491984,0.02161437065790638,0.05912499030545491
TR-006605,TR-C04303,2023-09-06,0,eastern,2,EDUCATIONAL_EXAMPLE,OOF,0.037666436765862094,0.061754290014505386,0.07654391202911143,0.05865487960315963,0.07284650652545992,0.07608071766400124
TR-007844,TR-C03632,2023-09-06,0,other,2,EDUCATIONAL_EXAMPLE,OOF,0.017074531977317307,0.023782828822731972,0.013181549171285993,0.01801296999044509,0.015831869084147486,0.057303764775373245
TR-007872,TR-C06360,2023-09-06,0,central,2,EDUCATIONAL_EXAMPLE,OOF,0.022291914279339603,0.038815781474113464,0.03139326798431923,0.030833654579257436,0.03324889635676779,0.062452532066350215
TR-000042,TR-C01887,2023-09-07,0,central,2,EDUCATIONAL_EXAMPLE,OOF,0.008518129556664731,0.018976327031850815,0.0027023767679914628,0.010065611118835669,0.006770864333956301,0.05457083176199805
TR-001556,TR-C04406,2023-09-07,1,western,2,EDUCATIONAL_EXAMPLE,OOF,0.3498644988629923,0.42207884788513184,0.5513547789283151,0.44109937522547976,0.5190357961675193,0.4910030994818955
TR-007173,TR-C04327,2023-09-07,0,western,2,EDUCATIONAL_EXAMPLE,OOF,0.01996107637919011,0.020449623465538025,0.018074831831681838,0.019495177225469992,0.018668529740145885,0.05823400001279715
TR-007312,TR-C05274,2023-09-07,0,other,2,EDUCATIONAL_EXAMPLE,OOF,0.007252695632495682,0.011891494505107403,0.004845757448523604,0.007996649195375563,0.006607191712669554,0.05454281483584951
TR-008575,TR-C00667,2023-09-07,0,other,2,EDUCATIONAL_EXAMPLE,OOF,0.038047528330688335,0.0467478483915329,0.07830272422181095,0.05436603364801073,0.07041400526424144,0.07537597083884276
TR-009004,TR-C02525,2023-09-07,1,central,2,EDUCATIONAL_EXAMPLE,OOF,0.17165079967167146,0.1693800687789917,0.3940046306755551,0.24501183304207275,0.3378484902014142,0.2590151943009457
TR-000269,TR-C05730,2023-09-08,0,central,2,EDUCATIONAL_EXAMPLE,OOF,0.30178845085340417,0.4051685333251953,0.23085966214829146,0.3126055487756303,0.2744368799425174,0.20822611718672565
TR-002619,TR-C03920,2023-09-08,1,western,2,EDUCATIONAL_EXAMPLE,OOF,0.04749311185780936,0.048364702612161636,0.05660568816477274,0.05082116754491458,0.05454544177661996,0.07019338501797893
TR-002950,TR-C05993,2023-09-08,0,central,2,EDUCATIONAL_EXAMPLE,OOF,0.3701822450443848,0.23208478093147278,0.12031800272183563,0.24086167623256438,0.14825969727424493,0.1276688106038571
TR-007437,TR-C04818,2023-09-08,0,western,2,EDUCATIONAL_EXAMPLE,OOF,0.02084611090300715,0.06142115220427513,0.03262620031658418,0.03829782114128882,0.03982493828850692,0.06421793705381196
TR-008892,TR-C05603,2023-09-08,0,eastern,2,EDUCATIONAL_EXAMPLE,OOF,0.13085344411199573,0.05990080162882805,0.08828692069165192,0.09301372214415855,0.08119039092594596,0.08359774954008893
TR-009276,TR-C01702,2023-09-08,0,central,2,EDUCATIONAL_EXAMPLE,OOF,0.039277804827318324,0.12209030240774155,0.05883131731936508,0.07339980818480832,0.0746460635914592,0.07614829913240491
TR-009346,TR-C01006,2023-09-08,0,western,2,EDUCATIONAL_EXAMPLE,OOF,0.039527649544221805,0.03157978504896164,0.025020501146422895,0.032042645246535446,0.02666032212205758,0.06116090725260084
TR-001399,TR-C04918,2023-09-09,0,eastern,2,EDUCATIONAL_EXAMPLE,OOF,0.030957241524171144,0.036522481590509415,0.04394293693812723,0.037140886684269264,0.04208782310122278,0.06555412185364692
TR-002316,TR-C05078,2023-09-09,0,other,2,EDUCATIONAL_EXAMPLE,OOF,0.01123838063193386,0.015348021872341633,0.009860909138235226,0.012149103880836907,0.011232687321761827,0.05590059755599086
TR-003691,TR-C06258,2023-09-09,0,western,2,EDUCATIONAL_EXAMPLE,OOF,0.029142164138205133,0.024054421111941338,0.011870415394991157,0.021689000215045873,0.014916416824228701,0.05745520213496033
TR-006980,TR-C06107,2023-09-09,0,central,2,EDUCATIONAL_EXAMPLE,OOF,0.039276741956705,0.05696794390678406,0.030025193477840786,0.042089959780443276,0.03676088108507661,0.0640002760855549
TR-008399,TR-C05205,2023-09-09,0,other,2,EDUCATIONAL_EXAMPLE,OOF,0.044368687782292505,0.04053114354610443,0.035979714924451844,0.040293182084282925,0.03711757207986499,0.06445869883359784
TR-002371,TR-C04049,2023-09-10,0,central,2,EDUCATIONAL_EXAMPLE,OOF,0.014902535298366236,0.026497017592191696,0.012083587039835532,0.017827713310131155,0.015686944677924572,0.05716641146208843
TR-003963,TR-C02208,2023-09-10,1,western,2,EDUCATIONAL_EXAMPLE,OOF,0.0626149965748086,0.07921475917100906,0.08801484980999683,0.07661486851860483,0.08581482715024988,0.08193099685719682
TR-005079,TR-C01629,2023-09-10,0,other,2,EDUCATIONAL_EXAMPLE,OOF,0.06524262978359253,0.08710326999425888,0.1692269738675177,0.10719095788178971,0.148696047899203,0.11017412295343144
TR-007440,TR-C04577,2023-09-10,0,other,2,EDUCATIONAL_EXAMPLE,OOF,0.018608067303513994,0.04725659266114235,0.043906519386485945,0.03659039311704743,0.04474403770515005,0.06582161300502798
TR-007860,TR-C04478,2023-09-10,0,western,2,EDUCATIONAL_EXAMPLE,OOF,0.012912509146505555,0.02796165645122528,0.009347704285846633,0.01674062329452582,0.014001192327191294,0.056616516750397965
TR-007870,TR-C04517,2023-09-10,0,other,2,EDUCATIONAL_EXAMPLE,OOF,0.04354046253963431,0.0704195499420166,0.06359081908680526,0.05918361052281873,0.0652980018006081,0.07352674332534104
TR-009097,TR-C05574,2023-09-10,1,western,2,EDUCATIONAL_EXAMPLE,OOF,0.1853225077323102,0.20021267235279083,0.23967225058853606,0.20840247689121236,0.22980735602959976,0.1667073150910717
TR-009180,TR-C02539,2023-09-10,0,other,2,EDUCATIONAL_EXAMPLE,OOF,0.019073621863311605,0.01783572882413864,0.04241986568198185,0.02644307212314403,0.03627383146752104,0.06345393728570932
TR-009786,TR-C02615,2023-09-10,0,eastern,2,EDUCATIONAL_EXAMPLE,OOF,0.045716973744835666,0.0344405360519886,0.04639262253503944,0.04218337744395456,0.043404600914276725,0.06657036804079038
TR-002253,TR-C00648,2023-09-11,0,other,2,EDUCATIONAL_EXAMPLE,OOF,0.16209710486846465,0.13527418673038483,0.11253570305675138,0.13663566488520026,0.11822032397515975,0.1002957375337684
TR-003205,TR-C00496,2023-09-11,0,other,2,EDUCATIONAL_EXAMPLE,OOF,0.016966832297895813,0.021137487143278122,0.017267584309442096,0.01845730125020534,0.0182350600179011,0.058001465746941726
TR-003577,TR-C04343,2023-09-11,0,other,2,EDUCATIONAL_EXAMPLE,OOF,0.006120615964923114,0.00883838627487421,0.0014931189842435416,0.005484040408013622,0.0033294358069012086,0.05365842106853571
TR-003648,TR-C04166,2023-09-11,1,western,2,EDUCATIONAL_EXAMPLE,OOF,0.15841318473842245,0.12358535081148148,0.1419206725600402,0.1413064027033147,0.13733684212290054,0.10958109607674411
TR-006505,TR-C02835,2023-09-11,1,central,2,EDUCATIONAL_EXAMPLE,OOF,0.20175191565390674,0.19524206221103668,0.20727011439224832,0.20142136408573055,0.20426310134694542,0.15047776222136244
TR-008538,TR-C05965,2023-09-11,0,western,2,EDUCATIONAL_EXAMPLE,OOF,0.04058037430660387,0.0679815262556076,0.049079198595707973,0.05254703305263982,0.05380478051068288,0.06946156750299352
TR-008540,TR-C03015,2023-09-11,0,central,2,EDUCATIONAL_EXAMPLE,OOF,0.10386278825555488,0.13876797258853912,0.08136568281522441,0.10799881455310616,0.0957162552585531,0.08720838972853809
TR-009181,TR-C05901,2023-09-11,0,western,2,EDUCATIONAL_EXAMPLE,OOF,0.12340590249060064,0.12752264738082886,0.07440023001679283,0.10844292662940742,0.08768083435780183,0.08502687345949458
TR-009729,TR-C04763,2023-09-11,0,central,2,EDUCATIONAL_EXAMPLE,OOF,0.2630202947010587,0.22411634027957916,0.31125642217519833,0.2661310190519454,0.28947140170129354,0.222069558657217
TR-009769,TR-C05943,2023-09-11,0,eastern,2,EDUCATIONAL_EXAMPLE,OOF,0.021021512211080517,0.025490909814834595,0.02072709737710816,0.022413173134341092,0.021918050486539768,0.05916113591208448
TR-002410,TR-C05743,2023-09-12,0,eastern,2,EDUCATIONAL_EXAMPLE,OOF,0.3765893429112212,0.36140176653862,0.35187028280875104,0.36328713075286406,0.3542531537412183,0.2959577879059639
TR-003071,TR-C01609,2023-09-12,0,central,2,EDUCATIONAL_EXAMPLE,OOF,0.021176266436862448,0.023100553080439568,0.03161345813048786,0.02529675921592996,0.02948523186797579,0.061417013303954784
TR-003612,TR-C04172,2023-09-12,0,other,2,EDUCATIONAL_EXAMPLE,OOF,0.1735700697131658,0.09951761364936829,0.2685404564153506,0.1805427132592949,0.22628474572385504,0.16532076067830193
TR-003879,TR-C04960,2023-09-12,0,central,2,EDUCATIONAL_EXAMPLE,OOF,0.09842555443848396,0.06324388086795807,0.05216677183892928,0.07127873571512376,0.054936049096186476,0.07229736770140117
TR-005321,TR-C01440,2023-09-12,0,central,2,EDUCATIONAL_EXAMPLE,OOF,0.014615706624602777,0.019729621708393097,0.005120552375332962,0.013155293569442944,0.008772819708597996,0.055304708887497486
TR-006632,TR-C02462,2023-09-12,0,central,2,EDUCATIONAL_EXAMPLE,OOF,0.11776959148320627,0.061260707676410675,0.03668326302651099,0.0719045207287093,0.04282762418898591,0.06898442106346693
TR-006857,TR-C04150,2023-09-12,0,central,2,EDUCATIONAL_EXAMPLE,OOF,0.022685543802367283,0.02684476599097252,0.019735767961860367,0.023088692585066725,0.021513017469138404,0.059090533447377844
TR-007381,TR-C03405,2023-09-12,0,eastern,2,EDUCATIONAL_EXAMPLE,OOF,0.04363916377061018,0.044169146567583084,0.05342862746447469,0.04707897926755598,0.051113757240251786,0.06892363089610216
TR-007974,TR-C04194,2023-09-12,0,western,2,EDUCATIONAL_EXAMPLE,OOF,0.5485187747606511,0.40317660570144653,0.2699606653352307,0.4072186819324428,0.3032646504267847,0.26308840625265517
TR-008155,TR-C00654,2023-09-12,0,western,2,EDUCATIONAL_EXAMPLE,OOF,0.04274440391997052,0.05400170385837555,0.09409862712956898,0.06361491163597167,0.08407439631177063,0.08061414083546482
TR-009946,TR-C04918,2023-09-12,0,eastern,2,EDUCATIONAL_EXAMPLE,OOF,0.011857506807648287,0.016762951388955116,0.009137083036521637,0.012585847077708346,0.011043550124630007,0.05585764039841088
TR-000121,TR-C06075,2023-09-13,0,central,2,EDUCATIONAL_EXAMPLE,OOF,0.05182185098324509,0.039595261216163635,0.0417393635630078,0.044385491920805514,0.04120333797629676,0.06604997114030099
TR-003184,TR-C04390,2023-09-13,0,central,2,EDUCATIONAL_EXAMPLE,OOF,0.4602757237608235,0.39688512682914734,0.544721830596694,0.4672942270622216,0.5077626546548073,0.49471928701506307
TR-003710,TR-C02488,2023-09-13,0,central,2,EDUCATIONAL_EXAMPLE,OOF,0.13816148114189583,0.10483285039663315,0.08886973783403568,0.11062135645752154,0.09286051597468505,0.08817256528795278
TR-003772,TR-C02984,2023-09-13,0,western,2,EDUCATIONAL_EXAMPLE,OOF,0.013987223376846587,0.024667907506227493,0.01419953623592762,0.017618222373000567,0.016816629053502587,0.05746809657430351
TR-006455,TR-C01459,2023-09-13,0,central,2,EDUCATIONAL_EXAMPLE,OOF,0.032607150257797014,0.04091377183794975,0.044280244929206396,0.03926705567498439,0.04343862665639223,0.0660075957284558
TR-000918,TR-C06127,2023-09-14,0,central,2,EDUCATIONAL_EXAMPLE,OOF,0.046321654639324084,0.08566443622112274,0.09080690668456107,0.07426433251500263,0.08952128906870149,0.08253503130049421
TR-003520,TR-C05211,2023-09-14,0,central,2,EDUCATIONAL_EXAMPLE,OOF,0.006110594475698229,0.01270348485559225,0.001842326786943207,0.006885468706077895,0.004557616304105468,0.053952567453806465
TR-004011,TR-C03540,2023-09-14,0,eastern,2,EDUCATIONAL_EXAMPLE,OOF,0.009806488571421879,0.01560026966035366,0.003174468699484556,0.009527075643753364,0.006280918939701832,0.05450846232975321
TR-005513,TR-C02014,2023-09-14,0,central,2,EDUCATIONAL_EXAMPLE,OOF,0.023266773324567006,0.029826108366250992,0.024732782046465458,0.025941887912427814,0.026006113626411843,0.0603974961863453
TR-009776,TR-C01763,2023-09-14,0,eastern,2,EDUCATIONAL_EXAMPLE,OOF,0.026478674033500387,0.04356302320957184,0.03726282609108384,0.03576817444471869,0.03883787537070584,0.0642901765218531
TR-009885,TR-C04979,2023-09-14,0,western,2,EDUCATIONAL_EXAMPLE,OOF,0.053445618845353246,0.052690811455249786,0.03488808745848983,0.047008172586364284,0.03933876845767982,0.06539197115355783
TR-009996,TR-C00287,2023-09-14,0,western,2,EDUCATIONAL_EXAMPLE,OOF,0.07546265142209292,0.14780233800411224,0.07657835805010618,0.09994778249210379,0.0943843530386077,0.08514298563508131
TR-000106,TR-C06431,2023-09-15,0,other,2,EDUCATIONAL_EXAMPLE,OOF,0.030672810716609804,0.03505991771817207,0.025474446835450748,0.03040239175674421,0.02787081455613108,0.061170859792933394
TR-000811,TR-C03573,2023-09-15,1,western,2,EDUCATIONAL_EXAMPLE,OOF,0.04670331534763281,0.07108975946903229,0.08197645398120029,0.0665898429326218,0.07925478035315829,0.07876349039057647
TR-002466,TR-C01713,2023-09-15,0,central,2,EDUCATIONAL_EXAMPLE,OOF,0.20779912262377603,0.24481095373630524,0.14098913972781565,0.1978664053626323,0.16694459322993804,0.1268776609887487
TR-002770,TR-C01084,2023-09-15,0,other,2,EDUCATIONAL_EXAMPLE,OOF,0.020358325769017166,0.024719446897506714,0.01787649402523618,0.02098475556392002,0.019587232243303814,0.05847367385385041
TR-002912,TR-C03480,2023-09-15,0,other,2,EDUCATIONAL_EXAMPLE,OOF,0.030002422128362335,0.028788261115550995,0.02760754260522398,0.028799408616379103,0.027902722232805734,0.06121233441540912
TR-003829,TR-C06071,2023-09-15,0,eastern,2,EDUCATIONAL_EXAMPLE,OOF,0.03254508620970892,0.029673811048269272,0.005428564757232709,0.022549154005070297,0.01148987632999185,0.056565380163523034
TR-005155,TR-C03503,2023-09-15,0,central,2,EDUCATIONAL_EXAMPLE,OOF,0.053751024067485054,0.06715922057628632,0.05994641231679504,0.060285552320188805,0.06174961438166786,0.07274641879110132
TR-008448,TR-C03983,2023-09-15,0,other,2,EDUCATIONAL_EXAMPLE,OOF,0.02613035572082182,0.024681493639945984,0.03491891423745757,0.028576921199408457,0.03235955908807967,0.062452439183378936
TR-009059,TR-C01142,2023-09-15,0,western,2,EDUCATIONAL_EXAMPLE,OOF,0.140670046567484,0.18919377028942108,0.25504580117035935,0.1949698726757548,0.23858279345012479,0.16939473337275673
TR-000735,TR-C05083,2023-09-16,0,other,2,EDUCATIONAL_EXAMPLE,OOF,0.038783387288226785,0.06476810574531555,0.09181667473130227,0.06512272258828154,0.08505453248480559,0.08068249787150437
TR-000963,TR-C00293,2023-09-16,0,western,2,EDUCATIONAL_EXAMPLE,OOF,0.01952565447978423,0.026805169880390167,0.044228952329239145,0.03018659222980451,0.0398730067170269,0.06450809190157235
TR-001130,TR-C02360,2023-09-16,0,western,2,EDUCATIONAL_EXAMPLE,OOF,0.025567926179904582,0.02755543775856495,0.00865543014181775,0.02059293136009576,0.01338043204600455,0.05687388979327099
TR-005279,TR-C05729,2023-09-16,0,other,2,EDUCATIONAL_EXAMPLE,OOF,0.01279684235909606,0.0202702097594738,0.016883214358793728,0.016650088825787862,0.017729963208963747,0.057722430415352376
TR-005650,TR-C01453,2023-09-16,0,other,2,EDUCATIONAL_EXAMPLE,OOF,0.007508638157813133,0.010629955679178238,0.0020395398359682984,0.006726044557653223,0.004187143796770783,0.05391571107039391
TR-007161,TR-C03478,2023-09-16,0,western,2,EDUCATIONAL_EXAMPLE,OOF,0.0348520466716309,0.05514010414481163,0.05641210565288035,0.04880141882310762,0.05609410527586317,0.0701302618204021
TR-009299,TR-C01815,2023-09-16,0,western,2,EDUCATIONAL_EXAMPLE,OOF,0.14079666576302868,0.09928473830223083,0.16716219050841358,0.13574786485789103,0.1501928274568679,0.11552788664366091
TR-000156,TR-C02846,2023-09-17,0,other,2,EDUCATIONAL_EXAMPLE,OOF,0.01953514423381136,0.03494757413864136,0.05033720902855126,0.034939975800334665,0.04648980030607378,0.06653743088118794
TR-000278,TR-C06385,2023-09-17,0,central,2,EDUCATIONAL_EXAMPLE,OOF,0.03346820415206053,0.03708868846297264,0.019011925210669727,0.029856272608567633,0.023531116023745455,0.05996894922891209
TR-004191,TR-C04237,2023-09-17,0,central,2,EDUCATIONAL_EXAMPLE,OOF,0.07236521784414064,0.09691926836967468,0.06750928613922219,0.0789312574510125,0.07486178169683531,0.07799008741004161
TR-006599,TR-C02341,2023-09-17,0,other,2,EDUCATIONAL_EXAMPLE,OOF,0.02901643507950637,0.0366559661924839,0.03764343355342667,0.034438611608472315,0.03739656671319098,0.06400088931240426
TR-006607,TR-C05015,2023-09-17,0,central,2,EDUCATIONAL_EXAMPLE,OOF,0.03757331249228284,0.04510648176074028,0.018948503870806786,0.03387609937460997,0.025487998343290158,0.06062121311847103
TR-007881,TR-C03856,2023-09-17,0,eastern,2,EDUCATIONAL_EXAMPLE,OOF,0.04518550672423974,0.040907278656959534,0.017652110297729617,0.0345816318929763,0.023465902387537096,0.06033343881321423
TR-009138,TR-C06235,2023-09-17,0,other,2,EDUCATIONAL_EXAMPLE,OOF,0.019772143315574062,0.030223168432712555,0.031714850814585915,0.027236720854290842,0.031341930219117575,0.06186004629437631
TR-009915,TR-C03862,2023-09-17,0,western,2,EDUCATIONAL_EXAMPLE,OOF,0.046887227807657625,0.048789143562316895,0.10902228502927844,0.06823288546641765,0.09396399966253804,0.0847742581668205
TR-000698,TR-C03258,2023-09-18,0,central,2,EDUCATIONAL_EXAMPLE,OOF,0.29712018351099007,0.3256247043609619,0.360045476972722,0.32759678828155797,0.351440283819782,0.2837905802227187
TR-003324,TR-C00351,2023-09-18,0,central,2,EDUCATIONAL_EXAMPLE,OOF,0.05435304108346173,0.05879170075058937,0.04900069731271958,0.05404847971559023,0.05144844817218703,0.0693231772507798
TR-006151,TR-C04256,2023-09-18,0,other,2,EDUCATIONAL_EXAMPLE,OOF,0.021587135136155892,0.027869105339050293,0.0202108599330804,0.023222366802762195,0.02212542128457287,0.05922037388529301
TR-007427,TR-C05664,2023-09-18,0,western,2,EDUCATIONAL_EXAMPLE,OOF,0.08687167349512409,0.09708437323570251,0.18460093806931405,0.12285232826671355,0.16272179686091115,0.11878833809289456
TR-007812,TR-C04704,2023-09-18,0,eastern,2,EDUCATIONAL_EXAMPLE,OOF,0.05903081262084782,0.07885567098855972,0.04157775199902664,0.05982141186947806,0.050897231746409914,0.06912669376978729
TR-009162,TR-C03383,2023-09-18,0,western,2,EDUCATIONAL_EXAMPLE,OOF,0.008902031687411603,0.014103882946074009,0.00702760220270651,0.010011172278730709,0.008796672388548385,0.05516912459537072
TR-000877,TR-C06311,2023-09-19,0,central,2,EDUCATIONAL_EXAMPLE,OOF,0.026773758041877167,0.03076469898223877,0.052423511352442366,0.036653989458852766,0.04700880825989147,0.06703054248821055
TR-001031,TR-C05021,2023-09-19,0,central,2,EDUCATIONAL_EXAMPLE,OOF,0.04168973646206274,0.06754273921251297,0.02837493824019702,0.045869137971590916,0.038166888483276006,0.06443187861709215
TR-002196,TR-C06251,2023-09-19,0,eastern,2,EDUCATIONAL_EXAMPLE,OOF,0.01678436248640096,0.02448536641895771,0.016467882278777064,0.01924587039471191,0.018472253313822226,0.05803405227892137
TR-002642,TR-C01670,2023-09-19,0,central,2,EDUCATIONAL_EXAMPLE,OOF,0.01376518932484325,0.017162200063467026,0.007834584828356183,0.012920658072222153,0.010166488637133894,0.055677475612848
TR-004007,TR-C02114,2023-09-19,0,western,2,EDUCATIONAL_EXAMPLE,OOF,0.03320871021221607,0.030968844890594482,0.040334073059258436,0.03483720938735633,0.03799276601709245,0.06439914307879521
TR-004325,TR-C06269,2023-09-19,0,central,2,EDUCATIONAL_EXAMPLE,OOF,0.03943329596177159,0.03132876381278038,0.04231268046775741,0.03769158008076979,0.03956670130401315,0.06512903645615913
TR-004374,TR-C05493,2023-09-19,0,western,2,EDUCATIONAL_EXAMPLE,OOF,0.038150192862895616,0.05026776343584061,0.05671944334051029,0.048379133213082175,0.055106523364342866,0.06998056671336614
TR-004732,TR-C02715,2023-09-19,0,central,2,EDUCATIONAL_EXAMPLE,OOF,0.02661155254587929,0.03561697155237198,0.006193660044016171,0.022807394714089147,0.013549487921105123,0.056888859810085825
TR-007682,TR-C06322,2023-09-19,0,western,2,EDUCATIONAL_EXAMPLE,OOF,0.029743954350959386,0.03626970946788788,0.048889792327934875,0.03830115204892738,0.04573477161292312,0.06668037381530523
TR-007791,TR-C01801,2023-09-19,0,other,2,EDUCATIONAL_EXAMPLE,OOF,0.026201176904780844,0.03443507105112076,0.04521012440857516,0.03528212412149225,0.042516361069211556,0.06552703598808808
TR-008417,TR-C01445,2023-09-19,0,western,2,EDUCATIONAL_EXAMPLE,OOF,0.04016855900216969,0.035704489797353745,0.06040698940610083,0.04542667940187475,0.054231364503914053,0.06991501523968097
TR-008732,TR-C03019,2023-09-19,0,western,2,EDUCATIONAL_EXAMPLE,OOF,0.028147792244739726,0.03317420184612274,0.02326132560365059,0.028194439898171022,0.02573954466426863,0.060463734889929746
TR-009652,TR-C02846,2023-09-19,0,other,2,EDUCATIONAL_EXAMPLE,OOF,0.06494269170529006,0.05580209940671921,0.11193984770953605,0.07756154627384844,0.09790541063383185,0.08719299072973583
TR-009772,TR-C01330,2023-09-19,0,western,2,EDUCATIONAL_EXAMPLE,OOF,0.055568671378936986,0.10919971764087677,0.07617872849723104,0.08031570583901493,0.08443397578314246,0.08071340697322692
TR-000588,TR-C04076,2023-09-20,0,western,2,EDUCATIONAL_EXAMPLE,OOF,0.019183509729832703,0.024159835651516914,0.048016418544342424,0.030453254641897343,0.04205227282113605,0.06520740261202632
TR-000940,TR-C00710,2023-09-20,0,other,2,EDUCATIONAL_EXAMPLE,OOF,0.011295639528656682,0.01717687025666237,0.00711894015431246,0.011863816646543839,0.009633422679899938,0.055450235597429724
TR-002731,TR-C04657,2023-09-20,0,central,2,EDUCATIONAL_EXAMPLE,OOF,0.08619254408375072,0.05359598621726036,0.0076522662346818204,0.0491469321785643,0.019138196230326456,0.06041004334657183
TR-003580,TR-C03330,2023-09-20,0,other,2,EDUCATIONAL_EXAMPLE,OOF,0.027792164246195385,0.03728285804390907,0.07424853915437035,0.046441187148158265,0.06500711887675503,0.07310109417350368
TR-003659,TR-C00621,2023-09-20,0,eastern,2,EDUCATIONAL_EXAMPLE,OOF,0.03408323064505925,0.04728242754936218,0.0782464143214695,0.05320402417196365,0.07050541762844267,0.07522935076381929
TR-003662,TR-C00776,2023-09-20,0,western,2,EDUCATIONAL_EXAMPLE,OOF,0.03505906186742934,0.048528943210840225,0.09414226356779244,0.05924342288202067,0.08273893347855439,0.07980753188305402
TR-004233,TR-C04776,2023-09-20,0,other,2,EDUCATIONAL_EXAMPLE,OOF,0.07215890534676,0.06583569943904877,0.09143239547227075,0.07647566675269317,0.08503322146396525,0.08223504917483819
TR-004425,TR-C02433,2023-09-20,0,eastern,2,EDUCATIONAL_EXAMPLE,OOF,0.3337069382736599,0.3678637146949768,0.5100756372030124,0.40388209672388303,0.4745226565760035,0.43310375204704643
TR-004925,TR-C00025,2023-09-20,0,western,2,EDUCATIONAL_EXAMPLE,OOF,0.05694215115321157,0.09797866642475128,0.11813974507821778,0.0910201875520602,0.11309947541485116,0.0927083207219414
TR-005225,TR-C03201,2023-09-20,0,other,2,EDUCATIONAL_EXAMPLE,OOF,0.019685296704674376,0.029043186455965042,0.026518985524600677,0.0250824895617467,0.02715003575744177,0.06061433328900035
TR-005452,TR-C00491,2023-09-20,0,central,2,EDUCATIONAL_EXAMPLE,OOF,0.02041176193522285,0.02123585157096386,0.011235112148263822,0.017627575218150178,0.01373529700393883,0.0568515141650935
TR-006973,TR-C05658,2023-09-20,0,eastern,2,EDUCATIONAL_EXAMPLE,OOF,0.024095395048444854,0.02640673890709877,0.029490485603548753,0.026664206519697458,0.028719548929436258,0.06126394367436335
TR-000815,TR-C02645,2023-09-21,0,western,2,EDUCATIONAL_EXAMPLE,OOF,0.22047003608945787,0.20228317379951477,0.23986133920844496,0.22087151636580585,0.2304667978562124,0.17024456634585552
TR-003058,TR-C01466,2023-09-21,0,western,2,EDUCATIONAL_EXAMPLE,OOF,0.01663749837677066,0.019262095913290977,0.013881531849669419,0.016593708713243685,0.015226672865574808,0.057157149746570254
TR-003856,TR-C05398,2023-09-21,0,central,2,EDUCATIONAL_EXAMPLE,OOF,0.012839453643511464,0.025916902348399162,0.010391425363503438,0.01638259378513802,0.01427279460972737,0.05670660286391012
TR-004459,TR-C04086,2023-09-21,0,other,2,EDUCATIONAL_EXAMPLE,OOF,0.051468829770477564,0.03340975195169449,0.017623748001106623,0.034167443241092894,0.02157024898875359,0.060065846502093345
TR-005720,TR-C03169,2023-09-21,0,western,2,EDUCATIONAL_EXAMPLE,OOF,0.24719612416853523,0.32371777296066284,0.18568336533096796,0.252199087486722,0.22019196723839168,0.16254210428596932
TR-000308,TR-C00648,2023-09-22,0,other,2,EDUCATIONAL_EXAMPLE,OOF,0.05347063940620909,0.07137805223464966,0.0401783397617138,0.055009010467524176,0.04797826787994776,0.06800802437458753
TR-003559,TR-C02202,2023-09-22,0,central,2,EDUCATIONAL_EXAMPLE,OOF,0.0436859658821698,0.0353616401553154,0.027653872161239174,0.03556715939957479,0.02958081415975823,0.06215704603286207
TR-003748,TR-C02560,2023-09-22,0,eastern,2,EDUCATIONAL_EXAMPLE,OOF,0.08775378320837758,0.162978395819664,0.09627596640634867,0.11566938181146341,0.1129515737596775,0.09342601567765826
TR-003841,TR-C06180,2023-09-22,0,western,2,EDUCATIONAL_EXAMPLE,OOF,0.008664561656354215,0.010933640412986279,0.003481648694248212,0.007693283587862902,0.005344646623932728,0.054258511242945104
TR-003883,TR-C06096,2023-09-22,0,eastern,2,EDUCATIONAL_EXAMPLE,OOF,0.08608124015506714,0.044052042067050934,0.0661242537877248,0.06541917866994762,0.06060620085755633,0.07397186141347964
TR-006800,TR-C06206,2023-09-22,0,other,2,EDUCATIONAL_EXAMPLE,OOF,0.07820192880977082,0.10622120648622513,0.13825197574084852,0.10755837034561483,0.1302442834271927,0.10158486073765942
TR-007900,TR-C04019,2023-09-22,0,central,2,EDUCATIONAL_EXAMPLE,OOF,0.016885537375908748,0.02276400290429592,0.009987226179891394,0.01654558882003202,0.013181420360992525,0.05656584231215421
TR-008050,TR-C06129,2023-09-22,0,western,2,EDUCATIONAL_EXAMPLE,OOF,0.1680836765909132,0.13471509516239166,0.11402781101167006,0.13894219425499163,0.11919963204935047,0.10110640379742776
TR-001389,TR-C05932,2023-09-23,0,eastern,2,EDUCATIONAL_EXAMPLE,OOF,0.025209942649698003,0.025712035596370697,0.016764624788768716,0.022562201011612475,0.01900147749066921,0.05846572789388106
TR-001873,TR-C00345,2023-09-23,0,western,2,EDUCATIONAL_EXAMPLE,OOF,0.29772696480351224,0.29831841588020325,0.2008617463348118,0.2656357090061758,0.22522591372115966,0.1711559036397962
TR-002122,TR-C03344,2023-09-23,0,other,2,EDUCATIONAL_EXAMPLE,OOF,0.02010948078768089,0.02404957264661789,0.018228850423524533,0.020795967952607772,0.01968403097929787,0.0584985146098116
TR-003426,TR-C02804,2023-09-23,0,western,2,EDUCATIONAL_EXAMPLE,OOF,0.006019684039037537,0.012200245633721352,0.006013115035288625,0.008077681569349172,0.007559897684896806,0.054756153456977825
TR-003718,TR-C00309,2023-09-23,0,eastern,2,EDUCATIONAL_EXAMPLE,OOF,0.0724926791902624,0.037418827414512634,0.02467564008108716,0.04486238222862073,0.027861436914443528,0.06267710389830689
TR-005669,TR-C02255,2023-09-23,0,western,2,EDUCATIONAL_EXAMPLE,OOF,0.04841475653296687,0.026224493980407715,0.007934871979867829,0.027524707497747474,0.0125072774800028,0.057415969190354625
TR-006812,TR-C01839,2023-09-23,0,other,2,EDUCATIONAL_EXAMPLE,OOF,0.025009694235941786,0.03798123449087143,0.03855765014815636,0.03384952629165653,0.038413546233835125,0.06415427141093828
TR-007039,TR-C04908,2023-09-23,0,western,2,EDUCATIONAL_EXAMPLE,OOF,0.00646498473794111,0.011149301193654537,0.0026526753915086104,0.0067556537743680865,0.004776831842045092,0.0540345857310076
TR-009816,TR-C00350,2023-09-23,0,central,2,EDUCATIONAL_EXAMPLE,OOF,0.019641421030885023,0.021977445110678673,0.012965212683954749,0.018194692941839483,0.01521827079063573,0.057234005960986725
TR-001501,TR-C00435,2023-09-24,0,eastern,2,EDUCATIONAL_EXAMPLE,OOF,0.0572791988126749,0.08275983482599258,0.10188206850728188,0.08064036738198312,0.09710151008695955,0.08614698225238199
TR-003187,TR-C00960,2023-09-24,0,western,2,EDUCATIONAL_EXAMPLE,OOF,0.2497903834260375,0.2112627774477005,0.18461681396017732,0.21522332494463844,0.1912783048320581,0.1454654420764283
TR-003569,TR-C03722,2023-09-24,0,eastern,2,EDUCATIONAL_EXAMPLE,OOF,0.10629983459973127,0.07981681823730469,0.04369324667835743,0.07660329983846446,0.05272413956809424,0.07168758857031977
TR-005982,TR-C02554,2023-09-24,0,western,2,EDUCATIONAL_EXAMPLE,OOF,0.017726450216973163,0.02305874228477478,0.009511064710902696,0.01676541907088355,0.012897984104370716,0.05651302456787141
TR-008388,TR-C02469,2023-09-24,0,central,2,EDUCATIONAL_EXAMPLE,OOF,0.021572430768725042,0.038022421300411224,0.014731289008211048,0.024775380359115775,0.02055407208126109,0.058678678856804056
TR-009198,TR-C05258,2023-09-24,0,other,2,EDUCATIONAL_EXAMPLE,OOF,0.026525968701523104,0.04128580912947655,0.0998231075555058,0.05587829512883515,0.08518878294899848,0.08043354814710743
TR-002142,TR-C00527,2023-09-25,0,western,2,EDUCATIONAL_EXAMPLE,OOF,0.021257587589378665,0.027738327160477638,0.027563249227220286,0.025519721325692194,0.027607018710534625,0.06081796544986495
TR-002658,TR-C02923,2023-09-25,0,western,2,EDUCATIONAL_EXAMPLE,OOF,0.01698519086130076,0.020502310246229172,0.009428237776258513,0.015638579627929482,0.012196755893751177,0.056315276727510764
TR-004018,TR-C00872,2023-09-25,0,eastern,2,EDUCATIONAL_EXAMPLE,OOF,0.007808587672602608,0.02003265544772148,0.005419122541130184,0.01108678855381809,0.00907250576777801,0.05515977592883195
TR-005512,TR-C00902,2023-09-25,0,eastern,2,EDUCATIONAL_EXAMPLE,OOF,0.03363330755726987,0.031724460422992706,0.014809091801731225,0.026722286593997932,0.019037933957046595,0.058717172907338896
TR-005902,TR-C06474,2023-09-25,0,eastern,2,EDUCATIONAL_EXAMPLE,OOF,0.035740125516387396,0.022646138444542885,0.012776957208253087,0.02372107372306112,0.015244252517325536,0.05778542654184392
TR-006579,TR-C01539,2023-09-25,0,eastern,2,EDUCATIONAL_EXAMPLE,OOF,0.03636552459466245,0.07263939082622528,0.08231875654118087,0.06377455732068953,0.07989891511244197,0.0785167709245012
TR-007279,TR-C00662,2023-09-25,0,eastern,2,EDUCATIONAL_EXAMPLE,OOF,0.03343603528634196,0.047624897211790085,0.043544741453415595,0.04153522465051588,0.04456478039300922,0.06633705997824994
TR-009942,TR-C06416,2023-09-25,0,other,2,EDUCATIONAL_EXAMPLE,OOF,0.020930131341749942,0.028617529198527336,0.015583654903386552,0.021710438481221273,0.01884212347717175,0.05824711292458501
TR-001730,TR-C03971,2023-09-26,0,central,2,EDUCATIONAL_EXAMPLE,OOF,0.07801267712170176,0.11021952331066132,0.05576953494465249,0.08133391179233852,0.0693820320361547,0.07606961241127781
TR-002147,TR-C04854,2023-09-26,0,other,2,EDUCATIONAL_EXAMPLE,OOF,0.006648666159811001,0.011336632072925568,0.004765552793845735,0.007583617008860768,0.006408322613615693,0.05447436327839457
TR-004402,TR-C04133,2023-09-26,1,central,2,EDUCATIONAL_EXAMPLE,OOF,0.3068250646351797,0.4258002042770386,0.7112468625596514,0.4812907104906232,0.6398851979889982,0.637556731948652
TR-005235,TR-C03697,2023-09-26,0,other,2,EDUCATIONAL_EXAMPLE,OOF,0.04999626360307504,0.031035153195261955,0.041502774437617004,0.04084473041198467,0.03888586912702824,0.065321716224851
TR-005597,TR-C00911,2023-09-26,0,eastern,2,EDUCATIONAL_EXAMPLE,OOF,0.06645753579757982,0.03447818383574486,0.027847433734370902,0.04292771778923186,0.02950512125971439,0.06298354198756624
TR-003073,TR-C05659,2023-09-27,0,eastern,2,EDUCATIONAL_EXAMPLE,OOF,0.0074280080157297194,0.014064572751522064,0.003991590541882248,0.008494723769711344,0.006509836094292202,0.054504933082580455
TR-003141,TR-C00427,2023-09-27,0,other,2,EDUCATIONAL_EXAMPLE,OOF,0.08937312285419408,0.09180847555398941,0.09900066349716403,0.0933940873017825,0.09720261651137038,0.08768131573229918
TR-005100,TR-C05046,2023-09-27,1,western,2,EDUCATIONAL_EXAMPLE,OOF,0.012916446294312767,0.023623496294021606,0.009161996108611558,0.015233979565648642,0.01277737115496407,0.056313633786494253
TR-008301,TR-C05757,2023-09-27,0,other,2,EDUCATIONAL_EXAMPLE,OOF,0.05112518807948142,0.054370466619729996,0.03390274178070173,0.04646613215997105,0.0390196729904588,0.06518549632334787
TR-008673,TR-C03102,2023-09-27,0,other,2,EDUCATIONAL_EXAMPLE,OOF,0.10565698268778362,0.10504989326000214,0.07810403078171269,0.09627030224316614,0.08484049640128505,0.08329671700864856
TR-000059,TR-C06313,2023-09-28,0,central,2,EDUCATIONAL_EXAMPLE,OOF,0.05339880712550083,0.10449592769145966,0.12475826860696788,0.09421766780797612,0.11969268337809083,0.09535225504976573
TR-000739,TR-C04923,2023-09-28,0,central,2,EDUCATIONAL_EXAMPLE,OOF,0.01550592003402912,0.01947401836514473,0.009617288342334327,0.014865742247169392,0.012081470848036928,0.05624245580812975
TR-000889,TR-C03576,2023-09-28,0,western,2,EDUCATIONAL_EXAMPLE,OOF,0.027579289912902698,0.03702586889266968,0.02395658808730724,0.02952058229762654,0.027223908288647847,0.06084891166460893
TR-000922,TR-C04796,2023-09-28,0,central,2,EDUCATIONAL_EXAMPLE,OOF,0.17215228481910283,0.14115454256534576,0.08331813231848847,0.13220831990097903,0.09777723488020279,0.091551450019695
TR-001039,TR-C04458,2023-09-28,0,western,2,EDUCATIONAL_EXAMPLE,OOF,0.04220842669022927,0.03590349107980728,0.03291299720924335,0.0370083049930933,0.033660620676884336,0.06334511022448114
TR-001148,TR-C04415,2023-09-28,0,central,2,EDUCATIONAL_EXAMPLE,OOF,0.05073114259106656,0.052472542971372604,0.037718278812604464,0.04697398812501454,0.041406844852296495,0.06594901447638354
TR-001620,TR-C01622,2023-09-28,0,eastern,2,EDUCATIONAL_EXAMPLE,OOF,0.017340894466824453,0.019177855923771858,0.006848683660718377,0.014455811350438228,0.009930976726481747,0.055715006681000274
TR-002626,TR-C01929,2023-09-28,0,other,2,EDUCATIONAL_EXAMPLE,OOF,0.01391660477195323,0.020383967086672783,0.004759787408389009,0.013020119755671675,0.008665832327959953,0.055247323217721155
TR-004038,TR-C01584,2023-09-28,0,central,2,EDUCATIONAL_EXAMPLE,OOF,0.03220127799510036,0.028120258823037148,0.03855057547194071,0.03295737076335941,0.03594299630971482,0.06374849653347264
TR-007929,TR-C00626,2023-09-28,0,central,2,EDUCATIONAL_EXAMPLE,OOF,0.0954557799400751,0.072933129966259,0.03042526708221509,0.0662713923295164,0.04105223280322607,0.06738894217202722
TR-009537,TR-C04862,2023-09-28,0,other,2,EDUCATIONAL_EXAMPLE,OOF,0.37876850608736273,0.2735237777233124,0.33332477530179994,0.32853901970415833,0.3183745259071781,0.26151250767467005
TR-000783,TR-C00023,2023-09-29,0,western,2,EDUCATIONAL_EXAMPLE,OOF,0.018208274051697042,0.026067059487104416,0.018239726487713426,0.02083835334217163,0.020196559737561175,0.05856203901698422
TR-000876,TR-C03685,2023-09-29,1,central,2,EDUCATIONAL_EXAMPLE,OOF,0.2237319876444529,0.16685053706169128,0.2815858796324945,0.22405613477954622,0.25290204398979366,0.18852233773125487
TR-003030,TR-C03041,2023-09-29,0,eastern,2,EDUCATIONAL_EXAMPLE,OOF,0.008122242543945283,0.015412898734211922,0.009647880737878724,0.011061007338678644,0.011089135236962023,0.055757225948568724
TR-003689,TR-C01162,2023-09-29,0,other,2,EDUCATIONAL_EXAMPLE,OOF,0.02327979401471301,0.026373399421572685,0.029715775583890023,0.02645632300672524,0.02888018154331069,0.06128273512526909
TR-003870,TR-C00728,2023-09-29,0,other,2,EDUCATIONAL_EXAMPLE,OOF,0.04126066963596345,0.05514821782708168,0.030506635201613175,0.04230517422155277,0.0366670308579803,0.06406294985260581
TR-004911,TR-C02268,2023-09-29,0,eastern,2,EDUCATIONAL_EXAMPLE,OOF,0.010681257383902625,0.01771344430744648,0.005607816117408489,0.011334172602919197,0.008634223164917987,0.0551541698759434
TR-009049,TR-C03204,2023-09-29,1,western,2,EDUCATIONAL_EXAMPLE,OOF,0.41460154478062433,0.27540427446365356,0.2115226611640083,0.30050949346942873,0.22749306448891962,0.18415326269705964
TR-009156,TR-C05007,2023-09-29,0,eastern,2,EDUCATIONAL_EXAMPLE,OOF,0.05106668568639798,0.046656541526317596,0.03080696556215254,0.0428433975916227,0.0347693595531938,0.06392124363723942
TR-000113,TR-C01852,2023-09-30,0,western,2,EDUCATIONAL_EXAMPLE,OOF,0.062061079562339284,0.04752717912197113,0.06371180334344591,0.05776668734258544,0.05966564728807722,0.07257532342443238
TR-000990,TR-C03558,2023-09-30,0,other,2,EDUCATIONAL_EXAMPLE,OOF,0.06279299325051851,0.05976906418800354,0.046316158462111796,0.056292738633544614,0.049679384893584734,0.06906330966016042
TR-001083,TR-C02686,2023-09-30,0,western,2,EDUCATIONAL_EXAMPLE,OOF,0.07896550727163117,0.05845639109611511,0.04302096390085615,0.0601476207562008,0.04687982069967089,0.06879601461978543
TR-001347,TR-C05723,2023-09-30,0,central,2,EDUCATIONAL_EXAMPLE,OOF,0.02497066687017753,0.061284467577934265,0.054529848684707685,0.04692832771093983,0.056218503408014334,0.06970515595044778
TR-002810,TR-C03614,2023-09-30,0,eastern,2,EDUCATIONAL_EXAMPLE,OOF,0.01703743993190751,0.019982928410172462,0.010993206993086027,0.016004525111722002,0.013240637347357635,0.05661055349586522
TR-002820,TR-C03514,2023-09-30,0,other,2,EDUCATIONAL_EXAMPLE,OOF,0.03118169845869865,0.030603891238570213,0.042166013916945244,0.03465053453807137,0.039275483247351486,0.06472832563967461
TR-003626,TR-C01643,2023-09-30,0,western,2,EDUCATIONAL_EXAMPLE,OOF,0.1893943831303918,0.09945262223482132,0.09015855055361757,0.12633518530627688,0.09248206847391852,0.09070926055463296
TR-004241,TR-C03467,2023-09-30,0,eastern,2,EDUCATIONAL_EXAMPLE,OOF,0.03154858551381087,0.03790012747049332,0.028517195431247457,0.03265530280518388,0.030862928441058923,0.062076916150167465
TR-005603,TR-C03072,2023-09-30,0,eastern,2,EDUCATIONAL_EXAMPLE,OOF,0.025099806022475635,0.028401196002960205,0.031463336119915496,0.02832144604845045,0.03069780109067667,0.061876941569201975
TR-006107,TR-C01600,2023-09-30,0,other,2,EDUCATIONAL_EXAMPLE,OOF,0.029541591327450833,0.032721009105443954,0.039918010586564336,0.034060203673153044,0.03811876021628424,0.06428304404607375
TR-001829,TR-C01062,2024-01-01,0,eastern,3,EDUCATIONAL_EXAMPLE,OOF,0.05049359762640944,0.0768679529428482,0.06928886922422743,0.0655501399311617,0.06459005132477294,0.060932733564627264
TR-002668,TR-C02839,2024-01-01,0,eastern,3,EDUCATIONAL_EXAMPLE,OOF,0.07470115315456241,0.061609864234924316,0.0516280174540986,0.06264634494786177,0.05739630137921455,0.0571920027652723
TR-005371,TR-C05135,2024-01-01,0,other,3,EDUCATIONAL_EXAMPLE,OOF,0.043717941244073306,0.04957589879631996,0.04330332423511088,0.045532388091834713,0.043406978487351484,0.05333971590083503
TR-007009,TR-C05862,2024-01-01,0,other,3,EDUCATIONAL_EXAMPLE,OOF,0.08175709516410835,0.07342562824487686,0.08102443005885204,0.07873571782261242,0.08120759633516612,0.06490516295898532
TR-007400,TR-C06071,2024-01-01,0,eastern,3,EDUCATIONAL_EXAMPLE,OOF,0.011991127966008864,0.017061853781342506,0.004579439512841573,0.011210807086730981,0.006432361626133396,0.043337314182441584
TR-008220,TR-C05436,2024-01-01,0,central,3,EDUCATIONAL_EXAMPLE,OOF,0.02012423943738815,0.018423816189169884,0.010222055039422391,0.016256703555326806,0.012697601138913831,0.044616800694874684
TR-009670,TR-C04690,2024-01-01,0,western,3,EDUCATIONAL_EXAMPLE,OOF,0.014217977094109439,0.019452303647994995,0.012829518497070178,0.015499933079724868,0.013176633146329993,0.04489035195657757
TR-000182,TR-C00495,2024-01-02,0,eastern,3,EDUCATIONAL_EXAMPLE,OOF,0.009089650054659512,0.008505301550030708,0.0010415808421545686,0.006212177482281596,0.0030535981452808046,0.042227792850637554
TR-000222,TR-C03892,2024-01-02,0,other,3,EDUCATIONAL_EXAMPLE,OOF,0.07906188077869859,0.10244672000408173,0.08666058853332174,0.08938972977203402,0.08476091159466595,0.0684322983502758
TR-000975,TR-C02769,2024-01-02,0,central,3,EDUCATIONAL_EXAMPLE,OOF,0.07618376976733668,0.11521396785974503,0.13585365131779742,0.10908379631495972,0.12093618093018224,0.08264282470511342
TR-002840,TR-C00818,2024-01-02,0,western,3,EDUCATIONAL_EXAMPLE,OOF,0.021887535756217692,0.03334517031908035,0.028003260234385513,0.02774532210322785,0.026474329114843556,0.048583692093958235
TR-003217,TR-C02863,2024-01-02,0,eastern,3,EDUCATIONAL_EXAMPLE,OOF,0.014731246060712933,0.016668345779180527,0.018165444673839744,0.01652167883791107,0.01730689502055804,0.04564620384437135
TR-003340,TR-C05419,2024-01-02,0,eastern,3,EDUCATIONAL_EXAMPLE,OOF,0.040732525310112254,0.05006994307041168,0.04975629254125631,0.04685292030726009,0.047500350733470295,0.054515547031788084
TR-003907,TR-C01536,2024-01-02,0,other,3,EDUCATIONAL_EXAMPLE,OOF,0.023147020913969626,0.026676218956708908,0.023360523741154323,0.024394587870610954,0.023307148034358148,0.04742185044287169
TR-005785,TR-C02638,2024-01-02,0,western,3,EDUCATIONAL_EXAMPLE,OOF,0.03078418308854711,0.03517554700374603,0.02262393172692916,0.029527887273074097,0.024663994567333647,0.04808151281448058
TR-007735,TR-C02269,2024-01-02,0,central,3,EDUCATIONAL_EXAMPLE,OOF,0.025333850029457698,0.04009169712662697,0.023116542386940338,0.029514029847675,0.023670869297569678,0.04824624187311587
TR-007800,TR-C00309,2024-01-02,0,eastern,3,EDUCATIONAL_EXAMPLE,OOF,0.009948974653497845,0.01646709442138672,0.007861611246212537,0.0114258934403657,0.008383452098033865,0.04376197770497915
TR-000867,TR-C00915,2024-01-03,1,western,3,EDUCATIONAL_EXAMPLE,OOF,0.029550733667485934,0.02065296471118927,0.0077517129541020205,0.019318470444259075,0.013201468132447998,0.044671586336860115
TR-000912,TR-C00133,2024-01-03,0,central,3,EDUCATIONAL_EXAMPLE,OOF,0.012331712675674712,0.013349218294024467,0.005090008933157185,0.010256979967618788,0.006900434868786567,0.043233921120933216
TR-001956,TR-C00937,2024-01-03,0,eastern,3,EDUCATIONAL_EXAMPLE,OOF,0.02030882789037934,0.02240469492971897,0.016674274172638868,0.019795932330912393,0.017582912602073987,0.04592176083921078
TR-002118,TR-C02666,2024-01-03,0,eastern,3,EDUCATIONAL_EXAMPLE,OOF,0.015653094795797715,0.021498393267393112,0.021788728664376804,0.01964673890918921,0.020254820197232033,0.04656863838193315
TR-002167,TR-C02376,2024-01-03,0,western,3,EDUCATIONAL_EXAMPLE,OOF,0.017006781919047243,0.028403017669916153,0.023296782293810474,0.022902193960924622,0.02172428220011967,0.04727623491397623
TR-003243,TR-C04572,2024-01-03,0,eastern,3,EDUCATIONAL_EXAMPLE,OOF,0.10200838383946946,0.11783169209957123,0.08940662577745168,0.10308223390549746,0.09255706529295613,0.07167237876055987
TR-004838,TR-C03696,2024-01-03,0,other,3,EDUCATIONAL_EXAMPLE,OOF,0.02196736132193026,0.029484005644917488,0.02424486299287595,0.025232076653241235,0.02367548757513953,0.047694459023574685
TR-006358,TR-C03345,2024-01-03,0,eastern,3,EDUCATIONAL_EXAMPLE,OOF,0.10483770737454218,0.1303665190935135,0.07423833520127947,0.10314752055644505,0.08188817824459514,0.06904547953274873
TR-006598,TR-C03707,2024-01-03,0,western,3,EDUCATIONAL_EXAMPLE,OOF,0.011919301882554549,0.02128036506474018,0.023120491459355325,0.01877338613555002,0.02032019406515513,0.04664456603832756
TR-006718,TR-C03791,2024-01-03,0,other,3,EDUCATIONAL_EXAMPLE,OOF,0.02771494563620155,0.040997788310050964,0.053021762472677036,0.04057816547297652,0.046695058263558166,0.05400139391797345
TR-000025,TR-C03478,2024-01-04,0,western,3,EDUCATIONAL_EXAMPLE,OOF,0.007470001098621161,0.010840862058103085,0.0017016065042398775,0.006670823220321374,0.0031437051528351986,0.04239692863778087
TR-000640,TR-C06470,2024-01-04,0,eastern,3,EDUCATIONAL_EXAMPLE,OOF,0.009463605787371609,0.0164717435836792,0.0036278347554695284,0.009854394708840112,0.005086777513445048,0.043065636630909974
TR-001223,TR-C01968,2024-01-04,0,other,3,EDUCATIONAL_EXAMPLE,OOF,0.0682362282057754,0.046350616961717606,0.1974588501005578,0.10401523175601694,0.1651531946268622,0.09416149881908958
TR-001626,TR-C00351,2024-01-04,0,central,3,EDUCATIONAL_EXAMPLE,OOF,0.018335449339622282,0.02779669314622879,0.021511149696199598,0.022547764060683557,0.02071722460705527,0.04698189644238462
TR-002925,TR-C06238,2024-01-04,0,eastern,3,EDUCATIONAL_EXAMPLE,OOF,0.01183348265199127,0.016138345003128052,0.007086997756870108,0.01168627513732981,0.008273618980650398,0.04368584774039756
TR-003261,TR-C01974,2024-01-04,0,western,3,EDUCATIONAL_EXAMPLE,OOF,0.022889497027038578,0.03014296665787697,0.025433657961373975,0.026155373882096506,0.024797617727790128,0.047977734023197945
TR-003293,TR-C04076,2024-01-04,0,western,3,EDUCATIONAL_EXAMPLE,OOF,0.1262117873203751,0.10172796994447708,0.13028393920797754,0.11940789882427656,0.12926590123607692,0.08290976527506749
TR-006659,TR-C05654,2024-01-04,0,western,3,EDUCATIONAL_EXAMPLE,OOF,0.10310117481293926,0.12493375688791275,0.14021467639228538,0.12274986936437914,0.13093630099744885,0.08667839637192673
TR-007118,TR-C00555,2024-01-04,0,eastern,3,EDUCATIONAL_EXAMPLE,OOF,0.01739041254267537,0.023010272532701492,0.008868387342900885,0.016423024139425917,0.010998893642844506,0.044545808856480525
TR-007889,TR-C02104,2024-01-04,0,central,3,EDUCATIONAL_EXAMPLE,OOF,0.026619580046498118,0.03371356427669525,0.050007772805596054,0.03678030570959647,0.04416072461582157,0.05289293532618279
TR-000343,TR-C03547,2024-01-05,0,central,3,EDUCATIONAL_EXAMPLE,OOF,0.2432107635726012,0.13286858797073364,0.09226136885274062,0.15611357346535848,0.12999871753270578,0.0822991907826112
TR-007680,TR-C02782,2024-01-05,1,western,3,EDUCATIONAL_EXAMPLE,OOF,0.6395291875409739,0.6610571146011353,0.799407277766807,0.6999978599696387,0.7594377552103487,0.7914673301589191
TR-008672,TR-C03860,2024-01-05,0,western,3,EDUCATIONAL_EXAMPLE,OOF,0.012208062867960804,0.019366644322872162,0.01818824247397759,0.016587649888270186,0.016693197572473395,0.045707733909337
TR-009282,TR-C01048,2024-01-05,0,western,3,EDUCATIONAL_EXAMPLE,OOF,0.03388619933184879,0.03605145961046219,0.039826049918701145,0.03658790295367071,0.03834108727198805,0.05139996583448515
TR-002103,TR-C00024,2024-01-06,0,eastern,3,EDUCATIONAL_EXAMPLE,OOF,0.04045555689895213,0.027188174426555634,0.021580256834820413,0.029741329386776063,0.02629908185085334,0.04780363365104848
TR-003055,TR-C04553,2024-01-06,0,other,3,EDUCATIONAL_EXAMPLE,OOF,0.09491809631085885,0.0664624273777008,0.11492288789963485,0.09210113719606483,0.10992169000244086,0.07347504927464231
TR-003647,TR-C04563,2024-01-06,0,central,3,EDUCATIONAL_EXAMPLE,OOF,0.025341193596158787,0.026937853544950485,0.010182083937888354,0.02082037702633254,0.013971861352455962,0.04526796871235147
TR-005156,TR-C02832,2024-01-06,1,central,3,EDUCATIONAL_EXAMPLE,OOF,0.11858302015867357,0.1422850340604782,0.3184409301694649,0.19310299479620555,0.26847645266676706,0.16373222783252064
TR-006831,TR-C00893,2024-01-06,0,central,3,EDUCATIONAL_EXAMPLE,OOF,0.01348015017843491,0.020583314821124077,0.02400505990074407,0.019356174966767684,0.02137383247016678,0.04681589161780065
TR-008799,TR-C02602,2024-01-06,0,eastern,3,EDUCATIONAL_EXAMPLE,OOF,0.04232471228660589,0.06716186553239822,0.054555539506489184,0.05468070577516443,0.051497832701518365,0.05671067920114646
TR-004164,TR-C05389,2024-01-07,0,western,3,EDUCATIONAL_EXAMPLE,OOF,0.008295878368989712,0.009507251903414726,0.0018793226270418946,0.006560817633148777,0.003483461562528849,0.042383793481402116
TR-004714,TR-C05492,2024-01-07,0,western,3,EDUCATIONAL_EXAMPLE,OOF,0.07473741141522319,0.092093326151371,0.10011465925140649,0.08898179893933356,0.09377034729236067,0.07070218684796295
TR-005139,TR-C02672,2024-01-07,0,central,3,EDUCATIONAL_EXAMPLE,OOF,0.03407618077622093,0.0379486158490181,0.054256422457618615,0.04209373969428588,0.049211362037269196,0.054321359204460754
TR-006143,TR-C01266,2024-01-07,0,eastern,3,EDUCATIONAL_EXAMPLE,OOF,0.050150102769812,0.0355941541492939,0.0333273908369114,0.03969054925200576,0.03753306882013655,0.05082076713073524
TR-007602,TR-C03051,2024-01-07,0,eastern,3,EDUCATIONAL_EXAMPLE,OOF,0.0946891281955785,0.10321569442749023,0.10235023410861316,0.10008501891056064,0.1004349576303545,0.07336058446207397
TR-009193,TR-C03396,2024-01-07,0,central,3,EDUCATIONAL_EXAMPLE,OOF,0.011853984037057504,0.01629527658224106,0.008973420025148608,0.01237422688148239,0.009693561028125831,0.04400064596603289
TR-009714,TR-C02820,2024-01-07,0,other,3,EDUCATIONAL_EXAMPLE,OOF,0.056717013178694375,0.05736321955919266,0.06780982826738277,0.060630020335089935,0.06503662449521067,0.05949273597424241
TR-000736,TR-C03139,2024-01-08,0,eastern,3,EDUCATIONAL_EXAMPLE,OOF,0.025150409207051173,0.03607797250151634,0.02035955942175281,0.02719598037677344,0.0215572718680774,0.047518880193814186
TR-002597,TR-C03042,2024-01-08,1,western,3,EDUCATIONAL_EXAMPLE,OOF,0.4030694346117105,0.33189287781715393,0.4039395484771236,0.3796339536353293,0.40372202001077034,0.30649066757870297
TR-004359,TR-C04824,2024-01-08,0,other,3,EDUCATIONAL_EXAMPLE,OOF,0.01836830646382926,0.03542442247271538,0.04907043313904583,0.034287720691863484,0.041394901470241684,0.05247316107834422
TR-000372,TR-C04190,2024-01-09,0,eastern,3,EDUCATIONAL_EXAMPLE,OOF,0.11335474860708912,0.12108943611383438,0.15721984501486133,0.13055467657859496,0.14625357091291827,0.0923383936625841
TR-004194,TR-C01931,2024-01-09,0,central,3,EDUCATIONAL_EXAMPLE,OOF,0.19892877016783167,0.19272419810295105,0.21047974564053115,0.20071090463710461,0.2075920017723563,0.12838007535812718
TR-004473,TR-C03927,2024-01-09,0,eastern,3,EDUCATIONAL_EXAMPLE,OOF,0.09387825699717245,0.0975051000714302,0.053815494717820454,0.08173295059547438,0.06383118528765845,0.06112476048630494
TR-006937,TR-C05172,2024-01-09,0,eastern,3,EDUCATIONAL_EXAMPLE,OOF,0.03417820623422215,0.04390988126397133,0.03462060047311754,0.03756956265710368,0.03451000191339369,0.05092422481940096
TR-007944,TR-C04919,2024-01-09,0,other,3,EDUCATIONAL_EXAMPLE,OOF,0.01342273151577995,0.014085806906223297,0.013633665939611257,0.013714068120538167,0.01358093233365343,0.04470025845199867
TR-000148,TR-C05252,2024-01-10,1,other,3,EDUCATIONAL_EXAMPLE,OOF,0.45105647951862954,0.414634108543396,0.5161016003489133,0.4605973961369796,0.49984032014134233,0.44116433259019155
TR-003266,TR-C03443,2024-01-10,0,eastern,3,EDUCATIONAL_EXAMPLE,OOF,0.028836681608652506,0.033093202859163284,0.02446203951933781,0.028797307995717867,0.025555700041666483,0.04820926600777966
TR-003482,TR-C01997,2024-01-10,0,eastern,3,EDUCATIONAL_EXAMPLE,OOF,0.047657208488361795,0.04672294110059738,0.038997590655852274,0.04445924674827049,0.04116249511397965,0.05248954287512374
TR-004131,TR-C00342,2024-01-10,0,central,3,EDUCATIONAL_EXAMPLE,OOF,0.010834671672431304,0.011204593814909458,0.002882691775622924,0.008307319087654561,0.004870686749825019,0.04271791205100138
TR-006581,TR-C00639,2024-01-10,0,eastern,3,EDUCATIONAL_EXAMPLE,OOF,0.28296907901533486,0.3501289188861847,0.3715313119802825,0.33487643662726735,0.3493907537390456,0.265013351003356
TR-007422,TR-C02402,2024-01-10,0,western,3,EDUCATIONAL_EXAMPLE,OOF,0.04171852402250575,0.0534331277012825,0.03217898155119428,0.04244354442499418,0.03456386716902215,0.05136817348318424
TR-007772,TR-C02025,2024-01-10,0,western,3,EDUCATIONAL_EXAMPLE,OOF,0.013416440155851236,0.015881026163697243,0.0036407732831022603,0.010979413200883581,0.006084690001289504,0.04317445061320655
TR-008313,TR-C00232,2024-01-10,0,other,3,EDUCATIONAL_EXAMPLE,OOF,0.3085227930689341,0.23821452260017395,0.27263252921576236,0.2731232816282901,0.2816050951790553,0.1788557016254215
TR-008585,TR-C00658,2024-01-10,0,other,3,EDUCATIONAL_EXAMPLE,OOF,0.014637862237827537,0.029809381812810898,0.010527290619102906,0.018324844889913778,0.011554933523784065,0.04509363482811926
TR-009650,TR-C03938,2024-01-10,0,western,3,EDUCATIONAL_EXAMPLE,OOF,0.02259361646156719,0.03436439856886864,0.019800287254426147,0.025586100761620656,0.020498619556211406,0.04722461008350776
TR-001250,TR-C01414,2024-01-11,0,western,3,EDUCATIONAL_EXAMPLE,OOF,0.3693072426804491,0.2717350721359253,0.268161052857333,0.3030677892245692,0.293447600313112,0.19046148085350179
TR-002012,TR-C03038,2024-01-11,0,central,3,EDUCATIONAL_EXAMPLE,OOF,0.13549741568197018,0.1345614790916443,0.06871600976944105,0.11292496818101849,0.08541136124757333,0.06968926158960959
TR-003474,TR-C03808,2024-01-11,0,central,3,EDUCATIONAL_EXAMPLE,OOF,0.15831797746575266,0.11057624965906143,0.08617613279752512,0.11835678664077974,0.104211593964582,0.07341191882552729
TR-005555,TR-C03919,2024-01-11,0,western,3,EDUCATIONAL_EXAMPLE,OOF,0.10828063398731773,0.05805441737174988,0.05957350610118622,0.07530285248675128,0.07175028807271909,0.06020611515396825
TR-005874,TR-C01200,2024-01-11,0,western,3,EDUCATIONAL_EXAMPLE,OOF,0.048513735604683264,0.05769699066877365,0.0541133989843149,0.05344137508592394,0.05271348313940699,0.056252221034171955
TR-007057,TR-C04323,2024-01-11,0,other,3,EDUCATIONAL_EXAMPLE,OOF,0.020247530833152113,0.026152387261390686,0.02682904602867749,0.024409654707740095,0.025183667229796147,0.047888446188390936
TR-008693,TR-C05697,2024-01-11,0,other,3,EDUCATIONAL_EXAMPLE,OOF,0.0532137970871355,0.04629892483353615,0.04272456136071838,0.04741242776046334,0.045346870292322664,0.05342042773604422
TR-001949,TR-C00326,2024-01-12,0,western,3,EDUCATIONAL_EXAMPLE,OOF,0.20893034090217005,0.36815163493156433,0.22225180380776163,0.266444593213832,0.21892143808136375,0.1629325481358016
TR-004202,TR-C03049,2024-01-12,0,central,3,EDUCATIONAL_EXAMPLE,OOF,0.021184469572348243,0.02184983901679516,0.019465995517293007,0.020833434702145468,0.019895614031056816,0.0463981314988773
TR-005190,TR-C03042,2024-01-12,0,western,3,EDUCATIONAL_EXAMPLE,OOF,0.030125235852433388,0.044916074723005295,0.04533438609288093,0.040125232222773206,0.04153209853276904,0.0528559248543343
TR-009638,TR-C04503,2024-01-12,0,other,3,EDUCATIONAL_EXAMPLE,OOF,0.04939353656158277,0.03835446015000343,0.057383966399268474,0.04837732103695156,0.055386358939847044,0.055649820430521794
TR-009662,TR-C00697,2024-01-12,0,western,3,EDUCATIONAL_EXAMPLE,OOF,0.016826171938119656,0.016083447262644768,0.006513041994468282,0.013140887065077567,0.009091324480381125,0.0437667756822309
TR-000329,TR-C00575,2024-01-13,0,eastern,3,EDUCATIONAL_EXAMPLE,OOF,0.1525577270634105,0.1492423564195633,0.10238774426132269,0.1347292759147655,0.11493023996184465,0.08105601810207735
TR-001658,TR-C00026,2024-01-13,0,other,3,EDUCATIONAL_EXAMPLE,OOF,0.07763542895441114,0.10387776046991348,0.1676387018763272,0.11638396376688394,0.14513788364584818,0.09133664908314053
TR-002579,TR-C04948,2024-01-13,1,western,3,EDUCATIONAL_EXAMPLE,OOF,0.725473678488776,0.7506267428398132,0.6970956058791642,0.7243986757359178,0.7041901240315671,0.7550764695525055
TR-005166,TR-C00525,2024-01-13,0,central,3,EDUCATIONAL_EXAMPLE,OOF,0.05764563036412818,0.09286218136548996,0.11653657037519516,0.08901479403493777,0.10181383537242841,0.07405831348222897
TR-006308,TR-C03245,2024-01-13,0,central,3,EDUCATIONAL_EXAMPLE,OOF,0.04211535302369241,0.03843002766370773,0.03628277958962005,0.03894272009234006,0.03774092294813814,0.051220648093327145
TR-006471,TR-C05830,2024-01-13,0,eastern,3,EDUCATIONAL_EXAMPLE,OOF,0.061012978300049044,0.06960474699735641,0.11806713906013125,0.08289495478584556,0.1038035988701107,0.07262821968241191
TR-006771,TR-C05318,2024-01-13,0,other,3,EDUCATIONAL_EXAMPLE,OOF,0.026230920857817173,0.031172780320048332,0.05112997944260874,0.03617789354015808,0.044905214796410846,0.05293062553209289
TR-006790,TR-C03445,2024-01-13,0,western,3,EDUCATIONAL_EXAMPLE,OOF,0.02311150929496446,0.026008564978837967,0.022273417977959,0.02379783075058714,0.022482940807210364,0.047192570188872004
TR-009678,TR-C00261,2024-01-13,0,central,3,EDUCATIONAL_EXAMPLE,OOF,0.009873803880514695,0.016804812476038933,0.013665731012746702,0.013448115789766776,0.012717749229688699,0.04472614606558175
TR-002724,TR-C06112,2024-01-14,0,western,3,EDUCATIONAL_EXAMPLE,OOF,0.02313966149358845,0.033807605504989624,0.015016056548096237,0.023987774515558103,0.01704695778446929,0.046388431137643904
TR-006444,TR-C02352,2024-01-14,0,eastern,3,EDUCATIONAL_EXAMPLE,OOF,0.06702912952401872,0.06645426154136658,0.08518911927370576,0.07289083677969703,0.080649121836284,0.06458429514914545
TR-007108,TR-C01147,2024-01-14,0,central,3,EDUCATIONAL_EXAMPLE,OOF,0.010615740126308526,0.015105984173715115,0.009414863382303807,0.01171219589410915,0.009715082568304986,0.043964245719188486
TR-007326,TR-C04962,2024-01-14,0,other,3,EDUCATIONAL_EXAMPLE,OOF,0.019840795831161738,0.03107828088104725,0.01791977453541119,0.022946283749206726,0.018400029859348827,0.04660717033766415
TR-008009,TR-C01638,2024-01-14,0,eastern,3,EDUCATIONAL_EXAMPLE,OOF,0.04388131242690232,0.07607671618461609,0.04799882659091359,0.05598561840081067,0.046969448049910774,0.056040461060696906
TR-009424,TR-C04454,2024-01-14,0,western,3,EDUCATIONAL_EXAMPLE,OOF,0.03215613030674031,0.03423185274004936,0.0566762753999918,0.04102141948226049,0.05054623912667893,0.054473855668154714
TR-001432,TR-C03944,2024-01-15,0,eastern,3,EDUCATIONAL_EXAMPLE,OOF,0.06572017900844572,0.06029331684112549,0.021636489327194933,0.049216661725588716,0.03265741174750763,0.050803567091872545
TR-001727,TR-C00105,2024-01-15,0,central,3,EDUCATIONAL_EXAMPLE,OOF,0.06421412554121571,0.09156391024589539,0.09913617456587807,0.0849714034509964,0.09040566230971248,0.06982918088127318
TR-002201,TR-C05829,2024-01-15,0,other,3,EDUCATIONAL_EXAMPLE,OOF,0.03837493830545097,0.04618348926305771,0.07071816725217252,0.05175886494022706,0.06263236001549213,0.05846016699744222
TR-004647,TR-C01713,2024-01-15,0,central,3,EDUCATIONAL_EXAMPLE,OOF,0.03547081495011163,0.029957372695207596,0.04060841210855774,0.035345533251292326,0.039324012818946215,0.05123221384780747
TR-006048,TR-C05712,2024-01-15,0,central,3,EDUCATIONAL_EXAMPLE,OOF,0.19651989308683535,0.1676950752735138,0.13846022611681988,0.16755839815905635,0.15297514285932373,0.09727957431108461
TR-006998,TR-C01146,2024-01-15,0,other,3,EDUCATIONAL_EXAMPLE,OOF,0.016608691907952694,0.02737422101199627,0.05668795864929392,0.033556957189747626,0.04666814196395862,0.053356930113220596
TR-007937,TR-C04195,2024-01-15,1,central,3,EDUCATIONAL_EXAMPLE,OOF,0.1361736105579814,0.1360362321138382,0.15520110642247845,0.142470316364766,0.1504442324563542,0.09494035640189505
TR-009493,TR-C02744,2024-01-15,0,western,3,EDUCATIONAL_EXAMPLE,OOF,0.025245914169007868,0.030030395835638046,0.02007520409610305,0.025117171366916324,0.021367881614329252,0.047123565362663385
TR-009545,TR-C06267,2024-01-15,0,other,3,EDUCATIONAL_EXAMPLE,OOF,0.011658026328563116,0.011470796540379524,0.008614501344471533,0.010581108071138058,0.00937538259049443,0.043676375775183386
TR-003831,TR-C06347,2024-01-16,0,eastern,3,EDUCATIONAL_EXAMPLE,OOF,0.03463447414823585,0.038212694227695465,0.018376091533229142,0.030407753303053484,0.02244068718698082,0.047659110177332056
TR-003996,TR-C01326,2024-01-16,0,western,3,EDUCATIONAL_EXAMPLE,OOF,0.014296679279448268,0.012289281003177166,0.011993010654679106,0.012859656979101514,0.012568927810871397,0.04436395044362645
TR-004965,TR-C01595,2024-01-16,0,eastern,3,EDUCATIONAL_EXAMPLE,OOF,0.03325277712893206,0.04907354712486267,0.07408296989516035,0.05213643138298502,0.06387542170360327,0.059145054257440745
TR-006249,TR-C03598,2024-01-16,0,eastern,3,EDUCATIONAL_EXAMPLE,OOF,0.16995888784515947,0.16674713790416718,0.14412615605913084,0.16027739393615248,0.150584339005638,0.09712263293743245
TR-007963,TR-C00916,2024-01-16,0,western,3,EDUCATIONAL_EXAMPLE,OOF,0.29241530041312874,0.47675153613090515,0.39876210604137907,0.38930964752847097,0.3721754046343165,0.3220090901406914
TR-009100,TR-C02641,2024-01-16,0,eastern,3,EDUCATIONAL_EXAMPLE,OOF,0.023405356902028582,0.03119857981801033,0.024866619435897044,0.026490185385311987,0.02450130380242993,0.04795936514166244
TR-009977,TR-C04293,2024-01-16,0,western,3,EDUCATIONAL_EXAMPLE,OOF,0.05788678299693872,0.037098098546266556,0.07383128772200273,0.056272056421736,0.06984516154073672,0.059397135304154434
TR-001387,TR-C01581,2024-01-17,0,western,3,EDUCATIONAL_EXAMPLE,OOF,0.050937552523882795,0.053186606615781784,0.06828057708533183,0.05746824540833214,0.06394482094496957,0.059023180124281344
TR-003128,TR-C06385,2024-01-17,0,central,3,EDUCATIONAL_EXAMPLE,OOF,0.027348406807735183,0.022120483219623566,0.007631106421235823,0.019033332149531523,0.012560431517860663,0.04465244475111086
TR-004379,TR-C02808,2024-01-17,0,other,3,EDUCATIONAL_EXAMPLE,OOF,0.020200765650282997,0.028958028182387352,0.041774993392402815,0.030311262408357725,0.03638143645687286,0.050763190091001734
TR-005848,TR-C05519,2024-01-17,0,western,3,EDUCATIONAL_EXAMPLE,OOF,0.008968887668438444,0.011820409446954727,0.006991386394614546,0.009260227836669238,0.007485761713070521,0.04333928451620185
TR-007188,TR-C06035,2024-01-17,0,other,3,EDUCATIONAL_EXAMPLE,OOF,0.03198701873578885,0.04610717296600342,0.025335338300570772,0.034476510000787684,0.02699825840937529,0.04926251628234547
TR-008075,TR-C03886,2024-01-17,0,other,3,EDUCATIONAL_EXAMPLE,OOF,0.10497432303525547,0.14838741719722748,0.14606317967871327,0.13314163997039874,0.1357909655178488,0.0910702935158915
TR-002275,TR-C05836,2024-01-18,0,other,3,EDUCATIONAL_EXAMPLE,OOF,0.5122727788785338,0.4117904007434845,0.44970476313312996,0.45792264758504947,0.4653467670694809,0.3905718330752891
TR-004695,TR-C01279,2024-01-18,0,central,3,EDUCATIONAL_EXAMPLE,OOF,0.05906380145945524,0.06042595952749252,0.05479598651918137,0.05809524916870971,0.055862940254249836,0.05705716994099468
TR-004722,TR-C02055,2024-01-18,0,central,3,EDUCATIONAL_EXAMPLE,OOF,0.06943539055220643,0.04432559013366699,0.01462868551740762,0.04279655540109368,0.028330361776107323,0.04870442165737289
TR-005786,TR-C05814,2024-01-18,0,eastern,3,EDUCATIONAL_EXAMPLE,OOF,0.026173463908107056,0.0279865562915802,0.024670314723609147,0.026276778307765467,0.025046102019733625,0.04784382823535538
TR-005965,TR-C00949,2024-01-18,0,western,3,EDUCATIONAL_EXAMPLE,OOF,0.06193215041694439,0.08717867732048035,0.10350154472269937,0.08420412415337471,0.09310919614626062,0.07043704049724293
TR-006709,TR-C03466,2024-01-18,0,other,3,EDUCATIONAL_EXAMPLE,OOF,0.021175509088356047,0.02107854373753071,0.010632372483705816,0.01762880843653086,0.013268156634868373,0.044868011934199266
TR-007309,TR-C01456,2024-01-18,0,other,3,EDUCATIONAL_EXAMPLE,OOF,0.022697037998453483,0.025192467495799065,0.017778712932246164,0.021889406142166237,0.019008294198797994,0.04635578252433855
TR-007646,TR-C02522,2024-01-18,0,other,3,EDUCATIONAL_EXAMPLE,OOF,0.05090485571863541,0.05932591110467911,0.06038703753722803,0.05687260145351417,0.058016492082579876,0.05777675870548247
TR-008279,TR-C02914,2024-01-18,0,central,3,EDUCATIONAL_EXAMPLE,OOF,0.02990006985410796,0.030169222503900528,0.03700258423403922,0.03235729219734924,0.0352269556390564,0.050346243933322016
TR-008876,TR-C00546,2024-01-18,1,central,3,EDUCATIONAL_EXAMPLE,OOF,0.16394119855861916,0.23606783151626587,0.22750078418568917,0.20916993808685805,0.21161088777892167,0.13899949982559456
TR-000224,TR-C04309,2024-01-19,1,western,3,EDUCATIONAL_EXAMPLE,OOF,0.06004432545465501,0.09785633534193039,0.06483639171326398,0.0742456841699498,0.06363837514861174,0.06195755143497658
TR-000706,TR-C01666,2024-01-19,0,central,3,EDUCATIONAL_EXAMPLE,OOF,0.02001145544972036,0.02549169212579727,0.015988593994406018,0.02049724718997455,0.016994309358234604,0.04596798988037436
TR-003421,TR-C04244,2024-01-19,0,eastern,3,EDUCATIONAL_EXAMPLE,OOF,0.1939317992186589,0.23319554328918457,0.15151500265160653,0.19288078171981668,0.16211920179336964,0.10952408343267418
TR-003451,TR-C00773,2024-01-19,0,western,3,EDUCATIONAL_EXAMPLE,OOF,0.02424596271577193,0.03769639879465103,0.03463156074941925,0.032191307419947406,0.032035161241007415,0.0501410248613596
TR-003666,TR-C02721,2024-01-19,0,central,3,EDUCATIONAL_EXAMPLE,OOF,0.02879900838740239,0.050775449723005295,0.018653081773473072,0.032742513294626914,0.021189563426955403,0.04821746796423158
TR-005617,TR-C04941,2024-01-19,0,western,3,EDUCATIONAL_EXAMPLE,OOF,0.12724213813382784,0.13295912742614746,0.07930409521345559,0.11316845359114364,0.09128860594354865,0.07178497311901037
TR-005783,TR-C05742,2024-01-19,0,other,3,EDUCATIONAL_EXAMPLE,OOF,0.03635159293800228,0.03958514332771301,0.05998342977225835,0.045306722012657875,0.054075470563694335,0.055680826789705734
TR-006021,TR-C01399,2024-01-19,0,eastern,3,EDUCATIONAL_EXAMPLE,OOF,0.04233619246100166,0.04435751587152481,0.043392834013063056,0.04336218078186318,0.04312867362504771,0.052961719711152835
TR-009445,TR-C04890,2024-01-19,0,eastern,3,EDUCATIONAL_EXAMPLE,OOF,0.0447995308420158,0.0456814281642437,0.04760941487173608,0.04603012462599853,0.04690694386430601,0.05397783398461341
TR-009718,TR-C00990,2024-01-19,0,eastern,3,EDUCATIONAL_EXAMPLE,OOF,0.0897100453229952,0.11171036213636398,0.04206121952641512,0.08116054232859143,0.05397342597556014,0.05938368291072559
TR-001527,TR-C02231,2024-01-20,0,other,3,EDUCATIONAL_EXAMPLE,OOF,0.024719934820707726,0.02991657704114914,0.03730454086014999,0.030647017574002285,0.03415838935028943,0.050177288594063035
TR-005243,TR-C04946,2024-01-20,0,western,3,EDUCATIONAL_EXAMPLE,OOF,0.08313093678533667,0.06401824206113815,0.03173314745983789,0.059627442102104244,0.044582594791212585,0.053701247093433005
TR-006431,TR-C02505,2024-01-20,0,western,3,EDUCATIONAL_EXAMPLE,OOF,0.02712097953299404,0.0370851531624794,0.005902668150980139,0.023369600282151196,0.011207245996483614,0.0451803620374593
TR-007996,TR-C05357,2024-01-20,0,eastern,3,EDUCATIONAL_EXAMPLE,OOF,0.04169800641123567,0.04322456941008568,0.04869390455316565,0.04453882679149566,0.046944930017683156,0.05389714223518625
TR-008109,TR-C04802,2024-01-20,0,western,3,EDUCATIONAL_EXAMPLE,OOF,0.009289145558006225,0.015438665635883808,0.010795603996101698,0.011841138396663911,0.01041898938657783,0.04415970398969842
TR-000316,TR-C00271,2024-01-21,0,eastern,3,EDUCATIONAL_EXAMPLE,OOF,0.06369435480744806,0.06918725371360779,0.07307015669434037,0.06865058840513207,0.0707262062226173,0.06185118233820472
TR-000385,TR-C02828,2024-01-21,0,central,3,EDUCATIONAL_EXAMPLE,OOF,0.115900163054994,0.13155986368656158,0.13028815738815314,0.12591606137656958,0.12669115880486334,0.08518254951431398
TR-001373,TR-C03999,2024-01-21,0,central,3,EDUCATIONAL_EXAMPLE,OOF,0.008927375884471653,0.012935958802700043,0.006078580447641186,0.009313971711604294,0.006790779306848804,0.043250920064188875
TR-001410,TR-C05755,2024-01-21,0,western,3,EDUCATIONAL_EXAMPLE,OOF,0.011642293941557337,0.00995914451777935,0.004539559620847812,0.008713666026728167,0.006315243201025193,0.04294301136487591
TR-002544,TR-C02480,2024-01-21,0,eastern,3,EDUCATIONAL_EXAMPLE,OOF,0.41568936929825406,0.32932499051094055,0.37914924532328415,0.3747212017108263,0.3882842763170266,0.28802326969478004
TR-004068,TR-C05267,2024-01-21,0,western,3,EDUCATIONAL_EXAMPLE,OOF,0.03564602282355202,0.031410135328769684,0.054838608721225146,0.04063158895784895,0.05004046224680686,0.05407522930061894
TR-004845,TR-C02659,2024-01-21,0,eastern,3,EDUCATIONAL_EXAMPLE,OOF,0.022705285964678353,0.037737760692834854,0.031127825545335455,0.03052362406761622,0.02902219065017118,0.049441190380279956
TR-006701,TR-C05049,2024-01-21,0,other,3,EDUCATIONAL_EXAMPLE,OOF,0.02472325201103971,0.02907208353281021,0.022010634058987923,0.025268656534279284,0.02268878854700087,0.047385134667938526
TR-007835,TR-C04801,2024-01-21,0,western,3,EDUCATIONAL_EXAMPLE,OOF,0.016878104694614017,0.02266394905745983,0.02000975355220479,0.019850602434759546,0.019226841337807096,0.046376082667181094
TR-009099,TR-C02584,2024-01-21,1,central,3,EDUCATIONAL_EXAMPLE,OOF,0.09566320640908942,0.08641193807125092,0.08461138490031693,0.08889550979355243,0.08737434027751005,0.06751842979186488
TR-009550,TR-C01730,2024-01-21,0,central,3,EDUCATIONAL_EXAMPLE,OOF,0.022650045504330776,0.02961515262722969,0.023182034054809557,0.025149077395456677,0.02304903691718986,0.047541986014962095
TR-009838,TR-C03297,2024-01-21,0,western,3,EDUCATIONAL_EXAMPLE,OOF,0.0353393728204864,0.03642357885837555,0.025897796800232836,0.03255358282636493,0.028258190805296228,0.048917062653249715
TR-001063,TR-C03625,2024-01-22,0,western,3,EDUCATIONAL_EXAMPLE,OOF,0.027001852158103787,0.02927054651081562,0.014664817894303891,0.023645738854407766,0.017749076460253865,0.04621600832606142
TR-002351,TR-C06229,2024-01-22,0,other,3,EDUCATIONAL_EXAMPLE,OOF,0.20003793262930689,0.11768405884504318,0.171909938226213,0.16321064323352105,0.17894193682698648,0.10343183041120173
TR-003119,TR-C02528,2024-01-22,0,other,3,EDUCATIONAL_EXAMPLE,OOF,0.022718491573193066,0.04270600527524948,0.04436083395733505,0.03659511026859253,0.03895024836129955,0.052215734050175266
TR-005948,TR-C03360,2024-01-22,1,central,3,EDUCATIONAL_EXAMPLE,OOF,0.5177645370163344,0.5530224442481995,0.6253476195652505,0.5653782002765948,0.5984518489280215,0.6033846710344822
TR-005975,TR-C01273,2024-01-22,0,other,3,EDUCATIONAL_EXAMPLE,OOF,0.01852385081025411,0.02697952277958393,0.045845356518204275,0.03044957670268077,0.03901498009121673,0.051333702031944796
TR-007430,TR-C01520,2024-01-22,0,eastern,3,EDUCATIONAL_EXAMPLE,OOF,0.05858820562306709,0.03951472043991089,0.1001610591103062,0.0660879950577614,0.08976784573849643,0.0655697910498566
TR-008489,TR-C01059,2024-01-22,1,eastern,3,EDUCATIONAL_EXAMPLE,OOF,0.25014650317120846,0.22019271552562714,0.2819647021799824,0.250767973625606,0.2740101524277889,0.1735695168326412
TR-009349,TR-C02457,2024-01-22,0,western,3,EDUCATIONAL_EXAMPLE,OOF,0.034224681476767334,0.036566175520420074,0.018799156422828506,0.02986333780667197,0.02265553768631321,0.04762182484645853
TR-001008,TR-C01292,2024-01-23,0,other,3,EDUCATIONAL_EXAMPLE,OOF,0.05782960002289985,0.07874258607625961,0.07771765532944894,0.07142994714286947,0.07274564150281167,0.06333243737658309
TR-003632,TR-C02156,2024-01-23,0,eastern,3,EDUCATIONAL_EXAMPLE,OOF,0.023337708791428637,0.022659804672002792,0.009189423455464649,0.018395645639632027,0.012726494789455646,0.04479431666382627
TR-005735,TR-C05287,2024-01-23,0,western,3,EDUCATIONAL_EXAMPLE,OOF,0.1659939036939768,0.19176802039146423,0.1116410604828975,0.15646766152277952,0.12522927128566733,0.08895576625653344
TR-009520,TR-C00042,2024-01-23,0,eastern,3,EDUCATIONAL_EXAMPLE,OOF,0.08961482414131595,0.06561758369207382,0.1040239353732909,0.08641878106889356,0.10042165756529717,0.07029358527851005
TR-002246,TR-C03143,2024-01-24,0,eastern,3,EDUCATIONAL_EXAMPLE,OOF,0.012647026493667708,0.019588496536016464,0.012695774274296207,0.014977099101326793,0.012683587329139082,0.0448187419242876
TR-002377,TR-C01735,2024-01-24,0,other,3,EDUCATIONAL_EXAMPLE,OOF,0.03159137707393826,0.04571140557527542,0.07277060915108471,0.050024463933432795,0.0624758011317981,0.05854765079703425
TR-003673,TR-C04467,2024-01-24,0,western,3,EDUCATIONAL_EXAMPLE,OOF,0.24463545055905841,0.2241135984659195,0.21725795834490602,0.228669002456628,0.22410233139844413,0.14060648771230932
TR-004583,TR-C06317,2024-01-24,0,western,3,EDUCATIONAL_EXAMPLE,OOF,0.04769532709873576,0.05043702572584152,0.03383767012487613,0.0439900076498178,0.03730208436834104,0.05174113392409309
TR-005808,TR-C02955,2024-01-24,0,other,3,EDUCATIONAL_EXAMPLE,OOF,0.037201170778802646,0.04318471625447273,0.03118417877445735,0.03719002193591091,0.03268842677554367,0.05036394779059377
TR-006060,TR-C04561,2024-01-24,0,other,3,EDUCATIONAL_EXAMPLE,OOF,0.1772357548403908,0.1396333873271942,0.15115767306068773,0.15600893840942423,0.1576771935056135,0.09699849568872107
TR-007784,TR-C03814,2024-01-24,0,western,3,EDUCATIONAL_EXAMPLE,OOF,0.014207017043668202,0.019818546250462532,0.030727516555799746,0.021584359949976827,0.02659739167776686,0.047972373813500974
TR-009586,TR-C04616,2024-01-24,0,central,3,EDUCATIONAL_EXAMPLE,OOF,0.41800948643038227,0.23010043799877167,0.24734387925252171,0.29848460122722525,0.29001028104698684,0.17658963711287098
TR-009801,TR-C01320,2024-01-24,0,western,3,EDUCATIONAL_EXAMPLE,OOF,0.30691049414243254,0.2888651192188263,0.2739277665279681,0.28990112662974227,0.2821734484315842,0.18914686482526
TR-000722,TR-C03907,2024-01-25,0,other,3,EDUCATIONAL_EXAMPLE,OOF,0.5207129020883792,0.4252512454986572,0.5183413730600351,0.48810184021569053,0.5189342553171211,0.46126736078639324
TR-000893,TR-C03140,2024-01-25,1,other,3,EDUCATIONAL_EXAMPLE,OOF,0.38385708794222595,0.32913562655448914,0.35618967662440115,0.35639413037370543,0.36310652945385735,0.26484914422611505
TR-001726,TR-C02623,2024-01-25,0,eastern,3,EDUCATIONAL_EXAMPLE,OOF,0.04262535625745236,0.06562167406082153,0.08117056160285065,0.06313919730704153,0.07153426026650107,0.062370349382806715
TR-002189,TR-C05565,2024-01-25,0,other,3,EDUCATIONAL_EXAMPLE,OOF,0.16559257575212688,0.1494368314743042,0.1168219520848779,0.14395045310376967,0.12901460800169015,0.08619380650741507
TR-002396,TR-C05907,2024-01-25,0,western,3,EDUCATIONAL_EXAMPLE,OOF,0.16941208505689975,0.20164233446121216,0.1886410511077297,0.18656515687528052,0.1838338095950222,0.11781292574491074
TR-002497,TR-C01483,2024-01-25,0,western,3,EDUCATIONAL_EXAMPLE,OOF,0.034730688331300975,0.027898646891117096,0.012436195311955925,0.025021843511458,0.018009818566792186,0.04604735536981091
TR-000498,TR-C00845,2024-01-26,1,eastern,3,EDUCATIONAL_EXAMPLE,OOF,0.3292021676977269,0.21889947354793549,0.15640296717487448,0.2348348694735123,0.1996027673055876,0.12125526577257825
TR-000915,TR-C02964,2024-01-26,0,central,3,EDUCATIONAL_EXAMPLE,OOF,0.018598795390689232,0.021032588556408882,0.017561392239225124,0.019064258728774413,0.017820743027091152,0.04593154797159337
TR-003641,TR-C06138,2024-01-26,0,western,3,EDUCATIONAL_EXAMPLE,OOF,0.03563905715143461,0.033728547394275665,0.02491004071933949,0.03142588175501659,0.027592294827363268,0.04859158580538381
TR-006924,TR-C00247,2024-01-26,0,other,3,EDUCATIONAL_EXAMPLE,OOF,0.04715893186631793,0.04571820795536041,0.057078900093709146,0.04998534663846249,0.05459890803686134,0.055985416649072695
TR-007080,TR-C06002,2024-01-26,0,central,3,EDUCATIONAL_EXAMPLE,OOF,0.016796592606393004,0.022404594346880913,0.02428364188496306,0.021161609612745658,0.022411879565320546,0.047094091725087675
TR-007773,TR-C02390,2024-01-26,0,western,3,EDUCATIONAL_EXAMPLE,OOF,0.018438919446278332,0.017663177102804184,0.011982710353151094,0.0160282689674112,0.013596762626432904,0.04480490694699101
TR-007979,TR-C03736,2024-01-26,0,western,3,EDUCATIONAL_EXAMPLE,OOF,0.014034155516388704,0.02404301054775715,0.01915891617997353,0.019078694081373127,0.017877726014077323,0.046202713396610424
TR-008699,TR-C02323,2024-01-26,0,eastern,3,EDUCATIONAL_EXAMPLE,OOF,0.0933747695728186,0.10633094608783722,0.10950867709236754,0.10307146425100779,0.1054752002124803,0.07546441303677157
TR-009762,TR-C03401,2024-01-26,0,other,3,EDUCATIONAL_EXAMPLE,OOF,0.02626078596092482,0.022950628772377968,0.017418426179271394,0.02220994697085806,0.01962901612468475,0.04630053136706438
TR-000494,TR-C02915,2024-01-27,0,western,3,EDUCATIONAL_EXAMPLE,OOF,0.034028934717991274,0.026400472968816757,0.028469291013354228,0.029632899566720754,0.02985920193951349,0.04873056871637871
TR-004726,TR-C00661,2024-01-27,0,eastern,3,EDUCATIONAL_EXAMPLE,OOF,0.03192503653673187,0.02956550568342209,0.017089089118672185,0.026193210446275383,0.020798075973187106,0.046833177007238345
TR-005658,TR-C02534,2024-01-27,0,eastern,3,EDUCATIONAL_EXAMPLE,OOF,0.015378418613090961,0.016146168112754822,0.011581410334269543,0.014368665686705107,0.012530662403974897,0.04454522396288452
TR-008785,TR-C06030,2024-01-27,0,western,3,EDUCATIONAL_EXAMPLE,OOF,0.07996595079817516,0.04584520310163498,0.027691051494447304,0.051167401798085814,0.04075977632037927,0.05162651393822764
TR-009876,TR-C00918,2024-01-27,0,central,3,EDUCATIONAL_EXAMPLE,OOF,0.04327104891097603,0.035269200801849365,0.024077945522158944,0.03420606507832811,0.028876221369363214,0.04883327302092587
TR-002823,TR-C01629,2024-01-28,0,other,3,EDUCATIONAL_EXAMPLE,OOF,0.15010664652114422,0.14319877326488495,0.16729988307187887,0.15353510095263603,0.1630015739341952,0.10092185188280753
TR-002844,TR-C03979,2024-01-28,0,central,3,EDUCATIONAL_EXAMPLE,OOF,0.06403348009897673,0.06444597989320755,0.11441922318383325,0.08096622772533918,0.10182278741261913,0.07141486973764732
TR-003270,TR-C04967,2024-01-28,0,western,3,EDUCATIONAL_EXAMPLE,OOF,0.015149397253990568,0.017646951600909233,0.012027141552871415,0.014941163469257071,0.012807705478151203,0.044692391622789165
TR-004247,TR-C00574,2024-01-28,1,other,3,EDUCATIONAL_EXAMPLE,OOF,0.14715440840463645,0.13508924841880798,0.10974404586732989,0.13066256756359143,0.11909663650165653,0.08148319474666307
TR-004361,TR-C04905,2024-01-28,0,eastern,3,EDUCATIONAL_EXAMPLE,OOF,0.0115353010602225,0.018044738098978996,0.00537775104459077,0.01165259673459742,0.006917138548498703,0.04350176638613488
TR-004652,TR-C06251,2024-01-28,0,eastern,3,EDUCATIONAL_EXAMPLE,OOF,0.02569894179769333,0.03914997726678848,0.02390800727200758,0.029585642112163132,0.02435574090342902,0.048345564968367546
TR-005733,TR-C06092,2024-01-28,0,western,3,EDUCATIONAL_EXAMPLE,OOF,0.06819787352670555,0.08825431019067764,0.05113626739989909,0.06919615037242742,0.05540166893160071,0.05865132714517653
TR-005993,TR-C05415,2024-01-28,1,central,3,EDUCATIONAL_EXAMPLE,OOF,0.2751354775864316,0.28140056133270264,0.16544786844266698,0.24066130245393377,0.19286977072860814,0.12883716352035454
TR-007693,TR-C04878,2024-01-28,0,central,3,EDUCATIONAL_EXAMPLE,OOF,0.038571394747044206,0.033644165843725204,0.026006031631396122,0.03274053074072184,0.029147372410308143,0.0488980211130729
TR-008304,TR-C04301,2024-01-28,0,eastern,3,EDUCATIONAL_EXAMPLE,OOF,0.032149294274861004,0.0400737002491951,0.04043216630021564,0.03755172027475725,0.038361448293876985,0.051694677028355354
TR-000405,TR-C00641,2024-01-29,0,western,3,EDUCATIONAL_EXAMPLE,OOF,0.0337443814237623,0.0582861490547657,0.06163064599511519,0.051220392157881066,0.05465907985227697,0.05717842686575514
TR-000622,TR-C00538,2024-01-29,0,eastern,3,EDUCATIONAL_EXAMPLE,OOF,0.04499645224913296,0.038221362978219986,0.01375710942188805,0.03232497488308033,0.021566945128699277,0.04724894160801197
TR-000693,TR-C04173,2024-01-29,0,central,3,EDUCATIONAL_EXAMPLE,OOF,0.01724986381634462,0.026890434324741364,0.013042729154319336,0.019061009098468442,0.014094512819825657,0.0454476538507846
TR-003839,TR-C04943,2024-01-29,0,eastern,3,EDUCATIONAL_EXAMPLE,OOF,0.013320205015242803,0.012659811414778233,0.003902818599685955,0.00996094500990233,0.0062571652035751674,0.0430425746121156
TR-004339,TR-C03247,2024-01-29,0,central,3,EDUCATIONAL_EXAMPLE,OOF,0.025791402912930275,0.03254183009266853,0.025113679831840575,0.027815637612479793,0.025283110602113,0.048174195976707364
TR-004923,TR-C05478,2024-01-29,0,other,3,EDUCATIONAL_EXAMPLE,OOF,0.054599941832414886,0.03505222499370575,0.019476244244206003,0.036376137023442216,0.028257168641258223,0.04844096213028114
TR-005966,TR-C02972,2024-01-29,0,eastern,3,EDUCATIONAL_EXAMPLE,OOF,0.02624342517182137,0.03602604568004608,0.02042520666691897,0.02756489250626214,0.02187976129314457,0.047569231851205415
TR-008659,TR-C06467,2024-01-29,0,central,3,EDUCATIONAL_EXAMPLE,OOF,0.07175460432092924,0.07580127567052841,0.0662460736195903,0.0712673178703493,0.06762320629492503,0.06121145324118991
TR-009899,TR-C03983,2024-01-29,0,other,3,EDUCATIONAL_EXAMPLE,OOF,0.08318811451322553,0.08672384917736053,0.10007115854424155,0.08999437407827587,0.09585039753648754,0.07070875768907023
TR-004543,TR-C00143,2024-01-30,0,other,3,EDUCATIONAL_EXAMPLE,OOF,0.029052358991677248,0.02927650325000286,0.041715311273316104,0.03334805783833207,0.03854957320290639,0.051133879640995625
TR-005024,TR-C02498,2024-01-30,0,eastern,3,EDUCATIONAL_EXAMPLE,OOF,0.0500061698275064,0.05444301664829254,0.023750426711845754,0.04273320439588157,0.030314362490760915,0.05019831994580404
TR-005274,TR-C02451,2024-01-30,0,western,3,EDUCATIONAL_EXAMPLE,OOF,0.009665585625076103,0.012064458802342415,0.0016664365782355882,0.007798827001884702,0.003666223839945717,0.042530694794756935
TR-006789,TR-C02023,2024-01-30,0,central,3,EDUCATIONAL_EXAMPLE,OOF,0.02509219442022734,0.030017506331205368,0.02357453655721329,0.026228079102881996,0.023953951022966803,0.04772793296028819
TR-007034,TR-C01749,2024-01-30,0,western,3,EDUCATIONAL_EXAMPLE,OOF,0.16831518158158013,0.24382981657981873,0.23047568246747863,0.21420689354295916,0.214935557246004,0.14203637319401688
TR-007578,TR-C01029,2024-01-30,0,central,3,EDUCATIONAL_EXAMPLE,OOF,0.16591144565639057,0.14479194581508636,0.1173796005058056,0.14269433065909418,0.12951256179345186,0.0859163392495539
TR-007955,TR-C04453,2024-01-30,0,eastern,3,EDUCATIONAL_EXAMPLE,OOF,0.05562623888236148,0.062308572232723236,0.06001485283903876,0.059316554651374497,0.05891769934986944,0.058124986065604345
TR-008348,TR-C05802,2024-01-30,0,western,3,EDUCATIONAL_EXAMPLE,OOF,0.03950756329257698,0.03244995325803757,0.038729117933053045,0.0368955448278892,0.03892372927293403,0.051200457458983946
TR-008544,TR-C00788,2024-01-30,0,eastern,3,EDUCATIONAL_EXAMPLE,OOF,0.022749720494919263,0.03025262989103794,0.021577460272818844,0.02485993688625868,0.021870525328343948,0.047302557264946504
TR-009425,TR-C01872,2024-01-30,0,western,3,EDUCATIONAL_EXAMPLE,OOF,0.02051416456447326,0.025997551158070564,0.035334307085073346,0.027282007602539057,0.03162927145492332,0.049411005263935104
TR-009862,TR-C03291,2024-01-30,0,other,3,EDUCATIONAL_EXAMPLE,OOF,0.011462910217892494,0.014252763241529465,0.00676542193396383,0.010827031797795263,0.007939794004945995,0.04352016783452343
TR-001731,TR-C03052,2024-01-31,0,other,3,EDUCATIONAL_EXAMPLE,OOF,0.05347168247510202,0.06245190650224686,0.06587409373268396,0.06059922757001094,0.06277349091828847,0.0592857415050455
TR-003917,TR-C00273,2024-01-31,0,other,3,EDUCATIONAL_EXAMPLE,OOF,0.015013407964419348,0.016041569411754608,0.00567541606316086,0.012243464479778273,0.008009914038475481,0.04356529900412903
TR-003929,TR-C04203,2024-01-31,1,western,3,EDUCATIONAL_EXAMPLE,OOF,0.07167972589041595,0.11666173487901688,0.2771035897556881,0.1551483501750403,0.22574762378937008,0.13435331168704692
TR-004439,TR-C03411,2024-01-31,0,eastern,3,EDUCATIONAL_EXAMPLE,OOF,0.029759196344392554,0.03473958745598793,0.01215055552469454,0.02554977977502501,0.016552715729619045,0.04619946392380769
TR-004665,TR-C01204,2024-01-31,0,eastern,3,EDUCATIONAL_EXAMPLE,OOF,0.011949672188254785,0.014413021504878998,0.008267637386940974,0.011543443693358251,0.009188146087269426,0.04378832473917231
TR-005852,TR-C06439,2024-01-31,0,other,3,EDUCATIONAL_EXAMPLE,OOF,0.015655586562854318,0.02062622830271721,0.025954942957281575,0.020745585940951033,0.023380103858674763,0.04723857579029163
TR-006069,TR-C05815,2024-01-31,0,central,3,EDUCATIONAL_EXAMPLE,OOF,0.13404104507419956,0.124283067882061,0.1446608599007615,0.134328324285674,0.142005906194121,0.09010475962099011
TR-007197,TR-C03763,2024-01-31,0,eastern,3,EDUCATIONAL_EXAMPLE,OOF,0.19065660399682602,0.24912355840206146,0.13429361329288303,0.19135792523059017,0.14838436096886878,0.10484363308604881
TR-007285,TR-C03558,2024-01-31,0,other,3,EDUCATIONAL_EXAMPLE,OOF,0.032356462260230104,0.04162122309207916,0.0627214381521991,0.045566374501502784,0.05513019417920685,0.0561989788637648
TR-000005,TR-C03679,2024-02-01,0,eastern,3,EDUCATIONAL_EXAMPLE,OOF,0.03368956349511597,0.04013637825846672,0.010024545314253654,0.02795016235594545,0.01594079985946923,0.04628877838240437
TR-003307,TR-C00494,2024-02-01,0,eastern,3,EDUCATIONAL_EXAMPLE,OOF,0.021260203839865478,0.023800062015652657,0.004888284982008565,0.01664951694584223,0.008981264696472794,0.044075902987241525
TR-003346,TR-C03897,2024-02-01,0,central,3,EDUCATIONAL_EXAMPLE,OOF,0.0852075181129605,0.121018186211586,0.16341657441332177,0.12321409291262275,0.14386431033823147,0.09234213198455692
TR-004941,TR-C02479,2024-02-01,0,central,3,EDUCATIONAL_EXAMPLE,OOF,0.3701960983741433,0.18614539504051208,0.28864799028039584,0.2816631612316837,0.3090350173038327,0.1859150750388052
TR-009054,TR-C06418,2024-02-01,0,western,3,EDUCATIONAL_EXAMPLE,OOF,0.019489875982578706,0.027925390750169754,0.00386211169355033,0.01709245947543293,0.007769052765807424,0.04406845464291652
TR-009429,TR-C02080,2024-02-01,0,other,3,EDUCATIONAL_EXAMPLE,OOF,0.008463654207330617,0.010748306289315224,0.0041356101122146,0.007782523536286814,0.005217621135993604,0.04281008385477438
TR-004158,TR-C05749,2024-02-02,0,eastern,3,EDUCATIONAL_EXAMPLE,OOF,0.08320516092811756,0.09177325665950775,0.10789446098233017,0.0942909595233185,0.10172213596877702,0.07316011145922505
TR-005232,TR-C03782,2024-02-02,0,central,3,EDUCATIONAL_EXAMPLE,OOF,0.6901255160055908,0.7187036871910095,0.7329228939848311,0.7139173657271437,0.7222235494900211,0.7673706319438645
TR-006497,TR-C00016,2024-02-02,0,eastern,3,EDUCATIONAL_EXAMPLE,OOF,0.015204652022833975,0.019739218056201935,0.010553663605145428,0.015165844561393782,0.011716410709567564,0.04456590121758217
TR-006639,TR-C05136,2024-02-02,0,eastern,3,EDUCATIONAL_EXAMPLE,OOF,0.012109463152754225,0.01625514216721058,0.003629951150321354,0.010664852156762052,0.0057498291509295715,0.043146858593206085
TR-006995,TR-C05978,2024-02-02,0,western,3,EDUCATIONAL_EXAMPLE,OOF,0.2628540755683698,0.21523772180080414,0.2821441541668637,0.2534119838453459,0.27732163451724023,0.17430149355209312
TR-000165,TR-C02900,2024-02-03,0,central,3,EDUCATIONAL_EXAMPLE,OOF,0.06788989484484184,0.06257151812314987,0.05322754643836604,0.06122965313545259,0.056893133539984986,0.05728113795098068
TR-000364,TR-C03742,2024-02-03,0,eastern,3,EDUCATIONAL_EXAMPLE,OOF,0.17621256978882743,0.11244746297597885,0.08131783914461242,0.12332595730313957,0.10504152180566617,0.07332768053374636
TR-002005,TR-C04674,2024-02-03,0,other,3,EDUCATIONAL_EXAMPLE,OOF,0.06700544586096464,0.07267850637435913,0.10679683695389053,0.08216026306307143,0.09684898918065905,0.07033527527415769
TR-002281,TR-C02349,2024-02-03,0,western,3,EDUCATIONAL_EXAMPLE,OOF,0.013413554814563694,0.019834337756037712,0.004660037451213014,0.01263597667393814,0.006848416792050683,0.043547924611875184
TR-003059,TR-C05172,2024-02-03,0,eastern,3,EDUCATIONAL_EXAMPLE,OOF,0.023218129613288074,0.029369082301855087,0.012236467597602926,0.021607893170915365,0.014981883101524214,0.04566985140898527
TR-004575,TR-C06081,2024-02-03,0,central,3,EDUCATIONAL_EXAMPLE,OOF,0.013963588858404033,0.014347445219755173,0.005659478209519752,0.011323504095892986,0.007735505871740822,0.04343543989584115
TR-005064,TR-C02109,2024-02-03,0,eastern,3,EDUCATIONAL_EXAMPLE,OOF,0.0810597369085999,0.08051343262195587,0.09774759144831205,0.0864402536596226,0.09357562781338401,0.06948720291723369
TR-006875,TR-C04894,2024-02-03,0,western,3,EDUCATIONAL_EXAMPLE,OOF,0.050992491234401076,0.06065836921334267,0.07155705029981865,0.0610693035825208,0.06641591053346425,0.06027314795613476
TR-008267,TR-C04844,2024-02-03,0,other,3,EDUCATIONAL_EXAMPLE,OOF,0.04214919777708831,0.045748088508844376,0.04603411259250414,0.04464379962614561,0.04506288388865018,0.05355833897888363
TR-009639,TR-C01000,2024-02-03,0,central,3,EDUCATIONAL_EXAMPLE,OOF,0.09845972095031055,0.10861557722091675,0.1322380242380396,0.11310444080308897,0.12379344841610734,0.0823715072380852
TR-000305,TR-C05988,2024-02-04,0,eastern,3,EDUCATIONAL_EXAMPLE,OOF,0.02762023598603508,0.028802722692489624,0.058409007053986516,0.038277321910837075,0.050711814286998655,0.05426312824117067
TR-003603,TR-C01502,2024-02-04,0,western,3,EDUCATIONAL_EXAMPLE,OOF,0.0839521429766882,0.10456511378288269,0.06202482697368695,0.08351402791108593,0.06750665597443727,0.06300954198402278
TR-005074,TR-C04491,2024-02-04,0,eastern,3,EDUCATIONAL_EXAMPLE,OOF,0.05162264089672998,0.06047962233424187,0.02755159184669926,0.04655128502589037,0.03356935410920694,0.05134506827378695
TR-006662,TR-C03031,2024-02-04,0,other,3,EDUCATIONAL_EXAMPLE,OOF,0.08324441697575495,0.11730347573757172,0.1601850110301669,0.1202443012478312,0.1409498625165639,0.09076924087381333
TR-006993,TR-C06430,2024-02-04,0,other,3,EDUCATIONAL_EXAMPLE,OOF,0.027157470391432195,0.029554737731814384,0.043065780004362376,0.03325932937586965,0.03908870260112983,0.051326984556199814
TR-007804,TR-C04870,2024-02-04,1,western,3,EDUCATIONAL_EXAMPLE,OOF,0.04403074247544154,0.058950718492269516,0.031125562696561523,0.04470234122142419,0.03435185764128153,0.05161022826953244
TR-008198,TR-C00262,2024-02-04,0,western,3,EDUCATIONAL_EXAMPLE,OOF,0.017480418361528815,0.022901931777596474,0.023088721831473952,0.02115702399019975,0.02168664596398767,0.04694164301659745
TR-008886,TR-C01877,2024-02-04,0,eastern,3,EDUCATIONAL_EXAMPLE,OOF,0.0875085439135786,0.08899638801813126,0.19948315159660915,0.12532936117610635,0.1714894996758515,0.10109967966814873
TR-009966,TR-C05344,2024-02-04,0,other,3,EDUCATIONAL_EXAMPLE,OOF,0.13297936310940794,0.07499510049819946,0.08899686573835588,0.09899044311532108,0.0999924900811189,0.06968359227502066
TR-002327,TR-C01207,2024-02-05,0,central,3,EDUCATIONAL_EXAMPLE,OOF,0.0447888901969396,0.06057130917906761,0.09678353324380641,0.06738124420660453,0.08378487248208971,0.06570825039058312
TR-003260,TR-C02875,2024-02-05,0,other,3,EDUCATIONAL_EXAMPLE,OOF,0.01900885470850257,0.023266807198524475,0.01462632845634502,0.01896733012112402,0.015721960019384407,0.045576438036357116
TR-004376,TR-C01250,2024-02-05,0,eastern,3,EDUCATIONAL_EXAMPLE,OOF,0.1374581640854813,0.08360215276479721,0.06894727502396537,0.09666919729141464,0.08607499728934435,0.065728785767503
TR-004468,TR-C04079,2024-02-05,0,central,3,EDUCATIONAL_EXAMPLE,OOF,0.01843625663858633,0.021573053672909737,0.009932382096086144,0.016647230802527405,0.01205835073171119,0.04468028931230033
TR-005032,TR-C00069,2024-02-05,0,other,3,EDUCATIONAL_EXAMPLE,OOF,0.192700031910663,0.2774730622768402,0.4053881364003228,0.29185374352927534,0.35221611027790783,0.2575566504721935
TR-005208,TR-C01258,2024-02-05,0,eastern,3,EDUCATIONAL_EXAMPLE,OOF,0.0725288261178639,0.05685601383447647,0.05270345030850027,0.060696096753613545,0.05765979426084118,0.056988843013337134
TR-006903,TR-C00253,2024-02-05,0,central,3,EDUCATIONAL_EXAMPLE,OOF,0.0641922367298048,0.0868951827287674,0.10325601170281196,0.08478114372046137,0.09349006795956016,0.07047632618051498
TR-007462,TR-C06481,2024-02-05,0,western,3,EDUCATIONAL_EXAMPLE,OOF,0.01566668834314426,0.021362826228141785,0.014470733706568435,0.017166749425951495,0.014769722365712392,0.045321813624642125
TR-008163,TR-C04079,2024-02-05,0,central,3,EDUCATIONAL_EXAMPLE,OOF,0.014633363397501967,0.024449365213513374,0.027600382616105226,0.02222770374237352,0.02435862781145441,0.047708606504504286
TR-003047,TR-C03835,2024-02-06,1,central,3,EDUCATIONAL_EXAMPLE,OOF,0.0432921137903326,0.05119594931602478,0.055424749501642064,0.049970937535999814,0.0523915905738147,0.05584582414951025
TR-004196,TR-C03220,2024-02-06,1,eastern,3,EDUCATIONAL_EXAMPLE,OOF,0.026592618878257993,0.02982681803405285,0.031968692661792045,0.029462709858034297,0.03062467421590853,0.04927227638234298
TR-005685,TR-C00901,2024-02-06,0,eastern,3,EDUCATIONAL_EXAMPLE,OOF,0.012006940608927277,0.014674731530249119,0.006466737271432858,0.011049469803536417,0.007851788105806463,0.043513786298313546
TR-005708,TR-C05982,2024-02-06,0,eastern,3,EDUCATIONAL_EXAMPLE,OOF,0.016150541580485137,0.02293574810028076,0.008026875639721178,0.01570438844016236,0.010057792124912167,0.044359045329550366
TR-006733,TR-C04214,2024-02-06,0,central,3,EDUCATIONAL_EXAMPLE,OOF,0.07933217551384271,0.087934710085392,0.059172378286361356,0.07547975462853201,0.0642123275932317,0.06090314105172506
TR-007491,TR-C01764,2024-02-06,0,eastern,3,EDUCATIONAL_EXAMPLE,OOF,0.029263005073034903,0.028624381870031357,0.03966827670146501,0.03251855454817709,0.03706695879435749,0.050719705369557534
TR-008509,TR-C03970,2024-02-06,1,western,3,EDUCATIONAL_EXAMPLE,OOF,0.03258592770507731,0.041508935391902924,0.0674898371113193,0.047194900069433186,0.0587638597597588,0.05718723253370841
TR-008695,TR-C03925,2024-02-06,0,western,3,EDUCATIONAL_EXAMPLE,OOF,0.495903121955112,0.40389925241470337,0.4337437590668676,0.44451537781222766,0.4492835997889287,0.3703862431852476
TR-009812,TR-C02268,2024-02-06,0,eastern,3,EDUCATIONAL_EXAMPLE,OOF,0.01603093891289986,0.015932461246848106,0.004412396327659323,0.01212526549580243,0.007317031973969458,0.04339227380305151
TR-001600,TR-C05138,2024-02-07,0,other,3,EDUCATIONAL_EXAMPLE,OOF,0.03245981928352498,0.0443585067987442,0.07696533834185042,0.05126122147470654,0.06583895857726905,0.05939185082837989
TR-005519,TR-C03588,2024-02-07,0,eastern,3,EDUCATIONAL_EXAMPLE,OOF,0.011566790422959264,0.015842052176594734,0.008511516576275866,0.011973453058609954,0.009275335037946714,0.043891027421124065
TR-005807,TR-C03069,2024-02-07,1,eastern,3,EDUCATIONAL_EXAMPLE,OOF,0.2747092072955057,0.24387145042419434,0.18256116327696337,0.23371394033222115,0.20559817428159893,0.13083494840313645
TR-006512,TR-C00898,2024-02-07,0,other,3,EDUCATIONAL_EXAMPLE,OOF,0.0215284034614979,0.029975634068250656,0.025931349899592747,0.025811795809780436,0.024830613290069036,0.048003206219591414
TR-008414,TR-C04235,2024-02-07,0,eastern,3,EDUCATIONAL_EXAMPLE,OOF,0.037565045364033586,0.042702555656433105,0.05478415376796133,0.04501725159614267,0.050479376666979395,0.054893576549049576
TR-009923,TR-C04682,2024-02-07,0,western,3,EDUCATIONAL_EXAMPLE,OOF,0.025194000783979854,0.02793956734240055,0.06476989174429099,0.039301153290223795,0.0548759190042132,0.05537320881485805
TR-000643,TR-C02664,2024-02-08,0,eastern,3,EDUCATIONAL_EXAMPLE,OOF,0.2244611523541536,0.22116781771183014,0.15884077705352614,0.2014899157065033,0.175245870878683,0.11335868214584768
TR-000809,TR-C04221,2024-02-08,0,western,3,EDUCATIONAL_EXAMPLE,OOF,0.02192054314708162,0.01708485372364521,0.013400070600920504,0.017468489157215775,0.015530188737460784,0.04513484739490504
TR-000984,TR-C04818,2024-02-08,0,western,3,EDUCATIONAL_EXAMPLE,OOF,0.030001289928820226,0.03695221245288849,0.04653501599858905,0.03782950612676592,0.042401584481146844,0.05257273581683644
TR-001760,TR-C00571,2024-02-08,0,eastern,3,EDUCATIONAL_EXAMPLE,OOF,0.02302411217336218,0.02905411459505558,0.025375758922735473,0.025817995230384413,0.024787847235392152,0.047909021685513205
TR-002381,TR-C01418,2024-02-08,0,eastern,3,EDUCATIONAL_EXAMPLE,OOF,0.037498891249889234,0.03475872054696083,0.008285964176160027,0.02684785865767003,0.015589195944592328,0.045832314308266016
TR-002545,TR-C02779,2024-02-08,0,western,3,EDUCATIONAL_EXAMPLE,OOF,0.305308469539445,0.3080628216266632,0.25730946508494534,0.29022691875035117,0.2693092161985703,0.18294168699790497
TR-005639,TR-C00370,2024-02-08,0,western,3,EDUCATIONAL_EXAMPLE,OOF,0.23129208133228463,0.21276168525218964,0.18175939358886153,0.20860438672444526,0.19414256552471731,0.12203498836756081
TR-006210,TR-C03406,2024-02-08,0,other,3,EDUCATIONAL_EXAMPLE,OOF,0.03248547159768015,0.03560413420200348,0.00933336587323034,0.025807657224304656,0.015121392304342793,0.04587125195926075
TR-007091,TR-C01201,2024-02-08,0,central,3,EDUCATIONAL_EXAMPLE,OOF,0.0131509860539887,0.017697056755423546,0.009077159034406927,0.013308400614606392,0.01009561578930237,0.04413944924650932
TR-008571,TR-C05379,2024-02-08,0,other,3,EDUCATIONAL_EXAMPLE,OOF,0.05202523867135939,0.08130693435668945,0.04675255674735051,0.06002824325846645,0.04807072722835273,0.05650655272396652
TR-000328,TR-C00849,2024-02-09,0,other,3,EDUCATIONAL_EXAMPLE,OOF,0.007468241824884468,0.01022927276790142,0.0031843011228515853,0.006960605238545824,0.004255286298359806,0.04259815558142672
TR-001557,TR-C04220,2024-02-09,0,eastern,3,EDUCATIONAL_EXAMPLE,OOF,0.010676652815067538,0.015348296612501144,0.005003463416850513,0.010342804281473064,0.006421760766404769,0.04326815461960388
TR-002324,TR-C04215,2024-02-09,0,other,3,EDUCATIONAL_EXAMPLE,OOF,0.022565973134473883,0.026790576055645943,0.05049072507718901,0.03328242475576961,0.04350953709151023,0.05237259522273866
TR-003148,TR-C04716,2024-02-09,0,central,3,EDUCATIONAL_EXAMPLE,OOF,0.029059713916591925,0.035573478788137436,0.023057610080670206,0.029230267595133187,0.024558136039650635,0.04811480474712925
TR-008080,TR-C01613,2024-02-09,0,eastern,3,EDUCATIONAL_EXAMPLE,OOF,0.04081967234618971,0.028619349002838135,0.04075228697672654,0.03673043610858479,0.040769133319092335,0.05139610512710375
TR-008305,TR-C01062,2024-02-09,0,eastern,3,EDUCATIONAL_EXAMPLE,OOF,0.0691459768205223,0.09240977466106415,0.09765834213918709,0.08640469787359117,0.09053025080952089,0.06979963005482005
TR-006977,TR-C05750,2024-02-10,1,eastern,3,EDUCATIONAL_EXAMPLE,OOF,0.5716569414203464,0.6506087183952332,0.5941599247144619,0.6054751948433471,0.5885341788909331,0.6153159317258698
TR-007609,TR-C03257,2024-02-10,0,eastern,3,EDUCATIONAL_EXAMPLE,OOF,0.051525402219674346,0.060508716851472855,0.0488674170467325,0.053633845372626575,0.04953191333996797,0.05550710274912693
TR-007918,TR-C04805,2024-02-10,0,central,3,EDUCATIONAL_EXAMPLE,OOF,0.05601006513773335,0.05188503488898277,0.03864464657226073,0.04884658219965895,0.04298600121362889,0.0531055910712273
TR-007938,TR-C06079,2024-02-10,0,central,3,EDUCATIONAL_EXAMPLE,OOF,0.05891549542514744,0.06104449927806854,0.03401582556105551,0.051325273421423824,0.04024074302707849,0.052920192484061754
TR-008360,TR-C02724,2024-02-10,0,central,3,EDUCATIONAL_EXAMPLE,OOF,0.0203649032938392,0.02864934504032135,0.012532267640906702,0.02051550532502242,0.014490426554139827,0.04557436000181733
TR-001040,TR-C01701,2024-02-11,0,other,3,EDUCATIONAL_EXAMPLE,OOF,0.014913288434394786,0.015682032331824303,0.01618484943998092,0.015593390068733337,0.015866959188584388,0.04526589856031245
TR-001575,TR-C00012,2024-02-11,0,other,3,EDUCATIONAL_EXAMPLE,OOF,0.01439564141463281,0.0213514044880867,0.012173037390786115,0.015973361097835207,0.01272868839674779,0.04489236605246605
TR-001802,TR-C00486,2024-02-11,0,western,3,EDUCATIONAL_EXAMPLE,OOF,0.028925783499442147,0.024613074958324432,0.02260706586101018,0.025381974772925586,0.02418674527061817,0.047391725287726484
TR-001831,TR-C03706,2024-02-11,0,eastern,3,EDUCATIONAL_EXAMPLE,OOF,0.01140836793459283,0.020104486495256424,0.006822957173667614,0.012778603867838955,0.007969309863898918,0.04384080652946879
TR-001849,TR-C03440,2024-02-11,0,eastern,3,EDUCATIONAL_EXAMPLE,OOF,0.08542579621481958,0.16525296866893768,0.1079046438060299,0.11952780289659574,0.10228493190822732,0.07994902351612636
TR-002370,TR-C02199,2024-02-11,0,other,3,EDUCATIONAL_EXAMPLE,OOF,0.06869211804817786,0.0848381370306015,0.07155131228057718,0.07502718911978552,0.07083651372247735,0.06292847380582282
TR-006984,TR-C06494,2024-02-11,0,other,3,EDUCATIONAL_EXAMPLE,OOF,0.04534393531077558,0.04024625942111015,0.06570056370522498,0.050430252812370235,0.06061140660661263,0.05730922002263569
TR-007175,TR-C02318,2024-02-11,0,other,3,EDUCATIONAL_EXAMPLE,OOF,0.04299522716535107,0.05122114717960358,0.03613374069379654,0.04345003834625039,0.03784911231168517,0.05203150434498156
TR-007906,TR-C00932,2024-02-11,0,central,3,EDUCATIONAL_EXAMPLE,OOF,0.01326791202150908,0.014866958372294903,0.004060298032145808,0.01073172280864993,0.006362201529486626,0.04318255342763234
TR-009146,TR-C05534,2024-02-11,0,western,3,EDUCATIONAL_EXAMPLE,OOF,0.039363731406821006,0.04154178127646446,0.03529880571240438,0.03873477279856328,0.03631503713600854,0.05111660793925392
TR-000512,TR-C03662,2024-02-12,0,central,3,EDUCATIONAL_EXAMPLE,OOF,0.018471710027675992,0.023759398609399796,0.009673717646412049,0.01730160876116261,0.011873215741728034,0.04475856542988703
TR-002959,TR-C01949,2024-02-12,0,western,3,EDUCATIONAL_EXAMPLE,OOF,0.02854662077549627,0.030186738818883896,0.016715097825008112,0.02514948580646276,0.01967297856263015,0.04667684802535162
TR-003767,TR-C01867,2024-02-12,0,other,3,EDUCATIONAL_EXAMPLE,OOF,0.1845586157166686,0.16416259109973907,0.18922073006687418,0.17931397896109394,0.18805520147932278,0.11442824845040926
TR-009239,TR-C02260,2024-02-12,0,other,3,EDUCATIONAL_EXAMPLE,OOF,0.02558936889467761,0.041391775012016296,0.12227631455060346,0.06308581948576579,0.098104578136622,0.0693407082544751
TR-009726,TR-C05808,2024-02-12,0,other,3,EDUCATIONAL_EXAMPLE,OOF,0.009977841595945176,0.014900000765919685,0.009834023287203475,0.011570621883022778,0.009869977864388901,0.043998570231495546
TR-002119,TR-C01303,2024-02-13,0,other,3,EDUCATIONAL_EXAMPLE,OOF,0.03779705512014978,0.04595089703798294,0.044630113177769014,0.042792688445300577,0.04292184866336421,0.053111574697105944
TR-004067,TR-C04774,2024-02-13,0,central,3,EDUCATIONAL_EXAMPLE,OOF,0.030031306929294063,0.03568412363529205,0.05861845773724974,0.041444629433945286,0.05147167003526082,0.054865073345163926
TR-005656,TR-C01732,2024-02-13,0,central,3,EDUCATIONAL_EXAMPLE,OOF,0.010514702619588196,0.014321142807602882,0.006232432747912411,0.010356092725034497,0.007303000215831358,0.04340481981885556
TR-009963,TR-C01599,2024-02-13,0,central,3,EDUCATIONAL_EXAMPLE,OOF,0.04032227753791502,0.04972964897751808,0.02318447045463998,0.03774546565669103,0.027468922225458742,0.04942114307224109
TR-000174,TR-C02649,2024-02-14,0,western,3,EDUCATIONAL_EXAMPLE,OOF,0.015534627365203982,0.02465343289077282,0.024222606816965433,0.021470222357647412,0.022050611954025072,0.0471649821179302
TR-003015,TR-C03143,2024-02-14,0,eastern,3,EDUCATIONAL_EXAMPLE,OOF,0.013171392574086935,0.015464967116713524,0.013683307001567257,0.014106555564122573,0.013555328394697176,0.04477490830115893
TR-005351,TR-C05287,2024-02-14,0,western,3,EDUCATIONAL_EXAMPLE,OOF,0.022998497027903957,0.02347978949546814,0.03394392356904841,0.02680740336414017,0.0312075669337623,0.049106658782285345
TR-006148,TR-C04519,2024-02-14,0,other,3,EDUCATIONAL_EXAMPLE,OOF,0.02689605468424154,0.029806239530444145,0.022442972153200763,0.02638175545596215,0.023556242785960958,0.04758641888825294
TR-006226,TR-C02416,2024-02-14,1,central,3,EDUCATIONAL_EXAMPLE,OOF,0.11196842785775571,0.11025569587945938,0.08629180246556231,0.10283864206759247,0.09271095881361066,0.07079107854726127
TR-006651,TR-C02990,2024-02-14,1,eastern,3,EDUCATIONAL_EXAMPLE,OOF,0.060570948939730904,0.05387755110859871,0.03209474808404991,0.04884774937745984,0.03921379829797016,0.05216306219236674
TR-006935,TR-C04801,2024-02-14,0,western,3,EDUCATIONAL_EXAMPLE,OOF,0.054098749722977485,0.05266371741890907,0.035015339533844454,0.04725926889191034,0.039786192081127714,0.05237390871466315
TR-007573,TR-C00938,2024-02-14,1,other,3,EDUCATIONAL_EXAMPLE,OOF,0.05444664451515657,0.050134237855672836,0.06733163698515934,0.05730417311866292,0.06411038886765866,0.05876762629936905
TR-000070,TR-C04745,2024-02-15,1,western,3,EDUCATIONAL_EXAMPLE,OOF,0.5396926582002493,0.47496259212493896,0.7347121412831764,0.5831224638694549,0.6859572705124446,0.6815237908235584
TR-002871,TR-C02112,2024-02-15,0,central,3,EDUCATIONAL_EXAMPLE,OOF,0.06144077885415472,0.04729856178164482,0.021840416970507398,0.04352658586876898,0.03174050744141923,0.049872053656627315
TR-006264,TR-C00674,2024-02-15,0,central,3,EDUCATIONAL_EXAMPLE,OOF,0.06589253760810267,0.13211911916732788,0.0721285024960874,0.09004671975717264,0.07056951127409122,0.06658921452982561
TR-006978,TR-C01253,2024-02-15,0,eastern,3,EDUCATIONAL_EXAMPLE,OOF,0.027459135976635744,0.03240497037768364,0.01662105176300538,0.02549505270577492,0.01933057281641297,0.04674628592985846
TR-001962,TR-C06461,2024-02-16,0,central,3,EDUCATIONAL_EXAMPLE,OOF,0.03969622180753423,0.04950195550918579,0.03756269765370419,0.0422536249901414,0.038096078692161695,0.05205757088035348
TR-002187,TR-C03736,2024-02-16,0,western,3,EDUCATIONAL_EXAMPLE,OOF,0.011846407168461677,0.01478820014744997,0.005164875030154338,0.010599827448688662,0.006835258064731173,0.0433052477023434
TR-002306,TR-C05735,2024-02-16,0,central,3,EDUCATIONAL_EXAMPLE,OOF,0.040683965805563,0.037613581866025925,0.031403838545954285,0.03656712873918107,0.033723870360856466,0.0502042318284318
TR-003235,TR-C00092,2024-02-16,0,other,3,EDUCATIONAL_EXAMPLE,OOF,0.016186595139316726,0.020278744399547577,0.01577275340053577,0.01741269764646669,0.01587621383523101,0.04549879118032629
TR-003638,TR-C03021,2024-02-16,0,eastern,3,EDUCATIONAL_EXAMPLE,OOF,0.06530297084171015,0.07503321021795273,0.08411849142119941,0.07481822416028744,0.0794146112763271,0.06491108641344948
TR-004650,TR-C00941,2024-02-16,0,western,3,EDUCATIONAL_EXAMPLE,OOF,0.017225919385883023,0.02673916146159172,0.027309386110567865,0.02375815565268087,0.024788519429396656,0.047890819929034024
TR-004896,TR-C01292,2024-02-17,0,other,3,EDUCATIONAL_EXAMPLE,OOF,0.19758217447111243,0.20560531318187714,0.2267028610609457,0.20996344957131174,0.2194226894134874,0.13737236952283716
TR-005488,TR-C06484,2024-02-17,0,other,3,EDUCATIONAL_EXAMPLE,OOF,0.05333875105546599,0.058460693806409836,0.149162924655963,0.08698745650594626,0.12520688125583876,0.07961472472869714
TR-005545,TR-C02661,2024-02-17,0,eastern,3,EDUCATIONAL_EXAMPLE,OOF,0.020807348480173612,0.01565922424197197,0.014243558409433714,0.016903377043859764,0.015884505927118688,0.04515601709970991
TR-005892,TR-C01972,2024-02-17,0,eastern,3,EDUCATIONAL_EXAMPLE,OOF,0.07738728319314188,0.05286483094096184,0.05167002533402446,0.06064071315604272,0.058099339798803815,0.05672079824302973
TR-006156,TR-C04332,2024-02-17,0,eastern,3,EDUCATIONAL_EXAMPLE,OOF,0.036513347093538116,0.03286684677004814,0.025325285397637974,0.031568493087074746,0.02812230082161301,0.048648953643999446
TR-006262,TR-C04392,2024-02-17,0,central,3,EDUCATIONAL_EXAMPLE,OOF,0.032958504949242504,0.038860924541950226,0.02835872179536635,0.03339271709551969,0.02950866758383539,0.04941355531850693
TR-008796,TR-C01417,2024-02-17,0,eastern,3,EDUCATIONAL_EXAMPLE,OOF,0.02444601156961372,0.029362566769123077,0.03739732366846165,0.030401967335732815,0.03415949564374967,0.050149501764617084
TR-008921,TR-C06423,2024-02-17,0,other,3,EDUCATIONAL_EXAMPLE,OOF,0.160989003915573,0.1494099646806717,0.11739115798155701,0.14259670885926726,0.128290619465061,0.08605769282707831
TR-009400,TR-C00417,2024-02-17,0,other,3,EDUCATIONAL_EXAMPLE,OOF,0.08971869044631696,0.1433376967906952,0.14244693253526064,0.12516777325742426,0.12926487201302472,0.08834665887078134
TR-000998,TR-C04099,2024-02-18,1,western,3,EDUCATIONAL_EXAMPLE,OOF,0.09012001941200053,0.08255340158939362,0.09215324913997085,0.08827555671378834,0.09164494170797827,0.06875742751116193
TR-003430,TR-C02238,2024-02-18,0,western,3,EDUCATIONAL_EXAMPLE,OOF,0.01860211184393759,0.024727271869778633,0.021324397928615096,0.021551260547443774,0.02064382640744572,0.04678394347120524
TR-003827,TR-C00294,2024-02-18,0,eastern,3,EDUCATIONAL_EXAMPLE,OOF,0.07148609514660684,0.11654410511255264,0.1394445204863875,0.10915824024851566,0.12245491415144233,0.08352718872853658
TR-006611,TR-C04459,2024-02-18,0,eastern,3,EDUCATIONAL_EXAMPLE,OOF,0.04182904029718942,0.07333973050117493,0.05534610363721146,0.05683829147852527,0.05196683780220595,0.05727789515634245
TR-000825,TR-C06139,2024-02-19,0,western,3,EDUCATIONAL_EXAMPLE,OOF,0.44136398317915465,0.4659517705440521,0.37330391553666026,0.42687322308662234,0.3903189324472839,0.3250255316394348
TR-001974,TR-C01825,2024-02-19,0,eastern,3,EDUCATIONAL_EXAMPLE,OOF,0.23005381537066266,0.17938432097434998,0.18395987837427277,0.1977993382397618,0.19548336262337024,0.11830097731024362
TR-003259,TR-C04501,2024-02-19,0,western,3,EDUCATIONAL_EXAMPLE,OOF,0.03721525538357871,0.03010942041873932,0.024100867354380356,0.030475181052232795,0.027379464361679946,0.048295085731461844
TR-003798,TR-C03915,2024-02-19,0,western,3,EDUCATIONAL_EXAMPLE,OOF,0.0572820584365282,0.03117472305893898,0.023027032696139326,0.03716127139720217,0.031590789131236544,0.04895161049411143
TR-004653,TR-C04063,2024-02-19,0,central,3,EDUCATIONAL_EXAMPLE,OOF,0.07529101568960328,0.08952338993549347,0.07980474113827045,0.08153971558778907,0.07867630977610365,0.06554207356543593
TR-005542,TR-C03468,2024-02-19,0,central,3,EDUCATIONAL_EXAMPLE,OOF,0.048721277959932904,0.05449916422367096,0.07675389631257014,0.059991446165391336,0.06974574172441084,0.06085748541924803
TR-001284,TR-C03030,2024-02-20,0,eastern,3,EDUCATIONAL_EXAMPLE,OOF,0.025371765475652373,0.023528188467025757,0.02229843500740942,0.023732796316695847,0.023066767624470158,0.047139992885994075
TR-004784,TR-C01892,2024-02-20,0,western,3,EDUCATIONAL_EXAMPLE,OOF,0.1677522556981632,0.1465202271938324,0.1729981383650354,0.16242354041901033,0.17168666769831734,0.10472301129437829
TR-004810,TR-C05546,2024-02-20,0,eastern,3,EDUCATIONAL_EXAMPLE,OOF,0.01982689120944117,0.02571761980652809,0.017711211550810204,0.021085240855593157,0.018240131465467945,0.04626673691412308
TR-007848,TR-C01813,2024-02-20,0,western,3,EDUCATIONAL_EXAMPLE,OOF,0.01919066926027053,0.019312936812639236,0.008536695778396912,0.01568010061710223,0.011200189148865317,0.04435478420021486
TR-000238,TR-C00242,2024-02-21,0,central,3,EDUCATIONAL_EXAMPLE,OOF,0.020049478277320506,0.021072566509246826,0.02451864985570273,0.021880231547423357,0.023401356961107175,0.04718182376572664
TR-000479,TR-C04208,2024-02-21,1,eastern,3,EDUCATIONAL_EXAMPLE,OOF,0.5271994937495096,0.36977526545524597,0.3004454248922512,0.3991400613656689,0.3571339421065658,0.25673590539003677
TR-002385,TR-C02106,2024-02-21,0,eastern,3,EDUCATIONAL_EXAMPLE,OOF,0.03476915684581659,0.02462693862617016,0.021163028853462947,0.026853041441816567,0.024564560851551356,0.047363763619579245
TR-005285,TR-C06306,2024-02-21,0,eastern,3,EDUCATIONAL_EXAMPLE,OOF,0.018947772460209258,0.021573632955551147,0.009974234624178308,0.016831880013312903,0.012217619083186046,0.044705704564259305
TR-006494,TR-C06388,2024-02-21,0,other,3,EDUCATIONAL_EXAMPLE,OOF,0.02953744755819752,0.04580539092421532,0.06542164846939923,0.04692149565060402,0.0564505982415988,0.05691469272215859
TR-006557,TR-C01314,2024-02-21,0,western,3,EDUCATIONAL_EXAMPLE,OOF,0.049855909874195865,0.0641506016254425,0.02178003455333772,0.04526218201765869,0.028799003383552256,0.05042282640917546
TR-006859,TR-C04732,2024-02-21,0,eastern,3,EDUCATIONAL_EXAMPLE,OOF,0.016354837148875676,0.016848839819431305,0.01034703430223542,0.014516903756847466,0.011848985013895485,0.04441584293409702
TR-007549,TR-C00102,2024-02-21,0,western,3,EDUCATIONAL_EXAMPLE,OOF,0.009685968482412847,0.011799396015703678,0.006190168523660513,0.00922517767392568,0.007064118513348597,0.043235051596650045
TR-008132,TR-C02898,2024-02-21,1,central,3,EDUCATIONAL_EXAMPLE,OOF,0.7120483416315403,0.6244741082191467,0.6078120942442964,0.6481115146983277,0.6338711560911073,0.6474300607694133
TR-009076,TR-C01783,2024-02-21,0,eastern,3,EDUCATIONAL_EXAMPLE,OOF,0.030238471288691414,0.04576748609542847,0.010035172564661594,0.028680376649593827,0.015085997245669048,0.046480669355988005
TR-002089,TR-C02392,2024-02-22,0,other,3,EDUCATIONAL_EXAMPLE,OOF,0.019738053051321307,0.02750486508011818,0.03291303923564463,0.026718652455694703,0.029619292689563797,0.04903273700414805
TR-004819,TR-C01710,2024-02-22,0,central,3,EDUCATIONAL_EXAMPLE,OOF,0.04405583982661676,0.04273585230112076,0.037374945763856485,0.041388879297198,0.03904516927954656,0.05177657902322333
TR-005252,TR-C05961,2024-02-22,0,other,3,EDUCATIONAL_EXAMPLE,OOF,0.07186605845759969,0.07733005285263062,0.07655395346887857,0.07525002159303629,0.07538197971605885,0.06366352000048588
TR-009715,TR-C02484,2024-02-22,0,eastern,3,EDUCATIONAL_EXAMPLE,OOF,0.01710070705441152,0.025982512161135674,0.013836624224608574,0.01897328114671859,0.014652644932059311,0.04552487340535121
TR-002115,TR-C04607,2024-02-23,0,central,3,EDUCATIONAL_EXAMPLE,OOF,0.01427928902041999,0.017011012881994247,0.007113958073818619,0.012801419992077618,0.00890529081046896,0.043823581359077844
TR-002315,TR-C02162,2024-02-23,0,other,3,EDUCATIONAL_EXAMPLE,OOF,0.044822683574421714,0.03951242193579674,0.030040825945476815,0.03812531048523175,0.03373629035271304,0.05023605599149271
TR-006018,TR-C01573,2024-02-23,0,central,3,EDUCATIONAL_EXAMPLE,OOF,0.07585634069465816,0.08670021593570709,0.043974287780103885,0.06884361480348972,0.05194480100874245,0.05738385205185145
TR-007715,TR-C05013,2024-02-23,0,western,3,EDUCATIONAL_EXAMPLE,OOF,0.033076182438258654,0.02866375260055065,0.04343913644268281,0.0350596904938307,0.04084839794157677,0.0515860913814526
TR-008019,TR-C04506,2024-02-23,0,other,3,EDUCATIONAL_EXAMPLE,OOF,0.04527158138840944,0.0372147411108017,0.034689174736559004,0.03905849907859005,0.03733477639952161,0.05097596433272125
TR-008938,TR-C00376,2024-02-23,0,other,3,EDUCATIONAL_EXAMPLE,OOF,0.010202544241308807,0.01895637810230255,0.015256445904387949,0.014805122749333101,0.013992970488618164,0.04512016641679701
TR-009287,TR-C01183,2024-02-23,0,eastern,3,EDUCATIONAL_EXAMPLE,OOF,0.014180731070771937,0.01516859233379364,0.013579695085316722,0.014309672829960767,0.013729954081680526,0.04477805890628549
TR-003891,TR-C03162,2024-02-24,0,eastern,3,EDUCATIONAL_EXAMPLE,OOF,0.058258280842830995,0.032599713653326035,0.016629654492990784,0.03582921632971594,0.027036811080450838,0.04793415798789311
TR-005621,TR-C04207,2024-02-24,0,eastern,3,EDUCATIONAL_EXAMPLE,OOF,0.03435923215508155,0.02909066341817379,0.021893791379530014,0.02844789565092845,0.025010151573417898,0.04773504972347327
TR-006391,TR-C01661,2024-02-24,1,western,3,EDUCATIONAL_EXAMPLE,OOF,0.26739615776601594,0.291565865278244,0.3949956202116187,0.3179858810852929,0.36309575460021803,0.2654922343584116
TR-007232,TR-C06221,2024-02-24,0,western,3,EDUCATIONAL_EXAMPLE,OOF,0.01858945294393867,0.021559305489063263,0.010229767845572993,0.01679284209285831,0.012319689120164411,0.044734160302569
TR-007333,TR-C03585,2024-02-24,1,western,3,EDUCATIONAL_EXAMPLE,OOF,0.1370746742936179,0.24249999225139618,0.26432203418883743,0.21463223357795047,0.23251019421503255,0.15501456303089778
TR-008302,TR-C00058,2024-02-24,0,other,3,EDUCATIONAL_EXAMPLE,OOF,0.0590557587813146,0.08012903481721878,0.07262617122829067,0.07060365494227468,0.06923356811654666,0.06233938198077762
TR-009417,TR-C01644,2024-02-24,0,other,3,EDUCATIONAL_EXAMPLE,OOF,0.009392495211885721,0.012916223146021366,0.011543560616424113,0.011284092991443733,0.011005794265289515,0.04414896038153728
TR-009600,TR-C00497,2024-02-24,0,central,3,EDUCATIONAL_EXAMPLE,OOF,0.07164941818103894,0.09145762771368027,0.0832814073650472,0.08212948441992213,0.08037341006904514,0.06633256822651498
TR-000949,TR-C06029,2024-02-25,0,other,3,EDUCATIONAL_EXAMPLE,OOF,0.0216120771795096,0.019934173673391342,0.028012402437175826,0.023186217763358923,0.02641232112275927,0.04778635806904841
TR-001542,TR-C01368,2024-02-25,0,central,3,EDUCATIONAL_EXAMPLE,OOF,0.024142015892207654,0.030980143696069717,0.03820974617695144,0.031110635255076274,0.034692813605765496,0.05038609889525254
TR-002574,TR-C01365,2024-02-25,0,western,3,EDUCATIONAL_EXAMPLE,OOF,0.054532401569375256,0.059592824429273605,0.052619750420969655,0.0555816588065395,0.05309791320807106,0.056345142793975955
TR-005337,TR-C02110,2024-02-25,0,eastern,3,EDUCATIONAL_EXAMPLE,OOF,0.013189700366697208,0.01820235140621662,0.008543706891401286,0.013311919554771704,0.009705205260225266,0.044081202832576494
TR-007961,TR-C05335,2024-02-25,0,central,3,EDUCATIONAL_EXAMPLE,OOF,0.3458105348349364,0.3094704747200012,0.1798628093952732,0.2783812729834036,0.22134974075518898,0.14681569425927865
TR-008771,TR-C04687,2024-02-25,1,central,3,EDUCATIONAL_EXAMPLE,OOF,0.16597985598055842,0.2689199149608612,0.1724134356264053,0.20243773552260833,0.17080504071494357,0.11997101249422444
TR-001005,TR-C00094,2024-02-26,0,other,3,EDUCATIONAL_EXAMPLE,OOF,0.07067580868159541,0.07525751739740372,0.0972819566878368,0.08107176092227864,0.09063041968627646,0.06837556541741657
TR-001312,TR-C01556,2024-02-26,0,central,3,EDUCATIONAL_EXAMPLE,OOF,0.026751573273684062,0.03687804564833641,0.04255330330425399,0.03539430740875815,0.03860287079661151,0.05167192066384602
TR-001363,TR-C01949,2024-02-26,0,western,3,EDUCATIONAL_EXAMPLE,OOF,0.015457183176617605,0.016875360161066055,0.009741983542887356,0.014024842293523673,0.011170783451319919,0.044285981001046235
TR-001532,TR-C02758,2024-02-26,0,central,3,EDUCATIONAL_EXAMPLE,OOF,0.012813535495218827,0.01280057244002819,0.0023358092803252026,0.009316639071857405,0.0049552408340486085,0.042783633989585325
TR-002293,TR-C04545,2024-02-26,1,other,3,EDUCATIONAL_EXAMPLE,OOF,0.03213632878226026,0.04411935806274414,0.029718322712865657,0.03532466985262336,0.030322824230214308,0.049946973205623454
TR-007065,TR-C03858,2024-02-26,0,eastern,3,EDUCATIONAL_EXAMPLE,OOF,0.08168374904779965,0.12264987826347351,0.10447402608829526,0.1029358844665228,0.09877645682817135,0.07487799754494619
TR-007738,TR-C01568,2024-02-26,0,western,3,EDUCATIONAL_EXAMPLE,OOF,0.012170897002637909,0.024013971909880638,0.008396332972980683,0.014860400628499743,0.009339973980394989,0.044335431328741806
TR-000414,TR-C03591,2024-02-27,0,western,3,EDUCATIONAL_EXAMPLE,OOF,0.016951735799942216,0.028947411105036736,0.028349494957901462,0.024749547287626805,0.02550005516841165,0.048193491324682446
TR-000605,TR-C06362,2024-02-27,0,western,3,EDUCATIONAL_EXAMPLE,OOF,0.025688200756140474,0.029989732429385185,0.040048386444164294,0.03190877320989665,0.036458340022158336,0.05072906993726603
TR-003416,TR-C03086,2024-02-27,0,eastern,3,EDUCATIONAL_EXAMPLE,OOF,0.033146976408366044,0.052617110311985016,0.016197593459773972,0.03398722672670834,0.020434939196921992,0.04805932207434683
TR-005019,TR-C05209,2024-02-27,1,eastern,3,EDUCATIONAL_EXAMPLE,OOF,0.0869599436838619,0.08784632384777069,0.14187066146197352,0.10555897633120204,0.12814298201744562,0.08243819044822034
TR-005392,TR-C04790,2024-02-27,0,western,3,EDUCATIONAL_EXAMPLE,OOF,0.022316203793466584,0.02599724940955639,0.012425238654755453,0.020246230619259478,0.014897979939433235,0.04548042327880509
TR-007513,TR-C04293,2024-02-27,0,western,3,EDUCATIONAL_EXAMPLE,OOF,0.02361282898002239,0.022300606593489647,0.033906172760962694,0.026606536111491576,0.03133283681572762,0.049053574722494456
TR-000959,TR-C01067,2024-02-28,0,central,3,EDUCATIONAL_EXAMPLE,OOF,0.1063584553779929,0.10253158211708069,0.09666707086344745,0.10185236945284033,0.0990899169920838,0.07248383594575844
TR-003830,TR-C01472,2024-02-28,0,eastern,3,EDUCATIONAL_EXAMPLE,OOF,0.03846114466965955,0.03472663089632988,0.029269490960024857,0.0341524221753381,0.03156740438743353,0.04954886867913001
TR-004681,TR-C00404,2024-02-28,0,western,3,EDUCATIONAL_EXAMPLE,OOF,0.012837423416771094,0.021130062639713287,0.014578396554323678,0.016181960870269352,0.01414315326993553,0.04522344222734458
TR-004866,TR-C00608,2024-02-28,0,eastern,3,EDUCATIONAL_EXAMPLE,OOF,0.030913216299633103,0.03042224980890751,0.01476307950728911,0.02536618187194324,0.01880061370537511,0.0464442172744227
TR-005711,TR-C02003,2024-02-28,0,other,3,EDUCATIONAL_EXAMPLE,OOF,0.07812103451738764,0.0368012972176075,0.009216177051559853,0.04137950292885167,0.026442391418016797,0.04764007711855846
TR-006474,TR-C03651,2024-02-28,0,central,3,EDUCATIONAL_EXAMPLE,OOF,0.013227343170020854,0.017207583412528038,0.008335148821560182,0.012923358468036357,0.00955819740867535,0.04399493752270203
TR-006552,TR-C03401,2024-02-28,0,other,3,EDUCATIONAL_EXAMPLE,OOF,0.03404067829699371,0.03305550664663315,0.024442854150532527,0.030513013031386465,0.026842310187147823,0.048406052066309546
TR-007008,TR-C04712,2024-02-28,1,eastern,3,EDUCATIONAL_EXAMPLE,OOF,0.26543523260854635,0.3201417326927185,0.15143795083882997,0.24567163871336492,0.17993727128125905,0.12741811325606633
TR-007803,TR-C02188,2024-02-28,0,other,3,EDUCATIONAL_EXAMPLE,OOF,0.3980260646486686,0.31441906094551086,0.35623119084505955,0.35622543881307966,0.36667990929596184,0.26354419585984834
TR-001087,TR-C00724,2024-02-29,0,central,3,EDUCATIONAL_EXAMPLE,OOF,0.030155725772680952,0.027770154178142548,0.010188762111235873,0.022704880687353126,0.015180503026597143,0.04549175489763603
TR-003392,TR-C03372,2024-02-29,1,other,3,EDUCATIONAL_EXAMPLE,OOF,0.03420297190216813,0.03372357040643692,0.0637421994737438,0.043889580594116274,0.056357392580849874,0.05595473265231918
TR-004563,TR-C01535,2024-02-29,0,other,3,EDUCATIONAL_EXAMPLE,OOF,0.016892715732346523,0.03167639300227165,0.0429311544684196,0.030500087734345926,0.03642154478440133,0.051012098088719815
TR-004664,TR-C01120,2024-02-29,0,eastern,3,EDUCATIONAL_EXAMPLE,OOF,0.023618097896669778,0.03520599380135536,0.023480826152177316,0.027434972616734152,0.02351514408830043,0.04795753678559305
TR-005501,TR-C02071,2024-02-29,0,eastern,3,EDUCATIONAL_EXAMPLE,OOF,0.06107607994071552,0.08531521260738373,0.08162801265035231,0.07600643506615051,0.07649002947294312,0.06490962178654328
TR-007565,TR-C05816,2024-02-29,0,western,3,EDUCATIONAL_EXAMPLE,OOF,0.050853234449314944,0.055711157619953156,0.091203323955966,0.06592257200841137,0.08111580157930323,0.06433044125047083
TR-007815,TR-C05814,2024-02-29,0,eastern,3,EDUCATIONAL_EXAMPLE,OOF,0.025310309860635698,0.0493989959359169,0.046352687118020146,0.04035399763819092,0.041092092803674034,0.05313734607176646
TR-008378,TR-C03720,2024-02-29,0,central,3,EDUCATIONAL_EXAMPLE,OOF,0.030610295083503002,0.030327973887324333,0.03205190017904707,0.030996723049958135,0.031691498905161056,0.04947706299068727
TR-008478,TR-C00116,2024-02-29,0,central,3,EDUCATIONAL_EXAMPLE,OOF,0.016032287158946855,0.03185637667775154,0.017527731355080182,0.021805465063926194,0.01715387030604685,0.046441256806269725
TR-000966,TR-C00427,2024-03-01,0,other,3,EDUCATIONAL_EXAMPLE,OOF,0.05035408285434488,0.05705460533499718,0.06977867002516357,0.05906245273816854,0.0649225232324589,0.05959524351000267
TR-006106,TR-C06486,2024-03-01,0,other,3,EDUCATIONAL_EXAMPLE,OOF,0.23869161783716042,0.12245090305805206,0.13951016668889454,0.16688422919470236,0.164305529475961,0.09568882378619166
TR-007291,TR-C01572,2024-03-01,0,eastern,3,EDUCATIONAL_EXAMPLE,OOF,0.016052049114612128,0.012789737433195114,0.007420530336657667,0.012087438961488303,0.009578410031146282,0.04370952408428685
TR-000317,TR-C04653,2024-03-02,0,central,3,EDUCATIONAL_EXAMPLE,OOF,0.07429911263163222,0.07924511283636093,0.19455465483886414,0.11603296010228577,0.16449076928705617,0.09728284166893371
TR-001546,TR-C01001,2024-03-02,1,western,3,EDUCATIONAL_EXAMPLE,OOF,0.06896186211963481,0.0809592753648758,0.108684810945567,0.08620198281002588,0.09875407373908396,0.07162538918953834
TR-001655,TR-C01971,2024-03-02,1,eastern,3,EDUCATIONAL_EXAMPLE,OOF,0.5052554195607468,0.39989855885505676,0.38839478236714375,0.4311829202609824,0.41760994166554455,0.33113738359778433
TR-001922,TR-C03128,2024-03-02,0,other,3,EDUCATIONAL_EXAMPLE,OOF,0.05313341889238037,0.07914407551288605,0.06454759660367196,0.06560836366964613,0.061694052175849064,0.06018325686365732
TR-005128,TR-C00022,2024-03-02,0,other,3,EDUCATIONAL_EXAMPLE,OOF,0.07211034215463188,0.0499795526266098,0.026923848879678428,0.04967124788697338,0.03822047219841679,0.05141576262285305
TR-008248,TR-C05464,2024-03-02,1,other,3,EDUCATIONAL_EXAMPLE,OOF,0.3491541846678921,0.2738584876060486,0.2646305912217162,0.2958810878318856,0.2857614895832602,0.1861855783223414
TR-008712,TR-C05365,2024-03-02,0,western,3,EDUCATIONAL_EXAMPLE,OOF,0.13968912595857239,0.16197365522384644,0.0993050829701701,0.13365595471752964,0.10940109371727066,0.08057427677023803
TR-001613,TR-C00014,2024-03-03,0,other,3,EDUCATIONAL_EXAMPLE,OOF,0.012830605552929518,0.018053395673632622,0.01955515681527105,0.016813052680611063,0.017874018999685666,0.04588806999001138
TR-002360,TR-C00528,2024-03-03,0,central,3,EDUCATIONAL_EXAMPLE,OOF,0.06517821093899627,0.044488031417131424,0.09273748097479814,0.06746790777697527,0.08584766346584767,0.06455141877051801
TR-004112,TR-C05331,2024-03-03,0,other,3,EDUCATIONAL_EXAMPLE,OOF,0.02161827106631236,0.03674345090985298,0.04538468916850614,0.03458213704822383,0.03944308464295769,0.051987792705767984
TR-004537,TR-C01376,2024-03-03,0,eastern,3,EDUCATIONAL_EXAMPLE,OOF,0.03276978186610473,0.037392646074295044,0.04147563480122892,0.03721268758054289,0.039299171567447874,0.051749698803514356
TR-005812,TR-C03651,2024-03-03,0,central,3,EDUCATIONAL_EXAMPLE,OOF,0.011642893881819986,0.018162716180086136,0.00999854760619782,0.013268052556034646,0.010409634175103362,0.04426120275745429
TR-006785,TR-C04036,2024-03-03,0,western,3,EDUCATIONAL_EXAMPLE,OOF,0.18569789497418818,0.19494351744651794,0.10074696902881843,0.1604627938165082,0.12198470051516086,0.08723946742829317
TR-007958,TR-C04543,2024-03-03,0,other,3,EDUCATIONAL_EXAMPLE,OOF,0.021734539170219024,0.018990127369761467,0.004844057131604881,0.015189574557195122,0.009066677641258417,0.043826555706427045
TR-008873,TR-C02314,2024-03-03,0,central,3,EDUCATIONAL_EXAMPLE,OOF,0.041808828036037984,0.03897351771593094,0.02593717284252696,0.03557317286483196,0.029905086640904716,0.04933249877801753
TR-009489,TR-C01298,2024-03-03,0,eastern,3,EDUCATIONAL_EXAMPLE,OOF,0.04343329373350593,0.05501016974449158,0.05333081716024071,0.05059142687941274,0.05085643630355702,0.05568337906769186
TR-001382,TR-C01966,2024-03-04,0,central,3,EDUCATIONAL_EXAMPLE,OOF,0.045751837058624456,0.05251995474100113,0.06538905490455144,0.05455361556805901,0.06047975044306969,0.058117947600682125
TR-003006,TR-C02684,2024-03-04,0,western,3,EDUCATIONAL_EXAMPLE,OOF,0.28410212162793436,0.35823681950569153,0.4142653135046311,0.35220141821275236,0.3817245155354569,0.3007858135009793
TR-005549,TR-C01774,2024-03-04,1,western,3,EDUCATIONAL_EXAMPLE,OOF,0.11841061602765683,0.17010056972503662,0.12948455765157263,0.1393319144680887,0.12671607224559367,0.08903170271407287
TR-006280,TR-C06492,2024-03-04,0,other,3,EDUCATIONAL_EXAMPLE,OOF,0.11623541849390859,0.11845319718122482,0.16087988292666036,0.13185616620059792,0.1497187668184724,0.09345104756009831
TR-006966,TR-C00971,2024-03-04,0,other,3,EDUCATIONAL_EXAMPLE,OOF,0.04500126151973172,0.056160494685173035,0.0913683510327003,0.06417670241253502,0.07977657865445816,0.06410584733779856
TR-007529,TR-C02153,2024-03-04,0,other,3,EDUCATIONAL_EXAMPLE,OOF,0.20051415831172603,0.22002467513084412,0.27100643286974196,0.23051508877077068,0.253383364230238,0.16177266525714862
TR-007878,TR-C05581,2024-03-04,0,eastern,3,EDUCATIONAL_EXAMPLE,OOF,0.026215233875623006,0.048512961715459824,0.06716513549882927,0.0472977770299707,0.0569276600930277,0.05731307351037374
TR-001217,TR-C05558,2024-03-05,0,eastern,3,EDUCATIONAL_EXAMPLE,OOF,0.03816686260921294,0.04369150847196579,0.012695921633100972,0.03151809757142657,0.019063656877128965,0.047119957920556024
TR-001703,TR-C05417,2024-03-05,0,other,3,EDUCATIONAL_EXAMPLE,OOF,0.029898059808494602,0.03282301127910614,0.037905649989741504,0.03354224035911408,0.03590375244442978,0.050676673560779706
TR-002402,TR-C01317,2024-03-05,0,other,3,EDUCATIONAL_EXAMPLE,OOF,0.012967732041106895,0.019182613119482994,0.009297872750363825,0.01381607263698457,0.010215337573049592,0.04424935701441679
TR-005318,TR-C02801,2024-03-05,1,central,3,EDUCATIONAL_EXAMPLE,OOF,0.3940592977607539,0.32744041085243225,0.3200419055177373,0.3471805380436412,0.33854625357849144,0.23972920121730512
TR-005937,TR-C06409,2024-03-05,0,other,3,EDUCATIONAL_EXAMPLE,OOF,0.03180208367422931,0.04088088124990463,0.027672807551669648,0.0334519241586012,0.028705126582309566,0.04936469955420158
TR-005957,TR-C05745,2024-03-05,0,western,3,EDUCATIONAL_EXAMPLE,OOF,0.04426813189458848,0.03798731043934822,0.018787857154864515,0.0336810998296004,0.02515792583979551,0.04809000619995936
TR-006530,TR-C03143,2024-03-05,0,eastern,3,EDUCATIONAL_EXAMPLE,OOF,0.009321368338679158,0.012553500011563301,0.0048440202920883085,0.008906296214110257,0.005963357303736021,0.04304744378287996
TR-008171,TR-C05732,2024-03-05,0,other,3,EDUCATIONAL_EXAMPLE,OOF,0.1173908448959697,0.09700549393892288,0.152554195762022,0.1223168448656382,0.14376335804550894,0.0885963257601074
TR-009008,TR-C02996,2024-03-05,0,eastern,3,EDUCATIONAL_EXAMPLE,OOF,0.011279938387855152,0.015925444662570953,0.003820610983263763,0.010341998011229958,0.00568544283441161,0.0431308643050531
TR-009126,TR-C03236,2024-03-05,0,central,3,EDUCATIONAL_EXAMPLE,OOF,0.00941584092482203,0.009686687961220741,0.0040629327242421446,0.0077218205367616385,0.005401159774387116,0.04277584484908085
TR-009201,TR-C00017,2024-03-05,0,other,3,EDUCATIONAL_EXAMPLE,OOF,0.14468687817335685,0.14780759811401367,0.20582928067591982,0.16610791898776345,0.19054368005027908,0.11539410300669714
TR-000592,TR-C02354,2024-03-06,0,other,3,EDUCATIONAL_EXAMPLE,OOF,0.009340701317623833,0.011856337077915668,0.006462904650989661,0.00921998101550972,0.007182353817648204,0.043269603848115415
TR-001729,TR-C05961,2024-03-06,0,other,3,EDUCATIONAL_EXAMPLE,OOF,0.06516796223235433,0.06627175211906433,0.09436586428457037,0.07526852621199635,0.08706638877151636,0.06664778081329052
TR-002611,TR-C02204,2024-03-06,0,eastern,3,EDUCATIONAL_EXAMPLE,OOF,0.2875141171610011,0.2503930330276489,0.2103272800390964,0.24941147674258216,0.22962398931957256,0.14590449034529906
TR-007042,TR-C02115,2024-03-06,1,eastern,3,EDUCATIONAL_EXAMPLE,OOF,0.2060029243567682,0.19439111649990082,0.5296764328502198,0.3100234912356296,0.4487580557268569,0.3376988030113554
TR-007193,TR-C05934,2024-03-06,0,central,3,EDUCATIONAL_EXAMPLE,OOF,0.03856416983042615,0.05954211950302124,0.0484099814455648,0.0488387569263374,0.04594852854178014,0.054779107086477506
TR-007380,TR-C01076,2024-03-06,0,central,3,EDUCATIONAL_EXAMPLE,OOF,0.11460994427048714,0.06768549978733063,0.1076228464766315,0.09663943017814976,0.10936962092509542,0.07279810580098087
TR-008344,TR-C04290,2024-03-06,1,central,3,EDUCATIONAL_EXAMPLE,OOF,0.05153396138327837,0.05766245722770691,0.03921694840294572,0.04947112233797699,0.042296201648028886,0.053399484997689414
TR-008351,TR-C04049,2024-03-06,0,central,3,EDUCATIONAL_EXAMPLE,OOF,0.031273161995302,0.03925644978880882,0.04678199844267597,0.0391038700755956,0.04290478933083248,0.0528215261313183
TR-008970,TR-C03195,2024-03-06,0,western,3,EDUCATIONAL_EXAMPLE,OOF,0.043453461969026844,0.05277872830629349,0.03125580012005032,0.042495996798456885,0.03430521558229445,0.05122515265638966
TR-009888,TR-C04224,2024-03-06,0,central,3,EDUCATIONAL_EXAMPLE,OOF,0.007736404002213531,0.01310594193637371,0.00697568382074619,0.009272676586444477,0.007165863866113025,0.04336184996552729
TR-002546,TR-C02459,2024-03-07,0,other,3,EDUCATIONAL_EXAMPLE,OOF,0.06007039454919406,0.07787882536649704,0.025758680744784462,0.05456930022015852,0.03433660919588686,0.05245297873001401
TR-003328,TR-C02040,2024-03-07,0,western,3,EDUCATIONAL_EXAMPLE,OOF,0.23355553482900654,0.11160460859537125,0.22816660782572554,0.19110891708336777,0.22951383957654578,0.1276757025200962
TR-003731,TR-C00246,2024-03-07,0,western,3,EDUCATIONAL_EXAMPLE,OOF,0.10344302882482033,0.1048390194773674,0.10950636697352188,0.10592947175856987,0.10799053243634649,0.07592599133266477
TR-004335,TR-C04648,2024-03-07,0,other,3,EDUCATIONAL_EXAMPLE,OOF,0.04185293457251501,0.05853462219238281,0.11334205516236456,0.07124320397575414,0.09546977501490217,0.06941819042682452
TR-006420,TR-C02917,2024-03-07,0,eastern,3,EDUCATIONAL_EXAMPLE,OOF,0.03042950134157472,0.042677249759435654,0.04191787576293076,0.038341542287980375,0.03904578215759175,0.05206969657620402
TR-006438,TR-C03405,2024-03-07,0,eastern,3,EDUCATIONAL_EXAMPLE,OOF,0.017979797727016366,0.01754572056233883,0.004830129574395602,0.013451882621250267,0.008117546612550793,0.043614096112348615
TR-007399,TR-C04134,2024-03-07,0,other,3,EDUCATIONAL_EXAMPLE,OOF,0.028121360901409053,0.025719083845615387,0.017182574729970146,0.023674339825664862,0.019917271272829874,0.04648681700436684
TR-008953,TR-C01764,2024-03-07,0,eastern,3,EDUCATIONAL_EXAMPLE,OOF,0.05009485523025873,0.037707895040512085,0.023628222562146473,0.03714365761097243,0.030244880729174535,0.049166949214921485
TR-000429,TR-C03973,2024-03-08,0,western,3,EDUCATIONAL_EXAMPLE,OOF,0.008917511177626864,0.013166533783078194,0.0034484256979367095,0.00851082355288059,0.0048156970678592485,0.042843997299121625
TR-000499,TR-C05559,2024-03-08,0,western,3,EDUCATIONAL_EXAMPLE,OOF,0.5228095290609315,0.4835164546966553,0.6477716675218452,0.5513658837598107,0.6165311329066168,0.6038287028245546
TR-000873,TR-C02219,2024-03-08,0,western,3,EDUCATIONAL_EXAMPLE,OOF,0.010587130653069694,0.011792609468102455,0.003728954356526836,0.008702898159232995,0.0054434984306625505,0.04287418820160332
TR-000887,TR-C02001,2024-03-08,0,central,3,EDUCATIONAL_EXAMPLE,OOF,0.3216708215554337,0.25761061906814575,0.24248625235175042,0.27392256432511,0.2622823946526712,0.1673326612225387
TR-001441,TR-C05871,2024-03-08,0,western,3,EDUCATIONAL_EXAMPLE,OOF,0.02383177236591525,0.023854117840528488,0.02678709502597731,0.024824328410807017,0.026048264360961797,0.0478850184640035
TR-002197,TR-C05769,2024-03-08,0,western,3,EDUCATIONAL_EXAMPLE,OOF,0.011833113438286726,0.011774662882089615,0.004528358225048611,0.009378711515141651,0.00635454702835814,0.04304360814097407
TR-000753,TR-C03902,2024-03-09,0,western,3,EDUCATIONAL_EXAMPLE,OOF,0.010449749374085288,0.010198203846812248,0.002474410206768839,0.007707454475888792,0.004468244998597951,0.04258751285023638
TR-001020,TR-C00142,2024-03-09,0,central,3,EDUCATIONAL_EXAMPLE,OOF,0.030988653681796294,0.054865725338459015,0.09067514455445953,0.05884317452490495,0.07575352183629372,0.06314110148392287
TR-001385,TR-C00930,2024-03-09,0,western,3,EDUCATIONAL_EXAMPLE,OOF,0.04356868955733668,0.07742335647344589,0.12190304849978825,0.08096503151019027,0.10231945876417536,0.07331056097589543
TR-007608,TR-C00137,2024-03-09,0,central,3,EDUCATIONAL_EXAMPLE,OOF,0.08400794484792477,0.07977539300918579,0.12315215026861899,0.09564516270857652,0.11336609891344543,0.0762194336205641
TR-007998,TR-C05540,2024-03-09,0,other,3,EDUCATIONAL_EXAMPLE,OOF,0.09053362520832645,0.0974603146314621,0.13864563369613792,0.1088798578453088,0.12661763157418504,0.0826563351106039
TR-009345,TR-C05626,2024-03-09,0,eastern,3,EDUCATIONAL_EXAMPLE,OOF,0.07939385760374401,0.08578215539455414,0.10457381867821705,0.08991661055883841,0.09827882840959878,0.07156678802907214
TR-000526,TR-C05493,2024-03-10,0,western,3,EDUCATIONAL_EXAMPLE,OOF,0.03185672211894748,0.032727982848882675,0.024582686739541285,0.029722463902457145,0.026401195584392835,0.0483265610188856
TR-000971,TR-C00250,2024-03-10,0,western,3,EDUCATIONAL_EXAMPLE,OOF,0.03324094915516219,0.024586807936429977,0.017247753778875954,0.02502517029015604,0.021246052622947514,0.04662585170146827
TR-001933,TR-C05652,2024-03-10,0,other,3,EDUCATIONAL_EXAMPLE,OOF,0.030397244842746078,0.03526119887828827,0.024855781480410916,0.030171408400481756,0.026241147320994706,0.04846782514828196
TR-003398,TR-C03740,2024-03-10,0,central,3,EDUCATIONAL_EXAMPLE,OOF,0.039672670832916625,0.029923710972070694,0.033563842743245656,0.03438674151607766,0.0350910497656634,0.05009168482242028
TR-004702,TR-C06177,2024-03-10,0,other,3,EDUCATIONAL_EXAMPLE,OOF,0.04216291197018396,0.051253609359264374,0.07824326480028437,0.057219928709910904,0.06922317659275927,0.06063200761672144
TR-007464,TR-C01703,2024-03-10,0,other,3,EDUCATIONAL_EXAMPLE,OOF,0.013245241074794188,0.014151749201118946,0.011165796069265222,0.012854262115059453,0.011685657320647464,0.044291944903853624
TR-007893,TR-C04931,2024-03-10,0,western,3,EDUCATIONAL_EXAMPLE,OOF,0.009285360612417684,0.015136918053030968,0.008042012872424472,0.010821430512624375,0.008352849807422775,0.043696367672899694
TR-008387,TR-C00152,2024-03-10,1,western,3,EDUCATIONAL_EXAMPLE,OOF,0.1279581641680434,0.15319973230361938,0.21488322415236843,0.16534704020801042,0.1931519591562872,0.11825715881500048
TR-008948,TR-C03422,2024-03-10,0,eastern,3,EDUCATIONAL_EXAMPLE,OOF,0.05141341357281044,0.05615555867552757,0.044444898582042654,0.05067129027679356,0.0461870273297346,0.05432555229425444
TR-000704,TR-C02622,2024-03-11,0,central,3,EDUCATIONAL_EXAMPLE,OOF,0.02597621984400862,0.023748168721795082,0.013322741926648065,0.02101571016415059,0.016486111405988203,0.0456405725826815
TR-001292,TR-C04567,2024-03-11,0,western,3,EDUCATIONAL_EXAMPLE,OOF,0.0353082151954266,0.030397983267903328,0.03599170743921668,0.03389930196751553,0.03582083437826916,0.050392248117877785
TR-002137,TR-C00622,2024-03-11,0,eastern,3,EDUCATIONAL_EXAMPLE,OOF,0.025250712052201033,0.03198610618710518,0.012964992127636656,0.023400603455647623,0.016036422108777752,0.046014937683453924
TR-002900,TR-C01574,2024-03-11,0,western,3,EDUCATIONAL_EXAMPLE,OOF,0.5811090972270835,0.5070616006851196,0.6727722946672743,0.5869809975264925,0.6498564953072266,0.6451000458812447
TR-003060,TR-C06046,2024-03-11,0,central,3,EDUCATIONAL_EXAMPLE,OOF,0.02610210085794027,0.02160855196416378,0.00906861899820893,0.018926423940104325,0.013326989463141765,0.04481676917233084
TR-003835,TR-C05293,2024-03-11,0,western,3,EDUCATIONAL_EXAMPLE,OOF,0.02398029807655524,0.03538573905825615,0.02436722336316597,0.02791108683265912,0.024270492041513287,0.048138786840535575
TR-006919,TR-C04143,2024-03-11,0,western,3,EDUCATIONAL_EXAMPLE,OOF,0.022305257974245228,0.04798218980431557,0.0407796914138173,0.0370223797307927,0.03616108305392428,0.05184932684212163
TR-009477,TR-C03152,2024-03-11,0,western,3,EDUCATIONAL_EXAMPLE,OOF,0.017643288608164137,0.021372418850660324,0.013588596755688836,0.017534768071504434,0.01460226971880766,0.04524724413191861
TR-000598,TR-C02322,2024-03-12,1,central,3,EDUCATIONAL_EXAMPLE,OOF,0.031271536857886674,0.039271075278520584,0.03693021902636984,0.03582427705425903,0.035515548484249045,0.05094946722611624
TR-002498,TR-C00234,2024-03-12,0,western,3,EDUCATIONAL_EXAMPLE,OOF,0.015552901083134497,0.021203288808465004,0.010734379523724314,0.015830189805107937,0.01193900991357686,0.04468824201730367
TR-004192,TR-C02268,2024-03-12,0,eastern,3,EDUCATIONAL_EXAMPLE,OOF,0.034503796360833845,0.0565723218023777,0.06649409419473871,0.052523404119316754,0.0584965197362625,0.058115103906539685
TR-004251,TR-C02359,2024-03-12,0,eastern,3,EDUCATIONAL_EXAMPLE,OOF,0.02043178548140928,0.027994684875011444,0.02032734121327144,0.02291793718989739,0.0203534522803059,0.046867943474668994
TR-004817,TR-C05376,2024-03-12,0,western,3,EDUCATIONAL_EXAMPLE,OOF,0.026947011410130547,0.03215678408741951,0.06655472719245058,0.04188617423000021,0.05665279824687057,0.05609876102623549
TR-006798,TR-C00938,2024-03-12,0,other,3,EDUCATIONAL_EXAMPLE,OOF,0.02524818603112585,0.024336718022823334,0.02090615255795188,0.023497018870633688,0.021991660926245372,0.046940537872101055
TR-008656,TR-C02139,2024-03-12,0,eastern,3,EDUCATIONAL_EXAMPLE,OOF,0.033484661055599614,0.03953563794493675,0.046089464274663025,0.03970325442506646,0.042938263469897174,0.05279912947302469
TR-009111,TR-C00665,2024-03-12,0,central,3,EDUCATIONAL_EXAMPLE,OOF,0.19947309046330494,0.29811495542526245,0.16253872573329836,0.22004225720728857,0.1717723169158,0.12291444309450214
TR-009734,TR-C06443,2024-03-12,0,western,3,EDUCATIONAL_EXAMPLE,OOF,0.1870855037127299,0.1583903282880783,0.07963109519590794,0.14170230906557205,0.10649469732511344,0.07762223148062287
TR-001907,TR-C00670,2024-03-13,0,eastern,3,EDUCATIONAL_EXAMPLE,OOF,0.019556804396060327,0.022462889552116394,0.02615576108820158,0.022725151678792768,0.02450602191516627,0.04752884524753444
TR-001969,TR-C02827,2024-03-13,1,eastern,3,EDUCATIONAL_EXAMPLE,OOF,0.2175745719490507,0.21835581958293915,0.2031266951436974,0.21301902889189575,0.20673866434503574,0.13065813962948916
TR-002683,TR-C04045,2024-03-13,0,other,3,EDUCATIONAL_EXAMPLE,OOF,0.009374646515124123,0.010455762036144733,0.0033547069027905422,0.0077283718180198,0.004859691805873937,0.04270275701676138
TR-004053,TR-C00277,2024-03-13,0,eastern,3,EDUCATIONAL_EXAMPLE,OOF,0.03610028220273006,0.042157240211963654,0.016503977414054127,0.03158716660958261,0.021403053611223112,0.04761646150317527
TR-004615,TR-C01493,2024-03-13,0,other,3,EDUCATIONAL_EXAMPLE,OOF,0.033729770970203354,0.03694910556077957,0.053316478130385536,0.04133178488712282,0.04841980134033999,0.05405449891456626
TR-004779,TR-C03163,2024-03-13,0,eastern,3,EDUCATIONAL_EXAMPLE,OOF,0.14261056777873346,0.13815812766551971,0.12205072062175802,0.1342731386886704,0.12719068241100187,0.08512160698440326
TR-006370,TR-C00867,2024-03-13,0,western,3,EDUCATIONAL_EXAMPLE,OOF,0.009533519501636448,0.015434511005878448,0.006340866146996435,0.01043629888483711,0.0071390294856564385,0.04344701888138567
TR-009481,TR-C05615,2024-03-13,0,central,3,EDUCATIONAL_EXAMPLE,OOF,0.10502720465859906,0.08088329434394836,0.07267374910219353,0.08619474936824699,0.0807621129912949,0.06472155376864573
TR-002242,TR-C00935,2024-03-14,0,eastern,3,EDUCATIONAL_EXAMPLE,OOF,0.015016927070636728,0.012659811414778233,0.006600924860190788,0.011425887781868585,0.008704925412802274,0.04353388825842063
TR-002328,TR-C02936,2024-03-14,0,other,3,EDUCATIONAL_EXAMPLE,OOF,0.21001636354139355,0.24940691888332367,0.21583492386752248,0.22508606876407988,0.21438028378599025,0.14031996715116216
TR-004668,TR-C01902,2024-03-14,1,eastern,3,EDUCATIONAL_EXAMPLE,OOF,0.11720312691804544,0.10007677227258682,0.1194890613801227,0.11225632019025165,0.11891757776460339,0.07908005848900164
TR-006784,TR-C02311,2024-03-14,0,central,3,EDUCATIONAL_EXAMPLE,OOF,0.056290554617557595,0.09113404154777527,0.07173559838371661,0.0730533981830165,0.06787433744217686,0.06282764335650254
TR-008193,TR-C05479,2024-03-14,1,central,3,EDUCATIONAL_EXAMPLE,OOF,0.04033871526611561,0.0453048013150692,0.04275230101236046,0.04279860586451509,0.04214890457579925,0.05281387595604276
TR-009090,TR-C05989,2024-03-14,0,eastern,3,EDUCATIONAL_EXAMPLE,OOF,0.010666305204307381,0.010199080221354961,0.0041504014056732855,0.008338595610445209,0.00577937735533181,0.04285997392192845
TR-000799,TR-C03292,2024-03-15,0,other,3,EDUCATIONAL_EXAMPLE,OOF,0.10372927178852223,0.06394977867603302,0.05590441247589824,0.07452782098015116,0.06786062730405423,0.05961609963850852
TR-003570,TR-C03172,2024-03-15,0,other,3,EDUCATIONAL_EXAMPLE,OOF,0.0544539932245531,0.05690520256757736,0.06872597009482084,0.06002838862898377,0.0651579758772539,0.05955090873628597
TR-004493,TR-C02747,2024-03-15,0,western,3,EDUCATIONAL_EXAMPLE,OOF,0.07872179140739224,0.07895440608263016,0.04600957738729198,0.06789525829243813,0.05418763089231705,0.057403513373672894
TR-006507,TR-C03652,2024-03-15,0,western,3,EDUCATIONAL_EXAMPLE,OOF,0.02074561174481601,0.029975030571222305,0.012715038305769562,0.021145226873935958,0.014722681665531175,0.045693146495580046
TR-006863,TR-C01100,2024-03-15,0,other,3,EDUCATIONAL_EXAMPLE,OOF,0.01591183963954332,0.019639216363430023,0.005740674658184614,0.013763910220385984,0.00828346590352429,0.04380020214163652
TR-007664,TR-C00419,2024-03-15,1,central,3,EDUCATIONAL_EXAMPLE,OOF,0.055835863133944307,0.07018911838531494,0.047850828430345146,0.057958603316534796,0.049847087106244935,0.056146170980106165
TR-009182,TR-C01434,2024-03-15,0,other,3,EDUCATIONAL_EXAMPLE,OOF,0.03080128314104656,0.03091002255678177,0.036703151798949674,0.03280481916559267,0.03522768463447389,0.05037276712255039
TR-000418,TR-C00524,2024-03-16,0,eastern,3,EDUCATIONAL_EXAMPLE,OOF,0.009856156504713644,0.010228239931166172,0.004717978561404236,0.008267458332428018,0.006002523047231588,0.0429234233634028
TR-001393,TR-C03329,2024-03-16,0,western,3,EDUCATIONAL_EXAMPLE,OOF,0.020320826344231734,0.03398866578936577,0.035040184492308266,0.029783225541968588,0.03136034495528913,0.049832664321124105
TR-003492,TR-C00373,2024-03-16,1,eastern,3,EDUCATIONAL_EXAMPLE,OOF,0.060961782963185655,0.058508388698101044,0.053232346748838213,0.0575675061367083,0.05516470580242507,0.05668733088076361
TR-003967,TR-C05215,2024-03-16,0,central,3,EDUCATIONAL_EXAMPLE,OOF,0.035088854519870406,0.042894963175058365,0.024323773787885913,0.03410253049427156,0.027015043970882037,0.04901011934357457
TR-004957,TR-C06159,2024-03-16,0,western,3,EDUCATIONAL_EXAMPLE,OOF,0.03478491451544836,0.04775751754641533,0.04080889119739303,0.04111710775308557,0.03930289702690686,0.0523621630825513
TR-005531,TR-C05049,2024-03-16,0,other,3,EDUCATIONAL_EXAMPLE,OOF,0.07972061677787315,0.08462414145469666,0.08016246746777443,0.08150240856678141,0.08005200479529911,0.06547175576427325
TR-005939,TR-C00560,2024-03-16,0,other,3,EDUCATIONAL_EXAMPLE,OOF,0.07903122652692221,0.11070619523525238,0.10799952293919718,0.0992456482337906,0.10075744883612844,0.07460652215161959
TR-008888,TR-C06459,2024-03-16,0,eastern,3,EDUCATIONAL_EXAMPLE,OOF,0.029195620339631082,0.04026345536112785,0.06300649893585618,0.044155191545538375,0.05455377928679991,0.05602353318961049
TR-001222,TR-C06269,2024-03-17,0,central,3,EDUCATIONAL_EXAMPLE,OOF,0.05032450203759384,0.07258311659097672,0.15503085197389446,0.09264615686748834,0.1288542644898193,0.08246135466067815
TR-003276,TR-C02357,2024-03-17,1,eastern,3,EDUCATIONAL_EXAMPLE,OOF,0.053109234897318044,0.08353070914745331,0.08689114787377081,0.0745103639728474,0.07844566962965761,0.065599743891
TR-004085,TR-C02563,2024-03-17,0,central,3,EDUCATIONAL_EXAMPLE,OOF,0.2094217757167354,0.25604134798049927,0.21974507141152394,0.2284027317029195,0.2171642474878268,0.14313123534944758
TR-004553,TR-C03077,2024-03-17,0,eastern,3,EDUCATIONAL_EXAMPLE,OOF,0.630262243668451,0.6333090662956238,0.6479154900803179,0.6371622666814641,0.6435021784773511,0.6692702079180565
TR-008296,TR-C03356,2024-03-17,0,eastern,3,EDUCATIONAL_EXAMPLE,OOF,0.09117700762274868,0.070035919547081,0.11155019741691193,0.09092104152891385,0.10645689996837111,0.0726878766162805
TR-008628,TR-C05648,2024-03-17,0,central,3,EDUCATIONAL_EXAMPLE,OOF,0.03824463731326583,0.045083172619342804,0.040686311082310564,0.041338040338306396,0.040075892640049376,0.05231384709914167
TR-009686,TR-C02307,2024-03-17,0,eastern,3,EDUCATIONAL_EXAMPLE,OOF,0.020302419353661064,0.014077750034630299,0.0029577029633435737,0.012445957450544977,0.007293882060922946,0.043210602087379375
TR-000426,TR-C03493,2024-03-18,0,other,3,EDUCATIONAL_EXAMPLE,OOF,0.036155973945241275,0.03473134711384773,0.027404104298128344,0.032763808452405785,0.029592071709906576,0.04911955381279719
TR-000888,TR-C01748,2024-03-18,0,other,3,EDUCATIONAL_EXAMPLE,OOF,0.011788715376784126,0.01643153838813305,0.01530881136216879,0.014509688375695322,0.014428787365822624,0.04504734543694972
TR-001326,TR-C03521,2024-03-18,0,central,3,EDUCATIONAL_EXAMPLE,OOF,0.014413730878707615,0.01779472641646862,0.020026034054985938,0.017411497116720725,0.018622958260916356,0.046012036584702834
TR-001679,TR-C04759,2024-03-18,0,other,3,EDUCATIONAL_EXAMPLE,OOF,0.1650194865370044,0.13276034593582153,0.16225493903176963,0.15334492383486517,0.16294607590807833,0.09909839362358638
TR-004561,TR-C00681,2024-03-18,0,eastern,3,EDUCATIONAL_EXAMPLE,OOF,0.01509236089874748,0.027932805940508842,0.02907430976802669,0.024033158869094337,0.025578822550706887,0.04819018409327144
TR-004704,TR-C05267,2024-03-18,0,western,3,EDUCATIONAL_EXAMPLE,OOF,0.015295327039677259,0.01874035783112049,0.020882794188038567,0.018306159686278772,0.01948592740094824,0.046243878281000544
TR-007563,TR-C02845,2024-03-18,0,eastern,3,EDUCATIONAL_EXAMPLE,OOF,0.029784528019694223,0.02729831449687481,0.01863003590866219,0.02523762614174374,0.0214186589364202,0.04688851698985751
TR-007671,TR-C04987,2024-03-18,0,eastern,3,EDUCATIONAL_EXAMPLE,OOF,0.025736043481238237,0.01994408667087555,0.01509875511935587,0.020259628423823218,0.017758077209826462,0.04571841180071824
TR-008143,TR-C05901,2024-03-18,1,western,3,EDUCATIONAL_EXAMPLE,OOF,0.045925859906088114,0.04868941381573677,0.08801510045508967,0.06087679139230485,0.07749279031783929,0.06281306732251063
TR-000243,TR-C03740,2024-03-19,0,central,3,EDUCATIONAL_EXAMPLE,OOF,0.026035764644498777,0.02569391392171383,0.023675661444552805,0.0251351133369218,0.0242656872445393,0.04753052254165484
TR-000903,TR-C06171,2024-03-19,0,western,3,EDUCATIONAL_EXAMPLE,OOF,0.08182761043101122,0.10020171105861664,0.056966280255863394,0.07966520058183042,0.06318161279965034,0.06143759110464482
TR-000930,TR-C04600,2024-03-19,0,western,3,EDUCATIONAL_EXAMPLE,OOF,0.016193195259823018,0.027562089264392853,0.02252631811343336,0.022093867545883078,0.020943037400030774,0.047063023907254205
TR-001149,TR-C01281,2024-03-19,0,other,3,EDUCATIONAL_EXAMPLE,OOF,0.30670866136878977,0.1389060914516449,0.1455725297949334,0.19706242753845604,0.1858565626883975,0.10489262782188445
TR-003311,TR-C04149,2024-03-19,1,western,3,EDUCATIONAL_EXAMPLE,OOF,0.23668374245400722,0.31574809551239014,0.1460009535082941,0.23281093049156384,0.16867165074472237,0.12185795356790893
TR-003411,TR-C00722,2024-03-19,0,central,3,EDUCATIONAL_EXAMPLE,OOF,0.010787243224750616,0.016238847747445107,0.008198720660213793,0.011741603877469838,0.008845851301347999,0.043833993873718446
TR-005364,TR-C03928,2024-03-19,0,central,3,EDUCATIONAL_EXAMPLE,OOF,0.48363177321134787,0.40601545572280884,0.3151226193523005,0.4015899494288191,0.35724990781706234,0.2695923421593905
TR-000296,TR-C06445,2024-03-20,0,western,3,EDUCATIONAL_EXAMPLE,OOF,0.027052343367078045,0.045248858630657196,0.02794626949714616,0.03341582383162713,0.027722787964629132,0.04948856927970368
TR-000449,TR-C00536,2024-03-20,0,other,3,EDUCATIONAL_EXAMPLE,OOF,0.04309458229060485,0.035853635519742966,0.03252748631153898,0.037158568040628934,0.03516926030630545,0.050401376282036864
TR-002625,TR-C06410,2024-03-20,0,western,3,EDUCATIONAL_EXAMPLE,OOF,0.045609395371147096,0.05782671645283699,0.11097275980963303,0.07146962387787237,0.09463191870001154,0.0689746601964971
TR-005031,TR-C05094,2024-03-20,1,eastern,3,EDUCATIONAL_EXAMPLE,OOF,0.026234784233828738,0.043770045042037964,0.0353663945156853,0.03512374126385067,0.03308349194522116,0.05073041423273148
TR-005170,TR-C06104,2024-03-20,0,other,3,EDUCATIONAL_EXAMPLE,OOF,0.18130936684860846,0.14547891914844513,0.14673813282124057,0.15784213960609805,0.15538094132808256,0.09646176213711491
TR-002006,TR-C01815,2024-03-21,0,western,3,EDUCATIONAL_EXAMPLE,OOF,0.09184600293463907,0.1063879132270813,0.05219641400599745,0.0834767767225726,0.062108811238157854,0.06132059370558773
TR-003078,TR-C04462,2024-03-21,0,eastern,3,EDUCATIONAL_EXAMPLE,OOF,0.04018374885157902,0.032911673188209534,0.014909036888530394,0.029334819642772982,0.02122771487929255,0.046960566707987886
TR-003949,TR-C03182,2024-03-21,0,western,3,EDUCATIONAL_EXAMPLE,OOF,0.011029971483146751,0.015224223956465721,0.004113153729353027,0.0101224497229885,0.005842358167801458,0.04313170943918035
TR-006153,TR-C02629,2024-03-21,0,other,3,EDUCATIONAL_EXAMPLE,OOF,0.17638344251765198,0.1859888732433319,0.15245238010937814,0.17160823195678734,0.1584351457114466,0.10272230276425942
TR-008515,TR-C03943,2024-03-21,0,other,3,EDUCATIONAL_EXAMPLE,OOF,0.011971648042064194,0.012046280317008495,0.013186581987931397,0.012401503449001363,0.012882848501464596,0.0444630303003189
TR-009087,TR-C06089,2024-03-21,0,western,3,EDUCATIONAL_EXAMPLE,OOF,0.019540052867217796,0.0216898862272501,0.008836004146891861,0.01668864774711992,0.011512016326973344,0.04454586509963037
TR-000534,TR-C03960,2024-03-22,0,central,3,EDUCATIONAL_EXAMPLE,OOF,0.0120842909507842,0.01253280509263277,0.006507272438605174,0.01037478949400738,0.00790152706664993,0.043408898554543864
TR-002392,TR-C02090,2024-03-22,0,central,3,EDUCATIONAL_EXAMPLE,OOF,0.07961461664844653,0.0957053005695343,0.08740170546714211,0.08757387422837432,0.08545493326246822,0.06809469850029258
TR-003013,TR-C05487,2024-03-22,0,other,3,EDUCATIONAL_EXAMPLE,OOF,0.09596087892213766,0.08505875617265701,0.07502277596434287,0.08534747035304585,0.08025730170379157,0.06513193431524986
TR-005054,TR-C04906,2024-03-22,0,other,3,EDUCATIONAL_EXAMPLE,OOF,0.02095365254397055,0.021971644833683968,0.015428020721436767,0.01945110603303043,0.016809428677070214,0.04571077692389158
TR-005701,TR-C02876,2024-03-22,1,western,3,EDUCATIONAL_EXAMPLE,OOF,0.02912236207003075,0.03435322269797325,0.04424573849625681,0.03590710775475361,0.0404648943897003,0.05193279511457526
TR-005955,TR-C05366,2024-03-22,0,other,3,EDUCATIONAL_EXAMPLE,OOF,0.05332246093514523,0.05408952012658119,0.10207480773577947,0.06982892959916863,0.08988672103562091,0.06690700478728713
TR-006802,TR-C02247,2024-03-22,0,other,3,EDUCATIONAL_EXAMPLE,OOF,0.04973264001620195,0.033047016710042953,0.056323711611102174,0.046367789445782355,0.05467594371237712,0.05509469992094327
TR-007296,TR-C05069,2024-03-22,0,central,3,EDUCATIONAL_EXAMPLE,OOF,0.022070815743165238,0.030310962349176407,0.040942672627442174,0.03110815023992794,0.036224708406372944,0.05076797217410331
TR-007610,TR-C04894,2024-03-22,0,western,3,EDUCATIONAL_EXAMPLE,OOF,0.008528344686128942,0.010669243521988392,0.0019136693393300408,0.0070370858491491245,0.003567338176029766,0.04245766916671686
TR-009382,TR-C04804,2024-03-22,1,other,3,EDUCATIONAL_EXAMPLE,OOF,0.15475920788273306,0.26625004410743713,0.29595923092553744,0.2389894943052359,0.26065922516483636,0.17826824218062964
TR-009576,TR-C02313,2024-03-22,0,eastern,3,EDUCATIONAL_EXAMPLE,OOF,0.012713665761086351,0.02317589707672596,0.01192387892844239,0.0159378139220849,0.01212132563660338,0.04489031992561276
TR-001174,TR-C06167,2024-03-23,0,other,3,EDUCATIONAL_EXAMPLE,OOF,0.01668749231834921,0.0189718846231699,0.01350505533231738,0.01638814409127883,0.014300664578825338,0.04506580254114661
TR-001321,TR-C04917,2024-03-23,0,central,3,EDUCATIONAL_EXAMPLE,OOF,0.028388862370223575,0.03666426241397858,0.046107305652446785,0.03705347681221632,0.04167769483189098,0.05240432332760058
TR-001736,TR-C02182,2024-03-23,0,other,3,EDUCATIONAL_EXAMPLE,OOF,0.07613507655441243,0.06046248599886894,0.09511782711920848,0.07723846322416328,0.09037213947800947,0.06694322916516968
TR-002074,TR-C01730,2024-03-23,0,central,3,EDUCATIONAL_EXAMPLE,OOF,0.04847927774383922,0.04365812987089157,0.0373385088713899,0.0431586388287069,0.04012370108950223,0.052011939027872864
TR-002425,TR-C02857,2024-03-23,1,other,3,EDUCATIONAL_EXAMPLE,OOF,0.24809282745856115,0.2437877506017685,0.3311166373417753,0.274332405134035,0.3103606848709718,0.20717035224256217
TR-002686,TR-C02679,2024-03-23,1,central,3,EDUCATIONAL_EXAMPLE,OOF,0.13267146236212743,0.07984801381826401,0.22072330994083783,0.14441426204040975,0.19871034804616022,0.11140313609396366
TR-002765,TR-C00991,2024-03-23,0,eastern,3,EDUCATIONAL_EXAMPLE,OOF,0.036850844130286525,0.04771202430129051,0.04506918265209517,0.043210683694557404,0.04301459802164301,0.05327039074056807
TR-004969,TR-C04307,2024-03-23,0,eastern,3,EDUCATIONAL_EXAMPLE,OOF,0.05704477248916068,0.03944714739918709,0.008530663229439723,0.035007527705929166,0.020659190544369963,0.04687065872843476
TR-005110,TR-C02919,2024-03-23,0,central,3,EDUCATIONAL_EXAMPLE,OOF,0.01847565803098213,0.025176456198096275,0.026991917151650252,0.023548010460242883,0.02486285237148322,0.04779186005818161
TR-005151,TR-C04370,2024-03-23,1,western,3,EDUCATIONAL_EXAMPLE,OOF,0.03633929303239021,0.03823987767100334,0.022626547587839684,0.03240190609707774,0.026054733948977317,0.04847838574323203
TR-005421,TR-C01652,2024-03-23,0,other,3,EDUCATIONAL_EXAMPLE,OOF,0.026011117375872687,0.03366678208112717,0.022161512522489216,0.027279803993163026,0.023123913735835083,0.047727623081569304
TR-005517,TR-C02054,2024-03-23,0,western,3,EDUCATIONAL_EXAMPLE,OOF,0.04325063057683988,0.044865939766168594,0.040854220615217395,0.04299026365274195,0.04145332310562302,0.05254266424593758
TR-005994,TR-C03373,2024-03-23,0,central,3,EDUCATIONAL_EXAMPLE,OOF,0.022396079456226264,0.025449519976973534,0.01910734581377638,0.022317648415658725,0.019929529224388853,0.04658664039130756
TR-006589,TR-C03631,2024-03-23,0,western,3,EDUCATIONAL_EXAMPLE,OOF,0.0972457698275608,0.09100526571273804,0.091013761644542,0.09308826572828027,0.0925717636902967,0.06955932689419143
TR-007100,TR-C05021,2024-03-23,0,central,3,EDUCATIONAL_EXAMPLE,OOF,0.016008906690514114,0.016764860600233078,0.008274345529292713,0.013682704273346636,0.010207985819598062,0.04406021538329635
TR-007350,TR-C01739,2024-03-23,0,western,3,EDUCATIONAL_EXAMPLE,OOF,0.012830337408731164,0.028139540925621986,0.007529105593339552,0.01616632797589757,0.008854413547187455,0.044441201922184155
TR-008250,TR-C00569,2024-03-23,0,eastern,3,EDUCATIONAL_EXAMPLE,OOF,0.13217983056978633,0.12995073199272156,0.07036455710208683,0.1108317065548649,0.0858183754690117,0.06953741308363906
TR-008704,TR-C02009,2024-03-23,0,eastern,3,EDUCATIONAL_EXAMPLE,OOF,0.013375127267392367,0.014577891677618027,0.006787226601373382,0.011580081848794591,0.008434201767878128,0.04360845042792757
TR-003472,TR-C05576,2024-03-24,0,other,3,EDUCATIONAL_EXAMPLE,OOF,0.009874157749810724,0.01334789302200079,0.00972497184692316,0.010982340872911557,0.00976226832264505,0.043893600533576764
TR-004315,TR-C02366,2024-03-24,0,other,3,EDUCATIONAL_EXAMPLE,OOF,0.028936314543052555,0.021719161421060562,0.010583089630933058,0.020412855198348723,0.015171395858962933,0.045177432572443665
TR-006764,TR-C01124,2024-03-24,0,other,3,EDUCATIONAL_EXAMPLE,OOF,0.032504958492765,0.032125331461429596,0.03227043991136071,0.03230024328851843,0.03232906955671178,0.04970098340330535
TR-008436,TR-C06357,2024-03-24,0,other,3,EDUCATIONAL_EXAMPLE,OOF,0.03125526829458914,0.04729745537042618,0.0763618773930936,0.051638200352702966,0.06508522511846748,0.05941504730755587
TR-008500,TR-C02969,2024-03-24,0,other,3,EDUCATIONAL_EXAMPLE,OOF,0.02016415737187807,0.028576599434018135,0.024346850605298127,0.024362535803731444,0.023301177296943112,0.047590357528061684
TR-001684,TR-C05893,2024-03-25,1,other,3,EDUCATIONAL_EXAMPLE,OOF,0.12869641988653555,0.09447728097438812,0.15425275620236728,0.12580881902109697,0.14786367212340934,0.08964266470855839
TR-001792,TR-C05918,2024-03-25,0,eastern,3,EDUCATIONAL_EXAMPLE,OOF,0.02460098597843168,0.02477915585041046,0.016447089118471796,0.02194241031577131,0.01848556333346177,0.04617639063393521
TR-002705,TR-C02480,2024-03-25,0,eastern,3,EDUCATIONAL_EXAMPLE,OOF,0.04504831518279103,0.04884473979473114,0.02053154273047448,0.03814153256933222,0.026660735843553617,0.04907517053292881
TR-003112,TR-C05695,2024-03-25,0,other,3,EDUCATIONAL_EXAMPLE,OOF,0.1367914598442876,0.10832636058330536,0.10760352886050575,0.1175737830960329,0.1149005116064512,0.07772234275401933
TR-003711,TR-C00184,2024-03-25,0,other,3,EDUCATIONAL_EXAMPLE,OOF,0.007383151390768117,0.011506499722599983,0.0030093960608093837,0.007299682391392494,0.004102834893299067,0.04263442382030692
TR-003778,TR-C01638,2024-03-25,0,eastern,3,EDUCATIONAL_EXAMPLE,OOF,0.010390732859635089,0.01759423315525055,0.008325706778852046,0.01210355759791256,0.008841963299047807,0.04391337784727738
TR-005724,TR-C00629,2024-03-25,0,western,3,EDUCATIONAL_EXAMPLE,OOF,0.03532254786861928,0.03110874444246292,0.01703446811216411,0.027821920141082104,0.021606488051277902,0.047040795359802004
TR-006028,TR-C01342,2024-03-25,0,central,3,EDUCATIONAL_EXAMPLE,OOF,0.02940726407505758,0.04110150411725044,0.05305948943324589,0.04118941920851798,0.047146433093698814,0.05408884301678338
TR-006184,TR-C03835,2024-03-25,0,central,3,EDUCATIONAL_EXAMPLE,OOF,0.05078330434769462,0.03313311189413071,0.0305782925598538,0.03816490293389304,0.035629545506814006,0.05018571701156437
TR-007822,TR-C04310,2024-03-25,0,western,3,EDUCATIONAL_EXAMPLE,OOF,0.0554241630723666,0.09913921356201172,0.057034206972962624,0.07053252786911364,0.05663169599781362,0.06009990711015587
TR-008576,TR-C04211,2024-03-25,0,other,3,EDUCATIONAL_EXAMPLE,OOF,0.07911202963455094,0.09372556209564209,0.08348870617077776,0.08544209930032359,0.08239453703672106,0.06695593239533108
TR-008666,TR-C00780,2024-03-25,0,western,3,EDUCATIONAL_EXAMPLE,OOF,0.02711978307178189,0.036691032350063324,0.06330631196211046,0.0423723757946519,0.05425967973952832,0.055750430782201287
TR-008759,TR-C01348,2024-03-25,0,eastern,3,EDUCATIONAL_EXAMPLE,OOF,0.03811270988017941,0.032049864530563354,0.01975731958850343,0.029973297999748728,0.024346167161422426,0.04767648505383417
TR-001670,TR-C03044,2024-03-26,0,central,3,EDUCATIONAL_EXAMPLE,OOF,0.025052059191460415,0.0345701240003109,0.01804069921721486,0.02588762746966206,0.01979353921077625,0.047024471932973065
TR-001994,TR-C01104,2024-03-26,1,central,3,EDUCATIONAL_EXAMPLE,OOF,0.0742869863432889,0.1361127346754074,0.15885423134614196,0.12308465078827942,0.1377124200954287,0.0917131835016074
TR-002937,TR-C03173,2024-03-26,0,western,3,EDUCATIONAL_EXAMPLE,OOF,0.020940218700640296,0.022987771779298782,0.007663999830178435,0.017197330103372505,0.0109830545477939,0.04447434372806784
TR-003845,TR-C04831,2024-03-26,0,eastern,3,EDUCATIONAL_EXAMPLE,OOF,0.06029615919224411,0.047582611441612244,0.03036751614058165,0.046082095591479334,0.03784967690349727,0.051427575078950516
TR-006339,TR-C05559,2024-03-26,1,western,3,EDUCATIONAL_EXAMPLE,OOF,0.17566464151300495,0.12675507366657257,0.24478117271922956,0.18240029596626903,0.2275020399176734,0.13158515410259994
TR-008030,TR-C02222,2024-03-26,1,eastern,3,EDUCATIONAL_EXAMPLE,OOF,0.10470474554130334,0.13942217826843262,0.2436862396518019,0.1626043878205126,0.20894086612417725,0.1261928425364716
TR-008213,TR-C03013,2024-03-26,0,other,3,EDUCATIONAL_EXAMPLE,OOF,0.01615743804155629,0.028537150472402573,0.02207028104163453,0.02225495651853113,0.02059207029161497,0.047038670642342476
TR-008963,TR-C01592,2024-03-26,0,western,3,EDUCATIONAL_EXAMPLE,OOF,0.02785957127174398,0.03482785075902939,0.03588442811436262,0.032857283381712,0.03387821390370796,0.05034254362501941
TR-008972,TR-C05869,2024-03-26,0,eastern,3,EDUCATIONAL_EXAMPLE,OOF,0.14328013628942163,0.13270129263401031,0.1591051605551963,0.14502886315954275,0.15514890448875263,0.09639615445041183
TR-009026,TR-C06436,2024-03-26,1,central,3,EDUCATIONAL_EXAMPLE,OOF,0.2591791840021426,0.1717572659254074,0.097248999386477,0.176061816438009,0.1377315455403934,0.08875896223450545
TR-001307,TR-C05320,2024-03-27,0,other,3,EDUCATIONAL_EXAMPLE,OOF,0.08632892270399187,0.059990864247083664,0.13509035182019527,0.0938033795904236,0.12289999454114442,0.07783662726734354
TR-004282,TR-C03488,2024-03-27,0,eastern,3,EDUCATIONAL_EXAMPLE,OOF,0.018665582171281125,0.015196360647678375,0.004532088819702606,0.012798010546220704,0.008065462157597236,0.04346490041320995
TR-005210,TR-C03862,2024-03-27,0,western,3,EDUCATIONAL_EXAMPLE,OOF,0.061846717553534825,0.05345136672258377,0.10352566088322769,0.07294124838644876,0.09310592505080448,0.06766017088065912
TR-005816,TR-C05999,2024-03-27,0,other,3,EDUCATIONAL_EXAMPLE,OOF,0.04639988387347888,0.0464206263422966,0.05076058077282715,0.047860363662867535,0.049670406547990084,0.054722055955675135
TR-006517,TR-C02175,2024-03-27,1,central,3,EDUCATIONAL_EXAMPLE,OOF,0.2819120446310269,0.20368529856204987,0.2453893531321463,0.24366223210840768,0.25452002600686646,0.15496491548501135
TR-008111,TR-C03899,2024-03-27,0,other,3,EDUCATIONAL_EXAMPLE,OOF,0.029737306072461105,0.029670117422938347,0.021598711760452093,0.027002045085283848,0.023633360338454347,0.04753959526866926
TR-002050,TR-C05329,2024-03-28,0,central,3,EDUCATIONAL_EXAMPLE,OOF,0.025318030913908534,0.04587670788168907,0.04725769480278472,0.039484144532794106,0.04177277883056567,0.05308655762304262
TR-002867,TR-C05565,2024-03-28,0,other,3,EDUCATIONAL_EXAMPLE,OOF,0.27877255848783306,0.16966570913791656,0.11285064227912928,0.1870963033016263,0.15433112133130522,0.09494589923665699
TR-002886,TR-C04555,2024-03-28,0,other,3,EDUCATIONAL_EXAMPLE,OOF,0.03514754049421307,0.041017692536115646,0.02891979530725931,0.03502834277919601,0.03047673160399775,0.049733220369048176
TR-003715,TR-C00913,2024-03-28,0,western,3,EDUCATIONAL_EXAMPLE,OOF,0.014536304038888267,0.025084324181079865,0.014428615805225732,0.01801641467506462,0.014455537863641366,0.04548001946797506
TR-004126,TR-C02140,2024-03-28,0,eastern,3,EDUCATIONAL_EXAMPLE,OOF,0.028896451434859326,0.04849772900342941,0.046111234979042126,0.04116847180577696,0.04180753909299643,0.05318495227609331
TR-004598,TR-C02755,2024-03-28,0,central,3,EDUCATIONAL_EXAMPLE,OOF,0.11704075543453941,0.1103968620300293,0.10682524240488062,0.11142095328981644,0.10937912066229531,0.07650791139978712
TR-004738,TR-C04473,2024-03-28,0,other,3,EDUCATIONAL_EXAMPLE,OOF,0.02544420597846604,0.0381874218583107,0.016192629539169827,0.026608085791982188,0.01850552364899388,0.04692710379927632
TR-005299,TR-C01135,2024-03-28,0,other,3,EDUCATIONAL_EXAMPLE,OOF,0.030763041092298434,0.0375068299472332,0.05040614351226238,0.03955867151726467,0.04549536790727139,0.05339142027547383
TR-005806,TR-C00621,2024-03-28,1,eastern,3,EDUCATIONAL_EXAMPLE,OOF,0.07964181133576669,0.1669878214597702,0.1425210572581533,0.1297168966845634,0.12680124577755666,0.09014053552763474
TR-007640,TR-C04369,2024-03-28,0,western,3,EDUCATIONAL_EXAMPLE,OOF,0.0685902384704415,0.09072530269622803,0.14143823799142197,0.10025125971936383,0.12322623811117685,0.08142102293841735
TR-009231,TR-C03070,2024-03-28,0,eastern,3,EDUCATIONAL_EXAMPLE,OOF,0.010315224363693186,0.01520670484751463,0.008462182796786342,0.011328037335998053,0.008925443188513054,0.04380450117980885
TR-001261,TR-C06122,2024-03-29,0,western,3,EDUCATIONAL_EXAMPLE,OOF,0.00962797974798542,0.011317786760628223,0.0025117747876982344,0.007819180432103959,0.00429082602777003,0.04262357247212356
TR-002618,TR-C04503,2024-03-29,0,other,3,EDUCATIONAL_EXAMPLE,OOF,0.02287382350571898,0.02893356792628765,0.050612595516636036,0.034139995649547554,0.04367790251390677,0.052545474406857
TR-002831,TR-C03918,2024-03-29,0,other,3,EDUCATIONAL_EXAMPLE,OOF,0.017381630870212668,0.025951677933335304,0.02708695373723962,0.0234734208469292,0.024660623020482882,0.04781167082055421
TR-005287,TR-C04465,2024-03-29,0,eastern,3,EDUCATIONAL_EXAMPLE,OOF,0.052603364060631375,0.06276150792837143,0.03272574009342312,0.04936353736080864,0.03769514608522519,0.05251440062188393
TR-005668,TR-C05350,2024-03-29,0,other,3,EDUCATIONAL_EXAMPLE,OOF,0.023968798400835125,0.050617508590221405,0.053638994701629986,0.04274176723089551,0.04622144562643127,0.05459421273341385
TR-006246,TR-C02957,2024-03-29,0,other,3,EDUCATIONAL_EXAMPLE,OOF,0.018701319447857256,0.02763430029153824,0.016681336086833264,0.021005651942076254,0.017186331927089262,0.046157592782379256
TR-006456,TR-C00518,2024-03-29,0,eastern,3,EDUCATIONAL_EXAMPLE,OOF,0.018928350618334772,0.01912538707256317,0.007976779068413566,0.01534350558643717,0.010714671955893868,0.04424359366943193
TR-008039,TR-C02666,2024-03-29,1,eastern,3,EDUCATIONAL_EXAMPLE,OOF,0.3192438499356032,0.2949511706829071,0.31905095215301116,0.3110819909238405,0.31909917659865916,0.2204697642510117
TR-000650,TR-C03898,2024-03-30,0,other,3,EDUCATIONAL_EXAMPLE,OOF,0.01534546496885134,0.024705465883016586,0.01890992691507936,0.019653619255649096,0.018018811428522356,0.04624663028329735
TR-000654,TR-C01097,2024-03-30,0,central,3,EDUCATIONAL_EXAMPLE,OOF,0.018106900187149323,0.017809651792049408,0.008410511138242531,0.014775687705813752,0.01083460840046923,0.04421379536943049
TR-001272,TR-C04032,2024-03-30,0,other,3,EDUCATIONAL_EXAMPLE,OOF,0.044273001157947696,0.04318762198090553,0.062421320514795195,0.04996064788454948,0.05788424067558332,0.056781510389946346
TR-005766,TR-C01472,2024-03-30,0,eastern,3,EDUCATIONAL_EXAMPLE,OOF,0.08115106200808384,0.13166195154190063,0.12564385391614266,0.11281895582204238,0.11452065593912795,0.08157432121097165
TR-006311,TR-C00283,2024-03-30,0,other,3,EDUCATIONAL_EXAMPLE,OOF,0.013503445789677049,0.03140988573431969,0.0036685741135032463,0.01619396854583333,0.006127292032546697,0.044011742825256626
TR-007270,TR-C03369,2024-03-30,0,central,3,EDUCATIONAL_EXAMPLE,OOF,0.014848324948806935,0.014546416699886322,0.005584519571380696,0.011659753740024653,0.007900470915737257,0.04346510817803223
TR-008326,TR-C06136,2024-03-30,0,other,3,EDUCATIONAL_EXAMPLE,OOF,0.061213811806062626,0.08564740419387817,0.07410773233119816,0.07365631611037965,0.07088425219991427,0.06319971311203466
TR-008340,TR-C06042,2024-03-30,0,eastern,3,EDUCATIONAL_EXAMPLE,OOF,0.02026283380653368,0.016265157610177994,0.01330269141005951,0.01661022760892373,0.015042727009178053,0.04501306355757206
TR-002822,TR-C05591,2024-03-31,0,eastern,3,EDUCATIONAL_EXAMPLE,OOF,0.030259598225126794,0.0410180501639843,0.04252828233889288,0.03793531024266799,0.03946111131045136,0.05207408854050261
TR-004200,TR-C03446,2024-03-31,0,eastern,3,EDUCATIONAL_EXAMPLE,OOF,0.08172066311056644,0.10611750930547714,0.08143957158629193,0.0897592480007785,0.08150984446736056,0.06759402048223347
TR-007146,TR-C00660,2024-03-31,0,central,3,EDUCATIONAL_EXAMPLE,OOF,0.03764127735509473,0.039337024092674255,0.04151685642902628,0.03949838595893176,0.04054796166054339,0.05208306151971236
TR-009494,TR-C02461,2024-03-31,0,other,3,EDUCATIONAL_EXAMPLE,OOF,0.02283918916431705,0.02545461803674698,0.024109980962716975,0.024134596054593668,0.023792283013116994,0.04747023317301459
