application_id,customer_id,application_date,age,income_sar,loan_amount_sar,tenor_months,bureau_score,dti,months_employed,recent_inquiries,prior_defaults,existing_obligations_sar,savings_balance_sar,salary_transfer,credit_history_months,utilization_ratio,num_open_accounts,residence_years,region_central,region_western,region_eastern,employment_government,employment_private,employment_self_employed
CH-000278,CH-C02031,2025-01-01,26,9153.26,83745.26,12,570,1.0114,28,0,0,2279.14,500.37,1,4,0.3177,3,0,0,0,0,0,1,0
CH-001412,CH-C01980,2025-01-01,26,13693.04,185068.99,24,563,0.8896,9,2,0,4470.72,14620.52,1,21,0.6253,2,4,0,0,1,0,1,0
CH-001444,CH-C01824,2025-01-01,42,8989.49,76177.3,24,764,0.7943,146,0,0,3966.54,5801.05,1,72,0.439,1,5,0,0,0,0,1,0
CH-002174,CH-C00814,2025-01-01,33,3766.69,60572.57,48,776,0.4323,106,0,0,366.48,5210.65,1,146,0.46,9,12,1,0,0,0,1,0
CH-002260,CH-C00106,2025-01-01,25,3424.63,53131.17,36,591,0.5982,3,1,0,572.86,12971.27,0,10,0.4967,9,3,0,1,0,0,0,1
CH-000592,CH-C00443,2025-01-02,52,9404.69,147019.08,36,779,0.5361,254,2,0,957.87,30614.64,0,397,0.1417,10,31,0,0,1,0,1,0
CH-000708,CH-C02074,2025-01-02,57,12362.33,172876.63,36,703,0.615,110,3,1,2801.27,23208.47,1,79,0.2299,5,22,0,1,0,0,1,0
CH-000803,CH-C00574,2025-01-02,24,9788.58,37697.79,12,610,0.3381,53,0,0,167.73,41050.23,1,36,0.5424,5,0,0,1,0,1,0,0
CH-000892,CH-C01273,2025-01-02,36,10867.71,68312.01,36,710,0.3367,22,0,0,1761.4,2602.14,1,99,0.1588,12,2,1,0,0,1,0,0
CH-001348,CH-C00905,2025-01-02,50,14398.76,158285.15,48,644,0.3373,144,4,1,1558.81,75669.88,1,243,0.5752,11,11,0,0,0,0,1,0
CH-001454,CH-C00831,2025-01-02,59,5232.71,64198.37,60,720,0.5566,29,3,0,1842.44,5969.73,1,81,0.2708,6,11,1,0,0,0,1,0
CH-001657,CH-C00270,2025-01-02,63,3569.6,23051.42,60,625,0.2927,139,0,0,660.49,3100.33,1,163,0.2167,11,23,0,0,1,0,1,0
CH-002295,CH-C01505,2025-01-02,60,4651.07,84463.22,48,671,0.6349,19,0,1,1193.13,2542.95,0,198,0.5724,1,9,0,0,1,1,0,0
CH-000148,CH-C00319,2025-01-03,44,6883.95,107133.37,12,595,1.3292,71,1,0,222.35,584.14,0,284,0.486,9,10,1,0,0,0,1,0
CH-000393,CH-C00759,2025-01-03,24,7898.27,108615.07,60,449,0.253,52,2,0,187.69,,1,66,0.3811,0,6,0,0,0,0,1,0
CH-001064,CH-C01797,2025-01-03,29,9991.2,120486.75,48,558,0.385,46,0,0,1336.51,31424.06,1,102,0.3471,5,6,0,0,1,1,0,0
CH-001245,CH-C00053,2025-01-03,25,4901.56,53376.18,36,648,0.5287,50,0,0,1108.67,7581.26,1,77,0.8319,8,7,1,0,0,0,1,0
CH-001405,CH-C01162,2025-01-03,48,6919.58,127672.84,60,684,0.4856,57,1,0,1232.57,23855.66,1,164,0.4333,9,19,1,0,0,1,0,0
CH-001710,CH-C00362,2025-01-03,44,7997.58,37025.67,12,612,0.4691,216,0,0,666.23,756.78,1,113,0.5576,11,11,0,0,1,0,1,0
CH-001779,CH-C01412,2025-01-03,30,6676.8,31760.18,36,608,0.1497,102,0,0,117.15,4544.39,0,69,0.4627,5,6,0,1,0,0,0,1
CH-001884,CH-C01148,2025-01-03,64,9371.01,91686.17,12,607,1.244,29,2,0,4017.28,710.65,1,130,0.6445,7,18,1,0,0,0,1,0
CH-002081,CH-C01930,2025-01-03,39,5067.53,53160.34,36,700,0.7154,230,0,0,2148.56,8337.85,1,143,0.2401,2,14,0,0,1,0,1,0
CH-000032,CH-C00003,2025-01-04,40,6635.5,37287.15,12,673,0.5188,216,0,0,335.0,52635.54,0,145,0.1731,0,6,0,0,0,0,1,0
CH-000270,CH-C00936,2025-01-04,53,6637.82,21401.59,36,764,0.1985,251,0,0,723.27,2958.0,1,267,0.4962,1,20,0,0,0,1,0,0
CH-000753,CH-C01825,2025-01-04,32,10248.78,190747.76,60,688,0.4583,91,1,0,1517.88,9086.68,1,23,0.6323,2,1,0,0,0,0,1,0
CH-000956,CH-C01873,2025-01-04,49,14139.87,211654.79,36,589,0.6124,151,1,0,2780.36,7811.3,1,337,0.672,12,2,0,0,0,0,1,0
CH-001047,CH-C01033,2025-01-04,33,12639.67,220014.23,48,701,0.6768,97,0,0,3970.99,19177.58,0,179,0.2699,1,9,0,0,0,1,0,0
CH-001268,CH-C01819,2025-01-04,29,9026.44,159445.4,12,743,1.7134,28,6,1,2178.93,13840.4,1,46,0.6479,6,5,0,1,0,0,1,0
CH-001669,CH-C01261,2025-01-04,42,9521.69,101475.63,60,649,0.3178,160,1,0,1334.83,8968.39,0,212,0.3321,1,18,0,0,0,0,0,1
CH-002026,CH-C00147,2025-01-04,21,4765.7,104256.96,12,653,2.1503,17,1,0,1559.38,2741.57,0,6,0.5248,7,3,0,0,1,0,0,1
CH-000144,CH-C00534,2025-01-05,63,10547.49,190065.78,24,611,1.196,334,0,0,4694.96,2018.03,0,250,0.5681,4,5,0,1,0,1,0,0
CH-000805,CH-C00442,2025-01-05,28,14781.52,118699.93,24,746,0.5555,13,1,0,3264.82,10101.02,1,116,0.4609,10,2,0,0,0,0,1,0
CH-000991,CH-C01658,2025-01-05,33,8134.05,160664.13,60,603,0.3668,66,2,0,305.94,,1,121,0.6726,0,9,0,0,0,1,0,0
CH-001121,CH-C01352,2025-01-05,45,8902.21,174166.3,24,662,0.8789,47,1,0,567.26,4130.89,1,298,0.4327,7,18,0,1,0,0,1,0
CH-001124,CH-C01730,2025-01-05,25,10001.75,53092.44,36,564,0.4739,32,1,1,3264.88,8209.0,1,16,0.586,4,5,1,0,0,1,0,0
CH-001212,CH-C00555,2025-01-05,27,6865.46,143927.86,60,586,0.5594,49,0,0,1441.64,2277.02,1,6,0.3614,6,3,1,0,0,0,1,0
CH-001797,CH-C01983,2025-01-05,25,5111.71,37608.07,60,505,0.2208,40,0,0,501.86,18282.73,1,75,0.3638,3,2,0,0,1,0,1,0
CH-002352,CH-C01246,2025-01-05,42,6575.24,22296.95,48,707,0.4457,102,1,0,2466.15,54391.27,1,214,0.843,11,7,0,1,0,0,1,0
CH-002468,CH-C00925,2025-01-05,64,7438.54,145826.71,48,748,0.5399,250,2,0,977.92,2527.65,1,220,0.604,6,20,1,0,0,0,1,0
CH-000277,CH-C00517,2025-01-06,60,8084.81,82836.45,24,602,0.8842,16,0,0,3697.31,34950.42,0,389,0.3112,0,15,0,0,0,0,0,1
CH-000478,CH-C01566,2025-01-06,26,6629.74,67924.69,48,655,0.2995,15,0,0,570.72,5841.31,0,1,0.2689,7,8,0,1,0,0,1,0
CH-000846,CH-C00404,2025-01-06,51,9098.98,91881.95,12,822,1.2633,,0,0,3837.53,5419.99,1,23,0.4102,3,8,0,1,0,0,1,0
CH-000957,CH-C01060,2025-01-06,31,5953.16,80134.82,24,712,0.9984,115,3,0,2604.42,4924.13,1,25,0.605,8,11,1,0,0,1,0,0
CH-001206,CH-C01065,2025-01-06,62,19409.23,303370.41,60,540,0.4966,21,6,1,4582.13,67705.51,1,50,0.3978,5,25,1,0,0,0,0,1
CH-001735,CH-C01077,2025-01-06,35,5281.32,64415.19,36,689,0.4022,159,1,0,334.58,17887.1,1,43,0.4216,1,13,0,0,1,0,1,0
CH-001809,CH-C01106,2025-01-06,24,8915.46,159244.24,24,787,0.7966,42,2,0,466.89,11410.26,1,42,0.494,12,4,0,0,1,0,1,0
CH-001960,CH-C00419,2025-01-06,56,20234.13,89076.13,48,728,0.1164,189,1,0,498.62,50190.91,1,266,0.7066,5,1,0,0,0,0,0,1
CH-002486,CH-C00958,2025-01-06,54,5538.55,34621.68,48,628,0.4976,275,0,1,2034.53,19270.37,1,268,0.7197,4,7,0,1,0,1,0,0
CH-000066,CH-C00445,2025-01-07,37,7443.79,84981.53,36,466,0.5914,225,0,0,2041.93,23569.42,1,78,0.2309,4,10,0,1,0,0,1,0
CH-000506,CH-C01584,2025-01-07,51,4908.69,98360.87,48,652,0.8362,45,2,0,2055.34,7623.35,0,202,0.6466,7,0,0,1,0,0,0,1
CH-000513,CH-C01023,2025-01-07,22,5103.2,82775.09,36,621,0.9062,44,0,0,2325.07,,0,43,0.1607,11,0,0,0,0,0,0,1
CH-000664,CH-C01811,2025-01-07,38,4750.35,21838.91,24,658,0.5335,229,0,0,1624.52,3719.0,1,222,0.9006,11,12,0,1,0,1,0,0
CH-000912,CH-C01855,2025-01-07,33,9592.73,83261.25,24,595,0.552,39,0,0,1825.98,19188.5,1,3,0.1961,8,10,0,1,0,0,1,0
CH-001065,CH-C02095,2025-01-07,56,6085.63,107659.35,24,549,0.8119,185,3,0,455.03,12983.3,1,298,0.506,9,28,1,0,0,0,1,0
CH-001072,CH-C00878,2025-01-07,58,7000.36,33086.46,24,719,0.2855,302,0,0,620.16,32855.85,1,31,0.2973,11,18,0,0,1,0,1,0
CH-002362,CH-C01414,2025-01-07,35,10202.83,86543.7,12,666,0.9628,46,5,1,2611.27,901.06,1,196,0.1819,2,0,1,0,0,0,1,0
CH-000457,CH-C01734,2025-01-08,27,9965.18,38481.09,48,627,0.1189,47,2,0,382.7,1176.72,1,22,0.3649,12,6,0,1,0,0,1,0
CH-000587,CH-C02052,2025-01-08,55,3050.79,15938.76,12,579,0.6899,17,0,1,776.38,4275.97,1,29,0.3701,5,4,1,0,0,0,1,0
CH-000814,CH-C01866,2025-01-08,63,14394.92,182212.17,36,591,0.6975,262,0,0,4979.13,1248.53,1,223,0.2374,0,4,0,0,0,1,0,0
CH-001284,CH-C00350,2025-01-08,42,14377.66,70829.62,12,589,0.8588,276,0,0,6444.48,147237.31,1,140,0.7134,8,15,0,1,0,0,1,0
CH-001305,CH-C01524,2025-01-08,50,5026.11,57376.43,60,712,0.5084,338,2,0,1598.93,,1,306,0.8351,5,31,1,0,0,1,0,0
CH-001310,CH-C01872,2025-01-08,61,5536.31,115051.37,24,,1.1909,45,0,1,1799.39,4839.9,1,224,0.25,10,9,0,1,0,0,1,0
CH-001476,CH-C00300,2025-01-08,41,10606.27,81382.64,24,792,0.5715,249,3,0,2670.66,9631.4,1,216,0.5662,4,12,0,1,0,0,1,0
CH-002080,CH-C00571,2025-01-08,64,5005.61,91260.81,48,712,0.3927,74,0,0,64.56,4500.46,1,287,0.4825,12,3,0,0,0,0,1,0
CH-002413,CH-C00903,2025-01-08,46,14024.64,139112.63,36,665,0.4542,130,0,0,2506.44,19686.41,1,298,0.7499,8,14,0,0,0,0,1,0
CH-002416,CH-C01254,2025-01-08,54,9747.68,180910.32,36,606,0.6508,150,3,0,1318.46,205.18,1,178,0.2733,2,5,0,1,0,0,0,1
CH-000469,CH-C01755,2025-01-09,34,7947.55,92863.3,60,836,0.3658,22,1,0,1359.31,3290.96,1,192,0.2166,8,4,1,0,0,1,0,0
CH-000802,CH-C00551,2025-01-09,63,4450.83,45781.83,36,685,0.3443,318,0,0,260.83,628.14,0,94,0.2743,0,19,1,0,0,0,1,0
CH-000835,CH-C01495,2025-01-09,29,7046.28,44456.19,24,710,0.2796,81,4,0,117.93,15920.52,0,4,0.1091,8,6,1,0,0,0,1,0
CH-002219,CH-C02039,2025-01-09,63,5061.54,31519.1,24,624,0.6389,358,0,0,1920.61,26932.14,0,403,0.2292,7,30,0,0,1,0,1,0
CH-000063,CH-C00153,2025-01-10,64,6837.19,109870.18,36,817,0.6361,103,0,0,1297.37,24079.52,1,193,0.519,6,16,0,0,1,1,0,0
CH-000873,CH-C00324,2025-01-10,52,7347.81,63903.0,24,636,0.8273,167,2,0,3416.22,26092.85,1,278,0.1283,0,18,0,0,1,1,0,0
CH-001266,CH-C00408,2025-01-10,34,8626.24,165671.79,60,601,0.3641,152,2,0,379.48,9013.0,1,111,0.6869,6,14,0,0,1,0,1,0
CH-001540,CH-C00527,2025-01-10,35,3320.32,46325.05,60,635,0.3997,149,2,0,555.1,8881.5,1,7,0.2892,1,1,1,0,0,1,0,0
CH-001567,CH-C00330,2025-01-10,52,6906.39,28892.61,48,573,0.2377,48,0,0,1040.05,1598.32,1,50,0.6099,9,26,0,0,0,0,1,0
CH-002094,CH-C01202,2025-01-10,28,9968.14,119080.53,60,708,0.4075,106,1,0,2077.71,4801.49,1,84,0.4961,1,3,0,0,1,0,1,0
CH-002485,CH-C00132,2025-01-10,51,6571.07,30579.44,24,702,0.6245,123,3,0,2829.55,314.53,1,381,0.283,5,13,0,0,0,0,1,0
CH-000064,CH-C00339,2025-01-11,44,4198.48,49298.64,12,669,1.1633,144,1,0,775.69,655.76,1,289,0.3607,7,13,0,0,1,0,1,0
CH-000404,CH-C01332,2025-01-11,53,22288.87,331217.86,24,765,0.8808,42,2,0,5830.35,63233.61,1,98,0.5944,9,7,0,0,0,1,0,0
CH-000425,CH-C00864,2025-01-11,26,10842.95,130076.0,48,689,0.5643,64,1,1,3408.58,1601.08,1,60,0.5383,5,3,1,0,0,0,1,0
CH-000623,CH-C01626,2025-01-11,63,3442.27,55565.23,12,636,1.8006,58,0,0,1567.66,3906.01,0,286,0.6236,9,7,0,0,1,0,0,1
CH-000834,CH-C00334,2025-01-11,46,16068.94,198875.04,48,512,0.401,92,0,0,2299.89,31477.92,1,16,0.1903,6,27,1,0,0,0,1,0
CH-000967,CH-C00674,2025-01-11,36,4321.29,69492.29,48,659,0.4282,,1,0,402.5,190.74,1,205,0.2881,8,1,1,0,0,0,1,0
CH-001069,CH-C01077,2025-01-11,35,6219.29,37213.59,36,596,0.2065,38,0,0,250.62,15885.34,1,89,0.2411,3,16,0,0,1,0,1,0
CH-001144,CH-C00896,2025-01-11,49,11547.91,103123.65,12,658,1.0748,317,1,0,3817.81,33164.76,1,336,0.503,10,23,0,1,0,0,1,0
CH-001511,CH-C00427,2025-01-11,34,11802.28,170639.29,12,735,1.3955,30,3,1,2249.61,41387.97,0,139,0.4122,0,5,0,0,1,0,0,1
CH-001642,CH-C02015,2025-01-11,26,4241.9,83266.64,36,539,0.6825,12,2,0,582.15,4295.67,1,88,0.1496,1,8,1,0,0,1,0,0
CH-001966,CH-C01937,2025-01-11,36,6926.27,39588.26,12,632,0.7525,,1,1,1913.21,11066.49,1,127,0.544,10,17,0,1,0,0,1,0
CH-002246,CH-C01513,2025-01-11,44,4291.17,71230.96,12,756,1.7253,119,0,0,1467.46,986.34,1,308,0.3725,5,19,0,0,1,0,1,0
CH-002443,CH-C01113,2025-01-11,41,2836.59,41536.38,36,457,0.6522,23,2,0,696.16,1352.37,1,263,0.4739,0,23,0,0,0,0,1,0
CH-000079,CH-C01344,2025-01-12,43,28738.69,350000,48,,0.2739,228,0,0,579.39,169687.83,0,132,0.5871,11,3,0,0,0,0,0,1
CH-000610,CH-C01904,2025-01-12,55,10086.9,132055.31,48,616,0.6622,186,2,0,3928.69,26901.68,1,283,0.6535,3,31,0,0,1,1,0,0
CH-001641,CH-C01517,2025-01-12,22,5608.72,36842.66,48,693,0.3683,8,1,0,1298.32,8670.5,1,41,0.2758,3,3,1,0,0,0,1,0
CH-001670,CH-C01688,2025-01-12,28,4265.45,27334.38,48,683,0.4238,2,0,0,1238.22,1499.81,1,79,0.7493,10,9,1,0,0,0,0,1
CH-001784,CH-C01014,2025-01-12,48,12186.48,51213.44,60,681,0.3292,216,0,0,3158.6,23869.79,0,58,0.5975,2,24,0,0,1,0,0,1
CH-001806,CH-C01922,2025-01-12,26,8486.64,35097.91,12,669,0.3962,92,4,0,437.52,5357.16,1,28,0.252,1,6,1,0,0,0,1,0
CH-000611,CH-C01132,2025-01-13,27,7068.27,50922.43,48,646,0.6077,3,4,0,3234.76,51842.48,1,55,0.3048,8,9,0,0,1,1,0,0
CH-000880,CH-C00708,2025-01-13,26,6136.07,132270.85,12,661,2.0459,21,2,0,1531.02,21928.13,1,63,0.7608,4,6,0,1,0,1,0,0
CH-001332,CH-C01313,2025-01-13,39,8475.9,42425.19,12,692,0.4526,35,1,0,300.64,,1,226,0.8391,7,3,0,1,0,0,1,0
CH-001630,CH-C01673,2025-01-13,30,17984.27,195292.09,24,772,0.5688,112,0,0,2092.11,1235.36,1,73,0.4386,9,11,1,0,0,0,1,0
CH-001999,CH-C01388,2025-01-13,47,19411.85,317717.39,24,762,0.7612,246,0,0,1538.67,57876.07,1,250,0.0859,8,24,1,0,0,0,1,0
CH-002042,CH-C01593,2025-01-13,49,5342.91,98481.6,48,649,0.5707,317,0,0,997.52,22588.73,1,2,0.4436,4,9,1,0,0,0,1,0
CH-000312,CH-C00396,2025-01-14,42,3364.93,31838.32,12,681,0.9207,19,0,0,444.96,13179.13,0,101,0.778,8,13,0,1,0,1,0,0
CH-000620,CH-C00550,2025-01-14,53,10954.24,128947.3,24,544,0.8833,163,0,0,4303.44,36765.52,1,220,0.9436,10,20,0,0,1,0,1,0
CH-000989,CH-C00809,2025-01-14,52,12264.29,66254.52,24,644,0.3055,218,3,0,986.07,10384.8,1,184,0.6866,8,32,1,0,0,0,1,0
CH-001186,CH-C01186,2025-01-14,32,14025.67,236142.39,12,493,1.7079,49,0,1,4275.37,94404.12,1,143,0.2393,2,0,1,0,0,0,1,0
CH-001368,CH-C01413,2025-01-14,58,9824.04,137140.2,36,683,0.4528,63,0,0,638.73,7066.71,1,11,0.1559,10,14,1,0,0,0,1,0
CH-001843,CH-C01228,2025-01-14,31,13242.07,64788.45,48,569,0.2545,116,0,1,2020.58,51135.82,1,147,0.2245,0,1,1,0,0,1,0,0
CH-002428,CH-C01150,2025-01-14,29,17092.87,138311.01,60,693,0.4936,80,1,1,6131.33,14657.71,1,124,0.7518,8,2,0,0,0,0,1,0
CH-001214,CH-C01057,2025-01-15,56,7999.39,58938.18,36,644,0.3281,202,2,0,987.8,2010.64,0,87,0.2107,1,7,0,0,0,0,0,1
CH-001650,CH-C00106,2025-01-15,25,5010.53,105527.43,60,,0.7171,21,1,0,1834.02,27720.99,1,79,0.5285,3,1,0,1,0,0,0,1
CH-001774,CH-C01009,2025-01-15,21,24863.51,350000,24,520,0.8269,11,0,0,5975.68,92559.6,1,35,0.8524,10,3,0,0,1,0,1,0
CH-000002,CH-C00299,2025-01-16,26,5469.87,31318.29,36,628,0.5056,96,0,0,1895.8,32285.3,1,8,0.6377,1,5,0,0,0,0,1,0
CH-001496,CH-C00905,2025-01-16,50,11013.18,164445.43,48,641,0.6147,67,2,0,3343.4,8333.3,0,329,0.1418,1,21,0,0,0,0,1,0
CH-001510,CH-C00850,2025-01-16,44,13095.9,161646.18,60,712,0.3403,221,1,0,1762.29,21652.26,1,160,0.0975,5,16,1,0,0,1,0,0
CH-001532,CH-C01382,2025-01-16,56,5760.35,90630.88,12,617,1.5232,347,6,0,1221.47,62330.17,1,212,0.1616,8,25,1,0,0,1,0,0
CH-001608,CH-C00033,2025-01-16,32,6202.65,47280.3,24,655,0.5321,61,1,0,1330.31,5462.71,0,2,0.5384,3,6,0,1,0,1,0,0
CH-001661,CH-C01933,2025-01-16,36,8331.42,69149.11,12,719,1.1058,89,0,0,3450.57,7495.56,0,56,0.1814,11,8,0,0,0,1,0,0
CH-001839,CH-C00787,2025-01-16,52,5655.57,24109.46,36,505,0.4313,158,0,0,1769.35,34881.07,1,12,0.4119,1,10,0,0,0,0,1,0
CH-001866,CH-C00932,2025-01-16,40,4360.03,67683.95,24,759,1.1155,30,2,0,2043.62,14809.45,1,254,0.782,10,22,0,0,0,0,1,0
CH-001997,CH-C00191,2025-01-16,39,19063.72,350000,60,723,0.3676,199,0,0,1175.05,28598.57,0,244,0.3659,12,18,1,0,0,0,1,0
CH-002072,CH-C01459,2025-01-16,27,13801.98,201802.8,12,671,1.324,61,2,0,1456.53,17368.87,1,4,0.2532,5,7,1,0,0,0,1,0
CH-002270,CH-C01591,2025-01-16,42,8660.22,126592.7,24,605,1.0426,52,1,0,3754.74,51016.8,0,37,0.2518,6,9,1,0,0,1,0,0
CH-000188,CH-C00625,2025-01-17,23,3613.06,78906.06,60,664,0.7169,15,0,0,1275.02,1538.01,1,50,0.6858,3,5,0,1,0,1,0,0
CH-000226,CH-C01721,2025-01-17,39,10911.4,217319.28,36,591,0.8353,52,1,0,3078.04,40311.85,0,11,0.567,7,13,0,0,0,0,0,1
CH-000670,CH-C01406,2025-01-17,54,8287.45,167985.46,24,719,1.286,196,0,0,3658.48,8364.56,1,156,0.5109,11,28,0,1,0,0,1,0
CH-001224,CH-C00568,2025-01-17,53,4347.74,45468.11,36,633,0.7054,301,0,0,1803.73,5883.74,1,235,0.2608,10,10,0,0,0,1,0,0
CH-001336,CH-C01389,2025-01-17,21,4984.26,42405.54,60,589,0.5248,6,5,0,1908.95,21740.31,1,0,0.1487,11,1,0,0,0,1,0,0
CH-001410,CH-C01002,2025-01-17,29,7851.36,30529.13,24,637,0.173,38,1,0,85.87,2436.66,1,126,0.3297,6,10,0,0,1,0,1,0
CH-001504,CH-C01801,2025-01-17,59,7688.57,90316.91,48,796,0.2557,252,0,0,84.16,35799.38,1,391,0.7774,1,29,0,0,1,0,1,0
CH-001633,CH-C01936,2025-01-17,41,15211.25,294808.55,36,755,0.6414,84,1,0,1566.85,6205.44,0,27,0.0356,2,12,0,0,0,0,1,0
CH-001867,CH-C00835,2025-01-17,58,14125.98,46154.64,48,703,0.2035,16,4,1,1913.3,35312.55,1,222,0.6327,0,3,1,0,0,0,1,0
CH-002044,CH-C01916,2025-01-17,61,6701.07,70009.97,36,635,0.3701,348,0,0,535.09,14114.19,1,403,0.0529,2,21,1,0,0,0,1,0
CH-002054,CH-C01181,2025-01-17,62,9781.16,158387.76,24,749,0.897,142,0,0,2174.6,9276.4,1,141,0.6115,10,2,0,1,0,1,0,0
CH-000367,CH-C01762,2025-01-18,54,3699.86,78126.57,60,547,0.5277,211,0,0,650.32,16752.52,1,15,0.7965,6,28,0,0,0,1,0,0
CH-000521,CH-C00679,2025-01-18,34,3860.2,78762.05,48,621,0.891,183,0,0,1798.62,4772.67,0,146,0.1151,10,4,1,0,0,0,0,1
CH-001173,CH-C01421,2025-01-18,53,10079.91,193820.5,48,606,0.8092,274,0,0,4118.64,1320.9,1,212,0.4854,3,15,1,0,0,0,1,0
CH-001639,CH-C00377,2025-01-18,56,3931.68,73629.42,36,740,0.6792,175,2,1,625.25,2163.69,1,71,0.1724,3,3,0,0,0,0,1,0
CH-001700,CH-C00569,2025-01-18,53,3880.04,74664.27,36,618,0.904,171,0,1,1433.45,960.37,1,308,0.5176,5,1,0,1,0,0,1,0
CH-000085,CH-C01201,2025-01-19,38,10692.86,87854.04,60,630,0.3762,208,0,0,2558.28,23045.94,1,62,0.2807,10,17,1,0,0,0,1,0
CH-000114,CH-C00236,2025-01-19,47,4956.27,14971.75,36,801,0.3441,276,2,0,1289.61,2186.12,1,207,0.2198,11,28,1,0,0,0,1,0
CH-000562,CH-C00774,2025-01-19,27,2500,32763.25,48,675,0.6231,4,6,0,875.25,3703.98,1,71,0.3988,3,4,1,0,0,0,1,0
CH-000857,CH-C01870,2025-01-19,26,8241.54,128558.48,48,677,0.7449,36,1,1,3460.89,10094.71,1,5,0.5746,5,4,1,0,0,0,1,0
CH-000914,CH-C01644,2025-01-19,39,7985.91,132874.06,12,600,1.7008,1,1,0,2509.92,716.0,1,45,0.7165,7,1,0,0,0,1,0,0
CH-000995,CH-C00491,2025-01-19,38,7355.06,130483.38,24,844,0.819,12,0,0,586.96,23683.11,0,82,0.1721,2,14,1,0,0,0,0,1
CH-001093,CH-C00199,2025-01-19,30,18969.69,198178.18,48,666,0.5071,14,0,0,5491.15,30660.25,1,40,0.4572,7,1,0,1,0,1,0,0
CH-001554,CH-C00042,2025-01-19,52,6586.7,69555.95,60,509,0.4284,313,1,1,1662.43,618.95,1,388,0.2539,6,14,0,1,0,1,0,0
CH-001765,CH-C01847,2025-01-19,37,4826.6,73573.35,36,633,0.8181,111,0,0,1905.01,10694.03,1,138,0.4461,11,3,0,0,0,0,1,0
CH-001952,CH-C00271,2025-01-19,28,6502.46,38505.41,60,,0.3312,106,0,0,1511.97,15332.72,1,27,0.0468,8,10,0,0,1,0,1,0
CH-002380,CH-C00925,2025-01-19,64,7610.75,38228.92,24,733,0.4109,89,4,0,1534.73,15075.95,1,203,0.5158,2,0,1,0,0,0,1,0
CH-002434,CH-C00122,2025-01-19,37,6984.81,119310.54,60,702,0.6785,36,1,0,2750.77,9093.62,1,64,0.1665,0,9,1,0,0,1,0,0
CH-000227,CH-C00872,2025-01-20,63,5616.08,93557.33,48,818,0.6476,31,0,0,1688.1,26553.53,1,324,0.1555,7,28,0,1,0,0,1,0
CH-000298,CH-C01221,2025-01-20,38,7771.24,89179.18,60,507,0.6056,16,1,0,3220.25,6103.69,0,3,0.2798,6,19,1,0,0,0,1,0
CH-000504,CH-C02072,2025-01-20,64,6813.42,39602.65,36,677,0.5662,309,2,2,2757.56,38976.49,1,159,0.2853,5,18,0,0,0,0,1,0
CH-001108,CH-C00162,2025-01-20,37,18991.32,268592.29,60,787,0.4201,49,2,0,3501.73,40725.65,1,213,0.3152,5,3,0,0,1,1,0,0
CH-001204,CH-C00191,2025-01-20,39,19538.65,192808.68,48,683,0.5289,62,0,0,6316.55,52549.28,1,119,0.8231,12,8,1,0,0,0,1,0
CH-001573,CH-C01242,2025-01-20,28,10708.39,136852.8,48,647,0.4071,92,1,0,1508.02,10962.89,0,21,0.6553,4,5,1,0,0,1,0,0
CH-001718,CH-C01893,2025-01-20,33,7338.64,112675.99,12,649,1.4044,86,0,0,916.41,48503.11,0,151,0.5409,4,2,1,0,0,0,1,0
CH-001755,CH-C02059,2025-01-20,45,10487.59,126128.97,36,687,0.5184,310,1,0,1933.37,8932.5,0,148,0.2328,12,10,1,0,0,0,0,1
CH-001775,CH-C01517,2025-01-20,22,6648.62,26363.62,60,622,0.184,21,1,0,783.85,22755.49,0,20,0.2635,12,3,1,0,0,0,1,0
CH-001885,CH-C00000,2025-01-20,21,2500,25333.79,12,707,0.9209,17,0,0,191.14,665.25,1,18,0.1273,3,2,1,0,0,1,0,0
CH-002160,CH-C01277,2025-01-20,22,3415.81,71808.3,36,776,0.7418,23,1,0,539.21,964.74,1,11,0.1934,8,4,0,0,1,0,1,0
CH-002266,CH-C00527,2025-01-20,35,3590.87,66033.19,60,623,0.6416,165,7,0,1203.48,1040.51,0,151,0.5874,8,4,1,0,0,1,0,0
CH-002330,CH-C01138,2025-01-20,41,11843.01,183330.9,36,655,0.4988,50,0,0,815.29,17018.64,1,109,0.2019,6,13,0,1,0,1,0,0
CH-000028,CH-C00733,2025-01-21,57,8945.47,194904.66,48,850,0.8615,239,0,0,3645.81,11779.22,1,337,0.3059,0,12,1,0,0,0,1,0
CH-000133,CH-C00996,2025-01-21,60,2500,40108.64,12,850,1.7301,327,1,1,982.82,5526.52,0,205,0.3619,12,8,0,1,0,0,0,1
CH-000248,CH-C00150,2025-01-21,63,4987.61,107014.47,36,588,1.0079,242,2,1,2054.51,1271.01,1,64,0.9498,5,26,1,0,0,0,1,0
CH-001154,CH-C00161,2025-01-21,45,7018.27,69669.51,36,692,0.4956,186,0,0,1543.02,6265.08,0,252,0.2851,9,18,0,0,0,1,0,0
CH-001328,CH-C01393,2025-01-21,59,7515.76,124584.56,36,785,0.6824,150,0,0,1667.99,6751.85,1,415,0.5743,8,0,1,0,0,1,0,0
CH-001648,CH-C02020,2025-01-21,33,6128.67,70951.51,24,611,0.6835,162,1,0,1232.74,2770.13,1,156,0.7022,12,12,0,0,1,0,1,0
CH-001890,CH-C01664,2025-01-21,59,2808.62,18932.35,48,696,0.285,47,2,1,406.06,227.16,1,308,0.7685,4,30,0,1,0,0,1,0
CH-001915,CH-C01333,2025-01-21,38,4529.06,93792.56,12,803,2.0852,213,0,0,1627.75,5054.42,1,131,0.5457,9,1,0,1,0,0,1,0
CH-000031,CH-C01325,2025-01-22,49,11391.74,97860.26,12,682,1.0299,38,2,0,3577.03,2610.95,1,259,0.4452,11,7,0,1,0,0,1,0
CH-000068,CH-C00863,2025-01-22,54,6644.43,31538.58,24,509,0.3182,155,0,0,800.33,11842.18,0,111,0.2295,8,22,1,0,0,0,0,1
CH-000129,CH-C01080,2025-01-22,38,11401.31,63420.35,48,675,0.5723,217,0,1,5204.07,13564.21,1,196,0.3416,3,19,0,0,1,1,0,0
CH-000305,CH-C01213,2025-01-22,50,7311.27,53921.08,24,606,0.6888,56,1,0,2789.56,84930.61,0,370,0.0674,5,13,0,0,1,0,0,1
CH-000414,CH-C02075,2025-01-22,49,25720.02,350000,12,701,1.4067,231,0,0,7014.41,77670.33,1,211,0.4618,7,8,0,0,1,0,1,0
CH-000902,CH-C00393,2025-01-22,54,6728.55,140312.13,48,762,0.5064,56,0,0,483.88,13869.72,1,2,0.6127,7,2,0,0,0,0,1,0
CH-000916,CH-C00653,2025-01-22,53,10269.96,209023.96,24,708,1.2625,73,0,2,4256.99,11525.5,1,157,0.391,9,24,1,0,0,0,1,0
CH-001075,CH-C01491,2025-01-22,33,16602.01,256187.28,60,611,0.6367,89,1,0,6300.29,1045.36,0,120,0.1581,3,15,0,1,0,0,1,0
CH-001100,CH-C00847,2025-01-22,45,2500,17781.18,60,572,0.2586,95,1,1,350.23,3843.67,1,82,0.389,7,8,1,0,0,1,0,0
CH-000212,CH-C00808,2025-01-23,26,7968.74,148975.39,36,666,0.7331,88,6,0,1703.62,21465.66,0,61,0.1191,4,5,0,1,0,0,0,1
CH-000455,CH-C01999,2025-01-23,22,11479.57,59044.46,12,779,0.8116,21,4,0,4395.9,10171.81,0,2,0.3154,5,2,1,0,0,0,0,1
CH-000652,CH-C01000,2025-01-23,50,9407.75,146311.4,12,678,1.5398,296,0,0,2293.17,1680.65,0,71,0.3305,11,22,0,1,0,1,0,0
CH-000725,CH-C00964,2025-01-23,39,12306.39,161011.87,60,550,0.6719,57,1,0,5585.6,19477.51,1,198,0.2067,12,12,0,0,0,1,0,0
CH-000762,CH-C00925,2025-01-23,64,6866.83,79713.38,60,748,0.6427,92,0,0,3084.93,19132.18,1,263,0.6852,3,27,1,0,0,0,1,0
CH-000932,CH-C01977,2025-01-23,41,4985.58,45000.76,36,637,0.3193,261,2,0,341.82,3228.58,1,186,0.4978,11,0,0,0,1,0,0,1
CH-001208,CH-C00634,2025-01-23,33,7254.45,45999.76,36,674,0.3276,88,0,0,1098.55,5791.66,1,10,0.7536,4,6,1,0,0,0,1,0
CH-001361,CH-C00098,2025-01-23,56,10310.2,209807.21,12,562,1.7385,24,4,1,440.44,5700.06,1,289,0.3205,1,18,1,0,0,0,1,0
CH-001506,CH-C00807,2025-01-23,32,9380.79,206254.37,48,579,0.7044,55,1,2,2310.46,15002.32,0,73,0.4872,1,8,0,0,0,0,0,1
CH-001585,CH-C01844,2025-01-23,58,5209.22,36440.84,48,650,0.3597,124,1,0,1114.59,10372.38,0,63,0.311,1,0,0,0,0,0,1,0
CH-002102,CH-C01392,2025-01-23,45,7203.68,68310.61,60,606,0.534,224,1,0,2708.05,,1,315,0.2263,4,26,1,0,0,1,0,0
CH-002227,CH-C02084,2025-01-23,50,10591.82,52375.09,12,690,0.5824,36,2,1,1804.34,21186.81,0,107,0.5505,12,27,0,0,0,1,0,0
CH-002285,CH-C00180,2025-01-23,45,7790.27,31311.11,36,737,0.4648,265,1,0,2750.86,50064.16,1,155,0.5575,0,2,0,1,0,0,1,0
CH-002364,CH-C01818,2025-01-23,61,22524.68,290044.69,24,706,0.9678,356,1,0,9713.4,23082.37,0,59,0.1852,5,0,1,0,0,0,0,1
CH-002417,CH-C01046,2025-01-23,37,9604.01,146563.82,24,626,0.9445,105,0,0,2963.71,7072.77,0,182,0.3316,10,16,0,1,0,0,1,0
CH-000578,CH-C00630,2025-01-24,21,10098.03,204636.54,60,735,0.79,,3,0,4567.09,2809.7,1,10,0.6457,8,1,0,1,0,0,1,0
CH-001074,CH-C01892,2025-01-24,40,10488.51,33161.08,12,722,0.6792,168,1,0,4360.76,35360.67,0,13,0.7054,3,20,1,0,0,0,1,0
CH-001803,CH-C02059,2025-01-24,45,10386.58,58628.02,60,748,0.282,189,0,1,1952.22,3398.98,1,198,0.6002,4,6,1,0,0,0,0,1
CH-002239,CH-C01306,2025-01-24,23,13089.94,233435.05,48,723,0.6417,57,0,0,3536.87,23848.02,1,56,0.8989,3,2,0,1,0,0,1,0
CH-002331,CH-C00657,2025-01-24,49,11252.91,98747.38,24,645,0.5261,215,0,1,1805.3,3316.16,1,186,0.6111,8,16,1,0,0,0,1,0
CH-000001,CH-C01730,2025-01-25,25,9276.03,51173.56,48,550,0.2909,33,0,0,1632.31,1468.95,1,54,0.2051,11,1,1,0,0,1,0,0
CH-000111,CH-C00809,2025-01-25,52,10709.74,181121.12,12,670,1.5391,102,0,2,1390.22,45687.08,1,77,0.1898,11,14,1,0,0,0,1,0
CH-000119,CH-C01875,2025-01-25,38,6531.57,88016.3,48,542,0.4055,12,4,0,814.65,9545.76,1,80,0.647,10,2,0,0,0,0,1,0
CH-000694,CH-C00364,2025-01-25,46,11704.36,122421.81,12,564,1.0339,91,6,0,1899.75,15364.42,1,336,0.2787,11,18,1,0,0,0,1,0
CH-001000,CH-C01320,2025-01-25,31,20591.97,331140.69,60,773,0.3852,142,1,0,2412.03,92416.09,1,153,0.3003,0,12,0,0,1,0,1,0
CH-001087,CH-C00859,2025-01-25,38,6894.44,119064.21,12,589,1.7055,83,0,0,1836.45,9695.39,1,69,0.5333,3,1,0,0,0,0,1,0
CH-001428,CH-C00075,2025-01-25,22,9164.46,151903.08,36,700,0.895,4,0,1,3982.77,10147.23,0,12,0.292,9,1,0,0,0,1,0,0
CH-001853,CH-C01087,2025-01-25,38,12296.2,103667.26,60,740,0.6062,214,1,0,5725.73,5955.9,1,111,0.332,1,18,0,1,0,0,1,0
CH-002135,CH-C00367,2025-01-25,52,7731.06,91506.58,12,585,1.2555,19,1,0,2081.09,14990.33,1,56,0.1297,4,11,1,0,0,0,1,0
CH-002150,CH-C00006,2025-01-25,31,7336.12,121019.05,24,695,0.9392,106,3,0,1847.53,23952.66,1,49,0.2978,6,6,0,0,0,0,1,0
CH-002348,CH-C00301,2025-01-25,32,5721.84,21711.08,36,745,0.4122,142,0,0,1755.74,5800.67,1,100,0.2472,6,14,0,0,1,0,1,0
CH-002427,CH-C00991,2025-01-25,42,10104.34,171862.59,48,770,0.7773,288,1,0,4273.13,10155.25,1,189,0.6225,8,12,0,1,0,0,1,0
CH-000057,CH-C01163,2025-01-26,50,11873.84,130294.11,60,704,0.4048,40,0,0,2634.53,36859.56,1,375,0.3518,1,7,1,0,0,0,1,0
CH-000073,CH-C00609,2025-01-26,35,5523.8,43464.07,48,620,0.2925,183,0,0,709.95,4401.11,1,136,0.3829,12,4,1,0,0,1,0,0
CH-000442,CH-C00696,2025-01-26,36,18667.22,68194.66,48,633,0.3387,92,4,0,4901.03,6712.29,1,152,0.3028,10,3,0,1,0,1,0,0
CH-001039,CH-C00726,2025-01-26,33,15303.4,241136.1,24,770,1.0078,,0,0,5375.2,,1,149,0.5829,11,6,1,0,0,0,1,0
CH-001455,CH-C01326,2025-01-26,48,15935.04,210082.51,24,545,0.7477,144,0,2,3161.22,19345.29,1,84,0.6769,2,30,0,1,0,0,1,0
CH-001605,CH-C00327,2025-01-26,41,10968.33,128291.14,24,669,0.7856,235,0,1,3271.65,58071.03,1,102,0.5471,0,19,1,0,0,0,1,0
CH-001747,CH-C00520,2025-01-26,36,9471.14,101188.37,36,652,0.5499,72,1,0,2397.53,8081.24,1,177,0.5444,12,4,0,0,0,1,0,0
CH-002124,CH-C00393,2025-01-26,54,6781.1,149167.02,24,,1.3773,181,2,0,3124.04,3280.67,0,410,0.3934,9,6,0,0,0,0,1,0
CH-002435,CH-C00424,2025-01-26,23,3595.37,44027.64,12,705,1.1415,40,0,0,435.01,17040.4,1,43,0.2431,5,2,0,0,1,0,1,0
CH-000041,CH-C00849,2025-01-27,60,5370.2,46054.61,24,724,0.3911,35,0,0,181.21,7336.07,1,162,0.503,0,15,0,0,1,1,0,0
CH-000137,CH-C00582,2025-01-27,49,17405.81,59397.63,12,672,0.4024,238,3,0,2054.08,82596.39,1,268,0.461,6,24,0,0,0,0,1,0
CH-000345,CH-C01990,2025-01-27,46,7814.69,152595.58,48,685,0.7248,301,3,0,2485.13,2596.23,0,134,0.0783,4,22,0,0,1,0,1,0
CH-000409,CH-C01813,2025-01-27,44,10967.91,43718.28,36,705,0.4567,289,0,0,3795.13,5646.43,0,90,0.3903,3,7,0,1,0,0,1,0
CH-000737,CH-C01012,2025-01-27,21,8970.85,77325.8,60,664,0.2919,28,0,0,1329.54,1526.64,0,3,0.1524,9,1,0,1,0,1,0,0
CH-000755,CH-C00273,2025-01-27,23,7581.02,165052.35,24,614,1.2767,12,1,0,2801.77,41603.09,0,39,0.2479,1,1,0,0,0,0,0,1
CH-001099,CH-C01046,2025-01-27,37,9176.97,169005.02,24,724,1.0069,167,8,0,2198.56,18199.87,1,219,0.3365,12,13,0,1,0,0,1,0
CH-001243,CH-C01640,2025-01-27,44,10051.83,56387.62,36,723,0.3072,291,2,0,1521.77,,0,272,0.4053,10,20,0,0,0,0,1,0
CH-001257,CH-C00126,2025-01-27,55,8728.35,165200.74,60,634,0.5567,4,4,0,2105.74,26641.71,1,172,0.665,12,20,1,0,0,0,1,0
CH-001440,CH-C00480,2025-01-27,23,6556.45,59449.42,48,558,0.2094,49,1,0,134.59,18044.78,1,28,0.4304,9,4,0,0,0,0,1,0
CH-001558,CH-C00424,2025-01-27,23,3210.96,43450.95,12,668,1.4446,56,1,0,1017.69,21777.86,1,45,0.2855,6,1,0,0,1,0,1,0
CH-001667,CH-C00366,2025-01-27,36,8556.87,152835.73,60,576,0.5986,18,4,0,2575.02,1732.6,0,80,0.3679,7,1,1,0,0,0,0,1
CH-001850,CH-C01891,2025-01-27,61,6014.76,52298.71,60,665,0.4693,214,1,0,1950.88,15313.53,0,4,0.3502,1,29,1,0,0,1,0,0
CH-001924,CH-C01161,2025-01-27,39,12244.09,201937.98,36,666,0.76,100,7,0,3696.18,24251.27,0,197,0.5307,9,9,0,0,1,0,1,0
CH-002370,CH-C00718,2025-01-27,52,8308.55,171192.81,12,684,2.152,255,0,0,3613.75,,1,130,0.6032,6,1,1,0,0,0,1,0
CH-002419,CH-C00915,2025-01-27,53,11835.19,227649.88,60,629,0.4919,337,1,0,2027.29,45684.12,1,296,0.5713,9,12,0,1,0,1,0,0
CH-002460,CH-C01344,2025-01-27,43,31390.76,350000,48,544,0.3024,281,3,0,2199.76,17102.72,0,251,0.4285,0,14,0,0,0,0,0,1
CH-000183,CH-C02068,2025-01-28,42,4068.6,35612.13,48,774,0.6001,151,0,0,1699.65,1129.24,1,183,0.0952,1,5,0,0,0,0,1,0
CH-000968,CH-C01241,2025-01-28,57,3396.95,59524.71,24,589,0.8846,54,0,0,524.74,7543.33,1,77,0.6078,0,21,0,0,1,1,0,0
CH-001780,CH-C00492,2025-01-28,27,6128.16,94219.5,60,670,0.4926,80,0,0,1448.2,16361.67,1,90,0.3719,6,4,0,0,1,1,0,0
CH-001854,CH-C01220,2025-01-28,39,14021.03,249659.84,48,811,0.6332,187,0,0,3676.98,29800.06,1,170,0.7538,3,20,0,0,1,0,1,0
CH-002217,CH-C01864,2025-01-28,31,10507.38,166382.54,24,647,0.8057,141,2,1,1533.12,,0,113,0.5674,8,6,1,0,0,1,0,0
CH-002392,CH-C01415,2025-01-28,39,11526.21,209989.96,60,850,0.7358,150,0,0,4981.36,6344.91,1,4,0.7445,5,7,0,0,0,1,0,0
CH-000076,CH-C01090,2025-01-29,60,5314.48,58412.28,24,746,0.485,197,0,0,143.68,2037.71,1,180,0.1886,3,15,0,1,0,0,1,0
CH-000371,CH-C00838,2025-01-29,36,4009.91,17376.99,36,758,0.2052,161,0,1,340.02,,1,30,0.3675,9,18,0,1,0,0,1,0
CH-000432,CH-C01056,2025-01-29,55,5600.54,58094.51,36,641,0.5993,307,1,0,1742.73,4539.47,0,155,0.4933,6,25,0,0,1,0,1,0
CH-000482,CH-C00970,2025-01-29,46,22661.08,350000,24,599,0.9021,178,1,0,5859.15,4522.33,1,25,0.3329,8,20,0,0,0,0,1,0
CH-000551,CH-C01100,2025-01-29,41,11495.16,159348.54,48,711,0.5016,,3,0,2445.95,18800.56,1,155,0.234,9,20,0,0,0,1,0,0
CH-001133,CH-C00777,2025-01-29,53,5539.7,37099.13,12,762,1.0005,83,0,0,2450.96,10001.18,0,41,0.2293,7,33,0,1,0,0,1,0
CH-001505,CH-C00469,2025-01-29,58,9526.32,44186.84,60,708,0.3672,247,4,0,2761.17,,1,399,0.4721,11,26,0,0,1,1,0,0
CH-001666,CH-C00442,2025-01-29,28,19290.08,82282.0,24,728,0.2986,67,0,0,2331.29,33245.92,1,16,0.2926,1,10,0,0,0,0,1,0
CH-002178,CH-C01648,2025-01-29,26,6226.91,58212.18,24,474,0.8537,87,1,0,2890.4,10936.33,1,30,0.7573,2,8,0,0,1,0,1,0
CH-000295,CH-C01461,2025-01-30,57,9950.21,186671.2,12,599,1.8972,310,1,0,3322.0,15431.57,1,409,0.6284,3,19,0,0,0,0,1,0
CH-001005,CH-C00012,2025-01-30,50,4625.57,23506.85,36,652,0.2263,319,0,0,393.6,1553.83,1,157,0.7583,2,20,1,0,0,0,1,0
CH-001338,CH-C01985,2025-01-30,64,9928.32,183654.98,48,714,0.413,77,1,0,274.03,110146.96,0,358,0.4373,12,6,0,0,0,0,0,1
CH-001600,CH-C00414,2025-01-30,62,15892.76,117450.96,36,732,0.4317,154,0,0,3599.12,11337.05,1,409,0.5195,10,31,1,0,0,0,0,1
CH-001638,CH-C01915,2025-01-30,53,5031.75,23654.14,24,,0.659,299,0,0,2330.1,6383.27,1,9,0.6832,3,17,0,0,0,0,1,0
CH-001942,CH-C01303,2025-01-30,24,5479.66,95095.25,60,732,0.3318,60,0,0,233.41,6478.99,1,42,0.3713,0,1,0,0,1,0,1,0
CH-002216,CH-C00396,2025-01-30,42,3633.23,51968.98,24,661,0.7152,192,4,0,432.95,3844.08,1,157,0.2734,9,9,0,1,0,1,0,0
CH-002224,CH-C00503,2025-01-30,54,5546.17,53226.31,24,618,0.7035,87,3,0,1683.84,12548.3,1,25,0.7549,8,18,0,0,0,0,1,0
CH-002269,CH-C00773,2025-01-30,51,7211.44,153032.91,24,793,0.982,86,0,0,705.06,252.86,1,358,0.4894,11,22,0,1,0,0,1,0
CH-002339,CH-C00888,2025-01-30,29,9134.53,130214.95,48,751,0.5179,71,1,0,2018.34,7791.62,0,57,0.2838,6,4,0,0,0,0,0,1
CH-000191,CH-C00068,2025-01-31,54,10757.64,102023.21,48,684,0.2843,309,1,0,933.02,8794.83,1,301,0.4043,6,25,0,0,0,0,0,1
CH-000255,CH-C01456,2025-01-31,44,9681.3,36999.87,24,660,0.4807,118,0,0,3112.58,13595.26,1,49,0.7335,12,25,0,0,1,0,1,0
CH-000301,CH-C00037,2025-01-31,64,30332.25,350000,48,682,0.3894,271,1,0,4520.4,37204.53,0,39,0.4892,6,1,0,0,0,0,0,1
CH-000590,CH-C01955,2025-01-31,52,7567.17,98863.36,24,689,0.6185,183,1,0,560.98,14894.32,1,267,0.4866,1,26,0,0,1,0,1,0
CH-000712,CH-C01405,2025-01-31,37,5350.72,93610.98,48,793,0.6509,6,0,0,1532.32,61810.19,1,215,0.3569,0,16,0,1,0,1,0,0
CH-000993,CH-C01223,2025-01-31,40,5549.04,30935.31,60,,0.5,66,1,1,2259.05,8213.72,1,152,0.1504,3,0,0,1,0,0,1,0
CH-001027,CH-C00037,2025-01-31,64,23283.8,300509.78,60,663,0.4128,252,0,0,4603.61,2464.78,0,148,0.1112,11,16,0,0,0,0,0,1
CH-001068,CH-C01414,2025-01-31,35,14180.16,279264.58,36,706,0.978,8,2,0,6110.41,7138.3,1,156,0.2974,3,16,1,0,0,0,1,0
CH-001499,CH-C00791,2025-01-31,41,6831.81,141537.28,36,556,1.0149,245,1,0,3002.22,74922.39,1,159,0.3868,12,18,0,1,0,1,0,0
CH-001502,CH-C00507,2025-01-31,24,13240.57,181060.6,60,595,0.4977,58,3,1,3572.76,21001.14,0,71,0.1308,0,0,0,0,0,0,0,1
CH-000284,CH-C00632,2025-02-01,62,4981.55,37795.45,12,666,0.7509,272,2,2,590.99,2714.46,1,315,0.1915,10,34,0,0,1,0,1,0
CH-000726,CH-C02097,2025-02-01,24,4159.26,42011.47,12,704,0.949,55,0,0,446.34,2777.24,1,57,0.5508,4,3,0,1,0,1,0,0
CH-001022,CH-C01232,2025-02-01,61,11679.66,223689.25,60,647,0.4899,38,0,0,1993.48,2748.92,1,2,0.1258,4,4,0,1,0,0,0,1
CH-001584,CH-C01823,2025-02-01,37,9259.99,142812.15,12,631,1.5217,84,0,0,2189.72,22658.58,1,121,0.4953,8,16,0,0,1,0,1,0
CH-001798,CH-C00741,2025-02-01,46,9059.26,31126.76,48,633,0.4792,322,1,0,3692.66,26564.88,1,5,0.1649,10,23,0,0,0,1,0,0
CH-001810,CH-C00252,2025-02-01,31,4712.35,80978.37,24,716,1.105,58,1,0,1832.91,4669.25,1,122,0.4783,11,8,1,0,0,0,1,0
CH-002121,CH-C01683,2025-02-01,52,7619.08,26610.26,48,600,0.2594,230,1,0,1421.76,32903.21,1,365,0.2216,11,29,0,1,0,1,0,0
CH-002292,CH-C01276,2025-02-01,39,3496.55,39787.57,12,561,1.1117,104,0,0,571.33,8340.47,1,163,0.4486,9,11,0,1,0,1,0,0
CH-002429,CH-C00614,2025-02-01,55,17015.93,338731.58,60,646,0.3803,151,0,0,825.72,37335.3,1,207,0.4087,1,32,0,0,1,0,1,0
CH-000140,CH-C00084,2025-02-02,60,14196.99,57718.03,24,722,0.5812,145,1,0,5846.92,11851.17,0,352,0.4867,6,28,0,0,1,1,0,0
CH-000200,CH-C01277,2025-02-02,22,3595.39,17005.02,48,583,0.5255,40,1,0,1535.18,4802.54,1,36,0.0798,12,0,0,0,1,0,1,0
CH-000649,CH-C01110,2025-02-02,62,22017.73,209374.81,12,564,0.8211,35,4,0,630.53,5419.94,1,274,0.306,8,3,0,0,0,0,0,1
CH-000656,CH-C00089,2025-02-02,51,6526.24,41937.72,12,604,0.9989,258,1,0,3024.16,10089.0,0,215,0.0825,6,27,1,0,0,1,0,0
CH-000822,CH-C00526,2025-02-02,34,6146.58,55160.05,24,631,0.6917,6,5,0,1953.11,,1,149,0.31,10,9,0,1,0,0,1,0
CH-000860,CH-C00554,2025-02-02,21,6978.43,102991.63,60,609,0.4459,0,2,0,1394.98,15403.51,1,4,0.2777,2,1,0,1,0,0,1,0
CH-001235,CH-C00544,2025-02-02,26,10904.94,42965.92,36,631,0.4512,12,0,0,3726.91,15255.55,1,27,0.7436,2,6,1,0,0,0,1,0
CH-002028,CH-C01049,2025-02-02,54,8996.81,57152.27,24,643,0.5011,359,2,0,2127.11,4120.72,0,53,0.1013,7,7,0,0,0,0,1,0
CH-002188,CH-C00550,2025-02-02,53,11384.41,146005.47,48,607,0.3567,43,3,0,1019.3,2298.41,0,35,0.6715,8,8,0,0,1,0,1,0
CH-002310,CH-C01511,2025-02-02,32,3534.68,57263.47,48,790,0.5484,58,0,0,745.5,6834.4,0,157,0.17,9,4,0,1,0,0,0,1
CH-002358,CH-C01871,2025-02-02,26,12765.36,270420.2,48,658,0.6473,76,1,0,2628.75,42453.65,1,92,0.1789,3,0,0,1,0,0,1,0
CH-002430,CH-C01009,2025-02-02,21,21373.54,240657.07,60,613,0.6504,8,3,1,9890.83,62752.85,1,24,0.0844,7,1,0,0,1,0,1,0
CH-000005,CH-C00696,2025-02-03,36,14061.36,68661.63,48,625,0.419,186,2,0,4461.91,8121.18,1,120,0.2544,9,12,0,1,0,1,0,0
CH-000034,CH-C00668,2025-02-03,48,8464.21,167192.47,36,632,0.9151,115,2,0,3101.08,13930.57,1,189,0.6494,2,0,0,0,0,0,1,0
CH-000692,CH-C01935,2025-02-03,46,8383.42,166553.95,60,747,0.4447,281,1,0,952.2,1085.57,1,220,0.5679,7,27,1,0,0,0,1,0
CH-000959,CH-C00644,2025-02-03,41,12127.14,242372.58,12,642,2.095,69,1,0,5209.22,5088.2,1,96,0.4796,12,22,0,0,0,0,1,0
CH-001055,CH-C00790,2025-02-03,36,29365.66,350000,60,678,0.5901,61,2,0,11496.56,36189.31,0,212,0.8088,3,12,0,1,0,0,1,0
CH-001085,CH-C01222,2025-02-03,59,3171.41,42661.14,24,568,0.6929,116,1,0,420.08,8406.73,1,91,0.5778,9,17,1,0,0,0,1,0
CH-001096,CH-C00076,2025-02-03,40,13954.44,45783.03,36,689,0.4706,31,1,0,5295.23,16676.83,1,140,0.3126,9,10,0,0,1,0,1,0
CH-001606,CH-C01208,2025-02-03,42,9391.07,141337.51,36,639,0.8525,30,0,0,4080.04,6878.42,1,199,0.4484,4,14,0,0,1,1,0,0
CH-001789,CH-C00600,2025-02-03,27,18462.21,224544.24,24,823,0.5764,38,1,0,1285.22,44645.58,1,6,0.4431,8,5,0,1,0,0,1,0
CH-002062,CH-C00279,2025-02-03,35,23779.37,214888.66,36,727,0.2625,145,1,0,272.0,31902.71,1,178,0.4486,4,5,0,0,0,0,1,0
CH-002092,CH-C00836,2025-02-03,45,14265.85,43090.04,48,594,0.3887,,4,0,4647.39,66497.1,1,103,0.3161,5,23,0,1,0,1,0,0
CH-002185,CH-C00726,2025-02-03,33,16247.15,84068.53,60,752,0.153,96,1,0,1085.38,9813.31,0,143,0.1005,9,13,1,0,0,0,1,0
CH-002396,CH-C01349,2025-02-03,58,13768.2,61584.47,60,809,0.4642,323,0,0,5364.43,1368.36,1,105,0.1761,1,9,1,0,0,1,0,0
CH-000192,CH-C00524,2025-02-04,48,11214.65,67552.65,48,704,0.2411,93,2,0,1296.72,32709.49,1,130,0.2481,8,29,1,0,0,0,1,0
CH-000217,CH-C00349,2025-02-04,23,4791.4,57934.44,48,609,0.4177,34,0,0,794.31,20444.87,1,22,0.103,12,0,0,0,1,1,0,0
CH-000372,CH-C00491,2025-02-04,38,7953.14,112365.8,60,773,0.3816,119,1,1,1162.0,33108.11,0,39,0.5555,8,15,1,0,0,0,0,1
CH-000624,CH-C01664,2025-02-04,59,2814.28,31955.03,12,707,1.016,229,1,0,196.52,2.25,1,278,0.5414,5,16,0,1,0,0,1,0
CH-000646,CH-C01258,2025-02-04,34,12322.18,232013.69,24,812,1.1464,132,0,0,4458.73,8633.86,1,80,0.428,5,5,1,0,0,1,0,0
CH-000697,CH-C00309,2025-02-04,36,7979.96,69458.78,12,809,1.0546,31,1,0,2627.23,7196.22,0,54,0.4213,10,9,0,0,0,0,1,0
CH-000819,CH-C00560,2025-02-04,25,5372.43,61803.49,36,719,0.6601,42,1,1,1829.7,12350.86,1,19,0.6229,7,0,0,0,1,0,1,0
CH-000885,CH-C00120,2025-02-04,51,10083.2,59666.31,12,760,0.5299,254,0,0,370.93,9768.65,1,240,0.4135,1,1,0,1,0,1,0,0
CH-000891,CH-C01392,2025-02-04,45,7124.78,85715.19,48,644,0.6292,44,0,0,2697.4,3471.81,1,243,0.634,8,16,1,0,0,1,0,0
CH-001228,CH-C01641,2025-02-04,47,3998.54,16603.39,24,769,0.2038,24,1,0,122.91,3950.71,1,341,0.201,0,29,1,0,0,0,1,0
CH-001397,CH-C01457,2025-02-04,45,13966.21,217340.42,60,750,0.7173,17,0,0,6396.24,6334.93,1,185,0.2086,5,15,0,0,0,0,1,0
CH-001471,CH-C01076,2025-02-04,59,13300.23,109044.77,48,643,0.5639,48,2,0,5228.48,39506.08,1,318,0.356,9,34,0,0,1,1,0,0
CH-001937,CH-C01722,2025-02-04,48,7781.08,147138.41,12,594,1.7542,48,0,0,1387.69,55176.82,1,293,0.6657,9,18,1,0,0,0,1,0
CH-001940,CH-C01236,2025-02-04,55,4180.36,25513.62,60,658,0.3471,81,0,2,1025.95,10736.76,0,252,0.2279,12,28,1,0,0,0,1,0
CH-002229,CH-C00358,2025-02-04,60,7467.41,148204.92,36,811,0.8185,23,2,0,1994.95,218.63,1,11,0.7046,4,7,0,1,0,0,1,0
CH-000182,CH-C02086,2025-02-05,51,8561.97,110835.75,60,687,0.2293,7,4,0,116.27,19509.68,0,93,0.5748,8,15,0,0,1,0,1,0
CH-000314,CH-C00781,2025-02-05,55,7748.35,50219.16,60,790,0.3824,19,0,0,2125.95,11839.7,1,292,0.22,1,8,0,0,0,0,1,0
CH-000686,CH-C00318,2025-02-05,33,8034.74,71749.44,36,655,0.3756,0,0,2,1024.75,38218.2,1,171,0.5749,7,13,1,0,0,1,0,0
CH-000987,CH-C00067,2025-02-05,50,16492.63,331471.77,12,839,1.9662,111,4,0,4804.43,2377.91,0,131,0.2644,1,31,1,0,0,0,1,0
CH-001024,CH-C00496,2025-02-05,51,22104.26,183947.77,24,618,0.6503,210,0,0,6709.9,,1,1,0.2159,12,18,0,0,1,0,1,0
CH-001233,CH-C01192,2025-02-05,32,6418.82,44712.29,36,595,0.3777,37,0,0,1182.52,12054.18,1,2,0.4341,8,0,0,0,1,0,1,0
CH-002004,CH-C00495,2025-02-05,56,6936.35,140542.78,48,700,0.8041,326,0,0,2649.27,15137.72,1,236,0.3894,5,1,0,0,0,0,1,0
CH-000260,CH-C00425,2025-02-06,51,8511.37,90437.26,48,622,0.6246,73,0,0,3431.7,10182.26,1,272,0.8155,7,2,0,0,0,1,0,0
CH-000323,CH-C01308,2025-02-06,35,15815.11,318661.5,48,591,0.7944,174,2,0,5925.42,1452.48,0,98,0.2867,5,16,0,1,0,0,1,0
CH-000343,CH-C01164,2025-02-06,45,5380.69,61921.02,24,619,0.9183,194,0,0,2361.22,1489.41,1,302,0.694,8,3,0,0,0,0,1,0
CH-000607,CH-C00180,2025-02-06,45,8687.81,94457.19,24,681,0.7124,96,1,1,2253.79,6942.63,1,27,0.644,8,23,0,1,0,0,1,0
CH-000801,CH-C01789,2025-02-06,21,16720.03,270327.03,12,623,1.5978,32,0,1,4188.77,92290.72,0,4,0.4956,0,0,0,1,0,0,0,1
CH-000926,CH-C00433,2025-02-06,41,11796.71,192356.44,36,669,0.8616,264,0,0,4821.33,4610.83,1,227,0.3013,11,8,0,0,0,1,0,0
CH-001102,CH-C02063,2025-02-06,64,13710.47,231054.1,48,643,0.3811,171,1,0,411.01,100780.24,1,60,0.2709,12,17,0,0,0,1,0,0
CH-001528,CH-C01988,2025-02-06,50,16043.92,332771.99,60,715,0.7804,301,0,0,6973.69,52738.61,0,355,0.6878,4,24,0,0,1,1,0,0
CH-001659,CH-C00156,2025-02-06,35,5601.93,21072.93,24,530,0.4141,195,0,0,1441.7,689.77,1,20,0.3317,9,1,0,1,0,0,0,1
CH-000935,CH-C00365,2025-02-07,61,9318.38,145267.86,12,578,1.6233,,0,0,3021.15,34834.46,0,118,0.4446,3,0,0,0,1,0,0,1
CH-001016,CH-C01018,2025-02-07,21,6595.59,53101.88,36,621,0.5539,20,3,0,2178.09,8919.08,1,11,0.2715,11,2,0,0,0,0,1,0
CH-001398,CH-C01094,2025-02-07,53,8963.03,43124.69,60,665,0.1512,335,1,0,636.7,14698.47,0,229,0.3056,10,25,1,0,0,0,1,0
CH-001435,CH-C01762,2025-02-07,54,3424.01,21069.54,24,639,0.3989,18,1,1,487.89,1853.2,0,402,0.342,9,29,0,0,0,1,0,0
CH-002015,CH-C00800,2025-02-07,49,8725.02,122710.72,48,731,0.5079,86,7,0,1875.21,17228.4,1,305,0.5311,1,22,0,1,0,0,1,0
CH-001415,CH-C00779,2025-02-08,45,12848.45,198252.85,48,606,0.5124,268,0,0,2452.68,22301.6,1,23,0.5844,1,24,0,1,0,0,1,0
CH-001462,CH-C00026,2025-02-08,44,7498.0,139417.83,12,675,1.9662,26,1,0,3124.47,20081.66,1,179,0.4089,10,10,1,0,0,0,1,0
CH-001709,CH-C01550,2025-02-08,47,8690.95,67000.47,60,618,0.5267,292,3,0,3460.93,2475.55,1,156,0.3344,6,21,0,0,1,1,0,0
CH-001769,CH-C00387,2025-02-08,45,6927.45,39219.76,36,802,0.4116,48,1,1,1761.59,31543.48,1,75,0.464,8,16,0,1,0,0,1,0
CH-000276,CH-C00942,2025-02-09,39,21291.95,217091.4,48,696,0.5981,48,0,1,8212.67,776.87,1,245,0.7092,4,9,1,0,0,0,1,0
CH-000732,CH-C01815,2025-02-09,39,10849.68,146247.61,60,717,0.5139,112,1,0,3138.71,11400.94,1,17,0.1738,3,18,0,0,1,0,0,1
CH-000792,CH-C00380,2025-02-09,26,7528.29,73694.29,12,800,0.989,7,1,0,1304.53,19476.29,1,13,0.8805,10,5,0,0,1,0,1,0
CH-001122,CH-C01178,2025-02-09,49,5024.8,81872.45,60,629,0.424,150,1,0,766.09,24458.6,1,297,0.4967,6,20,0,1,0,0,1,0
CH-001514,CH-C01204,2025-02-09,56,5882.37,52108.4,48,668,0.3833,21,2,0,1169.08,,1,374,0.499,10,32,1,0,0,0,1,0
CH-001826,CH-C00135,2025-02-09,33,13164.9,152966.37,36,698,0.3715,168,2,0,641.27,76369.52,0,137,0.3727,8,12,0,0,0,0,1,0
CH-001863,CH-C01416,2025-02-09,55,8426.55,72327.26,36,688,0.3942,211,3,0,1312.72,7419.93,1,191,0.6169,8,15,1,0,0,1,0,0
CH-002039,CH-C00096,2025-02-09,46,8579.22,92023.01,24,733,0.5055,255,0,0,502.82,24702.6,1,215,0.4427,10,0,0,0,1,1,0,0
CH-000163,CH-C01840,2025-02-10,29,10977.46,207659.73,24,686,1.1337,50,0,0,3792.72,45109.25,0,22,0.5029,9,1,0,0,0,1,0,0
CH-000811,CH-C00168,2025-02-10,40,7169.16,44303.88,60,685,0.472,123,3,0,2645.57,5095.9,1,79,0.3958,4,19,0,0,0,0,1,0
CH-001260,CH-C01242,2025-02-10,28,10876.97,121899.59,12,655,1.3751,46,1,0,4798.94,52230.95,0,28,0.5651,5,0,1,0,0,1,0,0
CH-001841,CH-C01248,2025-02-10,59,12541.61,43203.29,24,687,0.36,324,0,2,2714.43,24321.56,1,80,0.2733,11,19,1,0,0,0,1,0
CH-002204,CH-C01572,2025-02-10,28,11188.92,227487.18,48,828,0.4678,57,4,0,495.17,11250.12,0,109,0.5828,6,5,1,0,0,0,0,1
CH-002275,CH-C02020,2025-02-10,33,6121.3,88625.78,24,733,0.6275,58,1,0,148.28,11878.58,0,155,0.2153,9,6,0,0,1,0,1,0
CH-000717,CH-C01408,2025-02-11,25,8827.72,181358.81,12,495,1.9947,41,1,0,2495.07,19726.31,0,70,0.1384,6,1,1,0,0,0,0,1
CH-001051,CH-C01315,2025-02-11,31,10041.16,206951.81,36,635,0.7678,53,2,0,1960.88,60208.4,1,89,0.5763,11,7,1,0,0,1,0,0
CH-001503,CH-C01541,2025-02-11,29,5666.62,45538.32,24,850,0.4465,101,1,1,632.84,7802.37,0,29,0.3854,12,8,0,1,0,0,1,0
CH-001635,CH-C01442,2025-02-11,24,9854.14,150680.5,48,657,0.6539,41,2,0,3304.68,23221.4,1,44,0.685,12,0,0,0,1,0,1,0
CH-001738,CH-C01519,2025-02-11,58,5682.19,69564.55,12,650,1.4388,,0,0,2378.71,21719.78,0,263,0.3219,2,32,0,1,0,0,0,1
CH-002311,CH-C00079,2025-02-11,62,11787.86,110288.38,60,435,0.5813,358,3,0,5013.76,86044.61,1,283,0.3496,6,7,1,0,0,0,0,1
CH-002473,CH-C01560,2025-02-11,49,12139.78,116407.09,36,549,0.3231,38,1,0,689.08,36445.45,1,70,0.4808,8,0,0,1,0,0,1,0
CH-000025,CH-C02012,2025-02-12,32,3772.63,51414.85,36,582,0.7684,10,0,0,1470.72,21747.49,1,98,0.0619,5,12,0,0,0,0,1,0
CH-000113,CH-C01585,2025-02-12,53,6459.43,40491.06,48,,0.1655,255,0,0,225.38,12917.93,1,272,0.1003,11,15,0,0,0,0,1,0
CH-000123,CH-C01672,2025-02-12,50,10520.37,68943.85,36,708,0.5523,261,0,1,3895.4,3148.55,1,286,0.2439,6,20,0,0,1,1,0,0
CH-000366,CH-C01197,2025-02-12,60,4704.73,79024.14,60,671,0.5643,51,0,0,1338.0,17302.86,0,334,0.3279,10,34,0,1,0,1,0,0
CH-001038,CH-C00908,2025-02-12,23,4197.15,48151.67,48,729,0.5791,31,0,0,1427.58,1558.27,0,21,0.1773,1,0,0,0,0,1,0,0
CH-001782,CH-C01311,2025-02-12,45,9458.82,68240.79,36,742,0.2732,306,1,0,688.64,1369.4,1,282,0.4255,3,17,0,0,0,0,1,0
CH-001945,CH-C01965,2025-02-12,64,6648.68,21419.82,24,668,0.2954,230,1,0,1071.62,6841.84,1,77,0.4757,12,33,1,0,0,1,0,0
CH-001970,CH-C00890,2025-02-12,35,3788.01,69300.03,12,721,1.7192,83,0,0,737.49,43.83,1,93,0.3118,1,0,0,0,0,1,0,0
CH-002001,CH-C01684,2025-02-12,49,7225.99,139530.56,12,538,1.6902,289,0,0,585.99,9661.68,1,249,0.132,11,17,0,0,1,0,1,0
CH-002177,CH-C02076,2025-02-12,33,6108.52,71009.42,24,720,0.6714,133,0,0,1142.73,5491.05,1,125,0.5323,6,4,0,1,0,1,0,0
CH-002209,CH-C00726,2025-02-12,33,18642.93,295501.93,12,765,1.655,133,0,0,6228.33,4398.4,1,102,0.4055,8,14,1,0,0,0,1,0
CH-002220,CH-C02081,2025-02-12,36,10898.81,77130.67,60,803,0.1943,,2,0,831.84,14571.7,1,98,0.4114,3,17,1,0,0,0,1,0
CH-002287,CH-C02045,2025-02-12,45,10184.02,139061.59,36,678,0.7292,3,0,0,3563.44,21522.23,1,69,0.5269,11,23,0,0,0,1,0,0
CH-002383,CH-C01294,2025-02-12,49,8121.09,127962.03,36,648,0.4801,246,0,0,344.29,1050.35,1,243,0.2368,11,3,0,1,0,0,0,1
CH-000179,CH-C00565,2025-02-13,49,12297.91,147116.12,60,701,0.23,199,1,0,376.96,10646.7,1,83,0.5006,4,12,0,0,0,0,1,0
CH-000207,CH-C01880,2025-02-13,56,3623.65,43549.73,48,641,0.3337,155,1,0,302.01,8837.15,1,273,0.2149,3,18,0,0,1,0,1,0
CH-000272,CH-C00517,2025-02-13,60,8478.22,86377.23,48,648,0.6272,,1,0,3517.91,34708.06,0,300,0.1886,10,13,0,0,0,0,0,1
CH-000447,CH-C00906,2025-02-13,34,3002.17,58804.91,48,761,0.5062,155,4,0,294.65,9098.5,1,47,0.322,12,2,0,0,0,0,1,0
CH-000990,CH-C00642,2025-02-13,63,13102.75,215444.17,12,691,1.4297,32,4,0,779.97,5543.91,1,143,0.3521,11,23,0,0,0,1,0,0
CH-001120,CH-C01616,2025-02-13,30,9695.8,118481.71,12,605,1.3099,79,3,1,2827.46,11308.21,0,14,0.388,5,4,0,0,0,0,1,0
CH-001251,CH-C00349,2025-02-13,23,5055.09,53638.03,48,589,0.243,,7,0,110.93,21706.91,1,13,0.2709,6,0,0,0,1,1,0,0
CH-002000,CH-C01482,2025-02-13,36,8226.78,114724.98,48,789,0.522,152,0,0,1903.87,24075.99,1,96,0.6009,1,3,0,0,1,0,1,0
CH-002142,CH-C01399,2025-02-13,45,9029.15,65032.06,12,748,1.0435,3,6,1,4002.79,10044.4,1,61,0.5259,7,13,0,0,1,0,1,0
CH-002343,CH-C00660,2025-02-13,53,5754.57,44528.41,24,630,0.7646,18,0,0,2544.68,8202.84,1,85,0.0265,12,30,0,1,0,1,0,0
CH-002375,CH-C00632,2025-02-13,62,5671.13,81797.34,12,577,1.4017,332,0,0,1132.99,73076.17,1,311,0.2012,4,16,0,0,1,0,1,0
CH-002425,CH-C00304,2025-02-13,28,5527.63,21494.34,24,624,0.528,49,2,0,2023.13,4179.67,1,28,0.3179,2,2,0,0,0,1,0,0
CH-000109,CH-C00168,2025-02-14,40,7038.9,38575.0,12,669,0.7612,77,1,0,2143.56,15041.8,1,133,0.3035,12,16,0,0,0,0,1,0
CH-000524,CH-C00652,2025-02-14,56,15373.68,159543.74,36,707,0.5569,72,3,0,4129.58,10464.16,1,88,0.4345,6,14,0,0,0,0,1,0
CH-000525,CH-C00364,2025-02-14,46,10317.47,55944.67,24,585,0.2597,269,0,0,348.45,14388.54,1,224,0.7769,9,26,1,0,0,0,1,0
CH-000667,CH-C01683,2025-02-14,52,10204.63,42071.26,60,687,0.3619,13,4,0,2991.91,15143.61,1,344,0.2085,5,14,0,1,0,1,0,0
CH-000771,CH-C01722,2025-02-14,48,8671.92,86239.62,24,717,0.6433,286,0,0,1985.72,11207.22,1,135,0.5278,8,29,1,0,0,0,1,0
CH-001118,CH-C01263,2025-02-14,35,9161.42,86074.5,36,667,0.5965,0,0,0,3073.6,10257.2,1,34,0.5636,11,3,0,1,0,1,0,0
CH-001175,CH-C01779,2025-02-14,49,8825.72,119406.6,36,500,0.4083,68,0,0,286.59,2834.41,0,51,0.2917,1,5,1,0,0,0,0,1
CH-001565,CH-C00663,2025-02-14,27,27859.23,157778.2,48,686,0.4863,41,0,1,10262.24,43284.44,0,73,0.2705,7,9,1,0,0,0,1,0
CH-001653,CH-C00481,2025-02-14,35,4884.93,104097.3,36,631,1.059,23,0,0,2281.51,62.59,1,64,0.2089,9,4,0,0,1,0,1,0
CH-000147,CH-C01385,2025-02-15,44,20108.88,313313.6,12,625,1.6924,183,5,0,7923.24,3760.06,1,32,0.5198,0,14,1,0,0,1,0,0
CH-001116,CH-C01692,2025-02-15,37,12182.51,265967.86,24,,0.9608,204,3,1,622.86,38377.53,0,19,0.4457,2,12,0,0,1,0,0,1
CH-001468,CH-C01389,2025-02-15,21,5761.79,114940.96,36,592,0.6163,25,0,0,358.25,38350.71,1,34,0.2422,5,1,0,0,0,1,0,0
CH-001548,CH-C00134,2025-02-15,38,15812.3,116162.39,12,736,0.9687,145,0,0,5636.41,49667.29,1,7,0.7884,0,8,0,0,1,0,1,0
CH-001566,CH-C01107,2025-02-15,41,10515.9,97936.36,48,593,0.3598,56,0,0,1743.34,11325.82,1,208,0.7409,12,23,0,1,0,1,0,0
CH-001724,CH-C00808,2025-02-15,26,7505.77,160796.55,12,568,1.9317,64,0,0,1099.46,7202.67,0,35,0.5504,8,6,0,1,0,0,0,1
CH-001874,CH-C01405,2025-02-15,37,5266.37,80867.96,12,770,1.6691,110,1,0,2051.08,18615.16,1,84,0.3267,10,0,0,1,0,1,0,0
CH-002172,CH-C01849,2025-02-15,28,9870.1,194768.61,36,671,0.7883,13,0,2,2370.76,18986.26,1,37,0.3259,2,7,0,0,1,0,1,0
CH-002214,CH-C01173,2025-02-15,43,7649.15,150833.02,36,758,1.0156,10,1,0,3578.32,16873.65,0,1,0.441,8,12,1,0,0,0,0,1
CH-002267,CH-C00551,2025-02-15,63,4213.43,58239.66,24,688,0.8008,256,1,0,947.32,3628.17,1,177,0.3313,1,6,1,0,0,0,1,0
CH-000082,CH-C01132,2025-02-16,27,7380.18,114206.28,48,704,0.5576,2,0,0,1735.65,27640.95,1,11,0.5947,2,7,0,0,1,1,0,0
CH-000398,CH-C01087,2025-02-16,38,8890.74,48281.36,24,761,0.4355,157,0,0,1859.83,9608.58,1,22,0.3141,7,20,0,1,0,0,1,0
CH-000569,CH-C01975,2025-02-16,61,5534.88,72123.11,36,657,0.6372,61,5,0,1523.4,24215.4,1,399,0.4181,4,32,0,1,0,1,0,0
CH-001457,CH-C02043,2025-02-16,64,9240.61,163838.61,36,679,0.84,143,0,0,3211.29,5474.6,0,68,0.0545,11,12,1,0,0,0,1,0
CH-001611,CH-C01539,2025-02-16,26,12297.77,37013.94,24,670,0.3248,86,0,0,2452.27,31409.13,0,65,0.32,6,7,1,0,0,1,0,0
CH-001758,CH-C00662,2025-02-16,27,4255.86,41239.58,48,763,0.2615,61,0,0,253.88,1203.77,0,66,0.5421,0,8,0,0,1,0,1,0
CH-002132,CH-C00926,2025-02-16,35,5601.82,78321.16,60,663,0.6971,59,6,0,2599.66,793.95,1,57,0.6151,3,12,0,0,0,0,1,0
CH-002166,CH-C01718,2025-02-16,25,10729.05,64202.73,60,665,0.2711,83,0,1,1838.81,24132.11,0,9,0.2875,8,4,0,0,0,0,1,0
CH-002351,CH-C00068,2025-02-16,54,11403.89,119048.82,24,733,0.6314,105,1,0,2239.91,33155.1,0,164,0.6155,2,4,0,0,0,0,0,1
CH-000020,CH-C00188,2025-02-17,39,12093.87,60428.63,24,529,0.5678,77,0,0,4348.82,64673.43,1,36,0.3729,3,5,0,0,0,0,1,0
CH-000545,CH-C01779,2025-02-17,49,8131.0,159955.47,12,532,1.7467,99,1,0,872.56,4668.0,1,46,0.3837,11,27,1,0,0,0,0,1
CH-000619,CH-C00977,2025-02-17,21,5743.58,38343.38,60,648,0.3885,7,3,0,1592.5,3665.6,0,14,0.2446,6,2,1,0,0,1,0,0
CH-000949,CH-C01032,2025-02-17,39,8724.9,174345.36,24,680,0.8436,220,3,0,96.31,9960.25,0,124,0.142,1,14,0,0,0,0,0,1
CH-001536,CH-C00592,2025-02-17,22,7893.83,104936.47,60,700,0.2954,14,0,0,582.8,1728.56,1,39,0.1687,9,1,0,0,0,0,1,0
CH-001814,CH-C00077,2025-02-17,31,22890.19,264361.7,24,665,0.5857,1,2,0,2392.76,42174.67,1,2,0.4167,11,3,1,0,0,0,1,0
CH-002156,CH-C00027,2025-02-17,63,7291.09,148762.89,48,655,0.6735,44,0,0,1811.5,10554.73,1,180,0.382,3,32,0,1,0,0,1,0
CH-002288,CH-C01572,2025-02-17,28,12917.65,235065.72,36,805,0.8658,57,1,0,4653.88,,0,20,0.4401,5,6,1,0,0,0,0,1
CH-000201,CH-C02086,2025-02-18,51,7587.56,81881.99,36,587,0.4436,350,3,0,1091.51,447.99,1,121,0.6172,10,20,0,0,1,0,1,0
CH-000363,CH-C01978,2025-02-18,21,5435.16,79521.1,24,685,1.0618,28,0,0,2457.45,495.74,1,29,0.4502,8,3,0,0,1,0,1,0
CH-000621,CH-C00135,2025-02-18,33,15575.57,242283.56,12,732,1.7616,144,1,0,7247.87,11240.71,1,98,0.2293,8,3,0,0,0,0,1,0
CH-000870,CH-C00911,2025-02-18,57,2500,45777.77,48,562,0.6363,109,0,0,636.95,1213.63,0,365,0.4828,3,31,0,1,0,0,0,1
CH-000871,CH-C00708,2025-02-18,26,6480.81,47766.19,12,,1.0409,49,0,0,2765.29,54962.83,1,10,0.6292,6,8,0,1,0,1,0,0
CH-001351,CH-C00373,2025-02-18,46,8912.99,107239.78,12,678,1.1152,131,0,0,1003.09,12868.31,1,140,0.6466,3,16,0,0,1,0,0,1
CH-001617,CH-C00146,2025-02-18,30,9905.32,206329.89,36,583,0.953,85,0,0,3708.39,8314.05,1,71,0.3213,5,12,0,1,0,0,1,0
CH-001834,CH-C01374,2025-02-18,35,8687.88,164546.81,60,669,0.6348,30,3,0,2772.74,12791.46,1,50,0.0638,2,10,1,0,0,1,0,0
CH-001903,CH-C01466,2025-02-18,23,7148.14,105028.66,36,725,0.6683,56,0,0,1859.68,9848.78,0,13,0.7661,0,4,0,0,1,0,1,0
CH-002006,CH-C01212,2025-02-18,64,9207.95,105422.14,36,682,0.5671,350,0,0,2293.65,36027.83,1,292,0.1197,3,6,0,1,0,1,0,0
CH-002162,CH-C01108,2025-02-18,25,10236.6,139074.75,24,589,0.7043,35,1,0,1415.34,10388.43,0,77,0.4348,10,5,0,1,0,1,0,0
CH-000156,CH-C00831,2025-02-19,59,5705.29,83805.74,60,753,0.71,33,0,0,2653.79,3525.2,1,277,0.3753,1,33,1,0,0,0,1,0
CH-000256,CH-C01584,2025-02-19,51,5057.52,106283.92,48,647,0.7644,115,2,0,1651.92,1533.82,0,300,0.3113,4,5,0,1,0,0,0,1
CH-000287,CH-C01419,2025-02-19,36,12045.64,187128.55,24,728,0.7079,178,2,1,730.15,12080.0,0,19,0.8774,3,17,1,0,0,0,0,1
CH-000418,CH-C01303,2025-02-19,24,5684.21,116578.84,24,660,1.0302,58,2,0,998.4,11479.86,0,9,0.5945,10,4,0,0,1,0,1,0
CH-000832,CH-C01251,2025-02-19,55,4964.1,102022.66,24,581,1.2731,123,0,0,2068.94,3638.49,0,260,0.2838,0,10,0,0,0,0,1,0
CH-001112,CH-C01699,2025-02-19,38,4906.29,57433.03,12,654,1.3481,125,0,0,1828.18,18733.39,1,89,0.3819,4,1,0,0,1,0,1,0
CH-001698,CH-C00602,2025-02-19,45,11962.11,191592.49,60,624,0.4473,312,3,0,2158.01,33050.94,1,252,0.2921,6,12,0,0,0,0,1,0
CH-002122,CH-C00966,2025-02-19,62,5258.0,38588.29,24,625,0.7043,178,0,0,2095.51,788.09,1,73,0.7987,9,7,0,0,1,0,1,0
CH-002496,CH-C00818,2025-02-19,36,8173.22,142231.47,60,736,0.7454,88,0,0,3722.09,3879.75,1,26,0.3093,8,3,0,1,0,1,0,0
CH-000240,CH-C01258,2025-02-20,34,10392.12,85014.92,60,646,0.2747,91,3,0,1437.88,496.86,1,152,0.2965,2,11,1,0,0,1,0,0
CH-000364,CH-C01559,2025-02-20,46,8958.93,159980.59,12,676,1.9312,106,0,0,3969.9,686.85,1,333,0.0894,11,0,0,0,0,0,1,0
CH-000462,CH-C00441,2025-02-20,31,5424.96,17008.36,12,558,0.5193,52,3,0,1399.76,1297.21,1,32,0.3421,3,10,1,0,0,0,1,0
CH-000515,CH-C01555,2025-02-20,44,7776.67,154504.55,24,687,0.8572,167,0,0,228.37,3473.14,1,298,0.6568,10,25,0,0,1,0,1,0
CH-000522,CH-C00762,2025-02-20,34,8481.93,164345.56,48,648,0.5352,98,0,1,1115.98,6456.92,1,101,0.6343,10,5,0,0,1,1,0,0
CH-000780,CH-C01591,2025-02-20,42,9337.54,134982.16,12,650,1.5994,175,5,0,3685.72,80147.67,1,186,0.2433,7,7,1,0,0,1,0,0
CH-001460,CH-C01265,2025-02-20,58,9860.78,125825.92,60,683,0.2842,354,1,0,705.6,14123.15,1,209,0.5416,2,25,0,0,0,1,0,0
CH-001651,CH-C00026,2025-02-20,44,5458.2,110375.37,48,675,0.6659,55,0,1,1335.37,8135.62,1,230,0.5088,0,14,1,0,0,0,1,0
CH-001926,CH-C00467,2025-02-20,44,12978.81,51578.17,12,507,0.7025,78,1,0,4818.81,38071.14,0,78,0.3341,9,4,0,1,0,0,1,0
CH-000015,CH-C00358,2025-02-21,60,8336.84,72370.68,12,818,0.7441,330,0,0,172.62,1567.48,1,45,0.1298,7,22,0,1,0,0,1,0
CH-000403,CH-C01046,2025-02-21,37,10821.93,100000.6,60,767,0.533,177,3,0,4100.91,20375.14,1,189,0.5333,11,8,0,1,0,0,1,0
CH-001046,CH-C00871,2025-02-21,33,6762.41,46448.86,48,616,0.4762,,0,1,2252.6,2541.96,1,118,0.0583,3,0,1,0,0,0,1,0
CH-001292,CH-C00520,2025-02-21,36,8105.46,40041.83,60,471,0.2872,30,1,0,1660.27,17707.57,0,174,0.648,12,2,0,0,0,1,0,0
CH-002134,CH-C01375,2025-02-21,51,3364.1,51396.71,36,754,0.4487,113,0,0,81.87,4670.72,1,216,0.5006,11,4,0,0,1,0,1,0
CH-002389,CH-C01353,2025-02-21,64,4431.0,51597.87,60,696,0.2175,76,2,0,103.85,33559.57,1,75,0.7813,11,20,1,0,0,0,1,0
CH-000142,CH-C01936,2025-02-22,41,21690.55,258822.1,60,737,0.3881,272,1,0,4104.37,178330.76,1,79,0.2625,7,17,0,0,0,0,1,0
CH-000220,CH-C00505,2025-02-22,32,8254.94,72588.51,60,475,0.1742,54,0,0,228.46,6982.98,1,95,0.3504,4,5,0,0,0,0,1,0
CH-000335,CH-C00158,2025-02-22,61,5681.53,94101.92,48,663,0.5646,52,1,1,1247.59,9614.23,1,10,0.4055,4,6,1,0,0,1,0,0
CH-000542,CH-C00130,2025-02-22,45,6448.96,138489.22,24,635,1.044,32,0,0,962.3,215.88,0,304,0.3147,6,5,0,1,0,0,1,0
CH-000874,CH-C01969,2025-02-22,61,5671.28,46324.03,60,729,0.4688,263,1,0,1886.53,22655.43,1,402,0.359,8,3,0,0,0,0,1,0
CH-001089,CH-C01914,2025-02-22,34,4374.48,16497.93,24,549,0.1676,12,2,0,45.57,3537.77,1,21,0.1441,6,3,1,0,0,0,1,0
CH-001188,CH-C01578,2025-02-22,23,10208.73,126670.83,48,545,0.6957,8,1,0,4462.89,16620.45,1,28,0.4026,0,5,0,0,1,1,0,0
CH-001209,CH-C01067,2025-02-22,37,9298.09,54964.61,48,479,0.3557,129,10,0,2162.61,9524.07,1,77,0.3476,12,19,0,0,0,1,0,0
CH-001219,CH-C00724,2025-02-22,46,5928.13,68330.75,48,698,0.3013,246,0,0,362.51,42774.44,0,104,0.7277,5,7,0,1,0,0,1,0
CH-001979,CH-C00708,2025-02-22,26,5517.95,82564.23,60,773,0.7115,6,2,1,2550.15,5709.24,1,74,0.4972,10,2,0,1,0,1,0,0
CH-002337,CH-C01059,2025-02-22,55,5946.95,117778.47,36,750,0.8127,162,0,0,1561.31,3754.21,1,417,0.2961,12,1,0,0,0,1,0,0
CH-002350,CH-C01880,2025-02-22,56,2929.82,38619.63,48,564,0.3242,355,1,0,145.14,20155.05,1,273,0.6053,0,11,0,0,1,0,1,0
CH-000375,CH-C00239,2025-02-23,39,12404.96,113066.96,48,761,0.4735,79,5,0,3518.27,1984.45,1,68,0.9061,0,6,1,0,0,0,1,0
CH-000684,CH-C01630,2025-02-23,41,10584.51,147619.36,60,775,0.6125,88,0,0,4023.11,5627.85,0,60,0.8208,11,16,0,0,0,0,0,1
CH-000955,CH-C01925,2025-02-23,24,19521.71,350000,48,,0.4992,17,0,0,2453.55,32800.22,0,3,0.2829,9,6,0,0,1,0,1,0
CH-001195,CH-C00660,2025-02-23,53,6229.55,68801.91,24,605,0.9068,326,0,0,2782.31,4404.19,1,299,0.3964,12,6,0,1,0,1,0,0
CH-001865,CH-C01485,2025-02-23,55,5947.55,87936.79,12,834,1.6232,220,0,2,2325.79,23230.71,1,153,0.4462,2,15,0,0,0,0,1,0
CH-002321,CH-C01353,2025-02-23,64,4077.22,85681.05,48,715,0.4658,244,1,0,114.28,2137.18,1,324,0.4493,2,0,1,0,0,0,1,0
CH-000538,CH-C00221,2025-02-24,58,10916.84,144468.2,60,675,0.3136,196,0,0,1015.24,12936.2,1,92,0.4063,8,14,0,0,1,0,1,0
CH-001030,CH-C00503,2025-02-24,54,7905.92,126343.95,36,674,0.6578,160,7,0,1691.07,17737.4,1,72,0.365,1,17,0,0,0,0,1,0
CH-002052,CH-C02025,2025-02-24,37,3781.0,73715.44,48,772,0.548,27,3,0,536.16,8304.05,1,35,0.5746,1,13,0,1,0,0,1,0
CH-002153,CH-C01613,2025-02-24,29,4658.8,40648.78,24,712,0.3871,52,0,1,109.51,45.86,1,58,0.4086,6,4,0,0,0,0,1,0
CH-002335,CH-C01665,2025-02-24,60,14371.49,99198.11,24,551,0.7343,330,1,0,6419.24,13238.54,1,224,0.2326,2,15,0,0,0,0,1,0
CH-000118,CH-C01084,2025-02-25,31,14663.33,109314.17,24,728,0.44,105,0,0,1896.95,12262.27,1,51,0.2866,9,9,0,0,0,1,0,0
CH-000474,CH-C01877,2025-02-25,54,27286.84,350000,12,598,1.4239,21,0,0,9685.8,34596.7,1,97,0.6242,1,19,0,0,0,0,1,0
CH-000850,CH-C01398,2025-02-25,29,10430.22,88451.3,12,747,0.973,29,2,0,2777.15,44346.79,1,118,0.7008,4,11,1,0,0,1,0,0
CH-000919,CH-C00744,2025-02-25,63,7693.38,112926.68,24,688,0.8334,359,0,0,1706.05,10197.72,1,16,0.3844,9,1,0,1,0,0,1,0
CH-001207,CH-C00634,2025-02-25,33,7054.59,137993.75,48,,0.5923,124,1,0,1303.43,3054.7,0,24,0.1688,3,9,1,0,0,0,1,0
CH-001523,CH-C00695,2025-02-25,41,8811.47,46675.02,48,685,0.5639,16,0,0,3996.7,34846.14,1,203,0.129,11,10,0,1,0,0,1,0
CH-002454,CH-C01657,2025-02-25,28,5463.94,19350.37,36,663,0.118,39,2,1,107.36,5447.57,1,40,0.1849,3,5,0,0,0,1,0,0
CH-000424,CH-C01507,2025-02-26,25,5207.08,112990.36,60,719,0.7709,15,3,0,2131.16,7124.87,1,27,0.4918,11,6,0,0,0,0,1,0
CH-000671,CH-C02090,2025-02-26,46,15089.38,67509.67,48,577,0.4252,253,3,0,5008.93,107542.95,1,79,0.9333,3,18,0,0,0,0,1,0
CH-000999,CH-C00979,2025-02-26,62,4404.33,50409.28,48,741,0.4043,291,3,0,730.63,9604.74,1,187,0.7294,9,30,0,0,1,0,1,0
CH-001149,CH-C00386,2025-02-26,31,11517.79,164161.48,60,731,0.6741,106,0,0,5027.97,8081.75,1,33,0.4557,2,8,0,0,0,0,1,0
CH-001712,CH-C00519,2025-02-26,45,4001.39,54720.98,24,516,0.6412,2,0,1,285.8,9438.87,0,251,0.1319,7,3,0,0,0,0,0,1
CH-001778,CH-C01285,2025-02-26,58,5935.19,115098.83,36,730,0.8523,221,2,0,1861.51,601.03,1,409,0.7395,11,22,0,0,1,0,1,0
CH-001832,CH-C00689,2025-02-26,38,3737.27,36588.78,36,588,0.3206,99,3,1,181.94,9349.31,0,162,0.1813,5,8,1,0,0,1,0,0
CH-002414,CH-C01202,2025-02-26,28,7269.12,117954.61,12,712,1.6062,105,0,0,1846.04,20874.49,1,13,0.7275,2,5,0,0,1,0,1,0
CH-000541,CH-C00007,2025-02-27,52,14134.05,280512.07,48,668,0.63,64,2,0,3060.14,17572.55,0,266,0.0506,9,4,0,0,1,0,0,1
CH-000629,CH-C00604,2025-02-27,61,9731.38,182609.69,60,538,0.3768,186,0,1,623.03,14230.48,1,122,0.8739,4,22,0,0,0,0,1,0
CH-001448,CH-C00660,2025-02-27,53,4675.57,70533.47,60,667,0.3594,99,0,0,505.01,12030.75,1,417,0.3607,12,4,0,1,0,1,0,0
CH-001686,CH-C00600,2025-02-27,27,18777.73,331135.95,24,604,1.1483,84,0,0,7764.47,25252.07,1,77,0.4364,6,6,0,1,0,0,1,0
CH-000035,CH-C00130,2025-02-28,45,6464.57,19558.31,60,,0.5,65,2,0,2905.99,38555.98,1,142,0.2192,0,20,0,1,0,0,1,0
CH-000100,CH-C00960,2025-02-28,42,4831.28,100557.72,12,667,2.0166,263,1,0,1362.8,8959.47,1,156,0.1869,2,2,0,0,1,0,0,1
CH-000230,CH-C01667,2025-02-28,52,6123.74,114268.46,36,619,0.823,76,1,0,1865.44,1874.56,0,194,0.4745,6,25,0,1,0,0,1,0
CH-000281,CH-C00500,2025-02-28,30,9588.51,105497.32,12,683,1.3328,137,3,0,3987.9,16108.73,1,141,0.8871,6,6,1,0,0,0,1,0
CH-000334,CH-C00559,2025-02-28,33,6304.18,81457.38,12,644,1.3347,68,1,0,1625.95,11883.01,1,76,0.4676,4,3,1,0,0,0,1,0
CH-000575,CH-C01662,2025-02-28,42,6432.37,113389.59,60,688,0.4134,200,0,0,769.3,1979.58,0,32,0.1665,12,5,0,0,1,0,1,0
CH-000768,CH-C00274,2025-02-28,61,8110.54,66918.81,48,,0.4688,27,0,0,2408.17,5811.37,1,159,0.076,2,11,0,1,0,0,1,0
CH-000854,CH-C00990,2025-02-28,61,7301.39,156020.22,24,630,1.339,315,4,0,3275.86,4557.79,1,287,0.5037,7,22,1,0,0,0,1,0
CH-001294,CH-C00552,2025-02-28,26,7456.75,54609.65,12,,0.8565,44,0,0,1835.96,25784.4,1,5,0.3346,0,7,0,0,1,0,1,0
CH-001314,CH-C00382,2025-02-28,48,7573.68,51525.24,60,663,0.5747,97,0,0,3493.51,1084.93,1,194,0.1143,9,7,0,0,0,0,1,0
CH-001787,CH-C01710,2025-02-28,36,6502.29,90829.98,12,640,1.2595,,1,0,620.21,13786.39,1,146,0.5135,3,4,0,0,1,0,1,0
CH-001842,CH-C01162,2025-02-28,48,8562.29,33146.7,60,683,0.2728,119,2,1,1783.22,17296.88,1,263,0.3346,0,25,1,0,0,1,0,0
CH-002211,CH-C00837,2025-02-28,46,5766.38,97705.55,48,558,0.8105,226,0,0,2638.27,2265.35,1,202,0.4814,9,0,0,0,1,0,1,0
CH-002237,CH-C00169,2025-02-28,27,5410.62,32813.33,48,636,0.1458,63,0,0,105.3,21178.37,0,15,0.2563,7,9,0,0,1,0,0,1
CH-000024,CH-C01568,2025-03-01,37,7324.16,102865.9,48,721,0.32,212,4,1,200.41,2663.48,0,176,0.2698,5,13,1,0,0,0,1,0
CH-000055,CH-C00514,2025-03-01,26,8579.49,61568.99,24,612,0.6655,88,3,2,3144.52,37105.09,1,21,0.3066,12,6,0,0,1,0,1,0
CH-000105,CH-C01597,2025-03-01,30,8926.97,104192.99,24,626,0.8359,77,0,0,3120.8,8246.56,0,143,0.3764,12,11,0,0,1,0,0,1
CH-000427,CH-C01667,2025-03-01,52,8319.12,93016.14,36,685,0.3901,83,3,0,661.2,103414.09,1,131,0.7451,12,5,0,1,0,0,1,0
CH-000573,CH-C00822,2025-03-01,61,39061.5,350000,12,742,0.8666,90,2,1,4682.76,279.38,1,66,0.2059,12,12,0,0,0,0,1,0
CH-000608,CH-C00916,2025-03-01,58,8706.03,38905.66,48,550,0.3247,37,1,0,2016.7,19764.53,1,102,0.8124,5,2,1,0,0,1,0,0
CH-000709,CH-C00219,2025-03-01,51,10910.41,167414.93,12,793,1.5191,27,0,0,2622.78,12406.68,0,158,0.446,0,21,1,0,0,0,0,1
CH-001066,CH-C00975,2025-03-01,64,7686.48,107822.62,12,763,1.3592,292,1,1,1462.47,4011.68,1,153,0.4638,6,33,0,0,0,1,0,0
CH-001170,CH-C01818,2025-03-01,61,24510.31,207114.8,36,648,0.31,77,0,0,1845.61,19485.6,0,222,0.4317,12,24,1,0,0,0,0,1
CH-001624,CH-C01781,2025-03-01,21,7785.23,42694.7,36,626,0.2198,20,1,0,525.16,60027.05,1,14,0.3836,4,2,0,1,0,1,0,0
CH-002144,CH-C00905,2025-03-01,50,10383.03,180667.23,36,574,0.9141,148,1,0,4472.75,16950.25,1,239,0.1694,11,8,0,0,0,0,1,0
CH-002253,CH-C01501,2025-03-01,35,17397.64,233721.64,48,620,0.5135,27,1,1,4063.99,8987.38,1,23,0.1713,3,10,0,0,1,0,1,0
CH-002374,CH-C00257,2025-03-01,44,3471.86,56528.34,60,701,0.7157,98,0,0,1542.8,58.92,1,290,0.2982,3,24,0,0,1,0,1,0
CH-000007,CH-C01621,2025-03-02,62,8775.26,102428.49,48,693,0.6145,214,1,0,3258.13,6102.1,1,214,0.4518,7,26,0,0,1,0,1,0
CH-000289,CH-C01723,2025-03-02,45,6328.87,113467.36,48,715,0.6566,22,0,0,1791.4,4084.05,1,274,0.2636,2,21,0,1,0,1,0,0
CH-001058,CH-C01231,2025-03-02,45,8640.99,57913.04,60,570,0.4039,166,1,0,2524.6,3671.34,1,72,0.5299,2,14,0,0,1,0,0,1
CH-001092,CH-C00025,2025-03-02,38,8640.14,67287.75,24,822,0.5619,93,1,0,2051.28,7238.79,1,193,0.3312,12,13,0,0,1,0,1,0
CH-001239,CH-C00486,2025-03-02,63,11114.44,69498.92,24,850,0.4395,133,0,0,1989.15,2489.06,1,353,0.078,0,30,0,1,0,0,1,0
CH-001402,CH-C01980,2025-03-02,26,10792.31,64509.22,12,504,0.6611,19,0,0,1759.28,421.48,1,30,0.5756,0,7,0,0,1,0,1,0
CH-001652,CH-C00941,2025-03-02,50,5838.41,105877.18,12,741,1.6288,109,0,0,686.65,17413.19,1,105,0.2519,5,12,0,1,0,0,1,0
CH-001849,CH-C00833,2025-03-02,62,8325.07,176206.79,36,701,0.6703,200,3,0,685.88,124.24,0,102,0.4723,11,3,0,1,0,0,1,0
CH-001905,CH-C01057,2025-03-02,56,10758.1,148075.15,48,594,0.4539,77,0,1,1797.67,18114.17,0,212,0.5267,9,12,0,0,0,0,0,1
CH-002286,CH-C00485,2025-03-02,59,8247.77,79198.76,36,694,0.5861,69,0,1,2634.02,24925.39,0,147,0.7435,11,30,0,1,0,0,1,0
CH-002336,CH-C00471,2025-03-02,63,2958.54,38038.15,12,777,1.1279,266,0,0,167.03,14680.68,0,389,0.3005,11,8,0,0,1,0,0,1
CH-002402,CH-C01099,2025-03-02,50,10126.63,161856.73,60,728,0.7137,158,0,1,4529.38,48764.94,1,271,0.6792,4,18,0,0,0,0,1,0
CH-002497,CH-C00179,2025-03-02,26,6022.57,120232.4,60,577,0.5707,72,2,1,1433.29,,1,80,0.7602,0,1,0,1,0,1,0,0
CH-000097,CH-C02010,2025-03-03,64,5761.04,114357.84,12,661,1.9905,108,0,0,1937.65,15986.23,1,265,0.405,11,7,0,0,1,0,1,0
CH-001194,CH-C01078,2025-03-03,44,8126.66,52651.47,24,584,0.4429,9,1,0,1405.78,4279.9,1,216,0.0864,5,21,0,1,0,0,1,0
CH-001252,CH-C00633,2025-03-03,40,7102.69,60911.88,60,687,0.4923,40,1,0,2481.75,7922.8,1,92,0.3554,4,3,1,0,0,1,0,0
CH-001441,CH-C00048,2025-03-03,58,6248.31,27400.51,24,636,0.575,25,1,0,2451.26,26280.86,1,221,0.768,5,32,0,0,1,1,0,0
CH-001626,CH-C01218,2025-03-03,38,13057.62,151843.71,36,525,0.471,150,1,0,1932.59,35639.27,1,30,0.1854,3,17,0,0,0,1,0,0
CH-001727,CH-C00606,2025-03-03,35,8350.82,183421.14,60,571,0.6625,200,1,0,2475.23,19015.84,1,113,0.6245,11,14,0,0,0,0,1,0
CH-001981,CH-C01727,2025-03-03,23,7054.24,64652.19,60,571,0.2913,35,1,0,977.61,24204.07,1,25,0.1006,2,3,0,0,1,0,1,0
CH-002047,CH-C01911,2025-03-03,48,4283.26,86890.11,24,620,1.0814,265,0,0,1011.43,5564.97,0,102,0.7161,0,3,0,0,0,0,1,0
CH-002341,CH-C01446,2025-03-03,37,7110.32,62013.92,36,838,0.3392,28,1,0,689.08,28737.57,0,19,0.3593,9,6,0,0,0,1,0,0
CH-002475,CH-C00321,2025-03-03,50,5067.84,15220.54,60,650,0.3887,176,4,0,1716.07,1547.46,1,38,0.3695,11,12,0,0,0,0,0,1
CH-000265,CH-C00646,2025-03-04,46,10690.22,228524.95,12,789,1.9957,38,2,0,2290.56,5056.94,1,194,0.294,6,10,0,0,1,0,1,0
CH-000392,CH-C00659,2025-03-04,39,5696.57,62292.61,36,597,0.5442,88,5,0,1369.94,2291.1,1,30,0.3596,1,5,0,1,0,0,1,0
CH-001317,CH-C00134,2025-03-04,38,19355.52,174047.41,24,830,0.4542,29,2,0,1538.74,22833.76,0,89,0.588,2,9,0,0,1,0,1,0
CH-001961,CH-C00377,2025-03-04,56,4434.91,96351.01,12,758,2.0594,330,1,0,1103.88,3887.77,1,289,0.5177,9,34,0,0,0,0,1,0
CH-002164,CH-C00489,2025-03-04,44,6071.9,102751.91,60,625,0.3892,200,2,1,650.48,6904.42,1,209,0.9265,5,23,0,0,1,0,0,1
CH-002405,CH-C00007,2025-03-04,52,11491.63,85178.98,36,707,0.6398,149,1,0,4985.69,52848.44,0,201,0.027,9,8,0,0,1,0,0,1
CH-000177,CH-C01817,2025-03-05,43,16070.46,91897.34,12,736,0.6996,106,4,1,3584.44,28507.7,1,108,0.5754,0,23,0,1,0,1,0,0
CH-000435,CH-C00842,2025-03-05,21,11389.05,168934.67,48,587,0.571,32,2,1,2983.54,73525.04,1,22,0.8354,9,3,0,0,0,1,0,0
CH-000831,CH-C00594,2025-03-05,26,7426.97,81260.59,12,635,0.9472,0,0,0,263.23,5445.12,1,62,0.1197,7,0,0,0,1,1,0,0
CH-000945,CH-C00635,2025-03-05,59,3933.53,45728.73,36,622,0.6814,302,1,0,1409.9,7974.14,1,189,0.3145,1,10,0,1,0,1,0,0
CH-001006,CH-C00904,2025-03-05,43,4030.14,51626.4,36,582,0.6649,190,0,0,1245.43,7464.5,1,38,0.1176,5,21,0,0,1,0,1,0
CH-001147,CH-C00638,2025-03-05,54,5747.34,62395.07,60,763,0.5336,358,0,0,2026.82,26630.66,1,206,0.3802,4,9,0,0,0,0,0,1
CH-001153,CH-C00057,2025-03-05,26,3767.48,82108.79,60,509,0.7876,37,8,0,1598.85,7493.09,0,31,0.3284,5,5,0,1,0,1,0,0
CH-001395,CH-C01797,2025-03-05,29,10507.8,211142.03,24,644,0.9997,17,2,0,1707.41,35845.39,1,14,0.327,2,2,0,0,1,1,0,0
CH-002104,CH-C00200,2025-03-05,25,12964.86,52001.97,24,669,0.5001,38,2,0,4316.67,67549.52,1,17,0.466,8,2,0,1,0,0,1,0
CH-002276,CH-C01557,2025-03-05,61,8285.09,98801.22,24,821,0.9481,312,3,0,3738.44,15652.45,1,167,0.1777,7,16,0,0,1,1,0,0
CH-002312,CH-C00173,2025-03-05,26,7622.34,87726.54,12,790,1.1858,77,1,0,1728.04,507.46,1,94,0.7221,7,8,0,0,1,0,1,0
CH-000120,CH-C00309,2025-03-06,36,7298.0,33551.46,24,773,0.6504,157,1,0,3348.47,7413.73,1,4,0.3113,6,13,0,0,0,0,1,0
CH-000234,CH-C01324,2025-03-06,21,14339.37,130055.55,12,694,0.896,3,1,0,2009.62,52881.3,0,16,0.5853,0,2,0,0,0,1,0,0
CH-000685,CH-C01767,2025-03-06,31,6964.88,102920.35,36,616,0.8605,17,0,0,3134.17,35144.79,1,22,0.5796,1,12,0,0,1,0,1,0
CH-001155,CH-C00692,2025-03-06,63,16192.0,321680.14,12,,1.808,280,0,0,2468.78,13991.41,1,20,0.1423,8,29,0,0,1,0,1,0
CH-001459,CH-C01359,2025-03-06,29,9851.66,44015.18,12,578,0.7774,100,4,0,3991.04,2725.06,1,83,0.2339,12,2,0,1,0,0,1,0
CH-002133,CH-C01000,2025-03-06,50,10197.65,79478.46,24,776,0.5026,21,3,0,1813.31,27447.75,0,22,0.5204,4,29,0,1,0,1,0,0
CH-000221,CH-C00882,2025-03-07,21,4765.53,72851.02,60,693,0.4287,30,0,0,828.98,15147.53,0,22,0.048,4,0,0,0,1,0,1,0
CH-000579,CH-C01669,2025-03-07,39,21714.93,350000,24,632,0.8655,87,0,0,4211.19,,1,252,0.1149,4,0,1,0,0,0,1,0
CH-000810,CH-C00626,2025-03-07,59,7166.8,136813.42,36,569,0.7878,79,0,0,1845.77,2435.3,0,355,0.6332,1,14,0,0,1,0,0,1
CH-001130,CH-C01317,2025-03-07,32,7258.37,34366.3,24,670,0.5088,10,0,0,2261.14,7912.95,0,125,0.7198,4,2,1,0,0,0,0,1
CH-001656,CH-C01820,2025-03-07,41,5950.79,27640.21,60,722,0.4066,194,1,0,1958.81,6595.27,1,118,0.1837,3,8,0,1,0,0,1,0
CH-002048,CH-C01700,2025-03-07,25,6440.96,28474.73,24,655,0.5792,43,1,1,2543.96,3272.29,1,6,0.7523,3,0,0,1,0,1,0,0
CH-002213,CH-C01481,2025-03-07,53,5406.85,74518.17,12,805,1.3024,151,2,0,832.21,2439.14,0,178,0.284,9,34,1,0,0,0,1,0
CH-002280,CH-C01022,2025-03-07,62,5360.86,56626.13,48,761,0.6161,22,2,0,2123.19,2489.23,0,348,0.6819,10,12,0,0,0,0,0,1
CH-000237,CH-C01399,2025-03-08,45,12164.85,211172.34,36,604,0.5942,236,0,1,1362.57,31067.04,0,7,0.5159,8,16,0,0,1,0,1,0
CH-000431,CH-C01237,2025-03-08,39,13230.2,287293.54,12,556,2.0743,86,0,0,3501.68,1272.48,0,197,0.3481,4,12,0,1,0,0,1,0
CH-000466,CH-C00838,2025-03-08,36,5097.43,65867.34,60,769,0.4004,154,1,1,943.42,315.18,0,101,0.0904,1,16,0,1,0,0,1,0
CH-000585,CH-C00169,2025-03-08,27,5490.86,81239.16,12,603,1.454,42,3,0,1213.65,27058.37,1,46,0.2431,4,4,0,0,1,0,0,1
CH-000622,CH-C00248,2025-03-08,46,8803.09,191480.28,36,730,1.0386,65,0,0,3823.61,6309.31,1,298,0.4231,8,8,0,1,0,1,0,0
CH-000628,CH-C00653,2025-03-08,53,8262.6,146184.9,24,700,0.8994,235,4,0,1340.64,27045.96,1,196,0.3615,7,14,1,0,0,0,1,0
CH-000791,CH-C01461,2025-03-08,57,8074.43,91480.74,48,602,0.3646,27,0,0,1038.3,41787.02,1,23,0.5136,3,25,0,0,0,0,1,0
CH-000887,CH-C01695,2025-03-08,44,8938.76,60841.9,60,638,0.1734,183,1,0,536.25,32445.6,1,66,0.2594,4,1,1,0,0,1,0,0
CH-001077,CH-C01433,2025-03-08,29,4553.12,94855.82,60,642,0.4589,38,1,0,508.32,16881.55,0,8,0.5622,12,8,0,1,0,0,0,1
CH-001280,CH-C00078,2025-03-08,24,5062.41,35735.61,12,556,0.8602,61,0,0,1376.63,16541.27,0,48,0.4647,7,4,0,1,0,0,0,1
CH-001447,CH-C01428,2025-03-08,45,7332.76,73795.95,36,662,0.3409,292,3,0,449.74,3253.07,0,26,0.2134,9,8,1,0,0,1,0,0
CH-001671,CH-C00847,2025-03-08,45,2603.11,38417.76,12,602,1.5941,184,0,1,948.15,5625.44,1,158,0.2189,9,22,1,0,0,1,0,0
CH-001813,CH-C01868,2025-03-08,33,5256.38,84582.02,12,642,1.4385,165,0,0,512.93,6844.39,1,11,0.1704,6,12,0,0,0,0,1,0
CH-001888,CH-C00746,2025-03-08,37,9731.53,99739.92,24,768,0.6966,216,0,0,2623.27,3364.22,0,5,0.5657,4,8,0,0,1,0,1,0
CH-002176,CH-C01808,2025-03-08,29,13773.53,88677.05,48,595,0.1457,45,2,0,158.68,18130.15,0,16,0.2908,12,5,1,0,0,0,1,0
CH-002222,CH-C01279,2025-03-08,24,3709.61,47470.11,12,438,1.4646,38,1,0,1477.37,18610.63,0,40,0.3822,1,4,0,0,0,0,1,0
CH-002306,CH-C00341,2025-03-08,41,5465.77,116962.7,60,586,0.6585,249,0,1,1650.0,6815.07,0,20,0.5187,7,7,0,0,0,0,1,0
CH-002334,CH-C00436,2025-03-08,23,7174.51,81500.46,24,,0.8434,34,3,0,2655.24,20322.33,1,23,0.3544,5,2,0,1,0,0,1,0
CH-000084,CH-C00354,2025-03-09,50,9465.89,196919.99,24,609,0.9281,264,3,0,580.69,12695.31,1,328,0.5288,1,20,1,0,0,0,1,0
CH-000812,CH-C00824,2025-03-09,54,6548.7,108518.2,48,665,0.488,285,0,0,934.8,11519.03,1,361,0.6784,1,14,0,1,0,0,1,0
CH-001301,CH-C00344,2025-03-09,27,5164.89,20626.26,12,505,0.3866,21,1,0,277.85,9898.89,1,71,0.2616,0,1,0,0,0,0,1,0
CH-001327,CH-C00763,2025-03-09,61,12169.28,98609.18,36,734,0.467,96,0,0,2943.36,28231.03,1,319,0.1385,8,18,0,1,0,0,1,0
CH-001764,CH-C00501,2025-03-09,50,8611.52,127491.23,24,547,1.0091,360,1,0,3377.45,4428.0,1,44,0.2471,0,22,0,1,0,0,1,0
CH-001805,CH-C01938,2025-03-09,24,8254.22,163784.54,60,646,0.5584,16,2,0,1879.66,,1,50,0.5283,3,3,1,0,0,0,1,0
CH-000060,CH-C01229,2025-03-10,55,6524.33,87183.44,12,680,1.5805,166,1,0,3046.14,9088.08,1,282,0.3774,0,31,0,0,1,0,1,0
CH-000171,CH-C01914,2025-03-10,34,3201.24,43755.87,12,502,1.169,183,0,0,95.98,6268.81,1,143,0.7114,8,8,1,0,0,0,1,0
CH-000738,CH-C01694,2025-03-10,26,12531.46,202101.36,12,574,1.6856,70,0,0,4280.74,33416.58,0,32,0.4994,12,5,0,1,0,0,1,0
CH-000994,CH-C00751,2025-03-10,23,17170.5,138198.65,36,843,0.5316,6,0,0,5288.17,24997.6,0,44,0.3801,3,5,0,0,0,0,0,1
CH-001253,CH-C00839,2025-03-10,36,6221.89,46640.13,36,644,0.5282,210,6,0,1990.88,8041.46,0,63,0.6344,5,5,0,1,0,0,0,1
CH-001534,CH-C00172,2025-03-10,40,9021.8,72711.59,24,617,0.6093,262,1,0,2467.5,17608.58,0,222,0.4094,7,20,0,0,0,0,0,1
CH-002344,CH-C00225,2025-03-10,55,8063.79,25838.53,60,619,0.2575,355,2,0,1645.64,14777.39,1,151,0.2387,8,2,0,1,0,1,0,0
CH-002357,CH-C00706,2025-03-10,30,4164.83,45047.06,12,635,0.9657,97,0,0,268.21,4146.57,1,74,0.4829,9,7,0,0,1,0,1,0
CH-000091,CH-C00413,2025-03-11,24,4140.9,17832.42,48,735,0.2921,25,2,0,838.07,728.88,1,17,0.6032,8,4,1,0,0,1,0,0
CH-000722,CH-C00734,2025-03-11,24,7517.12,40386.81,48,708,0.2942,46,2,0,1370.17,29249.75,1,37,0.1246,3,3,1,0,0,0,0,1
CH-001223,CH-C00165,2025-03-11,47,5497.13,99695.31,48,725,0.8477,229,1,1,2582.91,14709.63,1,255,0.6001,9,13,0,1,0,0,1,0
CH-001520,CH-C01015,2025-03-11,24,4938.59,26640.28,36,663,0.514,23,0,0,1798.38,3011.67,1,49,0.1554,0,1,1,0,0,0,1,0
CH-001719,CH-C00056,2025-03-11,25,15399.24,333462.36,48,611,0.5133,49,0,0,957.7,9758.23,1,0,0.451,7,4,1,0,0,0,1,0
CH-002115,CH-C00543,2025-03-11,57,10633.27,162984.89,48,845,0.5584,122,2,0,2541.59,17947.0,1,193,0.5336,5,5,1,0,0,0,0,1
CH-002182,CH-C01858,2025-03-11,35,11021.29,224991.33,12,538,1.9984,169,0,0,3275.98,1509.53,1,126,0.7125,2,17,0,0,0,0,1,0
CH-002319,CH-C00339,2025-03-11,44,3782.42,12640.35,60,696,0.1959,160,2,0,530.36,64.88,1,296,0.3929,2,26,0,0,1,0,1,0
CH-000101,CH-C00997,2025-03-12,55,4236.15,89906.02,36,564,0.6043,224,0,0,62.5,16290.89,0,218,0.107,2,5,1,0,0,0,0,1
CH-000124,CH-C00934,2025-03-12,30,4014.23,87358.08,24,645,0.9992,59,0,0,370.94,2339.06,1,1,0.6811,6,11,1,0,0,0,1,0
CH-000449,CH-C01992,2025-03-12,44,6251.62,116999.12,60,602,0.4882,68,3,0,1101.95,17886.81,1,29,0.7798,2,24,0,0,0,0,0,1
CH-000826,CH-C00321,2025-03-12,50,5952.94,115412.76,24,630,0.8995,272,8,0,545.55,2582.07,0,233,0.1644,10,21,0,0,0,0,0,1
CH-000841,CH-C01168,2025-03-12,61,6783.67,144079.95,12,,2.0044,158,1,0,1590.24,10767.06,0,14,0.4228,3,29,0,1,0,0,0,1
CH-000966,CH-C01902,2025-03-12,46,10343.76,36119.52,48,791,0.3226,90,1,0,2584.42,23597.73,1,302,0.3778,1,12,1,0,0,1,0,0
CH-000978,CH-C01367,2025-03-12,27,12128.75,231330.52,12,505,1.6237,91,0,0,415.8,18758.54,0,53,0.6408,2,6,1,0,0,0,1,0
CH-001289,CH-C00543,2025-03-12,57,8940.57,138347.31,48,850,0.6449,46,1,0,2883.27,4857.96,0,374,0.4329,3,32,1,0,0,0,0,1
CH-001663,CH-C00600,2025-03-12,27,20719.11,149565.42,12,786,0.9422,60,3,1,7057.75,5634.55,1,64,0.5809,10,3,0,1,0,0,1,0
CH-001715,CH-C00578,2025-03-12,47,9862.33,119961.23,24,732,0.5934,155,0,0,853.48,32290.86,1,16,0.5831,8,4,0,0,1,0,1,0
CH-001781,CH-C01890,2025-03-12,36,10456.12,196462.23,48,512,0.7123,99,0,0,3354.61,13642.44,0,30,0.5821,5,9,0,1,0,0,1,0
CH-001909,CH-C01343,2025-03-12,29,12021.88,147317.47,48,577,0.7211,43,1,0,5599.39,177.52,1,62,0.096,9,0,0,0,0,0,1,0
CH-001955,CH-C01499,2025-03-12,56,7780.3,140194.27,48,686,0.4494,17,0,0,575.51,13137.63,1,230,0.0991,8,22,0,1,0,0,1,0
CH-002041,CH-C00724,2025-03-12,46,5526.91,20925.66,60,688,0.2527,183,1,0,1048.07,4664.11,1,128,0.1696,9,21,0,1,0,0,1,0
CH-001198,CH-C01648,2025-03-13,26,5714.15,119873.64,48,548,0.8997,67,0,0,2643.72,,1,7,0.185,4,8,0,0,1,0,1,0
CH-001240,CH-C00625,2025-03-13,23,4413.09,90089.03,24,675,1.0961,22,1,2,1083.46,13350.16,1,36,0.3525,9,5,0,1,0,1,0,0
CH-001287,CH-C00799,2025-03-13,40,3872.71,35769.19,36,606,0.6516,74,2,0,1529.82,6696.53,1,202,0.5239,10,10,0,0,0,0,1,0
CH-001389,CH-C00386,2025-03-13,31,12764.77,79606.5,36,664,0.3211,152,2,0,1887.3,100193.58,0,140,0.0445,0,5,0,0,0,0,1,0
CH-001406,CH-C00768,2025-03-13,42,6114.74,53422.46,24,608,0.7314,241,3,0,2246.2,964.25,1,103,0.1235,9,20,1,0,0,1,0,0
CH-001472,CH-C01593,2025-03-13,49,5437.22,76357.25,60,734,0.5405,335,3,0,1666.18,7403.75,1,269,0.7459,12,4,1,0,0,0,1,0
CH-001703,CH-C01775,2025-03-13,56,9263.46,175850.39,60,669,0.5638,105,0,0,2291.47,7505.75,0,108,0.3473,8,11,0,0,1,0,1,0
CH-002277,CH-C01917,2025-03-13,51,7498.95,156606.55,48,664,0.7865,26,5,0,2635.27,23198.82,1,143,0.7673,4,18,0,0,0,0,1,0
CH-002469,CH-C01985,2025-03-13,64,11937.25,194588.32,36,664,0.7442,306,6,0,3478.99,38341.51,1,50,0.2742,9,35,0,0,0,0,0,1
CH-000186,CH-C00204,2025-03-14,64,2500,45926.01,48,623,0.4102,290,0,0,68.66,75.07,1,267,0.0786,12,6,0,0,1,0,1,0
CH-000228,CH-C01237,2025-03-14,39,14451.46,151509.53,24,616,0.8236,134,0,0,5588.86,83872.83,1,202,0.6465,6,6,0,1,0,0,1,0
CH-000426,CH-C01914,2025-03-14,34,4362.35,19360.4,36,463,0.4956,138,0,0,1624.23,13064.79,1,58,0.3616,10,9,1,0,0,0,1,0
CH-000614,CH-C02027,2025-03-14,28,13827.35,126387.9,24,616,0.4426,44,0,0,853.88,21339.21,1,62,0.8324,4,0,0,1,0,0,1,0
CH-000765,CH-C00419,2025-03-14,56,14874.65,113298.9,12,653,0.7023,4,1,0,1004.46,11748.17,1,280,0.8299,0,35,0,0,0,0,0,1
CH-000821,CH-C00016,2025-03-14,40,5319.42,55729.31,36,646,0.6722,153,1,0,2027.87,7066.68,0,122,0.2637,10,11,1,0,0,1,0,0
CH-001242,CH-C01121,2025-03-14,24,2834.59,55554.28,36,746,0.7419,25,1,1,559.89,5156.8,1,54,0.4681,5,4,0,0,1,0,0,1
CH-001421,CH-C01670,2025-03-14,44,11893.11,222218.83,60,779,0.5568,234,1,0,2918.92,,1,245,0.3859,6,24,0,1,0,0,1,0
CH-002242,CH-C00468,2025-03-14,41,12662.69,239549.29,36,803,0.7325,271,0,0,2621.39,34382.95,1,140,0.2128,1,4,0,0,1,1,0,0
CH-000154,CH-C00403,2025-03-15,36,30382.42,116367.89,24,728,0.267,98,0,0,3264.88,14640.73,0,143,0.2315,4,5,1,0,0,0,0,1
CH-000161,CH-C00376,2025-03-15,49,16018.1,144865.59,48,612,0.6279,153,3,0,7039.75,37352.91,0,107,0.4223,4,19,0,1,0,1,0,0
CH-000641,CH-C00745,2025-03-15,43,6563.14,73697.69,24,,0.7935,7,2,0,2136.93,16176.52,1,94,0.6446,8,21,0,0,0,0,1,0
CH-001277,CH-C00409,2025-03-15,47,8662.09,144832.61,36,713,0.6699,37,8,0,1779.43,6926.02,1,235,0.4655,7,25,0,0,1,0,1,0
CH-001371,CH-C00364,2025-03-15,46,10001.92,64184.69,36,650,0.34,83,0,0,1617.74,15039.3,0,188,0.2709,6,15,1,0,0,0,1,0
CH-001546,CH-C01827,2025-03-15,60,4108.73,27122.02,60,676,0.265,207,1,0,636.98,3606.02,1,397,0.3586,11,4,0,0,1,0,1,0
CH-000445,CH-C01107,2025-03-16,41,11722.08,126845.57,36,584,0.6969,224,1,0,4645.43,19764.17,1,66,0.6036,4,8,0,1,0,1,0,0
CH-000763,CH-C01676,2025-03-16,36,5453.76,97093.7,12,724,1.5311,81,0,1,259.07,38932.31,1,71,0.5064,2,4,0,1,0,0,1,0
CH-000878,CH-C00310,2025-03-16,62,8029.95,56811.79,48,699,0.3097,196,2,0,1303.02,21304.48,1,343,0.6407,4,16,0,1,0,0,1,0
CH-000936,CH-C00104,2025-03-16,57,8435.16,65324.68,12,563,0.7809,240,2,1,1143.36,1756.41,1,287,0.3108,1,20,1,0,0,0,1,0
CH-001113,CH-C00446,2025-03-16,63,11114.34,70036.45,12,585,0.9521,132,2,0,4745.07,30032.44,1,101,0.4274,11,9,0,0,0,0,1,0
CH-001275,CH-C01138,2025-03-16,41,13312.8,145393.41,60,743,0.323,6,1,0,1877.42,1610.55,0,187,0.6133,12,1,0,1,0,1,0,0
CH-001323,CH-C01316,2025-03-16,28,5276.97,105315.69,60,488,0.3541,118,0,0,113.11,65682.25,1,8,0.8029,10,8,1,0,0,0,1,0
CH-001556,CH-C01813,2025-03-16,44,9658.68,162203.83,24,714,0.8625,135,1,0,1572.39,19882.76,1,192,0.251,6,22,0,1,0,0,1,0
CH-001598,CH-C00788,2025-03-16,51,7600.46,88658.48,12,621,1.2224,112,0,0,1902.32,6082.24,1,153,0.3423,3,6,0,0,1,0,1,0
CH-001720,CH-C00056,2025-03-16,25,17711.56,293170.07,24,524,0.7056,33,0,0,281.08,27343.97,1,60,0.1183,0,2,1,0,0,0,1,0
CH-001725,CH-C00609,2025-03-16,35,4383.11,60851.22,48,589,0.4585,84,0,0,741.72,794.69,1,15,0.7187,12,3,1,0,0,1,0,0
CH-001732,CH-C01281,2025-03-16,54,6796.34,94160.85,60,603,0.6597,295,1,0,2914.53,1979.99,1,308,0.3729,4,34,0,0,0,1,0,0
CH-002137,CH-C00404,2025-03-16,51,8442.91,68920.53,12,783,1.0616,84,1,0,3219.52,10017.26,1,347,0.3688,7,5,0,1,0,0,1,0
CH-002305,CH-C01423,2025-03-16,47,5450.79,78009.24,24,630,0.6482,,0,0,282.64,1757.62,1,36,0.6424,8,12,0,0,1,0,1,0
CH-002347,CH-C00325,2025-03-16,49,3772.07,51733.42,60,705,0.4731,102,4,1,922.4,6082.61,0,211,0.554,9,17,0,0,1,0,1,0
CH-002353,CH-C01543,2025-03-16,58,10305.54,113116.56,48,556,0.3548,131,4,0,1300.17,107.39,1,178,0.5498,12,0,1,0,0,0,1,0
CH-002492,CH-C00464,2025-03-16,22,8950.86,39484.25,48,671,0.4179,40,0,0,2917.64,1841.36,1,35,0.5543,5,1,0,0,0,1,0,0
CH-000497,CH-C00607,2025-03-17,34,9718.77,71050.3,48,762,0.2596,173,1,0,1043.13,12686.17,1,154,0.4185,6,11,0,1,0,0,1,0
CH-000701,CH-C00760,2025-03-17,41,5510.07,67160.49,48,780,0.5147,103,1,0,1436.93,7026.27,1,243,0.4086,1,23,0,0,0,0,1,0
CH-000848,CH-C00535,2025-03-17,31,4272.97,75615.09,60,685,0.7104,94,0,1,1775.43,10823.86,1,2,0.3945,11,6,0,1,0,0,1,0
CH-001159,CH-C02093,2025-03-17,36,3312.43,66657.2,24,748,1.0898,66,1,0,832.45,21870.52,1,146,0.322,2,14,0,1,0,0,1,0
CH-001172,CH-C00650,2025-03-17,37,6081.39,54327.21,36,692,0.4219,92,5,0,1056.76,10664.7,0,67,0.5131,12,10,0,0,1,0,0,1
CH-001614,CH-C01383,2025-03-17,30,4030.4,27575.24,36,683,0.2014,141,0,0,45.78,2390.47,1,54,0.1553,4,4,0,0,0,0,1,0
CH-002025,CH-C01498,2025-03-17,56,4197.28,61626.15,48,664,0.509,210,3,0,852.42,23827.67,0,383,0.0459,10,25,0,0,1,0,1,0
CH-002086,CH-C01300,2025-03-17,63,12080.0,256311.15,48,639,0.7093,334,0,0,3228.71,38182.06,0,99,0.4668,2,35,0,1,0,0,1,0
CH-002274,CH-C00450,2025-03-17,54,13757.55,143241.59,24,770,0.6615,137,0,0,3132.23,17925.92,1,302,0.5099,2,11,0,1,0,0,1,0
CH-000307,CH-C00545,2025-03-18,27,5535.89,78490.0,36,703,0.4908,105,0,0,536.9,2435.38,1,18,0.5704,2,7,0,0,0,1,0,0
CH-000309,CH-C00579,2025-03-18,46,26040.68,282454.68,48,669,0.4132,103,0,0,4874.65,22868.54,0,39,0.3541,11,8,0,1,0,1,0,0
CH-000672,CH-C00180,2025-03-18,45,8700.79,146889.88,36,617,0.6546,52,7,1,1615.65,45602.83,1,314,0.2846,4,27,0,1,0,0,1,0
CH-000691,CH-C01452,2025-03-18,63,18941.5,165688.43,60,673,0.3494,223,2,0,3856.72,85137.15,0,373,0.849,6,2,0,1,0,0,1,0
CH-000950,CH-C01954,2025-03-18,56,8017.65,125510.5,60,702,0.4077,92,1,0,1176.66,3898.96,1,146,0.3711,3,2,0,0,0,0,1,0
CH-000958,CH-C00926,2025-03-18,35,5796.81,94617.47,60,610,0.7378,127,0,0,2699.65,4476.99,1,44,0.4941,2,7,0,0,0,0,1,0
CH-001001,CH-C00932,2025-03-18,40,3571.86,60817.12,60,688,0.3762,217,1,0,330.08,5924.19,1,112,0.4671,3,6,0,0,0,0,1,0
CH-001071,CH-C00959,2025-03-18,58,12369.88,165715.99,60,582,0.5299,91,0,0,3793.44,33252.23,1,277,0.0466,11,8,1,0,0,1,0,0
CH-001265,CH-C01031,2025-03-18,33,10495.61,133550.91,36,548,0.6286,176,2,0,2887.86,6687.17,1,33,0.8338,11,9,0,0,1,1,0,0
CH-001413,CH-C00218,2025-03-18,43,8898.86,161650.7,48,755,0.7916,124,1,1,3676.46,16809.21,0,34,0.2634,7,3,0,0,0,0,1,0
CH-001845,CH-C00909,2025-03-18,39,5824.22,77806.86,36,577,0.8117,178,0,0,2566.36,17563.92,0,25,0.3151,4,12,1,0,0,0,1,0
CH-001994,CH-C01014,2025-03-18,48,12395.44,45065.13,12,667,0.3185,99,0,0,191.95,27217.86,0,42,0.3407,11,28,0,0,1,0,0,1
CH-000357,CH-C01451,2025-03-19,27,6375.62,34961.89,12,704,0.5759,63,0,0,758.22,16731.41,1,4,0.507,10,5,1,0,0,0,1,0
CH-000429,CH-C00936,2025-03-19,53,9620.66,150254.99,36,644,0.8841,5,3,0,4332.32,,1,35,0.2572,3,28,0,0,0,1,0,0
CH-000669,CH-C00947,2025-03-19,24,16665.93,295641.03,48,503,0.7748,8,2,0,6753.07,,0,35,0.3866,12,2,0,0,1,0,0,1
CH-000700,CH-C01070,2025-03-19,60,9276.57,106623.62,36,558,0.6186,310,0,0,2776.26,31394.12,1,305,0.3523,10,33,1,0,0,0,1,0
CH-001054,CH-C01405,2025-03-19,37,4496.03,70572.26,60,850,0.3269,142,2,2,293.44,7465.25,0,80,0.5293,2,1,0,1,0,1,0,0
CH-001518,CH-C00673,2025-03-19,62,6656.85,88952.08,48,621,0.2958,4,0,0,116.0,3680.32,1,193,0.2472,10,26,0,0,0,0,1,0
CH-001689,CH-C00876,2025-03-19,49,5630.1,119491.13,60,837,0.4859,305,1,0,743.99,21924.21,1,310,0.2526,6,19,0,0,0,0,1,0
CH-001721,CH-C00961,2025-03-19,33,4526.64,24194.99,12,683,0.5683,30,0,0,556.29,16970.81,1,50,0.0423,3,4,0,1,0,0,1,0
CH-001743,CH-C01518,2025-03-19,48,3918.59,51154.2,60,773,0.369,232,0,0,593.57,2199.91,1,43,0.4429,10,5,0,0,0,0,0,1
CH-001772,CH-C00720,2025-03-19,30,20385.39,273747.57,36,509,0.6817,72,2,1,6291.84,124450.2,1,66,0.2172,11,7,0,0,0,1,0,0
CH-001837,CH-C00581,2025-03-19,60,7239.33,43859.92,36,610,0.4843,193,5,0,2287.97,2255.28,1,111,0.3685,4,32,0,1,0,1,0,0
CH-001852,CH-C01206,2025-03-19,56,8192.81,132869.98,12,820,1.5159,150,1,0,1346.61,8675.65,0,368,0.1668,3,2,1,0,0,0,0,1
CH-002250,CH-C00930,2025-03-19,52,11750.74,230979.08,36,605,0.7186,89,0,0,2028.21,25966.49,0,78,0.5604,3,29,0,1,0,1,0,0
CH-002264,CH-C00609,2025-03-19,35,3658.74,58577.77,60,636,0.505,156,2,0,871.37,,0,93,0.3416,2,3,1,0,0,1,0,0
CH-002360,CH-C00793,2025-03-19,36,26727.16,345435.32,36,749,0.5689,214,1,0,5609.33,53433.81,0,201,0.4104,12,7,0,0,1,0,1,0
CH-000027,CH-C01832,2025-03-20,23,6404.68,81059.63,48,729,0.3587,34,0,0,608.38,7044.54,1,40,0.5244,6,5,1,0,0,0,1,0
CH-000141,CH-C00518,2025-03-20,21,13639.28,299641.9,60,548,0.6838,21,0,1,4333.16,50336.49,1,4,0.2385,0,3,0,0,0,0,1,0
CH-000225,CH-C02083,2025-03-20,29,5618.7,53505.94,24,665,0.789,80,0,0,2203.54,5227.32,0,23,0.592,5,6,0,0,0,0,0,1
CH-000354,CH-C00472,2025-03-20,62,11545.59,252863.77,60,,0.3847,182,1,0,227.17,8432.62,0,400,0.2522,8,29,1,0,0,0,0,1
CH-000484,CH-C01369,2025-03-20,30,12719.47,161453.34,12,664,1.1798,101,2,0,1552.37,51964.51,1,41,0.5854,10,6,0,0,0,0,1,0
CH-001035,CH-C00412,2025-03-20,24,13359.38,210475.26,48,642,0.7695,64,1,0,5895.0,1976.62,0,48,0.6861,12,3,1,0,0,0,1,0
CH-001291,CH-C00833,2025-03-20,62,8423.17,173254.54,24,784,0.887,239,4,0,252.3,5342.98,0,269,0.2213,6,12,0,1,0,0,1,0
CH-001302,CH-C01557,2025-03-20,61,10325.4,111170.63,12,726,1.0677,240,0,0,1759.75,962.7,1,269,0.627,11,7,0,0,1,1,0,0
CH-001436,CH-C01082,2025-03-20,47,9870.04,38497.49,12,775,0.3718,300,0,0,461.19,54008.03,1,246,0.2141,12,10,1,0,0,0,1,0
CH-000046,CH-C00340,2025-03-21,36,6065.55,44931.56,24,621,0.5786,196,1,1,1637.55,911.81,1,171,0.4133,2,13,0,0,0,1,0,0
CH-000262,CH-C00171,2025-03-21,58,5348.94,108983.56,48,576,0.511,220,1,0,462.93,8306.3,1,249,0.327,2,1,0,0,1,0,1,0
CH-000444,CH-C00398,2025-03-21,47,9613.37,180198.87,60,663,0.5952,330,0,1,2718.66,1724.46,1,238,0.3913,12,16,0,1,0,0,1,0
CH-000599,CH-C00605,2025-03-21,53,3992.49,45666.38,36,782,0.3456,228,2,0,111.38,11091.3,0,12,0.3626,2,13,0,1,0,0,1,0
CH-000721,CH-C01300,2025-03-21,63,10319.64,190354.24,60,569,0.7373,134,1,0,4436.27,21615.18,1,49,0.7877,8,28,0,1,0,0,1,0
CH-000825,CH-C00034,2025-03-21,59,7275.98,112850.85,24,659,0.671,344,0,0,180.01,38972.25,0,311,0.1163,0,13,0,0,0,0,1,0
CH-001278,CH-C01222,2025-03-21,59,3317.02,22785.37,60,519,0.5107,92,0,1,1314.34,4158.9,1,0,0.3651,1,35,1,0,0,0,1,0
CH-002236,CH-C00917,2025-03-21,44,27332.49,350000,36,652,0.4701,287,3,0,3126.22,130812.0,1,119,0.6422,4,24,0,0,0,0,1,0
CH-000378,CH-C01858,2025-03-22,35,11905.97,243266.07,36,546,0.6104,123,0,0,509.87,29947.63,1,158,0.4399,8,3,0,0,0,0,1,0
CH-000390,CH-C00226,2025-03-22,52,16839.55,122433.06,12,551,1.0598,327,1,0,7643.69,4459.86,0,144,0.6991,9,7,0,0,1,0,0,1
CH-000412,CH-C00034,2025-03-22,59,6820.29,93557.72,48,580,0.5493,345,0,1,1797.43,4706.48,1,279,0.6131,11,20,0,0,0,0,1,0
CH-000511,CH-C00135,2025-03-22,33,12920.2,184300.16,24,621,0.6494,70,0,0,710.65,18759.67,1,175,0.6489,5,4,0,0,0,0,1,0
CH-000830,CH-C00967,2025-03-22,52,3089.69,56266.86,60,730,0.3802,210,0,0,236.95,812.28,1,195,0.1995,8,23,0,0,1,0,1,0
CH-001542,CH-C00828,2025-03-22,54,10456.54,133598.0,12,691,1.3058,297,3,0,2521.45,24083.24,1,124,0.8282,10,33,0,1,0,0,1,0
CH-001544,CH-C01140,2025-03-22,38,10296.93,79637.88,24,594,0.4295,215,3,0,1103.93,15219.03,1,208,0.7421,6,17,0,0,0,1,0,0
CH-001676,CH-C01120,2025-03-22,47,9884.72,34830.38,48,650,0.2274,197,1,1,1521.99,7258.37,0,10,0.7402,9,21,0,0,0,0,0,1
CH-002439,CH-C01770,2025-03-22,28,4878.58,32538.42,12,,1.0254,119,0,0,2290.82,26250.54,0,54,0.2594,0,6,0,1,0,0,0,1
CH-000302,CH-C00005,2025-03-23,43,9013.14,123802.3,24,610,0.6184,73,0,0,415.32,13386.96,1,211,0.3141,0,25,1,0,0,0,1,0
CH-000410,CH-C00329,2025-03-23,61,8621.37,171904.16,36,739,0.9434,143,0,0,3358.06,53819.55,0,296,0.5707,12,11,1,0,0,1,0,0
CH-001029,CH-C01113,2025-03-23,41,3215.35,35118.52,12,523,1.225,268,0,0,1012.13,5110.61,0,149,0.7348,0,11,0,0,0,0,1,0
CH-001059,CH-C00889,2025-03-23,53,17215.0,212934.44,24,776,0.5326,359,1,0,296.49,67562.98,1,199,0.1912,3,17,0,1,0,0,0,1
CH-001272,CH-C00507,2025-03-23,24,16355.86,59436.59,12,697,0.5252,35,0,0,3636.7,,1,16,0.0207,5,4,0,0,0,0,0,1
CH-001273,CH-C00727,2025-03-23,35,5202.59,39410.5,12,545,1.0131,155,0,0,1986.28,7522.28,0,102,0.3157,7,4,0,0,1,1,0,0
CH-001971,CH-C00262,2025-03-23,64,8718.84,51879.72,24,649,0.5231,123,0,0,2399.44,19252.15,1,336,0.3077,10,18,1,0,0,0,1,0
CH-002265,CH-C00702,2025-03-23,58,6621.12,20581.12,36,460,0.5504,221,3,0,3072.84,2109.49,1,28,0.2746,7,33,0,0,0,0,1,0
CH-002465,CH-C01411,2025-03-23,32,7386.39,131080.57,24,789,0.772,11,0,0,240.89,21246.09,0,104,0.0895,1,5,0,1,0,0,0,1
CH-000250,CH-C00956,2025-03-24,49,12146.2,205275.54,60,604,0.6423,124,5,0,4380.05,10138.06,0,221,0.2193,12,21,0,1,0,0,0,1
CH-000528,CH-C00785,2025-03-24,33,7997.75,74899.58,12,619,0.8218,37,0,0,331.02,1754.22,1,150,0.5039,0,11,1,0,0,1,0,0
CH-000588,CH-C00518,2025-03-24,21,14599.7,116763.44,24,593,0.4252,20,3,0,1342.93,1092.88,1,36,0.433,0,3,0,0,0,0,1,0
CH-000626,CH-C00975,2025-03-24,64,5129.46,36334.4,48,639,0.2201,268,1,0,372.04,11844.75,1,359,0.2224,11,25,0,0,0,1,0,0
CH-001165,CH-C01717,2025-03-24,26,3299.82,35725.01,36,,0.3901,35,0,0,294.97,11279.74,1,18,0.4396,2,0,0,0,1,1,0,0
CH-001346,CH-C00457,2025-03-24,56,10357.09,101804.25,12,505,1.0057,124,1,0,1932.56,17505.06,1,268,0.6757,11,2,0,0,1,0,1,0
CH-001450,CH-C01031,2025-03-24,33,7338.54,64793.74,24,610,0.7037,7,0,1,2464.4,6840.14,1,127,0.3039,9,10,0,0,1,1,0,0
CH-001741,CH-C02003,2025-03-24,57,7809.02,145047.02,12,690,2.012,14,0,0,3624.17,8937.3,1,300,0.3193,1,3,0,1,0,0,1,0
CH-001921,CH-C00162,2025-03-24,37,15840.54,211349.49,36,757,0.7477,146,0,0,5973.76,37229.88,1,201,0.3364,8,11,0,0,1,1,0,0
CH-002050,CH-C00553,2025-03-24,54,6369.6,72881.5,60,793,0.5918,308,0,0,2554.83,4635.82,1,418,0.3017,1,26,0,1,0,0,1,0
CH-002290,CH-C02027,2025-03-24,28,12661.5,56681.03,36,765,0.4342,53,0,0,3922.78,38548.53,0,118,0.3232,7,2,0,1,0,0,1,0
CH-002432,CH-C00961,2025-03-24,33,5160.96,62795.31,60,636,0.2844,149,0,1,421.36,43335.04,1,74,0.3152,5,3,0,1,0,0,1,0
CH-000341,CH-C00101,2025-03-25,22,10031.6,164173.45,36,550,0.7254,36,1,0,2716.31,8874.33,1,21,0.1562,12,0,0,1,0,0,0,1
CH-000514,CH-C01911,2025-03-25,48,4196.24,77236.72,24,743,1.1616,109,3,0,1656.0,17445.78,1,356,0.2522,10,6,0,0,0,0,1,0
CH-000584,CH-C00564,2025-03-25,43,5978.58,34210.21,60,626,0.5283,90,0,0,2588.4,131.28,1,163,0.751,8,7,0,0,0,0,1,0
CH-000613,CH-C01429,2025-03-25,33,10509.02,202838.59,60,587,0.5243,67,0,0,2128.75,990.42,0,23,0.4793,5,12,0,1,0,0,0,1
CH-000723,CH-C00646,2025-03-25,46,9839.96,76043.27,24,806,0.732,300,0,0,4034.64,14802.25,0,194,0.5133,12,4,0,0,1,0,1,0
CH-002163,CH-C01641,2025-03-25,47,4319.94,32986.14,24,781,0.4015,65,1,0,360.02,689.09,1,81,0.8143,4,16,1,0,0,0,1,0
CH-000018,CH-C00129,2025-03-26,51,22426.82,107689.7,12,638,0.4517,354,1,0,1156.19,105230.53,1,92,0.325,9,16,0,1,0,0,1,0
CH-000106,CH-C00826,2025-03-26,64,7277.24,38692.16,60,534,0.251,70,2,0,1181.9,4987.03,1,66,0.3031,12,5,1,0,0,0,1,0
CH-000131,CH-C00786,2025-03-26,59,6974.77,97990.12,60,838,0.3215,294,0,0,609.35,18795.39,0,413,0.2105,3,0,0,0,0,0,1,0
CH-000654,CH-C01661,2025-03-26,49,4866.31,93659.51,12,483,1.9379,250,0,0,1625.57,2390.72,1,367,0.7625,9,17,0,0,0,0,1,0
CH-000777,CH-C00628,2025-03-26,59,10506.67,166403.31,48,427,0.3484,135,1,0,193.88,25511.29,1,204,0.678,11,13,0,1,0,1,0,0
CH-000813,CH-C00651,2025-03-26,33,13996.1,237800.18,24,582,0.9577,155,4,0,3496.26,3641.03,1,107,0.4087,2,10,0,1,0,1,0,0
CH-001062,CH-C01181,2025-03-26,62,8206.74,116976.86,60,731,0.4864,139,1,0,2041.79,14970.76,1,1,0.5186,8,14,0,1,0,1,0,0
CH-001202,CH-C00872,2025-03-26,63,7245.75,73826.65,60,672,0.4966,200,4,0,2367.76,2118.42,1,245,0.7525,10,30,0,1,0,0,1,0
CH-001376,CH-C01760,2025-03-26,47,16918.06,184862.03,36,638,0.6797,207,3,0,6364.62,26716.56,1,246,0.8612,3,25,1,0,0,0,1,0
CH-001420,CH-C00388,2025-03-26,23,5871.04,20553.59,24,657,0.4635,0,2,1,1865.05,4381.25,0,45,0.0289,11,3,0,0,0,0,1,0
CH-001526,CH-C00723,2025-03-26,36,8622.93,189478.46,60,605,0.5467,210,1,0,1555.81,27588.03,1,195,0.2665,11,16,0,0,1,0,1,0
CH-001693,CH-C01480,2025-03-26,35,14077.68,75793.99,12,,0.819,157,1,0,5213.07,36212.57,0,123,0.585,2,8,0,1,0,0,0,1
CH-001836,CH-C02022,2025-03-26,46,11020.97,212609.16,36,773,0.8459,287,0,0,3417.14,49080.84,0,84,0.8911,4,12,0,0,1,0,0,1
CH-001978,CH-C00180,2025-03-26,45,8517.22,184112.0,24,736,0.9318,97,8,0,264.81,16424.76,1,120,0.6311,0,11,0,1,0,0,1,0
CH-002021,CH-C00597,2025-03-26,30,7361.17,147473.17,60,539,0.688,93,0,0,2606.88,6430.4,0,134,0.3716,5,9,1,0,0,0,0,1
CH-002056,CH-C00003,2025-03-26,40,4897.89,19239.16,12,601,0.3761,230,2,0,238.92,1415.41,1,79,0.58,6,20,0,0,0,0,1,0
CH-000070,CH-C00279,2025-03-27,35,23479.15,185897.05,48,692,0.4794,148,0,0,7383.48,57118.69,1,22,0.8244,2,15,0,0,0,0,1,0
CH-000773,CH-C00274,2025-03-27,61,6493.46,123438.25,12,573,1.838,105,0,0,1648.36,815.64,1,124,0.4736,1,2,0,1,0,0,1,0
CH-001461,CH-C01648,2025-03-27,26,4332.61,51293.0,12,604,1.0859,12,0,0,430.33,1844.33,1,71,0.772,8,7,0,0,1,0,1,0
CH-001557,CH-C01703,2025-03-27,51,6870.32,75484.02,48,672,0.3907,244,0,0,1111.48,2842.6,1,128,0.4616,9,16,0,0,0,1,0,0
CH-000184,CH-C02081,2025-03-28,36,11561.01,93807.0,12,819,0.9951,204,4,0,3686.94,34530.92,1,171,0.3938,8,7,1,0,0,0,1,0
CH-000658,CH-C02008,2025-03-28,35,4431.41,58664.71,24,,0.5819,31,0,0,134.26,4135.11,1,46,0.5958,2,5,0,0,0,1,0,0
CH-000943,CH-C01184,2025-03-28,22,10672.85,61800.77,48,621,0.5472,46,6,0,4552.45,7444.44,1,23,0.5412,2,1,0,0,0,1,0,0
CH-001205,CH-C01991,2025-03-28,43,9319.04,159549.73,12,669,1.8423,20,3,0,3872.7,10636.74,1,209,0.4188,10,3,0,0,1,0,1,0
CH-001246,CH-C01605,2025-03-28,48,3542.21,30737.9,12,,0.8104,76,0,0,309.17,2593.12,0,69,0.1647,8,17,0,0,0,0,1,0
CH-001285,CH-C01506,2025-03-28,40,8840.41,93906.08,24,794,0.6388,132,3,1,1734.18,55381.05,1,162,0.3163,10,20,0,0,1,0,1,0
CH-001316,CH-C01460,2025-03-28,60,9176.77,41951.35,24,744,0.2147,292,0,0,222.03,37397.87,1,381,0.3543,7,17,0,0,1,1,0,0
CH-002252,CH-C01648,2025-03-28,26,6002.53,37478.5,12,618,0.8203,34,0,1,1800.61,5349.9,1,51,0.2815,12,2,0,0,1,0,1,0
CH-000174,CH-C00066,2025-03-29,26,6831.67,71422.42,24,769,0.581,71,3,1,993.02,3285.04,0,43,0.3832,10,8,0,1,0,1,0,0
CH-000253,CH-C00591,2025-03-29,31,5936.01,122254.05,24,599,0.8813,60,0,0,137.49,10745.81,1,144,0.7606,0,11,0,0,1,0,1,0
CH-000475,CH-C00970,2025-03-29,46,19814.46,344789.36,12,683,1.883,253,0,0,8577.3,38943.01,1,233,0.5409,7,7,0,0,0,0,1,0
CH-000739,CH-C01059,2025-03-29,55,6130.3,130072.88,24,706,1.0293,131,1,0,890.0,7111.34,1,195,0.2791,2,1,0,0,0,1,0,0
CH-001020,CH-C01787,2025-03-29,24,4797.05,85761.98,12,559,1.5078,53,2,0,86.3,1732.22,1,62,0.4247,3,0,0,0,1,1,0,0
CH-001378,CH-C01742,2025-03-29,43,8779.62,86708.17,12,620,1.2697,102,0,0,3922.24,3320.94,0,165,0.5493,9,3,0,0,0,0,0,1
CH-001463,CH-C00544,2025-03-29,26,12089.54,57920.02,60,633,0.2019,34,0,0,1475.35,44903.85,1,57,0.4971,1,3,1,0,0,0,1,0
CH-001728,CH-C00742,2025-03-29,44,3397.89,67547.75,48,730,0.8158,261,1,0,1364.79,3113.63,1,132,0.114,0,25,1,0,0,0,1,0
CH-001746,CH-C01189,2025-03-29,48,7421.08,106519.6,24,551,0.7556,8,6,0,1169.39,11023.43,1,40,0.4951,11,4,0,0,1,1,0,0
CH-001751,CH-C00867,2025-03-29,28,4011.55,56453.76,36,663,0.8546,107,4,0,1859.99,4472.07,1,1,0.265,4,4,0,1,0,1,0,0
CH-002394,CH-C00197,2025-03-29,26,6225.5,36105.21,48,599,0.5905,,3,1,2923.67,,0,63,0.4967,6,4,0,1,0,0,1,0
CH-002442,CH-C01579,2025-03-29,47,25774.74,199284.25,48,749,0.4856,151,0,1,8363.86,16855.21,1,114,0.4915,5,26,0,0,0,1,0,0
CH-000428,CH-C00167,2025-03-30,63,21957.97,350000,48,697,0.4938,338,1,0,3550.6,22208.38,1,198,0.3118,4,10,0,0,1,0,1,0
CH-000589,CH-C00971,2025-03-30,51,5573.2,41265.93,60,645,0.5827,122,0,0,2559.49,34951.54,1,87,0.2792,1,11,0,1,0,0,1,0
CH-001043,CH-C01374,2025-03-30,35,6975.11,85303.79,12,744,1.325,191,1,0,2133.68,938.54,1,118,0.314,4,5,1,0,0,1,0,0
CH-001319,CH-C00338,2025-03-30,46,18653.25,318667.64,48,599,0.731,301,0,0,6996.24,90192.78,1,269,0.7219,5,14,0,1,0,1,0,0
CH-001494,CH-C01958,2025-03-30,44,5561.54,65923.13,60,675,0.3208,248,0,1,685.4,21435.28,1,294,0.3995,7,2,0,0,1,0,1,0
CH-001749,CH-C01378,2025-03-30,50,3228.28,62461.6,24,793,1.0628,137,1,0,828.31,1951.4,1,203,0.0799,10,25,0,0,1,0,0,1
CH-001927,CH-C01742,2025-03-30,43,9358.47,69827.79,24,658,0.4837,54,0,1,1617.18,1247.96,0,86,0.5956,12,14,0,0,0,0,0,1
CH-002051,CH-C00142,2025-03-30,47,9619.21,193888.39,48,604,0.72,130,0,0,2886.09,15755.83,1,238,0.5839,1,9,0,0,1,0,1,0
CH-002245,CH-C02033,2025-03-30,28,6466.17,112509.14,36,739,0.5972,2,3,0,736.3,5521.65,1,35,0.3756,9,8,0,0,1,0,1,0
CH-000065,CH-C01124,2025-03-31,37,10658.37,93105.48,24,527,0.5424,54,0,0,1901.57,82224.25,1,116,0.7734,9,1,0,1,0,0,1,0
CH-000089,CH-C01751,2025-03-31,52,5521.04,70444.49,24,496,0.9332,22,1,0,2216.88,13495.45,0,408,0.7066,8,5,0,1,0,0,1,0
CH-000339,CH-C00304,2025-03-31,28,4242.71,78131.75,12,667,1.6707,94,2,0,577.3,16304.22,1,95,0.1647,11,5,0,0,0,1,0,0
CH-000381,CH-C01403,2025-03-31,63,7185.06,151334.59,12,678,1.8979,264,1,0,1025.47,6245.45,1,405,0.3036,3,7,0,1,0,0,1,0
CH-000531,CH-C01777,2025-03-31,49,4916.38,95370.85,60,630,0.5894,69,0,0,1308.42,19462.08,0,67,0.2433,4,8,0,1,0,0,0,1
CH-000847,CH-C00150,2025-03-31,63,5872.36,56113.47,24,589,0.7024,340,0,0,1786.95,3479.71,1,1,0.3528,11,23,1,0,0,0,1,0
CH-000868,CH-C01445,2025-03-31,23,11365.72,239752.48,24,631,1.1978,20,1,0,3624.31,7875.78,1,24,0.3231,1,2,0,0,1,0,1,0
CH-000937,CH-C01221,2025-03-31,38,5975.99,86430.74,24,598,0.9345,,1,0,1983.05,2278.52,1,221,0.6207,7,12,1,0,0,0,1,0
CH-001025,CH-C00650,2025-03-31,37,6271.43,31658.76,36,649,0.1592,1,2,0,118.89,202.87,0,149,0.5901,1,17,0,0,1,0,0,1
CH-001445,CH-C01609,2025-03-31,40,5547.66,95005.18,36,588,0.7088,157,4,0,1292.91,2438.81,1,19,0.0672,1,11,0,0,1,0,1,0
CH-002082,CH-C00333,2025-03-31,51,13189.39,142628.15,60,653,0.2657,258,0,0,1126.81,10787.35,1,8,0.1259,2,19,1,0,0,1,0,0
CH-000175,CH-C00563,2025-04-01,45,10522.26,71332.25,60,,0.1297,165,0,1,175.51,35654.6,1,23,0.555,10,18,1,0,0,0,1,0
CH-000316,CH-C00554,2025-04-01,21,7911.09,66293.0,36,634,0.4457,,0,0,1684.34,26255.94,1,35,0.7427,0,2,0,1,0,0,1,0
CH-000330,CH-C01879,2025-04-01,45,7428.91,114165.97,60,708,0.4882,208,0,0,1723.78,5538.5,1,36,0.3589,11,9,1,0,0,0,1,0
CH-000759,CH-C01869,2025-04-01,63,8057.27,128616.51,60,673,0.4922,51,0,1,1821.86,10779.32,1,299,0.4279,3,18,1,0,0,1,0,0
CH-001857,CH-C01804,2025-04-01,38,8378.2,55022.35,24,701,0.661,87,0,0,3245.27,12527.94,1,146,0.1386,6,15,1,0,0,0,1,0
CH-002168,CH-C01189,2025-04-01,48,8121.3,124907.48,12,611,1.6547,104,0,0,3029.42,29831.4,0,38,0.4073,4,19,0,0,1,1,0,0
CH-000439,CH-C01033,2025-04-02,33,9404.78,191600.73,36,697,0.8696,77,2,0,2856.35,31005.64,1,154,0.4153,8,10,0,0,0,1,0,0
CH-000489,CH-C00936,2025-04-02,53,5896.41,85097.38,12,622,1.2603,77,2,0,339.91,17039.55,0,372,0.445,7,7,0,0,0,1,0,0
CH-000493,CH-C01744,2025-04-02,44,13695.58,228111.57,36,580,0.8202,266,6,0,4896.16,8936.19,1,51,0.1953,11,7,0,0,0,1,0,0
CH-001018,CH-C01403,2025-04-02,63,6630.37,143088.52,24,828,1.0778,358,1,0,1184.33,21396.71,0,87,0.1051,4,9,0,1,0,0,1,0
CH-001431,CH-C01235,2025-04-02,34,7864.07,28110.35,36,729,0.2508,,2,1,1191.69,18476.63,1,24,0.171,4,2,0,0,1,0,1,0
CH-001601,CH-C00550,2025-04-02,53,9350.81,98079.47,24,629,0.8141,348,3,0,3526.09,33900.66,1,201,0.713,7,26,0,0,1,0,1,0
CH-001756,CH-C00944,2025-04-02,47,10477.88,78209.72,36,695,0.6632,200,0,0,4775.98,10306.84,1,68,0.471,11,26,0,0,1,0,1,0
CH-000036,CH-C01354,2025-04-03,31,15864.64,241871.68,12,556,1.6056,4,0,0,5316.28,26719.6,0,86,0.8973,2,3,0,0,1,0,1,0
CH-000368,CH-C01359,2025-04-03,29,8416.89,142688.83,48,608,0.387,34,0,0,284.71,883.69,1,123,0.4651,12,6,0,1,0,0,1,0
CH-000509,CH-C01902,2025-04-03,46,10494.7,194569.26,12,692,1.7589,108,1,0,2244.95,48906.43,1,276,0.5854,12,24,1,0,0,1,0,0
CH-001381,CH-C00610,2025-04-03,44,5259.35,94202.43,36,734,0.7281,271,0,1,1212.57,17542.19,1,75,0.3432,8,20,0,0,1,0,1,0
CH-001636,CH-C00147,2025-04-03,21,5069.93,61127.24,24,701,0.9181,11,3,1,2107.81,3367.05,0,10,0.4849,6,2,0,0,1,0,0,1
CH-002169,CH-C01721,2025-04-03,39,12555.94,179555.09,36,643,0.5201,49,1,0,1542.46,5127.71,0,150,0.6832,2,11,0,0,0,0,0,1
CH-002291,CH-C00873,2025-04-03,55,7078.06,33855.96,12,574,0.5547,340,6,0,1105.16,5414.98,0,245,0.3861,4,27,1,0,0,0,1,0
CH-002327,CH-C00458,2025-04-03,55,6347.6,21768.75,24,483,0.5377,180,0,0,2506.01,11944.66,0,218,0.2241,4,17,1,0,0,0,1,0
CH-002463,CH-C01365,2025-04-03,41,11709.08,174129.73,24,655,0.721,153,0,0,1186.33,7895.05,0,251,0.3794,10,2,0,0,0,0,0,1
CH-000014,CH-C01360,2025-04-04,58,11535.98,49284.3,48,812,0.4998,131,3,1,4739.48,28941.89,1,193,0.5909,3,9,0,0,1,0,1,0
CH-000655,CH-C00409,2025-04-04,47,6822.85,37943.59,36,712,0.212,138,0,0,392.53,11653.42,1,160,0.3856,9,17,0,0,1,0,1,0
CH-001158,CH-C01379,2025-04-04,57,6217.62,54957.5,36,668,0.4751,69,0,0,1427.24,12558.1,0,84,0.7799,6,5,0,0,0,0,0,1
CH-001366,CH-C00120,2025-04-04,51,11833.6,127867.79,24,694,0.831,213,1,1,4505.62,6464.88,1,150,0.1657,3,12,0,1,0,1,0,0
CH-001574,CH-C01064,2025-04-04,48,10046.02,200435.08,60,608,0.6104,292,0,0,2791.78,2264.46,1,13,0.5706,1,7,0,1,0,0,1,0
CH-001767,CH-C00374,2025-04-04,49,2500,51147.02,24,602,1.056,83,0,1,508.83,6378.53,0,178,0.4853,4,2,0,1,0,0,1,0
CH-001801,CH-C01949,2025-04-04,53,6990.53,46770.7,48,703,0.4766,31,2,0,2357.53,,1,0,0.2609,12,6,0,1,0,1,0,0
CH-002226,CH-C00682,2025-04-04,50,13776.03,125275.3,24,692,0.8013,101,0,0,5819.11,13624.02,1,35,0.3968,0,1,0,0,0,1,0,0
CH-002228,CH-C02015,2025-04-04,26,3284.52,65371.7,24,518,1.2,71,1,0,1217.67,3159.7,0,58,0.5648,1,1,1,0,0,1,0,0
CH-002325,CH-C01336,2025-04-04,49,31006.6,350000,36,651,0.6324,,1,0,9885.32,25079.58,1,23,0.0735,12,19,0,0,0,0,1,0
CH-000242,CH-C01525,2025-04-05,59,5421.35,25955.58,24,660,0.6244,321,0,0,2303.53,3821.0,1,224,0.1371,5,4,0,0,0,0,1,0
CH-000399,CH-C00003,2025-04-05,40,5337.64,116703.66,60,662,0.7587,69,0,0,2104.77,7859.93,1,134,0.1936,0,2,0,0,0,0,1,0
CH-000883,CH-C01324,2025-04-05,21,9008.94,30343.68,36,751,0.1151,30,0,0,193.71,15350.68,1,31,0.2183,9,0,0,0,0,1,0,0
CH-001084,CH-C01377,2025-04-05,27,16158.23,195478.29,36,595,0.4171,49,0,0,1309.39,14949.89,1,75,0.6511,11,8,1,0,0,0,1,0
CH-001184,CH-C00254,2025-04-05,41,20039.24,350000,60,850,0.546,164,2,0,5108.78,1468.23,0,117,0.2386,9,16,1,0,0,0,1,0
CH-001487,CH-C00410,2025-04-05,33,4900.53,52307.72,12,577,1.163,94,0,0,1340.11,2901.86,1,160,0.4146,3,8,1,0,0,0,1,0
CH-002114,CH-C00338,2025-04-05,46,15871.36,56093.05,12,723,0.6449,283,0,1,5560.75,17948.14,1,199,0.4572,6,26,0,1,0,1,0,0
CH-002203,CH-C00427,2025-04-05,34,10107.98,45300.1,60,690,0.1033,82,0,0,289.26,27976.92,0,90,0.215,1,13,0,0,1,0,0,1
CH-002482,CH-C01670,2025-04-05,44,10142.58,86889.29,12,742,1.0971,234,2,0,3887.12,3122.49,0,93,0.2293,0,1,0,1,0,0,1,0
CH-000088,CH-C02020,2025-04-06,33,7117.12,49258.83,60,562,0.3148,94,0,0,1419.65,5314.23,1,49,0.5063,0,6,0,0,1,0,1,0
CH-000546,CH-C00159,2025-04-06,61,5269.51,67868.14,12,850,1.493,291,1,1,2211.96,2004.51,0,62,0.4775,9,28,0,0,0,0,0,1
CH-000643,CH-C00131,2025-04-06,23,27988.87,350000,24,565,0.9313,14,3,0,11482.67,5481.67,1,37,0.2414,4,2,0,0,1,1,0,0
CH-001131,CH-C01482,2025-04-06,36,7158.64,147901.59,12,740,2.1707,28,4,0,3213.83,66481.6,1,97,0.4789,12,6,0,0,1,0,1,0
CH-001595,CH-C01389,2025-04-06,21,6207.58,55261.48,48,622,0.303,17,1,0,729.48,8631.32,1,11,0.464,7,1,0,0,0,1,0,0
CH-001726,CH-C01939,2025-04-06,64,11710.4,214666.66,48,746,0.456,217,0,0,868.26,21440.54,1,56,0.1739,2,3,1,0,0,0,1,0
CH-000094,CH-C01329,2025-04-07,25,5156.58,53667.96,12,685,1.0559,0,2,0,972.62,17742.78,1,14,0.4739,0,0,1,0,0,0,1,0
CH-000373,CH-C00646,2025-04-07,46,8938.29,111390.7,48,826,0.2706,84,0,0,98.15,2212.54,1,68,0.4044,2,21,0,0,1,0,1,0
CH-000374,CH-C00773,2025-04-07,51,6819.53,96456.5,12,850,1.3193,53,0,1,958.63,3884.23,1,181,0.3815,1,33,0,1,0,0,1,0
CH-001135,CH-C00057,2025-04-07,26,4563.57,33223.25,36,571,0.5772,57,2,1,1711.33,11106.0,1,4,0.4343,2,7,0,1,0,1,0,0
CH-001318,CH-C00214,2025-04-07,30,12816.79,264753.85,48,646,0.7034,69,0,0,3500.14,55371.09,1,52,0.6141,9,4,0,0,0,0,1,0
CH-001388,CH-C01755,2025-04-07,34,6179.16,112936.78,36,630,0.5681,122,2,0,373.18,5724.95,1,70,0.2657,11,0,1,0,0,1,0,0
CH-001731,CH-C00935,2025-04-07,23,15648.94,339380.25,60,685,0.7892,26,0,0,6694.03,11514.78,0,4,0.356,10,5,1,0,0,0,1,0
CH-002200,CH-C00108,2025-04-07,31,6398.51,99445.82,48,681,0.7769,139,0,2,2899.44,28386.91,1,43,0.4488,6,2,0,1,0,0,1,0
CH-002230,CH-C00797,2025-04-07,47,9172.97,50698.6,36,781,0.2477,117,0,0,864.24,3673.82,0,176,0.55,5,17,0,0,1,0,1,0
CH-002346,CH-C00454,2025-04-07,49,5473.82,101054.59,12,650,1.6089,314,1,0,385.73,9766.91,0,282,0.3995,10,17,0,0,1,0,1,0
CH-000045,CH-C01734,2025-04-08,27,8384.33,133507.78,60,688,0.7211,65,4,0,3821.05,1711.42,1,32,0.1361,11,7,0,1,0,0,1,0
CH-000049,CH-C00819,2025-04-08,63,5124.36,111288.67,36,537,0.7214,320,2,0,605.23,362.67,0,349,0.6527,0,13,0,0,0,1,0,0
CH-000487,CH-C00519,2025-04-08,45,3888.51,15833.02,12,602,0.7012,127,0,1,1407.24,17392.94,0,286,0.5962,3,22,0,0,0,0,0,1
CH-000490,CH-C00718,2025-04-08,52,6990.03,105035.28,12,568,1.3145,4,0,1,435.14,,0,198,0.4195,10,27,1,0,0,0,1,0
CH-000566,CH-C01969,2025-04-08,61,7019.93,120347.29,12,,1.8712,10,2,0,3106.5,,1,216,0.4229,11,26,0,0,0,0,1,0
CH-000639,CH-C00025,2025-04-08,38,7823.85,133893.78,60,839,0.4106,166,5,0,980.84,4605.33,1,131,0.041,5,20,0,0,1,0,1,0
CH-001045,CH-C00462,2025-04-08,24,15800.87,220610.69,48,572,0.5222,71,1,0,3654.68,12126.29,1,20,0.4139,6,0,1,0,0,0,1,0
CH-001321,CH-C01211,2025-04-08,34,11885.52,189966.12,36,665,0.5181,130,0,1,880.61,6436.34,1,0,0.7403,4,0,0,1,0,0,1,0
CH-001591,CH-C00827,2025-04-08,35,7308.44,133125.94,36,772,0.8028,170,5,0,2169.18,16074.13,1,116,0.571,7,5,0,1,0,0,1,0
CH-001990,CH-C00957,2025-04-08,59,9437.09,114079.98,48,690,0.4512,38,0,0,1881.77,9641.34,0,145,0.5516,10,32,0,0,0,0,1,0
CH-002356,CH-C01002,2025-04-08,29,9550.8,159761.44,60,652,0.3806,131,1,0,972.3,15040.5,1,97,0.2756,6,11,0,0,1,0,1,0
CH-002384,CH-C00330,2025-04-08,52,6184.77,60493.82,24,611,0.5316,49,2,0,767.4,4239.4,1,74,0.6175,6,24,0,0,0,0,1,0
CH-000548,CH-C01499,2025-04-09,56,7396.71,71725.24,60,714,0.465,58,0,1,2243.96,3603.45,1,294,0.5435,8,21,0,1,0,0,1,0
CH-000731,CH-C00503,2025-04-09,54,6680.46,113902.09,12,626,1.5156,357,1,0,633.29,1610.65,1,113,0.3109,6,30,0,0,0,0,1,0
CH-001086,CH-C01419,2025-04-09,36,11920.03,220716.05,12,761,1.8412,55,0,0,3554.1,13282.77,0,197,0.3525,0,7,1,0,0,0,0,1
CH-001145,CH-C00738,2025-04-09,31,6391.85,120668.47,24,599,1.1133,27,0,0,2088.13,5246.48,1,31,0.1088,11,9,1,0,0,0,1,0
CH-001160,CH-C01751,2025-04-09,52,6635.83,113082.76,60,526,0.5495,318,1,0,1761.58,139.6,0,377,0.6593,1,0,0,1,0,0,1,0
CH-001176,CH-C00294,2025-04-09,47,15362.5,196087.12,36,832,0.6161,231,2,0,4018.14,55.98,1,233,0.5677,4,25,0,1,0,0,1,0
CH-001386,CH-C01742,2025-04-09,43,6563.35,22713.67,48,561,0.3475,107,1,0,1807.36,1161.13,0,16,0.4189,6,5,0,0,0,0,0,1
CH-001417,CH-C00921,2025-04-09,35,5370.59,74796.01,12,693,1.4731,56,4,0,1678.5,6969.07,0,6,0.4469,2,14,0,1,0,0,0,1
CH-001984,CH-C01068,2025-04-09,37,8092.31,95251.56,48,592,0.413,7,1,0,1357.87,3108.52,1,38,0.615,8,17,0,0,0,0,1,0
CH-002315,CH-C00005,2025-04-09,43,8468.27,131163.98,24,617,0.9806,158,1,2,2838.97,6618.85,1,80,0.3628,10,7,1,0,0,0,1,0
CH-000122,CH-C00046,2025-04-10,35,8209.82,56846.69,48,850,0.4535,73,1,0,2538.47,647.83,0,22,0.2812,5,1,0,0,1,1,0,0
CH-000294,CH-C01888,2025-04-10,63,9270.77,47908.64,48,633,0.3263,234,0,0,2026.89,11155.51,0,162,0.1041,5,21,0,0,0,0,0,1
CH-001337,CH-C01552,2025-04-10,41,7107.34,130918.95,60,625,0.5314,194,4,0,1595.01,2972.22,1,83,0.135,2,19,0,0,1,0,1,0
CH-001913,CH-C00585,2025-04-10,56,12215.85,172739.14,60,633,0.3837,198,1,0,1808.57,10630.74,1,157,0.4733,7,35,1,0,0,0,1,0
CH-002079,CH-C01966,2025-04-10,32,5922.65,51374.33,24,633,0.8126,83,1,0,2671.89,3829.32,1,96,0.1249,2,14,0,0,0,0,1,0
CH-002297,CH-C02087,2025-04-10,32,11207.0,41519.17,60,659,0.5156,18,2,0,5086.77,1861.72,1,151,0.4697,0,2,0,0,0,0,1,0
CH-000008,CH-C00703,2025-04-11,33,12577.54,264375.95,36,655,1.0198,152,0,0,5482.86,16679.38,1,102,0.1411,6,6,0,1,0,0,1,0
CH-000196,CH-C00897,2025-04-11,59,10326.22,84912.87,60,545,0.1866,267,0,0,512.14,13642.42,1,179,0.5104,5,12,0,0,0,0,1,0
CH-000464,CH-C00408,2025-04-11,34,7729.73,94990.27,12,634,1.2619,10,1,1,1838.22,34375.91,1,97,0.5708,0,16,0,0,1,0,1,0
CH-000518,CH-C00424,2025-04-11,23,3442.3,67092.32,48,818,0.6194,8,1,1,734.34,2548.17,1,1,0.2918,11,4,0,0,1,0,1,0
CH-000523,CH-C00692,2025-04-11,63,13596.42,231142.98,36,563,0.8286,179,0,0,4844.82,17292.13,1,100,0.8919,0,32,0,0,1,0,1,0
CH-000888,CH-C01237,2025-04-11,39,17334.45,174676.96,48,609,0.3707,171,0,0,2787.24,2540.03,1,166,0.0937,3,4,0,1,0,0,1,0
CH-001262,CH-C00556,2025-04-11,60,16114.73,313341.66,12,572,1.8258,107,0,0,3310.48,56947.07,0,390,0.6037,2,13,0,1,0,1,0,0
CH-001271,CH-C00673,2025-04-11,62,7028.01,81007.12,60,662,0.6046,204,1,0,2898.72,,1,1,0.2817,7,23,0,0,0,0,1,0
CH-001290,CH-C00417,2025-04-11,37,4825.23,29470.09,36,710,0.1948,93,0,1,121.55,12602.68,1,27,0.4047,7,7,0,1,0,0,1,0
CH-001403,CH-C01623,2025-04-11,26,13953.39,190004.73,48,568,0.5397,87,1,0,3572.78,33198.38,1,5,0.7577,12,1,1,0,0,0,1,0
CH-001407,CH-C00552,2025-04-11,26,5405.19,103616.98,24,635,1.1765,81,1,0,2041.96,43855.43,1,24,0.4558,12,8,0,0,1,0,1,0
CH-001739,CH-C01025,2025-04-11,42,9644.29,81809.77,36,754,0.3125,118,4,0,741.29,113690.94,1,203,0.3413,12,24,1,0,0,1,0,0
CH-002117,CH-C01821,2025-04-11,35,9895.67,92344.92,48,683,0.3628,56,0,0,1666.07,9707.31,1,46,0.7724,8,14,1,0,0,0,1,0
CH-002495,CH-C01257,2025-04-11,56,18824.92,155790.56,60,633,0.3301,325,1,0,3616.77,12958.81,0,120,0.5777,1,32,0,0,0,0,1,0
CH-000231,CH-C00168,2025-04-12,40,7797.6,46951.17,60,656,0.292,192,0,0,1494.53,9579.4,1,235,0.6536,11,7,0,0,0,0,1,0
CH-000349,CH-C00154,2025-04-12,56,5124.38,48082.02,36,731,0.6797,304,1,0,2147.62,10319.91,1,395,0.126,5,11,0,1,0,1,0,0
CH-000582,CH-C00473,2025-04-12,42,7559.29,86697.17,48,850,0.4064,159,2,0,1266.25,8570.74,1,177,0.6211,9,4,1,0,0,0,1,0
CH-001023,CH-C01320,2025-04-12,31,16753.32,292661.87,12,684,1.8903,79,1,0,7279.96,180932.59,1,77,0.3419,4,9,0,0,1,0,1,0
CH-001249,CH-C00154,2025-04-12,56,5990.24,107484.37,36,670,0.6843,87,1,1,1113.25,1893.74,1,303,0.0395,10,1,0,1,0,1,0,0
CH-001443,CH-C01541,2025-04-12,29,5387.98,84019.24,36,757,0.4754,55,0,0,227.67,8031.51,1,28,0.2211,12,8,0,1,0,0,1,0
CH-001864,CH-C01794,2025-04-12,39,23900.88,158307.44,12,726,0.6167,64,2,1,1547.66,35052.29,0,160,0.776,6,9,1,0,0,1,0,0
CH-001883,CH-C01483,2025-04-12,59,9452.43,120645.05,48,755,0.4807,253,3,1,2030.7,38831.87,1,388,0.0723,3,32,0,0,1,0,1,0
CH-001962,CH-C00434,2025-04-12,58,7732.87,49193.75,36,536,0.2499,38,2,0,565.75,122.74,0,126,0.315,10,19,0,1,0,0,1,0
CH-002448,CH-C01931,2025-04-12,60,7060.55,88889.78,12,709,1.3966,247,4,0,2453.27,1412.86,0,229,0.5313,5,16,0,1,0,0,1,0
CH-002481,CH-C01191,2025-04-12,30,18557.9,298704.47,36,759,0.8476,41,0,0,7432.81,30310.34,1,5,0.2471,7,0,1,0,0,1,0,0
CH-000170,CH-C00488,2025-04-13,45,8344.32,77711.16,12,683,1.1733,174,0,0,3314.8,16882.16,0,321,0.4236,11,20,0,0,1,0,1,0
CH-000222,CH-C01816,2025-04-13,40,3298.37,11922.78,48,511,0.2188,19,2,0,473.36,4317.13,1,192,0.418,5,21,0,1,0,0,1,0
CH-000580,CH-C00836,2025-04-13,45,13989.76,215505.29,24,558,0.9686,179,3,0,4570.5,8081.39,1,153,0.319,11,20,0,1,0,1,0,0
CH-000657,CH-C00155,2025-04-13,21,13687.09,176283.29,36,523,0.6196,15,1,0,3584.1,36497.7,1,16,0.2997,6,3,0,0,1,0,1,0
CH-000661,CH-C00868,2025-04-14,49,14044.06,273253.28,24,750,0.9575,261,0,0,2062.13,50758.12,1,299,0.4932,10,8,0,1,0,1,0,0
CH-000793,CH-C00232,2025-04-14,38,11275.5,116488.2,48,556,0.6524,223,1,0,4928.96,2497.22,0,224,0.8626,1,14,0,1,0,0,1,0
CH-001011,CH-C01539,2025-04-14,26,13494.8,203095.2,60,601,0.3154,,2,0,871.19,12453.39,0,35,0.2914,10,3,1,0,0,1,0,0
CH-001031,CH-C00406,2025-04-14,36,5043.59,87684.84,12,736,1.8126,215,2,0,1835.1,19915.56,1,205,0.429,3,16,0,0,0,0,0,1
CH-001485,CH-C01868,2025-04-14,33,6250.84,99845.13,36,628,0.6695,36,1,0,1411.29,13016.29,1,144,0.1167,10,14,0,0,0,0,1,0
CH-001817,CH-C01810,2025-04-14,38,8270.11,25685.81,36,667,0.4584,99,0,2,3077.3,3302.0,1,56,0.4919,6,3,0,0,0,1,0,0
CH-000099,CH-C01626,2025-04-15,63,3298.99,52317.02,36,610,0.4952,265,3,0,180.36,6276.02,0,263,0.3869,12,31,0,0,1,0,0,1
CH-000635,CH-C00443,2025-04-15,52,10131.12,128570.05,48,691,0.3797,272,0,0,1168.21,286.76,1,386,0.3295,5,29,0,0,1,0,1,0
CH-000764,CH-C01079,2025-04-15,41,4353.46,92413.72,12,584,1.8894,197,0,0,524.3,7744.67,1,67,0.5937,2,8,0,0,0,0,1,0
CH-000817,CH-C01812,2025-04-15,32,2592.38,24869.79,60,600,0.3583,55,0,1,514.47,4381.37,1,164,0.6531,0,13,0,0,0,0,1,0
CH-001255,CH-C01655,2025-04-15,62,5552.71,41899.47,48,707,0.5979,65,0,1,2447.24,24346.35,1,11,0.6556,5,32,0,0,1,0,1,0
CH-001530,CH-C01367,2025-04-15,27,9422.6,190060.55,24,,1.047,68,0,0,1946.24,7706.5,1,48,0.3062,0,2,1,0,0,0,1,0
CH-001531,CH-C01474,2025-04-15,26,16186.74,320328.59,36,581,0.957,42,2,0,6592.71,25454.1,1,8,0.5315,1,1,0,0,1,0,0,1
CH-002014,CH-C00406,2025-04-15,36,6689.28,41666.02,24,,0.5393,45,1,0,1871.24,7435.53,0,185,0.3202,5,12,0,0,0,0,0,1
CH-002161,CH-C00047,2025-04-15,61,8918.94,114319.1,24,616,1.0017,288,4,1,4171.25,32211.81,1,234,0.535,11,30,0,0,0,0,1,0
CH-002493,CH-C00390,2025-04-15,52,4593.39,98830.42,24,714,1.1213,293,1,0,1032.69,32146.62,1,181,0.2693,10,16,1,0,0,1,0,0
CH-000093,CH-C00649,2025-04-16,50,4629.94,35346.49,60,603,0.4236,129,2,0,1371.98,24292.84,1,121,0.0781,9,7,1,0,0,0,1,0
CH-000419,CH-C01131,2025-04-16,41,8707.0,187209.42,12,,2.0258,5,0,0,2037.76,5643.15,1,192,0.1709,8,3,0,1,0,1,0,0
CH-000477,CH-C01310,2025-04-16,41,13824.64,99744.66,48,662,0.6115,258,3,0,6376.11,16748.81,1,11,0.3824,10,16,0,0,0,0,1,0
CH-000894,CH-C01078,2025-04-16,44,8265.53,139107.76,60,565,0.5758,105,2,1,2441.07,5813.72,1,34,0.2242,4,6,0,1,0,0,1,0
CH-001181,CH-C01877,2025-04-16,54,23466.3,350000,24,500,0.7617,,4,0,3291.35,81318.19,0,331,0.6828,5,19,0,0,0,0,1,0
CH-001470,CH-C00992,2025-04-16,52,19476.56,350000,48,711,0.6869,288,3,0,6086.59,41504.44,0,42,0.5034,1,22,0,0,1,0,0,1
CH-001679,CH-C00719,2025-04-16,38,11520.05,36140.77,36,674,0.4734,185,4,0,4449.11,12185.69,1,239,0.277,10,2,0,0,1,1,0,0
CH-000280,CH-C00912,2025-04-17,46,7725.17,56171.18,36,633,0.5336,261,3,0,2562.11,7818.26,1,159,0.3942,9,20,0,0,0,1,0,0
CH-000376,CH-C00734,2025-04-17,24,7448.81,64494.66,12,668,1.127,55,0,0,3020.4,1195.0,1,1,0.1953,5,3,1,0,0,0,0,1
CH-000869,CH-C01685,2025-04-17,50,11657.72,133701.68,24,734,0.5988,88,2,0,1409.39,68824.9,1,157,0.7845,1,2,1,0,0,0,1,0
CH-001200,CH-C00803,2025-04-17,37,6484.46,129768.7,60,777,0.4264,69,7,0,602.39,23680.52,1,135,0.1474,4,1,0,0,0,0,1,0
CH-001422,CH-C00303,2025-04-17,50,8896.3,52976.35,24,703,0.5544,162,2,0,2724.42,1020.74,1,288,0.5547,9,7,1,0,0,1,0,0
CH-001899,CH-C00196,2025-04-17,58,5695.69,60037.32,24,728,0.6048,276,0,0,943.15,6708.2,1,42,0.5936,11,23,0,0,1,0,1,0
CH-002205,CH-C01435,2025-04-17,23,12761.71,154408.14,12,688,1.0913,8,2,0,1059.47,88759.66,1,26,0.7203,2,4,1,0,0,0,1,0
CH-000481,CH-C01223,2025-04-18,40,6203.81,114367.59,12,708,1.922,255,0,0,2392.91,1381.43,1,183,0.248,4,5,0,1,0,0,1,0
CH-000600,CH-C01433,2025-04-18,29,5999.51,33383.86,24,663,0.5392,119,0,0,1843.98,31361.05,0,57,0.2041,9,10,0,1,0,0,0,1
CH-001539,CH-C00833,2025-04-18,62,9249.25,94049.3,24,828,0.7888,239,1,0,3377.18,66874.88,1,193,0.6898,9,1,0,1,0,0,1,0
CH-001734,CH-C02011,2025-04-18,43,8413.46,106011.18,60,731,0.3354,229,0,0,1054.97,,0,233,0.3894,5,1,0,0,0,0,0,1
CH-001869,CH-C02053,2025-04-18,30,9156.06,121071.03,48,710,0.6986,79,2,0,3873.89,14017.96,1,56,0.1091,1,12,0,0,0,0,1,0
CH-000023,CH-C01168,2025-04-19,61,8749.73,177789.85,36,580,0.5841,71,1,0,172.23,8561.03,1,325,0.4357,11,28,0,1,0,0,0,1
CH-000173,CH-C00425,2025-04-19,51,8376.56,151133.84,12,649,1.5613,305,3,1,483.48,11931.39,1,362,0.4019,3,10,0,0,0,1,0,0
CH-000333,CH-C02083,2025-04-19,29,5994.26,128563.03,24,704,1.0137,104,1,0,719.53,6864.23,0,12,0.2705,0,0,0,0,0,0,0,1
CH-000485,CH-C00663,2025-04-19,27,21565.12,350000,36,695,0.8935,76,1,0,9546.87,86188.32,1,69,0.6641,10,2,1,0,0,0,1,0
CH-000609,CH-C01263,2025-04-19,35,9150.24,78815.06,48,691,0.5897,128,1,0,3753.9,15463.24,1,85,0.1396,4,16,0,1,0,1,0,0
CH-000988,CH-C01194,2025-04-19,23,9253.21,130232.48,12,610,1.5731,27,2,0,3703.29,22188.65,1,14,0.1766,9,1,0,0,0,0,1,0
CH-001377,CH-C01853,2025-04-19,51,11700.29,86072.3,24,575,0.3667,180,3,1,704.46,13953.11,1,49,0.6853,0,33,0,0,1,0,1,0
CH-001561,CH-C00345,2025-04-19,34,37450.5,350000,48,644,0.4291,49,0,0,8779.4,2046.88,0,147,0.2984,5,12,1,0,0,1,0,0
CH-001777,CH-C01095,2025-04-19,35,4344.44,68470.33,36,725,0.5939,63,1,0,678.15,984.88,1,107,0.8362,2,14,0,1,0,0,1,0
CH-002023,CH-C01826,2025-04-19,28,21454.94,350000,48,626,0.7499,87,3,1,8797.49,,1,101,0.3787,11,2,0,1,0,1,0,0
CH-002171,CH-C00968,2025-04-19,29,12618.52,244018.29,24,673,1.1344,115,0,0,4147.31,43964.46,0,94,0.5109,6,2,0,0,1,0,1,0
CH-002191,CH-C01571,2025-04-19,29,9548.56,130362.18,12,626,1.3568,118,1,0,2091.55,86658.84,1,3,0.8301,8,0,0,0,0,0,1,0
CH-002400,CH-C00631,2025-04-19,32,3893.33,53674.33,48,590,0.3909,64,0,0,403.6,1696.95,1,130,0.2102,7,6,0,0,0,1,0,0
CH-000010,CH-C01531,2025-04-20,21,10435.06,132385.33,24,674,0.8566,27,5,0,3422.79,4775.33,1,33,0.4802,4,3,0,0,1,0,1,0
CH-000322,CH-C00779,2025-04-20,45,12238.44,252211.79,60,611,0.4017,104,2,0,712.09,30272.67,1,204,0.519,3,15,0,1,0,0,1,0
CH-000687,CH-C01735,2025-04-20,53,12800.12,129489.43,12,645,1.049,187,1,0,2636.27,10461.88,1,300,0.5165,0,16,0,0,1,1,0,0
CH-001139,CH-C00326,2025-04-20,23,11374.05,225784.85,36,636,0.8911,32,1,0,3863.29,1075.19,1,4,0.3983,6,2,0,0,1,1,0,0
CH-001171,CH-C01993,2025-04-20,48,13871.66,78910.2,36,786,0.5416,100,0,0,5320.6,39045.13,1,342,0.7516,4,30,0,1,0,0,1,0
CH-001190,CH-C01815,2025-04-20,39,14033.86,266732.85,48,628,0.6384,,7,0,3401.71,3383.74,0,31,0.1583,6,3,0,0,1,0,0,1
CH-001193,CH-C00795,2025-04-20,29,7273.01,22104.89,60,615,0.3602,13,2,0,2251.03,6291.01,1,42,0.6236,6,3,1,0,0,0,1,0
CH-001196,CH-C00941,2025-04-20,50,5647.6,22214.42,60,665,0.4559,330,1,0,2204.57,4432.27,1,218,0.1758,3,26,0,1,0,0,1,0
CH-001334,CH-C01519,2025-04-20,58,5750.55,117679.89,12,658,2.1751,221,0,1,2701.4,1458.09,0,183,0.5733,3,11,0,1,0,0,0,1
CH-001916,CH-C01898,2025-04-20,41,8465.89,153205.81,48,561,0.4896,,0,0,952.88,11606.64,1,19,0.2192,1,23,0,1,0,0,1,0
CH-001998,CH-C00038,2025-04-20,62,6696.74,55093.28,36,598,0.5949,260,0,0,2453.41,1988.46,1,143,0.3542,11,14,1,0,0,0,0,1
CH-002199,CH-C00150,2025-04-20,63,4776.06,73488.61,36,677,0.4818,155,3,0,259.65,20836.75,1,338,0.7692,10,28,1,0,0,0,1,0
CH-002323,CH-C00713,2025-04-20,57,8193.42,177677.71,60,726,0.4513,46,2,0,736.74,35188.09,1,85,0.5852,2,15,0,0,0,1,0,0
CH-000162,CH-C01851,2025-04-21,37,8398.18,129651.75,24,577,0.7243,95,0,1,680.54,17538.86,0,186,0.2049,12,12,0,0,0,1,0,0
CH-000273,CH-C01623,2025-04-21,26,14597.66,111876.45,24,621,0.3709,5,1,0,752.89,3344.88,1,20,0.2141,2,8,1,0,0,0,1,0
CH-000286,CH-C00529,2025-04-21,59,9397.14,168205.44,12,687,1.95,131,0,0,4307.03,2102.2,1,37,0.8413,7,33,0,0,0,0,1,0
CH-001162,CH-C01581,2025-04-21,61,7937.82,166458.83,24,830,1.2857,355,6,0,3269.96,6969.27,0,198,0.2385,8,17,0,0,0,1,0,0
CH-001474,CH-C00006,2025-04-21,31,5194.36,107652.92,48,656,0.5914,75,1,0,828.93,16776.99,1,58,0.2652,4,13,0,0,0,0,1,0
CH-002045,CH-C01744,2025-04-21,44,9569.41,127553.03,60,533,0.5296,55,4,1,2941.82,1843.44,1,175,0.3873,5,18,0,0,0,1,0,0
CH-002407,CH-C01494,2025-04-21,48,20097.62,224090.26,48,602,0.6161,42,3,0,7713.47,76640.08,0,264,0.3319,2,14,0,0,1,0,1,0
CH-002484,CH-C00268,2025-04-21,44,7558.68,91047.07,12,649,1.4458,122,0,1,3341.4,10793.43,1,87,0.4121,1,11,0,0,0,0,1,0
CH-000019,CH-C00918,2025-04-22,45,5840.57,36811.13,12,685,0.9345,116,1,0,2390.55,471.32,0,219,0.2544,9,16,1,0,0,0,1,0
CH-000145,CH-C00845,2025-04-22,38,5947.84,123448.39,24,566,1.2766,24,1,0,2449.29,9845.31,1,207,0.3251,5,10,0,0,0,0,1,0
CH-000151,CH-C00490,2025-04-22,34,7188.58,64165.1,36,681,0.6343,158,0,0,2777.2,34370.52,0,16,0.2181,3,4,0,1,0,0,0,1
CH-000352,CH-C01297,2025-04-22,27,5146.03,51091.29,36,614,0.4165,52,3,0,724.0,3738.31,1,40,0.1812,11,5,0,1,0,0,1,0
CH-000434,CH-C00070,2025-04-22,48,10195.73,87474.15,48,572,0.2817,297,0,0,1049.34,34181.88,1,184,0.6124,6,6,1,0,0,0,1,0
CH-000463,CH-C00432,2025-04-22,64,18566.59,339320.18,48,695,0.8128,72,0,0,8022.26,4318.64,1,377,0.3614,11,16,0,0,0,0,1,0
CH-000796,CH-C01122,2025-04-22,37,4455.07,83454.64,36,685,0.7258,123,0,0,915.52,13899.17,1,222,0.6862,5,12,0,1,0,0,0,1
CH-000823,CH-C00083,2025-04-22,64,14839.9,86118.46,24,787,0.3657,265,1,1,1838.29,5495.22,1,252,0.1809,3,16,0,1,0,0,1,0
CH-000275,CH-C00265,2025-04-23,51,4464.34,52573.02,48,850,0.3134,19,0,0,303.95,14083.23,1,11,0.3284,3,5,0,1,0,1,0,0
CH-000303,CH-C00416,2025-04-23,22,4033.69,27547.88,48,559,0.512,5,2,0,1491.2,29812.17,1,45,0.1414,2,2,0,0,0,0,1,0
CH-000370,CH-C01430,2025-04-23,22,9096.44,41960.21,24,659,0.6344,3,0,0,4022.17,8453.39,1,6,0.0688,3,2,0,0,1,1,0,0
CH-000437,CH-C00527,2025-04-23,35,3020.2,43203.47,60,555,0.3798,82,2,0,426.89,5396.36,1,19,0.6089,9,6,1,0,0,1,0,0
CH-000645,CH-C01791,2025-04-23,24,14195.02,101311.45,60,666,0.4469,6,1,0,4655.44,46115.9,1,55,0.5874,3,0,0,1,0,1,0,0
CH-000872,CH-C00029,2025-04-23,22,8617.55,124150.48,36,689,0.7186,34,0,0,2744.0,965.18,0,29,0.2878,10,4,0,1,0,0,0,1
CH-000895,CH-C01211,2025-04-23,34,10418.98,72434.06,24,634,0.6781,185,2,0,4047.14,245.55,1,164,0.6806,11,7,0,1,0,0,1,0
CH-001012,CH-C01024,2025-04-23,55,7956.48,86157.2,12,762,0.9495,178,1,0,374.63,21140.61,1,369,0.2047,12,24,1,0,0,0,1,0
CH-001061,CH-C00680,2025-04-23,44,4387.41,78707.73,36,687,0.5807,12,0,1,361.42,22659.09,1,44,0.4254,6,9,0,0,0,0,1,0
CH-001618,CH-C00785,2025-04-23,33,6512.79,86233.81,36,718,0.6599,126,0,0,1902.09,3940.04,1,17,0.7625,6,8,1,0,0,1,0,0
CH-001831,CH-C00119,2025-04-23,57,3951.85,65416.83,48,610,0.8126,117,2,0,1848.44,11977.58,0,258,0.3372,3,0,0,0,0,1,0,0
CH-002032,CH-C00560,2025-04-23,25,4699.09,21066.29,12,733,0.4312,22,1,0,270.8,505.47,1,70,0.8153,10,2,0,0,1,0,1,0
CH-002196,CH-C01925,2025-04-23,24,18839.43,153031.52,24,673,0.6335,34,5,0,5559.35,11300.21,1,43,0.14,6,6,0,0,1,0,1,0
CH-002247,CH-C01873,2025-04-23,49,15263.1,95493.13,24,604,0.4083,84,0,0,2253.52,4237.76,1,187,0.5566,3,4,0,0,0,0,1,0
CH-000054,CH-C01858,2025-04-24,35,9387.74,193151.57,12,609,1.8856,31,3,0,1605.9,10829.63,1,84,0.1771,5,11,0,0,0,0,1,0
CH-000271,CH-C01714,2025-04-24,49,12116.63,202298.28,36,664,0.7947,190,1,0,4010.26,38944.3,0,87,0.6673,0,30,0,0,1,0,0,1
CH-000665,CH-C01526,2025-04-24,37,19967.38,293178.22,60,723,0.5117,221,1,0,5330.39,1095.75,1,103,0.6214,4,1,0,0,1,0,1,0
CH-000720,CH-C01032,2025-04-24,39,9177.08,39248.09,36,749,0.5134,176,0,0,3621.2,10881.15,0,250,0.6735,11,14,0,0,0,0,0,1
CH-001152,CH-C01801,2025-04-24,59,10144.55,200125.88,24,750,1.2107,96,1,0,3943.06,16289.61,1,25,0.0164,8,27,0,0,1,0,1,0
CH-001615,CH-C00724,2025-04-24,46,5022.52,92219.1,48,705,0.7505,320,0,0,1848.02,2569.73,0,270,0.325,1,28,0,1,0,0,1,0
CH-001690,CH-C00256,2025-04-24,49,10398.89,117729.07,48,552,0.6781,294,0,2,4599.17,,1,345,0.3208,2,9,1,0,0,0,1,0
CH-001917,CH-C00254,2025-04-24,41,25065.43,204106.71,36,803,0.3517,196,1,0,3146.62,36369.91,1,71,0.4968,11,21,1,0,0,0,1,0
CH-000536,CH-C01281,2025-04-25,54,5989.58,58707.57,12,620,1.2011,221,1,0,2301.64,21621.31,0,21,0.3596,11,34,0,0,0,1,0,0
CH-001137,CH-C01370,2025-04-25,57,7096.03,78306.55,60,619,0.4959,101,0,0,2213.99,172.04,0,272,0.2835,5,4,0,0,0,0,0,1
CH-001185,CH-C00521,2025-04-25,29,5895.3,76159.08,60,656,0.3425,117,1,0,749.98,18202.91,1,25,0.1506,4,1,0,0,0,0,1,0
CH-001354,CH-C01465,2025-04-25,41,18631.32,60035.44,60,624,0.3906,200,0,0,6277.37,17621.37,1,62,0.6743,5,6,0,0,1,0,0,1
CH-001365,CH-C01949,2025-04-25,53,8369.39,154458.22,36,666,0.689,144,2,0,1476.37,,1,139,0.2324,4,10,0,1,0,1,0,0
CH-001369,CH-C00139,2025-04-25,26,17653.0,350000,48,688,0.6797,13,1,0,4706.5,1880.62,1,21,0.067,2,0,0,1,0,0,1,0
CH-001416,CH-C00679,2025-04-25,34,3697.63,19554.0,36,654,0.4217,191,1,0,1015.99,2781.04,0,26,0.8311,7,3,1,0,0,0,0,1
CH-001634,CH-C00608,2025-04-25,58,12201.24,176267.57,36,754,0.8331,250,0,0,5268.32,,1,269,0.3471,11,3,0,1,0,0,1,0
CH-002043,CH-C00447,2025-04-25,38,6941.7,111394.92,24,736,0.9236,18,1,0,1770.02,14977.47,1,140,0.5164,11,14,1,0,0,0,1,0
CH-002140,CH-C00434,2025-04-25,58,7076.33,104494.24,12,550,1.4181,36,1,0,1327.15,10449.49,1,248,0.4325,7,10,0,1,0,0,1,0
CH-000845,CH-C02047,2025-04-26,48,13386.14,104709.57,12,553,1.023,203,0,0,4968.61,123981.07,0,217,0.3298,10,10,0,0,0,0,0,1
CH-001090,CH-C00965,2025-04-26,59,8380.51,114677.85,60,704,0.5049,29,0,0,2319.85,8748.52,1,310,0.2064,12,12,0,0,1,1,0,0
CH-001221,CH-C00844,2025-04-26,21,6124.42,118694.61,24,665,0.921,30,1,0,694.94,30295.68,1,34,0.3094,2,0,1,0,0,0,1,0
CH-001696,CH-C00722,2025-04-26,50,11197.38,209099.87,12,617,1.8418,170,3,0,3197.92,14128.97,1,76,0.2858,3,18,0,0,1,0,1,0
CH-001713,CH-C01398,2025-04-26,29,13020.14,193744.3,48,672,0.6475,111,0,0,4394.5,45669.43,0,130,0.717,3,3,1,0,0,1,0,0
CH-002031,CH-C00680,2025-04-26,44,6206.26,90557.35,24,728,0.8895,3,1,0,1747.44,42843.39,1,181,0.5136,7,15,0,0,0,0,1,0
CH-002130,CH-C00137,2025-04-26,59,5266.28,73272.07,48,761,0.4004,138,0,0,582.07,,1,418,0.357,6,31,0,1,0,1,0,0
CH-002190,CH-C01659,2025-04-26,38,7594.35,150919.57,60,613,0.4152,132,0,0,637.66,323.26,1,98,0.6603,6,13,0,1,0,1,0,0
CH-000128,CH-C01238,2025-04-27,64,11776.25,180518.56,36,816,0.5746,336,1,0,1752.54,81374.82,0,71,0.2182,6,5,1,0,0,0,0,1
CH-000229,CH-C01538,2025-04-27,55,19858.19,168195.69,12,652,0.7278,354,3,0,436.39,16991.55,0,203,0.5229,3,13,0,1,0,1,0,0
CH-000557,CH-C00780,2025-04-27,49,4850.9,18047.78,36,701,0.51,102,2,0,1972.68,11830.39,1,177,0.3364,12,25,0,1,0,0,0,1
CH-000591,CH-C00274,2025-04-27,61,7694.01,163727.31,48,503,0.9008,284,0,0,3519.6,36797.08,0,201,0.5349,11,23,0,1,0,0,1,0
CH-000728,CH-C01447,2025-04-27,39,3542.6,56870.61,36,624,0.7348,18,1,0,1023.41,6532.65,0,80,0.3929,8,3,1,0,0,0,1,0
CH-001335,CH-C01293,2025-04-27,28,29945.02,177467.69,48,683,0.5601,19,5,0,13076.43,55777.7,0,98,0.5617,4,0,0,0,1,0,1,0
CH-001355,CH-C02067,2025-04-27,21,9594.28,91801.81,12,690,1.0251,12,1,0,2184.51,8056.31,1,19,0.3251,5,1,0,1,0,0,1,0
CH-002223,CH-C00506,2025-04-27,35,4104.96,59988.45,12,627,1.4344,184,0,0,889.26,27537.11,1,7,0.3577,3,5,0,0,0,1,0,0
CH-002259,CH-C01554,2025-04-27,26,7617.75,42665.05,48,775,0.4532,27,1,0,2563.39,29754.43,1,35,0.5187,9,6,1,0,0,0,1,0
CH-000126,CH-C00783,2025-04-28,28,9296.01,196812.71,36,553,0.8714,43,1,0,2633.15,,1,46,0.3031,4,3,0,1,0,0,1,0
CH-000158,CH-C00096,2025-04-28,46,8078.85,98293.57,12,655,1.374,300,0,0,2909.53,15759.89,1,299,0.2501,1,28,0,0,1,1,0,0
CH-000318,CH-C02005,2025-04-28,35,15951.12,160557.98,48,578,0.3226,150,0,0,1800.58,46938.34,1,145,0.1497,8,9,0,0,0,1,0,0
CH-000319,CH-C00438,2025-04-28,26,14355.62,95823.29,24,660,0.4316,81,10,0,2203.77,21980.15,1,53,0.0841,2,4,0,0,0,1,0,0
CH-000423,CH-C00200,2025-04-28,25,12888.1,270948.51,48,758,0.7332,37,0,0,3804.9,4410.05,1,27,0.5452,8,6,0,1,0,0,1,0
CH-001009,CH-C02032,2025-04-28,38,12229.15,210034.37,60,694,0.4909,128,0,0,2502.45,,0,96,0.4757,3,4,0,0,1,1,0,0
CH-001157,CH-C01124,2025-04-28,37,14091.41,304967.51,36,587,0.8335,194,1,0,3273.57,43115.6,1,50,0.4411,11,4,0,1,0,0,1,0
CH-001438,CH-C01643,2025-04-28,32,14919.36,153317.09,48,,0.4617,166,4,0,3694.29,7779.53,0,83,0.5031,8,10,0,0,0,1,0,0
CH-001714,CH-C01734,2025-04-28,27,8902.71,121688.58,12,582,1.308,44,3,0,1503.92,11151.26,0,55,0.5001,8,8,0,1,0,0,1,0
CH-001959,CH-C00210,2025-04-28,62,9679.12,194228.02,24,684,1.024,153,0,0,1818.74,5587.93,1,117,0.5121,6,32,0,1,0,0,1,0
CH-002406,CH-C00857,2025-04-28,22,9093.6,123118.44,60,568,0.6414,25,2,0,3780.89,54023.57,0,29,0.6195,2,4,1,0,0,0,1,0
CH-002415,CH-C01747,2025-04-28,30,4413.26,49893.97,12,812,1.0604,70,1,0,522.18,54.47,1,43,0.5704,11,11,0,0,1,1,0,0
CH-002449,CH-C00218,2025-04-28,43,7312.0,73062.01,48,795,0.2617,146,1,0,391.23,11921.23,1,235,0.6261,10,18,0,0,0,0,1,0
CH-000051,CH-C00882,2025-04-29,21,4333.06,87460.75,60,727,0.6252,33,3,0,1251.54,31411.99,1,30,0.1556,8,3,0,0,1,0,1,0
CH-000110,CH-C01738,2025-04-29,35,13390.95,94059.74,24,628,0.4005,8,3,0,1444.24,9308.06,1,135,0.4835,11,0,0,0,1,0,1,0
CH-000247,CH-C02093,2025-04-29,36,2500,38207.57,36,758,0.6294,71,2,0,512.17,3233.18,1,93,0.8991,4,11,0,1,0,0,1,0
CH-000338,CH-C00015,2025-04-29,38,6759.48,49980.49,48,733,0.5314,180,0,0,2550.64,24334.86,1,238,0.4292,12,4,0,1,0,0,1,0
CH-000359,CH-C01306,2025-04-29,23,15053.2,175402.39,24,659,0.6934,1,2,0,3129.31,18497.87,1,60,0.6906,0,1,0,1,0,0,1,0
CH-000459,CH-C00360,2025-04-29,22,5456.77,119450.34,12,514,1.9438,11,1,0,652.89,5490.07,1,18,0.4482,12,0,0,0,1,0,1,0
CH-000572,CH-C00423,2025-04-29,39,22133.21,147645.73,48,690,0.4396,183,2,0,6653.98,12963.65,0,208,0.2976,7,14,0,1,0,0,0,1
CH-001222,CH-C01924,2025-04-29,46,4747.69,94488.78,12,683,1.8252,175,0,0,791.32,6068.85,1,32,0.175,8,25,0,0,1,1,0,0
CH-001264,CH-C01377,2025-04-29,27,18316.41,350000,60,656,0.5028,66,1,0,3376.6,30683.15,1,42,0.5395,3,2,1,0,0,0,1,0
CH-001353,CH-C00659,2025-04-29,39,6723.5,42341.01,24,724,0.5343,228,0,0,1828.18,366.29,1,74,0.3146,5,2,0,1,0,0,1,0
CH-001647,CH-C00015,2025-04-29,38,4406.63,31843.39,48,715,0.2272,153,0,1,337.91,11153.17,1,135,0.3581,2,6,0,1,0,0,1,0
CH-001840,CH-C00355,2025-04-29,42,12620.4,165886.95,48,630,0.4068,175,10,0,1678.55,10189.53,1,190,0.2931,12,15,0,1,0,1,0,0
CH-002451,CH-C00342,2025-04-29,39,6126.6,54516.04,36,680,0.4574,8,2,1,1288.26,3790.44,1,62,0.8284,2,8,0,1,0,1,0,0
CH-000329,CH-C00733,2025-04-30,57,11665.61,158357.18,60,762,0.5236,340,1,0,3469.13,68768.02,1,65,0.2445,7,5,1,0,0,0,1,0
CH-000421,CH-C01266,2025-04-30,62,9520.7,138662.14,12,592,1.6255,250,1,0,3921.07,4897.43,1,251,0.97,7,10,1,0,0,1,0,0
CH-000680,CH-C00692,2025-04-30,63,14771.38,167345.56,48,515,0.3076,154,2,0,1056.98,53220.2,1,145,0.0383,6,16,0,0,1,0,1,0
CH-001607,CH-C01448,2025-04-30,36,8793.69,129072.51,36,645,0.5523,206,0,0,1271.42,11831.03,0,121,0.1356,7,17,0,0,0,0,0,1
CH-002076,CH-C01616,2025-04-30,30,6824.86,82273.8,48,572,0.7159,135,0,0,3172.1,15310.57,1,91,0.2058,2,3,0,0,0,0,1,0
CH-000067,CH-C01214,2025-05-01,53,33454.77,350000,12,545,1.0591,354,0,0,6266.63,39543.06,1,302,0.4712,8,29,0,0,1,0,1,0
CH-000267,CH-C01230,2025-05-01,41,10837.09,92781.62,48,726,0.6265,179,1,0,4856.47,8787.96,1,136,0.8684,4,13,0,0,1,0,1,0
CH-000745,CH-C00557,2025-05-01,22,10768.65,117711.86,48,698,0.6554,43,0,0,4605.56,14398.16,1,12,0.7915,2,4,0,0,0,0,1,0
CH-001225,CH-C01613,2025-05-01,29,4327.79,23500.19,36,583,0.3263,63,0,0,759.4,,1,26,0.6649,12,5,0,0,0,0,1,0
CH-001269,CH-C01341,2025-05-01,29,6119.43,112977.91,48,746,0.6029,121,2,0,1335.45,5368.88,0,38,0.3141,7,9,0,0,0,0,1,0
CH-001307,CH-C00557,2025-05-01,22,9611.5,56409.65,36,627,0.4923,24,0,1,3164.94,35335.56,1,28,0.4052,9,2,0,0,0,0,1,0
CH-001681,CH-C01276,2025-05-01,39,3418.53,41962.45,24,618,0.8085,87,1,0,1015.4,9268.81,0,223,0.4907,10,1,0,1,0,1,0,0
CH-000736,CH-C01704,2025-05-02,45,3223.38,59435.78,48,610,0.6825,304,0,0,961.72,8177.09,1,110,0.7103,8,16,0,1,0,0,1,0
CH-001563,CH-C00394,2025-05-02,58,5535.33,43989.55,24,635,0.7303,324,0,0,2209.74,13960.45,0,189,0.2835,3,30,0,0,1,0,0,1
CH-001589,CH-C01320,2025-05-02,31,20965.56,350000,60,,0.3606,112,0,0,1725.93,3795.08,1,54,0.6095,5,5,0,0,1,0,1,0
CH-002069,CH-C01262,2025-05-02,48,6087.9,109214.36,12,689,1.5591,303,1,0,390.29,,1,189,0.5392,2,17,0,1,0,0,1,0
CH-002263,CH-C01546,2025-05-02,40,3567.87,39331.1,12,613,1.1944,59,1,0,983.79,282.19,0,94,0.4969,1,12,0,0,1,0,1,0
CH-000233,CH-C00429,2025-05-03,36,13723.47,122456.5,36,595,0.5263,6,4,0,3821.48,9585.28,1,62,0.3869,3,15,1,0,0,0,1,0
CH-001007,CH-C01246,2025-05-03,42,6259.9,42918.11,60,654,0.1287,161,0,0,90.05,19391.91,1,203,0.6178,11,5,0,1,0,0,1,0
CH-001199,CH-C00156,2025-05-03,35,5504.07,23721.55,12,517,0.5596,147,0,0,1103.4,1574.43,0,178,0.5842,3,15,0,1,0,0,0,1
CH-001286,CH-C00638,2025-05-03,54,5529.43,63582.87,60,748,0.4032,,0,0,1169.81,13765.29,0,19,0.2124,12,28,0,0,0,0,0,1
CH-001551,CH-C01909,2025-05-03,63,11800.67,75909.47,60,670,0.5622,48,0,0,5368.86,50817.55,1,385,0.1657,0,1,0,0,1,0,1,0
CH-001752,CH-C01888,2025-05-03,63,10893.02,170073.33,24,695,1.1191,192,0,0,5103.63,12261.8,0,323,0.309,8,25,0,0,0,0,0,1
CH-001788,CH-C01130,2025-05-03,22,14282.84,135562.87,12,545,0.9428,2,2,0,2169.14,7995.82,1,19,0.2709,6,1,0,0,0,0,1,0
CH-002420,CH-C02056,2025-05-03,44,8418.23,175541.72,24,487,0.9772,268,2,0,911.98,17915.26,1,267,0.7473,12,13,0,0,1,1,0,0
CH-000358,CH-C00125,2025-05-04,64,14484.99,52053.61,60,641,0.2939,12,1,1,3389.63,10973.75,1,113,0.239,4,10,0,0,1,1,0,0
CH-000675,CH-C01958,2025-05-04,44,7410.27,109106.64,60,692,0.5271,267,1,0,2087.6,29189.24,0,236,0.0989,10,2,0,0,1,0,1,0
CH-001629,CH-C01378,2025-05-04,50,2962.96,61303.4,24,646,1.0311,6,0,0,500.94,418.99,0,120,0.1513,11,14,0,0,1,0,0,1
CH-001918,CH-C01239,2025-05-04,56,3907.58,53784.47,24,666,0.5953,286,3,0,85.13,9334.3,1,262,0.6378,8,17,0,0,0,1,0,0
CH-001957,CH-C00555,2025-05-04,27,6172.31,126652.86,60,633,0.6322,83,0,0,1791.31,3524.14,1,67,0.5462,2,8,1,0,0,0,1,0
CH-002201,CH-C01902,2025-05-04,46,10498.4,47522.42,12,801,0.6429,224,1,0,2789.32,1210.35,1,305,0.1355,2,14,1,0,0,1,0,0
CH-002328,CH-C00537,2025-05-04,55,7080.23,41870.9,12,680,0.8845,15,0,1,2773.04,1157.66,1,301,0.3789,3,27,0,0,0,0,1,0
CH-000072,CH-C00384,2025-05-05,41,20213.67,258794.73,60,795,0.5696,10,0,0,7201.02,140537.38,0,270,0.1167,9,14,0,1,0,0,0,1
CH-000160,CH-C01179,2025-05-05,21,15473.99,251401.15,12,598,1.732,6,0,0,5851.27,5960.95,1,27,0.7352,9,1,1,0,0,0,1,0
CH-000361,CH-C00545,2025-05-05,27,6350.53,93191.78,60,710,0.5427,25,0,0,1893.1,35200.82,1,73,0.3573,6,4,0,0,0,1,0,0
CH-000476,CH-C01685,2025-05-05,50,10367.49,79830.6,48,,0.2594,258,0,0,1026.46,17865.1,1,306,0.9079,6,0,1,0,0,0,1,0
CH-001115,CH-C00306,2025-05-05,54,8572.75,87876.82,36,724,0.6699,276,0,0,3301.53,24080.46,0,105,0.5587,1,30,0,1,0,0,1,0
CH-001174,CH-C00536,2025-05-05,29,5679.24,69331.1,60,733,0.228,120,0,0,139.14,3487.11,1,62,0.5998,3,0,0,0,1,0,1,0
CH-001688,CH-C00179,2025-05-05,26,5592.51,57110.66,12,657,1.1735,35,1,0,1803.59,9418.07,0,62,0.0946,7,7,0,1,0,1,0,0
CH-002022,CH-C00665,2025-05-05,26,8124.1,99422.61,12,,1.3322,91,1,0,2537.91,11099.12,0,11,0.1549,11,5,0,0,0,1,0,0
CH-002367,CH-C00565,2025-05-05,49,10772.45,127559.14,12,640,1.306,344,3,2,3439.15,40214.87,1,3,0.2904,4,19,0,0,0,0,1,0
CH-002421,CH-C01251,2025-05-05,55,6004.26,100052.31,12,643,1.6454,289,2,0,1541.51,7988.46,0,165,0.0981,2,3,0,0,0,0,1,0
CH-000395,CH-C00494,2025-05-06,36,8532.83,45253.02,24,599,0.6425,55,0,0,3596.4,3212.55,1,98,0.1216,7,5,0,1,0,1,0,0
CH-000563,CH-C00595,2025-05-06,46,30321.03,345754.81,48,658,0.4527,135,1,0,6521.73,78708.3,1,2,0.6896,2,3,0,1,0,0,1,0
CH-001192,CH-C00048,2025-05-06,58,7281.9,90305.52,48,597,0.3132,118,1,0,399.44,5620.85,1,311,0.2424,2,0,0,0,1,1,0,0
CH-001613,CH-C00415,2025-05-06,44,6292.5,23456.42,48,690,0.455,7,4,0,2374.34,7.04,1,106,0.5668,9,18,0,0,0,0,1,0
CH-001944,CH-C01257,2025-05-06,56,18266.94,122996.92,60,603,0.1553,52,0,0,787.82,70828.3,0,388,0.3949,1,23,0,0,0,0,1,0
CH-002019,CH-C01150,2025-05-06,29,14962.45,297651.49,24,658,0.9761,35,0,0,2203.36,49701.64,1,111,0.5668,6,7,0,0,0,0,1,0
CH-002154,CH-C01508,2025-05-06,32,4396.25,73593.5,12,638,1.4532,76,0,0,255.64,9710.63,0,31,0.5054,8,3,0,1,0,0,1,0
CH-002187,CH-C02060,2025-05-06,38,18656.09,197510.87,48,720,0.3285,175,1,0,2014.27,93888.03,1,5,0.362,2,14,0,1,0,0,1,0
CH-000080,CH-C02012,2025-05-07,32,5023.7,43039.61,12,628,1.1419,137,1,1,2149.94,16460.96,1,78,0.1574,7,8,0,0,0,0,1,0
CH-000185,CH-C02053,2025-05-07,30,10317.33,169068.62,48,760,0.5891,64,0,1,2556.17,13432.27,1,42,0.3165,11,11,0,0,0,0,1,0
CH-000718,CH-C01340,2025-05-07,44,24558.46,350000,36,796,0.5985,261,0,0,4977.06,40817.98,1,310,0.2816,6,25,0,1,0,0,1,0
CH-000807,CH-C00375,2025-05-07,40,4756.71,75944.6,60,656,0.5627,186,0,0,1410.79,8923.26,1,116,0.649,4,6,0,0,0,0,1,0
CH-000910,CH-C00613,2025-05-07,38,12339.63,126647.43,24,753,0.6993,98,1,0,3352.07,5756.83,1,216,0.2257,5,11,1,0,0,0,1,0
CH-001345,CH-C00178,2025-05-07,32,37969.16,198057.3,24,535,0.3126,134,1,0,3617.59,,0,118,0.139,12,11,0,1,0,0,0,1
CH-001458,CH-C01839,2025-05-07,25,9928.14,118308.36,24,710,0.8995,54,2,0,4001.31,19778.8,1,35,0.5459,10,6,0,1,0,1,0,0
CH-001623,CH-C01787,2025-05-07,24,5270.44,30115.97,48,542,0.1985,69,1,0,418.55,1834.98,1,6,0.7625,2,6,0,0,1,1,0,0
CH-001683,CH-C00658,2025-05-07,62,5006.1,42973.98,12,540,1.1108,33,1,0,1979.73,17536.52,0,271,0.5133,0,33,0,1,0,0,1,0
CH-000510,CH-C01642,2025-05-08,29,4793.98,15580.53,36,758,0.2317,26,1,0,678.07,17772.85,1,23,0.5422,1,3,0,1,0,0,1,0
CH-000616,CH-C01224,2025-05-08,53,21298.83,350000,60,572,0.67,232,0,0,8436.51,69615.11,0,402,0.3099,5,3,0,1,0,0,1,0
CH-000625,CH-C00399,2025-05-08,24,12539.74,114907.25,24,743,0.831,53,0,0,5632.78,4122.93,1,42,0.5691,1,2,1,0,0,1,0,0
CH-000634,CH-C02004,2025-05-08,37,3142.02,13446.55,12,647,0.397,32,1,0,126.96,7198.37,1,113,0.2111,9,16,0,1,0,0,1,0
CH-002401,CH-C00102,2025-05-08,49,6219.85,65795.29,24,557,0.467,318,1,0,163.3,1695.88,1,58,0.6023,3,8,0,0,1,0,1,0
CH-000326,CH-C00766,2025-05-09,35,4490.5,63997.87,12,558,1.6208,124,0,0,1945.04,18525.24,1,48,0.4295,0,16,0,0,0,0,1,0
CH-000480,CH-C00848,2025-05-09,38,9610.39,65314.89,60,661,0.5374,10,1,1,4075.87,5772.36,1,25,0.0675,6,20,0,1,0,1,0,0
CH-000618,CH-C01749,2025-05-09,42,6191.24,108881.43,24,639,0.8617,208,0,0,798.33,14233.92,0,208,0.7211,11,3,0,0,0,0,0,1
CH-001583,CH-C00473,2025-05-09,42,10001.06,212794.68,60,850,0.6423,71,0,0,2877.05,6408.15,1,147,0.5355,10,4,1,0,0,0,1,0
CH-001820,CH-C02087,2025-05-09,32,9114.61,93176.44,48,614,0.4788,16,3,0,2423.19,552.03,1,13,0.7933,1,12,0,0,0,0,1,0
CH-001904,CH-C00133,2025-05-09,35,9165.86,186881.11,36,580,0.9887,153,1,1,3870.97,2314.7,1,136,0.8012,2,8,0,0,1,0,1,0
CH-001299,CH-C01811,2025-05-10,38,3665.5,73157.56,48,679,0.497,,1,0,297.6,6488.39,0,237,0.2423,3,8,0,1,0,1,0,0
CH-001555,CH-C00099,2025-05-10,24,17700.68,337242.41,60,604,0.3575,51,2,0,707.76,8362.62,1,25,0.6006,10,6,0,0,1,1,0,0
CH-001692,CH-C00014,2025-05-10,29,10034.12,155697.67,12,704,1.4871,96,1,0,1946.71,40976.75,0,50,0.866,7,7,0,1,0,0,0,1
CH-001711,CH-C01169,2025-05-10,55,8009.93,120499.12,48,673,0.683,241,4,0,2959.99,35008.58,1,244,0.7654,10,14,0,0,1,0,1,0
CH-002470,CH-C00281,2025-05-10,60,5516.34,118154.37,12,547,2.155,216,1,0,2041.44,554.18,1,276,0.5097,9,9,1,0,0,0,1,0
CH-000011,CH-C00510,2025-05-11,38,12896.47,119366.51,24,737,0.6519,207,0,1,3432.98,91.8,1,30,0.7126,12,7,0,1,0,0,1,0
CH-000254,CH-C00991,2025-05-11,42,7665.17,112597.68,48,765,0.4428,258,0,0,1048.17,6616.94,1,190,0.3361,2,6,0,1,0,0,1,0
CH-000348,CH-C01659,2025-05-11,38,7023.23,120690.37,36,716,0.759,195,0,0,1977.93,34217.61,1,184,0.269,10,10,0,1,0,1,0,0
CH-000637,CH-C01786,2025-05-11,52,9099.51,130311.53,12,699,1.5964,260,1,1,3666.98,7960.69,1,32,0.5199,3,23,0,1,0,0,1,0
CH-001021,CH-C01503,2025-05-11,61,4178.77,76056.15,24,633,0.7731,312,0,0,61.41,4978.07,1,194,0.2158,3,12,1,0,0,0,1,0
CH-001581,CH-C02080,2025-05-11,52,5514.43,79728.25,60,668,0.285,157,1,0,242.86,25081.36,1,78,0.6363,7,21,1,0,0,1,0,0
CH-001609,CH-C00605,2025-05-11,53,4056.96,27337.95,12,747,0.9964,53,0,0,1764.01,2402.24,1,310,0.6977,4,1,0,1,0,0,1,0
CH-001645,CH-C00091,2025-05-11,44,10084.18,137616.55,60,708,0.2872,205,1,0,602.67,96014.9,1,180,0.517,5,1,0,1,0,0,1,0
CH-001786,CH-C00160,2025-05-11,24,7574.33,147875.14,24,751,1.2752,67,0,1,3497.12,21603.68,1,25,0.5291,7,4,1,0,0,1,0,0
CH-001860,CH-C01125,2025-05-11,56,8504.04,63265.14,24,774,0.5861,43,2,0,2348.05,16482.73,1,37,0.5911,12,16,0,1,0,0,1,0
CH-002500,CH-C00572,2025-05-11,22,5872.97,99900.5,48,,0.7144,11,0,0,2114.59,5511.27,0,46,0.468,8,4,0,0,1,0,1,0
CH-000215,CH-C00265,2025-05-12,51,5814.07,58784.65,48,664,0.5151,273,2,0,1769.95,2660.91,1,206,0.2525,11,33,0,1,0,1,0,0
CH-000451,CH-C01270,2025-05-12,54,6468.79,102438.69,60,756,0.3886,337,0,0,806.33,898.69,1,275,0.4465,0,9,1,0,0,0,1,0
CH-000472,CH-C00489,2025-05-12,44,5263.85,108218.38,48,610,0.5781,185,0,0,788.39,39193.46,1,286,0.1757,12,11,0,0,1,0,0,1
CH-000898,CH-C01789,2025-05-12,21,14601.05,69754.6,24,729,0.4481,9,2,0,3636.81,723.32,0,14,0.6582,3,3,0,1,0,0,0,1
CH-000954,CH-C00246,2025-05-12,62,5309.22,97623.08,48,792,0.8334,279,0,0,2391.01,2078.21,1,302,0.3666,2,6,0,0,0,0,1,0
CH-001522,CH-C00292,2025-05-12,34,2500,27827.55,12,526,1.1953,186,0,0,669.18,9235.7,1,87,0.0603,3,4,0,1,0,0,1,0
CH-002037,CH-C00897,2025-05-12,59,11946.05,48451.26,36,632,0.2295,89,0,0,1396.06,69057.92,0,268,0.5306,7,31,0,0,0,0,1,0
CH-002476,CH-C00643,2025-05-12,33,5378.42,73542.06,36,754,0.5912,13,1,0,1137.08,3412.21,1,55,0.1187,2,11,0,0,0,1,0,0
CH-002479,CH-C01751,2025-05-12,52,6456.38,66952.26,24,541,0.5752,226,1,1,924.21,6067.16,0,81,0.2795,3,2,0,1,0,0,1,0
CH-000121,CH-C00726,2025-05-13,33,19251.56,165881.4,60,850,0.5009,90,1,1,6878.21,10810.26,0,101,0.2555,7,8,1,0,0,0,1,0
CH-000236,CH-C00862,2025-05-13,26,7158.12,103959.52,24,658,0.6758,33,2,0,506.11,3011.09,0,19,0.4845,10,6,0,0,1,0,0,1
CH-000756,CH-C00155,2025-05-13,21,13007.51,124575.79,24,494,0.6523,,2,0,3293.55,3486.5,1,6,0.6673,8,2,0,0,1,0,1,0
CH-001838,CH-C00623,2025-05-13,40,8305.05,83940.07,60,764,0.2983,45,0,0,1078.51,3908.9,1,24,0.2232,6,20,0,1,0,0,1,0
CH-001891,CH-C01348,2025-05-13,42,7117.83,72637.13,24,580,0.8495,130,0,0,3020.16,26068.56,0,238,0.3574,5,11,0,0,1,1,0,0
CH-000107,CH-C01543,2025-05-14,58,12274.93,205127.54,36,578,0.5421,160,2,0,955.92,56001.91,0,328,0.4332,7,4,1,0,0,0,1,0
CH-000324,CH-C00089,2025-05-14,51,7029.24,59176.96,24,455,0.7456,128,3,0,2774.96,34813.7,1,121,0.4141,6,0,1,0,0,1,0,0
CH-000627,CH-C00809,2025-05-14,52,10951.69,87166.34,60,744,0.5662,160,5,0,4748.56,19959.18,0,330,0.095,6,14,1,0,0,0,1,0
CH-000682,CH-C01727,2025-05-14,23,6429.23,75809.58,12,628,1.2058,37,0,0,1434.93,25679.56,1,26,0.7715,4,3,0,0,1,0,1,0
CH-000962,CH-C00665,2025-05-14,26,8093.84,111887.94,60,684,0.4722,92,0,0,1957.32,5107.03,1,94,0.8059,5,6,0,0,0,1,0,0
CH-001401,CH-C01431,2025-05-14,28,11816.43,38025.53,48,568,0.1976,54,0,0,1542.49,29468.33,1,28,0.4513,4,0,0,0,1,1,0,0
CH-001424,CH-C01809,2025-05-14,39,5726.78,83749.34,24,657,1.0546,70,1,0,2549.65,12516.72,1,164,0.2954,5,11,0,0,0,1,0,0
CH-001794,CH-C00225,2025-05-14,55,8118.33,148663.48,36,633,0.9546,,0,0,3620.45,6788.26,1,154,0.7468,4,4,0,1,0,1,0,0
CH-001908,CH-C01297,2025-05-14,27,5668.83,80057.32,60,625,0.301,75,1,0,371.82,6467.08,1,81,0.398,8,7,0,1,0,0,1,0
CH-002240,CH-C00629,2025-05-14,24,6015.42,131857.57,36,707,0.9832,26,0,0,2251.35,,1,11,0.1589,10,6,0,0,1,0,1,0
CH-002369,CH-C01338,2025-05-14,37,3429.76,13560.3,12,720,0.6119,100,1,0,968.49,290.09,1,89,0.3507,12,18,1,0,0,0,1,0
CH-002423,CH-C00506,2025-05-14,35,5217.19,39807.36,48,623,0.6012,92,4,0,2307.26,3639.22,1,148,0.4122,4,6,0,0,0,1,0,0
CH-000299,CH-C01681,2025-05-15,28,8519.27,160286.27,60,675,0.657,57,1,0,2925.52,5822.84,1,67,0.6051,0,0,0,0,0,0,1,0
CH-000602,CH-C00690,2025-05-15,45,12210.28,198881.8,24,576,1.0595,281,0,0,4650.59,34652.15,1,248,0.6243,3,27,0,0,0,0,1,0
CH-000877,CH-C00684,2025-05-15,32,14885.45,138679.44,60,581,0.5291,138,1,0,5564.96,2905.87,1,23,0.5536,3,3,0,0,0,0,1,0
CH-001604,CH-C00792,2025-05-15,48,14471.38,76597.41,24,681,0.4655,104,0,0,3544.73,22273.51,1,242,0.633,11,16,1,0,0,0,1,0
CH-002059,CH-C01193,2025-05-15,48,5488.79,84955.43,60,697,0.4405,287,2,0,1001.82,76.4,1,174,0.6413,12,0,0,0,1,1,0,0
CH-002179,CH-C00616,2025-05-15,48,3334.67,35036.7,60,661,0.2577,142,0,2,275.48,255.6,1,175,0.4839,1,11,0,0,0,0,1,0
CH-000037,CH-C00313,2025-05-16,27,7103.12,121527.64,24,631,1.0513,,1,0,2403.91,17654.54,0,33,0.1046,3,4,0,0,0,0,1,0
CH-000150,CH-C01079,2025-05-16,41,3460.79,31740.82,60,,0.4913,264,2,0,1171.37,9326.76,1,53,0.4201,10,2,0,0,0,0,1,0
CH-000350,CH-C01716,2025-05-16,49,7849.07,108629.53,24,661,0.7833,184,0,0,1621.99,81627.6,1,308,0.3595,10,21,0,0,0,0,1,0
CH-000576,CH-C00052,2025-05-16,47,13764.77,180543.43,12,675,1.1854,156,0,0,1270.99,54646.08,0,36,0.3573,7,22,0,1,0,1,0,0
CH-001464,CH-C00945,2025-05-16,37,8399.13,126621.06,12,700,1.3627,70,0,0,893.38,35399.84,1,148,0.3498,2,18,0,0,1,0,1,0
CH-001516,CH-C00340,2025-05-16,36,4719.84,55272.98,36,625,0.7612,142,3,0,2057.47,1011.74,1,136,0.4841,12,2,0,0,0,1,0,0
CH-001763,CH-C02078,2025-05-16,35,10700.18,63682.85,48,746,0.4895,152,0,1,3910.79,4670.77,1,172,0.0362,11,11,0,1,0,1,0,0
CH-002184,CH-C00265,2025-05-16,51,3662.6,22208.2,36,794,0.4052,359,5,0,867.26,9322.17,1,337,0.7275,0,15,0,1,0,1,0,0
CH-000858,CH-C00599,2025-05-17,29,5485.14,18542.4,60,621,0.2128,80,0,1,858.37,1987.69,0,88,0.4406,9,0,0,0,0,0,0,1
CH-001300,CH-C01491,2025-05-17,33,10845.1,126255.56,36,673,0.3637,99,0,0,437.57,4943.03,1,175,0.543,5,1,0,1,0,0,1,0
CH-001873,CH-C01433,2025-05-17,29,5272.01,35607.88,48,637,0.198,67,1,0,302.18,9972.96,1,54,0.7707,9,10,0,1,0,0,0,1
CH-001956,CH-C00586,2025-05-17,30,8591.46,43303.11,60,685,0.433,95,0,0,2998.41,5953.78,1,114,0.3248,10,3,0,1,0,1,0,0
CH-002387,CH-C00721,2025-05-17,43,10174.13,51648.19,48,669,0.3731,46,0,0,2719.85,18002.4,1,261,0.2249,7,1,1,0,0,0,1,0
CH-002411,CH-C00473,2025-05-17,42,9348.79,146896.34,60,783,0.5021,157,3,0,2245.5,5655.9,1,106,0.2989,8,4,1,0,0,0,1,0
CH-000321,CH-C00093,2025-05-18,36,13909.06,194942.76,48,700,0.7613,150,3,2,6527.29,69596.76,1,205,0.1275,1,12,0,0,0,0,1,0
CH-000650,CH-C00345,2025-05-18,34,30075.27,350000,12,705,1.129,90,1,0,4788.76,80197.86,1,11,0.2632,8,10,1,0,0,1,0,0
CH-001571,CH-C02016,2025-05-18,41,7555.41,57100.88,36,701,0.4732,271,1,0,1989.11,15994.91,1,167,0.5815,9,4,0,1,0,1,0,0
CH-002057,CH-C01597,2025-05-18,30,9064.91,40735.25,12,630,0.6531,41,8,0,2525.52,16086.43,0,117,0.119,0,1,0,0,1,0,0,1
CH-002342,CH-C01580,2025-05-18,52,6302.33,123960.81,36,721,0.7987,47,3,0,1590.26,8823.91,1,144,0.4535,10,0,0,0,0,0,1,0
CH-002403,CH-C01065,2025-05-18,62,16977.65,61487.08,36,589,0.421,176,1,0,5440.03,18085.84,0,161,0.3645,2,20,1,0,0,0,0,1
CH-000258,CH-C00887,2025-05-19,29,7028.62,44756.05,24,620,0.6613,12,3,2,2782.98,5869.81,1,123,0.2571,3,4,1,0,0,1,0,0
CH-000355,CH-C01496,2025-05-19,52,7958.23,128424.98,12,671,1.6179,74,0,1,2173.75,25305.34,1,45,0.4458,2,14,0,1,0,1,0,0
CH-000633,CH-C01862,2025-05-19,43,6718.69,65880.86,48,752,0.2985,295,1,0,633.29,6281.92,0,155,0.1241,12,19,0,1,0,0,0,1
CH-000795,CH-C00247,2025-05-19,31,12784.07,224387.38,24,668,1.0886,24,1,0,4567.74,58230.24,1,69,0.4358,11,5,0,1,0,0,1,0
CH-001107,CH-C00642,2025-05-19,63,19402.72,93871.86,12,630,0.6026,172,0,0,3870.09,1362.45,1,19,0.7995,2,27,0,0,0,1,0,0
CH-001201,CH-C00786,2025-05-19,59,5667.99,18429.25,60,843,0.3179,,1,0,1494.55,522.39,1,299,0.1416,4,7,0,0,0,0,1,0
CH-002324,CH-C02020,2025-05-19,33,7262.06,23952.2,48,639,0.4244,107,3,0,2582.81,8518.21,1,145,0.3038,4,6,0,0,1,0,1,0
CH-002441,CH-C01971,2025-05-19,44,13522.47,72769.57,60,498,0.1442,149,1,1,736.82,22779.76,1,7,0.7408,5,14,0,0,1,0,1,0
CH-000263,CH-C01294,2025-05-20,49,10084.19,218958.45,60,571,0.7995,322,0,0,4413.05,23904.75,1,193,0.7009,5,3,0,1,0,0,0,1
CH-000556,CH-C00966,2025-05-20,62,6152.94,33962.23,24,723,0.308,72,6,0,479.71,9663.13,0,361,0.3934,2,22,0,0,1,0,1,0
CH-000743,CH-C00440,2025-05-20,26,2758.49,23698.67,60,677,0.4139,55,4,0,746.73,3155.26,1,11,0.0753,12,1,0,0,1,1,0,0
CH-001964,CH-C00495,2025-05-20,56,6758.66,86105.41,36,715,0.7227,206,0,2,2492.48,23630.71,1,245,0.7915,8,12,0,0,0,0,1,0
CH-002046,CH-C00606,2025-05-20,35,7995.51,104029.23,24,550,0.7472,96,1,1,1639.71,6964.38,0,167,0.1333,7,12,0,0,0,0,1,0
CH-002258,CH-C01835,2025-05-20,21,7526.78,109346.93,60,610,0.489,19,0,0,1858.23,14567.13,1,16,0.2986,6,2,0,0,0,0,1,0
CH-000471,CH-C01393,2025-05-21,59,8212.18,91551.61,48,835,0.3123,134,0,0,657.02,15181.33,1,96,0.6262,4,16,1,0,0,1,0,0
CH-000908,CH-C00277,2025-05-21,36,8873.24,30523.58,48,,0.4154,,0,0,3050.04,40266.38,1,191,0.2771,5,16,0,0,0,1,0,0
CH-000953,CH-C01500,2025-05-21,27,4451.65,38726.96,36,784,0.6114,15,1,0,1645.93,29685.25,1,13,0.5774,3,9,1,0,0,0,1,0
CH-001274,CH-C01379,2025-05-21,57,6687.0,108556.99,48,615,0.4235,89,1,0,570.37,2923.78,0,272,0.5909,1,35,0,0,0,0,0,1
CH-001331,CH-C00374,2025-05-21,49,2500,47561.72,12,597,1.6646,265,1,0,197.98,10570.59,1,75,0.5272,8,22,0,1,0,0,1,0
CH-001597,CH-C01209,2025-05-21,46,4183.24,18772.83,60,746,0.4045,130,0,0,1379.11,3105.6,1,226,0.2079,11,15,0,0,0,0,1,0
CH-001871,CH-C01356,2025-05-21,21,9539.32,83778.88,12,696,0.8804,4,0,0,1416.59,9771.64,0,32,0.4882,7,1,0,1,0,0,0,1
CH-002009,CH-C00704,2025-05-21,27,11065.15,193769.91,24,783,0.8719,17,5,0,1573.77,15392.31,0,102,0.182,8,3,1,0,0,0,0,1
CH-002066,CH-C01577,2025-05-21,38,5634.65,49109.46,60,648,0.2276,44,1,0,463.94,20035.5,0,85,0.8623,11,3,0,0,0,0,1,0
CH-002131,CH-C01448,2025-05-21,36,8740.27,87913.22,60,711,0.2832,145,2,0,1009.89,477.04,0,190,0.3796,7,13,0,0,0,0,0,1
CH-000044,CH-C00511,2025-05-22,33,10998.26,174580.61,12,612,1.7093,139,4,0,4250.48,19388.84,1,12,0.8166,3,15,0,0,1,0,1,0
CH-000291,CH-C01730,2025-05-22,25,9472.31,120624.0,24,646,0.6819,21,0,0,1433.2,706.14,1,10,0.0249,4,4,1,0,0,1,0,0
CH-001553,CH-C00780,2025-05-22,49,5395.84,62452.77,60,718,0.316,313,1,1,664.12,4008.44,1,4,0.2442,5,19,0,1,0,0,0,1
CH-001579,CH-C00288,2025-05-22,33,6921.68,147752.87,12,595,2.0338,56,4,0,1764.53,18841.38,1,100,0.2744,7,4,0,0,0,0,1,0
CH-001665,CH-C00905,2025-05-22,50,16112.65,255213.67,24,641,0.835,14,1,1,2820.23,7625.47,1,247,0.256,10,15,0,0,0,0,1,0
CH-001920,CH-C01342,2025-05-22,60,6814.84,41292.7,24,629,0.7183,222,0,0,3174.28,16501.57,1,78,0.7308,4,13,0,1,0,0,1,0
CH-000071,CH-C01818,2025-05-23,61,23899.79,200430.94,60,592,0.1544,349,0,0,349.38,96024.16,1,131,0.4755,5,33,1,0,0,0,0,1
CH-000081,CH-C00886,2025-05-23,28,6680.09,106034.2,60,613,0.3271,82,1,0,418.03,23307.97,1,85,0.275,10,10,0,0,0,0,1,0
CH-000336,CH-C01250,2025-05-23,22,14990.3,168942.52,36,732,0.5056,45,0,0,2885.98,49922.13,1,48,0.5129,9,1,0,0,0,0,1,0
CH-000595,CH-C00173,2025-05-23,26,6285.18,81708.95,60,685,0.3052,95,2,0,556.48,1790.14,0,86,0.3959,4,3,0,0,1,0,1,0
CH-000820,CH-C01845,2025-05-23,21,4808.38,50344.31,24,773,0.4698,22,0,1,161.53,8661.6,1,2,0.5915,9,1,1,0,0,1,0,0
CH-001364,CH-C01300,2025-05-23,63,10626.48,45541.84,48,646,0.2605,328,1,0,1819.67,41978.18,1,322,0.4792,4,16,0,1,0,0,1,0
CH-001477,CH-C00509,2025-05-23,48,12149.94,196454.02,48,756,0.6693,203,1,0,4039.41,41113.16,1,335,0.4016,6,23,1,0,0,0,1,0
CH-001936,CH-C01098,2025-05-23,25,9761.69,202696.6,48,693,0.7651,30,2,0,3245.7,1728.25,0,42,0.1848,6,2,1,0,0,0,0,1
CH-001995,CH-C01101,2025-05-23,61,7890.87,74227.73,12,462,0.8942,119,3,0,870.39,412.09,1,256,0.5313,0,1,0,1,0,1,0,0
CH-002313,CH-C01176,2025-05-23,34,6661.71,54534.55,48,505,0.3648,126,1,0,1294.35,22552.14,1,54,0.2838,6,3,0,0,1,1,0,0
CH-000022,CH-C02092,2025-05-24,41,3466.33,29587.35,60,659,0.2859,31,1,0,497.85,917.54,1,142,0.0537,6,13,0,0,0,0,1,0
CH-000246,CH-C01939,2025-05-24,64,8289.5,76156.68,24,626,0.5916,67,1,0,1730.71,1209.77,1,344,0.5695,12,13,1,0,0,0,1,0
CH-000597,CH-C00843,2025-05-24,32,16312.02,200885.6,60,671,0.4202,7,2,0,3506.21,65286.64,1,23,0.7183,0,13,0,0,1,0,0,1
CH-000748,CH-C00710,2025-05-24,64,25923.94,310135.34,48,631,0.3623,39,0,0,2931.91,10314.77,1,385,0.4007,3,13,0,1,0,0,0,1
CH-000940,CH-C00318,2025-05-24,33,8172.01,47957.94,60,667,0.2912,141,0,1,1580.22,7676.34,1,150,0.8374,6,6,1,0,0,1,0,0
CH-000985,CH-C01644,2025-05-24,39,6732.39,21098.63,60,631,0.4477,244,2,1,2662.56,2902.01,1,62,0.2688,4,11,0,0,0,1,0,0
CH-001081,CH-C01485,2025-05-24,55,7999.43,130842.62,48,767,0.4123,47,1,1,572.14,1002.89,1,167,0.5731,12,3,0,0,0,0,1,0
CH-001117,CH-C00258,2025-05-24,52,2900.27,25186.0,12,759,1.028,8,0,1,882.59,34951.56,1,364,0.1774,2,10,0,1,0,0,1,0
CH-001392,CH-C01558,2025-05-24,31,4841.77,95173.79,60,445,0.4132,105,0,0,414.5,1050.29,1,18,0.2797,0,10,0,0,1,0,1,0
CH-001492,CH-C01885,2025-05-24,56,4222.71,19319.93,60,693,0.161,311,0,0,357.76,957.93,1,367,0.6395,2,16,1,0,0,0,1,0
CH-001823,CH-C00651,2025-05-24,33,13974.55,223387.42,36,655,0.4615,26,0,0,244.21,14986.91,1,131,0.7923,6,7,0,1,0,1,0,0
CH-001861,CH-C00441,2025-05-24,31,6115.75,111717.08,48,700,0.7672,119,1,0,2364.79,9421.27,1,150,0.7124,3,2,1,0,0,0,1,0
CH-002474,CH-C00413,2025-05-24,24,4661.38,22843.75,12,762,0.6545,19,0,0,1147.18,5055.73,1,26,0.6271,4,6,1,0,0,1,0,0
CH-000132,CH-C00101,2025-05-25,22,13932.57,152912.23,36,541,0.7443,11,2,0,6122.75,28.54,0,0,0.5283,8,2,0,1,0,0,0,1
CH-000774,CH-C00942,2025-05-25,39,16378.93,81089.06,24,738,0.6736,76,1,0,7653.77,43090.27,0,62,0.1825,2,12,1,0,0,0,1,0
CH-001151,CH-C01943,2025-05-25,29,6296.88,99826.91,12,613,1.3936,9,1,0,456.68,15735.29,1,109,0.356,1,3,0,1,0,0,1,0
CH-002113,CH-C02079,2025-05-25,54,8028.88,168096.19,12,,1.9085,207,2,1,1314.72,63574.17,1,404,0.3477,0,30,0,1,0,0,1,0
CH-002207,CH-C01582,2025-05-25,25,10489.19,79479.23,60,738,0.4577,30,2,0,3476.42,9015.39,1,15,0.2276,11,2,0,0,0,0,1,0
CH-002456,CH-C02016,2025-05-25,41,8634.14,154669.65,24,764,0.9133,4,0,0,1441.08,8731.74,0,235,0.6699,4,21,0,1,0,1,0,0
CH-000197,CH-C02051,2025-05-26,43,14667.72,231245.07,12,514,1.3918,208,1,0,1144.62,2194.47,0,72,0.6359,12,24,0,0,0,0,0,1
CH-000470,CH-C00958,2025-05-26,54,3662.9,22032.71,36,684,0.3697,209,2,0,742.14,26034.46,0,337,0.4628,11,31,0,1,0,1,0,0
CH-000593,CH-C00567,2025-05-26,44,6949.01,111277.45,12,561,1.4733,272,0,1,964.93,1848.76,1,38,0.3474,3,6,0,0,1,0,1,0
CH-000713,CH-C01338,2025-05-26,37,3049.95,57917.38,36,719,0.7513,181,0,0,682.58,11778.4,1,178,0.4169,10,19,1,0,0,0,1,0
CH-000893,CH-C00067,2025-05-26,50,20871.43,172670.93,12,756,0.7483,222,1,0,1228.67,2926.07,1,138,0.4932,9,5,1,0,0,0,1,0
CH-001169,CH-C01267,2025-05-26,22,13740.83,91762.86,12,531,0.7431,31,2,0,2564.12,480.26,0,33,0.8175,5,3,0,1,0,0,1,0
CH-001449,CH-C01921,2025-05-26,25,3350.64,43654.13,36,806,0.7298,59,0,2,1232.74,668.18,1,23,0.2791,11,5,0,0,1,0,1,0
CH-001451,CH-C00745,2025-05-26,43,4786.38,50500.33,12,,1.3382,160,2,0,2196.57,12207.25,1,280,0.7356,3,9,0,0,0,0,1,0
CH-001631,CH-C01279,2025-05-26,24,3458.25,72504.42,60,464,0.3921,0,0,0,147.51,5992.56,1,5,0.5621,9,3,0,0,0,0,1,0
CH-001791,CH-C02009,2025-05-26,35,7046.04,50770.2,12,714,0.7284,141,1,0,901.73,5458.69,0,6,0.5869,11,16,0,1,0,0,0,1
CH-001929,CH-C00918,2025-05-26,45,5786.08,30749.86,48,774,0.2813,313,0,0,987.16,1402.74,1,13,0.2411,1,0,1,0,0,0,1,0
CH-002145,CH-C00927,2025-05-26,39,4277.2,93367.76,60,733,0.4108,31,1,0,201.05,5626.13,1,162,0.591,3,7,0,1,0,0,1,0
CH-000095,CH-C00158,2025-05-27,61,5985.85,128806.94,24,603,1.1586,66,4,0,1568.43,29916.65,1,349,0.428,7,3,1,0,0,1,0,0
CH-000181,CH-C01190,2025-05-27,64,18125.79,219217.34,12,668,1.358,112,1,0,6347.41,13332.81,1,1,0.036,6,11,0,1,0,0,1,0
CH-000501,CH-C00846,2025-05-27,39,10211.83,200813.25,60,615,0.349,49,0,0,217.33,2853.15,1,107,0.6648,7,20,0,0,0,0,1,0
CH-001002,CH-C01245,2025-05-27,25,3148.69,22778.07,24,477,0.575,79,3,1,861.45,3587.24,1,0,0.358,0,0,1,0,0,0,1,0
CH-001008,CH-C01197,2025-05-27,60,5336.21,32412.64,48,834,0.1607,166,1,1,182.17,2929.74,1,386,0.2219,8,20,0,1,0,1,0,0
CH-001079,CH-C02057,2025-05-27,40,5462.39,117946.54,36,647,0.9725,119,0,0,2035.98,1880.58,0,110,0.2984,5,7,0,1,0,0,1,0
CH-001182,CH-C00681,2025-05-27,29,6252.41,42223.23,12,732,1.01,128,1,0,2796.21,5405.37,1,15,0.5898,0,3,0,0,1,0,0,1
CH-001347,CH-C01894,2025-05-27,64,5024.34,89131.05,36,607,0.7631,87,0,0,1358.37,15834.59,0,246,0.3134,6,26,0,0,1,0,1,0
CH-001478,CH-C01305,2025-05-27,25,4615.42,78285.63,36,574,0.8965,10,0,0,1963.01,16929.24,0,62,0.4151,8,2,0,0,0,0,1,0
CH-001569,CH-C00329,2025-05-27,61,10970.58,201153.45,48,,0.8093,242,0,0,4687.94,14133.6,1,47,0.5938,6,12,1,0,0,1,0,0
CH-001827,CH-C00006,2025-05-27,31,5570.8,43084.85,36,682,0.6802,83,2,0,2592.5,11688.56,1,126,0.8099,7,4,0,0,0,0,1,0
CH-001882,CH-C01289,2025-05-27,57,10689.59,221264.44,24,572,1.2386,332,0,1,4020.75,9712.71,1,70,0.3071,0,33,0,0,1,1,0,0
CH-002093,CH-C00318,2025-05-27,33,7796.92,76788.6,24,,0.6371,4,0,0,1768.21,15458.73,1,74,0.3934,5,5,1,0,0,1,0,0
CH-002372,CH-C00758,2025-05-27,41,10573.62,92876.25,60,,0.2788,174,2,0,1400.38,13950.52,1,186,0.6242,0,11,0,0,0,0,1,0
CH-002488,CH-C00854,2025-05-27,32,11113.8,190973.54,48,549,0.5943,73,0,0,2626.31,6720.68,1,159,0.3915,1,1,0,1,0,0,1,0
CH-000735,CH-C01495,2025-05-28,29,6482.81,59414.95,48,675,0.619,35,0,0,2775.33,6266.43,1,104,0.3037,0,9,1,0,0,0,1,0
CH-001004,CH-C01248,2025-05-28,59,12117.2,200411.21,12,772,1.5273,139,1,0,1806.11,34652.21,1,161,0.295,3,10,1,0,0,0,1,0
CH-001128,CH-C01439,2025-05-28,52,11671.83,252066.74,24,605,1.1948,102,1,0,3443.16,17289.41,0,385,0.5521,5,1,0,1,0,0,0,1
CH-001742,CH-C00861,2025-05-28,39,6962.29,151261.8,24,603,1.3508,152,0,0,3102.06,1154.8,1,13,0.1565,8,5,0,1,0,0,1,0
CH-001894,CH-C01198,2025-05-28,36,14120.42,105239.67,48,640,0.5824,120,1,0,6031.79,14017.58,1,179,0.182,8,7,0,0,1,1,0,0
CH-002424,CH-C00783,2025-05-28,28,8212.1,44659.43,36,586,0.4704,,0,1,2622.74,17785.29,1,1,0.5753,5,10,0,1,0,0,1,0
CH-000167,CH-C00350,2025-05-29,42,18272.88,350000,24,,1.2404,106,1,0,8081.87,7048.79,0,175,0.5891,12,0,0,1,0,0,1,0
CH-000288,CH-C00175,2025-05-29,28,7310.73,76584.06,60,758,0.371,104,0,0,1435.56,7170.72,0,91,0.3704,4,0,1,0,0,0,0,1
CH-000351,CH-C01535,2025-05-29,43,13974.78,302843.55,24,673,1.3384,111,0,0,6085.92,531.99,1,296,0.5344,4,3,1,0,0,0,1,0
CH-000379,CH-C00312,2025-05-29,22,3599.32,38101.24,36,723,0.6801,29,0,0,1389.39,19192.89,0,46,0.8275,1,0,0,0,1,0,0,1
CH-000776,CH-C01487,2025-05-29,30,11920.47,180186.91,12,681,1.6161,101,2,0,4248.56,24328.3,0,27,0.419,7,7,0,0,1,0,1,0
CH-000889,CH-C01623,2025-05-29,26,14391.4,247735.65,12,670,1.6896,35,0,0,3670.78,6391.63,1,11,0.2842,11,3,1,0,0,0,1,0
CH-001104,CH-C01072,2025-05-29,60,6300.19,22738.87,36,534,0.5017,9,3,1,2529.14,5800.06,1,410,0.1749,3,28,1,0,0,0,0,1
CH-001400,CH-C00219,2025-05-29,51,11672.49,173423.7,48,713,0.4065,164,3,0,1132.07,15669.71,1,180,0.5545,11,30,1,0,0,0,0,1
CH-001482,CH-C02080,2025-05-29,52,7202.22,84114.1,36,704,0.4879,32,0,0,1177.58,609.41,1,162,0.5801,8,24,1,0,0,1,0,0
CH-001538,CH-C01062,2025-05-29,35,4118.59,26111.74,48,669,0.5411,166,2,0,1684.67,6595.51,1,187,0.4255,12,15,1,0,0,0,1,0
CH-002090,CH-C00715,2025-05-29,37,5047.79,35214.23,24,622,0.4144,208,6,0,624.43,7464.05,1,194,0.0614,8,15,0,0,1,0,1,0
CH-000061,CH-C00283,2025-05-30,62,6721.13,30176.5,48,679,0.4151,309,1,0,2161.46,50474.28,0,264,0.4015,7,32,0,1,0,0,1,0
CH-000187,CH-C01439,2025-05-30,52,15635.21,304515.04,48,623,0.437,58,0,0,488.88,87688.75,0,204,0.8656,12,20,0,1,0,0,0,1
CH-000213,CH-C01383,2025-05-30,30,3683.27,42694.55,36,739,0.3389,73,2,0,62.31,989.54,1,86,0.0499,12,11,0,0,0,0,1,0
CH-000441,CH-C01656,2025-05-30,63,13013.42,266961.67,12,,1.7464,208,0,0,479.9,39569.08,0,146,0.262,8,12,0,1,0,0,1,0
CH-000695,CH-C00470,2025-05-30,58,9524.75,98527.2,12,672,1.1536,113,0,0,2777.32,12992.5,0,268,0.5066,3,33,0,1,0,0,1,0
CH-001050,CH-C00388,2025-05-30,23,4357.26,33634.07,36,723,0.5365,50,2,0,1403.18,10192.19,0,27,0.3666,2,4,0,0,0,0,1,0
CH-001187,CH-C01512,2025-05-30,61,8296.99,151929.17,48,646,0.6107,138,1,0,1901.87,18911.08,1,305,0.0479,7,14,0,1,0,0,1,0
CH-001375,CH-C01482,2025-05-30,36,7040.28,62498.84,48,677,0.4305,36,0,1,1728.55,9537.09,0,8,0.3094,0,2,0,0,1,0,1,0
CH-002055,CH-C01423,2025-05-30,47,5066.53,72584.69,36,649,0.6588,286,0,0,1321.48,3305.99,0,56,0.82,4,11,0,0,1,0,1,0
CH-000342,CH-C01475,2025-05-31,30,4456.79,64627.55,48,664,0.5705,16,0,0,1195.98,3500.2,0,65,0.0974,7,3,1,0,0,0,0,1
CH-000648,CH-C00622,2025-05-31,26,29695.91,350000,12,598,1.0631,2,0,0,2403.78,36372.39,1,13,0.3323,6,0,1,0,0,0,1,0
CH-000961,CH-C01982,2025-05-31,21,8476.15,174605.1,48,666,0.6343,21,0,0,1738.44,11988.06,0,18,0.1953,7,1,0,1,0,0,1,0
CH-000974,CH-C01569,2025-05-31,35,6862.79,20966.62,36,603,0.3732,17,1,0,1979.09,12460.86,1,141,0.3972,8,14,0,0,0,0,1,0
CH-001590,CH-C00468,2025-05-31,41,16711.82,215346.08,48,746,0.6679,74,0,0,6674.63,825.85,1,149,0.4502,3,15,0,0,1,1,0,0
CH-002098,CH-C00151,2025-05-31,38,12888.02,266115.44,36,750,0.6944,108,1,0,1557.38,,1,62,0.3819,0,18,0,0,1,0,1,0
CH-000038,CH-C00870,2025-06-01,61,8244.35,61818.46,60,670,0.4223,339,0,0,2451.43,7799.21,1,132,0.1432,1,23,0,0,1,0,1,0
CH-000446,CH-C01160,2025-06-01,22,5186.66,91987.08,24,586,1.1245,3,0,0,1999.42,4759.88,0,3,0.5478,1,4,0,0,1,0,0,1
CH-000689,CH-C00332,2025-06-01,30,9272.4,122894.49,36,496,0.5724,16,1,0,1894.23,5551.16,1,26,0.19,4,10,1,0,0,0,1,0
CH-000965,CH-C00553,2025-06-01,54,6805.0,76008.24,36,706,0.6599,315,0,0,2379.07,26287.53,1,85,0.5264,7,21,0,1,0,0,1,0
CH-001049,CH-C00885,2025-06-01,33,10006.63,90301.92,60,568,0.1905,61,0,1,401.44,62143.75,1,176,0.6148,12,0,0,0,1,0,1,0
CH-001052,CH-C00642,2025-06-01,63,15968.55,251572.99,24,599,0.9888,161,0,0,5307.29,6950.67,1,351,0.3397,7,32,0,0,0,1,0,0
CH-001241,CH-C00162,2025-06-01,37,16711.65,106152.75,36,713,0.5812,219,2,0,6763.38,81522.29,1,34,0.604,8,2,0,0,1,1,0,0
CH-001625,CH-C01089,2025-06-01,28,10565.07,225440.78,12,701,2.0867,48,0,0,3259.38,1528.62,1,65,0.7991,3,7,0,0,1,0,1,0
CH-001761,CH-C01566,2025-06-01,26,5089.03,88913.73,24,703,0.9668,,0,0,1215.57,13453.5,1,84,0.0807,6,1,0,1,0,0,1,0
CH-001879,CH-C01838,2025-06-01,63,7533.12,67032.83,48,799,0.2074,353,1,0,166.14,1723.16,1,260,0.2344,3,13,1,0,0,0,1,0
CH-002011,CH-C00735,2025-06-01,54,9284.06,76387.68,24,635,0.4531,133,8,0,1024.14,17564.0,0,24,0.613,7,8,1,0,0,0,1,0
CH-002202,CH-C01338,2025-06-01,37,3290.42,21200.02,48,674,0.3127,3,2,0,587.38,8731.43,1,179,0.3047,10,0,1,0,0,0,1,0
CH-000535,CH-C00884,2025-06-02,42,7289.16,140876.59,12,663,1.9367,284,0,1,2377.07,1411.27,1,222,0.4169,4,5,1,0,0,0,1,0
CH-000571,CH-C00421,2025-06-02,60,12801.41,216224.6,60,645,0.4127,335,3,0,1679.33,38511.15,1,134,0.1428,10,16,0,0,1,0,1,0
CH-000631,CH-C01478,2025-06-02,21,9059.98,195115.41,48,674,0.91,3,0,0,4179.28,29456.25,1,10,0.6101,0,3,0,1,0,0,1,0
CH-000808,CH-C00083,2025-06-02,64,15791.66,281249.48,12,767,1.9439,6,1,0,7260.54,28421.83,1,297,0.3399,8,35,0,1,0,0,1,0
CH-001654,CH-C00774,2025-06-02,27,2737.73,39791.09,36,681,0.6625,40,0,2,708.44,,1,26,0.553,1,8,1,0,0,0,1,0
CH-001931,CH-C01019,2025-06-02,39,5411.65,43922.52,36,653,0.5346,81,1,0,1672.78,2087.03,0,205,0.3579,10,1,0,0,1,0,1,0
CH-002074,CH-C01773,2025-06-02,42,5486.02,78552.47,12,605,1.279,57,2,0,470.85,13538.4,1,200,0.4287,2,24,0,0,1,0,1,0
CH-002490,CH-C00683,2025-06-02,55,13530.78,128891.07,24,735,0.7384,84,0,1,4620.41,514.47,1,94,0.2774,11,0,0,1,0,1,0,0
CH-000539,CH-C00573,2025-06-03,24,8932.11,129372.26,60,586,0.5178,17,0,0,2468.97,13525.31,1,9,0.4089,5,4,0,1,0,0,1,0
CH-001887,CH-C00846,2025-06-03,39,10717.61,96888.69,12,571,1.2075,221,4,0,4867.78,51189.37,0,184,0.053,2,3,0,0,0,0,1,0
CH-002183,CH-C00489,2025-06-03,44,6065.74,60958.18,60,564,0.6371,,0,0,2848.74,25487.86,0,211,0.1207,10,23,0,0,1,0,0,1
CH-002251,CH-C01413,2025-06-03,58,11745.44,104732.98,12,689,1.1348,122,4,0,4601.24,14015.55,1,401,0.1733,12,24,1,0,0,0,1,0
CH-002436,CH-C01648,2025-06-03,26,5251.55,25591.47,24,515,0.6482,21,1,0,2337.94,3265.64,1,94,0.7619,10,5,0,0,1,0,1,0
CH-000102,CH-C01631,2025-06-04,32,5347.09,35697.52,60,673,0.1696,50,2,0,311.67,10304.42,1,115,0.3139,10,10,1,0,0,0,1,0
CH-000673,CH-C00436,2025-06-04,23,7326.88,77230.14,12,708,1.3289,35,1,0,3301.11,24272.02,1,3,0.6638,7,0,0,1,0,0,1,0
CH-001094,CH-C01353,2025-06-04,64,4522.55,70503.32,24,668,1.0242,313,5,0,1694.43,7778.83,0,153,0.6943,7,17,1,0,0,0,1,0
CH-001399,CH-C01039,2025-06-04,49,9109.27,61195.52,48,656,0.5192,337,1,0,3454.47,20771.4,1,292,0.1095,4,4,0,1,0,0,1,0
CH-001419,CH-C00735,2025-06-04,54,9676.21,109181.34,48,628,0.5201,277,1,0,2758.23,1494.7,1,194,0.294,11,23,1,0,0,0,1,0
CH-001766,CH-C01230,2025-06-04,41,9732.47,82452.69,60,850,0.4424,144,0,0,2930.98,4956.52,1,82,0.5109,3,3,0,0,1,0,1,0
CH-001816,CH-C01903,2025-06-04,48,5694.64,107898.37,36,551,0.72,234,0,0,1102.97,5433.57,1,146,0.4179,2,17,1,0,0,0,1,0
CH-002008,CH-C00666,2025-06-04,38,10292.52,218034.24,36,763,0.6709,122,0,0,848.93,20552.53,1,212,0.3235,8,4,0,0,0,1,0,0
CH-002317,CH-C01700,2025-06-04,25,4959.86,16772.28,24,621,0.4209,18,1,0,1388.53,35371.83,1,1,0.3392,9,3,0,1,0,1,0,0
CH-000297,CH-C02047,2025-06-05,48,10290.79,199705.7,12,522,1.8502,345,1,0,2397.73,16814.44,1,226,0.7355,5,24,0,0,0,0,0,1
CH-000560,CH-C01288,2025-06-05,45,4960.49,97239.98,24,784,0.9763,258,0,0,791.4,2113.86,0,130,0.3654,2,14,0,1,0,0,1,0
CH-000632,CH-C00837,2025-06-05,46,4989.13,94130.43,24,722,1.0354,85,1,0,1243.56,6689.64,1,265,0.8612,11,27,0,0,1,0,1,0
CH-000696,CH-C00974,2025-06-05,44,11806.63,190141.58,24,669,1.1149,212,1,0,5240.44,50614.27,1,108,0.3827,0,22,0,0,0,0,1,0
CH-000714,CH-C01875,2025-06-05,38,6552.73,119327.24,12,684,1.8919,208,0,0,2453.26,2444.6,1,66,0.5485,3,2,0,0,0,0,1,0
CH-000900,CH-C00155,2025-06-05,21,13143.15,131147.9,60,538,0.6049,33,0,2,5764.7,6747.42,1,16,0.3607,6,2,0,0,1,0,1,0
CH-001042,CH-C00760,2025-06-05,41,5120.62,35215.57,12,674,0.8268,106,1,0,1299.19,6954.65,1,28,0.2346,1,8,0,0,0,0,1,0
CH-001132,CH-C01891,2025-06-05,61,5416.13,111965.36,12,581,1.7647,117,0,0,227.58,7493.41,1,65,0.5378,5,24,1,0,0,1,0,0
CH-001359,CH-C00579,2025-06-05,46,29057.66,350000,12,663,1.2253,21,1,0,6438.89,22193.03,1,139,0.0625,2,10,0,1,0,1,0,0
CH-001593,CH-C01730,2025-06-05,25,12514.05,83171.11,24,574,0.5246,53,3,0,3099.6,13146.69,0,66,0.7905,9,2,1,0,0,1,0,0
CH-001830,CH-C00333,2025-06-05,51,13272.07,48538.18,12,620,0.3167,351,2,0,158.06,1796.29,0,48,0.5017,4,27,1,0,0,1,0,0
CH-002146,CH-C01953,2025-06-05,39,4185.75,87406.0,48,674,0.6534,221,0,1,914.0,2902.38,1,230,0.1843,4,4,0,0,1,1,0,0
CH-002152,CH-C00249,2025-06-05,56,6355.31,138535.91,48,734,0.4671,73,0,0,82.42,18442.41,1,293,0.438,7,34,0,0,1,0,1,0
CH-000172,CH-C00939,2025-06-06,64,13106.1,239380.8,60,697,0.6886,317,0,0,5034.82,1397.8,0,185,0.5074,9,11,0,0,0,0,0,1
CH-000401,CH-C00636,2025-06-06,34,6095.69,36471.41,12,485,0.6589,36,0,1,976.87,1804.17,1,187,0.3858,3,15,0,1,0,0,1,0
CH-000454,CH-C00127,2025-06-06,63,17035.9,257017.73,12,532,1.5501,29,0,0,4989.65,91311.29,1,372,0.6162,3,31,1,0,0,1,0,0
CH-000547,CH-C01976,2025-06-06,31,7625.74,38540.21,36,727,0.3917,116,3,0,1916.5,28944.19,0,35,0.1619,2,1,1,0,0,1,0,0
CH-000772,CH-C01863,2025-06-06,60,3850.98,26225.57,24,604,0.5882,98,0,0,1172.58,8599.86,1,160,0.2171,6,4,0,0,1,0,1,0
CH-000925,CH-C01743,2025-06-06,30,11408.06,214347.93,24,590,1.0611,18,2,0,3173.86,15335.06,1,89,0.2816,6,3,1,0,0,0,0,1
CH-000970,CH-C00213,2025-06-06,37,15098.49,316283.17,24,776,1.1792,124,0,0,4625.85,8271.91,1,74,0.2899,7,3,0,1,0,0,1,0
CH-002063,CH-C01266,2025-06-06,62,9794.85,189795.25,48,688,0.6667,80,1,0,2576.27,5916.13,1,106,0.2897,3,23,1,0,0,1,0,0
CH-000757,CH-C01659,2025-06-07,38,5800.93,110216.19,12,618,1.9189,222,0,0,1946.95,9089.17,1,69,0.5764,11,4,0,1,0,1,0,0
CH-000917,CH-C02026,2025-06-07,63,8888.59,182883.72,48,773,0.8962,,0,0,4155.87,9670.97,0,132,0.344,10,31,0,1,0,0,0,1
CH-001350,CH-C02057,2025-06-07,40,4798.43,45802.03,60,557,0.278,0,0,0,570.61,14202.51,1,66,0.6337,2,18,0,1,0,0,1,0
CH-002007,CH-C00975,2025-06-07,64,6590.84,124491.7,48,732,0.818,313,1,0,2797.52,6241.71,0,13,0.4066,3,18,0,0,0,1,0,0
CH-002298,CH-C01594,2025-06-07,27,3979.75,50865.74,24,610,0.897,47,0,0,1450.43,6548.95,1,108,0.5717,0,9,0,0,1,0,1,0
CH-000026,CH-C00737,2025-06-08,40,6275.49,132898.48,48,752,0.7214,143,1,0,1758.27,818.61,1,41,0.5857,8,20,0,1,0,1,0,0
CH-000083,CH-C01936,2025-06-08,41,18803.22,344022.66,24,753,1.2031,163,0,0,8288.52,44996.15,1,49,0.4945,4,10,0,0,0,0,1,0
CH-000411,CH-C01371,2025-06-08,61,6567.7,139417.37,60,692,0.4669,99,1,1,742.89,19015.19,1,90,0.6205,6,22,1,0,0,1,0,0
CH-000973,CH-C01685,2025-06-08,50,12785.94,236761.93,48,603,0.7352,231,0,0,4468.16,432.72,0,179,0.4488,9,7,1,0,0,0,1,0
CH-001303,CH-C01963,2025-06-08,41,6971.19,125590.86,60,621,0.4625,49,10,1,1130.74,3367.93,0,235,0.3086,10,16,1,0,0,0,1,0
CH-001356,CH-C00929,2025-06-08,45,3944.62,48488.29,48,718,0.4725,36,3,0,853.85,2550.44,0,252,0.2148,9,15,0,0,1,0,1,0
CH-001411,CH-C01554,2025-06-08,26,8917.41,63640.35,48,773,0.5437,60,1,1,3522.69,11818.49,1,33,0.5856,12,7,1,0,0,0,1,0
CH-001684,CH-C00849,2025-06-08,60,6747.81,42290.12,12,715,0.5933,348,0,0,479.37,5881.72,1,98,0.0415,5,35,0,0,1,1,0,0
CH-001750,CH-C00135,2025-06-08,33,13256.99,261643.42,12,795,1.6745,,0,0,395.44,11865.12,1,105,0.2998,6,3,0,0,0,0,1,0
CH-001851,CH-C02018,2025-06-08,40,10459.19,111080.08,36,762,0.4473,135,1,0,1592.66,3891.04,1,167,0.3009,1,16,0,1,0,0,1,0
CH-001889,CH-C01855,2025-06-08,33,8371.15,78917.35,12,654,0.871,139,2,0,715.07,12814.28,1,7,0.4931,8,4,0,1,0,0,1,0
CH-002218,CH-C00089,2025-06-08,51,7724.02,34769.88,48,589,0.5619,333,3,0,3616.14,4972.26,1,192,0.1554,0,2,1,0,0,1,0,0
CH-002354,CH-C01877,2025-06-08,54,20734.96,350000,24,582,0.8663,159,1,0,3380.05,75504.75,1,314,0.6527,5,11,0,0,0,0,1,0
CH-002431,CH-C00617,2025-06-08,48,4895.18,79883.39,12,698,1.4415,210,3,0,399.31,3099.86,1,256,0.1649,6,29,0,0,1,0,1,0
CH-000241,CH-C00449,2025-06-09,45,3860.3,19949.0,24,507,0.3987,23,0,0,707.77,2735.17,0,37,0.3828,3,1,0,1,0,0,0,1
CH-000636,CH-C01881,2025-06-09,33,7643.81,87265.05,12,690,1.406,10,1,0,3475.39,16352.1,1,48,0.2496,9,3,0,0,0,0,1,0
CH-000918,CH-C01030,2025-06-09,52,7977.77,37824.82,48,610,0.125,150,1,0,209.53,19028.96,1,4,0.232,6,23,0,0,1,1,0,0
CH-000981,CH-C01866,2025-06-09,63,13564.28,102021.12,60,682,0.4932,293,0,0,4989.69,28374.77,1,268,0.2418,10,15,0,0,0,1,0,0
CH-001177,CH-C01568,2025-06-09,37,7185.66,50814.69,36,652,0.2359,134,0,0,283.23,4406.84,0,17,0.3462,6,8,1,0,0,0,1,0
CH-001229,CH-C01223,2025-06-09,40,6175.71,112178.94,36,706,0.751,46,3,0,1521.89,2158.07,1,62,0.5726,4,0,0,1,0,0,1,0
CH-001508,CH-C01235,2025-06-09,34,8400.11,31905.81,60,709,0.2901,188,5,0,1904.77,27341.72,1,168,0.5447,6,10,0,0,1,0,1,0
CH-001754,CH-C01386,2025-06-09,48,9309.41,79497.88,12,501,0.776,346,3,1,598.86,18057.37,0,224,0.0365,7,13,1,0,0,0,1,0
CH-001868,CH-C01022,2025-06-09,62,5659.36,91246.21,48,811,0.5117,275,0,0,995.15,3339.71,0,166,0.1731,5,22,0,0,0,0,0,1
CH-002036,CH-C01637,2025-06-09,27,8631.36,129869.13,12,704,1.7216,12,0,0,4037.23,49998.25,1,11,0.2325,0,8,0,0,0,0,1,0
CH-002068,CH-C01795,2025-06-09,29,6253.5,127673.09,60,668,0.6164,48,0,0,1726.66,47027.05,1,24,0.7019,11,9,1,0,0,1,0,0
CH-002105,CH-C01876,2025-06-09,36,7763.43,29675.19,60,603,0.3261,194,5,0,2037.23,15520.42,1,106,0.0588,12,5,0,1,0,0,1,0
CH-002186,CH-C00441,2025-06-09,31,4853.8,40250.99,48,683,0.2039,98,6,0,151.26,5464.94,1,115,0.5027,9,4,1,0,0,0,1,0
CH-000048,CH-C01088,2025-06-10,55,6193.12,66210.51,60,690,0.4785,50,0,0,1860.03,25092.61,0,177,0.1098,6,25,1,0,0,1,0,0
CH-000282,CH-C00221,2025-06-10,58,10003.92,43323.29,24,649,0.2976,50,1,1,1172.33,14801.33,1,385,0.361,8,23,0,0,1,0,1,0
CH-000406,CH-C00991,2025-06-10,42,7999.06,106855.74,60,688,0.4436,31,2,0,1767.53,29681.0,1,248,0.6433,12,11,0,1,0,0,1,0
CH-000453,CH-C01722,2025-06-10,48,11158.58,240272.65,12,618,2.1964,346,0,0,4485.98,28648.73,1,292,0.2782,3,4,1,0,0,0,1,0
CH-000491,CH-C00952,2025-06-10,34,9070.39,143397.46,24,685,0.923,122,2,0,2396.63,2449.13,1,155,0.5782,10,3,0,1,0,1,0,0
CH-000574,CH-C00127,2025-06-10,63,17061.7,77406.14,48,563,0.5631,80,1,1,7994.38,7972.38,1,174,0.7903,0,6,1,0,0,1,0,0
CH-000843,CH-C00609,2025-06-10,35,4337.94,40171.93,12,631,0.9695,113,1,1,858.17,5508.2,1,50,0.1463,12,7,1,0,0,1,0,0
CH-000882,CH-C01408,2025-06-10,25,6030.97,65149.57,48,589,0.6404,3,0,1,2504.88,2344.28,0,36,0.3802,2,2,1,0,0,0,0,1
CH-001586,CH-C00208,2025-06-10,46,12107.41,259795.58,60,636,0.6515,75,0,0,3558.03,39165.95,1,231,0.0274,0,7,0,0,0,0,1,0
CH-001736,CH-C00333,2025-06-10,51,13172.88,131603.37,36,630,0.4319,343,0,0,2034.22,73585.35,1,229,0.2662,0,23,1,0,0,1,0,0
CH-001963,CH-C00625,2025-06-10,23,2793.61,36614.16,48,698,0.387,14,1,0,318.4,21786.14,0,45,0.2431,1,1,0,1,0,1,0,0
CH-002112,CH-C00066,2025-06-10,26,5665.36,76570.34,12,781,1.5232,4,0,0,2248.44,11325.43,1,70,0.5406,2,7,0,1,0,1,0,0
CH-002148,CH-C01415,2025-06-10,39,10274.76,105808.63,24,850,0.4595,114,0,0,312.87,1091.79,1,123,0.3182,8,0,0,0,0,1,0,0
CH-002221,CH-C01526,2025-06-10,37,19761.59,169574.9,60,850,0.5008,99,0,0,7070.65,33017.63,1,203,0.0695,10,7,0,0,1,0,1,0
CH-000164,CH-C00530,2025-06-11,47,5893.79,114247.66,48,663,0.8034,188,0,0,2355.14,10046.49,0,36,0.1861,5,28,0,0,1,1,0,0
CH-000706,CH-C01473,2025-06-11,58,5169.73,112869.37,36,637,0.7905,310,0,0,951.55,10109.77,0,162,0.601,5,17,1,0,0,0,1,0
CH-000809,CH-C01853,2025-06-11,51,12014.87,257176.7,48,530,0.6815,55,0,0,2830.47,14938.82,0,176,0.3289,2,1,0,0,1,0,1,0
CH-001136,CH-C00701,2025-06-11,35,11548.13,71748.14,12,644,0.884,79,1,1,4229.92,43880.54,1,73,0.2247,1,2,0,0,1,1,0,0
CH-001256,CH-C01923,2025-06-11,50,2914.18,46448.43,48,677,0.3911,283,0,2,172.09,1191.48,0,138,0.2752,0,8,0,0,0,0,1,0
CH-001414,CH-C00287,2025-06-11,61,13192.63,184397.48,12,606,1.422,267,3,0,3393.41,7774.29,1,338,0.3939,4,20,0,1,0,1,0,0
CH-001640,CH-C00959,2025-06-11,58,15277.47,202403.45,48,564,0.6366,51,2,1,5509.34,14502.09,1,324,0.4689,4,26,1,0,0,1,0,0
CH-001695,CH-C00223,2025-06-11,43,9473.62,191751.15,60,784,0.6224,55,2,1,2700.82,810.62,1,74,0.8239,6,1,0,0,0,0,1,0
CH-002071,CH-C01605,2025-06-11,48,3492.3,21048.88,60,628,0.4112,74,2,0,1085.28,15184.28,0,164,0.1301,11,27,0,0,0,0,1,0
CH-002167,CH-C00318,2025-06-11,33,7098.07,80432.1,12,729,1.018,78,3,0,522.91,17493.88,1,146,0.6268,9,8,1,0,0,1,0,0
CH-002361,CH-C00638,2025-06-11,54,6682.29,122281.8,12,811,1.826,199,0,0,2011.82,8954.48,0,224,0.666,2,6,0,0,0,0,0,1
CH-000251,CH-C00064,2025-06-12,50,16237.76,207873.26,48,638,0.6806,256,2,0,6720.72,727.14,1,50,0.6213,11,28,0,0,0,0,1,0
CH-000308,CH-C01136,2025-06-12,36,16670.38,154065.54,60,621,0.6112,33,0,0,7620.74,69563.12,0,199,0.3985,8,9,0,0,0,0,0,1
CH-000438,CH-C00038,2025-06-12,62,8334.34,33956.61,60,611,0.4644,23,4,0,3304.34,32579.57,0,186,0.4483,4,34,1,0,0,0,0,1
CH-000499,CH-C00846,2025-06-12,39,10020.72,162393.41,48,528,0.3512,167,0,0,136.11,19122.82,1,151,0.0815,1,21,0,0,0,0,1,0
CH-000929,CH-C00886,2025-06-12,28,6531.61,126842.81,48,707,0.864,57,0,0,3000.8,8181.38,0,25,0.3148,7,10,0,0,0,0,1,0
CH-002085,CH-C01669,2025-06-12,39,19146.41,63043.96,24,599,0.2275,122,0,0,1729.38,83337.16,1,10,0.7532,4,11,1,0,0,0,1,0
CH-000043,CH-C01114,2025-06-13,48,7416.72,128080.15,24,724,0.8087,273,1,0,661.26,715.55,1,116,0.3789,9,24,1,0,0,0,1,0
CH-000261,CH-C01335,2025-06-13,52,38636.64,350000,36,566,0.5076,241,4,0,9889.36,73224.73,1,273,0.1292,9,3,0,0,1,0,1,0
CH-000332,CH-C01993,2025-06-13,48,15217.64,331881.51,12,709,1.8944,43,0,0,1172.08,134572.33,1,164,0.1815,10,19,0,1,0,0,1,0
CH-000679,CH-C02098,2025-06-13,40,11337.1,144374.58,12,790,1.4061,253,1,0,3909.56,28277.47,1,92,0.3479,3,8,0,0,1,0,1,0
CH-001254,CH-C00682,2025-06-13,50,11837.54,241505.53,36,791,0.7288,86,0,0,1918.3,40868.74,1,152,0.1645,2,30,0,0,0,1,0,0
CH-001340,CH-C01368,2025-06-13,37,9317.88,89532.83,12,707,0.9926,39,1,0,1787.84,24264.49,1,73,0.4906,6,0,1,0,0,0,1,0
CH-001490,CH-C01663,2025-06-13,63,9349.6,201527.81,48,683,0.7535,171,1,0,2846.41,7032.14,1,47,0.6454,0,20,0,0,0,0,1,0
CH-000165,CH-C01305,2025-06-14,25,7233.82,108028.58,36,542,0.5685,10,0,0,1111.89,64392.44,1,81,0.3124,12,6,0,0,0,0,1,0
CH-000193,CH-C01906,2025-06-14,49,11391.4,50697.82,24,670,0.609,175,1,0,4825.41,3506.74,1,105,0.2967,12,13,1,0,0,1,0,0
CH-000266,CH-C01875,2025-06-14,38,6807.84,53016.89,24,609,0.4554,3,1,0,891.04,14522.4,1,93,0.7688,5,2,0,0,0,0,1,0
CH-000317,CH-C00673,2025-06-14,62,9103.65,36373.65,36,664,0.3965,328,3,0,2598.89,814.37,1,154,0.6725,5,23,0,0,0,0,1,0
CH-000436,CH-C00220,2025-06-14,29,14627.67,248036.23,24,830,1.1028,124,0,1,5796.32,14292.73,1,97,0.0078,10,9,0,0,1,0,1,0
CH-000473,CH-C00116,2025-06-14,63,18051.95,248306.28,12,752,1.4102,73,0,0,4764.19,9086.22,1,218,0.5299,1,1,0,0,1,0,1,0
CH-000767,CH-C01292,2025-06-14,37,15472.44,307460.95,60,800,0.3792,65,1,0,742.71,21675.05,1,153,0.3822,9,16,1,0,0,0,1,0
CH-000906,CH-C01723,2025-06-14,45,6578.74,96943.02,36,735,0.5722,50,0,0,1071.71,4463.07,0,66,0.2284,4,9,0,1,0,1,0,0
CH-001013,CH-C00140,2025-06-14,38,9127.32,170643.87,48,,0.6936,143,0,0,2775.37,11133.38,1,5,0.3235,1,4,0,1,0,0,1,0
CH-002210,CH-C01730,2025-06-14,25,8622.53,80900.45,60,616,0.3226,41,0,0,1432.91,11840.26,0,2,0.3228,2,6,1,0,0,1,0,0
CH-000279,CH-C00321,2025-06-15,50,3501.17,46745.42,60,635,0.5821,104,0,0,1258.87,3156.26,0,325,0.3837,8,32,0,0,0,0,0,1
CH-000488,CH-C01383,2025-06-15,30,4304.68,62770.79,36,743,0.6972,55,0,0,1257.72,14875.95,1,110,0.6724,3,4,0,0,0,0,1,0
CH-000719,CH-C01817,2025-06-15,43,15450.23,260774.12,24,684,0.8157,260,0,0,1737.38,114793.07,1,184,0.1443,9,0,0,1,0,1,0,0
CH-001276,CH-C02042,2025-06-15,37,10177.32,80063.19,60,528,0.3252,114,1,0,1975.35,9133.13,1,56,0.2798,6,18,0,0,1,0,1,0
CH-001358,CH-C00452,2025-06-15,35,9134.48,89722.03,12,641,0.9787,32,1,0,1463.46,7785.35,0,197,0.6657,2,2,0,0,0,0,0,1
CH-001925,CH-C00162,2025-06-15,37,15262.32,246778.67,12,727,1.7548,97,0,0,6217.81,48215.03,1,39,0.1709,6,0,0,0,1,1,0,0
CH-002284,CH-C00281,2025-06-15,60,5138.07,105741.32,60,685,0.599,222,3,0,1315.21,1214.14,1,304,0.7444,12,23,1,0,0,0,1,0
CH-000344,CH-C00584,2025-06-16,49,27406.71,350000,36,650,0.6737,208,1,0,8741.05,124369.29,0,43,0.8001,0,11,0,1,0,0,1,0
CH-000730,CH-C01311,2025-06-16,45,10105.08,139563.22,36,722,0.474,271,2,0,912.62,22119.72,0,49,0.4632,0,22,0,0,0,0,1,0
CH-000799,CH-C00832,2025-06-16,53,11086.32,120460.5,60,551,0.5548,166,0,0,4143.12,17984.67,1,13,0.2032,6,20,0,0,0,1,0,0
CH-000844,CH-C01466,2025-06-16,23,7497.69,95515.87,24,708,0.6121,46,0,0,609.3,26317.56,0,14,0.293,9,2,0,0,1,0,1,0
CH-000960,CH-C01797,2025-06-16,29,8666.49,173092.47,36,582,0.9515,125,4,0,3438.04,41718.84,1,97,0.3352,0,11,0,0,1,1,0,0
CH-001363,CH-C00596,2025-06-16,53,9357.81,119071.44,36,643,0.5232,214,1,1,1588.72,39444.9,1,339,0.6813,11,23,0,0,1,1,0,0
CH-002040,CH-C01349,2025-06-16,58,13024.86,107846.23,60,744,0.3492,20,0,0,2750.7,19509.81,1,179,0.2795,6,32,1,0,0,1,0,0
CH-002271,CH-C00939,2025-06-16,64,13455.55,227860.19,60,739,0.4411,,2,0,2137.99,17316.42,0,78,0.3564,12,16,0,0,0,0,0,1
CH-002308,CH-C00010,2025-06-16,25,17728.63,129609.41,36,653,0.3601,16,2,0,2783.47,3791.47,1,80,0.7758,3,6,0,0,1,1,0,0
CH-002340,CH-C01270,2025-06-16,54,8021.62,92809.64,48,787,0.4945,256,1,0,2033.18,,1,116,0.4031,10,25,1,0,0,0,1,0
CH-000300,CH-C01877,2025-06-17,54,30913.2,295940.58,36,568,0.3973,340,0,0,4061.75,145222.4,1,97,0.6288,1,25,0,0,0,0,1,0
CH-000430,CH-C01401,2025-06-17,28,5210.48,55274.57,24,654,0.5169,93,1,0,390.0,4281.45,1,14,0.3281,3,0,0,0,1,1,0,0
CH-000660,CH-C01999,2025-06-17,22,11718.3,129476.36,48,722,0.5189,43,2,0,3382.76,14368.77,1,47,0.4883,8,0,1,0,0,0,0,1
CH-000758,CH-C01591,2025-06-17,42,8428.67,98046.12,60,565,0.5365,199,1,0,2887.72,8018.39,1,119,0.1038,4,4,1,0,0,1,0,0
CH-001312,CH-C01431,2025-06-17,28,8703.59,63352.12,12,655,0.8127,50,7,0,1794.14,37862.06,0,26,0.2555,1,7,0,0,1,1,0,0
CH-001404,CH-C01253,2025-06-17,32,5072.99,102888.02,36,645,0.8967,11,0,0,1690.79,2226.95,1,52,0.434,1,8,1,0,0,0,1,0
CH-001473,CH-C01777,2025-06-17,49,4285.15,78374.8,60,737,0.4499,113,0,0,621.51,,0,194,0.2171,8,14,0,1,0,0,0,1
CH-001858,CH-C01699,2025-06-17,38,4200.98,54772.47,24,741,0.8298,203,0,0,1203.58,1048.2,0,203,0.482,9,9,0,0,1,0,1,0
CH-001870,CH-C01312,2025-06-17,44,6263.25,23823.39,12,639,0.4451,131,1,1,802.58,12434.02,0,283,0.4273,11,6,0,0,0,1,0,0
CH-002116,CH-C01977,2025-06-17,41,4042.24,42487.45,24,572,0.5254,216,2,0,353.63,4783.02,1,265,0.2164,5,19,0,0,1,0,0,1
CH-002170,CH-C01203,2025-06-17,27,9952.44,208169.28,48,712,0.7267,94,0,0,2895.99,7836.11,1,108,0.6766,12,7,0,0,1,0,1,0
CH-002371,CH-C00573,2025-06-17,24,7020.51,86553.67,12,608,1.2582,46,0,1,1620.09,10939.45,0,9,0.4538,3,1,0,1,0,0,1,0
CH-002399,CH-C00244,2025-06-17,56,7715.61,27471.89,48,749,0.4584,206,0,0,2964.14,38344.26,1,313,0.3444,8,2,1,0,0,0,1,0
CH-000340,CH-C01373,2025-06-18,29,14124.91,283629.39,12,574,2.0804,61,2,1,5749.48,9494.85,1,39,0.1912,12,4,1,0,0,1,0,0
CH-000369,CH-C01987,2025-06-18,32,6812.47,40964.78,24,771,0.2697,19,0,0,130.14,10389.39,1,36,0.5446,2,3,0,0,1,0,1,0
CH-000537,CH-C01028,2025-06-18,51,4983.54,75757.53,36,745,0.4944,298,1,0,359.24,,1,112,0.2151,4,26,1,0,0,0,1,0
CH-000867,CH-C01297,2025-06-18,27,6026.25,103766.83,48,625,0.8233,59,0,0,2799.36,3383.55,1,95,0.2115,12,9,0,1,0,0,1,0
CH-000927,CH-C01786,2025-06-18,52,10179.94,60179.04,48,728,0.3328,235,0,0,2133.75,17782.77,1,151,0.2616,3,12,0,1,0,0,1,0
CH-001295,CH-C01001,2025-06-18,29,24816.91,220280.53,48,624,0.3232,110,2,1,3431.09,10652.03,1,29,0.8447,1,10,0,0,1,1,0,0
CH-001677,CH-C00191,2025-06-18,39,19311.58,127637.84,12,758,1.0037,54,10,0,8747.4,14668.82,1,85,0.1079,1,4,1,0,0,0,1,0
CH-001828,CH-C00809,2025-06-18,52,11903.25,54176.58,36,705,0.3731,132,0,0,2936.04,32193.18,1,373,0.1993,1,18,1,0,0,0,1,0
CH-001941,CH-C00354,2025-06-18,50,9603.35,196230.83,36,708,0.614,291,5,0,445.36,63497.6,1,103,0.2677,2,28,1,0,0,0,1,0
CH-001987,CH-C00014,2025-06-18,29,11892.93,79036.14,24,628,0.6078,100,0,0,3935.68,547.98,0,123,0.2476,12,4,0,1,0,0,0,1
CH-001992,CH-C01295,2025-06-18,32,14432.5,205860.95,36,690,0.676,123,0,0,4037.99,15225.3,0,131,0.6396,3,3,0,0,1,0,0,1
CH-002262,CH-C00597,2025-06-18,30,8231.65,154906.62,24,554,1.0198,32,0,0,1940.29,6788.17,0,25,0.7166,4,6,1,0,0,0,0,1
CH-002376,CH-C00891,2025-06-18,58,10355.95,205640.52,48,717,0.6321,147,0,0,2261.57,36502.85,1,327,0.6535,12,11,0,0,1,0,1,0
CH-002478,CH-C01967,2025-06-18,37,10544.35,70960.82,36,735,0.6088,181,1,0,4448.49,4728.51,1,33,0.8244,9,1,1,0,0,0,1,0
CH-000561,CH-C01311,2025-06-19,45,8920.6,154790.86,36,622,0.6276,71,1,0,1298.62,7158.35,1,51,0.6964,11,22,0,0,0,0,1,0
CH-000784,CH-C01230,2025-06-19,41,10865.28,59734.29,24,781,0.2865,105,2,0,624.12,8677.54,1,212,0.4276,6,22,0,0,1,0,1,0
CH-001183,CH-C01116,2025-06-19,49,7260.69,132832.96,48,606,0.4771,305,0,0,696.37,23376.36,1,138,0.1438,8,21,0,0,0,1,0,0
CH-001529,CH-C00486,2025-06-19,63,12148.25,96150.68,36,794,0.5588,227,0,0,4118.09,15974.27,1,287,0.3823,8,23,0,1,0,0,1,0
CH-001796,CH-C01516,2025-06-19,30,4426.77,63355.77,12,512,1.4919,28,1,0,1324.5,23530.41,1,52,0.2893,3,8,1,0,0,0,1,0
CH-002141,CH-C01209,2025-06-19,46,4596.35,93046.45,24,782,0.948,30,0,0,480.34,,1,38,0.7108,2,4,0,0,0,0,1,0
CH-002255,CH-C00413,2025-06-19,24,5855.24,87489.91,36,756,0.8727,10,0,1,2679.82,7652.33,1,65,0.3352,11,0,1,0,0,1,0,0
CH-002307,CH-C01634,2025-06-19,35,5111.47,83692.79,60,612,0.5182,176,0,0,1253.64,21826.43,1,49,0.6703,2,9,0,0,0,0,1,0
CH-002318,CH-C01213,2025-06-19,50,5670.71,54654.89,12,702,1.2323,169,2,0,2433.35,8093.54,0,143,0.723,0,9,0,0,1,0,0,1
CH-000117,CH-C00619,2025-06-20,47,14333.65,132685.52,48,751,0.589,112,0,0,5678.08,25431.48,0,341,0.2898,2,24,0,0,1,0,1,0
CH-000155,CH-C01972,2025-06-20,21,10915.13,92184.3,36,692,0.6516,20,0,0,4551.95,6316.37,1,12,0.1238,10,1,0,0,1,0,1,0
CH-000408,CH-C01858,2025-06-20,35,13704.01,115118.36,48,573,0.6135,187,0,0,6009.13,140103.83,1,157,0.2673,5,0,0,0,0,0,1,0
CH-000544,CH-C01631,2025-06-20,32,5094.87,50026.35,12,751,0.8597,100,0,0,211.22,94.79,0,128,0.4146,9,5,1,0,0,0,1,0
CH-000583,CH-C00985,2025-06-20,36,5091.51,78420.87,36,706,0.6229,215,0,0,992.89,2647.36,1,63,0.0503,5,11,0,0,1,1,0,0
CH-001048,CH-C02017,2025-06-20,35,11127.72,216505.54,12,546,1.9643,110,3,0,3816.6,41137.97,1,166,0.4144,3,7,0,1,0,0,1,0
CH-001325,CH-C00339,2025-06-20,44,4707.0,17539.62,24,686,0.2158,272,1,0,284.83,9393.74,1,301,0.7592,8,23,0,0,1,0,1,0
CH-001646,CH-C01486,2025-06-20,39,31730.34,299638.66,48,711,0.3794,20,1,0,5797.57,30353.09,1,55,0.3844,6,20,0,0,1,0,1,0
CH-001821,CH-C00378,2025-06-20,25,8766.84,85201.17,24,669,0.5634,41,3,0,1388.87,8288.75,1,59,0.0375,5,1,0,0,1,0,1,0
CH-001893,CH-C01358,2025-06-20,28,7587.27,64569.88,60,499,0.4354,3,2,0,2227.08,4775.38,1,20,0.1326,5,1,0,0,1,0,1,0
CH-002020,CH-C02016,2025-06-20,41,6578.09,123995.99,36,614,0.703,52,0,1,1179.95,7297.65,1,187,0.4074,6,15,0,1,0,1,0,0
CH-002030,CH-C01819,2025-06-20,29,8064.06,145291.51,12,732,1.6895,49,1,0,1516.41,46522.65,1,100,0.2045,10,8,0,1,0,0,1,0
CH-002409,CH-C01441,2025-06-20,50,10395.88,103449.9,36,617,0.6092,356,1,0,3459.83,903.35,0,123,0.1886,12,24,0,0,0,1,0,0
CH-000396,CH-C01381,2025-06-21,21,14249.15,283559.46,60,702,0.5464,26,2,1,3060.06,24191.5,1,5,0.2933,6,2,0,0,0,0,1,0
CH-000540,CH-C00716,2025-06-21,33,12308.58,95127.29,24,624,0.3659,17,0,0,539.77,639.26,1,20,0.2139,1,0,1,0,0,0,0,1
CH-000800,CH-C00459,2025-06-21,27,21992.72,244643.75,60,714,0.5055,7,0,0,7040.41,10404.69,1,35,0.4001,12,1,0,0,0,0,1,0
CH-001409,CH-C01791,2025-06-21,24,16248.21,73568.31,36,679,0.5155,61,0,0,6332.17,5959.34,1,46,0.2299,8,5,0,1,0,1,0,0
CH-001486,CH-C01196,2025-06-21,32,11676.42,72079.85,12,648,0.6635,130,2,0,1740.91,38515.05,1,10,0.6155,9,2,0,1,0,0,1,0
CH-001612,CH-C01262,2025-06-21,48,7234.59,112164.37,12,681,1.4627,298,2,0,1234.82,29557.55,1,263,0.1708,7,27,0,1,0,0,1,0
CH-001833,CH-C01957,2025-06-21,49,8732.75,80933.0,12,539,1.0593,,0,1,2506.53,14145.1,1,131,0.357,0,22,0,1,0,0,1,0
CH-000205,CH-C01490,2025-06-22,32,9073.02,66763.4,24,760,0.5848,88,1,0,2524.39,66340.06,1,130,0.3589,2,9,0,1,0,0,1,0
CH-000433,CH-C00136,2025-06-22,59,14410.42,200689.79,36,722,0.6876,321,0,0,4334.22,1946.14,0,331,0.4295,1,8,0,0,0,0,1,0
CH-000567,CH-C01342,2025-06-22,60,6387.83,88620.94,48,574,0.5187,92,1,0,1467.11,8589.01,1,208,0.6455,12,10,0,1,0,0,1,0
CH-000604,CH-C00092,2025-06-22,40,14147.32,70712.53,60,590,0.1427,129,0,1,840.58,836.17,1,49,0.2413,0,4,1,0,0,0,1,0
CH-001668,CH-C00009,2025-06-22,54,11028.97,59123.64,24,760,0.5951,127,0,0,4099.55,3927.91,1,271,0.1335,8,11,1,0,0,0,1,0
CH-002010,CH-C00650,2025-06-22,37,6721.28,117816.77,12,662,1.8413,162,0,0,2557.64,,1,228,0.3683,11,18,0,0,1,0,0,1
CH-000386,CH-C01238,2025-06-23,64,11017.71,61932.71,60,727,0.2056,99,0,0,1233.15,89367.38,0,219,0.5585,7,18,1,0,0,0,0,1
CH-000698,CH-C01847,2025-06-23,37,5137.98,46564.43,24,673,0.5139,126,0,0,700.48,4671.43,1,18,0.5278,6,7,0,0,0,0,1,0
CH-001483,CH-C01731,2025-06-23,49,7021.37,129850.9,48,555,0.7641,159,1,0,2659.57,11539.79,1,246,0.2648,1,5,1,0,0,0,1,0
CH-001619,CH-C00039,2025-06-23,30,5382.92,60218.55,24,701,0.6943,138,2,0,1228.24,,1,24,0.1123,0,1,0,0,0,1,0,0
CH-001706,CH-C01467,2025-06-23,61,4970.26,67208.51,24,664,0.8403,242,1,0,1376.31,3197.27,1,78,0.6448,7,21,0,0,0,0,1,0
CH-001792,CH-C00539,2025-06-23,54,9972.35,92351.83,60,609,0.5341,267,2,0,3786.85,,1,382,0.3401,11,24,0,0,1,0,1,0
CH-001983,CH-C01323,2025-06-23,52,6708.49,73773.32,36,632,0.6824,44,3,0,2528.51,13895.38,0,397,0.5018,5,19,0,0,1,0,1,0
CH-002138,CH-C00447,2025-06-23,38,8069.87,35717.99,60,580,0.4483,33,3,0,3022.71,,1,76,0.4247,4,7,1,0,0,0,1,0
CH-002158,CH-C02033,2025-06-23,28,9839.31,159496.2,60,650,0.541,7,3,1,2665.07,43409.98,1,4,0.8393,12,1,0,0,1,0,1,0
CH-002206,CH-C00167,2025-06-23,63,18182.12,176695.79,60,551,0.529,,1,0,6674.2,11994.42,1,282,0.5811,7,0,0,0,1,0,1,0
CH-002268,CH-C00867,2025-06-23,28,4003.44,24770.16,24,707,0.5249,26,1,0,1069.35,,1,41,0.7647,3,7,0,1,0,1,0,0
CH-002410,CH-C00298,2025-06-23,51,7967.73,46384.07,12,823,0.5493,216,4,1,511.02,5629.89,0,189,0.2201,6,0,0,0,0,0,1,0
CH-000006,CH-C00518,2025-06-24,21,15004.57,72652.24,24,551,0.2376,34,0,0,537.83,104340.94,1,19,0.5891,9,3,0,0,0,0,1,0
CH-000983,CH-C01797,2025-06-24,29,9092.64,189618.13,12,645,2.0489,20,0,0,2828.43,3620.43,1,88,0.3472,5,1,0,0,1,1,0,0
CH-001465,CH-C01613,2025-06-24,29,5224.16,33252.6,36,761,0.2758,130,2,0,516.91,1018.13,0,30,0.4492,9,6,0,0,0,0,1,0
CH-001578,CH-C01382,2025-06-24,56,6116.73,85772.46,24,607,0.9742,158,1,0,2384.87,1041.5,1,221,0.0757,12,32,1,0,0,1,0,0
CH-001592,CH-C00901,2025-06-24,54,10883.55,93053.72,24,628,0.3877,,0,0,342.33,36025.13,0,169,0.2259,11,8,0,0,1,0,1,0
CH-001855,CH-C00824,2025-06-24,54,7812.23,106651.81,24,667,0.7835,136,1,0,1677.04,3547.84,1,127,0.3646,0,34,0,1,0,0,1,0
CH-002064,CH-C01337,2025-06-24,57,6988.91,146680.04,24,587,1.0054,349,0,0,914.97,12477.38,1,403,0.1946,11,23,0,0,0,0,1,0
CH-002149,CH-C00791,2025-06-24,41,6211.36,134173.36,48,528,0.8571,264,0,0,2528.6,2235.31,1,114,0.3214,6,18,0,1,0,1,0,0
CH-000004,CH-C01136,2025-06-25,36,12832.38,71241.96,36,671,0.5462,211,0,0,5030.7,17768.96,0,12,0.291,6,3,0,0,0,0,0,1
CH-000021,CH-C00592,2025-06-25,22,6377.57,51616.37,24,771,0.7594,26,1,0,2692.57,11836.9,1,29,0.2871,1,2,0,0,0,0,1,0
CH-000208,CH-C00733,2025-06-25,57,10682.15,138867.48,60,805,0.2445,37,1,0,297.34,75130.57,1,382,0.233,7,4,1,0,0,0,1,0
CH-000387,CH-C00582,2025-06-25,49,12012.59,76909.09,60,561,0.4493,75,0,1,4114.89,21248.6,1,53,0.7215,3,12,0,0,0,0,1,0
CH-000420,CH-C02023,2025-06-25,34,10968.53,99075.89,60,772,0.2727,31,0,0,1339.74,1533.38,0,73,0.5462,5,14,0,1,0,1,0,0
CH-000577,CH-C01213,2025-06-25,50,9154.37,31132.53,36,671,0.1907,292,2,0,880.92,4083.73,0,58,0.268,3,29,0,0,1,0,0,1
CH-000785,CH-C01952,2025-06-25,54,5806.15,127136.88,12,635,1.8496,35,3,0,144.25,850.08,0,290,0.6794,2,22,0,0,0,1,0,0
CH-000798,CH-C01999,2025-06-25,22,9071.58,57884.26,24,682,0.5999,9,1,0,3030.37,31346.02,0,28,0.2589,2,4,1,0,0,0,0,1
CH-001234,CH-C00385,2025-06-25,30,10634.45,226907.1,12,674,1.8484,71,0,0,747.77,2696.16,1,126,0.3901,9,9,1,0,0,0,1,0
CH-001250,CH-C01125,2025-06-25,56,12347.02,260251.0,36,850,0.6199,268,1,0,425.11,18725.05,1,167,0.445,3,34,0,1,0,0,1,0
CH-001432,CH-C01929,2025-06-25,60,4196.43,82725.03,36,667,0.8632,285,1,0,1324.63,6153.09,1,99,0.2116,7,1,0,0,1,1,0,0
CH-001596,CH-C00760,2025-06-25,41,5071.34,25240.97,48,692,0.4637,271,1,0,1825.6,2789.28,1,19,0.3099,3,2,0,0,0,0,1,0
CH-001662,CH-C00012,2025-06-25,50,5258.37,32331.44,24,621,0.4235,200,2,0,880.02,34031.91,1,291,0.2263,9,0,1,0,0,0,1,0
CH-001717,CH-C01890,2025-06-25,36,8062.06,166808.23,48,545,0.5443,71,0,1,913.05,4741.56,1,63,0.3908,11,8,0,1,0,0,1,0
CH-001799,CH-C00518,2025-06-25,21,14627.96,282901.43,12,562,1.9324,9,2,0,4692.28,84539.44,0,27,0.871,2,0,0,0,0,0,1,0
CH-001953,CH-C00302,2025-06-25,29,11744.34,92377.15,12,613,1.1138,16,4,0,5382.97,13570.22,1,92,0.2824,7,5,0,1,0,0,0,1
CH-001982,CH-C00506,2025-06-25,35,4058.71,65458.67,60,596,0.3684,64,2,0,404.16,7167.44,1,166,0.6281,5,1,0,0,0,1,0,0
CH-000527,CH-C01999,2025-06-26,22,9949.18,79773.34,12,678,0.7226,42,0,0,541.72,23153.44,0,1,0.3213,3,2,1,0,0,0,0,1
CH-000568,CH-C01922,2025-06-26,26,7223.71,24635.34,60,700,0.1918,13,0,0,974.57,2806.99,0,91,0.4375,5,5,1,0,0,0,1,0
CH-000612,CH-C01044,2025-06-26,40,2878.44,49784.94,36,604,0.7781,229,0,0,856.76,701.71,1,82,0.7575,4,14,0,1,0,0,1,0
CH-000778,CH-C01792,2025-06-26,34,10476.07,115153.65,36,687,0.6655,10,2,1,3773.01,7540.75,1,133,0.5351,9,11,1,0,0,0,1,0
CH-000779,CH-C01426,2025-06-26,36,7975.53,34874.64,24,768,0.2676,126,6,0,680.88,4315.87,0,7,0.2433,3,9,1,0,0,1,0,0
CH-000818,CH-C01038,2025-06-26,31,21111.03,350000,36,474,0.5938,151,0,0,2813.8,61038.39,1,151,0.3835,9,13,0,1,0,0,0,1
CH-001466,CH-C00472,2025-06-26,62,8607.16,123432.05,12,596,1.5261,220,2,1,2849.12,19241.06,1,53,0.3465,7,27,1,0,0,0,0,1
CH-001475,CH-C01061,2025-06-26,36,12408.35,54138.68,12,610,0.7645,39,5,0,4974.98,10590.4,1,137,0.4423,7,0,1,0,0,0,1,0
CH-001315,CH-C01703,2025-06-27,51,6618.19,36638.76,60,704,0.1057,292,2,1,88.71,26508.62,1,25,0.2026,8,29,0,0,0,1,0,0
CH-001396,CH-C01518,2025-06-27,48,4347.72,60668.84,36,777,0.6592,35,2,0,1180.84,3168.65,1,239,0.3449,1,8,0,0,0,0,0,1
CH-001560,CH-C01107,2025-06-27,41,12643.46,74557.99,36,568,0.3383,264,0,0,2205.7,92122.37,1,254,0.3398,5,1,0,1,0,1,0,0
CH-001848,CH-C01208,2025-06-27,42,6327.4,93186.36,36,556,0.5832,138,1,0,1101.63,27868.16,0,98,0.3771,9,8,0,0,1,1,0,0
CH-002379,CH-C01562,2025-06-27,58,10772.84,75205.21,48,496,0.2136,189,2,1,734.29,112.58,1,22,0.8569,8,29,0,1,0,0,1,0
CH-000078,CH-C01451,2025-06-28,27,6647.78,59510.27,60,650,0.5494,49,1,0,2660.13,18480.52,1,77,0.397,2,1,1,0,0,0,1,0
CH-001191,CH-C00221,2025-06-28,58,12619.82,88789.56,36,718,0.5378,310,2,0,4320.48,5967.71,1,249,0.5343,8,32,0,0,1,0,1,0
CH-001383,CH-C00772,2025-06-28,57,6599.03,112956.92,48,441,0.587,302,0,0,1520.44,28911.33,0,398,0.336,7,29,0,0,1,0,0,1
CH-001737,CH-C01839,2025-06-28,25,10690.13,76081.35,24,701,0.5471,77,0,0,2678.48,39277.67,1,71,0.1872,7,2,0,1,0,1,0,0
CH-002257,CH-C01441,2025-06-28,50,9354.89,68983.58,48,601,0.2184,226,0,0,605.74,19938.13,1,220,0.5888,3,0,0,0,0,1,0,0
CH-000087,CH-C01655,2025-06-29,62,5062.2,50331.71,12,736,0.9815,202,1,1,774.34,26594.55,1,125,0.5893,12,3,0,0,1,0,1,0
CH-000681,CH-C00538,2025-06-29,44,7283.02,152605.29,48,647,0.8351,126,0,0,2902.85,13926.82,1,293,0.4902,7,14,1,0,0,0,1,0
CH-001716,CH-C01371,2025-06-29,61,6216.27,99249.72,36,663,0.548,17,1,0,649.52,3377.47,1,189,0.3534,8,34,1,0,0,1,0,0
CH-002012,CH-C00927,2025-06-29,39,4896.21,87947.76,12,590,1.5288,67,2,0,156.28,32116.83,1,44,0.4733,9,18,0,1,0,0,1,0
CH-002136,CH-C00412,2025-06-29,24,13284.54,258904.96,36,685,0.8969,40,0,0,4723.03,3840.03,1,48,0.5859,11,1,1,0,0,0,1,0
CH-002304,CH-C01329,2025-06-29,25,4854.26,45986.89,36,688,0.7089,4,0,1,2163.95,11529.61,1,27,0.1694,4,7,1,0,0,0,1,0
CH-000239,CH-C00099,2025-06-30,24,13029.63,80215.46,48,601,0.5515,6,2,0,5514.17,12671.96,0,19,0.1911,2,5,0,0,1,1,0,0
CH-000328,CH-C00302,2025-06-30,29,10233.74,131806.52,24,693,0.5514,73,2,0,151.0,46758.43,1,14,0.3858,2,8,0,1,0,0,0,1
CH-000391,CH-C01706,2025-06-30,55,17190.52,283048.32,48,662,0.7186,235,0,0,6455.53,22109.29,1,272,0.4587,8,9,0,0,1,0,1,0
CH-000460,CH-C01028,2025-06-30,51,5066.04,88783.34,12,701,1.9284,196,0,1,2370.67,,0,217,0.5364,2,30,1,0,0,0,1,0
CH-001197,CH-C00547,2025-06-30,40,8109.09,39962.76,48,850,0.4252,176,0,0,2615.55,10344.13,1,193,0.4919,12,15,0,0,1,0,1,0
CH-001934,CH-C02041,2025-06-30,23,9645.74,96713.8,60,676,0.4455,16,2,0,2685.18,103634.1,1,24,0.3156,0,2,0,0,0,0,1,0
CH-001980,CH-C00809,2025-06-30,52,11746.11,152543.53,36,784,0.3838,281,0,0,271.29,8873.99,1,252,0.5449,0,8,1,0,0,0,1,0
CH-002363,CH-C00554,2025-06-30,21,7998.55,51898.69,60,578,0.4292,7,0,1,2567.91,11465.05,1,28,0.3213,0,1,0,1,0,0,1,0
CH-002487,CH-C00951,2025-06-30,39,10818.56,184625.28,12,690,1.5326,71,5,0,1195.53,65604.13,0,196,0.6383,10,4,0,1,0,0,0,1
CH-000042,CH-C01809,2025-07-01,39,4700.22,94404.05,12,676,1.7127,21,0,0,183.03,2073.06,1,144,0.6076,10,7,0,0,0,1,0,0
CH-000257,CH-C00944,2025-07-01,47,10381.36,77980.19,60,693,0.4717,325,0,0,3597.6,38718.17,1,191,0.3187,10,28,0,0,1,0,1,0
CH-000644,CH-C00215,2025-07-01,26,9884.84,171373.7,36,743,0.6403,66,1,1,1568.4,15095.99,1,46,0.4422,6,6,0,1,0,0,1,0
CH-000899,CH-C01447,2025-07-01,39,4931.98,83722.04,24,589,0.8146,233,0,0,529.05,5723.53,1,62,0.3755,12,8,1,0,0,0,1,0
CH-001227,CH-C01442,2025-07-01,24,9758.72,41255.43,24,711,0.2977,52,0,0,1185.71,734.0,0,57,0.0853,3,0,0,0,1,0,1,0
CH-001480,CH-C01552,2025-07-01,41,5491.42,70634.73,60,610,0.6194,129,5,0,2223.93,7531.6,0,234,0.5563,1,15,0,0,1,0,1,0
CH-001521,CH-C00551,2025-07-01,63,5078.37,63875.17,24,789,0.7689,221,2,0,1243.42,26098.7,0,105,0.5724,0,7,1,0,0,0,1,0
CH-001701,CH-C00546,2025-07-01,49,7911.74,126965.71,36,547,0.718,256,4,0,2154.17,16476.37,1,91,0.3472,11,29,1,0,0,0,1,0
CH-002120,CH-C01142,2025-07-01,37,10564.31,159533.32,24,664,0.7458,152,1,0,1231.78,14494.45,1,2,0.6077,3,14,1,0,0,1,0,0
CH-002283,CH-C01147,2025-07-01,33,18642.07,147712.93,60,647,0.343,61,0,0,3931.72,11673.24,1,47,0.4433,6,0,1,0,0,0,1,0
CH-000086,CH-C00712,2025-07-02,33,9738.64,164618.17,12,668,1.5495,2,0,0,1371.93,6454.21,1,117,0.7032,7,1,0,0,1,0,1,0
CH-000202,CH-C00793,2025-07-02,36,26005.93,350000,24,676,0.6973,68,3,0,3549.36,9039.31,1,56,0.3886,7,10,0,0,1,0,1,0
CH-000494,CH-C01045,2025-07-02,61,4403.51,52968.15,48,614,0.4476,250,0,0,867.31,1386.2,0,93,0.3614,12,24,1,0,0,0,0,1
CH-000495,CH-C00148,2025-07-02,61,5587.46,32556.45,36,702,0.2441,355,0,0,459.32,20703.44,1,39,0.4498,1,12,1,0,0,0,1,0
CH-000508,CH-C01437,2025-07-02,21,5047.74,70313.05,12,708,1.6013,25,1,1,2223.77,5301.28,1,18,0.3224,8,0,1,0,0,1,0,0
CH-000921,CH-C00416,2025-07-02,22,6044.32,22626.8,48,671,0.2608,27,2,0,1104.72,17195.02,0,14,0.1208,4,1,0,0,0,0,1,0
CH-001442,CH-C01391,2025-07-02,45,9748.81,103161.7,48,495,0.3965,72,3,0,1716.38,20539.39,1,112,0.6888,7,21,1,0,0,0,1,0
CH-001535,CH-C01617,2025-07-02,51,11816.85,88915.42,48,648,0.3637,311,0,0,2445.82,21001.6,1,290,0.4811,10,8,0,1,0,0,0,1
CH-001906,CH-C00621,2025-07-02,31,4459.14,77156.64,48,535,0.7129,26,1,0,1571.43,26161.41,0,152,0.2315,1,2,1,0,0,0,0,1
CH-001928,CH-C01878,2025-07-02,54,7383.66,136370.65,24,606,1.2087,281,4,0,3242.6,,1,239,0.2112,4,16,0,0,0,0,1,0
CH-001943,CH-C01157,2025-07-02,58,5402.59,38100.31,60,616,0.4109,108,1,0,1584.97,12777.9,1,273,0.5934,0,6,1,0,0,1,0,0
CH-000617,CH-C00926,2025-07-03,35,6089.59,45640.2,36,597,0.5651,121,2,0,2173.64,16696.43,1,7,0.8449,3,3,0,0,0,0,1,0
CH-001481,CH-C01857,2025-07-03,23,14750.23,61731.84,36,500,0.325,5,0,2,3078.33,39392.3,1,26,0.2917,0,0,0,1,0,0,1,0
CH-001877,CH-C00412,2025-07-03,24,12075.05,215147.97,12,699,1.6889,0,4,0,2464.33,34819.13,1,54,0.6098,10,6,1,0,0,0,1,0
CH-001922,CH-C01420,2025-07-03,56,13561.85,158589.55,36,654,0.5227,35,0,0,2683.13,19988.61,1,389,0.821,5,21,0,0,1,0,1,0
CH-002233,CH-C01833,2025-07-03,48,2928.87,19276.26,36,679,0.3725,205,5,0,555.59,494.79,1,333,0.7742,0,30,0,0,0,1,0,0
CH-000039,CH-C01257,2025-07-04,56,17352.99,129477.8,24,575,0.7746,12,2,0,8046.28,9505.51,1,298,0.3281,11,5,0,0,0,0,1,0
CH-000056,CH-C01233,2025-07-04,21,7014.54,92963.58,36,566,0.6729,11,4,1,2137.67,23342.1,0,0,0.3911,12,2,1,0,0,0,0,1
CH-000402,CH-C01657,2025-07-04,28,7424.67,44104.2,48,633,0.558,56,10,0,3224.05,24933.5,1,71,0.2716,9,6,0,0,0,1,0,0
CH-000964,CH-C00563,2025-07-04,45,9956.32,153621.09,24,684,1.1013,242,0,0,4563.73,58768.01,0,276,0.392,9,15,1,0,0,0,1,0
CH-001037,CH-C00414,2025-07-04,62,13020.53,278801.19,48,726,0.4749,250,6,0,375.24,3695.7,0,28,0.4858,11,4,1,0,0,0,0,1
CH-001519,CH-C00151,2025-07-04,38,9072.48,68457.42,12,708,1.0958,140,0,0,4236.39,3908.96,1,187,0.2858,10,4,0,0,1,0,1,0
CH-001753,CH-C01334,2025-07-04,24,16849.33,66910.66,12,524,0.3763,71,4,0,764.53,1470.76,1,29,0.5633,5,3,0,1,0,0,0,1
CH-001892,CH-C01548,2025-07-04,27,7815.61,112400.3,60,658,0.4926,89,0,0,1976.67,12646.28,1,52,0.0561,3,1,0,1,0,1,0,0
CH-001968,CH-C00258,2025-07-04,52,3386.11,33877.54,48,747,0.279,329,0,2,238.78,4665.06,1,313,0.8817,1,20,0,1,0,0,1,0
CH-000384,CH-C00573,2025-07-05,24,7083.6,41527.03,60,700,0.3119,46,3,0,1517.15,3353.18,1,38,0.4215,1,2,0,1,0,0,1,0
CH-001178,CH-C00441,2025-07-05,31,5429.83,29695.29,36,641,0.3197,101,0,0,910.93,10744.78,1,63,0.4492,1,13,1,0,0,0,1,0
CH-001587,CH-C01446,2025-07-05,37,8849.14,162480.56,24,747,1.029,111,5,0,2336.05,2437.48,1,119,0.2495,5,2,0,0,0,1,0,0
CH-001655,CH-C00478,2025-07-05,57,8997.38,189239.19,36,796,0.6781,68,0,0,844.55,1474.63,0,100,0.3883,6,13,0,1,0,0,0,1
CH-001897,CH-C00302,2025-07-05,29,11940.42,225328.47,36,671,0.6798,126,0,0,1857.39,26143.62,0,115,0.2507,2,7,0,1,0,0,0,1
CH-000159,CH-C01472,2025-07-06,23,6330.43,130626.76,36,679,0.8463,12,0,0,1728.78,5853.39,1,39,0.5721,12,0,0,0,1,1,0,0
CH-000971,CH-C01835,2025-07-06,21,7735.92,111304.08,48,636,0.4012,11,0,0,785.1,3358.22,1,17,0.4677,11,0,0,0,0,0,1,0
CH-001010,CH-C00935,2025-07-06,23,16809.15,165122.4,60,652,0.4272,51,2,0,4428.73,37902.13,0,30,0.2904,4,1,1,0,0,0,1,0
CH-001163,CH-C01248,2025-07-06,59,13016.94,256884.46,36,741,0.8289,90,1,0,3654.65,54039.11,1,351,0.3721,7,2,1,0,0,0,1,0
CH-001329,CH-C01115,2025-07-06,29,10646.5,181968.25,60,681,0.6409,67,0,0,3790.01,28863.86,1,30,0.281,1,4,1,0,0,0,1,0
CH-001367,CH-C00275,2025-07-06,40,14735.7,71548.45,48,850,0.4253,3,1,0,4777.0,30569.07,1,158,0.2507,7,13,0,0,0,0,0,1
CH-001433,CH-C01026,2025-07-06,25,9495.73,74192.3,24,615,0.4126,40,0,0,826.4,13918.64,0,59,0.4164,5,6,0,0,1,0,1,0
CH-001954,CH-C01444,2025-07-06,21,5642.29,26362.02,12,642,0.4366,18,0,1,266.43,29017.54,1,13,0.5136,7,1,0,1,0,0,1,0
CH-000012,CH-C00914,2025-07-07,26,6652.78,46804.0,12,594,0.9982,84,3,0,2740.78,3158.36,1,5,0.3955,10,8,0,0,0,0,0,1
CH-000096,CH-C02092,2025-07-07,41,3443.04,36073.71,48,636,0.4547,241,0,0,814.15,1483.63,1,3,0.6721,6,5,0,0,0,0,1,0
CH-000394,CH-C01670,2025-07-07,44,10300.64,65210.82,24,794,0.323,265,1,0,609.78,6367.7,1,50,0.6517,9,19,0,1,0,0,1,0
CH-000486,CH-C01378,2025-07-07,50,3157.48,61984.84,60,702,0.5981,181,0,0,855.53,26805.18,0,55,0.4145,5,22,0,0,1,0,0,1
CH-000710,CH-C00201,2025-07-07,63,5104.14,90829.55,24,679,1.1594,149,0,0,2133.34,35491.23,1,290,0.5224,12,14,0,1,0,0,1,0
CH-000816,CH-C00057,2025-07-07,26,4618.16,30070.23,60,531,0.1529,23,0,0,205.01,2382.78,1,31,0.0087,1,1,0,1,0,1,0,0
CH-001095,CH-C01398,2025-07-07,29,9247.72,121802.9,36,749,0.7291,54,3,0,3359.01,46192.56,0,45,0.4548,9,9,1,0,0,1,0,0
CH-001309,CH-C01888,2025-07-07,63,9423.73,123593.57,36,744,0.3765,74,6,0,114.6,27025.5,1,388,0.2114,6,12,0,0,0,0,0,1
CH-001344,CH-C00381,2025-07-07,42,7219.43,97731.08,60,567,0.4505,182,0,0,1623.29,12786.42,1,153,0.7542,9,5,0,1,0,0,1,0
CH-001427,CH-C00963,2025-07-07,59,5549.21,35684.43,36,700,0.3372,301,1,0,880.04,19602.29,0,244,0.4831,4,23,1,0,0,0,0,1
CH-001622,CH-C01288,2025-07-07,45,4249.76,71947.04,24,807,0.7621,114,8,0,241.15,10794.28,1,32,0.3614,4,23,0,1,0,0,1,0
CH-001757,CH-C01305,2025-07-07,25,5349.37,52467.48,12,649,0.8799,59,1,0,334.85,16811.75,1,41,0.7641,9,2,0,0,0,0,1,0
CH-001793,CH-C01822,2025-07-07,31,9367.75,86610.65,12,636,0.9399,34,1,0,1587.6,6579.75,0,130,0.5268,4,7,1,0,0,0,1,0
CH-000074,CH-C00461,2025-07-08,31,5763.0,86101.51,60,692,0.3607,138,2,0,643.71,8355.4,0,63,0.1448,10,8,0,1,0,0,1,0
CH-000283,CH-C02061,2025-07-08,44,3180.61,56428.18,36,845,0.658,43,0,0,525.32,10317.07,1,265,0.1267,0,16,0,0,1,0,1,0
CH-000605,CH-C01286,2025-07-08,57,5916.47,22707.61,24,713,0.1721,296,0,0,71.78,22380.79,1,114,0.3732,7,10,1,0,0,1,0,0
CH-000638,CH-C01980,2025-07-08,26,10556.24,90870.5,60,473,0.5513,6,0,0,4305.38,55534.17,0,58,0.7021,0,3,0,0,1,0,1,0
CH-000931,CH-C01526,2025-07-08,37,22173.93,249843.41,24,784,0.765,166,0,0,6551.82,24200.48,1,48,0.4791,10,15,0,0,1,0,1,0
CH-001773,CH-C01063,2025-07-08,34,4125.85,59492.69,48,656,0.6068,23,1,1,1264.16,4798.05,1,143,0.3168,12,8,1,0,0,0,1,0
CH-001835,CH-C01767,2025-07-08,31,6197.01,67278.7,36,605,0.7322,59,1,0,2668.72,11789.45,1,69,0.3379,7,3,0,0,1,0,1,0
CH-000176,CH-C00850,2025-07-09,44,14355.0,87793.17,24,850,0.6139,101,0,0,5154.85,4682.63,1,129,0.1851,11,17,1,0,0,1,0,0
CH-000498,CH-C00091,2025-07-09,44,8489.95,43283.76,36,682,0.5948,226,0,1,3847.15,9472.17,1,107,0.1902,2,8,0,1,0,0,1,0
CH-001067,CH-C01782,2025-07-09,35,14286.39,289943.46,48,491,0.4409,151,1,0,258.96,18231.59,0,27,0.1665,1,14,0,1,0,0,1,0
CH-001306,CH-C01863,2025-07-09,60,3512.9,25773.63,48,612,0.5963,1,0,1,1557.68,4504.73,1,27,0.3369,1,18,0,0,1,0,1,0
CH-001469,CH-C00819,2025-07-09,63,6174.38,35190.41,60,633,0.4646,272,0,0,2282.28,13866.34,1,415,0.1442,6,35,0,0,0,1,0,0
CH-002061,CH-C01347,2025-07-09,53,7143.35,79107.47,24,674,0.5087,314,4,0,337.59,7857.9,1,261,0.1461,3,16,0,0,0,0,1,0
CH-002385,CH-C01846,2025-07-09,38,31417.89,350000,24,648,0.5946,2,2,1,4096.51,35577.19,0,23,0.4162,11,10,1,0,0,1,0,0
CH-000852,CH-C00839,2025-07-10,36,5621.91,122523.66,24,590,1.2606,14,3,2,1981.94,803.79,0,186,0.2165,11,4,0,1,0,0,0,1
CH-001080,CH-C00580,2025-07-10,31,5210.21,80193.61,12,670,1.4692,54,0,0,972.14,8854.12,1,116,0.2228,11,13,0,0,1,0,1,0
CH-002147,CH-C00214,2025-07-10,30,9454.04,123363.17,12,652,1.5418,13,0,0,4295.79,2317.65,1,71,0.1763,9,8,0,0,0,0,1,0
CH-000090,CH-C00044,2025-07-11,35,11192.62,206798.32,24,704,1.1817,138,0,0,4609.81,6355.8,1,154,0.8062,12,3,0,1,0,0,0,1
CH-000315,CH-C01924,2025-07-11,46,5243.55,88303.24,24,719,0.7773,307,2,0,396.71,4034.09,1,91,0.8883,2,23,0,0,1,1,0,0
CH-000456,CH-C00627,2025-07-11,64,9573.37,116727.7,36,612,0.488,192,0,0,1429.06,6755.4,0,131,0.5139,3,9,0,0,1,1,0,0
CH-000865,CH-C01911,2025-07-11,48,3933.83,36645.45,60,730,0.2115,140,0,0,221.17,7771.52,1,18,0.4541,6,30,0,0,0,0,1,0
CH-001056,CH-C02068,2025-07-11,42,3788.23,77127.57,36,708,0.8828,142,0,1,1201.78,3106.48,1,251,0.5003,8,12,0,0,0,0,1,0
CH-001123,CH-C01782,2025-07-11,35,12055.87,174171.03,48,656,0.6408,106,1,0,4096.69,37547.25,1,102,0.0913,1,14,0,1,0,0,1,0
CH-001342,CH-C01033,2025-07-11,33,10335.39,73986.62,12,698,0.8879,75,0,0,3011.19,1231.21,0,93,0.4344,10,6,0,0,0,1,0,0
CH-001760,CH-C00982,2025-07-11,54,12430.0,103389.23,36,686,0.5534,101,0,0,4006.88,26582.22,1,3,0.1712,11,31,0,1,0,0,1,0
CH-001790,CH-C00049,2025-07-11,25,14717.09,45074.97,12,,0.4415,8,2,0,2741.17,61756.39,1,49,0.2235,4,1,0,1,0,1,0,0
CH-001975,CH-C01931,2025-07-11,60,6600.53,93399.08,48,687,0.4372,194,0,0,940.11,20108.34,1,197,0.1406,0,6,0,1,0,0,1,0
CH-002181,CH-C00112,2025-07-11,32,10836.87,41594.23,60,624,0.1495,39,0,0,927.12,5711.09,1,26,0.262,4,6,1,0,0,0,1,0
CH-000112,CH-C02070,2025-07-12,46,6729.13,86902.63,60,699,0.2498,122,6,0,232.64,16456.8,1,290,0.5514,12,12,1,0,0,0,1,0
CH-000304,CH-C01240,2025-07-12,47,11464.77,222895.57,36,601,0.6267,43,0,0,992.91,10537.54,1,57,0.563,0,12,1,0,0,1,0,0
CH-000526,CH-C00625,2025-07-12,23,4019.93,15022.82,12,653,0.6594,44,2,0,1398.67,,1,20,0.5249,11,4,0,1,0,1,0,0
CH-001088,CH-C01573,2025-07-12,53,12708.02,188427.36,60,737,0.3992,173,0,0,1932.92,13015.77,1,33,0.2583,7,35,0,0,1,1,0,0
CH-001129,CH-C00469,2025-07-12,58,15717.52,276754.95,12,,1.6463,46,0,0,2812.97,14.93,1,41,0.7936,1,8,0,0,1,1,0,0
CH-001258,CH-C00089,2025-07-12,51,6984.43,128005.51,48,597,0.4915,189,0,1,765.81,32373.43,1,308,0.3407,12,13,1,0,0,1,0,0
CH-001467,CH-C00830,2025-07-12,57,6222.73,84439.05,36,621,0.4558,344,0,0,490.79,14093.28,1,335,0.4551,7,14,0,1,0,0,1,0
CH-001967,CH-C01889,2025-07-12,64,16197.81,310849.94,60,592,0.6778,268,3,0,5798.25,5871.56,1,271,0.2829,5,14,1,0,0,0,1,0
CH-002103,CH-C01810,2025-07-12,38,9839.85,196252.45,24,646,1.1647,199,5,0,3283.53,38373.54,1,210,0.8964,10,0,0,0,0,1,0,0
CH-002329,CH-C00511,2025-07-12,33,10839.06,133505.19,60,636,0.2371,180,1,0,344.74,58399.81,1,21,0.1555,0,14,0,0,1,0,1,0
CH-002444,CH-C00165,2025-07-12,47,5260.89,101285.22,24,720,1.2292,248,2,0,2246.31,20736.68,1,109,0.5707,4,4,0,1,0,0,1,0
CH-000013,CH-C00569,2025-07-13,53,4191.2,60655.62,24,646,0.9003,341,5,0,1246.03,7299.13,1,151,0.3861,7,19,0,1,0,0,1,0
CH-000642,CH-C00099,2025-07-13,24,17659.76,328856.46,60,604,0.4269,34,7,0,2058.04,27765.46,1,22,0.2697,4,4,0,0,1,1,0,0
CH-000744,CH-C00769,2025-07-13,53,6620.18,112940.17,12,506,1.5433,86,0,0,805.24,13487.82,1,359,0.2083,2,34,0,1,0,0,1,0
CH-000864,CH-C00639,2025-07-13,28,7896.51,80450.85,36,,0.3875,115,4,0,825.2,66721.58,1,80,0.5586,8,6,0,0,1,1,0,0
CH-001385,CH-C02087,2025-07-13,32,6721.8,34931.44,60,690,0.5268,13,0,0,2958.53,860.19,1,78,0.3121,7,12,0,0,0,0,1,0
CH-001387,CH-C00616,2025-07-13,48,3651.29,74152.86,24,732,0.9357,,0,0,326.67,5776.24,1,80,0.6143,7,17,0,0,0,0,1,0
CH-001493,CH-C01832,2025-07-13,23,7096.72,151818.7,60,606,0.5149,9,1,1,1123.61,12207.59,1,5,0.407,7,0,1,0,0,0,1,0
CH-002110,CH-C01344,2025-07-13,43,30843.35,165583.89,12,584,0.6705,164,0,0,6881.53,39034.7,0,43,0.2548,4,5,0,0,0,0,0,1
CH-002281,CH-C00231,2025-07-13,61,26210.08,214824.71,48,703,0.4405,110,0,0,7069.36,51609.99,1,4,0.4971,6,8,0,0,0,0,1,0
CH-002422,CH-C00923,2025-07-13,31,9132.82,94156.57,36,735,0.6982,100,0,0,3761.24,7431.21,1,129,0.3103,4,6,0,0,1,1,0,0
CH-000704,CH-C01594,2025-07-14,27,4981.85,107822.61,48,568,0.7619,31,1,1,1549.31,6304.13,1,63,0.6232,11,1,0,0,1,0,1,0
CH-000946,CH-C01171,2025-07-14,58,10558.75,117280.96,12,802,1.3195,117,4,0,4159.35,23677.75,0,401,0.3352,0,3,1,0,0,0,1,0
CH-000948,CH-C01273,2025-07-14,36,12471.0,237336.49,36,640,0.6121,30,0,0,1040.43,11572.99,1,1,0.21,4,10,1,0,0,1,0,0
CH-000982,CH-C00098,2025-07-14,56,10180.57,192275.68,24,599,0.8845,273,1,0,993.49,,1,66,0.4369,9,17,1,0,0,0,1,0
CH-001564,CH-C00828,2025-07-14,54,10419.93,56093.01,48,690,0.5376,285,0,0,4432.96,23598.4,1,375,0.1569,3,27,0,1,0,0,1,0
CH-002129,CH-C01012,2025-07-14,21,8627.64,185590.48,60,673,0.4087,15,0,0,432.69,8122.73,1,27,0.7801,6,0,0,1,0,1,0,0
CH-002491,CH-C00104,2025-07-14,57,6900.36,126575.85,48,742,0.8167,222,0,0,2998.37,,1,159,0.4909,9,29,1,0,0,0,1,0
CH-000761,CH-C01824,2025-07-15,42,10452.83,135852.42,24,759,0.6336,142,1,0,962.59,18242.07,1,190,0.5595,11,3,0,0,0,0,1,0
CH-000859,CH-C00065,2025-07-15,58,8187.56,38805.55,36,569,0.1686,166,4,0,302.7,9761.73,0,164,0.1821,10,3,0,0,1,0,1,0
CH-002118,CH-C00498,2025-07-15,43,8691.85,174256.47,36,630,0.9541,271,0,0,3452.61,2709.91,1,143,0.2451,3,0,0,1,0,1,0,0
CH-002395,CH-C00187,2025-07-15,60,15533.86,101584.53,12,745,0.6152,349,1,0,1091.28,14903.97,1,354,0.3767,3,6,0,0,0,1,0,0
CH-000405,CH-C01703,2025-07-16,51,6105.53,106349.6,60,710,0.5156,131,2,0,1375.53,13757.93,1,6,0.5538,10,8,0,0,0,1,0,0
CH-000790,CH-C00734,2025-07-16,24,8270.63,60782.45,12,740,0.7679,35,1,0,1286.22,3606.1,1,27,0.4671,2,0,1,0,0,0,0,1
CH-000838,CH-C00635,2025-07-16,59,5151.17,52462.57,24,546,0.653,175,1,0,1177.83,36904.87,1,372,0.6935,2,11,0,1,0,1,0,0
CH-001032,CH-C01656,2025-07-16,63,16934.53,116364.22,12,620,0.6019,145,0,0,495.14,3276.07,1,302,0.5353,4,5,0,1,0,0,1,0
CH-001126,CH-C00152,2025-07-16,26,6624.41,30807.93,12,699,0.7329,77,0,0,2287.75,2300.74,0,33,0.4109,8,1,0,0,0,0,0,1
CH-001142,CH-C01477,2025-07-16,31,4377.38,78533.89,36,674,0.5912,96,0,0,406.46,7002.62,0,47,0.061,1,9,0,1,0,0,1,0
CH-001577,CH-C02064,2025-07-16,40,11017.92,114213.22,60,844,0.4667,138,0,0,3238.25,6835.93,1,182,0.4155,12,2,0,0,0,0,0,1
CH-001675,CH-C00787,2025-07-16,52,4794.95,102811.89,24,540,1.0976,294,0,1,979.11,5617.0,1,187,0.1593,3,24,0,0,0,0,1,0
CH-001785,CH-C00582,2025-07-16,49,16155.03,350000,60,687,0.5594,1,1,1,3204.08,52369.56,1,241,0.7436,3,4,0,0,0,0,1,0
CH-002455,CH-C01122,2025-07-16,37,6730.02,44609.91,24,655,0.4042,211,0,1,861.68,19311.48,0,22,0.5026,12,2,0,1,0,0,0,1
CH-000268,CH-C01551,2025-07-17,53,10933.37,212798.62,36,737,0.8608,136,2,0,3500.01,71379.69,0,353,0.6397,9,14,0,0,1,0,0,1
CH-000443,CH-C00908,2025-07-17,23,4668.35,90489.72,36,661,0.9237,22,1,0,1798.32,18073.33,1,39,0.6731,3,5,0,0,0,1,0,0
CH-000596,CH-C01592,2025-07-17,36,8787.45,141672.74,36,728,0.659,181,1,0,1855.29,40323.59,0,202,0.5737,0,11,1,0,0,0,1,0
CH-000729,CH-C01598,2025-07-17,55,11824.08,104091.03,60,719,0.3152,358,0,0,1992.59,17659.72,1,309,0.3775,8,12,0,1,0,0,1,0
CH-001103,CH-C00328,2025-07-17,44,6320.16,27152.52,60,694,0.3403,1,0,0,1698.29,2813.66,1,291,0.7161,2,15,1,0,0,1,0,0
CH-001362,CH-C02029,2025-07-17,30,16936.13,99590.13,36,626,0.5208,75,5,1,6053.73,29389.2,1,79,0.0279,7,0,0,0,1,0,1,0
CH-001384,CH-C01984,2025-07-17,46,11562.52,43968.6,36,689,0.2932,203,0,1,2168.74,27010.48,1,168,0.4707,2,7,0,0,1,0,1,0
CH-001875,CH-C00565,2025-07-17,49,9864.34,108667.22,48,724,0.6584,114,1,0,4230.38,24580.27,0,238,0.3431,12,21,0,0,0,0,1,0
CH-001949,CH-C01427,2025-07-17,35,9162.11,109226.76,36,551,0.422,163,0,0,832.18,4151.21,1,187,0.2334,8,2,0,0,0,1,0,0
CH-002165,CH-C00923,2025-07-17,31,7213.47,119530.85,24,633,0.9481,,1,0,1858.28,58405.66,1,118,0.4348,4,7,0,0,1,1,0,0
CH-002278,CH-C00353,2025-07-17,21,9462.23,174466.39,60,722,0.6649,10,3,0,3384.08,1225.8,0,20,0.6539,7,3,1,0,0,0,1,0
CH-002398,CH-C01068,2025-07-17,37,9296.8,103717.74,24,527,0.6628,9,2,0,1840.43,8713.69,0,222,0.2883,0,6,0,0,0,0,1,0
CH-000678,CH-C01973,2025-07-18,50,16813.65,139204.62,48,734,0.3516,228,0,2,3011.98,,1,265,0.5166,11,12,0,0,1,0,1,0
CH-000688,CH-C01649,2025-07-18,27,5427.38,56737.08,48,636,0.3383,23,1,0,654.02,4483.3,0,65,0.6503,10,4,0,1,0,0,0,1
CH-001513,CH-C00065,2025-07-18,58,7299.9,91359.8,60,528,0.4133,153,0,1,1494.25,11829.69,0,11,0.5926,12,14,0,0,1,0,1,0
CH-001588,CH-C00127,2025-07-18,63,15495.64,96491.14,36,561,0.2082,27,2,0,545.63,8936.6,1,202,0.3055,11,5,1,0,0,1,0,0
CH-001907,CH-C01494,2025-07-18,48,20545.86,151942.64,24,696,0.7335,276,0,0,8740.26,42234.77,1,82,0.2754,7,27,0,0,1,0,1,0
CH-000325,CH-C01382,2025-07-19,56,5104.35,64263.2,12,703,1.5129,101,1,0,2367.21,2770.65,1,278,0.4915,6,18,1,0,0,1,0,0
CH-000517,CH-C00662,2025-07-19,27,4570.7,64533.53,24,709,0.6848,32,3,0,441.0,8156.13,1,31,0.2471,0,4,0,0,1,0,1,0
CH-000663,CH-C00503,2025-07-19,54,6948.32,28570.05,12,590,0.6797,299,2,0,2341.78,17454.96,0,410,0.4294,3,21,0,0,0,0,1,0
CH-001168,CH-C01969,2025-07-19,61,6944.09,95539.44,36,574,0.7084,95,1,0,2265.63,5461.41,1,328,0.3588,9,2,0,0,0,0,1,0
CH-001430,CH-C01196,2025-07-19,32,13102.77,219929.4,36,755,0.4974,,0,0,407.53,10560.85,1,24,0.3414,7,10,0,1,0,0,1,0
CH-001768,CH-C01047,2025-07-19,26,12203.79,69419.07,48,623,0.5532,29,0,1,5305.28,10850.1,1,7,0.7214,7,2,0,0,0,0,1,0
CH-001795,CH-C00655,2025-07-19,28,7648.61,135546.01,36,592,0.6201,106,2,0,977.44,40465.68,1,12,0.1214,1,9,1,0,0,0,1,0
CH-001812,CH-C00957,2025-07-19,59,8226.53,161948.65,60,731,0.4468,119,0,0,976.44,4312.76,1,312,0.1356,8,10,0,0,0,0,1,0
CH-001939,CH-C00583,2025-07-19,34,7101.99,124645.22,12,481,1.7016,185,1,0,1697.56,752.84,1,106,0.0571,11,1,0,0,0,0,1,0
CH-002029,CH-C01217,2025-07-19,23,19956.47,350000,36,769,0.9437,13,0,0,9109.95,9645.09,0,35,0.0992,10,5,0,1,0,0,0,1
CH-002231,CH-C01629,2025-07-19,39,6468.77,104512.3,48,646,0.6944,15,0,0,2314.79,8805.11,1,210,0.513,5,11,0,1,0,0,1,0
CH-002459,CH-C01725,2025-07-19,60,6700.81,120123.13,24,619,1.1869,41,0,0,2948.18,11790.95,1,84,0.3531,11,34,1,0,0,0,1,0
CH-002471,CH-C01416,2025-07-19,55,9864.07,78503.33,36,702,0.4585,308,0,0,2342.34,,1,181,0.2935,5,5,1,0,0,1,0,0
CH-000169,CH-C01897,2025-07-20,46,5775.51,23248.71,36,524,0.374,36,3,0,1514.13,50226.46,0,80,0.2474,11,3,0,1,0,0,0,1
CH-000467,CH-C01783,2025-07-20,29,7413.28,145214.06,60,587,0.4043,96,3,1,576.87,7503.64,1,80,0.2122,1,3,0,0,0,0,1,0
CH-001014,CH-C01735,2025-07-20,53,13082.36,85977.19,60,648,0.5487,215,2,0,5745.09,45384.33,1,260,0.5993,12,5,0,0,1,1,0,0
CH-001580,CH-C01386,2025-07-20,48,7980.55,107275.68,24,655,0.6822,,0,2,974.23,15587.88,1,204,0.221,0,1,1,0,0,0,1,0
CH-001699,CH-C01529,2025-07-20,47,12648.16,89072.71,12,714,0.6784,326,4,0,1157.32,59191.36,0,321,0.3215,5,10,0,1,0,0,1,0
CH-002234,CH-C01102,2025-07-20,32,7822.82,84560.94,24,700,0.5698,134,0,0,934.29,5508.86,0,21,0.3506,0,1,0,0,1,1,0,0
CH-002261,CH-C00281,2025-07-20,60,6316.72,89447.95,12,609,1.6012,251,0,0,2660.54,5367.76,1,71,0.1319,11,20,1,0,0,0,1,0
CH-002438,CH-C00243,2025-07-20,24,5392.47,79211.1,36,701,0.6235,65,0,0,1161.99,6193.83,1,71,0.1933,0,1,1,0,0,1,0,0
CH-000130,CH-C00260,2025-07-21,27,12890.9,54748.99,48,675,0.4542,94,1,0,4713.86,15747.55,1,72,0.0719,5,2,0,0,0,1,0,0
CH-000397,CH-C02058,2025-07-21,27,6566.58,105197.4,48,787,0.6827,3,0,0,2291.34,2004.43,1,81,0.7984,4,0,1,0,0,0,1,0
CH-000586,CH-C01798,2025-07-21,25,7298.77,93381.47,48,586,0.4017,60,4,0,986.13,10455.14,1,25,0.3047,7,0,0,0,1,0,1,0
CH-000683,CH-C00825,2025-07-21,36,7130.72,40845.65,60,682,0.5274,57,2,0,3080.04,5171.03,1,55,0.1337,5,12,0,1,0,0,1,0
CH-000836,CH-C00843,2025-07-21,32,18328.64,265247.04,24,613,0.7707,110,0,0,3074.0,8625.11,0,87,0.1577,12,9,0,0,1,0,0,1
CH-002038,CH-C01853,2025-07-21,51,10788.88,97693.52,24,601,0.7528,171,0,0,4051.21,36941.01,0,310,0.2134,4,1,0,0,1,0,1,0
CH-002235,CH-C01430,2025-07-21,22,6986.59,52888.7,36,617,0.3668,13,0,0,1093.68,26727.52,1,30,0.1328,11,1,0,0,1,1,0,0
CH-002300,CH-C01570,2025-07-21,21,8360.41,111497.18,48,766,0.5791,5,1,0,2518.9,4523.61,1,34,0.1886,0,2,0,0,0,1,0,0
CH-002365,CH-C00515,2025-07-21,36,7310.65,132609.24,48,638,0.624,149,2,0,1798.92,2565.91,1,5,0.1928,5,13,1,0,0,0,0,1
CH-000134,CH-C00305,2025-07-22,46,7140.02,103935.9,48,731,0.3742,208,0,0,506.26,1424.56,1,83,0.6643,11,21,0,0,1,1,0,0
CH-000223,CH-C01529,2025-07-22,47,10628.97,108215.77,60,629,0.2521,263,0,1,875.74,1116.69,1,214,0.4602,3,25,0,1,0,0,1,0
CH-001125,CH-C01137,2025-07-22,52,5080.52,83150.08,24,808,0.7307,57,0,1,247.93,4904.33,1,94,0.4682,8,28,1,0,0,1,0,0
CH-001822,CH-C01547,2025-07-22,52,8408.05,108395.39,12,798,1.2127,5,1,0,1163.39,18229.37,1,109,0.3749,8,19,1,0,0,1,0,0
CH-002445,CH-C01326,2025-07-22,48,13333.84,45667.04,48,593,0.3234,78,1,0,3361.14,67165.72,0,167,0.3877,1,24,0,1,0,0,1,0
CH-000244,CH-C01214,2025-07-23,53,24472.36,350000,12,680,1.6267,34,1,0,10643.73,143185.02,1,202,0.5017,3,29,0,0,1,0,1,0
CH-000530,CH-C01354,2025-07-23,31,14157.49,285389.1,36,617,0.5954,5,0,0,502.08,26644.03,1,20,0.4951,12,6,0,0,1,0,1,0
CH-000647,CH-C00836,2025-07-23,45,14813.39,317058.95,12,641,1.964,18,0,1,2671.49,129814.11,1,186,0.5207,7,2,0,1,0,1,0,0
CH-001110,CH-C00909,2025-07-23,39,4932.94,65269.4,24,714,0.6281,,5,1,379.04,3767.87,1,59,0.218,1,13,1,0,0,0,1,0
CH-001297,CH-C00831,2025-07-23,59,4869.64,84215.88,48,738,0.4945,284,1,0,653.38,7706.25,1,60,0.4647,5,13,1,0,0,0,1,0
CH-001343,CH-C01744,2025-07-23,44,11839.37,246617.13,24,551,1.0273,40,0,0,1886.68,,1,248,0.253,2,2,0,0,0,1,0,0
CH-001352,CH-C00442,2025-07-23,28,19681.55,307699.27,48,799,0.4784,70,0,0,3005.6,17748.18,1,51,0.1853,3,9,0,0,0,0,1,0
CH-001694,CH-C01806,2025-07-23,60,7188.97,142784.52,24,633,0.8699,13,0,0,304.48,5865.18,0,306,0.8264,3,27,0,0,0,0,0,1
CH-002458,CH-C01837,2025-07-23,33,6097.52,25718.99,48,665,0.3878,71,1,0,1828.77,4057.16,0,49,0.3528,11,3,0,1,0,0,0,1
CH-000050,CH-C01457,2025-07-24,45,11014.64,191388.99,60,,0.4422,120,0,0,1680.4,6406.7,1,202,0.2247,12,14,0,0,0,0,1,0
CH-000549,CH-C01336,2025-07-24,49,20217.65,328365.49,12,622,1.47,196,0,0,2357.14,20898.03,1,159,0.1016,6,30,0,0,0,0,1,0
CH-000909,CH-C01041,2025-07-24,23,10475.48,64990.98,48,677,0.4311,11,1,0,3162.19,11758.97,1,19,0.27,11,3,1,0,0,0,1,0
CH-000979,CH-C00116,2025-07-24,63,16375.64,288481.57,60,737,0.3615,167,0,1,1112.56,26007.41,1,214,0.3118,6,1,0,0,1,0,1,0
CH-001708,CH-C01293,2025-07-24,28,27840.88,160007.63,60,696,0.3577,56,0,0,7291.66,3861.43,1,106,0.4029,6,4,0,0,1,0,1,0
CH-002034,CH-C01821,2025-07-24,35,8128.68,162661.81,36,679,0.9923,161,0,0,3547.61,36564.05,1,81,0.7091,2,5,1,0,0,0,1,0
CH-002065,CH-C01267,2025-07-24,22,15148.33,118557.41,48,540,0.6013,1,0,0,6638.31,28333.6,1,26,0.6332,7,0,0,1,0,0,1,0
CH-002391,CH-C00329,2025-07-24,61,10601.23,105524.88,60,610,0.1914,195,1,0,270.37,6914.76,1,239,0.0593,4,27,1,0,0,1,0,0
CH-002480,CH-C00831,2025-07-24,59,3954.79,26175.65,24,661,0.6284,227,0,0,1394.46,6461.74,1,373,0.5067,7,24,1,0,0,0,1,0
CH-000365,CH-C00104,2025-07-25,57,7391.92,104690.38,12,624,1.3589,184,0,0,1320.52,26923.34,1,111,0.3768,4,25,1,0,0,0,1,0
CH-000746,CH-C00148,2025-07-25,61,5909.4,62395.49,36,640,0.3215,197,3,0,166.78,11471.58,1,272,0.34,3,10,1,0,0,0,1,0
CH-000862,CH-C01133,2025-07-25,24,8218.52,174144.51,60,551,0.6527,69,1,0,2461.59,29.54,1,17,0.3531,1,5,1,0,0,1,0,0
CH-000938,CH-C00504,2025-07-25,35,10303.57,140603.49,48,647,0.632,171,1,0,3582.73,14090.75,1,38,0.5635,7,2,1,0,0,0,1,0
CH-001226,CH-C01715,2025-07-25,46,10120.84,109609.62,60,674,0.2199,154,1,0,399.09,43083.4,1,311,0.8595,10,17,0,0,0,0,1,0
CH-001380,CH-C00978,2025-07-25,29,14075.64,84904.85,48,,0.5798,25,0,0,6392.1,49065.84,1,101,0.5254,1,5,0,1,0,0,1,0
CH-001453,CH-C01649,2025-07-25,27,5997.39,55965.38,60,592,0.3599,9,0,0,1225.75,4123.18,1,80,0.671,2,0,0,1,0,0,0,1
CH-001525,CH-C01755,2025-07-25,34,7645.67,157072.18,60,826,0.6555,15,1,0,2393.59,89745.14,1,179,0.5915,10,2,1,0,0,1,0,0
CH-001541,CH-C01759,2025-07-25,32,13145.06,243869.11,24,631,1.0748,49,0,1,3967.38,36351.98,0,43,0.3362,2,13,0,0,1,0,1,0
CH-001847,CH-C00158,2025-07-25,61,7348.74,110758.84,12,673,1.4529,326,0,0,1447.37,1720.39,1,101,0.3523,6,2,1,0,0,1,0,0
CH-002070,CH-C00485,2025-07-25,59,6808.71,44631.11,60,706,0.3943,274,2,1,1940.9,16280.24,1,14,0.2133,11,28,0,1,0,0,1,0
CH-002238,CH-C02055,2025-07-25,29,14262.62,256830.38,12,568,1.9595,123,0,0,6544.67,20972.12,1,94,0.215,3,6,1,0,0,1,0,0
CH-002378,CH-C00129,2025-07-25,51,20697.66,265608.04,24,676,0.7353,189,1,2,4151.22,9489.15,1,188,0.3263,6,5,0,1,0,0,1,0
CH-000017,CH-C01831,2025-07-26,38,12223.21,80990.7,36,659,0.5644,217,3,0,4649.33,7780.64,1,238,0.4281,12,12,0,0,0,0,1,0
CH-000292,CH-C01232,2025-07-26,61,11177.91,117346.45,24,649,0.8429,252,0,1,4532.91,9463.32,0,403,0.4296,12,23,0,1,0,0,0,1
CH-000913,CH-C01904,2025-07-26,55,10509.07,78318.56,48,683,0.4851,308,1,0,3466.53,32045.07,1,124,0.5363,11,13,0,0,1,1,0,0
CH-001270,CH-C01865,2025-07-26,59,8130.98,137698.54,12,725,1.8286,165,0,0,3393.07,31915.81,1,189,0.1649,9,26,0,1,0,0,1,0
CH-001682,CH-C01088,2025-07-26,55,6599.0,77460.21,60,,0.2596,83,1,1,421.94,14301.9,1,386,0.1062,12,0,1,0,0,1,0,0
CH-002393,CH-C00809,2025-07-26,52,9879.45,77102.77,12,749,1.0265,234,1,1,3716.03,2948.25,1,35,0.7249,8,11,1,0,0,0,1,0
CH-000098,CH-C01544,2025-07-27,38,6870.44,46798.48,60,,0.4183,25,0,1,2093.65,10764.05,1,64,0.4192,2,19,1,0,0,0,1,0
CH-000235,CH-C00487,2025-07-27,31,20275.93,350000,48,574,0.5189,103,0,1,3229.98,40651.98,1,53,0.759,6,8,0,1,0,1,0,0
CH-000483,CH-C01189,2025-07-27,48,9728.72,213709.99,60,596,0.507,239,0,0,1370.65,40027.53,1,29,0.2327,3,8,0,0,1,1,0,0
CH-000662,CH-C00692,2025-07-27,63,15224.52,210870.43,12,533,1.264,268,0,0,1671.3,12141.03,1,186,0.5172,11,31,0,0,1,0,1,0
CH-000677,CH-C01770,2025-07-27,28,4270.02,43722.5,12,691,0.896,77,0,1,182.43,10499.85,0,80,0.5691,11,5,0,1,0,0,0,1
CH-001076,CH-C01367,2025-07-27,27,8611.8,26029.39,12,,0.6061,97,0,2,3050.58,25820.43,1,10,0.2351,11,3,1,0,0,0,1,0
CH-001083,CH-C00370,2025-07-27,31,4788.17,34560.61,60,712,0.4003,36,0,0,1340.47,4396.45,0,120,0.8331,6,2,0,0,1,0,1,0
CH-001248,CH-C01304,2025-07-27,54,6075.42,59698.57,36,713,0.3276,136,3,0,332.0,10858.14,1,146,0.3378,1,1,1,0,0,1,0,0
CH-002464,CH-C00123,2025-07-27,55,7397.36,129633.95,36,649,0.8219,271,0,0,2478.9,,1,269,0.7148,5,32,0,0,0,0,1,0
CH-000166,CH-C00978,2025-07-28,29,14140.51,116014.49,24,668,0.6053,114,0,0,3725.05,58151.94,1,56,0.1651,8,11,0,1,0,0,1,0
CH-000274,CH-C00347,2025-07-28,64,6561.56,127439.22,48,504,0.4913,161,0,0,568.59,2861.65,1,55,0.1402,8,23,0,1,0,0,1,0
CH-000507,CH-C00976,2025-07-28,45,8143.3,142365.75,12,711,1.8369,,0,0,3094.68,9215.34,0,179,0.5744,11,25,1,0,0,1,0,0
CH-000797,CH-C00872,2025-07-28,63,5994.68,69233.53,36,678,0.7596,335,0,0,2630.42,968.72,1,114,0.5386,8,18,0,1,0,0,1,0
CH-000851,CH-C01646,2025-07-28,55,7549.38,74301.59,48,534,0.3948,337,1,0,1432.35,22749.59,1,256,0.5224,4,10,0,1,0,0,1,0
CH-000924,CH-C00089,2025-07-28,51,8378.62,53876.19,48,523,0.589,33,3,0,3812.99,32204.64,0,286,0.384,3,25,1,0,0,1,0,0
CH-001166,CH-C01587,2025-07-28,60,9383.47,67474.78,60,713,0.5001,97,1,0,3568.07,325.79,1,384,0.301,0,10,0,1,0,0,1,0
CH-001322,CH-C01977,2025-07-28,41,5383.47,115279.89,60,557,0.8179,256,0,1,2481.73,25345.46,0,187,0.5106,4,21,0,0,1,0,0,1
CH-001373,CH-C01482,2025-07-28,36,6604.67,49508.68,12,671,1.055,145,3,0,2841.91,2822.53,1,129,0.9334,5,14,0,0,1,0,1,0
CH-001707,CH-C00185,2025-07-28,44,8437.85,133433.23,60,759,0.5662,81,0,0,2553.82,20074.14,0,88,0.4335,11,17,0,0,1,0,1,0
CH-001919,CH-C00890,2025-07-28,35,3034.71,59369.81,12,698,1.8499,108,0,0,666.5,4408.83,1,73,0.1216,6,10,0,0,0,1,0,0
CH-002083,CH-C01756,2025-07-28,24,12100.11,37117.89,12,768,0.5053,29,0,0,3021.2,13514.31,1,29,0.2207,11,6,0,0,0,1,0,0
CH-002208,CH-C00220,2025-07-28,29,11673.71,106847.3,12,745,0.8716,121,0,0,1271.44,23416.89,1,43,0.131,3,5,0,0,1,0,1,0
CH-000009,CH-C00435,2025-07-29,36,7486.7,44604.22,12,648,0.548,94,1,1,385.61,4403.55,0,3,0.7351,1,14,0,0,0,0,1,0
CH-000030,CH-C01386,2025-07-29,48,6483.67,83764.96,48,656,0.52,314,0,0,1626.52,15680.45,1,354,0.6658,2,20,1,0,0,0,1,0
CH-000385,CH-C01488,2025-07-29,64,6112.32,114719.6,24,700,1.2378,94,2,0,2786.06,17708.89,1,223,0.3285,3,29,0,0,0,1,0,0
CH-000458,CH-C01120,2025-07-29,47,8013.45,163807.24,36,733,0.8809,58,0,1,2508.74,30435.28,1,258,0.7505,2,2,0,0,0,0,0,1
CH-002180,CH-C00055,2025-07-29,21,5680.1,60193.42,48,767,0.4421,5,0,0,1257.4,4805.88,0,36,0.3148,5,0,1,0,0,0,0,1
CH-002232,CH-C01610,2025-07-29,30,6488.76,94839.87,24,556,0.655,51,4,0,298.31,11463.86,0,126,0.3929,7,3,0,1,0,0,0,1
CH-000503,CH-C00505,2025-07-30,32,8925.71,136574.2,48,567,0.6036,95,1,0,2542.2,2368.23,0,165,0.0833,8,11,0,0,0,0,1,0
CH-000707,CH-C01983,2025-07-30,25,4800.07,35134.65,36,583,0.4592,81,1,0,1228.15,22216.97,0,53,0.3513,9,1,0,0,1,0,1,0
CH-001621,CH-C00998,2025-07-30,62,15796.52,273643.32,48,689,0.5928,50,1,0,3663.3,81853.08,1,23,0.3565,7,12,0,0,0,0,1,0
CH-001702,CH-C01937,2025-07-30,36,6188.61,67051.73,48,739,0.4371,,0,0,1308.09,3342.51,1,176,0.7463,8,11,0,1,0,0,1,0
CH-001807,CH-C00816,2025-07-30,33,5023.1,20591.58,36,636,0.2842,57,0,0,855.47,22046.14,0,135,0.5196,11,5,0,0,0,0,0,1
CH-001948,CH-C00247,2025-07-30,31,10997.59,148382.92,24,677,0.7719,119,0,0,2306.13,39296.91,1,6,0.4051,3,3,0,1,0,0,1,0
CH-002003,CH-C00154,2025-07-30,56,6417.27,34661.57,24,735,0.4563,242,2,0,1483.92,1897.1,0,253,0.2025,8,4,0,1,0,1,0,0
CH-002173,CH-C00275,2025-07-30,40,9692.42,169841.78,24,850,0.831,49,1,0,978.03,13870.76,1,113,0.443,11,17,0,0,0,0,0,1
CH-000149,CH-C00266,2025-07-31,31,4351.98,67637.96,36,733,0.863,42,0,0,1876.71,8133.71,1,69,0.9084,0,3,1,0,0,0,1,0
CH-000383,CH-C01461,2025-07-31,57,7868.84,153291.14,60,625,0.5044,59,0,1,1414.05,1084.93,1,195,0.3243,1,15,0,0,0,0,1,0
CH-000422,CH-C01506,2025-07-31,40,9617.48,36168.13,24,730,0.2435,207,1,0,834.75,10467.8,1,129,0.1635,5,10,0,0,1,0,1,0
CH-000715,CH-C01573,2025-07-31,53,11161.6,187174.46,48,779,0.4887,84,0,0,1554.86,27621.92,1,16,0.5093,4,35,0,0,1,1,0,0
CH-000915,CH-C00066,2025-07-31,26,7672.81,76995.73,60,753,0.3801,35,1,0,1632.81,9035.31,0,83,0.8934,4,5,0,1,0,1,0,0
CH-001109,CH-C00211,2025-07-31,22,7896.67,48747.23,48,605,0.2389,15,0,0,870.74,26758.24,1,28,0.0921,3,0,0,1,0,1,0,0
CH-001437,CH-C00771,2025-07-31,51,5277.55,100184.36,36,659,0.9099,107,0,0,2019.19,23438.41,1,247,0.4534,6,15,0,0,0,0,1,0
CH-001491,CH-C00704,2025-07-31,27,13639.39,254000.91,60,791,0.4801,47,0,0,2314.84,3771.71,0,63,0.2729,11,2,1,0,0,0,0,1
CH-001509,CH-C01163,2025-07-31,50,10069.29,181712.21,24,616,0.7865,115,3,0,347.83,16233.45,1,100,0.161,6,14,1,0,0,0,1,0
CH-001543,CH-C00431,2025-07-31,29,5553.65,57689.89,24,794,0.5151,38,4,0,456.69,7657.44,1,131,0.4739,11,3,0,1,0,0,1,0
CH-001910,CH-C01560,2025-07-31,49,12360.35,113035.73,48,552,0.5868,167,0,1,4898.14,141451.17,1,148,0.1031,6,18,0,1,0,0,1,0
CH-001938,CH-C01777,2025-07-31,49,4642.4,33749.15,48,694,0.178,302,5,0,123.35,7728.73,0,223,0.4984,3,31,0,1,0,0,0,1
CH-001950,CH-C01146,2025-07-31,26,6097.83,107677.12,60,,0.3695,94,1,1,458.45,10431.42,1,29,0.0675,2,4,0,1,0,1,0,0
CH-002005,CH-C00090,2025-07-31,41,5084.48,49643.79,36,543,0.3423,189,1,0,361.25,40753.4,1,104,0.4434,7,4,0,0,0,0,1,0
CH-002058,CH-C01895,2025-07-31,53,14546.32,234337.41,24,700,0.8064,108,0,0,1966.53,23995.0,0,40,0.3005,3,21,0,0,1,0,1,0
CH-002125,CH-C00558,2025-07-31,27,8061.47,25976.07,24,,0.3608,101,0,0,1825.85,1670.02,1,93,0.5984,0,0,1,0,0,0,1,0
CH-000310,CH-C00070,2025-08-01,48,7501.57,133837.89,12,632,1.5652,185,5,0,588.24,12440.84,1,42,0.2103,3,30,1,0,0,0,1,0
CH-000666,CH-C00759,2025-08-01,24,9667.81,103379.54,24,587,0.7999,13,3,0,3425.45,7336.66,1,52,0.3335,6,1,0,0,0,0,1,0
CH-000787,CH-C01959,2025-08-01,39,9774.98,177134.78,24,640,1.0159,155,4,0,2550.19,2063.89,0,94,0.3505,3,18,1,0,0,0,0,1
CH-001213,CH-C00011,2025-08-01,38,6744.63,96445.58,36,536,0.4598,128,1,0,422.3,14417.02,1,35,0.5902,10,12,0,1,0,1,0,0
CH-001672,CH-C01509,2025-08-01,21,14244.96,261911.65,36,550,0.8449,,2,0,4760.51,57895.0,0,35,0.7634,1,0,0,1,0,0,1,0
CH-000116,CH-C01836,2025-08-02,45,10940.57,207039.71,60,660,0.3367,300,0,0,233.12,33591.49,1,280,0.6513,4,3,0,1,0,1,0,0
CH-000264,CH-C00958,2025-08-02,54,3885.22,63461.2,36,525,0.723,204,0,0,1046.28,6617.52,1,82,0.2517,7,29,0,1,0,1,0,0
CH-000904,CH-C00652,2025-08-02,56,17231.13,167410.17,60,767,0.5734,177,1,1,7091.01,38124.21,1,80,0.564,2,33,0,0,0,0,1,0
CH-001091,CH-C00606,2025-08-02,35,8073.4,128370.69,48,640,0.4477,,1,0,939.97,32072.04,1,56,0.822,5,4,0,0,0,0,1,0
CH-001489,CH-C00243,2025-08-02,24,5539.59,25094.92,12,656,0.4328,52,3,1,306.05,26219.9,1,29,0.3451,10,6,1,0,0,1,0,0
CH-001599,CH-C00618,2025-08-02,29,14008.46,277796.29,24,706,1.2684,48,0,0,6193.27,65254.22,0,132,0.3619,11,7,1,0,0,0,0,1
CH-001989,CH-C00494,2025-08-02,36,6714.67,106214.97,12,559,1.5141,22,1,0,1315.26,4060.24,1,138,0.6977,12,2,0,1,0,1,0,0
CH-002338,CH-C01826,2025-08-02,28,21202.85,258160.89,36,567,0.7476,17,3,0,8679.51,60536.83,1,117,0.5744,11,6,0,1,0,1,0,0
CH-002440,CH-C00040,2025-08-02,38,18094.14,238204.11,12,707,1.4256,186,1,2,5945.07,44205.25,1,71,0.3328,2,11,0,0,1,1,0,0
CH-000053,CH-C00868,2025-08-03,49,10932.12,204078.35,36,723,0.605,59,2,0,945.61,35677.46,0,79,0.4286,4,30,0,1,0,1,0,0
CH-000152,CH-C01597,2025-08-03,30,10329.1,77487.71,24,528,0.3393,115,1,0,275.51,10491.38,0,51,0.5377,8,8,0,0,1,0,0,1
CH-000218,CH-C00749,2025-08-03,41,8803.14,132405.84,60,650,0.2656,226,0,0,131.55,21242.22,1,263,0.3623,6,11,0,0,0,1,0,0
CH-000347,CH-C01658,2025-08-03,33,9524.5,199676.92,12,727,2.2117,110,3,0,4426.02,14764.68,1,58,0.436,0,11,0,0,0,1,0,0
CH-000930,CH-C00888,2025-08-03,29,10406.27,53220.16,60,756,0.2162,123,0,0,1362.61,,1,37,0.2493,12,7,0,0,0,0,0,1
CH-000975,CH-C00758,2025-08-03,41,10443.44,112329.22,48,633,0.4821,153,0,0,2694.82,32457.94,1,239,0.4442,2,19,0,0,0,0,1,0
CH-001446,CH-C01338,2025-08-03,37,3740.13,25150.91,36,709,0.5668,2,1,1,1421.43,4674.25,1,209,0.4298,7,0,1,0,0,0,1,0
CH-001488,CH-C00832,2025-08-03,53,8009.51,63741.57,48,531,0.1789,133,2,0,104.65,11465.07,1,283,0.4664,6,26,0,0,0,1,0,0
CH-001804,CH-C01397,2025-08-03,55,4703.74,43058.32,36,576,0.546,158,2,0,1372.09,491.6,0,168,0.4421,3,2,1,0,0,1,0,0
CH-002016,CH-C00674,2025-08-03,36,4436.92,49529.9,60,,0.5326,164,0,0,1537.8,12140.59,1,205,0.1501,9,0,1,0,0,0,1,0
CH-000029,CH-C00189,2025-08-04,51,11003.04,218477.7,48,632,0.7136,358,0,0,3300.54,20411.05,1,56,0.2028,10,17,0,0,0,0,1,0
CH-000243,CH-C01151,2025-08-04,32,9438.01,164410.69,60,643,0.5506,100,2,0,2456.36,8372.39,1,101,0.6761,5,0,1,0,0,0,1,0
CH-001078,CH-C01385,2025-08-04,44,19029.57,345367.18,24,600,0.9392,17,1,1,3482.49,13268.65,1,17,0.5265,6,25,1,0,0,1,0,0
CH-001283,CH-C00776,2025-08-04,29,8998.63,110434.32,24,558,0.8559,78,2,0,3100.25,68517.84,1,42,0.5953,0,2,1,0,0,0,1,0
CH-002143,CH-C02094,2025-08-04,27,12006.25,231727.38,60,708,0.4669,54,1,0,1743.92,1220.83,1,62,0.5554,7,6,0,0,1,0,1,0
CH-002279,CH-C00869,2025-08-04,49,5410.29,26613.46,48,670,0.3159,228,0,0,1154.57,13766.9,1,254,0.4747,9,13,0,0,0,0,1,0
CH-002461,CH-C00603,2025-08-04,36,10142.55,101769.55,48,651,0.395,91,1,0,1885.96,17926.76,1,16,0.7806,6,15,0,0,0,1,0,0
CH-000640,CH-C02080,2025-08-05,52,8163.92,84753.03,36,678,0.4774,147,4,0,1543.36,3790.71,1,39,0.3623,9,6,1,0,0,1,0,0
CH-000716,CH-C01301,2025-08-05,29,4593.12,86061.54,48,614,0.4653,96,6,0,344.37,7931.42,0,15,0.4038,11,6,0,0,1,0,0,1
CH-000934,CH-C01827,2025-08-05,60,4215.99,58103.18,36,,0.5962,153,0,0,899.68,7341.49,1,370,0.391,5,13,0,0,1,0,1,0
CH-001057,CH-C00811,2025-08-05,40,6332.59,96207.75,36,648,0.4435,146,0,0,136.28,2891.5,0,164,0.6788,2,15,0,0,0,0,1,0
CH-001705,CH-C00189,2025-08-05,51,10435.53,216252.29,60,591,0.3662,299,3,0,216.89,6446.62,1,11,0.3245,2,9,0,0,0,0,1,0
CH-001901,CH-C00509,2025-08-05,48,11918.97,261933.45,60,714,0.7938,199,0,0,5095.79,6305.27,1,7,0.1304,3,22,1,0,0,0,1,0
CH-001977,CH-C00377,2025-08-05,56,5015.79,38384.73,12,748,0.7586,278,3,1,606.14,3449.24,1,91,0.2329,4,19,0,0,0,0,1,0
CH-002018,CH-C01950,2025-08-05,31,7705.07,118296.73,48,636,0.4032,75,1,0,641.83,24177.28,1,102,0.6756,1,6,0,0,0,0,1,0
CH-000143,CH-C01129,2025-08-06,63,8292.59,139244.35,48,753,0.6486,56,0,0,2477.44,29577.93,1,80,0.4636,3,0,1,0,0,1,0,0
CH-000211,CH-C00687,2025-08-06,40,5483.0,108648.73,12,,1.692,207,3,0,222.99,,1,215,0.6761,11,9,0,0,1,0,0,1
CH-000461,CH-C00725,2025-08-06,36,3840.67,11563.81,60,,0.1082,37,5,0,222.95,13811.97,0,78,0.6106,1,15,0,0,0,0,0,1
CH-000750,CH-C01183,2025-08-06,43,10933.88,54143.12,12,835,0.8702,202,1,0,5002.52,23914.05,0,177,0.1911,1,19,0,1,0,0,1,0
CH-000786,CH-C00151,2025-08-06,38,10823.44,96408.68,36,744,0.5416,42,3,0,3184.14,72829.7,1,230,0.5994,9,8,0,0,1,0,1,0
CH-000794,CH-C02084,2025-08-06,50,12709.85,122541.51,60,664,0.2498,305,1,0,1132.04,54489.55,1,316,0.5648,4,11,0,0,0,1,0,0
CH-000828,CH-C01172,2025-08-06,33,12070.52,161621.2,12,630,1.1857,85,3,0,843.71,23276.18,1,160,0.4208,4,2,0,1,0,1,0,0
CH-000856,CH-C00450,2025-08-06,54,16865.5,53362.47,48,848,0.329,276,0,0,4436.82,104188.79,1,72,0.1059,0,7,0,1,0,0,1,0
CH-001230,CH-C00460,2025-08-06,28,6058.7,28725.43,12,629,0.7106,55,0,0,1911.61,16664.47,1,75,0.7873,4,3,1,0,0,1,0,0
CH-001687,CH-C00816,2025-08-06,33,5624.62,108816.29,24,646,0.8492,22,0,1,242.65,3164.42,0,19,0.6622,12,4,0,0,0,0,0,1
CH-002244,CH-C01665,2025-08-06,60,11583.5,74601.62,60,712,0.3919,173,6,0,3296.75,33389.37,1,256,0.3677,3,33,0,0,0,0,1,0
CH-000189,CH-C00617,2025-08-07,48,6401.9,64783.13,60,615,0.1945,76,0,1,165.29,26199.48,1,122,0.3839,9,18,0,0,1,0,1,0
CH-000815,CH-C00860,2025-08-07,24,6981.53,82443.51,12,573,1.3501,,2,0,2555.54,20350.52,1,16,0.353,11,6,1,0,0,0,1,0
CH-000881,CH-C01191,2025-08-07,30,15460.05,220176.27,60,652,0.4906,67,1,0,3914.99,11723.66,1,26,0.6667,12,8,1,0,0,1,0,0
CH-001216,CH-C00048,2025-08-07,58,7245.87,44001.42,24,612,0.5107,324,0,1,1867.15,10684.74,1,247,0.2424,11,23,0,0,1,1,0,0
CH-001296,CH-C00379,2025-08-07,46,11276.83,40599.59,48,644,0.09,202,1,0,168.69,17729.99,1,209,0.766,7,21,0,0,1,1,0,0
CH-001818,CH-C00046,2025-08-07,35,7475.14,155421.14,12,736,1.7884,40,1,0,416.75,11697.96,1,182,0.5857,4,16,0,0,1,1,0,0
CH-002322,CH-C01422,2025-08-07,38,6186.67,84944.87,60,593,0.366,210,1,0,848.84,23578.02,0,189,0.3212,2,19,0,1,0,0,1,0
CH-000804,CH-C01189,2025-08-08,48,9384.02,146359.91,60,593,0.5196,311,2,0,2436.15,928.23,1,120,0.462,3,16,0,0,1,1,0,0
CH-000976,CH-C01701,2025-08-08,45,4137.94,17407.39,12,636,0.3761,293,3,0,105.63,8262.74,1,293,0.4666,2,27,0,0,0,1,0,0
CH-001211,CH-C00487,2025-08-08,31,23514.68,146897.51,12,483,0.7518,25,0,1,5436.37,12232.19,1,28,0.4462,3,5,0,1,0,1,0,0
CH-001259,CH-C01128,2025-08-08,39,7613.24,115430.65,60,850,0.5928,57,0,0,2589.6,2963.43,1,32,0.4091,11,0,0,1,0,0,1,0
CH-001452,CH-C00609,2025-08-08,35,5238.28,83270.47,24,741,0.994,35,0,0,1737.34,4207.09,1,157,0.12,8,13,1,0,0,1,0,0
CH-001643,CH-C01534,2025-08-08,46,17225.06,317967.59,60,623,0.7508,309,3,0,7633.78,6667.36,1,174,0.2825,4,5,0,0,0,0,1,0
CH-001740,CH-C00348,2025-08-08,54,5621.09,88945.04,12,747,1.3883,189,0,0,391.54,6359.87,1,156,0.4334,5,9,1,0,0,1,0,0
CH-002101,CH-C01030,2025-08-08,52,8303.26,35001.98,60,538,0.4947,166,0,0,3523.95,6077.87,1,334,0.3997,11,13,0,0,1,1,0,0
CH-002418,CH-C00990,2025-08-08,61,6105.71,119033.28,12,694,1.8053,172,0,0,1103.42,21924.51,1,268,0.2865,12,19,1,0,0,0,1,0
CH-002452,CH-C01960,2025-08-08,53,8098.56,140208.07,12,609,1.8971,253,0,0,3679.39,29106.36,1,405,0.2082,12,29,1,0,0,1,0,0
CH-000062,CH-C01241,2025-08-09,57,3250.77,18501.72,48,626,0.2422,116,1,0,401.83,17225.14,1,119,0.2341,1,1,0,0,1,1,0,0
CH-000362,CH-C01376,2025-08-09,23,3434.29,40999.84,12,850,1.4226,55,0,1,1468.82,299.4,1,55,0.3086,8,4,1,0,0,1,0,0
CH-000861,CH-C01222,2025-08-09,59,2500,24894.05,60,492,0.3838,76,3,0,544.61,10214.28,1,221,0.3077,7,11,1,0,0,0,1,0
CH-001106,CH-C01678,2025-08-09,34,8056.07,40706.91,36,704,0.3511,150,3,0,1697.82,33154.85,1,30,0.6035,8,11,1,0,0,1,0,0
CH-001439,CH-C00551,2025-08-09,63,4074.07,17562.77,60,737,0.4208,269,3,0,1421.82,3238.07,1,15,0.0433,7,31,1,0,0,0,1,0
CH-001484,CH-C00158,2025-08-09,61,6564.88,32427.64,36,580,0.4406,54,0,1,1991.57,4977.23,0,261,0.7321,8,5,1,0,0,1,0,0
CH-001549,CH-C00160,2025-08-09,24,6081.01,48417.27,60,657,0.3562,51,0,0,1359.05,1442.28,1,32,0.2357,6,4,1,0,0,1,0,0
CH-001627,CH-C01650,2025-08-09,21,6150.86,21217.54,48,735,0.1758,8,1,0,639.38,6912.31,1,20,0.313,10,1,0,1,0,1,0,0
CH-001723,CH-C00160,2025-08-09,24,7417.62,30174.89,12,611,0.7263,15,0,0,2873.13,13111.59,1,21,0.6213,1,2,1,0,0,1,0,0
CH-001985,CH-C00309,2025-08-09,36,8408.92,124747.41,36,762,0.6528,33,3,0,2023.79,6512.81,1,192,0.5583,4,10,0,0,0,0,1,0
CH-002225,CH-C01249,2025-08-09,23,10136.8,174009.06,24,737,0.7935,14,1,1,793.29,1560.34,1,38,0.243,11,2,0,1,0,0,1,0
CH-000534,CH-C01883,2025-08-10,56,10879.54,38613.28,24,684,0.1852,24,1,0,405.95,14985.04,1,205,0.3061,3,26,0,0,0,0,1,0
CH-000552,CH-C00384,2025-08-10,41,19646.95,184131.77,48,,0.5123,50,0,0,6229.49,60816.04,0,97,0.4979,10,20,0,1,0,0,0,1
CH-000693,CH-C01244,2025-08-10,54,12659.24,151876.49,48,707,0.6661,52,0,0,5268.2,9084.71,1,180,0.2674,2,35,0,0,1,0,1,0
CH-000783,CH-C01459,2025-08-10,27,12008.33,144994.14,12,640,1.4375,31,2,1,5178.68,4530.42,1,46,0.5971,1,8,1,0,0,0,1,0
CH-000947,CH-C01945,2025-08-10,60,7007.44,24736.26,48,675,0.4053,303,0,0,2325.07,,1,321,0.5657,11,28,0,1,0,0,1,0
CH-001041,CH-C00410,2025-08-10,33,6039.07,53607.19,24,726,0.4914,109,4,0,734.01,14315.17,1,74,0.7167,11,5,1,0,0,0,1,0
CH-001063,CH-C00914,2025-08-10,26,5090.9,87092.29,48,571,0.7657,77,3,1,2083.68,5062.25,0,77,0.4837,12,8,0,0,0,0,0,1
CH-001434,CH-C00733,2025-08-10,57,11474.36,184064.57,36,788,0.4612,41,1,1,179.13,3233.5,1,392,0.0852,12,10,1,0,0,0,1,0
CH-001524,CH-C01837,2025-08-10,33,9126.14,43956.47,60,681,0.449,145,0,0,3364.86,34212.05,1,144,0.3055,5,13,0,1,0,0,0,1
CH-001912,CH-C00520,2025-08-10,36,7940.49,39224.02,60,551,0.3046,177,1,0,1765.26,7377.56,1,95,0.2075,1,7,0,0,0,1,0,0
CH-002296,CH-C00816,2025-08-10,33,6177.94,43450.77,48,665,0.2701,154,1,0,763.2,26192.3,0,124,0.3928,5,12,0,0,0,0,0,1
CH-002326,CH-C00234,2025-08-10,43,8497.72,146218.96,60,719,0.7243,214,0,2,3717.95,13906.77,0,139,0.3742,12,24,0,1,0,0,0,1
CH-000198,CH-C00262,2025-08-11,64,10442.98,50032.41,48,605,0.361,10,0,0,2727.06,25905.16,1,216,0.5816,7,30,1,0,0,0,1,0
CH-000327,CH-C01040,2025-08-11,60,6393.07,113297.44,12,823,1.9236,243,2,0,2856.44,16480.4,1,192,0.4788,3,10,0,0,1,1,0,0
CH-000360,CH-C01564,2025-08-11,40,8005.72,50678.75,12,503,0.8219,198,1,0,2356.45,57016.93,1,153,0.5404,12,12,0,0,1,0,1,0
CH-000407,CH-C01185,2025-08-11,23,6273.99,23460.56,12,575,0.3414,4,0,0,187.07,8755.25,1,11,0.4837,9,0,1,0,0,0,1,0
CH-001288,CH-C00213,2025-08-11,37,17735.76,93803.71,36,753,0.2293,,0,0,1461.01,11337.66,1,90,0.2828,2,17,0,1,0,0,1,0
CH-001426,CH-C00949,2025-08-11,32,3569.38,29373.27,36,709,0.6895,46,1,0,1645.28,3563.69,0,147,0.1756,9,10,0,1,0,0,0,1
CH-001512,CH-C01170,2025-08-11,37,6824.41,36321.01,36,804,0.211,,1,0,431.36,9404.08,1,221,0.4621,4,7,0,0,0,0,1,0
CH-001770,CH-C00649,2025-08-11,50,4175.47,26612.96,36,689,0.3458,302,0,0,704.48,29180.81,1,275,0.1089,1,9,1,0,0,0,1,0
CH-002333,CH-C00276,2025-08-11,42,5736.98,114222.73,60,643,0.7367,279,0,1,2322.75,9776.92,1,20,0.2753,11,1,0,0,1,1,0,0
CH-000290,CH-C00955,2025-08-12,36,9914.91,102506.39,48,643,0.5353,111,2,0,3171.45,35957.47,1,35,0.5021,10,6,0,0,0,0,1,0
CH-001034,CH-C00869,2025-08-12,49,5318.07,54299.14,12,589,0.9339,100,0,0,441.63,23606.56,1,270,0.568,7,9,0,0,0,0,1,0
CH-001308,CH-C00678,2025-08-12,28,8893.05,159151.68,48,668,0.7463,16,2,0,3321.48,2319.04,1,79,0.376,12,4,1,0,0,0,1,0
CH-001783,CH-C01520,2025-08-12,36,6872.07,109521.94,60,793,0.4527,94,0,0,1285.68,44594.2,0,129,0.2716,3,12,0,0,0,0,1,0
CH-001935,CH-C00424,2025-08-12,23,4495.43,70544.63,12,796,1.5155,38,2,1,934.03,4118.32,1,50,0.2443,5,4,0,0,1,0,1,0
CH-002017,CH-C00583,2025-08-12,34,6477.04,75322.84,36,565,0.5764,180,2,0,1641.02,1876.88,1,185,0.667,7,2,0,0,0,0,1,0
CH-002067,CH-C01650,2025-08-12,21,7268.21,91573.9,36,741,0.4219,3,0,0,522.57,42792.7,1,5,0.4562,12,2,0,1,0,1,0,0
CH-002087,CH-C00334,2025-08-12,46,17261.72,128780.86,48,676,0.552,219,0,0,6845.22,107733.16,0,255,0.5161,8,3,1,0,0,0,1,0
CH-002437,CH-C00958,2025-08-12,54,4159.88,18190.06,12,618,0.4725,93,1,0,449.86,8822.16,1,231,0.4617,11,17,0,1,0,1,0,0
CH-000115,CH-C01693,2025-08-13,58,6569.55,127856.67,48,545,0.6542,94,2,0,1634.34,2385.71,1,189,0.1337,12,21,0,0,0,1,0,0
CH-000842,CH-C00491,2025-08-13,38,8015.36,120372.44,36,770,0.5501,187,0,0,1065.39,12289.55,0,59,0.4227,9,2,1,0,0,0,0,1
CH-001044,CH-C01639,2025-08-13,57,14330.73,255483.53,48,643,0.4961,123,0,0,1786.58,32902.22,1,285,0.4254,5,2,0,1,0,1,0,0
CH-001547,CH-C01327,2025-08-13,26,13307.51,40104.72,48,631,0.1681,58,2,1,1401.72,22203.37,1,85,0.4177,10,5,1,0,0,1,0,0
CH-001678,CH-C00823,2025-08-13,58,6056.82,108637.57,36,637,0.6315,313,1,0,807.19,13637.27,1,240,0.2024,8,5,1,0,0,1,0,0
CH-001988,CH-C01873,2025-08-13,49,12407.16,170398.92,24,642,0.7425,29,0,0,2112.06,26533.81,0,116,0.3643,8,13,0,0,0,0,1,0
CH-002175,CH-C00536,2025-08-13,29,7030.64,120900.25,60,812,0.4253,2,0,0,975.21,12606.57,0,85,0.4343,6,3,0,0,1,0,1,0
CH-002377,CH-C00987,2025-08-13,23,10023.95,193265.33,60,822,0.623,14,2,0,3023.81,9504.84,1,19,0.1633,6,2,0,1,0,1,0,0
CH-000440,CH-C00704,2025-08-14,27,11576.12,190674.33,24,748,1.0385,30,2,0,4077.39,28495.67,0,70,0.6666,2,6,1,0,0,0,0,1
CH-000502,CH-C01497,2025-08-14,32,14871.94,321098.38,48,696,0.4901,89,4,0,599.19,22922.71,1,89,0.2314,1,5,0,0,1,0,1,0
CH-000565,CH-C02065,2025-08-14,49,9703.76,29166.0,48,741,0.4432,286,0,0,3693.28,26899.57,0,128,0.5773,10,11,0,0,0,0,1,0
CH-000770,CH-C00921,2025-08-14,35,3666.32,48735.39,60,726,0.4315,152,1,0,769.92,1980.09,0,129,0.3522,4,11,0,1,0,0,0,1
CH-001930,CH-C01312,2025-08-14,44,5576.52,41770.39,48,634,0.5158,97,0,0,2005.97,1423.3,0,2,0.4712,12,8,0,0,0,1,0,0
CH-002013,CH-C00396,2025-08-14,42,3052.38,47163.4,48,728,0.7422,236,0,0,1282.97,1841.39,1,224,0.5539,12,6,0,1,0,1,0,0
CH-002049,CH-C01177,2025-08-14,28,8497.45,63388.16,12,799,1.0426,72,1,0,3577.08,17684.79,1,79,0.6765,9,2,0,0,1,0,1,0
CH-002282,CH-C00798,2025-08-14,35,9375.06,126260.31,60,,0.3681,147,0,0,1346.88,23188.8,1,184,0.8645,11,15,0,0,0,1,0,0
CH-002289,CH-C00907,2025-08-14,52,6365.55,123487.09,60,571,0.3903,62,0,0,426.36,25619.33,1,316,0.5751,11,11,0,0,0,0,1,0
CH-002302,CH-C01755,2025-08-14,34,7565.71,44892.87,60,707,0.1579,25,0,0,446.4,13168.88,1,2,0.6268,1,7,1,0,0,1,0,0
CH-000417,CH-C01006,2025-08-15,48,9425.76,124857.23,24,680,0.6809,,3,0,1215.91,2578.43,1,288,0.1966,2,19,0,0,1,1,0,0
CH-000601,CH-C01156,2025-08-15,28,8504.78,182896.38,48,567,0.62,108,0,0,1462.51,14161.63,0,78,0.1367,5,1,0,1,0,0,1,0
CH-000615,CH-C00955,2025-08-15,36,8281.35,137460.2,36,641,0.7827,138,3,0,2663.76,22257.46,1,1,0.6127,8,8,0,0,0,0,1,0
CH-001101,CH-C01971,2025-08-15,44,12376.3,201051.16,24,494,0.6987,257,1,0,270.7,9618.6,1,3,0.2765,9,20,0,0,1,0,1,0
CH-001138,CH-C01667,2025-08-15,52,7418.12,27579.67,12,740,0.7094,119,0,1,2964.16,4846.99,1,140,0.0362,5,32,0,1,0,0,1,0
CH-001215,CH-C01080,2025-08-15,38,11866.1,208667.52,48,709,0.7731,154,0,0,4826.6,1705.22,1,53,0.1978,3,3,0,0,1,1,0,0
CH-002027,CH-C00528,2025-08-15,47,6149.1,123500.89,12,696,1.9095,165,0,0,1450.09,17636.77,1,308,0.2748,11,5,0,1,0,0,1,0
CH-002193,CH-C00592,2025-08-15,22,7394.07,80480.74,48,757,0.4824,45,0,0,1890.26,4853.22,0,7,0.3263,5,0,0,0,0,0,1,0
CH-002345,CH-C01996,2025-08-15,51,5822.55,42399.03,60,725,0.5387,,2,1,2430.0,19981.97,1,317,0.672,4,4,1,0,0,0,1,0
CH-000157,CH-C01396,2025-08-16,36,10942.31,49918.45,12,525,0.7667,87,0,1,4229.4,13650.06,1,57,0.2751,10,6,0,1,0,1,0,0
CH-000558,CH-C01349,2025-08-16,58,12843.73,250194.13,12,734,1.9821,133,1,0,4608.3,7046.28,1,393,0.2212,4,10,1,0,0,1,0,0
CH-000833,CH-C00702,2025-08-16,58,6978.04,109873.66,12,562,1.6045,160,0,0,2040.15,29364.48,1,105,0.4819,0,17,0,0,0,0,1,0
CH-001685,CH-C01963,2025-08-16,41,5992.9,32381.12,24,667,0.5429,6,1,0,1904.22,28780.42,1,249,0.5555,6,20,1,0,0,0,1,0
CH-002053,CH-C00209,2025-08-16,24,10993.14,168386.15,24,697,0.7378,8,0,1,1095.04,19258.95,0,50,0.7498,6,4,0,0,0,0,0,1
CH-000108,CH-C00459,2025-08-17,27,22363.57,232813.52,36,621,0.4646,98,3,0,3922.6,207369.6,1,62,0.4687,6,5,0,0,0,0,1,0
CH-000337,CH-C01042,2025-08-17,42,4648.54,21981.96,12,672,0.4753,130,3,0,377.57,17604.56,0,19,0.3183,11,5,0,0,1,0,0,1
CH-000529,CH-C00007,2025-08-17,52,10804.26,33669.39,36,652,0.3064,324,1,0,2375.51,11610.01,0,291,0.3986,5,32,0,0,1,0,0,1
CH-000782,CH-C01748,2025-08-17,64,7256.01,25010.76,36,744,0.2117,194,1,0,841.68,24623.58,1,89,0.5773,6,34,0,1,0,0,1,0
CH-001073,CH-C01818,2025-08-17,61,22188.24,273986.73,24,591,0.9442,215,0,0,9533.9,64873.09,0,175,0.4647,0,19,1,0,0,0,0,1
CH-001127,CH-C01587,2025-08-17,60,8776.71,114134.68,12,468,1.4249,347,3,0,2994.28,20236.34,1,81,0.4098,6,6,0,1,0,0,1,0
CH-001320,CH-C01080,2025-08-17,38,14819.55,187832.18,60,586,0.6034,199,0,0,5810.97,30982.45,1,11,0.4625,2,7,0,0,1,1,0,0
CH-001479,CH-C01694,2025-08-17,26,12949.6,87289.92,60,509,0.3931,53,0,1,3635.07,60360.69,1,27,0.7578,11,3,0,1,0,0,1,0
CH-001824,CH-C00208,2025-08-17,46,11571.44,213212.36,12,693,1.5651,129,4,0,342.77,35314.59,0,260,0.5337,11,28,0,0,0,0,1,0
CH-002097,CH-C00003,2025-08-17,40,5203.94,75928.72,48,599,0.4927,139,0,0,982.15,15189.88,1,125,0.2377,0,2,0,0,0,0,1,0
CH-002107,CH-C00346,2025-08-17,44,8034.11,66216.07,60,749,0.2779,37,2,0,1128.7,6247.36,1,260,0.4175,7,13,0,0,0,1,0,0
CH-002256,CH-C00547,2025-08-17,40,8737.66,104084.22,60,850,0.2421,149,0,0,380.47,18279.77,1,79,0.3271,3,7,0,0,1,0,1,0
CH-000168,CH-C01122,2025-08-18,37,5329.27,38595.59,12,744,0.8679,27,1,1,1409.15,12838.9,1,202,0.7605,2,10,0,1,0,0,0,1
CH-000204,CH-C01509,2025-08-18,21,10537.97,202372.31,36,575,0.9367,14,0,0,4249.94,4032.15,1,36,0.8192,4,1,0,1,0,0,1,0
CH-000245,CH-C00709,2025-08-18,46,5455.33,86496.15,12,628,1.6842,115,0,0,1980.06,9151.15,1,323,0.4257,9,14,0,1,0,0,1,0
CH-000415,CH-C00029,2025-08-18,22,6502.72,49539.55,36,537,0.608,38,0,0,2577.4,7797.95,0,44,0.8273,7,1,0,1,0,0,0,1
CH-000703,CH-C01769,2025-08-18,25,14684.98,69981.42,12,671,0.4382,57,0,0,602.77,52379.32,1,32,0.3824,11,4,0,0,0,0,1,0
CH-000747,CH-C00390,2025-08-18,52,4693.27,37685.78,36,677,0.2388,253,0,1,74.02,2900.27,1,126,0.5177,1,0,1,0,0,1,0,0
CH-000905,CH-C00746,2025-08-18,37,8620.21,59636.22,36,757,0.2444,83,0,0,450.23,3022.0,1,117,0.3633,5,11,0,0,1,0,1,0
CH-001279,CH-C01826,2025-08-18,28,17718.28,88983.86,48,633,0.3605,47,3,0,4533.33,3124.64,1,12,0.4934,9,6,0,1,0,1,0,0
CH-001330,CH-C00291,2025-08-18,61,5702.11,21896.2,60,744,0.4878,68,2,0,2416.48,4298.34,0,31,0.4457,0,25,0,0,0,0,0,1
CH-001776,CH-C00191,2025-08-18,39,21658.97,196941.35,60,715,0.3756,188,1,0,4853.62,41051.04,0,42,0.3657,2,19,1,0,0,0,1,0
CH-001878,CH-C01923,2025-08-18,50,2726.52,40523.38,24,724,0.8607,298,0,0,658.26,9642.12,1,329,0.0983,11,4,0,0,0,0,1,0
CH-002373,CH-C00534,2025-08-18,63,9987.27,65785.59,36,604,0.6396,349,0,0,4560.29,49088.4,1,106,0.3258,4,1,0,1,0,1,0,0
CH-000210,CH-C01312,2025-08-19,44,7653.83,42928.59,48,797,0.4572,85,0,0,2605.09,3181.88,1,262,0.2805,4,15,0,0,0,1,0,0
CH-001644,CH-C00626,2025-08-19,59,7892.0,123761.9,36,622,0.7377,14,2,0,2383.86,10606.37,0,322,0.8035,8,26,0,0,1,0,0,1
CH-001748,CH-C01827,2025-08-19,60,4552.92,91576.24,36,666,0.8188,28,3,0,1183.98,6131.17,1,38,0.4534,6,21,0,0,1,0,1,0
CH-001933,CH-C01580,2025-08-19,52,6506.8,113637.75,24,772,0.7724,126,0,0,291.0,6756.86,1,244,0.1399,4,15,0,0,0,0,1,0
CH-001993,CH-C01948,2025-08-19,37,7458.35,60044.46,60,801,0.5335,82,0,0,2978.34,14886.07,1,126,0.5192,1,8,0,0,1,0,1,0
CH-002089,CH-C01293,2025-08-19,28,25432.67,350000,12,598,1.4027,9,1,0,6506.54,17748.57,1,15,0.5024,12,0,0,0,1,0,1,0
CH-000103,CH-C00075,2025-08-20,22,8759.39,150468.43,48,604,0.655,4,5,0,2603.07,1421.63,0,8,0.2,9,1,0,0,0,1,0,0
CH-000699,CH-C00461,2025-08-20,31,4216.21,75314.88,48,722,0.3856,44,6,0,56.65,17146.3,1,47,0.1869,8,0,0,1,0,0,1,0
CH-001533,CH-C01092,2025-08-20,31,3935.03,70756.94,12,560,1.8756,80,0,0,1483.94,2647.29,1,45,0.2703,0,7,0,1,0,0,1,0
CH-001603,CH-C01871,2025-08-20,26,12888.81,221924.14,36,777,0.6228,0,1,0,1862.49,10520.56,1,70,0.4759,1,8,0,1,0,0,1,0
CH-001744,CH-C01162,2025-08-20,48,9313.22,101554.4,60,681,0.6348,74,0,0,4219.68,1938.69,1,210,0.4114,12,8,1,0,0,1,0,0
CH-001856,CH-C00214,2025-08-20,30,13861.51,262073.84,24,625,0.8695,44,2,0,1132.38,29152.52,0,9,0.3113,5,0,0,0,0,0,1,0
CH-002494,CH-C01806,2025-08-20,60,7303.78,88318.44,60,653,0.2615,40,1,0,437.92,8419.6,0,198,0.6185,1,16,0,0,0,0,0,1
CH-000040,CH-C02047,2025-08-21,48,14023.28,254360.96,60,598,0.38,253,0,0,1089.83,3910.09,0,157,0.1596,6,0,0,0,0,0,0,1
CH-000996,CH-C02032,2025-08-21,38,11618.62,186940.11,60,665,0.2826,70,3,0,168.29,5719.07,1,190,0.1098,1,20,0,0,1,1,0,0
CH-001148,CH-C00793,2025-08-21,36,24444.96,218443.87,48,601,0.5474,84,0,0,8831.1,55031.15,1,207,0.5268,8,2,0,0,1,0,1,0
CH-001232,CH-C01988,2025-08-21,50,16211.49,210727.76,48,682,0.3614,109,0,0,1468.57,34929.66,1,245,0.2822,5,32,0,0,1,1,0,0
CH-001311,CH-C00149,2025-08-21,63,8192.74,158977.52,36,658,0.9703,209,0,0,3533.14,,1,315,0.2647,9,4,0,0,0,0,1,0
CH-001575,CH-C00639,2025-08-21,28,7241.59,132084.11,48,670,0.6896,7,3,0,2242.22,,1,2,0.4633,12,1,0,0,1,1,0,0
CH-001802,CH-C01365,2025-08-21,41,17699.0,277940.95,24,654,0.801,78,1,0,2595.4,13977.23,1,237,0.1862,8,13,0,0,0,0,0,1
CH-001932,CH-C02084,2025-08-21,50,9747.67,84017.36,12,776,0.7833,309,0,0,634.23,11829.2,1,5,0.3092,11,17,0,0,0,1,0,0
CH-002397,CH-C01847,2025-08-21,37,3963.26,13889.63,24,605,0.2511,169,5,0,416.63,7706.19,1,188,0.4973,3,6,0,0,0,0,1,0
CH-000199,CH-C00154,2025-08-22,56,5303.91,53699.63,12,701,1.0128,310,4,0,896.8,14710.7,1,141,0.659,12,1,0,1,0,1,0,0
CH-000630,CH-C00161,2025-08-22,45,7014.76,151097.23,60,675,0.5875,292,3,0,1603.2,20912.7,1,262,0.3997,7,14,0,0,0,1,0,0
CH-000788,CH-C02097,2025-08-22,24,4742.0,72318.27,60,672,0.6973,69,3,0,2101.09,6308.82,1,49,0.7222,12,1,0,1,0,1,0,0
CH-000863,CH-C00362,2025-08-22,44,11569.13,227443.46,12,,1.7035,174,1,1,754.64,19328.4,1,141,0.198,10,24,0,0,1,0,1,0
CH-000884,CH-C00479,2025-08-22,31,3886.15,80684.49,24,674,1.0595,62,0,0,755.52,,1,11,0.4294,10,9,0,1,0,0,1,0
CH-000896,CH-C00214,2025-08-22,30,10614.82,159804.14,48,624,0.4993,89,1,0,1970.58,17273.56,0,107,0.4707,8,1,0,0,0,0,1,0
CH-000939,CH-C00224,2025-08-22,45,7269.27,63409.18,24,787,0.6284,267,1,0,1926.11,486.03,1,246,0.1362,11,19,0,1,0,0,1,0
CH-001189,CH-C01254,2025-08-22,54,8972.19,71813.6,60,689,0.3478,8,0,0,1923.93,548.96,0,67,0.3626,5,13,0,1,0,0,0,1
CH-001218,CH-C01872,2025-08-22,61,5727.72,74752.62,24,687,0.9424,88,0,0,2282.89,1164.04,1,21,0.5738,2,27,0,1,0,0,1,0
CH-001238,CH-C00685,2025-08-22,61,6970.11,25054.12,48,751,0.4566,259,1,0,2660.38,13233.29,1,281,0.2789,1,11,1,0,0,1,0,0
CH-001393,CH-C01630,2025-08-22,41,6980.83,81823.32,12,803,1.0861,89,1,0,763.02,34465.12,0,226,0.2986,4,23,0,0,0,0,0,1
CH-001649,CH-C01578,2025-08-22,23,8023.11,109297.19,48,581,0.44,7,1,0,1252.92,1058.62,1,23,0.5735,2,3,0,0,1,1,0,0
CH-001886,CH-C01966,2025-08-22,32,4190.64,86654.94,36,582,0.7499,157,0,0,735.47,1835.45,1,85,0.2409,2,11,0,0,0,0,1,0
CH-001900,CH-C01996,2025-08-22,51,6350.06,96091.54,36,683,0.6605,165,1,0,1525.22,1272.34,1,166,0.6711,8,31,1,0,0,0,1,0
CH-001973,CH-C00436,2025-08-22,23,5616.59,61756.52,48,624,0.2564,37,1,0,153.64,26899.6,1,17,0.8394,9,0,0,1,0,0,1,0
CH-002035,CH-C00673,2025-08-22,62,9185.07,169658.18,48,728,0.5564,221,2,0,1575.63,2520.06,1,417,0.4684,12,9,0,0,0,0,1,0
CH-002499,CH-C00370,2025-08-22,31,4835.41,59469.33,36,691,0.5461,28,0,0,988.86,3365.05,1,10,0.3896,7,5,0,0,1,0,1,0
CH-000194,CH-C00037,2025-08-23,64,23086.4,239438.77,12,,1.2893,128,0,0,9811.48,26139.35,0,223,0.4337,0,24,0,0,0,0,0,1
CH-000520,CH-C01932,2025-08-23,22,19374.47,314676.07,24,650,1.0836,1,1,0,7882.08,17152.43,0,12,0.4861,8,4,0,1,0,1,0,0
CH-000944,CH-C01736,2025-08-23,36,4008.22,12726.76,48,850,0.1091,179,0,0,172.27,2308.88,1,188,0.3635,4,16,0,0,1,0,1,0
CH-001019,CH-C01236,2025-08-23,55,5083.32,47902.81,24,709,0.5691,257,1,0,897.05,2348.02,1,177,0.2301,4,10,1,0,0,0,1,0
CH-001053,CH-C01043,2025-08-23,55,7454.93,45341.74,60,674,0.565,82,0,0,3455.99,3816.27,0,58,0.212,3,0,0,0,0,1,0,0
CH-001550,CH-C00594,2025-08-23,26,11774.87,248530.04,60,482,0.6381,15,0,0,3371.45,3984.99,1,50,0.533,5,5,0,0,1,1,0,0
CH-002139,CH-C00115,2025-08-23,53,6348.38,36141.63,36,553,0.2974,315,7,1,883.91,5103.94,1,389,0.7254,5,25,0,1,0,0,1,0
CH-002390,CH-C00100,2025-08-23,26,6228.36,129637.1,12,721,2.1002,43,1,0,2277.57,34227.66,0,52,0.1684,7,5,0,0,1,0,1,0
CH-002466,CH-C01426,2025-08-23,36,10915.48,38941.81,48,722,0.4535,182,3,0,4138.98,15558.8,1,126,0.4378,5,13,1,0,0,1,0,0
CH-000092,CH-C01290,2025-08-24,59,10930.46,190826.4,48,661,0.5417,18,3,0,1945.23,55422.08,0,33,0.2566,8,9,0,0,0,1,0,0
CH-000751,CH-C00334,2025-08-24,46,18865.88,350000,36,646,0.6207,170,2,0,1986.96,18124.74,0,44,0.5563,7,26,1,0,0,0,1,0
CH-000876,CH-C00616,2025-08-24,48,3502.31,41318.51,24,728,0.9399,60,1,0,1570.13,4400.24,0,305,0.4587,1,6,0,0,0,0,1,0
CH-001082,CH-C01829,2025-08-24,21,8275.09,37305.21,36,613,0.3304,30,1,0,1697.93,31923.38,0,30,0.0537,5,1,0,0,0,1,0,0
CH-001220,CH-C00863,2025-08-24,54,6333.64,22771.29,48,601,0.1104,59,0,0,224.93,1317.54,0,291,0.4038,7,0,1,0,0,0,0,1
CH-001408,CH-C01326,2025-08-24,48,12968.68,262757.1,24,641,0.8657,153,0,0,279.4,15056.97,1,179,0.5084,6,18,0,1,0,0,1,0
CH-002075,CH-C01825,2025-08-24,32,13491.79,155480.51,24,622,0.6826,7,0,0,2731.03,124690.79,1,56,0.6583,9,1,0,0,0,0,1,0
CH-002248,CH-C00750,2025-08-24,54,13487.44,173847.03,60,755,0.3939,60,1,0,2414.77,56664.97,0,99,0.1926,8,31,1,0,0,1,0,0
CH-002359,CH-C00836,2025-08-24,45,14435.51,241283.13,12,760,1.6879,198,0,0,4259.41,43148.24,1,308,0.7146,4,8,0,1,0,1,0,0
CH-002386,CH-C01907,2025-08-24,47,5057.38,18722.55,60,795,0.4633,123,4,0,2030.86,4950.08,1,186,0.4912,6,16,1,0,0,0,1,0
CH-000047,CH-C00544,2025-08-25,26,12485.06,226578.87,60,678,0.5018,0,2,0,2488.44,57141.7,1,53,0.1318,12,3,1,0,0,0,1,0
CH-001036,CH-C00880,2025-08-25,62,3573.62,49951.99,36,595,0.603,360,0,0,767.51,971.38,1,206,0.5975,7,17,0,0,0,0,1,0
CH-001261,CH-C00353,2025-08-25,21,8521.69,115637.94,24,677,0.8042,6,1,0,2034.63,23943.27,1,27,0.2568,0,3,1,0,0,0,1,0
CH-001497,CH-C01604,2025-08-25,47,7825.79,162933.91,60,835,0.4721,228,1,0,978.96,3803.22,1,44,0.3412,11,17,0,1,0,1,0,0
CH-000178,CH-C00215,2025-08-26,26,9611.49,34932.55,48,,0.3459,81,0,1,2596.65,17259.96,1,52,0.5582,8,7,0,1,0,0,1,0
CH-001418,CH-C01052,2025-08-26,63,5179.57,40368.19,48,850,0.548,52,0,0,1997.15,10914.03,1,279,0.2035,0,5,0,0,1,1,0,0
CH-002100,CH-C01375,2025-08-26,51,3872.27,72646.77,12,734,1.9905,141,0,0,1653.84,11822.34,1,290,0.5825,5,26,0,0,1,0,1,0
CH-002301,CH-C00711,2025-08-26,30,2629.9,32705.32,60,664,0.232,125,2,0,65.15,4922.97,1,37,0.7679,3,5,0,0,0,0,1,0
CH-000125,CH-C01314,2025-08-27,42,8550.71,127684.82,12,745,1.6636,85,2,1,3584.24,20157.62,0,263,0.3242,1,20,0,0,1,0,0,1
CH-000824,CH-C00226,2025-08-27,52,18514.45,136134.13,60,574,0.4632,156,5,0,6306.58,98673.43,0,154,0.149,4,12,0,0,1,0,0,1
CH-000922,CH-C01645,2025-08-27,53,9110.48,56207.5,12,625,0.9295,344,3,0,3784.1,34689.98,1,27,0.1664,7,10,0,0,0,0,1,0
CH-001017,CH-C01280,2025-08-27,53,18178.29,137981.72,36,592,0.6444,112,0,0,7882.06,11275.07,1,4,0.604,12,15,1,0,0,1,0,0
CH-001370,CH-C00413,2025-08-27,24,4222.94,89139.87,60,784,0.7192,62,2,0,1551.34,1711.34,1,65,0.3693,7,0,1,0,0,1,0,0
CH-001394,CH-C01678,2025-08-27,34,8144.83,37357.88,60,677,0.5303,152,4,0,3696.53,577.15,1,54,0.5124,4,0,1,0,0,1,0,0
CH-001895,CH-C00436,2025-08-27,23,6730.75,136775.49,12,704,2.1472,0,0,1,3054.21,8996.77,1,43,0.463,7,1,0,1,0,0,1,0
CH-002091,CH-C00504,2025-08-27,35,13695.3,84355.48,60,548,0.4166,172,0,0,4299.07,13259.93,1,51,0.5565,7,3,1,0,0,0,1,0
CH-002355,CH-C01086,2025-08-27,51,5523.12,121296.76,36,583,0.9674,344,1,0,1973.57,1870.31,0,35,0.5795,8,11,0,1,0,1,0,0
CH-000003,CH-C00730,2025-08-28,58,6432.63,22612.73,36,660,0.212,10,0,0,735.48,13793.97,1,418,0.4564,12,19,0,0,1,0,1,0
CH-000206,CH-C00176,2025-08-28,31,15760.39,244473.02,12,427,1.4255,150,1,0,2094.41,10259.11,1,10,0.4822,3,6,0,1,0,1,0,0
CH-000232,CH-C00629,2025-08-28,24,8041.82,77204.89,24,715,0.4463,48,1,0,372.47,32236.66,1,58,0.4152,1,2,0,0,1,0,1,0
CH-000249,CH-C00778,2025-08-28,64,15378.39,255102.97,48,,0.7781,80,0,0,6650.69,24693.59,1,73,0.7633,10,30,0,0,1,1,0,0
CH-000293,CH-C00611,2025-08-28,53,15443.32,121604.87,36,746,0.4482,44,0,1,3544.12,33048.62,1,84,0.3231,2,34,0,1,0,1,0,0
CH-000465,CH-C00647,2025-08-28,59,2730.79,56292.08,36,637,0.945,190,4,0,1017.02,13193.12,1,99,0.2672,8,13,0,0,0,0,1,0
CH-000603,CH-C02080,2025-08-28,52,7437.67,131998.62,36,679,0.8638,107,6,0,2758.05,11088.82,1,224,0.237,1,32,1,0,0,1,0,0
CH-001040,CH-C01471,2025-08-28,38,8569.56,122919.05,24,692,0.6344,122,0,0,314.88,1717.37,0,203,0.2781,12,10,0,0,1,0,1,0
CH-001179,CH-C01128,2025-08-28,39,8299.52,181856.84,12,811,2.105,213,1,0,2315.73,12723.09,0,215,0.1715,0,16,0,1,0,0,1,0
CH-001382,CH-C00461,2025-08-28,31,4308.78,69518.81,60,708,0.6049,49,0,0,1447.81,9278.13,1,51,0.0518,2,9,0,1,0,0,1,0
CH-001673,CH-C01281,2025-08-28,54,8517.6,27898.76,12,588,0.3621,345,1,0,759.69,5088.14,1,243,0.5308,2,32,0,0,0,1,0,0
CH-001996,CH-C01900,2025-08-28,26,9170.1,61889.91,48,633,0.2441,88,0,0,949.18,6073.61,0,59,0.2619,7,8,0,1,0,0,0,1
CH-002457,CH-C02068,2025-08-28,42,3974.24,27530.7,60,788,0.3661,146,2,0,996.26,8523.46,1,194,0.4763,9,24,0,0,0,0,1,0
CH-000564,CH-C01692,2025-08-29,37,8722.56,72538.08,36,552,0.5469,53,0,0,2755.65,26382.96,0,100,0.6587,1,16,0,0,1,0,0,1
CH-000849,CH-C01008,2025-08-29,47,14991.53,126375.06,36,576,0.2984,319,1,0,963.72,45061.76,0,50,0.3888,12,2,0,1,0,0,1,0
CH-000907,CH-C00096,2025-08-29,46,8670.35,66047.08,60,749,0.1928,184,0,1,570.48,12167.58,0,103,0.6581,12,20,0,0,1,1,0,0
CH-000998,CH-C01660,2025-08-29,58,13813.56,186468.12,12,705,1.3725,178,0,1,3419.57,12516.34,1,85,0.4898,3,0,0,0,1,0,1,0
CH-000146,CH-C00466,2025-08-30,34,6618.29,29829.45,36,521,0.1673,138,1,0,278.4,372.26,0,71,0.194,4,7,1,0,0,1,0,0
CH-000416,CH-C01940,2025-08-30,53,4951.04,96578.29,12,693,1.6447,282,0,0,94.66,17485.55,1,106,0.5658,5,28,0,0,0,0,1,0
CH-000653,CH-C00588,2025-08-30,40,7788.8,145690.32,60,518,0.5454,28,2,1,1819.46,956.35,1,123,0.6242,4,14,0,0,0,0,1,0
CH-000740,CH-C02031,2025-08-30,26,7819.06,46893.83,60,624,0.5028,55,7,1,3149.56,27110.59,0,26,0.3701,6,6,0,0,0,0,1,0
CH-000781,CH-C01283,2025-08-30,29,9481.88,88885.69,36,677,0.6901,114,0,0,4074.55,18842.97,1,84,0.5615,9,7,1,0,0,0,1,0
CH-000829,CH-C01280,2025-08-30,53,20717.76,349594.43,24,643,0.9084,40,0,0,4254.24,76157.65,1,192,0.493,11,14,1,0,0,1,0,0
CH-000980,CH-C01140,2025-08-30,38,10377.06,193931.16,48,571,0.7276,112,0,0,3510.54,30193.54,1,14,0.5866,11,18,0,0,0,1,0,0
CH-000997,CH-C00587,2025-08-30,54,16134.81,311954.51,60,741,0.4517,177,2,0,2089.04,81066.75,1,388,0.1936,1,30,1,0,0,0,1,0
CH-001267,CH-C01356,2025-08-30,21,9447.83,77118.02,12,656,1.1257,36,0,0,4208.62,19337.18,1,32,0.1506,6,0,0,1,0,0,0,1
CH-001357,CH-C00270,2025-08-30,63,3781.65,75275.04,48,501,0.5059,225,1,0,344.91,,0,138,0.356,9,22,0,0,1,0,1,0
CH-001360,CH-C00395,2025-08-30,34,4063.89,76959.42,60,623,0.4796,119,1,0,666.28,8919.16,1,99,0.6398,4,11,0,0,0,1,0,0
CH-001391,CH-C00682,2025-08-30,50,11601.62,70588.64,24,776,0.6305,71,2,0,4373.24,15764.24,1,275,0.7378,12,31,0,0,0,1,0,0
CH-001610,CH-C00494,2025-08-30,36,7542.0,147582.76,12,548,1.7273,185,0,0,728.89,808.49,1,206,0.2094,0,16,0,1,0,1,0,0
CH-001872,CH-C00655,2025-08-30,28,6648.94,51961.98,48,659,0.1923,45,0,1,195.77,18063.6,0,80,0.141,2,5,1,0,0,0,1,0
CH-001876,CH-C01614,2025-08-30,41,5912.67,128653.79,12,632,2.0088,67,0,0,1156.23,24013.13,1,142,0.3396,9,0,1,0,0,0,1,0
CH-002299,CH-C00937,2025-08-30,25,7268.43,33145.52,24,667,0.5597,80,0,1,2687.38,5236.48,0,46,0.4097,2,3,1,0,0,0,1,0
CH-000389,CH-C00027,2025-08-31,63,5140.27,44230.29,12,505,0.868,69,0,0,775.67,6967.93,1,182,0.3306,5,7,0,1,0,0,1,0
CH-001003,CH-C00044,2025-08-31,35,11806.05,233209.9,12,639,2.0571,187,4,0,4852.57,13443.21,1,41,0.4443,6,7,0,1,0,0,0,1
CH-001324,CH-C00183,2025-08-31,45,7524.82,25629.78,24,558,0.1665,183,2,0,185.25,5936.56,0,296,0.2787,6,17,0,1,0,0,1,0
CH-002002,CH-C00505,2025-08-31,32,6801.6,93118.7,48,508,0.6279,79,0,0,2330.48,2072.19,1,72,0.0893,1,0,0,0,0,0,1,0
CH-002159,CH-C01541,2025-08-31,29,5491.14,102052.21,60,850,0.5763,108,1,1,1463.88,12673.37,1,45,0.4445,8,5,0,1,0,0,1,0
CH-002314,CH-C00759,2025-08-31,24,7531.82,38137.3,60,596,0.1921,58,1,0,811.22,42220.79,1,57,0.5382,11,3,0,0,0,0,1,0
CH-002368,CH-C00008,2025-08-31,32,10558.27,49620.89,12,822,0.831,68,2,2,4638.68,25938.22,0,67,0.4561,8,7,0,0,0,0,1,0
CH-002382,CH-C00146,2025-08-31,30,9442.64,110016.39,24,597,0.9406,25,0,0,4297.69,17060.43,1,136,0.0294,6,3,0,1,0,0,1,0
CH-002446,CH-C01888,2025-08-31,63,7946.95,77973.13,12,740,1.2474,58,0,0,3415.26,8974.03,0,78,0.7698,0,23,0,0,0,0,0,1
CH-002450,CH-C00077,2025-08-31,31,26116.0,350000,24,,0.8261,95,3,0,6991.79,14206.76,1,152,0.7748,7,3,1,0,0,0,1,0
CH-000033,CH-C01013,2025-09-01,45,5703.61,91105.54,48,829,0.4892,154,5,1,891.96,15447.2,1,307,0.4215,12,22,0,1,0,0,1,0
CH-000296,CH-C01516,2025-09-01,30,4366.76,34116.53,48,609,0.1868,111,0,0,105.05,12580.63,0,3,0.4189,5,10,1,0,0,0,1,0
CH-000320,CH-C01505,2025-09-01,60,4921.31,54744.02,48,762,0.4878,359,0,2,1260.32,32548.55,1,172,0.4937,10,0,0,0,1,1,0,0
CH-000512,CH-C00269,2025-09-01,60,7055.52,117013.11,48,664,0.7525,241,0,0,2871.18,401.33,1,119,0.354,11,1,0,0,0,0,1,0
CH-000668,CH-C00639,2025-09-01,28,6627.55,41678.01,24,686,0.7165,86,0,0,3012.33,31978.71,0,96,0.3378,0,7,0,0,1,1,0,0
CH-000766,CH-C01908,2025-09-01,57,7343.92,94548.86,48,772,0.6288,183,0,0,2648.3,17757.89,0,281,0.1272,12,29,1,0,0,0,1,0
CH-000855,CH-C01740,2025-09-01,27,7218.03,40461.86,12,718,0.6011,9,0,0,966.79,4240.89,0,60,0.6145,6,2,0,0,1,1,0,0
CH-001210,CH-C00592,2025-09-01,22,8129.47,95067.1,12,775,1.305,15,0,0,2686.35,4127.09,1,29,0.3327,10,0,0,0,0,0,1,0
CH-001281,CH-C01980,2025-09-01,26,10650.17,163789.62,12,480,1.7496,29,2,0,4984.32,53371.14,1,53,0.7912,12,5,0,0,1,0,1,0
CH-001349,CH-C01217,2025-09-01,23,15289.01,296589.23,60,631,0.5603,35,3,0,3623.9,4239.02,0,52,0.5858,0,4,0,1,0,0,0,1
CH-001759,CH-C00382,2025-09-01,48,10293.27,76712.43,24,644,0.5368,121,2,0,2328.92,72613.66,1,99,0.3735,7,6,0,0,0,0,1,0
CH-001896,CH-C01946,2025-09-01,27,5590.47,115039.59,60,749,0.4296,5,6,2,484.22,10536.39,0,108,0.3453,0,5,1,0,0,0,1,0
CH-002408,CH-C00324,2025-09-01,52,7459.2,149524.6,24,607,1.2998,355,0,0,3465.42,424.47,1,189,0.0925,0,17,0,0,1,1,0,0
CH-000356,CH-C00454,2025-09-02,49,6894.79,28697.25,24,688,0.6071,138,0,0,2990.39,472.28,1,33,0.3329,6,8,0,0,1,0,1,0
CH-000496,CH-C01624,2025-09-02,23,7416.54,89967.57,36,714,0.4292,55,2,0,684.26,2975.31,1,41,0.4071,5,1,0,0,1,0,1,0
CH-000920,CH-C00119,2025-09-02,57,4167.32,29012.06,36,631,0.5118,297,2,0,1326.95,4997.35,0,359,0.1474,8,18,0,0,0,1,0,0
CH-001105,CH-C00026,2025-09-02,44,7885.28,142071.11,24,627,1.0357,92,1,0,2246.98,6578.62,1,236,0.1704,12,19,1,0,0,0,1,0
CH-001333,CH-C00838,2025-09-02,36,5305.55,21015.28,48,782,0.4748,213,2,0,2081.26,5203.32,1,45,0.3643,11,0,0,1,0,0,1,0
CH-001545,CH-C00026,2025-09-02,44,8095.23,40635.11,24,661,0.5934,1,1,0,3110.38,4618.86,1,33,0.5998,0,5,1,0,0,0,1,0
CH-001730,CH-C00673,2025-09-02,62,6351.25,90389.35,60,693,0.5807,333,0,0,2181.59,17184.3,0,194,0.7289,0,34,0,0,0,0,1,0
CH-002151,CH-C00087,2025-09-02,42,10169.67,176543.81,12,620,1.7943,235,2,0,3535.89,50559.98,1,164,0.3756,8,21,1,0,0,0,1,0
CH-002254,CH-C01403,2025-09-02,63,8053.46,72225.52,48,747,0.3884,302,0,0,1623.41,11922.65,0,194,0.5876,4,21,0,1,0,0,1,0
CH-002294,CH-C00975,2025-09-02,64,7652.38,152241.04,24,709,1.1338,88,3,1,2332.7,2184.12,1,294,0.7394,12,13,0,0,0,1,0,0
CH-002349,CH-C00011,2025-09-02,38,6253.97,127145.97,60,540,0.5311,152,0,0,1202.42,31192.8,1,133,0.2133,9,9,0,1,0,1,0,0
CH-000388,CH-C00764,2025-09-03,51,5445.49,87475.81,36,632,0.8002,242,1,0,1927.47,5275.65,1,139,0.2612,5,4,0,0,1,0,1,0
CH-000933,CH-C00596,2025-09-03,53,10726.27,42634.2,60,725,0.2092,204,0,0,1533.16,590.56,1,141,0.7424,11,0,0,0,1,1,0,0
CH-000951,CH-C01195,2025-09-03,63,14250.67,77031.21,12,642,0.8088,256,5,0,5106.4,12082.95,1,281,0.1188,11,24,0,0,0,1,0,0
CH-001161,CH-C01493,2025-09-03,38,5397.29,46118.97,60,582,0.5039,,0,0,1951.06,3795.1,0,180,0.1665,12,8,0,0,1,0,0,1
CH-001164,CH-C01921,2025-09-03,25,5064.39,108105.48,24,788,0.9727,13,0,0,421.9,23406.85,1,19,0.5014,7,4,0,0,1,0,1,0
CH-001313,CH-C00351,2025-09-03,43,7557.07,82191.95,60,678,0.4603,261,0,0,2108.99,30853.1,1,264,0.5704,12,11,0,0,1,0,1,0
CH-001570,CH-C01327,2025-09-03,26,11448.05,220904.59,12,636,1.6698,6,0,0,707.14,20145.91,1,24,0.8604,3,3,1,0,0,1,0,0
CH-001572,CH-C00543,2025-09-03,57,8349.54,98141.76,36,737,0.7473,344,2,0,3513.38,5918.3,0,356,0.0841,3,22,1,0,0,0,0,1
CH-001811,CH-C02067,2025-09-03,21,11320.85,223304.31,12,714,2.0419,11,0,0,4507.15,32584.9,1,14,0.5568,8,1,0,1,0,0,1,0
CH-001947,CH-C00706,2025-09-03,30,4312.84,31266.4,24,596,0.3777,74,2,0,326.01,1067.64,1,107,0.7088,12,8,0,0,1,0,1,0
CH-002077,CH-C01439,2025-09-03,52,16958.78,66481.69,60,591,0.1239,,0,0,992.91,16298.56,0,384,0.5704,4,17,0,1,0,0,0,1
CH-002189,CH-C00524,2025-09-03,48,11156.41,235044.07,12,622,2.0128,260,0,0,2868.27,56747.39,0,303,0.7972,9,23,1,0,0,0,1,0
CH-002447,CH-C01220,2025-09-03,39,16490.7,301893.02,48,699,0.7065,0,1,0,5361.93,25294.23,1,127,0.3008,7,19,0,0,1,0,1,0
CH-002477,CH-C00215,2025-09-03,26,9936.53,83601.47,24,813,0.6777,69,0,0,3250.59,25396.58,1,94,0.6523,11,3,0,1,0,0,1,0
CH-000570,CH-C01706,2025-09-04,55,20202.93,350000,60,701,0.3134,249,1,0,498.26,13656.58,1,231,0.6233,12,5,0,0,1,0,1,0
CH-000598,CH-C00727,2025-09-04,35,5732.39,83398.24,24,545,0.7593,167,1,1,877.63,14783.44,1,176,0.2131,0,15,0,0,1,1,0,0
CH-000702,CH-C00724,2025-09-04,46,5373.22,72691.65,12,622,1.3768,10,2,0,1340.44,12897.0,1,310,0.3048,0,28,0,1,0,0,1,0
CH-000733,CH-C01523,2025-09-04,40,12784.76,68543.08,48,654,0.2344,12,1,0,1569.25,4791.93,1,218,0.3744,5,22,0,0,1,0,1,0
CH-000992,CH-C02056,2025-09-04,44,8649.68,56202.62,36,550,0.4515,195,2,0,2344.45,79543.72,1,295,0.2401,6,22,0,0,1,1,0,0
CH-001691,CH-C00933,2025-09-04,46,10522.16,136160.09,24,527,0.9044,241,0,0,3843.03,2320.02,1,30,0.4822,1,26,1,0,0,0,1,0
CH-001911,CH-C01016,2025-09-04,51,4171.28,85039.54,36,646,0.6941,101,0,0,533.21,6111.68,0,188,0.4396,1,14,1,0,0,0,0,1
CH-002033,CH-C00753,2025-09-04,34,5412.03,42148.62,48,743,0.3483,17,0,0,1006.77,15770.21,1,114,0.296,5,0,0,0,0,1,0,0
CH-000059,CH-C01676,2025-09-05,36,4933.45,51503.93,36,689,0.4137,4,1,0,610.23,4419.38,1,152,0.5038,5,8,0,1,0,0,1,0
CH-000346,CH-C00910,2025-09-05,51,6124.07,121249.78,36,781,0.6566,213,0,0,652.86,13148.73,1,326,0.1798,3,13,0,0,1,0,1,0
CH-000886,CH-C00490,2025-09-05,34,7845.19,95056.95,48,740,0.6942,162,4,0,3466.06,16958.63,1,155,0.4329,6,10,0,1,0,0,0,1
CH-000911,CH-C00110,2025-09-05,53,17523.99,350000,60,543,0.733,357,4,2,7011.54,49397.1,1,96,0.3285,6,13,0,0,1,0,1,0
CH-001674,CH-C01037,2025-09-05,27,27090.36,120831.77,24,594,0.3583,,0,0,4671.72,9405.63,1,82,0.0893,5,2,1,0,0,0,0,1
CH-001976,CH-C01076,2025-09-05,59,11692.36,80760.38,12,626,0.6969,281,1,0,1418.71,36671.46,1,323,0.4182,4,31,0,0,1,1,0,0
CH-002060,CH-C01332,2025-09-05,53,16571.73,113769.92,36,748,0.2658,86,0,0,1243.76,17513.0,1,82,0.2455,0,19,0,0,0,1,0,0
CH-002426,CH-C01920,2025-09-05,31,7833.06,52641.4,12,473,0.6968,123,0,0,1071.01,2470.27,1,84,0.0909,12,8,0,0,1,1,0,0
CH-000016,CH-C01396,2025-09-06,36,10092.81,63946.86,60,673,0.4898,0,0,0,3877.69,59119.83,0,209,0.5775,10,10,0,1,0,1,0,0
CH-000139,CH-C01581,2025-09-06,61,6950.59,143042.54,48,765,0.5187,347,0,0,625.2,5830.1,1,47,0.7292,11,24,0,0,0,1,0,0
CH-000492,CH-C00760,2025-09-06,41,4443.81,36274.9,36,682,0.3954,215,0,1,749.61,3078.52,1,160,0.1163,6,14,0,0,0,0,1,0
CH-000741,CH-C01699,2025-09-06,38,4554.62,34794.26,60,617,0.3991,227,0,0,1237.95,6103.51,1,69,0.1279,7,10,0,0,1,0,1,0
CH-000754,CH-C00030,2025-09-06,60,13662.07,55466.91,36,615,0.1382,95,1,0,346.82,20758.42,1,357,0.2218,4,30,0,1,0,1,0,0
CH-001282,CH-C00562,2025-09-06,52,10703.36,54533.57,48,721,0.2769,79,1,1,1827.41,155.68,1,53,0.5678,4,11,0,1,0,1,0,0
CH-001293,CH-C00335,2025-09-06,55,13514.87,272182.99,36,579,0.6687,360,2,0,1476.72,90601.25,1,260,0.1042,9,17,0,0,0,0,1,0
CH-001974,CH-C01388,2025-09-06,47,18703.88,232365.0,48,686,0.6729,348,1,0,7745.74,61704.66,1,8,0.062,4,4,1,0,0,0,1,0
CH-002078,CH-C01628,2025-09-06,21,9199.34,143465.74,24,643,0.9317,12,0,0,2593.17,10716.93,1,24,0.6036,6,0,0,1,0,0,1,0
CH-002293,CH-C00852,2025-09-06,51,15048.83,49647.34,60,595,0.2473,345,3,0,2894.34,,1,161,0.5975,3,17,1,0,0,0,1,0
CH-002303,CH-C01453,2025-09-06,34,4002.61,57063.02,12,538,1.5483,62,1,0,1442.15,10807.52,1,36,0.3422,4,9,0,0,0,0,1,0
CH-002472,CH-C00308,2025-09-06,62,5543.67,32094.63,24,,0.6315,113,1,0,2163.33,8672.87,1,107,0.4832,4,21,1,0,0,0,0,1
CH-002498,CH-C01842,2025-09-06,63,9818.12,69959.8,12,676,0.7249,49,0,1,1286.8,2373.02,1,377,0.3424,11,13,0,1,0,0,1,0
CH-000136,CH-C01073,2025-09-07,62,8673.99,51897.49,36,752,0.3786,83,3,1,1842.39,3434.07,1,273,0.3511,11,32,0,1,0,0,0,1
CH-000674,CH-C01415,2025-09-07,39,11092.74,217221.86,60,821,0.5517,146,0,1,2499.29,2453.15,1,130,0.566,9,2,0,0,0,1,0,0
CH-001374,CH-C00846,2025-09-07,39,10382.47,167473.8,24,623,1.1401,57,2,0,4859.4,19021.8,1,101,0.5384,7,12,0,0,0,0,1,0
CH-001628,CH-C00525,2025-09-07,45,8972.49,110690.46,36,706,0.5273,69,1,0,1656.34,17014.04,0,47,0.2635,4,23,0,1,0,0,0,1
CH-001881,CH-C01543,2025-09-07,58,14507.6,130154.26,24,559,0.5593,244,0,1,2691.01,3034.71,1,271,0.0547,10,0,1,0,0,0,1,0
CH-002157,CH-C01903,2025-09-07,48,5538.17,32233.1,12,654,0.8921,339,1,0,2254.69,10958.19,0,179,0.6107,5,23,1,0,0,0,1,0
CH-002309,CH-C00338,2025-09-07,46,15091.8,64214.3,12,688,0.3802,58,2,0,387.3,5132.1,1,188,0.8467,11,10,0,1,0,1,0,0
CH-002467,CH-C00098,2025-09-07,56,10449.92,58717.18,48,702,0.4514,327,0,0,3493.77,9052.33,1,202,0.2465,6,15,1,0,0,0,1,0
CH-002489,CH-C00524,2025-09-07,48,13720.58,42908.52,24,703,0.4141,9,1,0,3893.4,4288.46,1,177,0.9428,12,16,1,0,0,0,1,0
CH-000311,CH-C01879,2025-09-08,45,6157.15,73979.99,36,712,0.7124,121,1,0,2331.62,13320.59,1,154,0.155,11,26,1,0,0,0,1,0
CH-000554,CH-C00811,2025-09-08,40,9039.31,66032.48,48,637,0.2542,228,0,0,922.54,19601.09,1,149,0.2013,1,14,0,0,0,0,1,0
CH-001033,CH-C00039,2025-09-08,30,6278.45,30309.89,60,629,0.3154,98,1,0,1475.36,18402.66,1,57,0.2157,11,11,0,0,0,1,0,0
CH-001632,CH-C01162,2025-09-08,48,7782.93,73742.26,60,653,0.4877,320,0,0,2567.0,30720.27,0,138,0.0767,10,13,1,0,0,1,0,0
CH-001733,CH-C00144,2025-09-08,35,3680.04,68564.83,48,671,0.6205,107,2,1,854.92,5344.37,1,141,0.4098,9,16,0,0,0,1,0,0
CH-001846,CH-C01058,2025-09-08,47,11835.01,206524.52,48,794,0.7245,304,1,0,4271.99,16572.62,1,275,0.0808,12,2,0,0,0,1,0,0
CH-002194,CH-C00415,2025-09-08,44,6093.02,119471.48,48,688,0.4859,98,0,0,471.35,16486.51,1,311,0.1339,5,2,0,0,0,0,1,0
CH-000180,CH-C01775,2025-09-09,56,13092.16,185450.56,36,772,0.5794,226,3,2,2434.13,29633.95,1,1,0.3594,10,27,0,0,1,0,1,0
CH-000203,CH-C00133,2025-09-09,35,6235.02,90692.54,24,599,0.9822,53,0,0,2345.4,5190.48,0,64,0.3556,12,11,0,0,1,0,1,0
CH-000516,CH-C01493,2025-09-09,38,5561.94,66107.03,24,626,0.6573,136,0,0,901.55,7048.28,0,89,0.3264,9,6,0,0,1,0,0,1
CH-000749,CH-C00167,2025-09-09,63,21645.03,266928.19,12,606,1.1004,257,1,0,1574.46,116340.92,1,50,0.2258,3,14,0,0,1,0,1,0
CH-000789,CH-C00553,2025-09-09,54,8004.89,103905.75,36,759,0.5378,208,2,0,1418.96,507.33,0,86,0.5898,7,32,0,1,0,0,1,0
CH-000903,CH-C01274,2025-09-09,40,17148.03,151232.68,12,644,0.9635,95,0,0,3919.75,164.66,1,183,0.3784,4,2,0,1,0,0,1,0
CH-000941,CH-C00127,2025-09-09,63,14699.87,48128.9,60,577,0.0973,274,1,0,628.02,21238.6,1,24,0.5444,2,14,1,0,0,1,0,0
CH-001326,CH-C00364,2025-09-09,46,11017.95,140060.12,24,628,0.9479,254,0,0,4608.49,20060.75,0,235,0.287,10,28,1,0,0,0,1,0
CH-001390,CH-C01670,2025-09-09,44,12848.48,171977.36,36,774,0.7238,272,0,0,4522.55,20647.56,0,6,0.6263,9,6,0,1,0,0,1,0
CH-001637,CH-C01728,2025-09-09,22,7972.84,112753.96,36,713,0.5046,32,1,0,891.32,56880.61,1,23,0.8089,6,3,0,0,0,0,1,0
CH-001680,CH-C00364,2025-09-09,46,11697.25,187001.1,36,,0.6345,108,1,0,2227.52,20792.59,1,247,0.3862,5,13,1,0,0,0,1,0
CH-001859,CH-C00514,2025-09-09,26,8925.41,41374.84,24,715,0.5368,26,0,0,3066.77,10111.82,1,35,0.3422,10,2,0,0,1,0,1,0
CH-002095,CH-C01444,2025-09-09,21,5672.19,57024.16,60,727,0.5321,12,0,0,2067.91,32925.55,1,21,0.166,3,1,0,1,0,0,1,0
CH-001114,CH-C01200,2025-09-10,59,6039.04,74092.69,12,669,1.1897,47,0,0,1010.53,8211.27,1,330,0.1023,9,28,0,0,1,1,0,0
CH-001156,CH-C01507,2025-09-10,25,4904.05,37381.49,12,731,0.8839,72,1,0,1219.72,,1,55,0.6994,10,0,0,0,0,0,1,0
CH-001495,CH-C00467,2025-09-10,44,12939.16,230394.33,48,431,0.7976,113,5,0,5520.99,20686.91,1,29,0.7135,11,6,0,1,0,0,1,0
CH-001515,CH-C01457,2025-09-10,45,10717.66,123172.89,60,725,0.3551,317,0,0,1752.91,48040.34,1,127,0.4766,8,24,0,0,0,0,1,0
CH-001559,CH-C00128,2025-09-10,56,13187.11,211279.55,60,668,0.5048,62,0,0,3135.48,12829.5,0,64,0.349,10,13,1,0,0,0,1,0
CH-001800,CH-C00543,2025-09-10,57,7962.38,150036.33,24,767,0.9714,19,0,0,1483.37,14103.06,0,340,0.484,10,14,1,0,0,0,0,1
CH-001951,CH-C00342,2025-09-10,39,5691.79,51834.54,36,581,0.3446,188,1,0,521.34,3449.59,1,168,0.4028,9,11,0,1,0,1,0,0
CH-002109,CH-C01078,2025-09-10,44,8175.87,102218.14,48,627,0.5471,283,0,0,2343.5,10329.38,0,199,0.0665,12,10,0,1,0,0,1,0
CH-002198,CH-C01363,2025-09-10,64,12631.23,181208.3,48,593,0.7516,78,0,0,5718.4,61414.64,1,18,0.2813,1,12,0,0,0,0,1,0
CH-000382,CH-C01910,2025-09-11,58,7599.33,23756.55,36,715,0.4454,179,1,0,2725.2,47388.55,1,181,0.6023,7,15,0,0,0,1,0,0
CH-000550,CH-C00811,2025-09-11,40,7957.72,57646.19,12,608,0.6343,46,1,0,243.87,5607.98,1,110,0.4507,0,5,0,0,0,0,1,0
CH-000977,CH-C00012,2025-09-11,50,3885.61,67417.39,36,593,0.7629,6,1,0,1091.82,4984.19,1,198,0.4744,3,2,1,0,0,0,1,0
CH-001562,CH-C00044,2025-09-11,35,13133.38,231170.9,12,570,1.6825,173,2,0,2832.46,44046.52,1,21,0.4861,12,1,0,1,0,0,0,1
CH-001660,CH-C01832,2025-09-11,23,6385.24,55111.6,48,745,0.3444,31,0,0,1051.08,2394.22,1,8,0.6322,3,2,1,0,0,0,1,0
CH-001862,CH-C00952,2025-09-11,34,9089.72,171526.77,24,676,0.9872,173,1,1,1826.01,31274.69,1,17,0.1972,7,15,0,1,0,1,0,0
CH-001958,CH-C01181,2025-09-11,62,8852.9,70817.6,24,760,0.5409,122,0,0,1838.15,15150.28,1,363,0.3097,5,25,0,1,0,1,0,0
CH-001965,CH-C01852,2025-09-11,42,3095.39,29385.82,48,755,0.2869,57,5,0,275.87,6.03,1,214,0.678,1,13,0,0,1,0,1,0
CH-002241,CH-C01760,2025-09-11,47,16452.92,289203.41,24,624,1.1593,62,0,0,7022.98,114165.88,1,234,0.4624,12,0,1,0,0,0,1,0
CH-002320,CH-C01832,2025-09-11,23,6552.88,115023.1,60,699,0.4071,25,2,0,750.71,5479.62,0,30,0.5419,8,3,1,0,0,0,1,0
CH-000377,CH-C00815,2025-09-12,59,10257.8,119187.61,36,491,0.3558,100,1,0,339.26,56750.63,1,125,0.1649,5,3,0,0,0,0,1,0
CH-000594,CH-C01591,2025-09-12,42,8967.8,180470.7,24,606,1.2156,257,0,0,3381.96,19028.51,0,189,0.7052,8,19,1,0,0,1,0,0
CH-000752,CH-C00838,2025-09-12,36,3822.02,72987.2,48,816,0.5971,39,2,1,761.72,3968.58,1,187,0.4564,9,14,0,1,0,0,1,0
CH-000901,CH-C00519,2025-09-12,45,3473.68,29488.6,48,652,0.4034,309,0,0,786.85,1391.18,0,170,0.4981,2,0,0,0,0,0,0,1
CH-002024,CH-C00465,2025-09-12,30,3772.56,65946.49,36,705,0.9169,66,5,1,1627.4,1560.78,1,72,0.3502,12,4,0,0,1,0,1,0
CH-002197,CH-C01216,2025-09-12,28,21897.57,308518.35,12,850,1.3311,117,2,0,3437.88,2177.28,1,30,0.6105,7,5,0,0,1,0,1,0
CH-002316,CH-C01385,2025-09-12,44,19151.8,349846.1,60,620,0.4718,240,0,0,3204.44,72066.98,0,98,0.6729,9,12,1,0,0,1,0,0
CH-002453,CH-C02079,2025-09-12,54,7997.95,142750.12,48,516,0.6075,304,1,0,1884.41,29743.6,1,44,0.3317,8,23,0,1,0,0,1,0
CH-000104,CH-C01512,2025-09-13,61,8165.49,75077.61,60,652,0.2625,79,2,0,891.75,67228.8,1,252,0.255,9,13,0,1,0,0,1,0
CH-000135,CH-C00598,2025-09-13,47,8258.19,148252.28,12,644,1.6675,320,2,0,1416.56,19371.07,1,306,0.6017,4,10,0,1,0,1,0,0
CH-000479,CH-C01053,2025-09-13,64,16111.67,341309.31,12,622,1.806,80,0,0,654.44,5451.67,1,156,0.5186,7,17,0,0,0,1,0,0
CH-000500,CH-C01093,2025-09-13,37,8384.3,182646.08,36,605,0.8968,145,0,0,2445.94,31600.88,0,56,0.3861,10,19,0,1,0,0,0,1
CH-000724,CH-C01823,2025-09-13,37,11800.89,138038.41,60,592,0.3936,224,3,0,2344.69,3975.18,1,200,0.3184,4,6,0,0,1,0,1,0
CH-001060,CH-C00852,2025-09-13,51,16132.48,269665.37,48,635,0.5997,221,0,0,4056.79,4937.91,1,281,0.6746,6,4,1,0,0,0,1,0
CH-001134,CH-C01760,2025-09-13,47,18401.16,158751.24,48,632,0.4751,,0,0,5435.18,91898.43,1,208,0.6685,12,27,1,0,0,0,1,0
CH-001141,CH-C01446,2025-09-13,37,8107.75,82222.08,36,752,0.3902,113,0,0,880.02,3000.02,0,159,0.2848,7,9,0,0,0,1,0,0
CH-001203,CH-C01846,2025-09-13,38,28569.63,270134.54,24,744,0.457,158,0,2,1800.25,18930.15,1,192,0.4203,1,2,1,0,0,1,0,0
CH-001923,CH-C00076,2025-09-13,40,14207.12,232656.6,48,722,0.5881,68,0,0,3508.38,1642.17,0,154,0.1338,7,6,0,0,1,0,1,0
CH-001969,CH-C00148,2025-09-13,61,5694.39,56505.66,48,707,0.5879,340,0,0,2170.71,8051.23,1,90,0.2201,3,24,1,0,0,0,1,0
CH-002096,CH-C00205,2025-09-13,38,7768.3,36576.75,36,464,0.5485,36,0,2,3244.79,1828.1,1,195,0.24,2,8,0,0,1,0,1,0
CH-002192,CH-C01876,2025-09-13,36,7733.98,46336.48,36,668,0.3572,35,0,0,1475.46,,1,21,0.083,11,1,0,1,0,0,1,0
CH-002332,CH-C00726,2025-09-13,33,19718.63,350000,36,823,0.9154,22,0,0,8328.38,36948.93,1,179,0.2831,11,5,1,0,0,0,1,0
CH-000705,CH-C00215,2025-09-14,26,9420.82,37016.02,24,701,0.4322,46,0,0,2529.69,29748.62,1,13,0.272,3,4,0,1,0,0,1,0
CH-000853,CH-C00979,2025-09-14,62,4743.95,92892.12,36,,0.5685,155,1,2,116.66,2330.27,0,20,0.766,0,19,0,0,1,0,1,0
CH-000928,CH-C00265,2025-09-14,51,4675.99,78606.34,36,702,0.5007,4,0,1,157.92,13984.44,1,316,0.8717,5,10,0,1,0,1,0,0
CH-001098,CH-C00240,2025-09-14,51,4233.63,42187.9,60,658,0.1951,297,5,0,123.03,1058.25,1,340,0.2472,12,15,0,0,1,0,1,0
CH-001244,CH-C00958,2025-09-14,54,4133.68,19183.04,60,666,0.41,176,0,0,1375.14,2964.82,1,316,0.6852,5,4,0,1,0,1,0,0
CH-001616,CH-C00389,2025-09-14,41,6849.1,107167.46,36,627,0.653,275,2,0,1495.43,1235.76,1,6,0.1905,3,7,0,0,1,0,1,0
CH-002108,CH-C01251,2025-09-14,55,4791.99,27651.71,12,637,0.6277,312,1,0,703.78,20152.29,1,147,0.544,1,9,0,0,0,0,1,0
CH-000209,CH-C02059,2025-09-15,45,10840.24,226655.87,12,690,2.1314,310,0,0,4217.34,18002.19,0,320,0.1592,10,26,1,0,0,0,0,1
CH-000219,CH-C01577,2025-09-15,38,3341.49,66641.83,60,530,0.6315,121,0,0,999.48,10592.97,1,140,0.3769,5,8,0,0,0,0,1,0
CH-001150,CH-C00554,2025-09-15,21,7085.45,99215.52,12,648,1.4002,22,0,0,1652.86,6123.79,0,32,0.6121,9,2,0,1,0,0,1,0
CH-001167,CH-C01864,2025-09-15,31,10728.6,187920.18,48,660,0.4566,85,1,0,983.53,852.7,1,77,0.3876,9,7,1,0,0,1,0,0
CH-001231,CH-C00705,2025-09-15,61,9756.83,100453.59,60,644,0.3401,95,0,1,1643.68,48148.15,1,370,0.5985,9,24,0,1,0,1,0,0
CH-001429,CH-C00533,2025-09-15,58,10507.81,112475.08,48,590,0.4751,353,1,0,2649.15,37584.65,1,416,0.5219,0,2,1,0,0,0,1,0
CH-001914,CH-C02028,2025-09-15,52,3149.04,50082.15,24,850,1.0253,,0,0,1141.91,9369.6,1,278,0.5366,2,18,0,0,1,0,1,0
CH-002404,CH-C01700,2025-09-15,25,6445.51,98877.61,24,650,0.9142,22,1,0,1772.27,4166.86,1,82,0.5145,8,5,0,1,0,1,0,0
CH-000331,CH-C00863,2025-09-16,54,6527.32,111156.8,12,624,1.5457,20,1,0,826.33,11193.55,1,168,0.5558,10,8,1,0,0,0,0,1
CH-000897,CH-C00807,2025-09-16,32,9134.91,49156.11,12,687,0.8968,68,0,0,4095.55,16056.66,0,120,0.2546,9,13,0,0,0,0,0,1
CH-001015,CH-C01208,2025-09-16,42,8134.73,48417.48,60,592,0.1367,42,0,0,304.79,13103.23,1,93,0.4335,12,23,0,0,1,1,0,0
CH-001602,CH-C00721,2025-09-16,43,9505.36,100348.25,60,720,0.313,145,2,1,1302.47,16028.81,0,114,0.058,11,1,1,0,0,0,1,0
CH-002243,CH-C01257,2025-09-16,56,15079.69,183222.34,12,591,1.1328,251,0,1,1813.33,41892.68,1,234,0.7941,5,5,0,0,0,0,1,0
CH-000559,CH-C00410,2025-09-17,33,4720.49,20490.57,48,616,0.3115,31,1,0,1043.62,34923.03,0,153,0.7884,2,1,1,0,0,0,1,0
CH-000711,CH-C02008,2025-09-17,35,4325.48,24684.77,48,628,0.538,28,1,0,1813.01,,1,19,0.7204,4,16,0,0,0,1,0,0
CH-000875,CH-C01761,2025-09-17,44,13792.47,243748.62,12,704,1.8649,31,0,0,5409.44,3189.52,1,55,0.4923,3,11,0,1,0,1,0,0
CH-001111,CH-C00702,2025-09-17,58,8366.09,94932.56,36,498,0.5898,154,0,0,2297.25,11191.62,1,202,0.4504,4,31,0,0,0,0,1,0
CH-001341,CH-C00484,2025-09-17,26,8380.75,118247.7,60,491,0.3332,38,1,0,821.88,534.35,1,7,0.1569,7,6,0,0,0,0,1,0
CH-001507,CH-C00924,2025-09-17,58,6634.42,142188.54,60,741,0.4047,305,1,0,314.92,7146.03,1,159,0.7118,9,19,1,0,0,1,0,0
CH-001808,CH-C00992,2025-09-17,52,13919.55,257981.0,48,642,0.7592,198,0,0,5193.61,8595.59,0,113,0.5195,2,20,0,0,1,0,0,1
CH-001972,CH-C00832,2025-09-17,53,8320.83,84570.68,24,556,0.8689,37,0,0,3706.53,10249.12,1,377,0.53,0,10,0,0,0,1,0,0
CH-002273,CH-C01029,2025-09-17,47,11297.56,169895.0,12,449,1.3004,56,1,0,533.72,35465.48,1,293,0.3528,6,20,0,0,1,0,1,0
CH-000533,CH-C01730,2025-09-18,25,11389.35,41404.26,48,596,0.4465,70,1,0,4222.69,1719.81,1,26,0.1876,3,6,1,0,0,1,0,0
CH-000555,CH-C00887,2025-09-18,29,5152.74,113320.8,24,604,1.1784,6,1,0,1350.04,,0,54,0.6496,4,10,1,0,0,1,0,0
CH-000742,CH-C00732,2025-09-18,38,5858.81,45181.75,60,546,0.3081,153,0,2,1051.98,3099.78,1,121,0.3647,9,13,1,0,0,0,1,0
CH-000972,CH-C01379,2025-09-18,57,5386.64,69009.47,48,665,0.4854,91,1,0,1176.74,16385.57,0,315,0.4504,9,4,0,0,0,0,0,1
CH-001070,CH-C00964,2025-09-18,39,8869.32,194881.08,48,609,0.6495,55,0,0,1700.35,16540.69,1,166,0.6754,11,0,0,0,0,1,0,0
CH-001664,CH-C01870,2025-09-18,26,7575.71,66008.65,60,658,0.5767,26,0,0,3268.39,10977.74,1,17,0.1803,11,0,1,0,0,0,1,0
CH-001704,CH-C00840,2025-09-18,26,6483.38,24399.57,36,586,0.4293,,3,0,2105.77,416.85,0,47,0.4014,4,3,1,0,0,0,0,1
CH-001825,CH-C01899,2025-09-18,60,8572.05,108306.8,24,737,0.664,276,3,1,1179.35,6227.27,0,229,0.6879,12,5,0,1,0,0,0,1
CH-002073,CH-C01146,2025-09-18,26,5338.85,31817.79,12,595,0.5205,82,1,0,127.3,2614.06,1,0,0.3333,10,6,0,1,0,1,0,0
CH-002111,CH-C01065,2025-09-18,62,16548.1,346822.08,48,667,0.8292,192,0,0,6496.05,10789.91,1,37,0.2781,10,3,1,0,0,0,0,1
CH-002215,CH-C00477,2025-09-18,54,10238.38,119233.1,48,727,0.3843,277,0,0,1450.19,25093.76,1,44,0.4441,0,8,0,0,0,0,0,1
CH-000138,CH-C00878,2025-09-19,58,8304.04,112633.96,36,682,0.4725,230,0,2,794.78,17842.85,1,287,0.5376,9,1,0,0,1,0,1,0
CH-000269,CH-C00312,2025-09-19,22,3761.05,40264.78,36,790,0.5671,29,5,0,1014.53,7688.92,0,24,0.3521,0,4,0,0,1,0,0,1
CH-000505,CH-C01644,2025-09-19,39,6760.62,120151.48,24,566,1.0954,113,0,0,2399.39,11526.54,1,125,0.3159,12,14,0,0,0,1,0,0
CH-000543,CH-C01967,2025-09-19,37,11179.56,40034.34,24,759,0.1934,108,2,0,494.25,4116.95,1,21,0.6919,8,6,1,0,0,0,1,0
CH-000581,CH-C01134,2025-09-19,54,8252.71,178991.1,60,739,0.5144,257,0,0,1262.3,9140.2,0,85,0.5713,9,29,1,0,0,0,1,0
CH-000606,CH-C01352,2025-09-19,45,8944.53,31111.74,24,611,0.5141,309,4,0,3301.66,2285.64,1,163,0.7195,11,20,0,1,0,0,1,0
CH-000659,CH-C01541,2025-09-19,29,5466.29,66486.42,60,847,0.2437,97,0,0,224.0,429.28,1,6,0.6646,9,1,0,1,0,0,1,0
CH-000827,CH-C02069,2025-09-19,36,3736.92,69128.73,24,519,1.0757,34,0,0,1139.45,36868.89,1,161,0.4151,2,10,0,0,0,0,1,0
CH-000840,CH-C01832,2025-09-19,23,6723.14,42829.82,48,789,0.3711,42,0,0,1602.46,12080.42,1,28,0.5557,0,2,1,0,0,0,1,0
CH-001146,CH-C01250,2025-09-19,22,12872.76,263155.7,60,685,0.5549,13,1,0,2757.28,32052.27,1,1,0.3147,9,4,0,0,0,0,1,0
CH-001372,CH-C01979,2025-09-19,59,6799.69,95711.06,60,600,0.6199,325,1,0,2619.88,,1,31,0.6184,0,3,0,0,1,0,1,0
CH-001829,CH-C01732,2025-09-19,53,13566.55,97966.8,36,676,0.4179,149,2,0,2947.53,8579.76,1,113,0.679,0,15,0,0,1,0,1,0
CH-001880,CH-C01082,2025-09-19,47,9742.39,86207.22,36,798,0.373,293,0,0,1238.97,28046.24,1,340,0.2976,5,23,1,0,0,0,1,0
CH-001986,CH-C00736,2025-09-19,40,5598.99,65860.81,36,724,0.6366,253,0,1,1735.1,10723.1,1,72,0.2295,5,12,0,0,0,0,1,0
CH-000052,CH-C00780,2025-09-20,49,6145.85,84002.51,60,753,0.6005,17,0,1,2290.72,4864.39,0,348,0.6977,7,23,0,1,0,0,0,1
CH-000153,CH-C00776,2025-09-20,29,6932.33,55090.33,60,549,0.5749,41,0,0,3067.37,3930.52,0,36,0.2831,9,7,1,0,0,0,1,0
CH-000285,CH-C02031,2025-09-20,26,7628.47,50471.72,60,512,0.5009,56,5,0,2980.23,14617.78,1,76,0.1386,8,3,0,0,0,0,1,0
CH-000450,CH-C01032,2025-09-20,39,13504.74,258660.14,24,721,1.1223,0,0,0,4378.64,9618.09,0,206,0.1914,10,7,0,0,0,0,0,1
CH-000690,CH-C00241,2025-09-20,43,5986.89,47480.77,12,662,0.9339,289,2,0,1634.33,3986.48,0,0,0.2586,10,16,0,0,0,0,1,0
CH-000879,CH-C01482,2025-09-20,36,6229.54,108810.59,60,622,0.6552,8,1,0,2268.28,22299.64,1,186,0.7149,1,7,0,0,1,0,1,0
CH-001026,CH-C00952,2025-09-20,34,8683.7,158804.78,48,713,0.5922,185,2,0,1834.18,6490.79,1,42,0.6328,3,12,0,1,0,1,0,0
CH-001097,CH-C01255,2025-09-20,46,14232.9,312658.48,48,535,0.5816,86,0,0,1764.42,54906.61,1,290,0.1455,2,2,0,1,0,0,1,0
CH-001119,CH-C00306,2025-09-20,54,8864.26,135846.38,12,753,1.6569,128,0,0,3366.35,31939.17,1,258,0.3401,12,10,0,1,0,0,1,0
CH-001263,CH-C01543,2025-09-20,58,11146.74,69056.03,60,635,0.3302,121,1,0,2530.14,5198.38,0,401,0.2448,5,20,1,0,0,0,1,0
CH-001423,CH-C01841,2025-09-20,42,6914.39,94663.35,60,716,0.4015,149,1,1,1198.54,5269.46,1,31,0.2493,12,6,0,1,0,0,1,0
CH-001898,CH-C01540,2025-09-20,50,6258.14,26870.1,60,837,0.4754,238,0,0,2527.4,3083.53,1,66,0.1812,1,18,0,1,0,0,1,0
CH-002127,CH-C00028,2025-09-20,43,4446.7,81077.91,60,602,0.7117,9,1,0,1813.24,7136.79,1,280,0.4756,2,4,0,0,1,0,1,0
CH-002366,CH-C02061,2025-09-20,44,4093.24,72876.98,60,833,0.3844,224,0,0,358.91,10230.53,0,116,0.8623,11,1,0,0,1,0,1,0
CH-000077,CH-C01043,2025-09-21,55,8136.62,164833.39,60,660,0.6465,259,3,0,2513.32,9419.53,1,121,0.2158,8,28,0,0,0,1,0,0
CH-000553,CH-C01974,2025-09-21,61,11121.97,67336.31,48,738,0.5886,,0,0,5143.69,7183.77,1,280,0.6557,3,0,1,0,0,1,0,0
CH-000775,CH-C00434,2025-09-21,58,8247.94,100603.36,24,589,0.9711,19,0,0,3817.76,19762.4,1,198,0.6823,9,26,0,1,0,0,1,0
CH-000942,CH-C00661,2025-09-21,30,3427.91,42292.35,12,713,1.4535,,5,0,1458.25,4331.68,1,33,0.2756,3,10,0,1,0,0,1,0
CH-001180,CH-C00529,2025-09-21,59,10580.54,98158.27,24,596,0.4108,30,1,0,256.67,11255.66,1,51,0.6469,1,31,0,0,0,0,1,0
CH-001425,CH-C00051,2025-09-21,27,3762.2,59585.05,60,697,0.6377,85,2,0,1406.01,1083.11,0,67,0.3747,0,2,1,0,0,0,1,0
CH-001501,CH-C00206,2025-09-21,23,13647.77,81160.92,36,571,0.5657,34,0,1,5466.34,29960.4,1,24,0.7605,3,1,0,0,1,0,1,0
CH-001722,CH-C00569,2025-09-21,53,4730.4,38406.57,60,595,0.5127,194,0,0,1785.19,528.2,1,142,0.3685,8,18,0,1,0,0,1,0
CH-001729,CH-C00072,2025-09-21,35,9368.19,33081.72,60,604,0.4177,196,0,0,3361.63,1002.57,0,123,0.7588,6,5,0,0,0,0,0,1
CH-001991,CH-C01367,2025-09-21,27,11001.12,179899.34,60,586,0.4402,47,0,1,1843.87,59656.59,0,7,0.0934,7,2,1,0,0,0,1,0
CH-002412,CH-C00128,2025-09-21,56,13217.96,44320.39,60,686,0.2537,220,4,1,2614.79,2066.74,0,308,0.1575,1,14,1,0,0,0,1,0
CH-000306,CH-C00349,2025-09-22,23,5824.23,120727.81,48,666,0.4456,60,2,0,80.21,7646.99,0,5,0.4727,2,4,0,0,1,1,0,0
CH-000760,CH-C01803,2025-09-22,37,7357.2,105930.95,36,825,0.5003,119,5,0,738.02,6977.2,1,224,0.3375,3,18,0,1,0,0,1,0
CH-000837,CH-C01019,2025-09-22,39,6865.14,87705.95,48,730,0.6287,196,2,0,2488.9,15162.95,1,114,0.1903,0,5,0,0,1,0,1,0
CH-001028,CH-C02070,2025-09-22,46,7548.51,155687.6,60,694,0.4132,59,0,0,524.32,59384.36,1,89,0.3382,12,26,1,0,0,0,1,0
CH-001552,CH-C00732,2025-09-22,38,4643.36,79788.28,24,595,1.1196,,0,0,1874.25,2960.84,1,180,0.558,1,3,1,0,0,0,1,0
CH-001658,CH-C00608,2025-09-22,58,10838.55,169372.41,60,669,0.4016,298,0,0,1530.18,3512.09,1,386,0.8126,7,9,0,1,0,0,1,0
CH-001815,CH-C00735,2025-09-22,54,10423.61,196081.79,24,569,1.0639,293,0,0,2919.24,5640.45,0,308,0.4452,3,17,1,0,0,0,1,0
CH-001819,CH-C01385,2025-09-22,44,16544.34,222561.71,12,683,1.244,124,0,0,2034.01,10989.34,1,5,0.8748,5,6,1,0,0,1,0,0
CH-002126,CH-C00447,2025-09-22,38,8753.93,42719.94,24,673,0.2964,200,1,2,814.6,27350.12,0,116,0.236,10,1,1,0,0,0,1,0
CH-002212,CH-C00326,2025-09-22,23,10579.42,177533.09,60,686,0.7144,36,1,0,4599.25,57.13,1,34,0.3196,7,5,0,0,1,1,0,0
CH-000224,CH-C00024,2025-09-23,21,13335.45,172996.66,24,746,0.8065,21,1,0,3546.5,,1,9,0.5824,5,0,0,1,0,0,1,0
CH-000313,CH-C00253,2025-09-23,46,7166.81,106810.24,24,508,0.7156,293,0,0,678.11,3832.64,1,129,0.4252,7,5,0,1,0,0,1,0
CH-000400,CH-C00919,2025-09-23,51,5494.3,107958.49,12,702,1.8922,64,1,1,1399.5,16121.69,1,71,0.0863,11,19,0,0,1,1,0,0
CH-000452,CH-C01186,2025-09-23,32,13266.46,278646.79,60,640,0.4926,124,0,0,1891.04,67200.49,1,157,0.4917,12,7,1,0,0,0,1,0
CH-000866,CH-C00104,2025-09-23,57,8048.01,129009.02,36,733,0.6207,31,3,0,1411.67,15648.26,0,298,0.253,12,30,1,0,0,0,1,0
CH-000986,CH-C01611,2025-09-23,39,6223.29,62247.14,48,616,0.2584,63,3,0,311.12,3650.69,1,195,0.6404,4,16,0,1,0,0,1,0
CH-001582,CH-C00037,2025-09-23,64,19947.59,350000,12,671,1.5769,18,1,0,2288.23,13373.32,0,355,0.1491,2,11,0,0,0,0,0,1
CH-001697,CH-C01816,2025-09-23,40,3493.92,30852.28,60,503,0.3409,217,0,0,676.7,4992.55,1,27,0.5655,4,12,0,1,0,0,1,0
CH-001762,CH-C00205,2025-09-23,38,7806.57,87901.12,48,610,0.3373,185,0,0,801.75,39855.64,1,59,0.4502,4,14,0,0,1,0,1,0
CH-002106,CH-C00650,2025-09-23,37,6386.24,93456.82,60,612,0.3127,,4,0,439.55,12118.28,0,97,0.3228,11,13,0,0,1,0,0,1
CH-002128,CH-C01207,2025-09-23,58,4983.07,96227.49,48,740,0.8233,36,1,1,2097.94,7574.07,1,75,0.7203,3,32,0,0,0,0,1,0
CH-000216,CH-C00226,2025-09-24,52,14338.85,88516.19,48,639,0.5265,260,1,0,5705.53,3429.95,1,55,0.2731,6,27,0,0,1,0,0,1
CH-000519,CH-C00346,2025-09-24,44,7865.25,145229.12,24,643,1.1524,306,2,0,3012.43,5260.61,1,211,0.2938,4,0,0,0,0,1,0,0
CH-000963,CH-C00525,2025-09-24,45,12287.25,189156.33,36,728,0.65,177,1,0,2732.86,17447.22,0,59,0.3601,9,19,0,1,0,0,0,1
CH-001217,CH-C01427,2025-09-24,35,7595.55,100416.14,36,726,0.5281,182,1,0,1221.68,15752.69,1,150,0.4841,1,9,0,0,0,1,0,0
CH-001237,CH-C00576,2025-09-24,36,4513.98,75001.39,60,696,0.4603,142,1,0,827.75,10334.94,0,8,0.3516,4,12,0,0,1,0,1,0
CH-001304,CH-C01541,2025-09-24,29,5217.68,52672.01,12,824,1.0607,54,0,0,1145.29,48215.68,1,94,0.073,6,8,0,1,0,0,1,0
CH-001576,CH-C00697,2025-09-24,39,6955.95,59644.04,24,535,0.6982,136,3,0,2371.27,12339.65,1,201,0.5116,5,2,0,0,0,0,1,0
CH-002088,CH-C00612,2025-09-24,42,7832.34,61220.99,36,596,0.422,220,1,0,1604.42,29428.19,0,113,0.4707,9,24,0,0,0,0,0,1
CH-002195,CH-C01101,2025-09-24,61,6358.72,44654.9,36,535,0.3695,120,2,0,1109.28,9348.68,1,185,0.2038,6,9,0,1,0,1,0,0
CH-000069,CH-C01062,2025-09-25,35,2964.41,12578.94,48,745,0.1315,40,0,0,127.81,604.18,1,73,0.4844,4,17,1,0,0,0,1,0
CH-000190,CH-C01801,2025-09-25,59,7678.13,126706.91,24,608,0.9811,222,0,0,2253.8,27630.61,1,10,0.2229,4,2,0,0,1,0,1,0
CH-000259,CH-C01101,2025-09-25,61,6123.79,106231.81,48,623,0.8059,239,0,0,2721.72,3349.94,1,126,0.6144,6,10,0,1,0,1,0,0
CH-000727,CH-C01932,2025-09-25,22,15844.48,238321.72,24,673,0.9092,18,0,0,4475.97,25542.03,0,29,0.1457,12,2,0,1,0,1,0,0
CH-000839,CH-C00479,2025-09-25,31,4273.46,66512.79,12,677,1.6156,122,1,0,1361.59,4062.19,1,7,0.2583,9,10,0,1,0,0,1,0
CH-000952,CH-C00899,2025-09-25,24,10842.48,96744.97,48,625,0.1987,49,1,0,139.33,1012.56,1,58,0.2582,8,3,1,0,0,1,0,0
CH-001140,CH-C00811,2025-09-25,40,7357.13,122178.86,24,,1.0763,167,1,0,2827.84,15834.17,1,35,0.2437,3,13,0,0,0,0,1,0
CH-001143,CH-C01435,2025-09-25,23,13958.49,72250.92,24,635,0.2683,9,3,0,735.21,,1,31,0.4922,10,5,1,0,0,0,1,0
CH-001247,CH-C00880,2025-09-25,62,4153.07,35073.84,36,681,0.63,269,1,0,1642.24,8268.26,1,102,0.4021,10,17,0,0,0,0,1,0
CH-001527,CH-C00084,2025-09-25,60,14776.84,107697.6,36,727,0.6427,119,1,0,6505.27,36266.91,1,329,0.6174,11,11,0,0,1,1,0,0
CH-001620,CH-C01932,2025-09-25,22,15992.02,273669.08,24,607,1.0744,7,0,0,5778.34,35041.7,1,43,0.5136,10,2,0,1,0,1,0,0
CH-001946,CH-C00716,2025-09-25,33,11321.8,115972.71,36,717,0.7007,170,2,0,4711.51,122012.06,0,8,0.7836,10,10,1,0,0,0,0,1
CH-000127,CH-C01027,2025-09-26,49,19629.64,266601.2,12,708,1.269,197,2,0,2694.1,19650.95,1,80,0.3616,1,4,1,0,0,1,0,0
CH-000238,CH-C00173,2025-09-26,26,8020.57,44622.74,12,742,0.7016,42,0,0,1908.98,,1,71,0.3026,1,1,0,0,1,0,1,0
CH-000651,CH-C00406,2025-09-26,36,5537.7,42815.91,12,767,0.891,108,3,0,1366.07,,0,133,0.4245,9,5,0,0,0,0,0,1
CH-000769,CH-C01658,2025-09-26,33,9333.73,136784.0,48,622,0.5124,31,3,0,1932.68,19066.75,0,46,0.6591,10,2,0,0,0,1,0,0
CH-000923,CH-C00195,2025-09-26,51,10427.5,83225.41,60,743,0.2723,249,0,0,1452.46,2324.71,0,345,0.3245,11,31,0,0,1,1,0,0
CH-002084,CH-C00681,2025-09-26,29,5338.68,92228.28,48,657,0.5817,33,0,0,1184.27,8646.8,0,106,0.4012,7,8,0,0,1,0,0,1
CH-002155,CH-C01881,2025-09-26,33,7109.4,89946.89,60,585,0.6626,16,1,0,3211.72,22001.31,1,14,0.5841,0,6,0,0,0,0,1,0
CH-002249,CH-C00277,2025-09-26,36,7111.53,32461.34,60,572,0.1374,184,1,0,435.98,266.66,1,18,0.4753,5,15,0,0,0,1,0,0
CH-002388,CH-C01481,2025-09-26,53,4759.22,21804.13,24,797,0.305,319,0,0,543.18,,1,324,0.6122,9,0,1,0,0,0,1,0
CH-000075,CH-C01595,2025-09-27,31,19230.27,121476.9,60,682,0.4671,33,1,0,6957.67,4701.7,1,38,0.5179,11,5,1,0,0,0,1,0
CH-000676,CH-C01422,2025-09-27,38,6413.18,39500.95,60,565,0.451,20,0,0,2233.74,12757.7,0,156,0.3613,7,13,0,1,0,0,1,0
CH-000890,CH-C00911,2025-09-27,57,2733.56,57976.28,12,656,1.8274,126,1,0,164.03,21711.0,0,365,0.5652,8,7,0,1,0,0,0,1
CH-001517,CH-C00205,2025-09-27,38,10657.03,45005.7,48,524,0.3811,32,1,0,3123.5,16919.11,1,185,0.1633,8,16,0,0,1,0,1,0
CH-002123,CH-C02067,2025-09-27,21,10043.78,219282.18,60,619,0.7057,6,1,0,3433.47,51669.11,1,7,0.5161,5,0,0,1,0,0,1,0
CH-002483,CH-C00547,2025-09-27,40,8521.11,146492.74,60,788,0.5824,16,2,0,2520.89,5783.68,1,33,0.1062,8,8,0,0,1,0,1,0
CH-000252,CH-C01249,2025-09-28,23,10986.34,153538.05,12,729,1.598,35,8,0,4761.03,10702.21,0,1,0.6174,1,1,0,1,0,0,1,0
CH-000413,CH-C00256,2025-09-28,49,11480.09,60003.65,36,598,0.203,44,0,0,663.85,15814.33,1,348,0.4143,2,3,1,0,0,0,1,0
CH-000448,CH-C00124,2025-09-28,36,7640.41,114847.32,36,669,0.5107,128,0,1,711.57,17879.49,1,137,0.017,1,16,0,1,0,0,1,0
CH-001236,CH-C00397,2025-09-28,49,8500.16,58938.91,24,586,0.4453,291,1,1,1329.69,110518.07,1,340,0.6371,3,25,0,1,0,0,1,0
CH-001298,CH-C01507,2025-09-28,25,3965.33,15321.98,48,704,0.208,22,5,0,505.66,3256.35,1,56,0.5432,9,6,0,0,0,0,1,0
CH-001339,CH-C00197,2025-09-28,26,5533.56,101133.34,36,652,0.7606,34,0,0,1399.77,5471.8,1,74,0.1241,0,5,0,1,0,0,1,0
CH-001379,CH-C01984,2025-09-28,46,10096.4,113478.46,48,779,0.5079,313,5,0,2763.51,12060.0,1,188,0.6822,0,28,0,0,1,0,1,0
CH-001498,CH-C01303,2025-09-28,24,5583.09,87701.21,12,732,1.5157,32,2,0,1153.8,4153.17,0,60,0.34,8,0,0,0,1,0,1,0
CH-001500,CH-C02023,2025-09-28,34,8893.39,167262.15,36,743,0.731,4,4,0,1854.89,1904.63,1,92,0.5637,11,7,0,1,0,1,0,0
CH-001568,CH-C00002,2025-09-28,57,10713.82,156633.84,36,599,0.7288,273,0,1,3457.13,3859.83,1,121,0.3666,3,9,1,0,0,1,0,0
CH-001594,CH-C01361,2025-09-28,45,2500,47588.81,24,698,1.076,144,0,0,707.25,,1,113,0.7356,1,18,0,0,1,1,0,0
CH-001745,CH-C00301,2025-09-28,32,5481.09,81291.06,24,773,1.0584,10,0,0,2414.08,15420.86,1,82,0.0617,0,8,0,0,1,0,1,0
CH-001771,CH-C00642,2025-09-28,63,15838.22,166449.36,24,670,0.7945,86,1,0,5647.53,9823.96,1,319,0.2201,6,12,0,0,0,1,0,0
CH-001902,CH-C01575,2025-09-28,47,10952.6,56518.63,12,542,0.7539,320,1,0,3547.35,11068.97,1,293,0.7995,6,4,0,0,0,1,0,0
CH-002272,CH-C00917,2025-09-28,44,22007.8,350000,48,657,0.4534,29,1,1,2686.96,60493.67,0,104,0.4098,4,14,0,0,0,0,1,0
CH-000195,CH-C02021,2025-09-29,39,17129.92,266388.56,12,548,1.4937,152,0,0,3387.46,88584.82,0,88,0.4822,5,19,1,0,0,1,0,0
CH-000353,CH-C00911,2025-09-29,57,2500,46408.11,60,548,0.5659,120,5,2,641.3,1837.63,0,328,0.6081,1,29,0,1,0,0,0,1
CH-000380,CH-C01810,2025-09-29,38,7284.03,112212.86,12,660,1.43,101,2,0,1065.19,8276.06,1,228,0.6837,2,7,0,0,0,1,0,0
CH-000468,CH-C00201,2025-09-29,63,5737.79,66301.26,60,715,0.2347,335,2,2,241.49,17078.98,1,191,0.5615,11,7,0,1,0,0,1,0
CH-000734,CH-C00579,2025-09-29,46,35087.36,350000,12,647,1.0827,269,0,0,8820.69,276255.5,1,267,0.1706,12,7,0,1,0,1,0,0
CH-000969,CH-C00783,2025-09-29,28,7494.58,132908.5,36,566,0.7266,33,4,0,1753.85,299.44,1,57,0.2232,6,1,0,1,0,0,1,0
CH-002099,CH-C01642,2025-09-29,29,5661.5,62089.49,24,684,0.6129,69,0,0,882.73,5215.38,1,91,0.172,3,2,0,1,0,0,1,0
CH-002433,CH-C01925,2025-09-29,24,14824.35,159593.8,60,650,0.2922,56,5,0,1672.22,2449.91,1,43,0.3927,11,5,0,0,1,0,1,0
CH-000058,CH-C00718,2025-09-30,52,9530.65,204447.26,48,603,0.4852,211,1,0,365.31,3656.01,0,62,0.3783,9,25,1,0,0,0,1,0
CH-000214,CH-C00739,2025-09-30,50,12041.96,167174.34,24,614,0.9063,287,2,0,3948.08,9890.72,1,59,0.2248,0,11,1,0,0,0,1,0
CH-000532,CH-C01215,2025-09-30,59,6279.2,68807.32,48,595,0.4604,,3,0,1457.21,24171.73,1,329,0.2281,6,12,0,1,0,0,0,1
CH-000806,CH-C01736,2025-09-30,36,4890.81,15235.28,24,850,0.5446,17,5,0,2028.89,870.5,1,2,0.6204,9,5,0,0,1,0,1,0
CH-000984,CH-C01534,2025-09-30,46,15656.59,155219.92,36,626,0.4091,26,0,1,2094.04,113034.15,1,85,0.3506,2,26,0,0,0,0,1,0
CH-001456,CH-C00227,2025-09-30,58,6145.09,29914.97,24,572,0.5531,263,0,0,2152.12,24251.98,0,14,0.5849,5,22,0,0,0,0,1,0
CH-001537,CH-C00046,2025-09-30,35,8709.09,65463.54,36,643,0.4174,27,0,0,1816.78,5908.45,1,6,0.2314,2,6,0,0,1,1,0,0
CH-001844,CH-C00570,2025-09-30,51,8966.21,90128.41,60,814,0.4719,87,0,0,2728.58,26545.38,1,94,0.0441,6,7,0,0,0,0,1,0
CH-002119,CH-C01818,2025-09-30,61,24053.18,350000,24,637,0.8837,91,0,0,6672.34,15199.83,0,300,0.6095,1,7,1,0,0,0,0,1
CH-002381,CH-C01558,2025-09-30,31,4214.33,13238.31,12,637,0.4148,126,0,0,645.07,1937.4,1,96,0.0476,0,1,0,0,1,0,1,0
CH-002462,CH-C01847,2025-09-30,37,3336.98,53466.84,24,645,0.9678,209,0,0,1001.73,21420.58,1,79,0.6034,11,16,0,0,0,0,1,0
