application_id,application_date,role,fold,source
TR-001121,2022-01-01,warmup_no_oof,0,LIVE
TR-002836,2022-01-01,warmup_no_oof,0,LIVE
TR-005579,2022-01-01,warmup_no_oof,0,LIVE
TR-006881,2022-01-01,warmup_no_oof,0,LIVE
TR-001137,2022-01-02,warmup_no_oof,0,LIVE
TR-001271,2022-01-02,warmup_no_oof,0,LIVE
TR-002487,2022-01-02,warmup_no_oof,0,LIVE
TR-004161,2022-01-02,warmup_no_oof,0,LIVE
TR-004487,2022-01-02,warmup_no_oof,0,LIVE
TR-004591,2022-01-02,warmup_no_oof,0,LIVE
TR-005834,2022-01-02,warmup_no_oof,0,LIVE
TR-006595,2022-01-02,warmup_no_oof,0,LIVE
TR-006640,2022-01-02,warmup_no_oof,0,LIVE
TR-006688,2022-01-02,warmup_no_oof,0,LIVE
TR-006905,2022-01-02,warmup_no_oof,0,LIVE
TR-008123,2022-01-02,warmup_no_oof,0,LIVE
TR-009666,2022-01-02,warmup_no_oof,0,LIVE
TR-009849,2022-01-02,warmup_no_oof,0,LIVE
TR-000389,2022-01-03,warmup_no_oof,0,LIVE
TR-002734,2022-01-03,warmup_no_oof,0,LIVE
TR-002868,2022-01-03,warmup_no_oof,0,LIVE
TR-003595,2022-01-03,warmup_no_oof,0,LIVE
TR-004909,2022-01-03,warmup_no_oof,0,LIVE
TR-004922,2022-01-03,warmup_no_oof,0,LIVE
TR-008142,2022-01-03,warmup_no_oof,0,LIVE
TR-008933,2022-01-03,warmup_no_oof,0,LIVE
TR-009630,2022-01-03,warmup_no_oof,0,LIVE
TR-000822,2022-01-04,warmup_no_oof,0,LIVE
TR-003399,2022-01-04,warmup_no_oof,0,LIVE
TR-003729,2022-01-04,warmup_no_oof,0,LIVE
TR-004589,2022-01-04,warmup_no_oof,0,LIVE
TR-000252,2022-01-05,warmup_no_oof,0,LIVE
TR-001054,2022-01-05,warmup_no_oof,0,LIVE
TR-001780,2022-01-05,warmup_no_oof,0,LIVE
TR-001957,2022-01-05,warmup_no_oof,0,LIVE
TR-002121,2022-01-05,warmup_no_oof,0,LIVE
TR-004182,2022-01-05,warmup_no_oof,0,LIVE
TR-004498,2022-01-05,warmup_no_oof,0,LIVE
TR-005212,2022-01-05,warmup_no_oof,0,LIVE
TR-005590,2022-01-05,warmup_no_oof,0,LIVE
TR-008118,2022-01-05,warmup_no_oof,0,LIVE
TR-008327,2022-01-05,warmup_no_oof,0,LIVE
TR-008852,2022-01-05,warmup_no_oof,0,LIVE
TR-008925,2022-01-05,warmup_no_oof,0,LIVE
TR-009091,2022-01-05,warmup_no_oof,0,LIVE
TR-009705,2022-01-05,warmup_no_oof,0,LIVE
TR-000002,2022-01-06,warmup_no_oof,0,LIVE
TR-000579,2022-01-06,warmup_no_oof,0,LIVE
TR-001064,2022-01-06,warmup_no_oof,0,LIVE
TR-001090,2022-01-06,warmup_no_oof,0,LIVE
TR-001963,2022-01-06,warmup_no_oof,0,LIVE
TR-004548,2022-01-06,warmup_no_oof,0,LIVE
TR-006061,2022-01-06,warmup_no_oof,0,LIVE
TR-006516,2022-01-06,warmup_no_oof,0,LIVE
TR-007385,2022-01-06,warmup_no_oof,0,LIVE
TR-008010,2022-01-06,warmup_no_oof,0,LIVE
TR-008277,2022-01-06,warmup_no_oof,0,LIVE
TR-008990,2022-01-06,warmup_no_oof,0,LIVE
TR-000536,2022-01-07,warmup_no_oof,0,LIVE
TR-001078,2022-01-07,warmup_no_oof,0,LIVE
TR-001200,2022-01-07,warmup_no_oof,0,LIVE
TR-001237,2022-01-07,warmup_no_oof,0,LIVE
TR-001435,2022-01-07,warmup_no_oof,0,LIVE
TR-003291,2022-01-07,warmup_no_oof,0,LIVE
TR-007477,2022-01-07,warmup_no_oof,0,LIVE
TR-009647,2022-01-07,warmup_no_oof,0,LIVE
TR-001743,2022-01-08,warmup_no_oof,0,LIVE
TR-001929,2022-01-08,warmup_no_oof,0,LIVE
TR-002206,2022-01-08,warmup_no_oof,0,LIVE
TR-002463,2022-01-08,warmup_no_oof,0,LIVE
TR-002818,2022-01-08,warmup_no_oof,0,LIVE
TR-006805,2022-01-08,warmup_no_oof,0,LIVE
TR-007502,2022-01-08,warmup_no_oof,0,LIVE
TR-008530,2022-01-08,warmup_no_oof,0,LIVE
TR-000191,2022-01-09,warmup_no_oof,0,LIVE
TR-000674,2022-01-09,warmup_no_oof,0,LIVE
TR-003028,2022-01-09,warmup_no_oof,0,LIVE
TR-005028,2022-01-09,warmup_no_oof,0,LIVE
TR-006318,2022-01-09,warmup_no_oof,0,LIVE
TR-007678,2022-01-09,warmup_no_oof,0,LIVE
TR-008470,2022-01-09,warmup_no_oof,0,LIVE
TR-008496,2022-01-09,warmup_no_oof,0,LIVE
TR-009460,2022-01-09,warmup_no_oof,0,LIVE
TR-000419,2022-01-10,warmup_no_oof,0,LIVE
TR-001015,2022-01-10,warmup_no_oof,0,LIVE
TR-001830,2022-01-10,warmup_no_oof,0,LIVE
TR-006485,2022-01-10,warmup_no_oof,0,LIVE
TR-006778,2022-01-10,warmup_no_oof,0,LIVE
TR-007571,2022-01-10,warmup_no_oof,0,LIVE
TR-007789,2022-01-10,warmup_no_oof,0,LIVE
TR-008556,2022-01-10,warmup_no_oof,0,LIVE
TR-008738,2022-01-10,warmup_no_oof,0,LIVE
TR-009145,2022-01-10,warmup_no_oof,0,LIVE
TR-000363,2022-01-11,warmup_no_oof,0,LIVE
TR-002621,2022-01-11,warmup_no_oof,0,LIVE
TR-003634,2022-01-11,warmup_no_oof,0,LIVE
TR-004416,2022-01-11,warmup_no_oof,0,LIVE
TR-005390,2022-01-11,warmup_no_oof,0,LIVE
TR-006596,2022-01-11,warmup_no_oof,0,LIVE
TR-007268,2022-01-11,warmup_no_oof,0,LIVE
TR-008314,2022-01-11,warmup_no_oof,0,LIVE
TR-009267,2022-01-11,warmup_no_oof,0,LIVE
TR-001138,2022-01-12,warmup_no_oof,0,LIVE
TR-001540,2022-01-12,warmup_no_oof,0,LIVE
TR-002761,2022-01-12,warmup_no_oof,0,LIVE
TR-003287,2022-01-12,warmup_no_oof,0,LIVE
TR-003342,2022-01-12,warmup_no_oof,0,LIVE
TR-004276,2022-01-12,warmup_no_oof,0,LIVE
TR-005522,2022-01-12,warmup_no_oof,0,LIVE
TR-005568,2022-01-12,warmup_no_oof,0,LIVE
TR-009806,2022-01-12,warmup_no_oof,0,LIVE
TR-000346,2022-01-13,warmup_no_oof,0,LIVE
TR-000563,2022-01-13,warmup_no_oof,0,LIVE
TR-002208,2022-01-13,warmup_no_oof,0,LIVE
TR-002369,2022-01-13,warmup_no_oof,0,LIVE
TR-003199,2022-01-13,warmup_no_oof,0,LIVE
TR-004469,2022-01-13,warmup_no_oof,0,LIVE
TR-004564,2022-01-13,warmup_no_oof,0,LIVE
TR-005036,2022-01-13,warmup_no_oof,0,LIVE
TR-005078,2022-01-13,warmup_no_oof,0,LIVE
TR-005585,2022-01-13,warmup_no_oof,0,LIVE
TR-006608,2022-01-13,warmup_no_oof,0,LIVE
TR-006672,2022-01-13,warmup_no_oof,0,LIVE
TR-006832,2022-01-13,warmup_no_oof,0,LIVE
TR-006969,2022-01-13,warmup_no_oof,0,LIVE
TR-007483,2022-01-13,warmup_no_oof,0,LIVE
TR-007916,2022-01-13,warmup_no_oof,0,LIVE
TR-008814,2022-01-13,warmup_no_oof,0,LIVE
TR-008974,2022-01-13,warmup_no_oof,0,LIVE
TR-009360,2022-01-13,warmup_no_oof,0,LIVE
TR-000391,2022-01-14,warmup_no_oof,0,LIVE
TR-001000,2022-01-14,warmup_no_oof,0,LIVE
TR-001878,2022-01-14,warmup_no_oof,0,LIVE
TR-001958,2022-01-14,warmup_no_oof,0,LIVE
TR-002743,2022-01-14,warmup_no_oof,0,LIVE
TR-004641,2022-01-14,warmup_no_oof,0,LIVE
TR-005282,2022-01-14,warmup_no_oof,0,LIVE
TR-007089,2022-01-14,warmup_no_oof,0,LIVE
TR-008978,2022-01-14,warmup_no_oof,0,LIVE
TR-009768,2022-01-14,warmup_no_oof,0,LIVE
TR-000139,2022-01-15,warmup_no_oof,0,LIVE
TR-000666,2022-01-15,warmup_no_oof,0,LIVE
TR-001712,2022-01-15,warmup_no_oof,0,LIVE
TR-003169,2022-01-15,warmup_no_oof,0,LIVE
TR-003740,2022-01-15,warmup_no_oof,0,LIVE
TR-004143,2022-01-15,warmup_no_oof,0,LIVE
TR-004565,2022-01-15,warmup_no_oof,0,LIVE
TR-005968,2022-01-15,warmup_no_oof,0,LIVE
TR-006684,2022-01-15,warmup_no_oof,0,LIVE
TR-007463,2022-01-15,warmup_no_oof,0,LIVE
TR-008225,2022-01-15,warmup_no_oof,0,LIVE
TR-001035,2022-01-16,warmup_no_oof,0,LIVE
TR-001625,2022-01-16,warmup_no_oof,0,LIVE
TR-002128,2022-01-16,warmup_no_oof,0,LIVE
TR-003649,2022-01-16,warmup_no_oof,0,LIVE
TR-003692,2022-01-16,warmup_no_oof,0,LIVE
TR-003977,2022-01-16,warmup_no_oof,0,LIVE
TR-004588,2022-01-16,warmup_no_oof,0,LIVE
TR-004872,2022-01-16,warmup_no_oof,0,LIVE
TR-005718,2022-01-16,warmup_no_oof,0,LIVE
TR-006467,2022-01-16,warmup_no_oof,0,LIVE
TR-007112,2022-01-16,warmup_no_oof,0,LIVE
TR-007928,2022-01-16,warmup_no_oof,0,LIVE
TR-008619,2022-01-16,warmup_no_oof,0,LIVE
TR-000583,2022-01-17,warmup_no_oof,0,LIVE
TR-001627,2022-01-17,warmup_no_oof,0,LIVE
TR-001656,2022-01-17,warmup_no_oof,0,LIVE
TR-003761,2022-01-17,warmup_no_oof,0,LIVE
TR-004100,2022-01-17,warmup_no_oof,0,LIVE
TR-006067,2022-01-17,warmup_no_oof,0,LIVE
TR-006293,2022-01-17,warmup_no_oof,0,LIVE
TR-006683,2022-01-17,warmup_no_oof,0,LIVE
TR-006797,2022-01-17,warmup_no_oof,0,LIVE
TR-007561,2022-01-17,warmup_no_oof,0,LIVE
TR-007982,2022-01-17,warmup_no_oof,0,LIVE
TR-000758,2022-01-18,warmup_no_oof,0,LIVE
TR-002072,2022-01-18,warmup_no_oof,0,LIVE
TR-002300,2022-01-18,warmup_no_oof,0,LIVE
TR-002513,2022-01-18,warmup_no_oof,0,LIVE
TR-002890,2022-01-18,warmup_no_oof,0,LIVE
TR-003968,2022-01-18,warmup_no_oof,0,LIVE
TR-004093,2022-01-18,warmup_no_oof,0,LIVE
TR-006089,2022-01-18,warmup_no_oof,0,LIVE
TR-006580,2022-01-18,warmup_no_oof,0,LIVE
TR-006994,2022-01-18,warmup_no_oof,0,LIVE
TR-009825,2022-01-18,warmup_no_oof,0,LIVE
TR-000457,2022-01-19,warmup_no_oof,0,LIVE
TR-002067,2022-01-19,warmup_no_oof,0,LIVE
TR-002158,2022-01-19,warmup_no_oof,0,LIVE
TR-003200,2022-01-19,warmup_no_oof,0,LIVE
TR-003210,2022-01-19,warmup_no_oof,0,LIVE
TR-003728,2022-01-19,warmup_no_oof,0,LIVE
TR-006265,2022-01-19,warmup_no_oof,0,LIVE
TR-006976,2022-01-19,warmup_no_oof,0,LIVE
TR-009262,2022-01-19,warmup_no_oof,0,LIVE
TR-009994,2022-01-19,warmup_no_oof,0,LIVE
TR-003592,2022-01-20,warmup_no_oof,0,LIVE
TR-000114,2022-01-21,warmup_no_oof,0,LIVE
TR-000400,2022-01-21,warmup_no_oof,0,LIVE
TR-001471,2022-01-21,warmup_no_oof,0,LIVE
TR-002485,2022-01-21,warmup_no_oof,0,LIVE
TR-005174,2022-01-21,warmup_no_oof,0,LIVE
TR-007260,2022-01-21,warmup_no_oof,0,LIVE
TR-000759,2022-01-22,warmup_no_oof,0,LIVE
TR-000950,2022-01-22,warmup_no_oof,0,LIVE
TR-002923,2022-01-22,warmup_no_oof,0,LIVE
TR-004620,2022-01-22,warmup_no_oof,0,LIVE
TR-005978,2022-01-22,warmup_no_oof,0,LIVE
TR-006554,2022-01-22,warmup_no_oof,0,LIVE
TR-007869,2022-01-22,warmup_no_oof,0,LIVE
TR-007985,2022-01-22,warmup_no_oof,0,LIVE
TR-008128,2022-01-22,warmup_no_oof,0,LIVE
TR-008984,2022-01-22,warmup_no_oof,0,LIVE
TR-000631,2022-01-23,warmup_no_oof,0,LIVE
TR-001062,2022-01-23,warmup_no_oof,0,LIVE
TR-001455,2022-01-23,warmup_no_oof,0,LIVE
TR-004337,2022-01-23,warmup_no_oof,0,LIVE
TR-004506,2022-01-23,warmup_no_oof,0,LIVE
TR-007876,2022-01-23,warmup_no_oof,0,LIVE
TR-008166,2022-01-23,warmup_no_oof,0,LIVE
TR-009782,2022-01-23,warmup_no_oof,0,LIVE
TR-009832,2022-01-23,warmup_no_oof,0,LIVE
TR-004492,2022-01-24,warmup_no_oof,0,LIVE
TR-004991,2022-01-24,warmup_no_oof,0,LIVE
TR-005804,2022-01-24,warmup_no_oof,0,LIVE
TR-006055,2022-01-24,warmup_no_oof,0,LIVE
TR-006079,2022-01-24,warmup_no_oof,0,LIVE
TR-000513,2022-01-25,warmup_no_oof,0,LIVE
TR-000619,2022-01-25,warmup_no_oof,0,LIVE
TR-000925,2022-01-25,warmup_no_oof,0,LIVE
TR-001941,2022-01-25,warmup_no_oof,0,LIVE
TR-002165,2022-01-25,warmup_no_oof,0,LIVE
TR-002537,2022-01-25,warmup_no_oof,0,LIVE
TR-003770,2022-01-25,warmup_no_oof,0,LIVE
TR-003819,2022-01-25,warmup_no_oof,0,LIVE
TR-004463,2022-01-25,warmup_no_oof,0,LIVE
TR-004559,2022-01-25,warmup_no_oof,0,LIVE
TR-004830,2022-01-25,warmup_no_oof,0,LIVE
TR-005313,2022-01-25,warmup_no_oof,0,LIVE
TR-006012,2022-01-25,warmup_no_oof,0,LIVE
TR-006783,2022-01-25,warmup_no_oof,0,LIVE
TR-007947,2022-01-25,warmup_no_oof,0,LIVE
TR-009044,2022-01-25,warmup_no_oof,0,LIVE
TR-009192,2022-01-25,warmup_no_oof,0,LIVE
TR-000629,2022-01-26,warmup_no_oof,0,LIVE
TR-001485,2022-01-26,warmup_no_oof,0,LIVE
TR-001638,2022-01-26,warmup_no_oof,0,LIVE
TR-002565,2022-01-26,warmup_no_oof,0,LIVE
TR-003945,2022-01-26,warmup_no_oof,0,LIVE
TR-009961,2022-01-26,warmup_no_oof,0,LIVE
TR-000028,2022-01-27,warmup_no_oof,0,LIVE
TR-001538,2022-01-27,warmup_no_oof,0,LIVE
TR-002191,2022-01-27,warmup_no_oof,0,LIVE
TR-002192,2022-01-27,warmup_no_oof,0,LIVE
TR-003365,2022-01-27,warmup_no_oof,0,LIVE
TR-003644,2022-01-27,warmup_no_oof,0,LIVE
TR-005988,2022-01-27,warmup_no_oof,0,LIVE
TR-006528,2022-01-27,warmup_no_oof,0,LIVE
TR-007199,2022-01-27,warmup_no_oof,0,LIVE
TR-007396,2022-01-27,warmup_no_oof,0,LIVE
TR-001391,2022-01-28,warmup_no_oof,0,LIVE
TR-001414,2022-01-28,warmup_no_oof,0,LIVE
TR-001602,2022-01-28,warmup_no_oof,0,LIVE
TR-002787,2022-01-28,warmup_no_oof,0,LIVE
TR-004690,2022-01-28,warmup_no_oof,0,LIVE
TR-006063,2022-01-28,warmup_no_oof,0,LIVE
TR-008056,2022-01-28,warmup_no_oof,0,LIVE
TR-008857,2022-01-28,warmup_no_oof,0,LIVE
TR-008877,2022-01-28,warmup_no_oof,0,LIVE
TR-009273,2022-01-28,warmup_no_oof,0,LIVE
TR-009284,2022-01-28,warmup_no_oof,0,LIVE
TR-009421,2022-01-28,warmup_no_oof,0,LIVE
TR-002591,2022-01-29,warmup_no_oof,0,LIVE
TR-006868,2022-01-29,warmup_no_oof,0,LIVE
TR-008202,2022-01-29,warmup_no_oof,0,LIVE
TR-008614,2022-01-29,warmup_no_oof,0,LIVE
TR-008745,2022-01-29,warmup_no_oof,0,LIVE
TR-009483,2022-01-29,warmup_no_oof,0,LIVE
TR-000552,2022-01-30,warmup_no_oof,0,LIVE
TR-000845,2022-01-30,warmup_no_oof,0,LIVE
TR-001787,2022-01-30,warmup_no_oof,0,LIVE
TR-001965,2022-01-30,warmup_no_oof,0,LIVE
TR-001984,2022-01-30,warmup_no_oof,0,LIVE
TR-003624,2022-01-30,warmup_no_oof,0,LIVE
TR-004858,2022-01-30,warmup_no_oof,0,LIVE
TR-006097,2022-01-30,warmup_no_oof,0,LIVE
TR-008477,2022-01-30,warmup_no_oof,0,LIVE
TR-008588,2022-01-30,warmup_no_oof,0,LIVE
TR-008855,2022-01-30,warmup_no_oof,0,LIVE
TR-000406,2022-01-31,warmup_no_oof,0,LIVE
TR-001481,2022-01-31,warmup_no_oof,0,LIVE
TR-004072,2022-01-31,warmup_no_oof,0,LIVE
TR-004330,2022-01-31,warmup_no_oof,0,LIVE
TR-006376,2022-01-31,warmup_no_oof,0,LIVE
TR-008589,2022-01-31,warmup_no_oof,0,LIVE
TR-009205,2022-01-31,warmup_no_oof,0,LIVE
TR-009556,2022-01-31,warmup_no_oof,0,LIVE
TR-000158,2022-02-01,warmup_no_oof,0,LIVE
TR-002152,2022-02-01,warmup_no_oof,0,LIVE
TR-003991,2022-02-01,warmup_no_oof,0,LIVE
TR-004775,2022-02-01,warmup_no_oof,0,LIVE
TR-005910,2022-02-01,warmup_no_oof,0,LIVE
TR-006466,2022-02-01,warmup_no_oof,0,LIVE
TR-007819,2022-02-01,warmup_no_oof,0,LIVE
TR-000212,2022-02-02,warmup_no_oof,0,LIVE
TR-000835,2022-02-02,warmup_no_oof,0,LIVE
TR-002026,2022-02-02,warmup_no_oof,0,LIVE
TR-003284,2022-02-02,warmup_no_oof,0,LIVE
TR-006719,2022-02-02,warmup_no_oof,0,LIVE
TR-007316,2022-02-02,warmup_no_oof,0,LIVE
TR-008234,2022-02-02,warmup_no_oof,0,LIVE
TR-009300,2022-02-02,warmup_no_oof,0,LIVE
TR-002991,2022-02-03,warmup_no_oof,0,LIVE
TR-003351,2022-02-03,warmup_no_oof,0,LIVE
TR-004019,2022-02-03,warmup_no_oof,0,LIVE
TR-004539,2022-02-03,warmup_no_oof,0,LIVE
TR-005077,2022-02-03,warmup_no_oof,0,LIVE
TR-005092,2022-02-03,warmup_no_oof,0,LIVE
TR-006050,2022-02-03,warmup_no_oof,0,LIVE
TR-006870,2022-02-03,warmup_no_oof,0,LIVE
TR-007442,2022-02-03,warmup_no_oof,0,LIVE
TR-008362,2022-02-03,warmup_no_oof,0,LIVE
TR-008608,2022-02-03,warmup_no_oof,0,LIVE
TR-009029,2022-02-03,warmup_no_oof,0,LIVE
TR-009446,2022-02-03,warmup_no_oof,0,LIVE
TR-002553,2022-02-04,warmup_no_oof,0,LIVE
TR-002557,2022-02-04,warmup_no_oof,0,LIVE
TR-005109,2022-02-04,warmup_no_oof,0,LIVE
TR-005487,2022-02-04,warmup_no_oof,0,LIVE
TR-005633,2022-02-04,warmup_no_oof,0,LIVE
TR-006287,2022-02-04,warmup_no_oof,0,LIVE
TR-007274,2022-02-04,warmup_no_oof,0,LIVE
TR-001475,2022-02-05,warmup_no_oof,0,LIVE
TR-001492,2022-02-05,warmup_no_oof,0,LIVE
TR-004081,2022-02-05,warmup_no_oof,0,LIVE
TR-004503,2022-02-05,warmup_no_oof,0,LIVE
TR-008307,2022-02-05,warmup_no_oof,0,LIVE
TR-008697,2022-02-05,warmup_no_oof,0,LIVE
TR-009621,2022-02-05,warmup_no_oof,0,LIVE
TR-009677,2022-02-05,warmup_no_oof,0,LIVE
TR-001771,2022-02-06,warmup_no_oof,0,LIVE
TR-003784,2022-02-06,warmup_no_oof,0,LIVE
TR-003878,2022-02-06,warmup_no_oof,0,LIVE
TR-005336,2022-02-06,warmup_no_oof,0,LIVE
TR-008157,2022-02-06,warmup_no_oof,0,LIVE
TR-009401,2022-02-06,warmup_no_oof,0,LIVE
TR-000497,2022-02-07,warmup_no_oof,0,LIVE
TR-000837,2022-02-07,warmup_no_oof,0,LIVE
TR-001419,2022-02-07,warmup_no_oof,0,LIVE
TR-001789,2022-02-07,warmup_no_oof,0,LIVE
TR-003286,2022-02-07,warmup_no_oof,0,LIVE
TR-003378,2022-02-07,warmup_no_oof,0,LIVE
TR-004020,2022-02-07,warmup_no_oof,0,LIVE
TR-005275,2022-02-07,warmup_no_oof,0,LIVE
TR-006389,2022-02-07,warmup_no_oof,0,LIVE
TR-007323,2022-02-07,warmup_no_oof,0,LIVE
TR-008139,2022-02-07,warmup_no_oof,0,LIVE
TR-009434,2022-02-07,warmup_no_oof,0,LIVE
TR-001601,2022-02-08,warmup_no_oof,0,LIVE
TR-002598,2022-02-08,warmup_no_oof,0,LIVE
TR-003412,2022-02-08,warmup_no_oof,0,LIVE
TR-004785,2022-02-08,warmup_no_oof,0,LIVE
TR-005357,2022-02-08,warmup_no_oof,0,LIVE
TR-006266,2022-02-08,warmup_no_oof,0,LIVE
TR-006406,2022-02-08,warmup_no_oof,0,LIVE
TR-007123,2022-02-08,warmup_no_oof,0,LIVE
TR-008570,2022-02-08,warmup_no_oof,0,LIVE
TR-003487,2022-02-09,warmup_no_oof,0,LIVE
TR-003814,2022-02-09,warmup_no_oof,0,LIVE
TR-005830,2022-02-09,warmup_no_oof,0,LIVE
TR-006254,2022-02-09,warmup_no_oof,0,LIVE
TR-007901,2022-02-09,warmup_no_oof,0,LIVE
TR-008825,2022-02-09,warmup_no_oof,0,LIVE
TR-009133,2022-02-09,warmup_no_oof,0,LIVE
TR-009636,2022-02-09,warmup_no_oof,0,LIVE
TR-000682,2022-02-10,warmup_no_oof,0,LIVE
TR-002249,2022-02-10,warmup_no_oof,0,LIVE
TR-004947,2022-02-10,warmup_no_oof,0,LIVE
TR-007552,2022-02-10,warmup_no_oof,0,LIVE
TR-008309,2022-02-10,warmup_no_oof,0,LIVE
TR-001340,2022-02-11,warmup_no_oof,0,LIVE
TR-002151,2022-02-11,warmup_no_oof,0,LIVE
TR-003575,2022-02-11,warmup_no_oof,0,LIVE
TR-005977,2022-02-11,warmup_no_oof,0,LIVE
TR-007200,2022-02-11,warmup_no_oof,0,LIVE
TR-007688,2022-02-11,warmup_no_oof,0,LIVE
TR-007739,2022-02-11,warmup_no_oof,0,LIVE
TR-009473,2022-02-11,warmup_no_oof,0,LIVE
TR-009564,2022-02-11,warmup_no_oof,0,LIVE
TR-001993,2022-02-12,warmup_no_oof,0,LIVE
TR-003738,2022-02-12,warmup_no_oof,0,LIVE
TR-006392,2022-02-12,warmup_no_oof,0,LIVE
TR-006408,2022-02-12,warmup_no_oof,0,LIVE
TR-007468,2022-02-12,warmup_no_oof,0,LIVE
TR-007981,2022-02-12,warmup_no_oof,0,LIVE
TR-000977,2022-02-13,warmup_no_oof,0,LIVE
TR-001641,2022-02-13,warmup_no_oof,0,LIVE
TR-002335,2022-02-13,warmup_no_oof,0,LIVE
TR-003415,2022-02-13,warmup_no_oof,0,LIVE
TR-004187,2022-02-13,warmup_no_oof,0,LIVE
TR-005844,2022-02-13,warmup_no_oof,0,LIVE
TR-006819,2022-02-13,warmup_no_oof,0,LIVE
TR-006896,2022-02-13,warmup_no_oof,0,LIVE
TR-007481,2022-02-13,warmup_no_oof,0,LIVE
TR-007751,2022-02-13,warmup_no_oof,0,LIVE
TR-008848,2022-02-13,warmup_no_oof,0,LIVE
TR-009774,2022-02-13,warmup_no_oof,0,LIVE
TR-009972,2022-02-13,warmup_no_oof,0,LIVE
TR-000639,2022-02-14,warmup_no_oof,0,LIVE
TR-001977,2022-02-14,warmup_no_oof,0,LIVE
TR-006828,2022-02-14,warmup_no_oof,0,LIVE
TR-007475,2022-02-14,warmup_no_oof,0,LIVE
TR-009060,2022-02-14,warmup_no_oof,0,LIVE
TR-009688,2022-02-14,warmup_no_oof,0,LIVE
TR-000229,2022-02-15,warmup_no_oof,0,LIVE
TR-001693,2022-02-15,warmup_no_oof,0,LIVE
TR-001952,2022-02-15,warmup_no_oof,0,LIVE
TR-003707,2022-02-15,warmup_no_oof,0,LIVE
TR-004179,2022-02-15,warmup_no_oof,0,LIVE
TR-004185,2022-02-15,warmup_no_oof,0,LIVE
TR-004912,2022-02-15,warmup_no_oof,0,LIVE
TR-006334,2022-02-15,warmup_no_oof,0,LIVE
TR-007729,2022-02-15,warmup_no_oof,0,LIVE
TR-008615,2022-02-15,warmup_no_oof,0,LIVE
TR-000094,2022-02-16,warmup_no_oof,0,LIVE
TR-000099,2022-02-16,warmup_no_oof,0,LIVE
TR-001214,2022-02-16,warmup_no_oof,0,LIVE
TR-001650,2022-02-16,warmup_no_oof,0,LIVE
TR-001725,2022-02-16,warmup_no_oof,0,LIVE
TR-005084,2022-02-16,warmup_no_oof,0,LIVE
TR-005810,2022-02-16,warmup_no_oof,0,LIVE
TR-005866,2022-02-16,warmup_no_oof,0,LIVE
TR-000489,2022-02-17,warmup_no_oof,0,LIVE
TR-001430,2022-02-17,warmup_no_oof,0,LIVE
TR-002013,2022-02-17,warmup_no_oof,0,LIVE
TR-002267,2022-02-17,warmup_no_oof,0,LIVE
TR-003694,2022-02-17,warmup_no_oof,0,LIVE
TR-003739,2022-02-17,warmup_no_oof,0,LIVE
TR-004731,2022-02-17,warmup_no_oof,0,LIVE
TR-005116,2022-02-17,warmup_no_oof,0,LIVE
TR-006769,2022-02-17,warmup_no_oof,0,LIVE
TR-008347,2022-02-17,warmup_no_oof,0,LIVE
TR-008581,2022-02-17,warmup_no_oof,0,LIVE
TR-003237,2022-02-18,warmup_no_oof,0,LIVE
TR-003268,2022-02-18,warmup_no_oof,0,LIVE
TR-008236,2022-02-18,warmup_no_oof,0,LIVE
TR-009900,2022-02-18,warmup_no_oof,0,LIVE
TR-000393,2022-02-19,warmup_no_oof,0,LIVE
TR-000880,2022-02-19,warmup_no_oof,0,LIVE
TR-009274,2022-02-19,warmup_no_oof,0,LIVE
TR-009611,2022-02-19,warmup_no_oof,0,LIVE
TR-000133,2022-02-20,warmup_no_oof,0,LIVE
TR-001098,2022-02-20,warmup_no_oof,0,LIVE
TR-001628,2022-02-20,warmup_no_oof,0,LIVE
TR-004749,2022-02-20,warmup_no_oof,0,LIVE
TR-008826,2022-02-20,warmup_no_oof,0,LIVE
TR-008971,2022-02-20,warmup_no_oof,0,LIVE
TR-009731,2022-02-20,warmup_no_oof,0,LIVE
TR-002136,2022-02-21,warmup_no_oof,0,LIVE
TR-003132,2022-02-21,warmup_no_oof,0,LIVE
TR-003240,2022-02-21,warmup_no_oof,0,LIVE
TR-000080,2022-02-22,warmup_no_oof,0,LIVE
TR-000273,2022-02-22,warmup_no_oof,0,LIVE
TR-002071,2022-02-22,warmup_no_oof,0,LIVE
TR-002364,2022-02-22,warmup_no_oof,0,LIVE
TR-003170,2022-02-22,warmup_no_oof,0,LIVE
TR-003302,2022-02-22,warmup_no_oof,0,LIVE
TR-003656,2022-02-22,warmup_no_oof,0,LIVE
TR-005102,2022-02-22,warmup_no_oof,0,LIVE
TR-005308,2022-02-22,warmup_no_oof,0,LIVE
TR-007311,2022-02-22,warmup_no_oof,0,LIVE
TR-008087,2022-02-22,warmup_no_oof,0,LIVE
TR-009191,2022-02-22,warmup_no_oof,0,LIVE
TR-000522,2022-02-23,warmup_no_oof,0,LIVE
TR-001336,2022-02-23,warmup_no_oof,0,LIVE
TR-002321,2022-02-23,warmup_no_oof,0,LIVE
TR-002730,2022-02-23,warmup_no_oof,0,LIVE
TR-002775,2022-02-23,warmup_no_oof,0,LIVE
TR-002995,2022-02-23,warmup_no_oof,0,LIVE
TR-004070,2022-02-23,warmup_no_oof,0,LIVE
TR-004136,2022-02-23,warmup_no_oof,0,LIVE
TR-005173,2022-02-23,warmup_no_oof,0,LIVE
TR-005592,2022-02-23,warmup_no_oof,0,LIVE
TR-005737,2022-02-23,warmup_no_oof,0,LIVE
TR-007843,2022-02-23,warmup_no_oof,0,LIVE
TR-009377,2022-02-23,warmup_no_oof,0,LIVE
TR-000574,2022-02-24,warmup_no_oof,0,LIVE
TR-001921,2022-02-24,warmup_no_oof,0,LIVE
TR-002413,2022-02-24,warmup_no_oof,0,LIVE
TR-003081,2022-02-24,warmup_no_oof,0,LIVE
TR-004733,2022-02-24,warmup_no_oof,0,LIVE
TR-004916,2022-02-24,warmup_no_oof,0,LIVE
TR-008508,2022-02-24,warmup_no_oof,0,LIVE
TR-008707,2022-02-24,warmup_no_oof,0,LIVE
TR-009271,2022-02-24,warmup_no_oof,0,LIVE
TR-000434,2022-02-25,warmup_no_oof,0,LIVE
TR-000447,2022-02-25,warmup_no_oof,0,LIVE
TR-002771,2022-02-25,warmup_no_oof,0,LIVE
TR-003743,2022-02-25,warmup_no_oof,0,LIVE
TR-004284,2022-02-25,warmup_no_oof,0,LIVE
TR-005320,2022-02-25,warmup_no_oof,0,LIVE
TR-006001,2022-02-25,warmup_no_oof,0,LIVE
TR-007104,2022-02-25,warmup_no_oof,0,LIVE
TR-007774,2022-02-25,warmup_no_oof,0,LIVE
TR-008472,2022-02-25,warmup_no_oof,0,LIVE
TR-000671,2022-02-26,warmup_no_oof,0,LIVE
TR-001400,2022-02-26,warmup_no_oof,0,LIVE
TR-001428,2022-02-26,warmup_no_oof,0,LIVE
TR-003271,2022-02-26,warmup_no_oof,0,LIVE
TR-006291,2022-02-26,warmup_no_oof,0,LIVE
TR-006418,2022-02-26,warmup_no_oof,0,LIVE
TR-006707,2022-02-26,warmup_no_oof,0,LIVE
TR-007072,2022-02-26,warmup_no_oof,0,LIVE
TR-007254,2022-02-26,warmup_no_oof,0,LIVE
TR-008434,2022-02-26,warmup_no_oof,0,LIVE
TR-008452,2022-02-26,warmup_no_oof,0,LIVE
TR-009033,2022-02-26,warmup_no_oof,0,LIVE
TR-009648,2022-02-26,warmup_no_oof,0,LIVE
TR-003527,2022-02-27,warmup_no_oof,0,LIVE
TR-003676,2022-02-27,warmup_no_oof,0,LIVE
TR-003714,2022-02-27,warmup_no_oof,0,LIVE
TR-004133,2022-02-27,warmup_no_oof,0,LIVE
TR-004849,2022-02-27,warmup_no_oof,0,LIVE
TR-006763,2022-02-27,warmup_no_oof,0,LIVE
TR-006856,2022-02-27,warmup_no_oof,0,LIVE
TR-008969,2022-02-27,warmup_no_oof,0,LIVE
TR-009499,2022-02-27,warmup_no_oof,0,LIVE
TR-000007,2022-02-28,warmup_no_oof,0,LIVE
TR-000469,2022-02-28,warmup_no_oof,0,LIVE
TR-001150,2022-02-28,warmup_no_oof,0,LIVE
TR-001220,2022-02-28,warmup_no_oof,0,LIVE
TR-001706,2022-02-28,warmup_no_oof,0,LIVE
TR-002031,2022-02-28,warmup_no_oof,0,LIVE
TR-003339,2022-02-28,warmup_no_oof,0,LIVE
TR-003466,2022-02-28,warmup_no_oof,0,LIVE
TR-004163,2022-02-28,warmup_no_oof,0,LIVE
TR-005000,2022-02-28,warmup_no_oof,0,LIVE
TR-006821,2022-02-28,warmup_no_oof,0,LIVE
TR-007020,2022-02-28,warmup_no_oof,0,LIVE
TR-000277,2022-03-01,warmup_no_oof,0,LIVE
TR-000861,2022-03-01,warmup_no_oof,0,LIVE
TR-001417,2022-03-01,warmup_no_oof,0,LIVE
TR-003494,2022-03-01,warmup_no_oof,0,LIVE
TR-004432,2022-03-01,warmup_no_oof,0,LIVE
TR-004880,2022-03-01,warmup_no_oof,0,LIVE
TR-006987,2022-03-01,warmup_no_oof,0,LIVE
TR-009096,2022-03-01,warmup_no_oof,0,LIVE
TR-009155,2022-03-01,warmup_no_oof,0,LIVE
TR-007214,2022-03-02,warmup_no_oof,0,LIVE
TR-007509,2022-03-02,warmup_no_oof,0,LIVE
TR-009229,2022-03-02,warmup_no_oof,0,LIVE
TR-009981,2022-03-02,warmup_no_oof,0,LIVE
TR-001718,2022-03-03,warmup_no_oof,0,LIVE
TR-001905,2022-03-03,warmup_no_oof,0,LIVE
TR-002613,2022-03-03,warmup_no_oof,0,LIVE
TR-003127,2022-03-03,warmup_no_oof,0,LIVE
TR-004271,2022-03-03,warmup_no_oof,0,LIVE
TR-005222,2022-03-03,warmup_no_oof,0,LIVE
TR-005267,2022-03-03,warmup_no_oof,0,LIVE
TR-005634,2022-03-03,warmup_no_oof,0,LIVE
TR-005763,2022-03-03,warmup_no_oof,0,LIVE
TR-006006,2022-03-03,warmup_no_oof,0,LIVE
TR-007105,2022-03-03,warmup_no_oof,0,LIVE
TR-007349,2022-03-03,warmup_no_oof,0,LIVE
TR-000109,2022-03-04,warmup_no_oof,0,LIVE
TR-002548,2022-03-04,warmup_no_oof,0,LIVE
TR-003173,2022-03-04,warmup_no_oof,0,LIVE
TR-005503,2022-03-04,warmup_no_oof,0,LIVE
TR-006957,2022-03-04,warmup_no_oof,0,LIVE
TR-007276,2022-03-04,warmup_no_oof,0,LIVE
TR-007298,2022-03-04,warmup_no_oof,0,LIVE
TR-007650,2022-03-04,warmup_no_oof,0,LIVE
TR-008649,2022-03-04,warmup_no_oof,0,LIVE
TR-008924,2022-03-04,warmup_no_oof,0,LIVE
TR-009321,2022-03-04,warmup_no_oof,0,LIVE
TR-009470,2022-03-04,warmup_no_oof,0,LIVE
TR-000795,2022-03-05,warmup_no_oof,0,LIVE
TR-001586,2022-03-05,warmup_no_oof,0,LIVE
TR-002932,2022-03-05,warmup_no_oof,0,LIVE
TR-003020,2022-03-05,warmup_no_oof,0,LIVE
TR-003208,2022-03-05,warmup_no_oof,0,LIVE
TR-005253,2022-03-05,warmup_no_oof,0,LIVE
TR-005950,2022-03-05,warmup_no_oof,0,LIVE
TR-006192,2022-03-05,warmup_no_oof,0,LIVE
TR-007495,2022-03-05,warmup_no_oof,0,LIVE
TR-009063,2022-03-05,warmup_no_oof,0,LIVE
TR-009233,2022-03-05,warmup_no_oof,0,LIVE
TR-000021,2022-03-06,warmup_no_oof,0,LIVE
TR-001618,2022-03-06,warmup_no_oof,0,LIVE
TR-003252,2022-03-06,warmup_no_oof,0,LIVE
TR-003498,2022-03-06,warmup_no_oof,0,LIVE
TR-007655,2022-03-06,warmup_no_oof,0,LIVE
TR-008153,2022-03-06,warmup_no_oof,0,LIVE
TR-000737,2022-03-07,warmup_no_oof,0,LIVE
TR-000868,2022-03-07,warmup_no_oof,0,LIVE
TR-001124,2022-03-07,warmup_no_oof,0,LIVE
TR-001925,2022-03-07,warmup_no_oof,0,LIVE
TR-002883,2022-03-07,warmup_no_oof,0,LIVE
TR-003805,2022-03-07,warmup_no_oof,0,LIVE
TR-003867,2022-03-07,warmup_no_oof,0,LIVE
TR-004066,2022-03-07,warmup_no_oof,0,LIVE
TR-004500,2022-03-07,warmup_no_oof,0,LIVE
TR-007783,2022-03-07,warmup_no_oof,0,LIVE
TR-000334,2022-03-08,warmup_no_oof,0,LIVE
TR-001764,2022-03-08,warmup_no_oof,0,LIVE
TR-003165,2022-03-08,warmup_no_oof,0,LIVE
TR-003614,2022-03-08,warmup_no_oof,0,LIVE
TR-009809,2022-03-08,warmup_no_oof,0,LIVE
TR-001037,2022-03-09,warmup_no_oof,0,LIVE
TR-001516,2022-03-09,warmup_no_oof,0,LIVE
TR-004987,2022-03-09,warmup_no_oof,0,LIVE
TR-005169,2022-03-09,warmup_no_oof,0,LIVE
TR-005847,2022-03-09,warmup_no_oof,0,LIVE
TR-006253,2022-03-09,warmup_no_oof,0,LIVE
TR-007181,2022-03-09,warmup_no_oof,0,LIVE
TR-007854,2022-03-09,warmup_no_oof,0,LIVE
TR-008176,2022-03-09,warmup_no_oof,0,LIVE
TR-008610,2022-03-09,warmup_no_oof,0,LIVE
TR-009207,2022-03-09,warmup_no_oof,0,LIVE
TR-004059,2022-03-10,warmup_no_oof,0,LIVE
TR-004328,2022-03-10,warmup_no_oof,0,LIVE
TR-009440,2022-03-10,warmup_no_oof,0,LIVE
TR-009527,2022-03-10,warmup_no_oof,0,LIVE
TR-000791,2022-03-11,warmup_no_oof,0,LIVE
TR-002502,2022-03-11,warmup_no_oof,0,LIVE
TR-003723,2022-03-11,warmup_no_oof,0,LIVE
TR-005682,2022-03-11,warmup_no_oof,0,LIVE
TR-006276,2022-03-11,warmup_no_oof,0,LIVE
TR-007318,2022-03-11,warmup_no_oof,0,LIVE
TR-000729,2022-03-12,warmup_no_oof,0,LIVE
TR-001465,2022-03-12,warmup_no_oof,0,LIVE
TR-001754,2022-03-12,warmup_no_oof,0,LIVE
TR-005607,2022-03-12,warmup_no_oof,0,LIVE
TR-005839,2022-03-12,warmup_no_oof,0,LIVE
TR-007531,2022-03-12,warmup_no_oof,0,LIVE
TR-008129,2022-03-12,warmup_no_oof,0,LIVE
TR-009568,2022-03-12,warmup_no_oof,0,LIVE
TR-000696,2022-03-13,warmup_no_oof,0,LIVE
TR-003253,2022-03-13,warmup_no_oof,0,LIVE
TR-003499,2022-03-13,warmup_no_oof,0,LIVE
TR-004111,2022-03-13,warmup_no_oof,0,LIVE
TR-004558,2022-03-13,warmup_no_oof,0,LIVE
TR-005429,2022-03-13,warmup_no_oof,0,LIVE
TR-005492,2022-03-13,warmup_no_oof,0,LIVE
TR-009844,2022-03-13,warmup_no_oof,0,LIVE
TR-009889,2022-03-13,warmup_no_oof,0,LIVE
TR-001192,2022-03-14,warmup_no_oof,0,LIVE
TR-002980,2022-03-14,warmup_no_oof,0,LIVE
TR-003725,2022-03-14,warmup_no_oof,0,LIVE
TR-004778,2022-03-14,warmup_no_oof,0,LIVE
TR-006453,2022-03-14,warmup_no_oof,0,LIVE
TR-007953,2022-03-14,warmup_no_oof,0,LIVE
TR-008212,2022-03-14,warmup_no_oof,0,LIVE
TR-008742,2022-03-14,warmup_no_oof,0,LIVE
TR-000231,2022-03-15,warmup_no_oof,0,LIVE
TR-000895,2022-03-15,warmup_no_oof,0,LIVE
TR-005197,2022-03-15,warmup_no_oof,0,LIVE
TR-005610,2022-03-15,warmup_no_oof,0,LIVE
TR-005840,2022-03-15,warmup_no_oof,0,LIVE
TR-006279,2022-03-15,warmup_no_oof,0,LIVE
TR-006317,2022-03-15,warmup_no_oof,0,LIVE
TR-007358,2022-03-15,warmup_no_oof,0,LIVE
TR-009084,2022-03-15,warmup_no_oof,0,LIVE
TR-000749,2022-03-16,warmup_no_oof,0,LIVE
TR-001420,2022-03-16,warmup_no_oof,0,LIVE
TR-001869,2022-03-16,warmup_no_oof,0,LIVE
TR-002214,2022-03-16,warmup_no_oof,0,LIVE
TR-002737,2022-03-16,warmup_no_oof,0,LIVE
TR-004861,2022-03-16,warmup_no_oof,0,LIVE
TR-006544,2022-03-16,warmup_no_oof,0,LIVE
TR-007880,2022-03-16,warmup_no_oof,0,LIVE
TR-008557,2022-03-16,warmup_no_oof,0,LIVE
TR-000161,2022-03-17,warmup_no_oof,0,LIVE
TR-001697,2022-03-17,warmup_no_oof,0,LIVE
TR-002526,2022-03-17,warmup_no_oof,0,LIVE
TR-003229,2022-03-17,warmup_no_oof,0,LIVE
TR-004554,2022-03-17,warmup_no_oof,0,LIVE
TR-004649,2022-03-17,warmup_no_oof,0,LIVE
TR-005250,2022-03-17,warmup_no_oof,0,LIVE
TR-005954,2022-03-17,warmup_no_oof,0,LIVE
TR-006419,2022-03-17,warmup_no_oof,0,LIVE
TR-007083,2022-03-17,warmup_no_oof,0,LIVE
TR-007228,2022-03-17,warmup_no_oof,0,LIVE
TR-007942,2022-03-17,warmup_no_oof,0,LIVE
TR-000160,2022-03-18,warmup_no_oof,0,LIVE
TR-002500,2022-03-18,warmup_no_oof,0,LIVE
TR-002974,2022-03-18,warmup_no_oof,0,LIVE
TR-003589,2022-03-18,warmup_no_oof,0,LIVE
TR-003590,2022-03-18,warmup_no_oof,0,LIVE
TR-005434,2022-03-18,warmup_no_oof,0,LIVE
TR-006830,2022-03-18,warmup_no_oof,0,LIVE
TR-007553,2022-03-18,warmup_no_oof,0,LIVE
TR-007781,2022-03-18,warmup_no_oof,0,LIVE
TR-008349,2022-03-18,warmup_no_oof,0,LIVE
TR-008882,2022-03-18,warmup_no_oof,0,LIVE
TR-009246,2022-03-18,warmup_no_oof,0,LIVE
TR-009830,2022-03-18,warmup_no_oof,0,LIVE
TR-002647,2022-03-19,warmup_no_oof,0,LIVE
TR-003082,2022-03-19,warmup_no_oof,0,LIVE
TR-004451,2022-03-19,warmup_no_oof,0,LIVE
TR-004844,2022-03-19,warmup_no_oof,0,LIVE
TR-005760,2022-03-19,warmup_no_oof,0,LIVE
TR-008896,2022-03-19,warmup_no_oof,0,LIVE
TR-009226,2022-03-19,warmup_no_oof,0,LIVE
TR-009496,2022-03-19,warmup_no_oof,0,LIVE
TR-009773,2022-03-19,warmup_no_oof,0,LIVE
TR-002069,2022-03-20,warmup_no_oof,0,LIVE
TR-002881,2022-03-20,warmup_no_oof,0,LIVE
TR-003420,2022-03-20,warmup_no_oof,0,LIVE
TR-006024,2022-03-20,warmup_no_oof,0,LIVE
TR-006296,2022-03-20,warmup_no_oof,0,LIVE
TR-006440,2022-03-20,warmup_no_oof,0,LIVE
TR-007227,2022-03-20,warmup_no_oof,0,LIVE
TR-008320,2022-03-20,warmup_no_oof,0,LIVE
TR-008587,2022-03-20,warmup_no_oof,0,LIVE
TR-008709,2022-03-20,warmup_no_oof,0,LIVE
TR-008711,2022-03-20,warmup_no_oof,0,LIVE
TR-009566,2022-03-20,warmup_no_oof,0,LIVE
TR-000356,2022-03-21,warmup_no_oof,0,LIVE
TR-000779,2022-03-21,warmup_no_oof,0,LIVE
TR-001960,2022-03-21,warmup_no_oof,0,LIVE
TR-002241,2022-03-21,warmup_no_oof,0,LIVE
TR-002952,2022-03-21,warmup_no_oof,0,LIVE
TR-003877,2022-03-21,warmup_no_oof,0,LIVE
TR-003938,2022-03-21,warmup_no_oof,0,LIVE
TR-004078,2022-03-21,warmup_no_oof,0,LIVE
TR-004190,2022-03-21,warmup_no_oof,0,LIVE
TR-005270,2022-03-21,warmup_no_oof,0,LIVE
TR-007977,2022-03-21,warmup_no_oof,0,LIVE
TR-008807,2022-03-21,warmup_no_oof,0,LIVE
TR-009567,2022-03-21,warmup_no_oof,0,LIVE
TR-000142,2022-03-22,warmup_no_oof,0,LIVE
TR-000891,2022-03-22,warmup_no_oof,0,LIVE
TR-001543,2022-03-22,warmup_no_oof,0,LIVE
TR-002112,2022-03-22,warmup_no_oof,0,LIVE
TR-002550,2022-03-22,warmup_no_oof,0,LIVE
TR-002769,2022-03-22,warmup_no_oof,0,LIVE
TR-003017,2022-03-22,warmup_no_oof,0,LIVE
TR-003383,2022-03-22,warmup_no_oof,0,LIVE
TR-005042,2022-03-22,warmup_no_oof,0,LIVE
TR-007768,2022-03-22,warmup_no_oof,0,LIVE
TR-008439,2022-03-22,warmup_no_oof,0,LIVE
TR-000366,2022-03-23,warmup_no_oof,0,LIVE
TR-000472,2022-03-23,warmup_no_oof,0,LIVE
TR-000546,2022-03-23,warmup_no_oof,0,LIVE
TR-004751,2022-03-23,warmup_no_oof,0,LIVE
TR-008271,2022-03-23,warmup_no_oof,0,LIVE
TR-009737,2022-03-23,warmup_no_oof,0,LIVE
TR-003185,2022-03-24,warmup_no_oof,0,LIVE
TR-004167,2022-03-24,warmup_no_oof,0,LIVE
TR-004272,2022-03-24,warmup_no_oof,0,LIVE
TR-004326,2022-03-24,warmup_no_oof,0,LIVE
TR-005537,2022-03-24,warmup_no_oof,0,LIVE
TR-005705,2022-03-24,warmup_no_oof,0,LIVE
TR-005924,2022-03-24,warmup_no_oof,0,LIVE
TR-007128,2022-03-24,warmup_no_oof,0,LIVE
TR-007332,2022-03-24,warmup_no_oof,0,LIVE
TR-007775,2022-03-24,warmup_no_oof,0,LIVE
TR-009614,2022-03-24,warmup_no_oof,0,LIVE
TR-002068,2022-03-25,warmup_no_oof,0,LIVE
TR-002612,2022-03-25,warmup_no_oof,0,LIVE
TR-003554,2022-03-25,warmup_no_oof,0,LIVE
TR-003722,2022-03-25,warmup_no_oof,0,LIVE
TR-004889,2022-03-25,warmup_no_oof,0,LIVE
TR-005726,2022-03-25,warmup_no_oof,0,LIVE
TR-006362,2022-03-25,warmup_no_oof,0,LIVE
TR-006787,2022-03-25,warmup_no_oof,0,LIVE
TR-007431,2022-03-25,warmup_no_oof,0,LIVE
TR-008006,2022-03-25,warmup_no_oof,0,LIVE
TR-000953,2022-03-26,warmup_no_oof,0,LIVE
TR-001691,2022-03-26,warmup_no_oof,0,LIVE
TR-002086,2022-03-26,warmup_no_oof,0,LIVE
TR-005717,2022-03-26,warmup_no_oof,0,LIVE
TR-006524,2022-03-26,warmup_no_oof,0,LIVE
TR-006901,2022-03-26,warmup_no_oof,0,LIVE
TR-006959,2022-03-26,warmup_no_oof,0,LIVE
TR-007388,2022-03-26,warmup_no_oof,0,LIVE
TR-007587,2022-03-26,warmup_no_oof,0,LIVE
TR-008510,2022-03-26,warmup_no_oof,0,LIVE
TR-008594,2022-03-26,warmup_no_oof,0,LIVE
TR-009596,2022-03-26,warmup_no_oof,0,LIVE
TR-000644,2022-03-27,warmup_no_oof,0,LIVE
TR-000796,2022-03-27,warmup_no_oof,0,LIVE
TR-001520,2022-03-27,warmup_no_oof,0,LIVE
TR-002188,2022-03-27,warmup_no_oof,0,LIVE
TR-002572,2022-03-27,warmup_no_oof,0,LIVE
TR-002848,2022-03-27,warmup_no_oof,0,LIVE
TR-004287,2022-03-27,warmup_no_oof,0,LIVE
TR-005409,2022-03-27,warmup_no_oof,0,LIVE
TR-006874,2022-03-27,warmup_no_oof,0,LIVE
TR-007010,2022-03-27,warmup_no_oof,0,LIVE
TR-007372,2022-03-27,warmup_no_oof,0,LIVE
TR-007524,2022-03-27,warmup_no_oof,0,LIVE
TR-000615,2022-03-28,warmup_no_oof,0,LIVE
TR-000724,2022-03-28,warmup_no_oof,0,LIVE
TR-001447,2022-03-28,warmup_no_oof,0,LIVE
TR-001604,2022-03-28,warmup_no_oof,0,LIVE
TR-001660,2022-03-28,warmup_no_oof,0,LIVE
TR-002081,2022-03-28,warmup_no_oof,0,LIVE
TR-006834,2022-03-28,warmup_no_oof,0,LIVE
TR-007341,2022-03-28,warmup_no_oof,0,LIVE
TR-008560,2022-03-28,warmup_no_oof,0,LIVE
TR-008774,2022-03-28,warmup_no_oof,0,LIVE
TR-008864,2022-03-28,warmup_no_oof,0,LIVE
TR-009692,2022-03-28,warmup_no_oof,0,LIVE
TR-001871,2022-03-29,warmup_no_oof,0,LIVE
TR-002117,2022-03-29,warmup_no_oof,0,LIVE
TR-002804,2022-03-29,warmup_no_oof,0,LIVE
TR-003171,2022-03-29,warmup_no_oof,0,LIVE
TR-003211,2022-03-29,warmup_no_oof,0,LIVE
TR-003298,2022-03-29,warmup_no_oof,0,LIVE
TR-003610,2022-03-29,warmup_no_oof,0,LIVE
TR-004827,2022-03-29,warmup_no_oof,0,LIVE
TR-005482,2022-03-29,warmup_no_oof,0,LIVE
TR-005991,2022-03-29,warmup_no_oof,0,LIVE
TR-006500,2022-03-29,warmup_no_oof,0,LIVE
TR-007410,2022-03-29,warmup_no_oof,0,LIVE
TR-008079,2022-03-29,warmup_no_oof,0,LIVE
TR-008125,2022-03-29,warmup_no_oof,0,LIVE
TR-009394,2022-03-29,warmup_no_oof,0,LIVE
TR-001522,2022-03-30,warmup_no_oof,0,LIVE
TR-001667,2022-03-30,warmup_no_oof,0,LIVE
TR-001891,2022-03-30,warmup_no_oof,0,LIVE
TR-002880,2022-03-30,warmup_no_oof,0,LIVE
TR-004691,2022-03-30,warmup_no_oof,0,LIVE
TR-005534,2022-03-30,warmup_no_oof,0,LIVE
TR-005543,2022-03-30,warmup_no_oof,0,LIVE
TR-006045,2022-03-30,warmup_no_oof,0,LIVE
TR-007634,2022-03-30,warmup_no_oof,0,LIVE
TR-007810,2022-03-30,warmup_no_oof,0,LIVE
TR-000352,2022-03-31,warmup_no_oof,0,LIVE
TR-001966,2022-03-31,warmup_no_oof,0,LIVE
TR-005872,2022-03-31,warmup_no_oof,0,LIVE
TR-009541,2022-03-31,warmup_no_oof,0,LIVE
TR-009548,2022-03-31,warmup_no_oof,0,LIVE
TR-000399,2022-04-01,warmup_no_oof,0,LIVE
TR-001262,2022-04-01,warmup_no_oof,0,LIVE
TR-006550,2022-04-01,warmup_no_oof,0,LIVE
TR-008684,2022-04-01,warmup_no_oof,0,LIVE
TR-009042,2022-04-01,warmup_no_oof,0,LIVE
TR-009224,2022-04-01,warmup_no_oof,0,LIVE
TR-009430,2022-04-01,warmup_no_oof,0,LIVE
TR-000008,2022-04-02,warmup_no_oof,0,LIVE
TR-000542,2022-04-02,warmup_no_oof,0,LIVE
TR-001898,2022-04-02,warmup_no_oof,0,LIVE
TR-002461,2022-04-02,warmup_no_oof,0,LIVE
TR-002575,2022-04-02,warmup_no_oof,0,LIVE
TR-006732,2022-04-02,warmup_no_oof,0,LIVE
TR-007932,2022-04-02,warmup_no_oof,0,LIVE
TR-008880,2022-04-02,warmup_no_oof,0,LIVE
TR-001329,2022-04-03,warmup_no_oof,0,LIVE
TR-001827,2022-04-03,warmup_no_oof,0,LIVE
TR-002174,2022-04-03,warmup_no_oof,0,LIVE
TR-002474,2022-04-03,warmup_no_oof,0,LIVE
TR-004065,2022-04-03,warmup_no_oof,0,LIVE
TR-007398,2022-04-03,warmup_no_oof,0,LIVE
TR-008410,2022-04-03,warmup_no_oof,0,LIVE
TR-000268,2022-04-04,warmup_no_oof,0,LIVE
TR-003087,2022-04-04,warmup_no_oof,0,LIVE
TR-003306,2022-04-04,warmup_no_oof,0,LIVE
TR-003406,2022-04-04,warmup_no_oof,0,LIVE
TR-006725,2022-04-04,warmup_no_oof,0,LIVE
TR-008260,2022-04-04,warmup_no_oof,0,LIVE
TR-000590,2022-04-05,warmup_no_oof,0,LIVE
TR-001206,2022-04-05,warmup_no_oof,0,LIVE
TR-002967,2022-04-05,warmup_no_oof,0,LIVE
TR-003717,2022-04-05,warmup_no_oof,0,LIVE
TR-003948,2022-04-05,warmup_no_oof,0,LIVE
TR-004300,2022-04-05,warmup_no_oof,0,LIVE
TR-005536,2022-04-05,warmup_no_oof,0,LIVE
TR-006727,2022-04-05,warmup_no_oof,0,LIVE
TR-006740,2022-04-05,warmup_no_oof,0,LIVE
TR-007639,2022-04-05,warmup_no_oof,0,LIVE
TR-007866,2022-04-05,warmup_no_oof,0,LIVE
TR-007936,2022-04-05,warmup_no_oof,0,LIVE
TR-000878,2022-04-06,warmup_no_oof,0,LIVE
TR-001246,2022-04-06,warmup_no_oof,0,LIVE
TR-001659,2022-04-06,warmup_no_oof,0,LIVE
TR-002062,2022-04-06,warmup_no_oof,0,LIVE
TR-002347,2022-04-06,warmup_no_oof,0,LIVE
TR-003197,2022-04-06,warmup_no_oof,0,LIVE
TR-003441,2022-04-06,warmup_no_oof,0,LIVE
TR-003556,2022-04-06,warmup_no_oof,0,LIVE
TR-004098,2022-04-06,warmup_no_oof,0,LIVE
TR-004944,2022-04-06,warmup_no_oof,0,LIVE
TR-007950,2022-04-06,warmup_no_oof,0,LIVE
TR-000751,2022-04-07,warmup_no_oof,0,LIVE
TR-001170,2022-04-07,warmup_no_oof,0,LIVE
TR-002580,2022-04-07,warmup_no_oof,0,LIVE
TR-002949,2022-04-07,warmup_no_oof,0,LIVE
TR-003619,2022-04-07,warmup_no_oof,0,LIVE
TR-006730,2022-04-07,warmup_no_oof,0,LIVE
TR-007295,2022-04-07,warmup_no_oof,0,LIVE
TR-009304,2022-04-07,warmup_no_oof,0,LIVE
TR-001123,2022-04-08,warmup_no_oof,0,LIVE
TR-001275,2022-04-08,warmup_no_oof,0,LIVE
TR-002244,2022-04-08,warmup_no_oof,0,LIVE
TR-002431,2022-04-08,warmup_no_oof,0,LIVE
TR-003031,2022-04-08,warmup_no_oof,0,LIVE
TR-004734,2022-04-08,warmup_no_oof,0,LIVE
TR-004860,2022-04-08,warmup_no_oof,0,LIVE
TR-008359,2022-04-08,warmup_no_oof,0,LIVE
TR-008698,2022-04-08,warmup_no_oof,0,LIVE
TR-001273,2022-04-09,warmup_no_oof,0,LIVE
TR-001574,2022-04-09,warmup_no_oof,0,LIVE
TR-002279,2022-04-09,warmup_no_oof,0,LIVE
TR-002887,2022-04-09,warmup_no_oof,0,LIVE
TR-002985,2022-04-09,warmup_no_oof,0,LIVE
TR-003838,2022-04-09,warmup_no_oof,0,LIVE
TR-004639,2022-04-09,warmup_no_oof,0,LIVE
TR-005185,2022-04-09,warmup_no_oof,0,LIVE
TR-006429,2022-04-09,warmup_no_oof,0,LIVE
TR-007211,2022-04-09,warmup_no_oof,0,LIVE
TR-007275,2022-04-09,warmup_no_oof,0,LIVE
TR-008078,2022-04-09,warmup_no_oof,0,LIVE
TR-008161,2022-04-09,warmup_no_oof,0,LIVE
TR-008823,2022-04-09,warmup_no_oof,0,LIVE
TR-000566,2022-04-10,warmup_no_oof,0,LIVE
TR-004494,2022-04-10,warmup_no_oof,0,LIVE
TR-005415,2022-04-10,warmup_no_oof,0,LIVE
TR-006390,2022-04-10,warmup_no_oof,0,LIVE
TR-007033,2022-04-10,warmup_no_oof,0,LIVE
TR-008668,2022-04-10,warmup_no_oof,0,LIVE
TR-009999,2022-04-10,warmup_no_oof,0,LIVE
TR-000189,2022-04-11,warmup_no_oof,0,LIVE
TR-000362,2022-04-11,warmup_no_oof,0,LIVE
TR-000601,2022-04-11,warmup_no_oof,0,LIVE
TR-002064,2022-04-11,warmup_no_oof,0,LIVE
TR-002080,2022-04-11,warmup_no_oof,0,LIVE
TR-003393,2022-04-11,warmup_no_oof,0,LIVE
TR-004286,2022-04-11,warmup_no_oof,0,LIVE
TR-005980,2022-04-11,warmup_no_oof,0,LIVE
TR-006159,2022-04-11,warmup_no_oof,0,LIVE
TR-006332,2022-04-11,warmup_no_oof,0,LIVE
TR-006851,2022-04-11,warmup_no_oof,0,LIVE
TR-009137,2022-04-11,warmup_no_oof,0,LIVE
TR-009302,2022-04-11,warmup_no_oof,0,LIVE
TR-000225,2022-04-12,warmup_no_oof,0,LIVE
TR-000353,2022-04-12,warmup_no_oof,0,LIVE
TR-000852,2022-04-12,warmup_no_oof,0,LIVE
TR-002786,2022-04-12,warmup_no_oof,0,LIVE
TR-003177,2022-04-12,warmup_no_oof,0,LIVE
TR-004428,2022-04-12,warmup_no_oof,0,LIVE
TR-006286,2022-04-12,warmup_no_oof,0,LIVE
TR-007484,2022-04-12,warmup_no_oof,0,LIVE
TR-008945,2022-04-12,warmup_no_oof,0,LIVE
TR-009109,2022-04-12,warmup_no_oof,0,LIVE
TR-000730,2022-04-13,warmup_no_oof,0,LIVE
TR-003916,2022-04-13,warmup_no_oof,0,LIVE
TR-005418,2022-04-13,warmup_no_oof,0,LIVE
TR-006321,2022-04-13,warmup_no_oof,0,LIVE
TR-006545,2022-04-13,warmup_no_oof,0,LIVE
TR-006671,2022-04-13,warmup_no_oof,0,LIVE
TR-007543,2022-04-13,warmup_no_oof,0,LIVE
TR-009011,2022-04-13,warmup_no_oof,0,LIVE
TR-000213,2022-04-14,warmup_no_oof,0,LIVE
TR-001325,2022-04-14,warmup_no_oof,0,LIVE
TR-002354,2022-04-14,warmup_no_oof,0,LIVE
TR-003332,2022-04-14,warmup_no_oof,0,LIVE
TR-005906,2022-04-14,warmup_no_oof,0,LIVE
TR-008443,2022-04-14,warmup_no_oof,0,LIVE
TR-001229,2022-04-15,warmup_no_oof,0,LIVE
TR-001955,2022-04-15,warmup_no_oof,0,LIVE
TR-001961,2022-04-15,warmup_no_oof,0,LIVE
TR-003544,2022-04-15,warmup_no_oof,0,LIVE
TR-004147,2022-04-15,warmup_no_oof,0,LIVE
TR-007044,2022-04-15,warmup_no_oof,0,LIVE
TR-009491,2022-04-15,warmup_no_oof,0,LIVE
TR-009524,2022-04-15,warmup_no_oof,0,LIVE
TR-001205,2022-04-16,warmup_no_oof,0,LIVE
TR-002429,2022-04-16,warmup_no_oof,0,LIVE
TR-005256,2022-04-16,warmup_no_oof,0,LIVE
TR-008590,2022-04-16,warmup_no_oof,0,LIVE
TR-000162,2022-04-17,warmup_no_oof,0,LIVE
TR-000230,2022-04-17,warmup_no_oof,0,LIVE
TR-000459,2022-04-17,warmup_no_oof,0,LIVE
TR-000688,2022-04-17,warmup_no_oof,0,LIVE
TR-000946,2022-04-17,warmup_no_oof,0,LIVE
TR-001701,2022-04-17,warmup_no_oof,0,LIVE
TR-002011,2022-04-17,warmup_no_oof,0,LIVE
TR-002280,2022-04-17,warmup_no_oof,0,LIVE
TR-002994,2022-04-17,warmup_no_oof,0,LIVE
TR-003172,2022-04-17,warmup_no_oof,0,LIVE
TR-003768,2022-04-17,warmup_no_oof,0,LIVE
TR-004404,2022-04-17,warmup_no_oof,0,LIVE
TR-005007,2022-04-17,warmup_no_oof,0,LIVE
TR-005865,2022-04-17,warmup_no_oof,0,LIVE
TR-006103,2022-04-17,warmup_no_oof,0,LIVE
TR-007677,2022-04-17,warmup_no_oof,0,LIVE
TR-009507,2022-04-17,warmup_no_oof,0,LIVE
TR-005428,2022-04-18,warmup_no_oof,0,LIVE
TR-007757,2022-04-18,warmup_no_oof,0,LIVE
TR-003062,2022-04-19,warmup_no_oof,0,LIVE
TR-004386,2022-04-19,warmup_no_oof,0,LIVE
TR-005072,2022-04-19,warmup_no_oof,0,LIVE
TR-005217,2022-04-19,warmup_no_oof,0,LIVE
TR-006150,2022-04-19,warmup_no_oof,0,LIVE
TR-009658,2022-04-19,warmup_no_oof,0,LIVE
TR-009907,2022-04-19,warmup_no_oof,0,LIVE
TR-000181,2022-04-20,warmup_no_oof,0,LIVE
TR-000680,2022-04-20,warmup_no_oof,0,LIVE
TR-001327,2022-04-20,warmup_no_oof,0,LIVE
TR-001996,2022-04-20,warmup_no_oof,0,LIVE
TR-003514,2022-04-20,warmup_no_oof,0,LIVE
TR-004852,2022-04-20,warmup_no_oof,0,LIVE
TR-005493,2022-04-20,warmup_no_oof,0,LIVE
TR-005551,2022-04-20,warmup_no_oof,0,LIVE
TR-006628,2022-04-20,warmup_no_oof,0,LIVE
TR-008427,2022-04-20,warmup_no_oof,0,LIVE
TR-009365,2022-04-20,warmup_no_oof,0,LIVE
TR-002357,2022-04-21,warmup_no_oof,0,LIVE
TR-003447,2022-04-21,warmup_no_oof,0,LIVE
TR-003744,2022-04-21,warmup_no_oof,0,LIVE
TR-005071,2022-04-21,warmup_no_oof,0,LIVE
TR-006871,2022-04-21,warmup_no_oof,0,LIVE
TR-007048,2022-04-21,warmup_no_oof,0,LIVE
TR-008881,2022-04-21,warmup_no_oof,0,LIVE
TR-009390,2022-04-21,warmup_no_oof,0,LIVE
TR-000115,2022-04-22,warmup_no_oof,0,LIVE
TR-000652,2022-04-22,warmup_no_oof,0,LIVE
TR-000905,2022-04-22,warmup_no_oof,0,LIVE
TR-002145,2022-04-22,warmup_no_oof,0,LIVE
TR-003255,2022-04-22,warmup_no_oof,0,LIVE
TR-003397,2022-04-22,warmup_no_oof,0,LIVE
TR-003909,2022-04-22,warmup_no_oof,0,LIVE
TR-005952,2022-04-22,warmup_no_oof,0,LIVE
TR-006145,2022-04-22,warmup_no_oof,0,LIVE
TR-006835,2022-04-22,warmup_no_oof,0,LIVE
TR-006948,2022-04-22,warmup_no_oof,0,LIVE
TR-007777,2022-04-22,warmup_no_oof,0,LIVE
TR-008238,2022-04-22,warmup_no_oof,0,LIVE
TR-009415,2022-04-22,warmup_no_oof,0,LIVE
TR-009909,2022-04-22,warmup_no_oof,0,LIVE
TR-000427,2022-04-23,warmup_no_oof,0,LIVE
TR-001484,2022-04-23,warmup_no_oof,0,LIVE
TR-003354,2022-04-23,warmup_no_oof,0,LIVE
TR-003485,2022-04-23,warmup_no_oof,0,LIVE
TR-005630,2022-04-23,warmup_no_oof,0,LIVE
TR-006574,2022-04-23,warmup_no_oof,0,LIVE
TR-007361,2022-04-23,warmup_no_oof,0,LIVE
TR-008070,2022-04-23,warmup_no_oof,0,LIVE
TR-008444,2022-04-23,warmup_no_oof,0,LIVE
TR-008700,2022-04-23,warmup_no_oof,0,LIVE
TR-000254,2022-04-24,warmup_no_oof,0,LIVE
TR-001079,2022-04-24,warmup_no_oof,0,LIVE
TR-005183,2022-04-24,warmup_no_oof,0,LIVE
TR-006649,2022-04-24,warmup_no_oof,0,LIVE
TR-006776,2022-04-24,warmup_no_oof,0,LIVE
TR-006944,2022-04-24,warmup_no_oof,0,LIVE
TR-008334,2022-04-24,warmup_no_oof,0,LIVE
TR-009756,2022-04-24,warmup_no_oof,0,LIVE
TR-000125,2022-04-25,warmup_no_oof,0,LIVE
TR-001603,2022-04-25,warmup_no_oof,0,LIVE
TR-001901,2022-04-25,warmup_no_oof,0,LIVE
TR-003478,2022-04-25,warmup_no_oof,0,LIVE
TR-005268,2022-04-25,warmup_no_oof,0,LIVE
TR-005566,2022-04-25,warmup_no_oof,0,LIVE
TR-008564,2022-04-25,warmup_no_oof,0,LIVE
TR-009559,2022-04-25,warmup_no_oof,0,LIVE
TR-009850,2022-04-25,warmup_no_oof,0,LIVE
TR-000143,2022-04-26,warmup_no_oof,0,LIVE
TR-000282,2022-04-26,warmup_no_oof,0,LIVE
TR-002821,2022-04-26,warmup_no_oof,0,LIVE
TR-003501,2022-04-26,warmup_no_oof,0,LIVE
TR-004448,2022-04-26,warmup_no_oof,0,LIVE
TR-005332,2022-04-26,warmup_no_oof,0,LIVE
TR-005756,2022-04-26,warmup_no_oof,0,LIVE
TR-006893,2022-04-26,warmup_no_oof,0,LIVE
TR-007362,2022-04-26,warmup_no_oof,0,LIVE
TR-007577,2022-04-26,warmup_no_oof,0,LIVE
TR-008471,2022-04-26,warmup_no_oof,0,LIVE
TR-008730,2022-04-26,warmup_no_oof,0,LIVE
TR-009577,2022-04-26,warmup_no_oof,0,LIVE
TR-000177,2022-04-27,warmup_no_oof,0,LIVE
TR-000548,2022-04-27,warmup_no_oof,0,LIVE
TR-001051,2022-04-27,warmup_no_oof,0,LIVE
TR-001106,2022-04-27,warmup_no_oof,0,LIVE
TR-002540,2022-04-27,warmup_no_oof,0,LIVE
TR-005086,2022-04-27,warmup_no_oof,0,LIVE
TR-005826,2022-04-27,warmup_no_oof,0,LIVE
TR-007299,2022-04-27,warmup_no_oof,0,LIVE
TR-007796,2022-04-27,warmup_no_oof,0,LIVE
TR-008667,2022-04-27,warmup_no_oof,0,LIVE
TR-000010,2022-04-28,warmup_no_oof,0,LIVE
TR-001298,2022-04-28,warmup_no_oof,0,LIVE
TR-004184,2022-04-28,warmup_no_oof,0,LIVE
TR-004994,2022-04-28,warmup_no_oof,0,LIVE
TR-005734,2022-04-28,warmup_no_oof,0,LIVE
TR-005914,2022-04-28,warmup_no_oof,0,LIVE
TR-005921,2022-04-28,warmup_no_oof,0,LIVE
TR-007273,2022-04-28,warmup_no_oof,0,LIVE
TR-007429,2022-04-28,warmup_no_oof,0,LIVE
TR-003506,2022-04-29,warmup_no_oof,0,LIVE
TR-003683,2022-04-29,warmup_no_oof,0,LIVE
TR-003685,2022-04-29,warmup_no_oof,0,LIVE
TR-005261,2022-04-29,warmup_no_oof,0,LIVE
TR-007692,2022-04-29,warmup_no_oof,0,LIVE
TR-008692,2022-04-29,warmup_no_oof,0,LIVE
TR-008915,2022-04-29,warmup_no_oof,0,LIVE
TR-009386,2022-04-29,warmup_no_oof,0,LIVE
TR-009815,2022-04-29,warmup_no_oof,0,LIVE
TR-001379,2022-04-30,warmup_no_oof,0,LIVE
TR-001852,2022-04-30,warmup_no_oof,0,LIVE
TR-002264,2022-04-30,warmup_no_oof,0,LIVE
TR-002663,2022-04-30,warmup_no_oof,0,LIVE
TR-003578,2022-04-30,warmup_no_oof,0,LIVE
TR-004729,2022-04-30,warmup_no_oof,0,LIVE
TR-009608,2022-04-30,warmup_no_oof,0,LIVE
TR-000237,2022-05-01,warmup_no_oof,0,LIVE
TR-001055,2022-05-01,warmup_no_oof,0,LIVE
TR-001446,2022-05-01,warmup_no_oof,0,LIVE
TR-002514,2022-05-01,warmup_no_oof,0,LIVE
TR-005234,2022-05-01,warmup_no_oof,0,LIVE
TR-006206,2022-05-01,warmup_no_oof,0,LIVE
TR-006855,2022-05-01,warmup_no_oof,0,LIVE
TR-007013,2022-05-01,warmup_no_oof,0,LIVE
TR-008037,2022-05-01,warmup_no_oof,0,LIVE
TR-008563,2022-05-01,warmup_no_oof,0,LIVE
TR-009514,2022-05-01,warmup_no_oof,0,LIVE
TR-009882,2022-05-01,warmup_no_oof,0,LIVE
TR-000019,2022-05-02,warmup_no_oof,0,LIVE
TR-001093,2022-05-02,warmup_no_oof,0,LIVE
TR-005527,2022-05-02,warmup_no_oof,0,LIVE
TR-008419,2022-05-02,warmup_no_oof,0,LIVE
TR-009252,2022-05-02,warmup_no_oof,0,LIVE
TR-001437,2022-05-03,warmup_no_oof,0,LIVE
TR-002303,2022-05-03,warmup_no_oof,0,LIVE
TR-002423,2022-05-03,warmup_no_oof,0,LIVE
TR-002759,2022-05-03,warmup_no_oof,0,LIVE
TR-003263,2022-05-03,warmup_no_oof,0,LIVE
TR-005324,2022-05-03,warmup_no_oof,0,LIVE
TR-005582,2022-05-03,warmup_no_oof,0,LIVE
TR-006078,2022-05-03,warmup_no_oof,0,LIVE
TR-007941,2022-05-03,warmup_no_oof,0,LIVE
TR-001716,2022-05-04,warmup_no_oof,0,LIVE
TR-001924,2022-05-04,warmup_no_oof,0,LIVE
TR-002747,2022-05-04,warmup_no_oof,0,LIVE
TR-003542,2022-05-04,warmup_no_oof,0,LIVE
TR-003884,2022-05-04,warmup_no_oof,0,LIVE
TR-005761,2022-05-04,warmup_no_oof,0,LIVE
TR-007037,2022-05-04,warmup_no_oof,0,LIVE
TR-007762,2022-05-04,warmup_no_oof,0,LIVE
TR-009502,2022-05-04,warmup_no_oof,0,LIVE
TR-009505,2022-05-04,warmup_no_oof,0,LIVE
TR-001066,2022-05-05,warmup_no_oof,0,LIVE
TR-001319,2022-05-05,warmup_no_oof,0,LIVE
TR-001908,2022-05-05,warmup_no_oof,0,LIVE
TR-002065,2022-05-05,warmup_no_oof,0,LIVE
TR-002725,2022-05-05,warmup_no_oof,0,LIVE
TR-003852,2022-05-05,warmup_no_oof,0,LIVE
TR-004783,2022-05-05,warmup_no_oof,0,LIVE
TR-004917,2022-05-05,warmup_no_oof,0,LIVE
TR-006073,2022-05-05,warmup_no_oof,0,LIVE
TR-006238,2022-05-05,warmup_no_oof,0,LIVE
TR-007116,2022-05-05,warmup_no_oof,0,LIVE
TR-007472,2022-05-05,warmup_no_oof,0,LIVE
TR-008403,2022-05-05,warmup_no_oof,0,LIVE
TR-000851,2022-05-06,warmup_no_oof,0,LIVE
TR-001027,2022-05-06,warmup_no_oof,0,LIVE
TR-001196,2022-05-06,warmup_no_oof,0,LIVE
TR-001479,2022-05-06,warmup_no_oof,0,LIVE
TR-002495,2022-05-06,warmup_no_oof,0,LIVE
TR-002525,2022-05-06,warmup_no_oof,0,LIVE
TR-003785,2022-05-06,warmup_no_oof,0,LIVE
TR-004802,2022-05-06,warmup_no_oof,0,LIVE
TR-004983,2022-05-06,warmup_no_oof,0,LIVE
TR-005945,2022-05-06,warmup_no_oof,0,LIVE
TR-006165,2022-05-06,warmup_no_oof,0,LIVE
TR-006947,2022-05-06,warmup_no_oof,0,LIVE
TR-007132,2022-05-06,warmup_no_oof,0,LIVE
TR-007360,2022-05-06,warmup_no_oof,0,LIVE
TR-009113,2022-05-06,warmup_no_oof,0,LIVE
TR-000885,2022-05-07,warmup_no_oof,0,LIVE
TR-001023,2022-05-07,warmup_no_oof,0,LIVE
TR-001283,2022-05-07,warmup_no_oof,0,LIVE
TR-001544,2022-05-07,warmup_no_oof,0,LIVE
TR-001920,2022-05-07,warmup_no_oof,0,LIVE
TR-003908,2022-05-07,warmup_no_oof,0,LIVE
TR-003980,2022-05-07,warmup_no_oof,0,LIVE
TR-004370,2022-05-07,warmup_no_oof,0,LIVE
TR-006734,2022-05-07,warmup_no_oof,0,LIVE
TR-007382,2022-05-07,warmup_no_oof,0,LIVE
TR-009794,2022-05-07,warmup_no_oof,0,LIVE
TR-000126,2022-05-08,warmup_no_oof,0,LIVE
TR-000836,2022-05-08,warmup_no_oof,0,LIVE
TR-006137,2022-05-08,warmup_no_oof,0,LIVE
TR-006341,2022-05-08,warmup_no_oof,0,LIVE
TR-007546,2022-05-08,warmup_no_oof,0,LIVE
TR-009601,2022-05-08,warmup_no_oof,0,LIVE
TR-009922,2022-05-08,warmup_no_oof,0,LIVE
TR-000204,2022-05-09,warmup_no_oof,0,LIVE
TR-002726,2022-05-09,warmup_no_oof,0,LIVE
TR-003160,2022-05-09,warmup_no_oof,0,LIVE
TR-003258,2022-05-09,warmup_no_oof,0,LIVE
TR-003386,2022-05-09,warmup_no_oof,0,LIVE
TR-003947,2022-05-09,warmup_no_oof,0,LIVE
TR-004761,2022-05-09,warmup_no_oof,0,LIVE
TR-004936,2022-05-09,warmup_no_oof,0,LIVE
TR-005903,2022-05-09,warmup_no_oof,0,LIVE
TR-005938,2022-05-09,warmup_no_oof,0,LIVE
TR-006090,2022-05-09,warmup_no_oof,0,LIVE
TR-006365,2022-05-09,warmup_no_oof,0,LIVE
TR-008224,2022-05-09,warmup_no_oof,0,LIVE
TR-008519,2022-05-09,warmup_no_oof,0,LIVE
TR-001114,2022-05-10,warmup_no_oof,0,LIVE
TR-001847,2022-05-10,warmup_no_oof,0,LIVE
TR-002036,2022-05-10,warmup_no_oof,0,LIVE
TR-004043,2022-05-10,warmup_no_oof,0,LIVE
TR-004551,2022-05-10,warmup_no_oof,0,LIVE
TR-006105,2022-05-10,warmup_no_oof,0,LIVE
TR-006424,2022-05-10,warmup_no_oof,0,LIVE
TR-009322,2022-05-10,warmup_no_oof,0,LIVE
TR-001089,2022-05-11,warmup_no_oof,0,LIVE
TR-004033,2022-05-11,warmup_no_oof,0,LIVE
TR-006636,2022-05-11,warmup_no_oof,0,LIVE
TR-006826,2022-05-11,warmup_no_oof,0,LIVE
TR-006943,2022-05-11,warmup_no_oof,0,LIVE
TR-009218,2022-05-11,warmup_no_oof,0,LIVE
TR-009921,2022-05-11,warmup_no_oof,0,LIVE
TR-000558,2022-05-12,warmup_no_oof,0,LIVE
TR-001041,2022-05-12,warmup_no_oof,0,LIVE
TR-002876,2022-05-12,warmup_no_oof,0,LIVE
TR-003484,2022-05-12,warmup_no_oof,0,LIVE
TR-004293,2022-05-12,warmup_no_oof,0,LIVE
TR-005335,2022-05-12,warmup_no_oof,0,LIVE
TR-006483,2022-05-12,warmup_no_oof,0,LIVE
TR-007267,2022-05-12,warmup_no_oof,0,LIVE
TR-009701,2022-05-12,warmup_no_oof,0,LIVE
TR-000964,2022-05-13,warmup_no_oof,0,LIVE
TR-000979,2022-05-13,warmup_no_oof,0,LIVE
TR-002749,2022-05-13,warmup_no_oof,0,LIVE
TR-003067,2022-05-13,warmup_no_oof,0,LIVE
TR-003675,2022-05-13,warmup_no_oof,0,LIVE
TR-003807,2022-05-13,warmup_no_oof,0,LIVE
TR-004061,2022-05-13,warmup_no_oof,0,LIVE
TR-005507,2022-05-13,warmup_no_oof,0,LIVE
TR-008526,2022-05-13,warmup_no_oof,0,LIVE
TR-009618,2022-05-13,warmup_no_oof,0,LIVE
TR-009721,2022-05-13,warmup_no_oof,0,LIVE
TR-000954,2022-05-14,warmup_no_oof,0,LIVE
TR-002386,2022-05-14,warmup_no_oof,0,LIVE
TR-002543,2022-05-14,warmup_no_oof,0,LIVE
TR-003385,2022-05-14,warmup_no_oof,0,LIVE
TR-003519,2022-05-14,warmup_no_oof,0,LIVE
TR-006502,2022-05-14,warmup_no_oof,0,LIVE
TR-000691,2022-05-15,warmup_no_oof,0,LIVE
TR-001567,2022-05-15,warmup_no_oof,0,LIVE
TR-002045,2022-05-15,warmup_no_oof,0,LIVE
TR-002556,2022-05-15,warmup_no_oof,0,LIVE
TR-004839,2022-05-15,warmup_no_oof,0,LIVE
TR-005960,2022-05-15,warmup_no_oof,0,LIVE
TR-006610,2022-05-15,warmup_no_oof,0,LIVE
TR-007487,2022-05-15,warmup_no_oof,0,LIVE
TR-007839,2022-05-15,warmup_no_oof,0,LIVE
TR-007864,2022-05-15,warmup_no_oof,0,LIVE
TR-009448,2022-05-15,warmup_no_oof,0,LIVE
TR-009463,2022-05-15,warmup_no_oof,0,LIVE
TR-000831,2022-05-16,warmup_no_oof,0,LIVE
TR-003705,2022-05-16,warmup_no_oof,0,LIVE
TR-005456,2022-05-16,warmup_no_oof,0,LIVE
TR-005544,2022-05-16,warmup_no_oof,0,LIVE
TR-006803,2022-05-16,warmup_no_oof,0,LIVE
TR-007198,2022-05-16,warmup_no_oof,0,LIVE
TR-008424,2022-05-16,warmup_no_oof,0,LIVE
TR-001315,2022-05-17,warmup_no_oof,0,LIVE
TR-001704,2022-05-17,warmup_no_oof,0,LIVE
TR-003272,2022-05-17,warmup_no_oof,0,LIVE
TR-003532,2022-05-17,warmup_no_oof,0,LIVE
TR-004223,2022-05-17,warmup_no_oof,0,LIVE
TR-004907,2022-05-17,warmup_no_oof,0,LIVE
TR-000422,2022-05-18,warmup_no_oof,0,LIVE
TR-002143,2022-05-18,warmup_no_oof,0,LIVE
TR-003540,2022-05-18,warmup_no_oof,0,LIVE
TR-003572,2022-05-18,warmup_no_oof,0,LIVE
TR-004930,2022-05-18,warmup_no_oof,0,LIVE
TR-006289,2022-05-18,warmup_no_oof,0,LIVE
TR-006602,2022-05-18,warmup_no_oof,0,LIVE
TR-008516,2022-05-18,warmup_no_oof,0,LIVE
TR-009112,2022-05-18,warmup_no_oof,0,LIVE
TR-009320,2022-05-18,warmup_no_oof,0,LIVE
TR-001518,2022-05-19,warmup_no_oof,0,LIVE
TR-001881,2022-05-19,warmup_no_oof,0,LIVE
TR-002374,2022-05-19,warmup_no_oof,0,LIVE
TR-003928,2022-05-19,warmup_no_oof,0,LIVE
TR-003969,2022-05-19,warmup_no_oof,0,LIVE
TR-006792,2022-05-19,warmup_no_oof,0,LIVE
TR-007047,2022-05-19,warmup_no_oof,0,LIVE
TR-007666,2022-05-19,warmup_no_oof,0,LIVE
TR-009863,2022-05-19,warmup_no_oof,0,LIVE
TR-000898,2022-05-20,warmup_no_oof,0,LIVE
TR-001642,2022-05-20,warmup_no_oof,0,LIVE
TR-001699,2022-05-20,warmup_no_oof,0,LIVE
TR-002470,2022-05-20,warmup_no_oof,0,LIVE
TR-002617,2022-05-20,warmup_no_oof,0,LIVE
TR-003665,2022-05-20,warmup_no_oof,0,LIVE
TR-004530,2022-05-20,warmup_no_oof,0,LIVE
TR-005176,2022-05-20,warmup_no_oof,0,LIVE
TR-006131,2022-05-20,warmup_no_oof,0,LIVE
TR-006457,2022-05-20,warmup_no_oof,0,LIVE
TR-008053,2022-05-20,warmup_no_oof,0,LIVE
TR-000369,2022-05-21,warmup_no_oof,0,LIVE
TR-000653,2022-05-21,warmup_no_oof,0,LIVE
TR-000865,2022-05-21,warmup_no_oof,0,LIVE
TR-001142,2022-05-21,warmup_no_oof,0,LIVE
TR-001357,2022-05-21,warmup_no_oof,0,LIVE
TR-002209,2022-05-21,warmup_no_oof,0,LIVE
TR-002961,2022-05-21,warmup_no_oof,0,LIVE
TR-003262,2022-05-21,warmup_no_oof,0,LIVE
TR-005080,2022-05-21,warmup_no_oof,0,LIVE
TR-005486,2022-05-21,warmup_no_oof,0,LIVE
TR-006866,2022-05-21,warmup_no_oof,0,LIVE
TR-007078,2022-05-21,warmup_no_oof,0,LIVE
TR-007630,2022-05-21,warmup_no_oof,0,LIVE
TR-008927,2022-05-21,warmup_no_oof,0,LIVE
TR-009354,2022-05-21,warmup_no_oof,0,LIVE
TR-002845,2022-05-22,warmup_no_oof,0,LIVE
TR-004661,2022-05-22,warmup_no_oof,0,LIVE
TR-007452,2022-05-22,warmup_no_oof,0,LIVE
TR-008243,2022-05-22,warmup_no_oof,0,LIVE
TR-000347,2022-05-23,warmup_no_oof,0,LIVE
TR-000901,2022-05-23,warmup_no_oof,0,LIVE
TR-001541,2022-05-23,warmup_no_oof,0,LIVE
TR-002000,2022-05-23,warmup_no_oof,0,LIVE
TR-002387,2022-05-23,warmup_no_oof,0,LIVE
TR-002798,2022-05-23,warmup_no_oof,0,LIVE
TR-003701,2022-05-23,warmup_no_oof,0,LIVE
TR-004914,2022-05-23,warmup_no_oof,0,LIVE
TR-008023,2022-05-23,warmup_no_oof,0,LIVE
TR-009149,2022-05-23,warmup_no_oof,0,LIVE
TR-009464,2022-05-23,warmup_no_oof,0,LIVE
TR-009802,2022-05-23,warmup_no_oof,0,LIVE
TR-002444,2022-05-24,warmup_no_oof,0,LIVE
TR-002691,2022-05-24,warmup_no_oof,0,LIVE
TR-006377,2022-05-24,warmup_no_oof,0,LIVE
TR-007329,2022-05-24,warmup_no_oof,0,LIVE
TR-007965,2022-05-24,warmup_no_oof,0,LIVE
TR-008545,2022-05-24,warmup_no_oof,0,LIVE
TR-000348,2022-05-25,warmup_no_oof,0,LIVE
TR-001001,2022-05-25,warmup_no_oof,0,LIVE
TR-001349,2022-05-25,warmup_no_oof,0,LIVE
TR-002478,2022-05-25,warmup_no_oof,0,LIVE
TR-005146,2022-05-25,warmup_no_oof,0,LIVE
TR-005784,2022-05-25,warmup_no_oof,0,LIVE
TR-007898,2022-05-25,warmup_no_oof,0,LIVE
TR-000473,2022-05-26,warmup_no_oof,0,LIVE
TR-000860,2022-05-26,warmup_no_oof,0,LIVE
TR-003348,2022-05-26,warmup_no_oof,0,LIVE
TR-004978,2022-05-26,warmup_no_oof,0,LIVE
TR-005081,2022-05-26,warmup_no_oof,0,LIVE
TR-006848,2022-05-26,warmup_no_oof,0,LIVE
TR-006872,2022-05-26,warmup_no_oof,0,LIVE
TR-008331,2022-05-26,warmup_no_oof,0,LIVE
TR-002577,2022-05-27,warmup_no_oof,0,LIVE
TR-003530,2022-05-27,warmup_no_oof,0,LIVE
TR-003803,2022-05-27,warmup_no_oof,0,LIVE
TR-005645,2022-05-27,warmup_no_oof,0,LIVE
TR-006509,2022-05-27,warmup_no_oof,0,LIVE
TR-006902,2022-05-27,warmup_no_oof,0,LIVE
TR-007115,2022-05-27,warmup_no_oof,0,LIVE
TR-007387,2022-05-27,warmup_no_oof,0,LIVE
TR-007443,2022-05-27,warmup_no_oof,0,LIVE
TR-007504,2022-05-27,warmup_no_oof,0,LIVE
TR-008791,2022-05-27,warmup_no_oof,0,LIVE
TR-002689,2022-05-28,warmup_no_oof,0,LIVE
TR-004026,2022-05-28,warmup_no_oof,0,LIVE
TR-004371,2022-05-28,warmup_no_oof,0,LIVE
TR-005177,2022-05-28,warmup_no_oof,0,LIVE
TR-005196,2022-05-28,warmup_no_oof,0,LIVE
TR-006590,2022-05-28,warmup_no_oof,0,LIVE
TR-007746,2022-05-28,warmup_no_oof,0,LIVE
TR-008295,2022-05-28,warmup_no_oof,0,LIVE
TR-000247,2022-05-29,warmup_no_oof,0,LIVE
TR-000965,2022-05-29,warmup_no_oof,0,LIVE
TR-001576,2022-05-29,warmup_no_oof,0,LIVE
TR-004411,2022-05-29,warmup_no_oof,0,LIVE
TR-004534,2022-05-29,warmup_no_oof,0,LIVE
TR-005193,2022-05-29,warmup_no_oof,0,LIVE
TR-006039,2022-05-29,warmup_no_oof,0,LIVE
TR-006480,2022-05-29,warmup_no_oof,0,LIVE
TR-008319,2022-05-29,warmup_no_oof,0,LIVE
TR-008460,2022-05-29,warmup_no_oof,0,LIVE
TR-008644,2022-05-29,warmup_no_oof,0,LIVE
TR-009569,2022-05-29,warmup_no_oof,0,LIVE
TR-009913,2022-05-29,warmup_no_oof,0,LIVE
TR-001791,2022-05-30,warmup_no_oof,0,LIVE
TR-001999,2022-05-30,warmup_no_oof,0,LIVE
TR-003730,2022-05-30,warmup_no_oof,0,LIVE
TR-004396,2022-05-30,warmup_no_oof,0,LIVE
TR-005593,2022-05-30,warmup_no_oof,0,LIVE
TR-006160,2022-05-30,warmup_no_oof,0,LIVE
TR-007046,2022-05-30,warmup_no_oof,0,LIVE
TR-007229,2022-05-30,warmup_no_oof,0,LIVE
TR-008150,2022-05-30,warmup_no_oof,0,LIVE
TR-008907,2022-05-30,warmup_no_oof,0,LIVE
TR-009128,2022-05-30,warmup_no_oof,0,LIVE
TR-009399,2022-05-30,warmup_no_oof,0,LIVE
TR-000056,2022-05-31,warmup_no_oof,0,LIVE
TR-003301,2022-05-31,warmup_no_oof,0,LIVE
TR-003853,2022-05-31,warmup_no_oof,0,LIVE
TR-003893,2022-05-31,warmup_no_oof,0,LIVE
TR-004074,2022-05-31,warmup_no_oof,0,LIVE
TR-007324,2022-05-31,warmup_no_oof,0,LIVE
TR-007488,2022-05-31,warmup_no_oof,0,LIVE
TR-000195,2022-06-01,warmup_no_oof,0,LIVE
TR-001680,2022-06-01,warmup_no_oof,0,LIVE
TR-001833,2022-06-01,warmup_no_oof,0,LIVE
TR-002034,2022-06-01,warmup_no_oof,0,LIVE
TR-002338,2022-06-01,warmup_no_oof,0,LIVE
TR-004145,2022-06-01,warmup_no_oof,0,LIVE
TR-004304,2022-06-01,warmup_no_oof,0,LIVE
TR-004505,2022-06-01,warmup_no_oof,0,LIVE
TR-004895,2022-06-01,warmup_no_oof,0,LIVE
TR-005878,2022-06-01,warmup_no_oof,0,LIVE
TR-005985,2022-06-01,warmup_no_oof,0,LIVE
TR-006188,2022-06-01,warmup_no_oof,0,LIVE
TR-006243,2022-06-01,warmup_no_oof,0,LIVE
TR-007433,2022-06-01,warmup_no_oof,0,LIVE
TR-007569,2022-06-01,warmup_no_oof,0,LIVE
TR-008681,2022-06-01,warmup_no_oof,0,LIVE
TR-009177,2022-06-01,warmup_no_oof,0,LIVE
TR-009190,2022-06-01,warmup_no_oof,0,LIVE
TR-000832,2022-06-02,warmup_no_oof,0,LIVE
TR-001559,2022-06-02,warmup_no_oof,0,LIVE
TR-002477,2022-06-02,warmup_no_oof,0,LIVE
TR-002622,2022-06-02,warmup_no_oof,0,LIVE
TR-002698,2022-06-02,warmup_no_oof,0,LIVE
TR-002739,2022-06-02,warmup_no_oof,0,LIVE
TR-003254,2022-06-02,warmup_no_oof,0,LIVE
TR-004427,2022-06-02,warmup_no_oof,0,LIVE
TR-007904,2022-06-02,warmup_no_oof,0,LIVE
TR-008293,2022-06-02,warmup_no_oof,0,LIVE
TR-008297,2022-06-02,warmup_no_oof,0,LIVE
TR-008723,2022-06-02,warmup_no_oof,0,LIVE
TR-009526,2022-06-02,warmup_no_oof,0,LIVE
TR-001288,2022-06-03,warmup_no_oof,0,LIVE
TR-002088,2022-06-03,warmup_no_oof,0,LIVE
TR-002182,2022-06-03,warmup_no_oof,0,LIVE
TR-004638,2022-06-03,warmup_no_oof,0,LIVE
TR-004950,2022-06-03,warmup_no_oof,0,LIVE
TR-006378,2022-06-03,warmup_no_oof,0,LIVE
TR-008400,2022-06-03,warmup_no_oof,0,LIVE
TR-009709,2022-06-03,warmup_no_oof,0,LIVE
TR-000938,2022-06-04,warmup_no_oof,0,LIVE
TR-003133,2022-06-04,warmup_no_oof,0,LIVE
TR-003440,2022-06-04,warmup_no_oof,0,LIVE
TR-004149,2022-06-04,warmup_no_oof,0,LIVE
TR-006809,2022-06-04,warmup_no_oof,0,LIVE
TR-006972,2022-06-04,warmup_no_oof,0,LIVE
TR-007438,2022-06-04,warmup_no_oof,0,LIVE
TR-008051,2022-06-04,warmup_no_oof,0,LIVE
TR-009478,2022-06-04,warmup_no_oof,0,LIVE
TR-000453,2022-06-05,warmup_no_oof,0,LIVE
TR-003000,2022-06-05,warmup_no_oof,0,LIVE
TR-005203,2022-06-05,warmup_no_oof,0,LIVE
TR-006895,2022-06-05,warmup_no_oof,0,LIVE
TR-007830,2022-06-05,warmup_no_oof,0,LIVE
TR-008228,2022-06-05,warmup_no_oof,0,LIVE
TR-008755,2022-06-05,warmup_no_oof,0,LIVE
TR-000442,2022-06-06,warmup_no_oof,0,LIVE
TR-000974,2022-06-06,warmup_no_oof,0,LIVE
TR-001503,2022-06-06,warmup_no_oof,0,LIVE
TR-002567,2022-06-06,warmup_no_oof,0,LIVE
TR-003789,2022-06-06,warmup_no_oof,0,LIVE
TR-005226,2022-06-06,warmup_no_oof,0,LIVE
TR-005664,2022-06-06,warmup_no_oof,0,LIVE
TR-006493,2022-06-06,warmup_no_oof,0,LIVE
TR-007794,2022-06-06,warmup_no_oof,0,LIVE
TR-008052,2022-06-06,warmup_no_oof,0,LIVE
TR-008357,2022-06-06,warmup_no_oof,0,LIVE
TR-000586,2022-06-07,warmup_no_oof,0,LIVE
TR-002258,2022-06-07,warmup_no_oof,0,LIVE
TR-002442,2022-06-07,warmup_no_oof,0,LIVE
TR-002563,2022-06-07,warmup_no_oof,0,LIVE
TR-002664,2022-06-07,warmup_no_oof,0,LIVE
TR-003157,2022-06-07,warmup_no_oof,0,LIVE
TR-003179,2022-06-07,warmup_no_oof,0,LIVE
TR-004040,2022-06-07,warmup_no_oof,0,LIVE
TR-005822,2022-06-07,warmup_no_oof,0,LIVE
TR-008624,2022-06-07,warmup_no_oof,0,LIVE
TR-008942,2022-06-07,warmup_no_oof,0,LIVE
TR-000166,2022-06-08,warmup_no_oof,0,LIVE
TR-001110,2022-06-08,warmup_no_oof,0,LIVE
TR-003455,2022-06-08,warmup_no_oof,0,LIVE
TR-003657,2022-06-08,warmup_no_oof,0,LIVE
TR-004825,2022-06-08,warmup_no_oof,0,LIVE
TR-006351,2022-06-08,warmup_no_oof,0,LIVE
TR-008507,2022-06-08,warmup_no_oof,0,LIVE
TR-008885,2022-06-08,warmup_no_oof,0,LIVE
TR-009313,2022-06-08,warmup_no_oof,0,LIVE
TR-009613,2022-06-08,warmup_no_oof,0,LIVE
TR-009811,2022-06-08,warmup_no_oof,0,LIVE
TR-001156,2022-06-09,warmup_no_oof,0,LIVE
TR-002027,2022-06-09,warmup_no_oof,0,LIVE
TR-003671,2022-06-09,warmup_no_oof,0,LIVE
TR-004355,2022-06-09,warmup_no_oof,0,LIVE
TR-009169,2022-06-09,warmup_no_oof,0,LIVE
TR-000947,2022-06-10,warmup_no_oof,0,LIVE
TR-005556,2022-06-10,warmup_no_oof,0,LIVE
TR-007107,2022-06-10,warmup_no_oof,0,LIVE
TR-009964,2022-06-10,warmup_no_oof,0,LIVE
TR-000690,2022-06-11,warmup_no_oof,0,LIVE
TR-001480,2022-06-11,warmup_no_oof,0,LIVE
TR-001742,2022-06-11,warmup_no_oof,0,LIVE
TR-002518,2022-06-11,warmup_no_oof,0,LIVE
TR-002648,2022-06-11,warmup_no_oof,0,LIVE
TR-002989,2022-06-11,warmup_no_oof,0,LIVE
TR-005004,2022-06-11,warmup_no_oof,0,LIVE
TR-005113,2022-06-11,warmup_no_oof,0,LIVE
TR-006774,2022-06-11,warmup_no_oof,0,LIVE
TR-007817,2022-06-11,warmup_no_oof,0,LIVE
TR-000375,2022-06-12,warmup_no_oof,0,LIVE
TR-001242,2022-06-12,warmup_no_oof,0,LIVE
TR-002256,2022-06-12,warmup_no_oof,0,LIVE
TR-003459,2022-06-12,warmup_no_oof,0,LIVE
TR-008095,2022-06-12,warmup_no_oof,0,LIVE
TR-008997,2022-06-12,warmup_no_oof,0,LIVE
TR-009498,2022-06-12,warmup_no_oof,0,LIVE
TR-003937,2022-06-13,warmup_no_oof,0,LIVE
TR-004045,2022-06-13,warmup_no_oof,0,LIVE
TR-006200,2022-06-13,warmup_no_oof,0,LIVE
TR-007147,2022-06-13,warmup_no_oof,0,LIVE
TR-007213,2022-06-13,warmup_no_oof,0,LIVE
TR-002801,2022-06-14,warmup_no_oof,0,LIVE
TR-004116,2022-06-14,warmup_no_oof,0,LIVE
TR-004510,2022-06-14,warmup_no_oof,0,LIVE
TR-006829,2022-06-14,warmup_no_oof,0,LIVE
TR-007314,2022-06-14,warmup_no_oof,0,LIVE
TR-008423,2022-06-14,warmup_no_oof,0,LIVE
TR-008726,2022-06-14,warmup_no_oof,0,LIVE
TR-000302,2022-06-15,warmup_no_oof,0,LIVE
TR-001111,2022-06-15,warmup_no_oof,0,LIVE
TR-004831,2022-06-15,warmup_no_oof,0,LIVE
TR-005215,2022-06-15,warmup_no_oof,0,LIVE
TR-005468,2022-06-15,warmup_no_oof,0,LIVE
TR-006572,2022-06-15,warmup_no_oof,0,LIVE
TR-008950,2022-06-15,warmup_no_oof,0,LIVE
TR-009410,2022-06-15,warmup_no_oof,0,LIVE
TR-009789,2022-06-15,warmup_no_oof,0,LIVE
TR-000994,2022-06-16,warmup_no_oof,0,LIVE
TR-001218,2022-06-16,warmup_no_oof,0,LIVE
TR-006327,2022-06-16,warmup_no_oof,0,LIVE
TR-006723,2022-06-16,warmup_no_oof,0,LIVE
TR-007041,2022-06-16,warmup_no_oof,0,LIVE
TR-007261,2022-06-16,warmup_no_oof,0,LIVE
TR-000942,2022-06-17,warmup_no_oof,0,LIVE
TR-003407,2022-06-17,warmup_no_oof,0,LIVE
TR-003586,2022-06-17,warmup_no_oof,0,LIVE
TR-004338,2022-06-17,warmup_no_oof,0,LIVE
TR-004984,2022-06-17,warmup_no_oof,0,LIVE
TR-006205,2022-06-17,warmup_no_oof,0,LIVE
TR-007087,2022-06-17,warmup_no_oof,0,LIVE
TR-008739,2022-06-17,warmup_no_oof,0,LIVE
TR-009439,2022-06-17,warmup_no_oof,0,LIVE
TR-009904,2022-06-17,warmup_no_oof,0,LIVE
TR-000899,2022-06-18,warmup_no_oof,0,LIVE
TR-001588,2022-06-18,warmup_no_oof,0,LIVE
TR-003993,2022-06-18,warmup_no_oof,0,LIVE
TR-006350,2022-06-18,warmup_no_oof,0,LIVE
TR-006567,2022-06-18,warmup_no_oof,0,LIVE
TR-008278,2022-06-18,warmup_no_oof,0,LIVE
TR-000358,2022-06-19,warmup_no_oof,0,LIVE
TR-001483,2022-06-19,warmup_no_oof,0,LIVE
TR-001995,2022-06-19,warmup_no_oof,0,LIVE
TR-003858,2022-06-19,warmup_no_oof,0,LIVE
TR-004119,2022-06-19,warmup_no_oof,0,LIVE
TR-004501,2022-06-19,warmup_no_oof,0,LIVE
TR-004706,2022-06-19,warmup_no_oof,0,LIVE
TR-004772,2022-06-19,warmup_no_oof,0,LIVE
TR-005121,2022-06-19,warmup_no_oof,0,LIVE
TR-005257,2022-06-19,warmup_no_oof,0,LIVE
TR-005629,2022-06-19,warmup_no_oof,0,LIVE
TR-006520,2022-06-19,warmup_no_oof,0,LIVE
TR-007014,2022-06-19,warmup_no_oof,0,LIVE
TR-007206,2022-06-19,warmup_no_oof,0,LIVE
TR-007595,2022-06-19,warmup_no_oof,0,LIVE
TR-001350,2022-06-20,warmup_no_oof,0,LIVE
TR-004684,2022-06-20,warmup_no_oof,0,LIVE
TR-005628,2022-06-20,warmup_no_oof,0,LIVE
TR-006412,2022-06-20,warmup_no_oof,0,LIVE
TR-007629,2022-06-20,warmup_no_oof,0,LIVE
TR-007654,2022-06-20,warmup_no_oof,0,LIVE
TR-008077,2022-06-20,warmup_no_oof,0,LIVE
TR-009738,2022-06-20,warmup_no_oof,0,LIVE
TR-002578,2022-06-21,warmup_no_oof,0,LIVE
TR-002893,2022-06-21,warmup_no_oof,0,LIVE
TR-003427,2022-06-21,warmup_no_oof,0,LIVE
TR-004654,2022-06-21,warmup_no_oof,0,LIVE
TR-006179,2022-06-21,warmup_no_oof,0,LIVE
TR-004180,2022-06-22,warmup_no_oof,0,LIVE
TR-005407,2022-06-22,warmup_no_oof,0,LIVE
TR-006949,2022-06-22,warmup_no_oof,0,LIVE
TR-008043,2022-06-22,warmup_no_oof,0,LIVE
TR-008777,2022-06-22,warmup_no_oof,0,LIVE
TR-009362,2022-06-22,warmup_no_oof,0,LIVE
TR-009868,2022-06-22,warmup_no_oof,0,LIVE
TR-000043,2022-06-23,warmup_no_oof,0,LIVE
TR-000387,2022-06-23,warmup_no_oof,0,LIVE
TR-003700,2022-06-23,warmup_no_oof,0,LIVE
TR-004616,2022-06-23,warmup_no_oof,0,LIVE
TR-006361,2022-06-23,warmup_no_oof,0,LIVE
TR-008640,2022-06-23,warmup_no_oof,0,LIVE
TR-008811,2022-06-23,warmup_no_oof,0,LIVE
TR-008954,2022-06-23,warmup_no_oof,0,LIVE
TR-000509,2022-06-24,warmup_no_oof,0,LIVE
TR-000537,2022-06-24,warmup_no_oof,0,LIVE
TR-000570,2022-06-24,warmup_no_oof,0,LIVE
TR-000859,2022-06-24,warmup_no_oof,0,LIVE
TR-003315,2022-06-24,warmup_no_oof,0,LIVE
TR-003846,2022-06-24,warmup_no_oof,0,LIVE
TR-003859,2022-06-24,warmup_no_oof,0,LIVE
TR-004199,2022-06-24,warmup_no_oof,0,LIVE
TR-004742,2022-06-24,warmup_no_oof,0,LIVE
TR-005772,2022-06-24,warmup_no_oof,0,LIVE
TR-005863,2022-06-24,warmup_no_oof,0,LIVE
TR-006178,2022-06-24,warmup_no_oof,0,LIVE
TR-006880,2022-06-24,warmup_no_oof,0,LIVE
TR-007575,2022-06-24,warmup_no_oof,0,LIVE
TR-000039,2022-06-25,warmup_no_oof,0,LIVE
TR-000227,2022-06-25,warmup_no_oof,0,LIVE
TR-000281,2022-06-25,warmup_no_oof,0,LIVE
TR-002311,2022-06-25,warmup_no_oof,0,LIVE
TR-002688,2022-06-25,warmup_no_oof,0,LIVE
TR-003350,2022-06-25,warmup_no_oof,0,LIVE
TR-003741,2022-06-25,warmup_no_oof,0,LIVE
TR-004242,2022-06-25,warmup_no_oof,0,LIVE
TR-005417,2022-06-25,warmup_no_oof,0,LIVE
TR-005521,2022-06-25,warmup_no_oof,0,LIVE
TR-008676,2022-06-25,warmup_no_oof,0,LIVE
TR-009661,2022-06-25,warmup_no_oof,0,LIVE
TR-000065,2022-06-26,warmup_no_oof,0,LIVE
TR-000721,2022-06-26,warmup_no_oof,0,LIVE
TR-002193,2022-06-26,warmup_no_oof,0,LIVE
TR-002426,2022-06-26,warmup_no_oof,0,LIVE
TR-003480,2022-06-26,warmup_no_oof,0,LIVE
TR-003539,2022-06-26,warmup_no_oof,0,LIVE
TR-007283,2022-06-26,warmup_no_oof,0,LIVE
TR-007572,2022-06-26,warmup_no_oof,0,LIVE
TR-008421,2022-06-26,warmup_no_oof,0,LIVE
TR-000478,2022-06-27,warmup_no_oof,0,LIVE
TR-000884,2022-06-27,warmup_no_oof,0,LIVE
TR-001499,2022-06-27,warmup_no_oof,0,LIVE
TR-001593,2022-06-27,warmup_no_oof,0,LIVE
TR-001708,2022-06-27,warmup_no_oof,0,LIVE
TR-002984,2022-06-27,warmup_no_oof,0,LIVE
TR-004245,2022-06-27,warmup_no_oof,0,LIVE
TR-004877,2022-06-27,warmup_no_oof,0,LIVE
TR-005207,2022-06-27,warmup_no_oof,0,LIVE
TR-005730,2022-06-27,warmup_no_oof,0,LIVE
TR-007983,2022-06-27,warmup_no_oof,0,LIVE
TR-008222,2022-06-27,warmup_no_oof,0,LIVE
TR-009954,2022-06-27,warmup_no_oof,0,LIVE
TR-001241,2022-06-28,warmup_no_oof,0,LIVE
TR-001450,2022-06-28,warmup_no_oof,0,LIVE
TR-004623,2022-06-28,warmup_no_oof,0,LIVE
TR-004740,2022-06-28,warmup_no_oof,0,LIVE
TR-008076,2022-06-28,warmup_no_oof,0,LIVE
TR-008371,2022-06-28,warmup_no_oof,0,LIVE
TR-009175,2022-06-28,warmup_no_oof,0,LIVE
TR-009469,2022-06-28,warmup_no_oof,0,LIVE
TR-000604,2022-06-29,warmup_no_oof,0,LIVE
TR-001705,2022-06-29,warmup_no_oof,0,LIVE
TR-002041,2022-06-29,warmup_no_oof,0,LIVE
TR-003607,2022-06-29,warmup_no_oof,0,LIVE
TR-003693,2022-06-29,warmup_no_oof,0,LIVE
TR-006234,2022-06-29,warmup_no_oof,0,LIVE
TR-006615,2022-06-29,warmup_no_oof,0,LIVE
TR-007141,2022-06-29,warmup_no_oof,0,LIVE
TR-007154,2022-06-29,warmup_no_oof,0,LIVE
TR-007328,2022-06-29,warmup_no_oof,0,LIVE
TR-007512,2022-06-29,warmup_no_oof,0,LIVE
TR-009689,2022-06-29,warmup_no_oof,0,LIVE
TR-001069,2022-06-30,warmup_no_oof,0,LIVE
TR-005768,2022-06-30,warmup_no_oof,0,LIVE
TR-006093,2022-06-30,warmup_no_oof,0,LIVE
TR-009928,2022-06-30,warmup_no_oof,0,LIVE
TR-001943,2022-07-01,warmup_no_oof,0,LIVE
TR-003620,2022-07-01,warmup_no_oof,0,LIVE
TR-004367,2022-07-01,warmup_no_oof,0,LIVE
TR-005467,2022-07-01,warmup_no_oof,0,LIVE
TR-007930,2022-07-01,warmup_no_oof,0,LIVE
TR-008091,2022-07-01,warmup_no_oof,0,LIVE
TR-000656,2022-07-02,warmup_no_oof,0,LIVE
TR-001762,2022-07-02,warmup_no_oof,0,LIVE
TR-003005,2022-07-02,warmup_no_oof,0,LIVE
TR-003156,2022-07-02,warmup_no_oof,0,LIVE
TR-003956,2022-07-02,warmup_no_oof,0,LIVE
TR-005344,2022-07-02,warmup_no_oof,0,LIVE
TR-006854,2022-07-02,warmup_no_oof,0,LIVE
TR-007744,2022-07-02,warmup_no_oof,0,LIVE
TR-007897,2022-07-02,warmup_no_oof,0,LIVE
TR-008476,2022-07-02,warmup_no_oof,0,LIVE
TR-009342,2022-07-02,warmup_no_oof,0,LIVE
TR-009703,2022-07-02,warmup_no_oof,0,LIVE
TR-001653,2022-07-03,warmup_no_oof,0,LIVE
TR-003558,2022-07-03,warmup_no_oof,0,LIVE
TR-003990,2022-07-03,warmup_no_oof,0,LIVE
TR-005983,2022-07-03,warmup_no_oof,0,LIVE
TR-006017,2022-07-03,warmup_no_oof,0,LIVE
TR-006421,2022-07-03,warmup_no_oof,0,LIVE
TR-009120,2022-07-03,warmup_no_oof,0,LIVE
TR-000618,2022-07-04,warmup_no_oof,0,LIVE
TR-001819,2022-07-04,warmup_no_oof,0,LIVE
TR-001938,2022-07-04,warmup_no_oof,0,LIVE
TR-003500,2022-07-04,warmup_no_oof,0,LIVE
TR-005430,2022-07-04,warmup_no_oof,0,LIVE
TR-004360,2022-07-05,warmup_no_oof,0,LIVE
TR-008137,2022-07-05,warmup_no_oof,0,LIVE
TR-008173,2022-07-05,warmup_no_oof,0,LIVE
TR-008766,2022-07-05,warmup_no_oof,0,LIVE
TR-005319,2022-07-06,warmup_no_oof,0,LIVE
TR-005348,2022-07-06,warmup_no_oof,0,LIVE
TR-005516,2022-07-06,warmup_no_oof,0,LIVE
TR-007040,2022-07-06,warmup_no_oof,0,LIVE
TR-007069,2022-07-06,warmup_no_oof,0,LIVE
TR-007411,2022-07-06,warmup_no_oof,0,LIVE
TR-009574,2022-07-06,warmup_no_oof,0,LIVE
TR-009903,2022-07-06,warmup_no_oof,0,LIVE
TR-002608,2022-07-07,warmup_no_oof,0,LIVE
TR-005356,2022-07-07,warmup_no_oof,0,LIVE
TR-005858,2022-07-07,warmup_no_oof,0,LIVE
TR-006228,2022-07-07,warmup_no_oof,0,LIVE
TR-007027,2022-07-07,warmup_no_oof,0,LIVE
TR-009083,2022-07-07,warmup_no_oof,0,LIVE
TR-000919,2022-07-08,warmup_no_oof,0,LIVE
TR-002170,2022-07-08,warmup_no_oof,0,LIVE
TR-002363,2022-07-08,warmup_no_oof,0,LIVE
TR-002585,2022-07-08,warmup_no_oof,0,LIVE
TR-002628,2022-07-08,warmup_no_oof,0,LIVE
TR-004833,2022-07-08,warmup_no_oof,0,LIVE
TR-006510,2022-07-08,warmup_no_oof,0,LIVE
TR-000743,2022-07-09,warmup_no_oof,0,LIVE
TR-002509,2022-07-09,warmup_no_oof,0,LIVE
TR-002604,2022-07-09,warmup_no_oof,0,LIVE
TR-002968,2022-07-09,warmup_no_oof,0,LIVE
TR-003442,2022-07-09,warmup_no_oof,0,LIVE
TR-004626,2022-07-09,warmup_no_oof,0,LIVE
TR-005082,2022-07-09,warmup_no_oof,0,LIVE
TR-006703,2022-07-09,warmup_no_oof,0,LIVE
TR-007499,2022-07-09,warmup_no_oof,0,LIVE
TR-008837,2022-07-09,warmup_no_oof,0,LIVE
TR-009624,2022-07-09,warmup_no_oof,0,LIVE
TR-000123,2022-07-10,warmup_no_oof,0,LIVE
TR-001016,2022-07-10,warmup_no_oof,0,LIVE
TR-003227,2022-07-10,warmup_no_oof,0,LIVE
TR-005846,2022-07-10,warmup_no_oof,0,LIVE
TR-007164,2022-07-10,warmup_no_oof,0,LIVE
TR-007554,2022-07-10,warmup_no_oof,0,LIVE
TR-008178,2022-07-10,warmup_no_oof,0,LIVE
TR-008536,2022-07-10,warmup_no_oof,0,LIVE
TR-000351,2022-07-11,warmup_no_oof,0,LIVE
TR-000806,2022-07-11,warmup_no_oof,0,LIVE
TR-001828,2022-07-11,warmup_no_oof,0,LIVE
TR-004754,2022-07-11,warmup_no_oof,0,LIVE
TR-006346,2022-07-11,warmup_no_oof,0,LIVE
TR-001910,2022-07-12,warmup_no_oof,0,LIVE
TR-002287,2022-07-12,warmup_no_oof,0,LIVE
TR-003975,2022-07-12,warmup_no_oof,0,LIVE
TR-004134,2022-07-12,warmup_no_oof,0,LIVE
TR-004892,2022-07-12,warmup_no_oof,0,LIVE
TR-009196,2022-07-12,warmup_no_oof,0,LIVE
TR-009657,2022-07-12,warmup_no_oof,0,LIVE
TR-002943,2022-07-13,warmup_no_oof,0,LIVE
TR-004915,2022-07-13,warmup_no_oof,0,LIVE
TR-005119,2022-07-13,warmup_no_oof,0,LIVE
TR-007605,2022-07-13,warmup_no_oof,0,LIVE
TR-007611,2022-07-13,warmup_no_oof,0,LIVE
TR-000200,2022-07-14,warmup_no_oof,0,LIVE
TR-001714,2022-07-14,warmup_no_oof,0,LIVE
TR-002168,2022-07-14,warmup_no_oof,0,LIVE
TR-002437,2022-07-14,warmup_no_oof,0,LIVE
TR-002869,2022-07-14,warmup_no_oof,0,LIVE
TR-003369,2022-07-14,warmup_no_oof,0,LIVE
TR-004218,2022-07-14,warmup_no_oof,0,LIVE
TR-005853,2022-07-14,warmup_no_oof,0,LIVE
TR-005893,2022-07-14,warmup_no_oof,0,LIVE
TR-008073,2022-07-14,warmup_no_oof,0,LIVE
TR-000705,2022-07-15,warmup_no_oof,0,LIVE
TR-001260,2022-07-15,warmup_no_oof,0,LIVE
TR-001605,2022-07-15,warmup_no_oof,0,LIVE
TR-001734,2022-07-15,warmup_no_oof,0,LIVE
TR-002009,2022-07-15,warmup_no_oof,0,LIVE
TR-003186,2022-07-15,warmup_no_oof,0,LIVE
TR-003312,2022-07-15,warmup_no_oof,0,LIVE
TR-003804,2022-07-15,warmup_no_oof,0,LIVE
TR-005011,2022-07-15,warmup_no_oof,0,LIVE
TR-005425,2022-07-15,warmup_no_oof,0,LIVE
TR-007823,2022-07-15,warmup_no_oof,0,LIVE
TR-008230,2022-07-15,warmup_no_oof,0,LIVE
TR-000291,2022-07-16,warmup_no_oof,0,LIVE
TR-000655,2022-07-16,warmup_no_oof,0,LIVE
TR-001536,2022-07-16,warmup_no_oof,0,LIVE
TR-003010,2022-07-16,warmup_no_oof,0,LIVE
TR-005386,2022-07-16,warmup_no_oof,0,LIVE
TR-006051,2022-07-16,warmup_no_oof,0,LIVE
TR-006324,2022-07-16,warmup_no_oof,0,LIVE
TR-006414,2022-07-16,warmup_no_oof,0,LIVE
TR-007723,2022-07-16,warmup_no_oof,0,LIVE
TR-009278,2022-07-16,warmup_no_oof,0,LIVE
TR-002662,2022-07-17,warmup_no_oof,0,LIVE
TR-003890,2022-07-17,warmup_no_oof,0,LIVE
TR-004798,2022-07-17,warmup_no_oof,0,LIVE
TR-005372,2022-07-17,warmup_no_oof,0,LIVE
TR-006005,2022-07-17,warmup_no_oof,0,LIVE
TR-006084,2022-07-17,warmup_no_oof,0,LIVE
TR-006233,2022-07-17,warmup_no_oof,0,LIVE
TR-006558,2022-07-17,warmup_no_oof,0,LIVE
TR-008858,2022-07-17,warmup_no_oof,0,LIVE
TR-009217,2022-07-17,warmup_no_oof,0,LIVE
TR-009234,2022-07-17,warmup_no_oof,0,LIVE
TR-009319,2022-07-17,warmup_no_oof,0,LIVE
TR-001144,2022-07-18,warmup_no_oof,0,LIVE
TR-001487,2022-07-18,warmup_no_oof,0,LIVE
TR-003882,2022-07-18,warmup_no_oof,0,LIVE
TR-004630,2022-07-18,warmup_no_oof,0,LIVE
TR-004655,2022-07-18,warmup_no_oof,0,LIVE
TR-007098,2022-07-18,warmup_no_oof,0,LIVE
TR-008834,2022-07-18,warmup_no_oof,0,LIVE
TR-009926,2022-07-18,warmup_no_oof,0,LIVE
TR-000076,2022-07-19,warmup_no_oof,0,LIVE
TR-000280,2022-07-19,warmup_no_oof,0,LIVE
TR-000871,2022-07-19,warmup_no_oof,0,LIVE
TR-001880,2022-07-19,warmup_no_oof,0,LIVE
TR-003504,2022-07-19,warmup_no_oof,0,LIVE
TR-003565,2022-07-19,warmup_no_oof,0,LIVE
TR-003836,2022-07-19,warmup_no_oof,0,LIVE
TR-004513,2022-07-19,warmup_no_oof,0,LIVE
TR-005765,2022-07-19,warmup_no_oof,0,LIVE
TR-006190,2022-07-19,warmup_no_oof,0,LIVE
TR-009129,2022-07-19,warmup_no_oof,0,LIVE
TR-009603,2022-07-19,warmup_no_oof,0,LIVE
TR-001425,2022-07-20,warmup_no_oof,0,LIVE
TR-005775,2022-07-20,warmup_no_oof,0,LIVE
TR-007090,2022-07-20,warmup_no_oof,0,LIVE
TR-009392,2022-07-20,warmup_no_oof,0,LIVE
TR-000612,2022-07-21,warmup_no_oof,0,LIVE
TR-000875,2022-07-21,warmup_no_oof,0,LIVE
TR-001167,2022-07-21,warmup_no_oof,0,LIVE
TR-001198,2022-07-21,warmup_no_oof,0,LIVE
TR-002825,2022-07-21,warmup_no_oof,0,LIVE
TR-003363,2022-07-21,warmup_no_oof,0,LIVE
TR-003713,2022-07-21,warmup_no_oof,0,LIVE
TR-004099,2022-07-21,warmup_no_oof,0,LIVE
TR-004169,2022-07-21,warmup_no_oof,0,LIVE
TR-004990,2022-07-21,warmup_no_oof,0,LIVE
TR-005239,2022-07-21,warmup_no_oof,0,LIVE
TR-007855,2022-07-21,warmup_no_oof,0,LIVE
TR-008122,2022-07-21,warmup_no_oof,0,LIVE
TR-009828,2022-07-21,warmup_no_oof,0,LIVE
TR-000641,2022-07-22,warmup_no_oof,0,LIVE
TR-001095,2022-07-22,warmup_no_oof,0,LIVE
TR-001469,2022-07-22,warmup_no_oof,0,LIVE
TR-003470,2022-07-22,warmup_no_oof,0,LIVE
TR-004346,2022-07-22,warmup_no_oof,0,LIVE
TR-005935,2022-07-22,warmup_no_oof,0,LIVE
TR-006176,2022-07-22,warmup_no_oof,0,LIVE
TR-006215,2022-07-22,warmup_no_oof,0,LIVE
TR-006490,2022-07-22,warmup_no_oof,0,LIVE
TR-007282,2022-07-22,warmup_no_oof,0,LIVE
TR-007503,2022-07-22,warmup_no_oof,0,LIVE
TR-001011,2022-07-23,warmup_no_oof,0,LIVE
TR-004029,2022-07-23,warmup_no_oof,0,LIVE
TR-006565,2022-07-23,warmup_no_oof,0,LIVE
TR-007097,2022-07-23,warmup_no_oof,0,LIVE
TR-007766,2022-07-23,warmup_no_oof,0,LIVE
TR-008457,2022-07-23,warmup_no_oof,0,LIVE
TR-009359,2022-07-23,warmup_no_oof,0,LIVE
TR-009745,2022-07-23,warmup_no_oof,0,LIVE
TR-000617,2022-07-24,warmup_no_oof,0,LIVE
TR-000824,2022-07-24,warmup_no_oof,0,LIVE
TR-002491,2022-07-24,warmup_no_oof,0,LIVE
TR-003642,2022-07-24,warmup_no_oof,0,LIVE
TR-004094,2022-07-24,warmup_no_oof,0,LIVE
TR-005306,2022-07-24,warmup_no_oof,0,LIVE
TR-006292,2022-07-24,warmup_no_oof,0,LIVE
TR-006942,2022-07-24,warmup_no_oof,0,LIVE
TR-007368,2022-07-24,warmup_no_oof,0,LIVE
TR-009328,2022-07-24,warmup_no_oof,0,LIVE
TR-009752,2022-07-24,warmup_no_oof,0,LIVE
TR-001810,2022-07-25,warmup_no_oof,0,LIVE
TR-002916,2022-07-25,warmup_no_oof,0,LIVE
TR-004384,2022-07-25,warmup_no_oof,0,LIVE
TR-005446,2022-07-25,warmup_no_oof,0,LIVE
TR-005817,2022-07-25,warmup_no_oof,0,LIVE
TR-006348,2022-07-25,warmup_no_oof,0,LIVE
TR-007052,2022-07-25,warmup_no_oof,0,LIVE
TR-007469,2022-07-25,warmup_no_oof,0,LIVE
TR-009747,2022-07-25,warmup_no_oof,0,LIVE
TR-009763,2022-07-25,warmup_no_oof,0,LIVE
TR-009792,2022-07-25,warmup_no_oof,0,LIVE
TR-002120,2022-07-26,warmup_no_oof,0,LIVE
TR-002709,2022-07-26,warmup_no_oof,0,LIVE
TR-004464,2022-07-26,warmup_no_oof,0,LIVE
TR-004774,2022-07-26,warmup_no_oof,0,LIVE
TR-005111,2022-07-26,warmup_no_oof,0,LIVE
TR-008634,2022-07-26,warmup_no_oof,0,LIVE
TR-008776,2022-07-26,warmup_no_oof,0,LIVE
TR-009356,2022-07-26,warmup_no_oof,0,LIVE
TR-000040,2022-07-27,warmup_no_oof,0,LIVE
TR-002931,2022-07-27,warmup_no_oof,0,LIVE
TR-004679,2022-07-27,warmup_no_oof,0,LIVE
TR-005366,2022-07-27,warmup_no_oof,0,LIVE
TR-008268,2022-07-27,warmup_no_oof,0,LIVE
TR-008810,2022-07-27,warmup_no_oof,0,LIVE
TR-009595,2022-07-27,warmup_no_oof,0,LIVE
TR-009992,2022-07-27,warmup_no_oof,0,LIVE
TR-000159,2022-07-28,warmup_no_oof,0,LIVE
TR-000763,2022-07-28,warmup_no_oof,0,LIVE
TR-002390,2022-07-28,warmup_no_oof,0,LIVE
TR-002395,2022-07-28,warmup_no_oof,0,LIVE
TR-004002,2022-07-28,warmup_no_oof,0,LIVE
TR-004177,2022-07-28,warmup_no_oof,0,LIVE
TR-005652,2022-07-28,warmup_no_oof,0,LIVE
TR-005787,2022-07-28,warmup_no_oof,0,LIVE
TR-006110,2022-07-28,warmup_no_oof,0,LIVE
TR-006442,2022-07-28,warmup_no_oof,0,LIVE
TR-008533,2022-07-28,warmup_no_oof,0,LIVE
TR-001702,2022-07-29,warmup_no_oof,0,LIVE
TR-002252,2022-07-29,warmup_no_oof,0,LIVE
TR-003904,2022-07-29,warmup_no_oof,0,LIVE
TR-003995,2022-07-29,warmup_no_oof,0,LIVE
TR-004256,2022-07-29,warmup_no_oof,0,LIVE
TR-004644,2022-07-29,warmup_no_oof,0,LIVE
TR-004689,2022-07-29,warmup_no_oof,0,LIVE
TR-005105,2022-07-29,warmup_no_oof,0,LIVE
TR-005369,2022-07-29,warmup_no_oof,0,LIVE
TR-006489,2022-07-29,warmup_no_oof,0,LIVE
TR-006617,2022-07-29,warmup_no_oof,0,LIVE
TR-006982,2022-07-29,warmup_no_oof,0,LIVE
TR-007133,2022-07-29,warmup_no_oof,0,LIVE
TR-008401,2022-07-29,warmup_no_oof,0,LIVE
TR-000275,2022-07-30,warmup_no_oof,0,LIVE
TR-003153,2022-07-30,warmup_no_oof,0,LIVE
TR-003180,2022-07-30,warmup_no_oof,0,LIVE
TR-008428,2022-07-30,warmup_no_oof,0,LIVE
TR-005798,2022-07-31,warmup_no_oof,0,LIVE
TR-006685,2022-07-31,warmup_no_oof,0,LIVE
TR-007163,2022-07-31,warmup_no_oof,0,LIVE
TR-007493,2022-07-31,warmup_no_oof,0,LIVE
TR-008072,2022-07-31,warmup_no_oof,0,LIVE
TR-008943,2022-07-31,warmup_no_oof,0,LIVE
TR-009021,2022-07-31,warmup_no_oof,0,LIVE
TR-000611,2022-08-01,warmup_no_oof,0,LIVE
TR-003591,2022-08-01,warmup_no_oof,0,LIVE
TR-006411,2022-08-01,warmup_no_oof,0,LIVE
TR-009558,2022-08-01,warmup_no_oof,0,LIVE
TR-000855,2022-08-02,warmup_no_oof,0,LIVE
TR-001044,2022-08-02,warmup_no_oof,0,LIVE
TR-001836,2022-08-02,warmup_no_oof,0,LIVE
TR-003355,2022-08-02,warmup_no_oof,0,LIVE
TR-003888,2022-08-02,warmup_no_oof,0,LIVE
TR-004039,2022-08-02,warmup_no_oof,0,LIVE
TR-004452,2022-08-02,warmup_no_oof,0,LIVE
TR-004832,2022-08-02,warmup_no_oof,0,LIVE
TR-004952,2022-08-02,warmup_no_oof,0,LIVE
TR-005646,2022-08-02,warmup_no_oof,0,LIVE
TR-005739,2022-08-02,warmup_no_oof,0,LIVE
TR-006195,2022-08-02,warmup_no_oof,0,LIVE
TR-008469,2022-08-02,warmup_no_oof,0,LIVE
TR-008503,2022-08-02,warmup_no_oof,0,LIVE
TR-008531,2022-08-02,warmup_no_oof,0,LIVE
TR-008690,2022-08-02,warmup_no_oof,0,LIVE
TR-008788,2022-08-02,warmup_no_oof,0,LIVE
TR-008863,2022-08-02,warmup_no_oof,0,LIVE
TR-000933,2022-08-03,warmup_no_oof,0,LIVE
TR-002448,2022-08-03,warmup_no_oof,0,LIVE
TR-006049,2022-08-03,warmup_no_oof,0,LIVE
TR-006098,2022-08-03,warmup_no_oof,0,LIVE
TR-006915,2022-08-03,warmup_no_oof,0,LIVE
TR-006999,2022-08-03,warmup_no_oof,0,LIVE
TR-008654,2022-08-03,warmup_no_oof,0,LIVE
TR-009406,2022-08-03,warmup_no_oof,0,LIVE
TR-002397,2022-08-04,warmup_no_oof,0,LIVE
TR-006139,2022-08-04,warmup_no_oof,0,LIVE
TR-007458,2022-08-04,warmup_no_oof,0,LIVE
TR-004569,2022-08-05,warmup_no_oof,0,LIVE
TR-005811,2022-08-05,warmup_no_oof,0,LIVE
TR-006523,2022-08-05,warmup_no_oof,0,LIVE
TR-007058,2022-08-05,warmup_no_oof,0,LIVE
TR-007166,2022-08-05,warmup_no_oof,0,LIVE
TR-008004,2022-08-05,warmup_no_oof,0,LIVE
TR-000091,2022-08-06,warmup_no_oof,0,LIVE
TR-000484,2022-08-06,warmup_no_oof,0,LIVE
TR-000492,2022-08-06,warmup_no_oof,0,LIVE
TR-001458,2022-08-06,warmup_no_oof,0,LIVE
TR-001717,2022-08-06,warmup_no_oof,0,LIVE
TR-001885,2022-08-06,warmup_no_oof,0,LIVE
TR-002969,2022-08-06,warmup_no_oof,0,LIVE
TR-003697,2022-08-06,warmup_no_oof,0,LIVE
TR-003989,2022-08-06,warmup_no_oof,0,LIVE
TR-005015,2022-08-06,warmup_no_oof,0,LIVE
TR-005195,2022-08-06,warmup_no_oof,0,LIVE
TR-007327,2022-08-06,warmup_no_oof,0,LIVE
TR-008190,2022-08-06,warmup_no_oof,0,LIVE
TR-002679,2022-08-07,warmup_no_oof,0,LIVE
TR-003019,2022-08-07,warmup_no_oof,0,LIVE
TR-003862,2022-08-07,warmup_no_oof,0,LIVE
TR-003981,2022-08-07,warmup_no_oof,0,LIVE
TR-005350,2022-08-07,warmup_no_oof,0,LIVE
TR-007307,2022-08-07,warmup_no_oof,0,LIVE
TR-007659,2022-08-07,warmup_no_oof,0,LIVE
TR-008438,2022-08-07,warmup_no_oof,0,LIVE
TR-001495,2022-08-08,warmup_no_oof,0,LIVE
TR-002784,2022-08-08,warmup_no_oof,0,LIVE
TR-003618,2022-08-08,warmup_no_oof,0,LIVE
TR-008425,2022-08-08,warmup_no_oof,0,LIVE
TR-008451,2022-08-08,warmup_no_oof,0,LIVE
TR-008612,2022-08-08,warmup_no_oof,0,LIVE
TR-001300,2022-08-09,warmup_no_oof,0,LIVE
TR-002562,2022-08-09,warmup_no_oof,0,LIVE
TR-003064,2022-08-09,warmup_no_oof,0,LIVE
TR-005869,2022-08-09,warmup_no_oof,0,LIVE
TR-006096,2022-08-09,warmup_no_oof,0,LIVE
TR-007415,2022-08-09,warmup_no_oof,0,LIVE
TR-007485,2022-08-09,warmup_no_oof,0,LIVE
TR-008449,2022-08-09,warmup_no_oof,0,LIVE
TR-008487,2022-08-09,warmup_no_oof,0,LIVE
TR-001970,2022-08-10,warmup_no_oof,0,LIVE
TR-002337,2022-08-10,warmup_no_oof,0,LIVE
TR-002809,2022-08-10,warmup_no_oof,0,LIVE
TR-003496,2022-08-10,warmup_no_oof,0,LIVE
TR-004197,2022-08-10,warmup_no_oof,0,LIVE
TR-005191,2022-08-10,warmup_no_oof,0,LIVE
TR-007935,2022-08-10,warmup_no_oof,0,LIVE
TR-008849,2022-08-10,warmup_no_oof,0,LIVE
TR-000450,2022-08-11,warmup_no_oof,0,LIVE
TR-001306,2022-08-11,warmup_no_oof,0,LIVE
TR-001805,2022-08-11,warmup_no_oof,0,LIVE
TR-001889,2022-08-11,warmup_no_oof,0,LIVE
TR-002835,2022-08-11,warmup_no_oof,0,LIVE
TR-004484,2022-08-11,warmup_no_oof,0,LIVE
TR-005871,2022-08-11,warmup_no_oof,0,LIVE
TR-006004,2022-08-11,warmup_no_oof,0,LIVE
TR-008048,2022-08-11,warmup_no_oof,0,LIVE
TR-008662,2022-08-11,warmup_no_oof,0,LIVE
TR-000493,2022-08-12,warmup_no_oof,0,LIVE
TR-002486,2022-08-12,warmup_no_oof,0,LIVE
TR-002718,2022-08-12,warmup_no_oof,0,LIVE
TR-004814,2022-08-12,warmup_no_oof,0,LIVE
TR-005154,2022-08-12,warmup_no_oof,0,LIVE
TR-005933,2022-08-12,warmup_no_oof,0,LIVE
TR-008696,2022-08-12,warmup_no_oof,0,LIVE
TR-009347,2022-08-12,warmup_no_oof,0,LIVE
TR-001587,2022-08-13,warmup_no_oof,0,LIVE
TR-006405,2022-08-13,warmup_no_oof,0,LIVE
TR-008479,2022-08-13,warmup_no_oof,0,LIVE
TR-008618,2022-08-13,warmup_no_oof,0,LIVE
TR-008734,2022-08-13,warmup_no_oof,0,LIVE
TR-008870,2022-08-13,warmup_no_oof,0,LIVE
TR-000304,2022-08-14,warmup_no_oof,0,LIVE
TR-001803,2022-08-14,warmup_no_oof,0,LIVE
TR-003376,2022-08-14,warmup_no_oof,0,LIVE
TR-003621,2022-08-14,warmup_no_oof,0,LIVE
TR-004723,2022-08-14,warmup_no_oof,0,LIVE
TR-004981,2022-08-14,warmup_no_oof,0,LIVE
TR-007748,2022-08-14,warmup_no_oof,0,LIVE
TR-008664,2022-08-14,warmup_no_oof,0,LIVE
TR-009552,2022-08-14,warmup_no_oof,0,LIVE
TR-009797,2022-08-14,warmup_no_oof,0,LIVE
TR-000279,2022-08-15,warmup_no_oof,0,LIVE
TR-000547,2022-08-15,warmup_no_oof,0,LIVE
TR-001277,2022-08-15,warmup_no_oof,0,LIVE
TR-001652,2022-08-15,warmup_no_oof,0,LIVE
TR-003135,2022-08-15,warmup_no_oof,0,LIVE
TR-004809,2022-08-15,warmup_no_oof,0,LIVE
TR-005091,2022-08-15,warmup_no_oof,0,LIVE
TR-005947,2022-08-15,warmup_no_oof,0,LIVE
TR-006686,2022-08-15,warmup_no_oof,0,LIVE
TR-008455,2022-08-15,warmup_no_oof,0,LIVE
TR-008957,2022-08-15,warmup_no_oof,0,LIVE
TR-009610,2022-08-15,warmup_no_oof,0,LIVE
TR-003811,2022-08-16,warmup_no_oof,0,LIVE
TR-004008,2022-08-16,warmup_no_oof,0,LIVE
TR-005591,2022-08-16,warmup_no_oof,0,LIVE
TR-006015,2022-08-16,warmup_no_oof,0,LIVE
TR-006035,2022-08-16,warmup_no_oof,0,LIVE
TR-008787,2022-08-16,warmup_no_oof,0,LIVE
TR-009955,2022-08-16,warmup_no_oof,0,LIVE
TR-000087,2022-08-17,warmup_no_oof,0,LIVE
TR-000301,2022-08-17,warmup_no_oof,0,LIVE
TR-000777,2022-08-17,warmup_no_oof,0,LIVE
TR-000944,2022-08-17,warmup_no_oof,0,LIVE
TR-001009,2022-08-17,warmup_no_oof,0,LIVE
TR-003593,2022-08-17,warmup_no_oof,0,LIVE
TR-004157,2022-08-17,warmup_no_oof,0,LIVE
TR-005258,2022-08-17,warmup_no_oof,0,LIVE
TR-005560,2022-08-17,warmup_no_oof,0,LIVE
TR-009847,2022-08-17,warmup_no_oof,0,LIVE
TR-002097,2022-08-18,warmup_no_oof,0,LIVE
TR-002162,2022-08-18,warmup_no_oof,0,LIVE
TR-002610,2022-08-18,warmup_no_oof,0,LIVE
TR-004490,2022-08-18,warmup_no_oof,0,LIVE
TR-004497,2022-08-18,warmup_no_oof,0,LIVE
TR-004741,2022-08-18,warmup_no_oof,0,LIVE
TR-005612,2022-08-18,warmup_no_oof,0,LIVE
TR-005758,2022-08-18,warmup_no_oof,0,LIVE
TR-006673,2022-08-18,warmup_no_oof,0,LIVE
TR-009264,2022-08-18,warmup_no_oof,0,LIVE
TR-009634,2022-08-18,warmup_no_oof,0,LIVE
TR-000506,2022-08-19,warmup_no_oof,0,LIVE
TR-001534,2022-08-19,warmup_no_oof,0,LIVE
TR-004526,2022-08-19,warmup_no_oof,0,LIVE
TR-005307,2022-08-19,warmup_no_oof,0,LIVE
TR-006435,2022-08-19,warmup_no_oof,0,LIVE
TR-006898,2022-08-19,warmup_no_oof,0,LIVE
TR-006990,2022-08-19,warmup_no_oof,0,LIVE
TR-007596,2022-08-19,warmup_no_oof,0,LIVE
TR-007600,2022-08-19,warmup_no_oof,0,LIVE
TR-009203,2022-08-19,warmup_no_oof,0,LIVE
TR-009265,2022-08-19,warmup_no_oof,0,LIVE
TR-004576,2022-08-20,warmup_no_oof,0,LIVE
TR-005604,2022-08-20,warmup_no_oof,0,LIVE
TR-007917,2022-08-20,warmup_no_oof,0,LIVE
TR-008159,2022-08-20,warmup_no_oof,0,LIVE
TR-008754,2022-08-20,warmup_no_oof,0,LIVE
TR-000300,2022-08-21,warmup_no_oof,0,LIVE
TR-001343,2022-08-21,warmup_no_oof,0,LIVE
TR-004028,2022-08-21,warmup_no_oof,0,LIVE
TR-004230,2022-08-21,warmup_no_oof,0,LIVE
TR-004705,2022-08-21,warmup_no_oof,0,LIVE
TR-004863,2022-08-21,warmup_no_oof,0,LIVE
TR-005025,2022-08-21,warmup_no_oof,0,LIVE
TR-005142,2022-08-21,warmup_no_oof,0,LIVE
TR-006645,2022-08-21,warmup_no_oof,0,LIVE
TR-008365,2022-08-21,warmup_no_oof,0,LIVE
TR-009570,2022-08-21,warmup_no_oof,0,LIVE
TR-009824,2022-08-21,warmup_no_oof,0,LIVE
TR-002569,2022-08-22,warmup_no_oof,0,LIVE
TR-002762,2022-08-22,warmup_no_oof,0,LIVE
TR-003191,2022-08-22,warmup_no_oof,0,LIVE
TR-004601,2022-08-22,warmup_no_oof,0,LIVE
TR-006305,2022-08-22,warmup_no_oof,0,LIVE
TR-006844,2022-08-22,warmup_no_oof,0,LIVE
TR-008034,2022-08-22,warmup_no_oof,0,LIVE
TR-008629,2022-08-22,warmup_no_oof,0,LIVE
TR-009475,2022-08-22,warmup_no_oof,0,LIVE
TR-009484,2022-08-22,warmup_no_oof,0,LIVE
TR-002160,2022-08-23,warmup_no_oof,0,LIVE
TR-002277,2022-08-23,warmup_no_oof,0,LIVE
TR-002304,2022-08-23,warmup_no_oof,0,LIVE
TR-002710,2022-08-23,warmup_no_oof,0,LIVE
TR-003057,2022-08-23,warmup_no_oof,0,LIVE
TR-004621,2022-08-23,warmup_no_oof,0,LIVE
TR-006594,2022-08-23,warmup_no_oof,0,LIVE
TR-009022,2022-08-23,warmup_no_oof,0,LIVE
TR-009219,2022-08-23,warmup_no_oof,0,LIVE
TR-009788,2022-08-23,warmup_no_oof,0,LIVE
TR-000460,2022-08-24,warmup_no_oof,0,LIVE
TR-002581,2022-08-24,warmup_no_oof,0,LIVE
TR-004538,2022-08-24,warmup_no_oof,0,LIVE
TR-005794,2022-08-24,warmup_no_oof,0,LIVE
TR-006749,2022-08-24,warmup_no_oof,0,LIVE
TR-008114,2022-08-24,warmup_no_oof,0,LIVE
TR-008394,2022-08-24,warmup_no_oof,0,LIVE
TR-008955,2022-08-24,warmup_no_oof,0,LIVE
TR-001511,2022-08-25,warmup_no_oof,0,LIVE
TR-002314,2022-08-25,warmup_no_oof,0,LIVE
TR-002717,2022-08-25,warmup_no_oof,0,LIVE
TR-002740,2022-08-25,warmup_no_oof,0,LIVE
TR-003828,2022-08-25,warmup_no_oof,0,LIVE
TR-004767,2022-08-25,warmup_no_oof,0,LIVE
TR-006023,2022-08-25,warmup_no_oof,0,LIVE
TR-006575,2022-08-25,warmup_no_oof,0,LIVE
TR-007703,2022-08-25,warmup_no_oof,0,LIVE
TR-007952,2022-08-25,warmup_no_oof,0,LIVE
TR-008374,2022-08-25,warmup_no_oof,0,LIVE
TR-009176,2022-08-25,warmup_no_oof,0,LIVE
TR-009461,2022-08-25,warmup_no_oof,0,LIVE
TR-009991,2022-08-25,warmup_no_oof,0,LIVE
TR-000226,2022-08-26,warmup_no_oof,0,LIVE
TR-000681,2022-08-26,warmup_no_oof,0,LIVE
TR-002981,2022-08-26,warmup_no_oof,0,LIVE
TR-004348,2022-08-26,warmup_no_oof,0,LIVE
TR-005559,2022-08-26,warmup_no_oof,0,LIVE
TR-006071,2022-08-26,warmup_no_oof,0,LIVE
TR-007497,2022-08-26,warmup_no_oof,0,LIVE
TR-007997,2022-08-26,warmup_no_oof,0,LIVE
TR-008366,2022-08-26,warmup_no_oof,0,LIVE
TR-000555,2022-08-27,warmup_no_oof,0,LIVE
TR-001757,2022-08-27,warmup_no_oof,0,LIVE
TR-001926,2022-08-27,warmup_no_oof,0,LIVE
TR-002282,2022-08-27,warmup_no_oof,0,LIVE
TR-004790,2022-08-27,warmup_no_oof,0,LIVE
TR-007995,2022-08-27,warmup_no_oof,0,LIVE
TR-009298,2022-08-27,warmup_no_oof,0,LIVE
TR-009387,2022-08-27,warmup_no_oof,0,LIVE
TR-009431,2022-08-27,warmup_no_oof,0,LIVE
TR-000020,2022-08-28,warmup_no_oof,0,LIVE
TR-002774,2022-08-28,warmup_no_oof,0,LIVE
TR-004129,2022-08-28,warmup_no_oof,0,LIVE
TR-004213,2022-08-28,warmup_no_oof,0,LIVE
TR-007763,2022-08-28,warmup_no_oof,0,LIVE
TR-009293,2022-08-28,warmup_no_oof,0,LIVE
TR-009303,2022-08-28,warmup_no_oof,0,LIVE
TR-009594,2022-08-28,warmup_no_oof,0,LIVE
TR-000205,2022-08-29,warmup_no_oof,0,LIVE
TR-004080,2022-08-29,warmup_no_oof,0,LIVE
TR-005453,2022-08-29,warmup_no_oof,0,LIVE
TR-005613,2022-08-29,warmup_no_oof,0,LIVE
TR-007352,2022-08-29,warmup_no_oof,0,LIVE
TR-009560,2022-08-29,warmup_no_oof,0,LIVE
TR-001843,2022-08-30,warmup_no_oof,0,LIVE
TR-003091,2022-08-30,warmup_no_oof,0,LIVE
TR-003256,2022-08-30,warmup_no_oof,0,LIVE
TR-004804,2022-08-30,warmup_no_oof,0,LIVE
TR-005254,2022-08-30,warmup_no_oof,0,LIVE
TR-006214,2022-08-30,warmup_no_oof,0,LIVE
TR-006271,2022-08-30,warmup_no_oof,0,LIVE
TR-007250,2022-08-30,warmup_no_oof,0,LIVE
TR-008127,2022-08-30,warmup_no_oof,0,LIVE
TR-008721,2022-08-30,warmup_no_oof,0,LIVE
TR-000090,2022-08-31,warmup_no_oof,0,LIVE
TR-000246,2022-08-31,warmup_no_oof,0,LIVE
TR-002159,2022-08-31,warmup_no_oof,0,LIVE
TR-002885,2022-08-31,warmup_no_oof,0,LIVE
TR-003431,2022-08-31,warmup_no_oof,0,LIVE
TR-005130,2022-08-31,warmup_no_oof,0,LIVE
TR-005251,2022-08-31,warmup_no_oof,0,LIVE
TR-005312,2022-08-31,warmup_no_oof,0,LIVE
TR-005681,2022-08-31,warmup_no_oof,0,LIVE
TR-006132,2022-08-31,warmup_no_oof,0,LIVE
TR-008284,2022-08-31,warmup_no_oof,0,LIVE
TR-003477,2022-09-01,warmup_no_oof,0,LIVE
TR-004345,2022-09-01,warmup_no_oof,0,LIVE
TR-004420,2022-09-01,warmup_no_oof,0,LIVE
TR-005039,2022-09-01,warmup_no_oof,0,LIVE
TR-005667,2022-09-01,warmup_no_oof,0,LIVE
TR-006447,2022-09-01,warmup_no_oof,0,LIVE
TR-006592,2022-09-01,warmup_no_oof,0,LIVE
TR-008258,2022-09-01,warmup_no_oof,0,LIVE
TR-008413,2022-09-01,warmup_no_oof,0,LIVE
TR-008567,2022-09-01,warmup_no_oof,0,LIVE
TR-008872,2022-09-01,warmup_no_oof,0,LIVE
TR-003855,2022-09-02,warmup_no_oof,0,LIVE
TR-003997,2022-09-02,warmup_no_oof,0,LIVE
TR-004201,2022-09-02,warmup_no_oof,0,LIVE
TR-006927,2022-09-02,warmup_no_oof,0,LIVE
TR-000258,2022-09-03,warmup_no_oof,0,LIVE
TR-000760,2022-09-03,warmup_no_oof,0,LIVE
TR-001113,2022-09-03,warmup_no_oof,0,LIVE
TR-001947,2022-09-03,warmup_no_oof,0,LIVE
TR-002547,2022-09-03,warmup_no_oof,0,LIVE
TR-003131,2022-09-03,warmup_no_oof,0,LIVE
TR-003871,2022-09-03,warmup_no_oof,0,LIVE
TR-004215,2022-09-03,warmup_no_oof,0,LIVE
TR-005053,2022-09-03,warmup_no_oof,0,LIVE
TR-005498,2022-09-03,warmup_no_oof,0,LIVE
TR-005946,2022-09-03,warmup_no_oof,0,LIVE
TR-006541,2022-09-03,warmup_no_oof,0,LIVE
TR-000907,2022-09-04,warmup_no_oof,0,LIVE
TR-001820,2022-09-04,warmup_no_oof,0,LIVE
TR-002459,2022-09-04,warmup_no_oof,0,LIVE
TR-003077,2022-09-04,warmup_no_oof,0,LIVE
TR-004525,2022-09-04,warmup_no_oof,0,LIVE
TR-004951,2022-09-04,warmup_no_oof,0,LIVE
TR-005205,2022-09-04,warmup_no_oof,0,LIVE
TR-006072,2022-09-04,warmup_no_oof,0,LIVE
TR-007949,2022-09-04,warmup_no_oof,0,LIVE
TR-008237,2022-09-04,warmup_no_oof,0,LIVE
TR-001122,2022-09-05,warmup_no_oof,0,LIVE
TR-003495,2022-09-05,warmup_no_oof,0,LIVE
TR-003732,2022-09-05,warmup_no_oof,0,LIVE
TR-005506,2022-09-05,warmup_no_oof,0,LIVE
TR-005631,2022-09-05,warmup_no_oof,0,LIVE
TR-006380,2022-09-05,warmup_no_oof,0,LIVE
TR-009200,2022-09-05,warmup_no_oof,0,LIVE
TR-009375,2022-09-05,warmup_no_oof,0,LIVE
TR-001166,2022-09-06,warmup_no_oof,0,LIVE
TR-003973,2022-09-06,warmup_no_oof,0,LIVE
TR-004321,2022-09-06,warmup_no_oof,0,LIVE
TR-004340,2022-09-06,warmup_no_oof,0,LIVE
TR-006095,2022-09-06,warmup_no_oof,0,LIVE
TR-006274,2022-09-06,warmup_no_oof,0,LIVE
TR-006307,2022-09-06,warmup_no_oof,0,LIVE
TR-007271,2022-09-06,warmup_no_oof,0,LIVE
TR-008084,2022-09-06,warmup_no_oof,0,LIVE
TR-008136,2022-09-06,warmup_no_oof,0,LIVE
TR-008231,2022-09-06,warmup_no_oof,0,LIVE
TR-008793,2022-09-06,warmup_no_oof,0,LIVE
TR-009237,2022-09-06,warmup_no_oof,0,LIVE
TR-009272,2022-09-06,warmup_no_oof,0,LIVE
TR-009943,2022-09-06,warmup_no_oof,0,LIVE
TR-000218,2022-09-07,warmup_no_oof,0,LIVE
TR-001215,2022-09-07,warmup_no_oof,0,LIVE
TR-002330,2022-09-07,warmup_no_oof,0,LIVE
TR-002834,2022-09-07,warmup_no_oof,0,LIVE
TR-003906,2022-09-07,warmup_no_oof,0,LIVE
TR-004264,2022-09-07,warmup_no_oof,0,LIVE
TR-004744,2022-09-07,warmup_no_oof,0,LIVE
TR-006706,2022-09-07,warmup_no_oof,0,LIVE
TR-000928,2022-09-08,warmup_no_oof,0,LIVE
TR-001270,2022-09-08,warmup_no_oof,0,LIVE
TR-001981,2022-09-08,warmup_no_oof,0,LIVE
TR-003972,2022-09-08,warmup_no_oof,0,LIVE
TR-004350,2022-09-08,warmup_no_oof,0,LIVE
TR-004424,2022-09-08,warmup_no_oof,0,LIVE
TR-005433,2022-09-08,warmup_no_oof,0,LIVE
TR-006817,2022-09-08,warmup_no_oof,0,LIVE
TR-007669,2022-09-08,warmup_no_oof,0,LIVE
TR-007818,2022-09-08,warmup_no_oof,0,LIVE
TR-008082,2022-09-08,warmup_no_oof,0,LIVE
TR-009012,2022-09-08,warmup_no_oof,0,LIVE
TR-008551,2022-09-09,warmup_no_oof,0,LIVE
TR-008599,2022-09-09,warmup_no_oof,0,LIVE
TR-000009,2022-09-10,warmup_no_oof,0,LIVE
TR-002482,2022-09-10,warmup_no_oof,0,LIVE
TR-002524,2022-09-10,warmup_no_oof,0,LIVE
TR-004076,2022-09-10,warmup_no_oof,0,LIVE
TR-004181,2022-09-10,warmup_no_oof,0,LIVE
TR-006080,2022-09-10,warmup_no_oof,0,LIVE
TR-006473,2022-09-10,warmup_no_oof,0,LIVE
TR-007461,2022-09-10,warmup_no_oof,0,LIVE
TR-007520,2022-09-10,warmup_no_oof,0,LIVE
TR-007612,2022-09-10,warmup_no_oof,0,LIVE
TR-009651,2022-09-10,warmup_no_oof,0,LIVE
TR-000179,2022-09-11,warmup_no_oof,0,LIVE
TR-000448,2022-09-11,warmup_no_oof,0,LIVE
TR-000900,2022-09-11,warmup_no_oof,0,LIVE
TR-001531,2022-09-11,warmup_no_oof,0,LIVE
TR-002051,2022-09-11,warmup_no_oof,0,LIVE
TR-006237,2022-09-11,warmup_no_oof,0,LIVE
TR-006306,2022-09-11,warmup_no_oof,0,LIVE
TR-006462,2022-09-11,warmup_no_oof,0,LIVE
TR-008466,2022-09-11,warmup_no_oof,0,LIVE
TR-000250,2022-09-12,warmup_no_oof,0,LIVE
TR-000573,2022-09-12,warmup_no_oof,0,LIVE
TR-001094,2022-09-12,warmup_no_oof,0,LIVE
TR-001153,2022-09-12,warmup_no_oof,0,LIVE
TR-001406,2022-09-12,warmup_no_oof,0,LIVE
TR-003790,2022-09-12,warmup_no_oof,0,LIVE
TR-003842,2022-09-12,warmup_no_oof,0,LIVE
TR-004057,2022-09-12,warmup_no_oof,0,LIVE
TR-004278,2022-09-12,warmup_no_oof,0,LIVE
TR-005158,2022-09-12,warmup_no_oof,0,LIVE
TR-006116,2022-09-12,warmup_no_oof,0,LIVE
TR-007976,2022-09-12,warmup_no_oof,0,LIVE
TR-000398,2022-09-13,warmup_no_oof,0,LIVE
TR-000961,2022-09-13,warmup_no_oof,0,LIVE
TR-001826,2022-09-13,warmup_no_oof,0,LIVE
TR-002623,2022-09-13,warmup_no_oof,0,LIVE
TR-004323,2022-09-13,warmup_no_oof,0,LIVE
TR-004599,2022-09-13,warmup_no_oof,0,LIVE
TR-007093,2022-09-13,warmup_no_oof,0,LIVE
TR-009457,2022-09-13,warmup_no_oof,0,LIVE
TR-000517,2022-09-14,warmup_no_oof,0,LIVE
TR-001948,2022-09-14,warmup_no_oof,0,LIVE
TR-003895,2022-09-14,warmup_no_oof,0,LIVE
TR-006664,2022-09-14,warmup_no_oof,0,LIVE
TR-008552,2022-09-14,warmup_no_oof,0,LIVE
TR-009380,2022-09-14,warmup_no_oof,0,LIVE
TR-009465,2022-09-14,warmup_no_oof,0,LIVE
TR-000320,2022-09-15,warmup_no_oof,0,LIVE
TR-000788,2022-09-15,warmup_no_oof,0,LIVE
TR-002111,2022-09-15,warmup_no_oof,0,LIVE
TR-002629,2022-09-15,warmup_no_oof,0,LIVE
TR-005148,2022-09-15,warmup_no_oof,0,LIVE
TR-005462,2022-09-15,warmup_no_oof,0,LIVE
TR-007407,2022-09-15,warmup_no_oof,0,LIVE
TR-008358,2022-09-15,warmup_no_oof,0,LIVE
TR-001788,2022-09-16,warmup_no_oof,0,LIVE
TR-003712,2022-09-16,warmup_no_oof,0,LIVE
TR-003735,2022-09-16,warmup_no_oof,0,LIVE
TR-003932,2022-09-16,warmup_no_oof,0,LIVE
TR-005609,2022-09-16,warmup_no_oof,0,LIVE
TR-006660,2022-09-16,warmup_no_oof,0,LIVE
TR-006750,2022-09-16,warmup_no_oof,0,LIVE
TR-007633,2022-09-16,warmup_no_oof,0,LIVE
TR-001552,2022-09-17,warmup_no_oof,0,LIVE
TR-002783,2022-09-17,warmup_no_oof,0,LIVE
TR-003704,2022-09-17,warmup_no_oof,0,LIVE
TR-003894,2022-09-17,warmup_no_oof,0,LIVE
TR-004467,2022-09-17,warmup_no_oof,0,LIVE
TR-005137,2022-09-17,warmup_no_oof,0,LIVE
TR-006284,2022-09-17,warmup_no_oof,0,LIVE
TR-006535,2022-09-17,warmup_no_oof,0,LIVE
TR-007753,2022-09-17,warmup_no_oof,0,LIVE
TR-007868,2022-09-17,warmup_no_oof,0,LIVE
TR-009674,2022-09-17,warmup_no_oof,0,LIVE
TR-000153,2022-09-18,warmup_no_oof,0,LIVE
TR-001024,2022-09-18,warmup_no_oof,0,LIVE
TR-001381,2022-09-18,warmup_no_oof,0,LIVE
TR-003043,2022-09-18,warmup_no_oof,0,LIVE
TR-003130,2022-09-18,warmup_no_oof,0,LIVE
TR-003233,2022-09-18,warmup_no_oof,0,LIVE
TR-003516,2022-09-18,warmup_no_oof,0,LIVE
TR-004737,2022-09-18,warmup_no_oof,0,LIVE
TR-005799,2022-09-18,warmup_no_oof,0,LIVE
TR-006806,2022-09-18,warmup_no_oof,0,LIVE
TR-007084,2022-09-18,warmup_no_oof,0,LIVE
TR-000720,2022-09-19,warmup_no_oof,0,LIVE
TR-002101,2022-09-19,warmup_no_oof,0,LIVE
TR-002973,2022-09-19,warmup_no_oof,0,LIVE
TR-006014,2022-09-19,warmup_no_oof,0,LIVE
TR-006482,2022-09-19,warmup_no_oof,0,LIVE
TR-001028,2022-09-20,warmup_no_oof,0,LIVE
TR-001057,2022-09-20,warmup_no_oof,0,LIVE
TR-001617,2022-09-20,warmup_no_oof,0,LIVE
TR-003490,2022-09-20,warmup_no_oof,0,LIVE
TR-003679,2022-09-20,warmup_no_oof,0,LIVE
TR-007151,2022-09-20,warmup_no_oof,0,LIVE
TR-007445,2022-09-20,warmup_no_oof,0,LIVE
TR-008854,2022-09-20,warmup_no_oof,0,LIVE
TR-009531,2022-09-20,warmup_no_oof,0,LIVE
TR-009620,2022-09-20,warmup_no_oof,0,LIVE
TR-009757,2022-09-20,warmup_no_oof,0,LIVE
TR-000896,2022-09-21,warmup_no_oof,0,LIVE
TR-001293,2022-09-21,warmup_no_oof,0,LIVE
TR-001545,2022-09-21,warmup_no_oof,0,LIVE
TR-001814,2022-09-21,warmup_no_oof,0,LIVE
TR-005623,2022-09-21,warmup_no_oof,0,LIVE
TR-005953,2022-09-21,warmup_no_oof,0,LIVE
TR-006163,2022-09-21,warmup_no_oof,0,LIVE
TR-007152,2022-09-21,warmup_no_oof,0,LIVE
TR-007434,2022-09-21,warmup_no_oof,0,LIVE
TR-000029,2022-09-22,warmup_no_oof,0,LIVE
TR-001344,2022-09-22,warmup_no_oof,0,LIVE
TR-002416,2022-09-22,warmup_no_oof,0,LIVE
TR-005932,2022-09-22,warmup_no_oof,0,LIVE
TR-006134,2022-09-22,warmup_no_oof,0,LIVE
TR-007988,2022-09-22,warmup_no_oof,0,LIVE
TR-008011,2022-09-22,warmup_no_oof,0,LIVE
TR-008805,2022-09-22,warmup_no_oof,0,LIVE
TR-009144,2022-09-22,warmup_no_oof,0,LIVE
TR-009236,2022-09-22,warmup_no_oof,0,LIVE
TR-009880,2022-09-22,warmup_no_oof,0,LIVE
TR-001486,2022-09-23,warmup_no_oof,0,LIVE
TR-001846,2022-09-23,warmup_no_oof,0,LIVE
TR-003120,2022-09-23,warmup_no_oof,0,LIVE
TR-004021,2022-09-23,warmup_no_oof,0,LIVE
TR-004669,2022-09-23,warmup_no_oof,0,LIVE
TR-006038,2022-09-23,warmup_no_oof,0,LIVE
TR-001801,2022-09-24,warmup_no_oof,0,LIVE
TR-001888,2022-09-24,warmup_no_oof,0,LIVE
TR-003865,2022-09-24,warmup_no_oof,0,LIVE
TR-005581,2022-09-24,warmup_no_oof,0,LIVE
TR-007238,2022-09-24,warmup_no_oof,0,LIVE
TR-007675,2022-09-24,warmup_no_oof,0,LIVE
TR-007827,2022-09-24,warmup_no_oof,0,LIVE
TR-002084,2022-09-25,warmup_no_oof,0,LIVE
TR-002965,2022-09-25,warmup_no_oof,0,LIVE
TR-003809,2022-09-25,warmup_no_oof,0,LIVE
TR-004879,2022-09-25,warmup_no_oof,0,LIVE
TR-005387,2022-09-25,warmup_no_oof,0,LIVE
TR-005857,2022-09-25,warmup_no_oof,0,LIVE
TR-008343,2022-09-25,warmup_no_oof,0,LIVE
TR-000649,2022-09-26,warmup_no_oof,0,LIVE
TR-000853,2022-09-26,warmup_no_oof,0,LIVE
TR-001619,2022-09-26,warmup_no_oof,0,LIVE
TR-001886,2022-09-26,warmup_no_oof,0,LIVE
TR-004392,2022-09-26,warmup_no_oof,0,LIVE
TR-005654,2022-09-26,warmup_no_oof,0,LIVE
TR-007389,2022-09-26,warmup_no_oof,0,LIVE
TR-000038,2022-09-27,warmup_no_oof,0,LIVE
TR-001779,2022-09-27,warmup_no_oof,0,LIVE
TR-001890,2022-09-27,warmup_no_oof,0,LIVE
TR-001914,2022-09-27,warmup_no_oof,0,LIVE
TR-002854,2022-09-27,warmup_no_oof,0,LIVE
TR-007525,2022-09-27,warmup_no_oof,0,LIVE
TR-009780,2022-09-27,warmup_no_oof,0,LIVE
TR-001872,2022-09-28,warmup_no_oof,0,LIVE
TR-002582,2022-09-28,warmup_no_oof,0,LIVE
TR-006127,2022-09-28,warmup_no_oof,0,LIVE
TR-009858,2022-09-28,warmup_no_oof,0,LIVE
TR-003605,2022-09-29,warmup_no_oof,0,LIVE
TR-003655,2022-09-29,warmup_no_oof,0,LIVE
TR-004516,2022-09-29,warmup_no_oof,0,LIVE
TR-005627,2022-09-29,warmup_no_oof,0,LIVE
TR-006372,2022-09-29,warmup_no_oof,0,LIVE
TR-006825,2022-09-29,warmup_no_oof,0,LIVE
TR-007604,2022-09-29,warmup_no_oof,0,LIVE
TR-009877,2022-09-29,warmup_no_oof,0,LIVE
TR-000515,2022-09-30,warmup_no_oof,0,LIVE
TR-001091,2022-09-30,warmup_no_oof,0,LIVE
TR-002133,2022-09-30,warmup_no_oof,0,LIVE
TR-003357,2022-09-30,warmup_no_oof,0,LIVE
TR-006668,2022-09-30,warmup_no_oof,0,LIVE
TR-007441,2022-09-30,warmup_no_oof,0,LIVE
TR-007523,2022-09-30,warmup_no_oof,0,LIVE
TR-007836,2022-09-30,warmup_no_oof,0,LIVE
TR-007968,2022-09-30,warmup_no_oof,0,LIVE
TR-009680,2022-09-30,warmup_no_oof,0,LIVE
TR-000140,2022-10-01,warmup_no_oof,0,LIVE
TR-001768,2022-10-01,warmup_no_oof,0,LIVE
TR-002494,2022-10-01,warmup_no_oof,0,LIVE
TR-004528,2022-10-01,warmup_no_oof,0,LIVE
TR-006158,2022-10-01,warmup_no_oof,0,LIVE
TR-008404,2022-10-01,warmup_no_oof,0,LIVE
TR-009013,2022-10-01,warmup_no_oof,0,LIVE
TR-000746,2022-10-02,warmup_no_oof,0,LIVE
TR-002349,2022-10-02,warmup_no_oof,0,LIVE
TR-002719,2022-10-02,warmup_no_oof,0,LIVE
TR-004454,2022-10-02,warmup_no_oof,0,LIVE
TR-004937,2022-10-02,warmup_no_oof,0,LIVE
TR-005918,2022-10-02,warmup_no_oof,0,LIVE
TR-006852,2022-10-02,warmup_no_oof,0,LIVE
TR-009214,2022-10-02,warmup_no_oof,0,LIVE
TR-001537,2022-10-03,warmup_no_oof,0,LIVE
TR-004142,2022-10-03,warmup_no_oof,0,LIVE
TR-006676,2022-10-03,warmup_no_oof,0,LIVE
TR-007240,2022-10-03,warmup_no_oof,0,LIVE
TR-008562,2022-10-03,warmup_no_oof,0,LIVE
TR-008708,2022-10-03,warmup_no_oof,0,LIVE
TR-000338,2022-10-04,warmup_no_oof,0,LIVE
TR-000670,2022-10-04,warmup_no_oof,0,LIVE
TR-001376,2022-10-04,warmup_no_oof,0,LIVE
TR-001868,2022-10-04,warmup_no_oof,0,LIVE
TR-004244,2022-10-04,warmup_no_oof,0,LIVE
TR-005851,2022-10-04,warmup_no_oof,0,LIVE
TR-005868,2022-10-04,warmup_no_oof,0,LIVE
TR-007501,2022-10-04,warmup_no_oof,0,LIVE
TR-009186,2022-10-04,warmup_no_oof,0,LIVE
TR-001390,2022-10-05,warmup_no_oof,0,LIVE
TR-003084,2022-10-05,warmup_no_oof,0,LIVE
TR-003347,2022-10-05,warmup_no_oof,0,LIVE
TR-006488,2022-10-05,warmup_no_oof,0,LIVE
TR-006796,2022-10-05,warmup_no_oof,0,LIVE
TR-007564,2022-10-05,warmup_no_oof,0,LIVE
TR-000173,2022-10-06,warmup_no_oof,0,LIVE
TR-003854,2022-10-06,warmup_no_oof,0,LIVE
TR-003915,2022-10-06,warmup_no_oof,0,LIVE
TR-004532,2022-10-06,warmup_no_oof,0,LIVE
TR-005884,2022-10-06,warmup_no_oof,0,LIVE
TR-006068,2022-10-06,warmup_no_oof,0,LIVE
TR-006118,2022-10-06,warmup_no_oof,0,LIVE
TR-006728,2022-10-06,warmup_no_oof,0,LIVE
TR-007460,2022-10-06,warmup_no_oof,0,LIVE
TR-007593,2022-10-06,warmup_no_oof,0,LIVE
TR-008751,2022-10-06,warmup_no_oof,0,LIVE
TR-008866,2022-10-06,warmup_no_oof,0,LIVE
TR-001752,2022-10-07,warmup_no_oof,0,LIVE
TR-002704,2022-10-07,warmup_no_oof,0,LIVE
TR-002736,2022-10-07,warmup_no_oof,0,LIVE
TR-003672,2022-10-07,warmup_no_oof,0,LIVE
TR-004166,2022-10-07,warmup_no_oof,0,LIVE
TR-004430,2022-10-07,warmup_no_oof,0,LIVE
TR-006720,2022-10-07,warmup_no_oof,0,LIVE
TR-006810,2022-10-07,warmup_no_oof,0,LIVE
TR-007205,2022-10-07,warmup_no_oof,0,LIVE
TR-009053,2022-10-07,warmup_no_oof,0,LIVE
TR-003206,2022-10-08,warmup_no_oof,0,LIVE
TR-004692,2022-10-08,warmup_no_oof,0,LIVE
TR-004841,2022-10-08,warmup_no_oof,0,LIVE
TR-005474,2022-10-08,warmup_no_oof,0,LIVE
TR-008947,2022-10-08,warmup_no_oof,0,LIVE
TR-001598,2022-10-09,warmup_no_oof,0,LIVE
TR-003418,2022-10-09,warmup_no_oof,0,LIVE
TR-003566,2022-10-09,warmup_no_oof,0,LIVE
TR-004044,2022-10-09,warmup_no_oof,0,LIVE
TR-004092,2022-10-09,warmup_no_oof,0,LIVE
TR-004118,2022-10-09,warmup_no_oof,0,LIVE
TR-000207,2022-10-10,warmup_no_oof,0,LIVE
TR-000740,2022-10-10,warmup_no_oof,0,LIVE
TR-001157,2022-10-10,warmup_no_oof,0,LIVE
TR-001715,2022-10-10,warmup_no_oof,0,LIVE
TR-002504,2022-10-10,warmup_no_oof,0,LIVE
TR-002894,2022-10-10,warmup_no_oof,0,LIVE
TR-003216,2022-10-10,warmup_no_oof,0,LIVE
TR-003848,2022-10-10,warmup_no_oof,0,LIVE
TR-008022,2022-10-10,warmup_no_oof,0,LIVE
TR-008306,2022-10-10,warmup_no_oof,0,LIVE
TR-000178,2022-10-11,warmup_no_oof,0,LIVE
TR-000679,2022-10-11,warmup_no_oof,0,LIVE
TR-002110,2022-10-11,warmup_no_oof,0,LIVE
TR-002420,2022-10-11,warmup_no_oof,0,LIVE
TR-004274,2022-10-11,warmup_no_oof,0,LIVE
TR-004610,2022-10-11,warmup_no_oof,0,LIVE
TR-005037,2022-10-11,warmup_no_oof,0,LIVE
TR-005461,2022-10-11,warmup_no_oof,0,LIVE
TR-006641,2022-10-11,warmup_no_oof,0,LIVE
TR-007063,2022-10-11,warmup_no_oof,0,LIVE
TR-008398,2022-10-11,warmup_no_oof,0,LIVE
TR-009724,2022-10-11,warmup_no_oof,0,LIVE
TR-001494,2022-10-12,warmup_no_oof,0,LIVE
TR-001677,2022-10-12,warmup_no_oof,0,LIVE
TR-002812,2022-10-12,warmup_no_oof,0,LIVE
TR-006355,2022-10-12,warmup_no_oof,0,LIVE
TR-007236,2022-10-12,warmup_no_oof,0,LIVE
TR-001102,2022-10-13,warmup_no_oof,0,LIVE
TR-001322,2022-10-13,warmup_no_oof,0,LIVE
TR-001404,2022-10-13,warmup_no_oof,0,LIVE
TR-001614,2022-10-13,warmup_no_oof,0,LIVE
TR-001816,2022-10-13,warmup_no_oof,0,LIVE
TR-002781,2022-10-13,warmup_no_oof,0,LIVE
TR-002833,2022-10-13,warmup_no_oof,0,LIVE
TR-003954,2022-10-13,warmup_no_oof,0,LIVE
TR-004227,2022-10-13,warmup_no_oof,0,LIVE
TR-005931,2022-10-13,warmup_no_oof,0,LIVE
TR-006882,2022-10-13,warmup_no_oof,0,LIVE
TR-009225,2022-10-13,warmup_no_oof,0,LIVE
TR-000067,2022-10-14,warmup_no_oof,0,LIVE
TR-001415,2022-10-14,warmup_no_oof,0,LIVE
TR-001927,2022-10-14,warmup_no_oof,0,LIVE
TR-002032,2022-10-14,warmup_no_oof,0,LIVE
TR-002372,2022-10-14,warmup_no_oof,0,LIVE
TR-002978,2022-10-14,warmup_no_oof,0,LIVE
TR-003288,2022-10-14,warmup_no_oof,0,LIVE
TR-005264,2022-10-14,warmup_no_oof,0,LIVE
TR-006717,2022-10-14,warmup_no_oof,0,LIVE
TR-000467,2022-10-15,warmup_no_oof,0,LIVE
TR-000626,2022-10-15,warmup_no_oof,0,LIVE
TR-000869,2022-10-15,warmup_no_oof,0,LIVE
TR-002644,2022-10-15,warmup_no_oof,0,LIVE
TR-003872,2022-10-15,warmup_no_oof,0,LIVE
TR-004408,2022-10-15,warmup_no_oof,0,LIVE
TR-006951,2022-10-15,warmup_no_oof,0,LIVE
TR-008480,2022-10-15,warmup_no_oof,0,LIVE
TR-009893,2022-10-15,warmup_no_oof,0,LIVE
TR-000024,2022-10-16,warmup_no_oof,0,LIVE
TR-000104,2022-10-16,warmup_no_oof,0,LIVE
TR-001818,2022-10-16,warmup_no_oof,0,LIVE
TR-002153,2022-10-16,warmup_no_oof,0,LIVE
TR-004906,2022-10-16,warmup_no_oof,0,LIVE
TR-006910,2022-10-16,warmup_no_oof,0,LIVE
TR-007727,2022-10-16,warmup_no_oof,0,LIVE
TR-009976,2022-10-16,warmup_no_oof,0,LIVE
TR-001049,2022-10-17,warmup_no_oof,0,LIVE
TR-001937,2022-10-17,warmup_no_oof,0,LIVE
TR-003352,2022-10-17,warmup_no_oof,0,LIVE
TR-003999,2022-10-17,warmup_no_oof,0,LIVE
TR-004063,2022-10-17,warmup_no_oof,0,LIVE
TR-006170,2022-10-17,warmup_no_oof,0,LIVE
TR-007466,2022-10-17,warmup_no_oof,0,LIVE
TR-008168,2022-10-17,warmup_no_oof,0,LIVE
TR-000360,2022-10-18,warmup_no_oof,0,LIVE
TR-001474,2022-10-18,warmup_no_oof,0,LIVE
TR-001590,2022-10-18,warmup_no_oof,0,LIVE
TR-002411,2022-10-18,warmup_no_oof,0,LIVE
TR-002992,2022-10-18,warmup_no_oof,0,LIVE
TR-003461,2022-10-18,warmup_no_oof,0,LIVE
TR-005161,2022-10-18,warmup_no_oof,0,LIVE
TR-007920,2022-10-18,warmup_no_oof,0,LIVE
TR-009979,2022-10-18,warmup_no_oof,0,LIVE
TR-003424,2022-10-19,warmup_no_oof,0,LIVE
TR-004960,2022-10-19,warmup_no_oof,0,LIVE
TR-006268,2022-10-19,warmup_no_oof,0,LIVE
TR-007256,2022-10-19,warmup_no_oof,0,LIVE
TR-007335,2022-10-19,warmup_no_oof,0,LIVE
TR-007712,2022-10-19,warmup_no_oof,0,LIVE
TR-009874,2022-10-19,warmup_no_oof,0,LIVE
TR-001453,2022-10-20,warmup_no_oof,0,LIVE
TR-001773,2022-10-20,warmup_no_oof,0,LIVE
TR-002744,2022-10-20,warmup_no_oof,0,LIVE
TR-004139,2022-10-20,warmup_no_oof,0,LIVE
TR-005404,2022-10-20,warmup_no_oof,0,LIVE
TR-006600,2022-10-20,warmup_no_oof,0,LIVE
TR-006864,2022-10-20,warmup_no_oof,0,LIVE
TR-007340,2022-10-20,warmup_no_oof,0,LIVE
TR-007562,2022-10-20,warmup_no_oof,0,LIVE
TR-008196,2022-10-20,warmup_no_oof,0,LIVE
TR-009009,2022-10-20,warmup_no_oof,0,LIVE
TR-002846,2022-10-21,warmup_no_oof,0,LIVE
TR-002899,2022-10-21,warmup_no_oof,0,LIVE
TR-004470,2022-10-21,warmup_no_oof,0,LIVE
TR-006529,2022-10-21,warmup_no_oof,0,LIVE
TR-007826,2022-10-21,warmup_no_oof,0,LIVE
TR-008546,2022-10-21,warmup_no_oof,0,LIVE
TR-009588,2022-10-21,warmup_no_oof,0,LIVE
TR-001360,2022-10-22,warmup_no_oof,0,LIVE
TR-001623,2022-10-22,warmup_no_oof,0,LIVE
TR-001950,2022-10-23,warmup_no_oof,0,LIVE
TR-003475,2022-10-23,warmup_no_oof,0,LIVE
TR-003682,2022-10-23,warmup_no_oof,0,LIVE
TR-004693,2022-10-23,warmup_no_oof,0,LIVE
TR-005388,2022-10-23,warmup_no_oof,0,LIVE
TR-007913,2022-10-23,warmup_no_oof,0,LIVE
TR-000216,2022-10-24,warmup_no_oof,0,LIVE
TR-000245,2022-10-24,warmup_no_oof,0,LIVE
TR-001744,2022-10-24,warmup_no_oof,0,LIVE
TR-001985,2022-10-24,warmup_no_oof,0,LIVE
TR-002797,2022-10-24,warmup_no_oof,0,LIVE
TR-004034,2022-10-24,warmup_no_oof,0,LIVE
TR-004237,2022-10-24,warmup_no_oof,0,LIVE
TR-004400,2022-10-24,warmup_no_oof,0,LIVE
TR-004460,2022-10-24,warmup_no_oof,0,LIVE
TR-007684,2022-10-24,warmup_no_oof,0,LIVE
TR-008160,2022-10-24,warmup_no_oof,0,LIVE
TR-008993,2022-10-24,warmup_no_oof,0,LIVE
TR-000074,2022-10-25,warmup_no_oof,0,LIVE
TR-002982,2022-10-25,warmup_no_oof,0,LIVE
TR-003405,2022-10-25,warmup_no_oof,0,LIVE
TR-003960,2022-10-25,warmup_no_oof,0,LIVE
TR-005422,2022-10-25,warmup_no_oof,0,LIVE
TR-005573,2022-10-25,warmup_no_oof,0,LIVE
TR-006670,2022-10-25,warmup_no_oof,0,LIVE
TR-007305,2022-10-25,warmup_no_oof,0,LIVE
TR-007453,2022-10-25,warmup_no_oof,0,LIVE
TR-009077,2022-10-25,warmup_no_oof,0,LIVE
TR-009185,2022-10-25,warmup_no_oof,0,LIVE
TR-009562,2022-10-25,warmup_no_oof,0,LIVE
TR-009796,2022-10-25,warmup_no_oof,0,LIVE
TR-000383,2022-10-26,warmup_no_oof,0,LIVE
TR-002184,2022-10-26,warmup_no_oof,0,LIVE
TR-002213,2022-10-26,warmup_no_oof,0,LIVE
TR-004188,2022-10-26,warmup_no_oof,0,LIVE
TR-005528,2022-10-26,warmup_no_oof,0,LIVE
TR-005655,2022-10-26,warmup_no_oof,0,LIVE
TR-006373,2022-10-26,warmup_no_oof,0,LIVE
TR-007414,2022-10-26,warmup_no_oof,0,LIVE
TR-008909,2022-10-26,warmup_no_oof,0,LIVE
TR-000341,2022-10-27,warmup_no_oof,0,LIVE
TR-000996,2022-10-27,warmup_no_oof,0,LIVE
TR-001790,2022-10-27,warmup_no_oof,0,LIVE
TR-002875,2022-10-27,warmup_no_oof,0,LIVE
TR-003971,2022-10-27,warmup_no_oof,0,LIVE
TR-004595,2022-10-27,warmup_no_oof,0,LIVE
TR-005330,2022-10-27,warmup_no_oof,0,LIVE
TR-007707,2022-10-27,warmup_no_oof,0,LIVE
TR-008025,2022-10-27,warmup_no_oof,0,LIVE
TR-008762,2022-10-27,warmup_no_oof,0,LIVE
TR-009833,2022-10-27,warmup_no_oof,0,LIVE
TR-001099,2022-10-28,warmup_no_oof,0,LIVE
TR-002400,2022-10-28,warmup_no_oof,0,LIVE
TR-003832,2022-10-28,warmup_no_oof,0,LIVE
TR-003986,2022-10-28,warmup_no_oof,0,LIVE
TR-004262,2022-10-28,warmup_no_oof,0,LIVE
TR-004387,2022-10-28,warmup_no_oof,0,LIVE
TR-004806,2022-10-28,warmup_no_oof,0,LIVE
TR-004958,2022-10-28,warmup_no_oof,0,LIVE
TR-005192,2022-10-28,warmup_no_oof,0,LIVE
TR-006278,2022-10-28,warmup_no_oof,0,LIVE
TR-007508,2022-10-28,warmup_no_oof,0,LIVE
TR-007740,2022-10-28,warmup_no_oof,0,LIVE
TR-009546,2022-10-28,warmup_no_oof,0,LIVE
TR-009643,2022-10-28,warmup_no_oof,0,LIVE
TR-000198,2022-10-29,warmup_no_oof,0,LIVE
TR-000349,2022-10-29,warmup_no_oof,0,LIVE
TR-001134,2022-10-29,warmup_no_oof,0,LIVE
TR-001235,2022-10-29,warmup_no_oof,0,LIVE
TR-004471,2022-10-29,warmup_no_oof,0,LIVE
TR-004719,2022-10-29,warmup_no_oof,0,LIVE
TR-006088,2022-10-29,warmup_no_oof,0,LIVE
TR-006113,2022-10-29,warmup_no_oof,0,LIVE
TR-006624,2022-10-29,warmup_no_oof,0,LIVE
TR-009619,2022-10-29,warmup_no_oof,0,LIVE
TR-009707,2022-10-29,warmup_no_oof,0,LIVE
TR-000169,2022-10-30,warmup_no_oof,0,LIVE
TR-001798,2022-10-30,warmup_no_oof,0,LIVE
TR-002105,2022-10-30,warmup_no_oof,0,LIVE
TR-003760,2022-10-30,warmup_no_oof,0,LIVE
TR-004079,2022-10-30,warmup_no_oof,0,LIVE
TR-005276,2022-10-30,warmup_no_oof,0,LIVE
TR-005728,2022-10-30,warmup_no_oof,0,LIVE
TR-006092,2022-10-30,warmup_no_oof,0,LIVE
TR-006476,2022-10-30,warmup_no_oof,0,LIVE
TR-006606,2022-10-30,warmup_no_oof,0,LIVE
TR-007945,2022-10-30,warmup_no_oof,0,LIVE
TR-008520,2022-10-30,warmup_no_oof,0,LIVE
TR-008891,2022-10-30,warmup_no_oof,0,LIVE
TR-008913,2022-10-30,warmup_no_oof,0,LIVE
TR-009704,2022-10-30,warmup_no_oof,0,LIVE
TR-009798,2022-10-30,warmup_no_oof,0,LIVE
TR-000141,2022-10-31,warmup_no_oof,0,LIVE
TR-000315,2022-10-31,warmup_no_oof,0,LIVE
TR-001342,2022-10-31,warmup_no_oof,0,LIVE
TR-001824,2022-10-31,warmup_no_oof,0,LIVE
TR-001850,2022-10-31,warmup_no_oof,0,LIVE
TR-005744,2022-10-31,warmup_no_oof,0,LIVE
TR-006612,2022-10-31,warmup_no_oof,0,LIVE
TR-007201,2022-10-31,warmup_no_oof,0,LIVE
TR-007914,2022-10-31,warmup_no_oof,0,LIVE
TR-008845,2022-10-31,warmup_no_oof,0,LIVE
TR-000168,2022-11-01,warmup_no_oof,0,LIVE
TR-001509,2022-11-01,warmup_no_oof,0,LIVE
TR-001983,2022-11-01,warmup_no_oof,0,LIVE
TR-003178,2022-11-01,warmup_no_oof,0,LIVE
TR-004004,2022-11-01,warmup_no_oof,0,LIVE
TR-004209,2022-11-01,warmup_no_oof,0,LIVE
TR-004607,2022-11-01,warmup_no_oof,0,LIVE
TR-005159,2022-11-01,warmup_no_oof,0,LIVE
TR-006177,2022-11-01,warmup_no_oof,0,LIVE
TR-007068,2022-11-01,warmup_no_oof,0,LIVE
TR-007125,2022-11-01,warmup_no_oof,0,LIVE
TR-007346,2022-11-01,warmup_no_oof,0,LIVE
TR-007391,2022-11-01,warmup_no_oof,0,LIVE
TR-009092,2022-11-01,warmup_no_oof,0,LIVE
TR-009290,2022-11-01,warmup_no_oof,0,LIVE
TR-001416,2022-11-02,warmup_no_oof,0,LIVE
TR-001682,2022-11-02,warmup_no_oof,0,LIVE
TR-001964,2022-11-02,warmup_no_oof,0,LIVE
TR-002918,2022-11-02,warmup_no_oof,0,LIVE
TR-003818,2022-11-02,warmup_no_oof,0,LIVE
TR-004082,2022-11-02,warmup_no_oof,0,LIVE
TR-004449,2022-11-02,warmup_no_oof,0,LIVE
TR-004801,2022-11-02,warmup_no_oof,0,LIVE
TR-005876,2022-11-02,warmup_no_oof,0,LIVE
TR-006216,2022-11-02,warmup_no_oof,0,LIVE
TR-006257,2022-11-02,warmup_no_oof,0,LIVE
TR-008038,2022-11-02,warmup_no_oof,0,LIVE
TR-008064,2022-11-02,warmup_no_oof,0,LIVE
TR-008354,2022-11-02,warmup_no_oof,0,LIVE
TR-001025,2022-11-03,warmup_no_oof,0,LIVE
TR-001676,2022-11-03,warmup_no_oof,0,LIVE
TR-002251,2022-11-03,warmup_no_oof,0,LIVE
TR-004047,2022-11-03,warmup_no_oof,0,LIVE
TR-005673,2022-11-03,warmup_no_oof,0,LIVE
TR-005714,2022-11-03,warmup_no_oof,0,LIVE
TR-006037,2022-11-03,warmup_no_oof,0,LIVE
TR-006626,2022-11-03,warmup_no_oof,0,LIVE
TR-007019,2022-11-03,warmup_no_oof,0,LIVE
TR-007702,2022-11-03,warmup_no_oof,0,LIVE
TR-009045,2022-11-03,warmup_no_oof,0,LIVE
TR-009659,2022-11-03,warmup_no_oof,0,LIVE
TR-009916,2022-11-03,warmup_no_oof,0,LIVE
TR-000264,2022-11-04,warmup_no_oof,0,LIVE
TR-000602,2022-11-04,warmup_no_oof,0,LIVE
TR-002870,2022-11-04,warmup_no_oof,0,LIVE
TR-004013,2022-11-04,warmup_no_oof,0,LIVE
TR-004279,2022-11-04,warmup_no_oof,0,LIVE
TR-006368,2022-11-04,warmup_no_oof,0,LIVE
TR-006499,2022-11-04,warmup_no_oof,0,LIVE
TR-007231,2022-11-04,warmup_no_oof,0,LIVE
TR-003940,2022-11-05,warmup_no_oof,0,LIVE
TR-004122,2022-11-05,warmup_no_oof,0,LIVE
TR-004605,2022-11-05,warmup_no_oof,0,LIVE
TR-007798,2022-11-05,warmup_no_oof,0,LIVE
TR-008422,2022-11-05,warmup_no_oof,0,LIVE
TR-009143,2022-11-05,warmup_no_oof,0,LIVE
TR-000432,2022-11-06,warmup_no_oof,0,LIVE
TR-002782,2022-11-06,warmup_no_oof,0,LIVE
TR-004015,2022-11-06,warmup_no_oof,0,LIVE
TR-005178,2022-11-06,warmup_no_oof,0,LIVE
TR-006244,2022-11-06,warmup_no_oof,0,LIVE
TR-008255,2022-11-06,warmup_no_oof,0,LIVE
TR-008851,2022-11-06,warmup_no_oof,0,LIVE
TR-000046,2022-11-07,warmup_no_oof,0,LIVE
TR-001133,2022-11-07,warmup_no_oof,0,LIVE
TR-001233,2022-11-07,warmup_no_oof,0,LIVE
TR-001513,2022-11-07,warmup_no_oof,0,LIVE
TR-003419,2022-11-07,warmup_no_oof,0,LIVE
TR-004660,2022-11-07,warmup_no_oof,0,LIVE
TR-005793,2022-11-07,warmup_no_oof,0,LIVE
TR-006057,2022-11-07,warmup_no_oof,0,LIVE
TR-006986,2022-11-07,warmup_no_oof,0,LIVE
TR-007403,2022-11-07,warmup_no_oof,0,LIVE
TR-007480,2022-11-07,warmup_no_oof,0,LIVE
TR-008377,2022-11-07,warmup_no_oof,0,LIVE
TR-008843,2022-11-07,warmup_no_oof,0,LIVE
TR-001195,2022-11-08,warmup_no_oof,0,LIVE
TR-001582,2022-11-08,warmup_no_oof,0,LIVE
TR-003345,2022-11-08,warmup_no_oof,0,LIVE
TR-004351,2022-11-08,warmup_no_oof,0,LIVE
TR-005539,2022-11-08,warmup_no_oof,0,LIVE
TR-007672,2022-11-08,warmup_no_oof,0,LIVE
TR-009403,2022-11-08,warmup_no_oof,0,LIVE
TR-000324,2022-11-09,warmup_no_oof,0,LIVE
TR-001767,2022-11-09,warmup_no_oof,0,LIVE
TR-002635,2022-11-09,warmup_no_oof,0,LIVE
TR-003257,2022-11-09,warmup_no_oof,0,LIVE
TR-003486,2022-11-09,warmup_no_oof,0,LIVE
TR-004520,2022-11-09,warmup_no_oof,0,LIVE
TR-005400,2022-11-09,warmup_no_oof,0,LIVE
TR-005770,2022-11-09,warmup_no_oof,0,LIVE
TR-009204,2022-11-09,warmup_no_oof,0,LIVE
TR-009255,2022-11-09,warmup_no_oof,0,LIVE
TR-009458,2022-11-09,warmup_no_oof,0,LIVE
TR-000584,2022-11-10,warmup_no_oof,0,LIVE
TR-003594,2022-11-10,warmup_no_oof,0,LIVE
TR-003903,2022-11-10,warmup_no_oof,0,LIVE
TR-004535,2022-11-10,warmup_no_oof,0,LIVE
TR-008069,2022-11-10,warmup_no_oof,0,LIVE
TR-008637,2022-11-10,warmup_no_oof,0,LIVE
TR-003664,2022-11-11,warmup_no_oof,0,LIVE
TR-004803,2022-11-11,warmup_no_oof,0,LIVE
TR-005034,2022-11-11,warmup_no_oof,0,LIVE
TR-007584,2022-11-11,warmup_no_oof,0,LIVE
TR-009242,2022-11-11,warmup_no_oof,0,LIVE
TR-000192,2022-11-12,warmup_no_oof,0,LIVE
TR-002682,2022-11-12,warmup_no_oof,0,LIVE
TR-004640,2022-11-12,warmup_no_oof,0,LIVE
TR-004956,2022-11-12,warmup_no_oof,0,LIVE
TR-007334,2022-11-12,warmup_no_oof,0,LIVE
TR-000382,2022-11-13,warmup_no_oof,0,LIVE
TR-001056,2022-11-13,warmup_no_oof,0,LIVE
TR-001308,2022-11-13,warmup_no_oof,0,LIVE
TR-002953,2022-11-13,warmup_no_oof,0,LIVE
TR-003438,2022-11-13,warmup_no_oof,0,LIVE
TR-004110,2022-11-13,warmup_no_oof,0,LIVE
TR-005815,2022-11-13,warmup_no_oof,0,LIVE
TR-007265,2022-11-13,warmup_no_oof,0,LIVE
TR-007402,2022-11-13,warmup_no_oof,0,LIVE
TR-007931,2022-11-13,warmup_no_oof,0,LIVE
TR-008379,2022-11-13,warmup_no_oof,0,LIVE
TR-008746,2022-11-13,warmup_no_oof,0,LIVE
TR-009199,2022-11-13,warmup_no_oof,0,LIVE
TR-001042,2022-11-14,warmup_no_oof,0,LIVE
TR-001285,2022-11-14,warmup_no_oof,0,LIVE
TR-002878,2022-11-14,warmup_no_oof,0,LIVE
TR-003289,2022-11-14,warmup_no_oof,0,LIVE
TR-003319,2022-11-14,warmup_no_oof,0,LIVE
TR-003799,2022-11-14,warmup_no_oof,0,LIVE
TR-003935,2022-11-14,warmup_no_oof,0,LIVE
TR-005584,2022-11-14,warmup_no_oof,0,LIVE
TR-006310,2022-11-14,warmup_no_oof,0,LIVE
TR-006413,2022-11-14,warmup_no_oof,0,LIVE
TR-007226,2022-11-14,warmup_no_oof,0,LIVE
TR-007560,2022-11-14,warmup_no_oof,0,LIVE
TR-008042,2022-11-14,warmup_no_oof,0,LIVE
TR-000214,2022-11-15,warmup_no_oof,0,LIVE
TR-001865,2022-11-15,warmup_no_oof,0,LIVE
TR-002827,2022-11-15,warmup_no_oof,0,LIVE
TR-003333,2022-11-15,warmup_no_oof,0,LIVE
TR-004472,2022-11-15,warmup_no_oof,0,LIVE
TR-005987,2022-11-15,warmup_no_oof,0,LIVE
TR-007428,2022-11-15,warmup_no_oof,0,LIVE
TR-008731,2022-11-15,warmup_no_oof,0,LIVE
TR-009932,2022-11-15,warmup_no_oof,0,LIVE
TR-002033,2022-11-16,warmup_no_oof,0,LIVE
TR-002418,2022-11-16,warmup_no_oof,0,LIVE
TR-002942,2022-11-16,warmup_no_oof,0,LIVE
TR-003295,2022-11-16,warmup_no_oof,0,LIVE
TR-003833,2022-11-16,warmup_no_oof,0,LIVE
TR-003869,2022-11-16,warmup_no_oof,0,LIVE
TR-004667,2022-11-16,warmup_no_oof,0,LIVE
TR-005397,2022-11-16,warmup_no_oof,0,LIVE
TR-005845,2022-11-16,warmup_no_oof,0,LIVE
TR-007064,2022-11-16,warmup_no_oof,0,LIVE
TR-002288,2022-11-17,warmup_no_oof,0,LIVE
TR-004602,2022-11-17,warmup_no_oof,0,LIVE
TR-007255,2022-11-17,warmup_no_oof,0,LIVE
TR-008017,2022-11-17,warmup_no_oof,0,LIVE
TR-008325,2022-11-17,warmup_no_oof,0,LIVE
TR-009378,2022-11-17,warmup_no_oof,0,LIVE
TR-001971,2022-11-18,warmup_no_oof,0,LIVE
TR-004550,2022-11-18,warmup_no_oof,0,LIVE
TR-005963,2022-11-18,warmup_no_oof,0,LIVE
TR-006125,2022-11-18,warmup_no_oof,0,LIVE
TR-006648,2022-11-18,warmup_no_oof,0,LIVE
TR-007124,2022-11-18,warmup_no_oof,0,LIVE
TR-007439,2022-11-18,warmup_no_oof,0,LIVE
TR-000474,2022-11-19,warmup_no_oof,0,LIVE
TR-001127,2022-11-19,warmup_no_oof,0,LIVE
TR-001834,2022-11-19,warmup_no_oof,0,LIVE
TR-002037,2022-11-19,warmup_no_oof,0,LIVE
TR-002125,2022-11-19,warmup_no_oof,0,LIVE
TR-003221,2022-11-19,warmup_no_oof,0,LIVE
TR-006367,2022-11-19,warmup_no_oof,0,LIVE
TR-006716,2022-11-19,warmup_no_oof,0,LIVE
TR-009919,2022-11-19,warmup_no_oof,0,LIVE
TR-000992,2022-11-20,warmup_no_oof,0,LIVE
TR-001185,2022-11-20,warmup_no_oof,0,LIVE
TR-003788,2022-11-20,warmup_no_oof,0,LIVE
TR-004948,2022-11-20,warmup_no_oof,0,LIVE
TR-007032,2022-11-20,warmup_no_oof,0,LIVE
TR-007067,2022-11-20,warmup_no_oof,0,LIVE
TR-007421,2022-11-20,warmup_no_oof,0,LIVE
TR-007658,2022-11-20,warmup_no_oof,0,LIVE
TR-000785,2022-11-21,warmup_no_oof,0,LIVE
TR-001301,2022-11-21,warmup_no_oof,0,LIVE
TR-003236,2022-11-21,warmup_no_oof,0,LIVE
TR-005379,2022-11-21,warmup_no_oof,0,LIVE
TR-005849,2022-11-21,warmup_no_oof,0,LIVE
TR-007758,2022-11-21,warmup_no_oof,0,LIVE
TR-008445,2022-11-21,warmup_no_oof,0,LIVE
TR-008591,2022-11-21,warmup_no_oof,0,LIVE
TR-000719,2022-11-22,warmup_no_oof,0,LIVE
TR-001030,2022-11-22,warmup_no_oof,0,LIVE
TR-001061,2022-11-22,warmup_no_oof,0,LIVE
TR-001782,2022-11-22,warmup_no_oof,0,LIVE
TR-002144,2022-11-22,warmup_no_oof,0,LIVE
TR-002897,2022-11-22,warmup_no_oof,0,LIVE
TR-005296,2022-11-22,warmup_no_oof,0,LIVE
TR-005636,2022-11-22,warmup_no_oof,0,LIVE
TR-006347,2022-11-22,warmup_no_oof,0,LIVE
TR-007136,2022-11-22,warmup_no_oof,0,LIVE
TR-008054,2022-11-22,warmup_no_oof,0,LIVE
TR-009761,2022-11-22,warmup_no_oof,0,LIVE
TR-000866,2022-11-23,warmup_no_oof,0,LIVE
TR-001636,2022-11-23,warmup_no_oof,0,LIVE
TR-001934,2022-11-23,warmup_no_oof,0,LIVE
TR-003147,2022-11-23,warmup_no_oof,0,LIVE
TR-004577,2022-11-23,warmup_no_oof,0,LIVE
TR-004795,2022-11-23,warmup_no_oof,0,LIVE
TR-004988,2022-11-23,warmup_no_oof,0,LIVE
TR-005314,2022-11-23,warmup_no_oof,0,LIVE
TR-005391,2022-11-23,warmup_no_oof,0,LIVE
TR-007699,2022-11-23,warmup_no_oof,0,LIVE
TR-009197,2022-11-23,warmup_no_oof,0,LIVE
TR-000006,2022-11-24,warmup_no_oof,0,LIVE
TR-000154,2022-11-24,warmup_no_oof,0,LIVE
TR-003294,2022-11-24,warmup_no_oof,0,LIVE
TR-005754,2022-11-24,warmup_no_oof,0,LIVE
TR-006025,2022-11-24,warmup_no_oof,0,LIVE
TR-007838,2022-11-24,warmup_no_oof,0,LIVE
TR-007840,2022-11-24,warmup_no_oof,0,LIVE
TR-007927,2022-11-24,warmup_no_oof,0,LIVE
TR-009032,2022-11-24,warmup_no_oof,0,LIVE
TR-001615,2022-11-25,warmup_no_oof,0,LIVE
TR-002519,2022-11-25,warmup_no_oof,0,LIVE
TR-002720,2022-11-25,warmup_no_oof,0,LIVE
TR-003576,2022-11-25,warmup_no_oof,0,LIVE
TR-006824,2022-11-25,warmup_no_oof,0,LIVE
TR-009472,2022-11-25,warmup_no_oof,0,LIVE
TR-000344,2022-11-26,warmup_no_oof,0,LIVE
TR-000518,2022-11-26,warmup_no_oof,0,LIVE
TR-003176,2022-11-26,warmup_no_oof,0,LIVE
TR-004813,2022-11-26,warmup_no_oof,0,LIVE
TR-005958,2022-11-26,warmup_no_oof,0,LIVE
TR-007673,2022-11-26,warmup_no_oof,0,LIVE
TR-000256,2022-11-27,warmup_no_oof,0,LIVE
TR-001108,2022-11-27,warmup_no_oof,0,LIVE
TR-001365,2022-11-27,warmup_no_oof,0,LIVE
TR-001822,2022-11-27,warmup_no_oof,0,LIVE
TR-002839,2022-11-27,warmup_no_oof,0,LIVE
TR-003027,2022-11-27,warmup_no_oof,0,LIVE
TR-003880,2022-11-27,warmup_no_oof,0,LIVE
TR-004658,2022-11-27,warmup_no_oof,0,LIVE
TR-004728,2022-11-27,warmup_no_oof,0,LIVE
TR-004873,2022-11-27,warmup_no_oof,0,LIVE
TR-004996,2022-11-27,warmup_no_oof,0,LIVE
TR-006735,2022-11-27,warmup_no_oof,0,LIVE
TR-007555,2022-11-27,warmup_no_oof,0,LIVE
TR-008932,2022-11-27,warmup_no_oof,0,LIVE
TR-003446,2022-11-28,warmup_no_oof,0,LIVE
TR-004024,2022-11-28,warmup_no_oof,0,LIVE
TR-004221,2022-11-28,warmup_no_oof,0,LIVE
TR-006313,2022-11-28,warmup_no_oof,0,LIVE
TR-007622,2022-11-28,warmup_no_oof,0,LIVE
TR-007842,2022-11-28,warmup_no_oof,0,LIVE
TR-008914,2022-11-28,warmup_no_oof,0,LIVE
TR-009872,2022-11-28,warmup_no_oof,0,LIVE
TR-003699,2022-11-29,warmup_no_oof,0,LIVE
TR-005136,2022-11-29,warmup_no_oof,0,LIVE
TR-008541,2022-11-29,warmup_no_oof,0,LIVE
TR-008831,2022-11-29,warmup_no_oof,0,LIVE
TR-009717,2022-11-29,warmup_no_oof,0,LIVE
TR-000786,2022-11-30,warmup_no_oof,0,LIVE
TR-001088,2022-11-30,warmup_no_oof,0,LIVE
TR-003622,2022-11-30,warmup_no_oof,0,LIVE
TR-004135,2022-11-30,warmup_no_oof,0,LIVE
TR-004410,2022-11-30,warmup_no_oof,0,LIVE
TR-004635,2022-11-30,warmup_no_oof,0,LIVE
TR-006087,2022-11-30,warmup_no_oof,0,LIVE
TR-007356,2022-11-30,warmup_no_oof,0,LIVE
TR-007732,2022-11-30,warmup_no_oof,0,LIVE
TR-008431,2022-11-30,warmup_no_oof,0,LIVE
TR-008749,2022-11-30,warmup_no_oof,0,LIVE
TR-009301,2022-11-30,warmup_no_oof,0,LIVE
TR-004022,2022-12-01,warmup_no_oof,0,LIVE
TR-004458,2022-12-01,warmup_no_oof,0,LIVE
TR-004893,2022-12-01,warmup_no_oof,0,LIVE
TR-004945,2022-12-01,warmup_no_oof,0,LIVE
TR-005147,2022-12-01,warmup_no_oof,0,LIVE
TR-005228,2022-12-01,warmup_no_oof,0,LIVE
TR-005413,2022-12-01,warmup_no_oof,0,LIVE
TR-005451,2022-12-01,warmup_no_oof,0,LIVE
TR-005490,2022-12-01,warmup_no_oof,0,LIVE
TR-006761,2022-12-01,warmup_no_oof,0,LIVE
TR-008806,2022-12-01,warmup_no_oof,0,LIVE
TR-009326,2022-12-01,warmup_no_oof,0,LIVE
TR-009351,2022-12-01,warmup_no_oof,0,LIVE
TR-009604,2022-12-01,warmup_no_oof,0,LIVE
TR-001204,2022-12-02,warmup_no_oof,0,LIVE
TR-005150,2022-12-02,warmup_no_oof,0,LIVE
TR-008333,2022-12-02,warmup_no_oof,0,LIVE
TR-009690,2022-12-02,warmup_no_oof,0,LIVE
TR-000047,2022-12-03,warmup_no_oof,0,LIVE
TR-002022,2022-12-03,warmup_no_oof,0,LIVE
TR-002098,2022-12-03,warmup_no_oof,0,LIVE
TR-004064,2022-12-03,warmup_no_oof,0,LIVE
TR-004678,2022-12-03,warmup_no_oof,0,LIVE
TR-004972,2022-12-03,warmup_no_oof,0,LIVE
TR-005141,2022-12-03,warmup_no_oof,0,LIVE
TR-008130,2022-12-03,warmup_no_oof,0,LIVE
TR-009388,2022-12-03,warmup_no_oof,0,LIVE
TR-000849,2022-12-04,warmup_no_oof,0,LIVE
TR-001463,2022-12-04,warmup_no_oof,0,LIVE
TR-002340,2022-12-04,warmup_no_oof,0,LIVE
TR-003323,2022-12-04,warmup_no_oof,0,LIVE
TR-004257,2022-12-04,warmup_no_oof,0,LIVE
TR-004797,2022-12-04,warmup_no_oof,0,LIVE
TR-005090,2022-12-04,warmup_no_oof,0,LIVE
TR-005281,2022-12-04,warmup_no_oof,0,LIVE
TR-005835,2022-12-04,warmup_no_oof,0,LIVE
TR-007417,2022-12-04,warmup_no_oof,0,LIVE
TR-007706,2022-12-04,warmup_no_oof,0,LIVE
TR-007885,2022-12-04,warmup_no_oof,0,LIVE
TR-008002,2022-12-04,warmup_no_oof,0,LIVE
TR-001431,2022-12-05,warmup_no_oof,0,LIVE
TR-004955,2022-12-05,warmup_no_oof,0,LIVE
TR-007264,2022-12-05,warmup_no_oof,0,LIVE
TR-008232,2022-12-05,warmup_no_oof,0,LIVE
TR-008836,2022-12-05,warmup_no_oof,0,LIVE
TR-009136,2022-12-05,warmup_no_oof,0,LIVE
TR-001092,2022-12-06,warmup_no_oof,0,LIVE
TR-002273,2022-12-06,warmup_no_oof,0,LIVE
TR-005089,2022-12-06,warmup_no_oof,0,LIVE
TR-007030,2022-12-06,warmup_no_oof,0,LIVE
TR-008936,2022-12-06,warmup_no_oof,0,LIVE
TR-000013,2022-12-07,warmup_no_oof,0,LIVE
TR-000817,2022-12-07,warmup_no_oof,0,LIVE
TR-000862,2022-12-07,warmup_no_oof,0,LIVE
TR-001305,2022-12-07,warmup_no_oof,0,LIVE
TR-002450,2022-12-07,warmup_no_oof,0,LIVE
TR-002534,2022-12-07,warmup_no_oof,0,LIVE
TR-003857,2022-12-07,warmup_no_oof,0,LIVE
TR-004573,2022-12-07,warmup_no_oof,0,LIVE
TR-005030,2022-12-07,warmup_no_oof,0,LIVE
TR-005524,2022-12-07,warmup_no_oof,0,LIVE
TR-006822,2022-12-07,warmup_no_oof,0,LIVE
TR-008252,2022-12-07,warmup_no_oof,0,LIVE
TR-008300,2022-12-07,warmup_no_oof,0,LIVE
TR-005472,2022-12-08,warmup_no_oof,0,LIVE
TR-006344,2022-12-08,warmup_no_oof,0,LIVE
TR-006918,2022-12-08,warmup_no_oof,0,LIVE
TR-007476,2022-12-08,warmup_no_oof,0,LIVE
TR-007697,2022-12-08,warmup_no_oof,0,LIVE
TR-008274,2022-12-08,warmup_no_oof,0,LIVE
TR-000036,2022-12-09,warmup_no_oof,0,LIVE
TR-001302,2022-12-09,warmup_no_oof,0,LIVE
TR-002114,2022-12-09,warmup_no_oof,0,LIVE
TR-003161,2022-12-09,warmup_no_oof,0,LIVE
TR-003782,2022-12-09,warmup_no_oof,0,LIVE
TR-003843,2022-12-09,warmup_no_oof,0,LIVE
TR-004721,2022-12-09,warmup_no_oof,0,LIVE
TR-006129,2022-12-09,warmup_no_oof,0,LIVE
TR-007370,2022-12-09,warmup_no_oof,0,LIVE
TR-007859,2022-12-09,warmup_no_oof,0,LIVE
TR-009542,2022-12-09,warmup_no_oof,0,LIVE
TR-000138,2022-12-10,warmup_no_oof,0,LIVE
TR-000220,2022-12-10,warmup_no_oof,0,LIVE
TR-002040,2022-12-10,warmup_no_oof,0,LIVE
TR-002359,2022-12-10,warmup_no_oof,0,LIVE
TR-002531,2022-12-10,warmup_no_oof,0,LIVE
TR-005996,2022-12-10,warmup_no_oof,0,LIVE
TR-008289,2022-12-10,warmup_no_oof,0,LIVE
TR-008605,2022-12-10,warmup_no_oof,0,LIVE
TR-008620,2022-12-10,warmup_no_oof,0,LIVE
TR-008786,2022-12-10,warmup_no_oof,0,LIVE
TR-008853,2022-12-10,warmup_no_oof,0,LIVE
TR-000097,2022-12-11,warmup_no_oof,0,LIVE
TR-000771,2022-12-11,warmup_no_oof,0,LIVE
TR-003023,2022-12-11,warmup_no_oof,0,LIVE
TR-004391,2022-12-11,warmup_no_oof,0,LIVE
TR-004933,2022-12-11,warmup_no_oof,0,LIVE
TR-006426,2022-12-11,warmup_no_oof,0,LIVE
TR-006548,2022-12-11,warmup_no_oof,0,LIVE
TR-008197,2022-12-11,warmup_no_oof,0,LIVE
TR-008240,2022-12-11,warmup_no_oof,0,LIVE
TR-008376,2022-12-11,warmup_no_oof,0,LIVE
TR-008412,2022-12-11,warmup_no_oof,0,LIVE
TR-000135,2022-12-12,warmup_no_oof,0,LIVE
TR-002240,2022-12-12,warmup_no_oof,0,LIVE
TR-004465,2022-12-12,warmup_no_oof,0,LIVE
TR-005742,2022-12-12,warmup_no_oof,0,LIVE
TR-006182,2022-12-12,warmup_no_oof,0,LIVE
TR-006209,2022-12-12,warmup_no_oof,0,LIVE
TR-006620,2022-12-12,warmup_no_oof,0,LIVE
TR-007189,2022-12-12,warmup_no_oof,0,LIVE
TR-009901,2022-12-12,warmup_no_oof,0,LIVE
TR-000951,2022-12-13,warmup_no_oof,0,LIVE
TR-001785,2022-12-13,warmup_no_oof,0,LIVE
TR-002077,2022-12-13,warmup_no_oof,0,LIVE
TR-003429,2022-12-13,warmup_no_oof,0,LIVE
TR-003433,2022-12-13,warmup_no_oof,0,LIVE
TR-004073,2022-12-13,warmup_no_oof,0,LIVE
TR-004545,2022-12-13,warmup_no_oof,0,LIVE
TR-005436,2022-12-13,warmup_no_oof,0,LIVE
TR-006446,2022-12-13,warmup_no_oof,0,LIVE
TR-006643,2022-12-13,warmup_no_oof,0,LIVE
TR-007144,2022-12-13,warmup_no_oof,0,LIVE
TR-008083,2022-12-13,warmup_no_oof,0,LIVE
TR-009641,2022-12-13,warmup_no_oof,0,LIVE
TR-009890,2022-12-13,warmup_no_oof,0,LIVE
TR-000187,2022-12-14,warmup_no_oof,0,LIVE
TR-000715,2022-12-14,warmup_no_oof,0,LIVE
TR-001380,2022-12-14,warmup_no_oof,0,LIVE
TR-004000,2022-12-14,warmup_no_oof,0,LIVE
TR-005908,2022-12-14,warmup_no_oof,0,LIVE
TR-007339,2022-12-14,warmup_no_oof,0,LIVE
TR-007649,2022-12-14,warmup_no_oof,0,LIVE
TR-009975,2022-12-14,warmup_no_oof,0,LIVE
TR-002382,2022-12-15,warmup_no_oof,0,LIVE
TR-002438,2022-12-15,warmup_no_oof,0,LIVE
TR-003409,2022-12-15,warmup_no_oof,0,LIVE
TR-003497,2022-12-15,warmup_no_oof,0,LIVE
TR-004777,2022-12-15,warmup_no_oof,0,LIVE
TR-004850,2022-12-15,warmup_no_oof,0,LIVE
TR-006537,2022-12-15,warmup_no_oof,0,LIVE
TR-007367,2022-12-15,warmup_no_oof,0,LIVE
TR-008045,2022-12-15,warmup_no_oof,0,LIVE
TR-008067,2022-12-15,warmup_no_oof,0,LIVE
TR-009842,2022-12-15,warmup_no_oof,0,LIVE
TR-000757,2022-12-16,warmup_no_oof,0,LIVE
TR-001171,2022-12-16,warmup_no_oof,0,LIVE
TR-004186,2022-12-16,warmup_no_oof,0,LIVE
TR-005907,2022-12-16,warmup_no_oof,0,LIVE
TR-007426,2022-12-16,warmup_no_oof,0,LIVE
TR-008484,2022-12-16,warmup_no_oof,0,LIVE
TR-008741,2022-12-16,warmup_no_oof,0,LIVE
TR-009428,2022-12-16,warmup_no_oof,0,LIVE
TR-002660,2022-12-17,warmup_no_oof,0,LIVE
TR-004634,2022-12-17,warmup_no_oof,0,LIVE
TR-006076,2022-12-17,warmup_no_oof,0,LIVE
TR-007943,2022-12-17,warmup_no_oof,0,LIVE
TR-008569,2022-12-17,warmup_no_oof,0,LIVE
TR-009474,2022-12-17,warmup_no_oof,0,LIVE
TR-009778,2022-12-17,warmup_no_oof,0,LIVE
TR-000118,2022-12-18,warmup_no_oof,0,LIVE
TR-000585,2022-12-18,warmup_no_oof,0,LIVE
TR-001128,2022-12-18,warmup_no_oof,0,LIVE
TR-001756,2022-12-18,warmup_no_oof,0,LIVE
TR-002447,2022-12-18,warmup_no_oof,0,LIVE
TR-002560,2022-12-18,warmup_no_oof,0,LIVE
TR-003563,2022-12-18,warmup_no_oof,0,LIVE
TR-006642,2022-12-18,warmup_no_oof,0,LIVE
TR-006678,2022-12-18,warmup_no_oof,0,LIVE
TR-007373,2022-12-18,warmup_no_oof,0,LIVE
TR-009073,2022-12-18,warmup_no_oof,0,LIVE
TR-009681,2022-12-18,warmup_no_oof,0,LIVE
TR-000060,2022-12-19,warmup_no_oof,0,LIVE
TR-002361,2022-12-19,warmup_no_oof,0,LIVE
TR-003571,2022-12-19,warmup_no_oof,0,LIVE
TR-005098,2022-12-19,warmup_no_oof,0,LIVE
TR-005598,2022-12-19,warmup_no_oof,0,LIVE
TR-006174,2022-12-19,warmup_no_oof,0,LIVE
TR-006354,2022-12-19,warmup_no_oof,0,LIVE
TR-001839,2022-12-20,warmup_no_oof,0,LIVE
TR-001944,2022-12-20,warmup_no_oof,0,LIVE
TR-002516,2022-12-20,warmup_no_oof,0,LIVE
TR-003793,2022-12-20,warmup_no_oof,0,LIVE
TR-006786,2022-12-20,warmup_no_oof,0,LIVE
TR-007110,2022-12-20,warmup_no_oof,0,LIVE
TR-008396,2022-12-20,warmup_no_oof,0,LIVE
TR-008467,2022-12-20,warmup_no_oof,0,LIVE
TR-008883,2022-12-20,warmup_no_oof,0,LIVE
TR-009170,2022-12-20,warmup_no_oof,0,LIVE
TR-000924,2022-12-21,warmup_no_oof,0,LIVE
TR-001913,2022-12-21,warmup_no_oof,0,LIVE
TR-003660,2022-12-21,warmup_no_oof,0,LIVE
TR-005431,2022-12-21,warmup_no_oof,0,LIVE
TR-006691,2022-12-21,warmup_no_oof,0,LIVE
TR-008036,2022-12-21,warmup_no_oof,0,LIVE
TR-001219,2022-12-22,warmup_no_oof,0,LIVE
TR-003149,2022-12-22,warmup_no_oof,0,LIVE
TR-003628,2022-12-22,warmup_no_oof,0,LIVE
TR-004662,2022-12-22,warmup_no_oof,0,LIVE
TR-005481,2022-12-22,warmup_no_oof,0,LIVE
TR-006396,2022-12-22,warmup_no_oof,0,LIVE
TR-008639,2022-12-22,warmup_no_oof,0,LIVE
TR-002389,2022-12-23,warmup_no_oof,0,LIVE
TR-003136,2022-12-23,warmup_no_oof,0,LIVE
TR-003377,2022-12-23,warmup_no_oof,0,LIVE
TR-003587,2022-12-23,warmup_no_oof,0,LIVE
TR-004835,2022-12-23,warmup_no_oof,0,LIVE
TR-006752,2022-12-23,warmup_no_oof,0,LIVE
TR-007122,2022-12-23,warmup_no_oof,0,LIVE
TR-008318,2022-12-23,warmup_no_oof,0,LIVE
TR-009210,2022-12-23,warmup_no_oof,0,LIVE
TR-000144,2022-12-24,warmup_no_oof,0,LIVE
TR-000594,2022-12-24,warmup_no_oof,0,LIVE
TR-000839,2022-12-24,warmup_no_oof,0,LIVE
TR-001412,2022-12-24,warmup_no_oof,0,LIVE
TR-002225,2022-12-24,warmup_no_oof,0,LIVE
TR-009376,2022-12-24,warmup_no_oof,0,LIVE
TR-002564,2022-12-25,warmup_no_oof,0,LIVE
TR-005012,2022-12-25,warmup_no_oof,0,LIVE
TR-006939,2022-12-25,warmup_no_oof,0,LIVE
TR-007139,2022-12-25,warmup_no_oof,0,LIVE
TR-007765,2022-12-25,warmup_no_oof,0,LIVE
TR-008332,2022-12-25,warmup_no_oof,0,LIVE
TR-008638,2022-12-25,warmup_no_oof,0,LIVE
TR-008775,2022-12-25,warmup_no_oof,0,LIVE
TR-009671,2022-12-25,warmup_no_oof,0,LIVE
TR-009871,2022-12-25,warmup_no_oof,0,LIVE
TR-000023,2022-12-26,warmup_no_oof,0,LIVE
TR-000906,2022-12-26,warmup_no_oof,0,LIVE
TR-002092,2022-12-26,warmup_no_oof,0,LIVE
TR-003371,2022-12-26,warmup_no_oof,0,LIVE
TR-007761,2022-12-26,warmup_no_oof,0,LIVE
TR-008440,2022-12-26,warmup_no_oof,0,LIVE
TR-000587,2022-12-27,warmup_no_oof,0,LIVE
TR-003009,2022-12-27,warmup_no_oof,0,LIVE
TR-003152,2022-12-27,warmup_no_oof,0,LIVE
TR-003900,2022-12-27,warmup_no_oof,0,LIVE
TR-005278,2022-12-27,warmup_no_oof,0,LIVE
TR-006058,2022-12-27,warmup_no_oof,0,LIVE
TR-006975,2022-12-27,warmup_no_oof,0,LIVE
TR-007627,2022-12-27,warmup_no_oof,0,LIVE
TR-007934,2022-12-27,warmup_no_oof,0,LIVE
TR-000034,2022-12-28,warmup_no_oof,0,LIVE
TR-000235,2022-12-28,warmup_no_oof,0,LIVE
TR-001845,2022-12-28,warmup_no_oof,0,LIVE
TR-001991,2022-12-28,warmup_no_oof,0,LIVE
TR-002326,2022-12-28,warmup_no_oof,0,LIVE
TR-003585,2022-12-28,warmup_no_oof,0,LIVE
TR-003918,2022-12-28,warmup_no_oof,0,LIVE
TR-006104,2022-12-28,warmup_no_oof,0,LIVE
TR-006323,2022-12-28,warmup_no_oof,0,LIVE
TR-006415,2022-12-28,warmup_no_oof,0,LIVE
TR-007024,2022-12-28,warmup_no_oof,0,LIVE
TR-007726,2022-12-28,warmup_no_oof,0,LIVE
TR-008517,2022-12-28,warmup_no_oof,0,LIVE
TR-009117,2022-12-28,warmup_no_oof,0,LIVE
TR-001084,2022-12-29,warmup_no_oof,0,LIVE
TR-002350,2022-12-29,warmup_no_oof,0,LIVE
TR-002401,2022-12-29,warmup_no_oof,0,LIVE
TR-003380,2022-12-29,warmup_no_oof,0,LIVE
TR-003408,2022-12-29,warmup_no_oof,0,LIVE
TR-004600,2022-12-29,warmup_no_oof,0,LIVE
TR-006842,2022-12-29,warmup_no_oof,0,LIVE
TR-000491,2022-12-30,warmup_no_oof,0,LIVE
TR-000708,2022-12-30,warmup_no_oof,0,LIVE
TR-002799,2022-12-30,warmup_no_oof,0,LIVE
TR-005241,2022-12-30,warmup_no_oof,0,LIVE
TR-006064,2022-12-30,warmup_no_oof,0,LIVE
TR-007220,2022-12-30,warmup_no_oof,0,LIVE
TR-007769,2022-12-30,warmup_no_oof,0,LIVE
TR-008233,2022-12-30,warmup_no_oof,0,LIVE
TR-008946,2022-12-30,warmup_no_oof,0,LIVE
TR-009590,2022-12-30,warmup_no_oof,0,LIVE
TR-000001,2022-12-31,warmup_no_oof,0,LIVE
TR-002661,2022-12-31,warmup_no_oof,0,LIVE
TR-003209,2022-12-31,warmup_no_oof,0,LIVE
TR-003774,2022-12-31,warmup_no_oof,0,LIVE
TR-004700,2022-12-31,warmup_no_oof,0,LIVE
TR-006224,2022-12-31,warmup_no_oof,0,LIVE
TR-007169,2022-12-31,warmup_no_oof,0,LIVE
TR-008000,2022-12-31,warmup_no_oof,0,LIVE
TR-001160,2023-01-01,warmup_no_oof,0,LIVE
TR-003137,2023-01-01,warmup_no_oof,0,LIVE
TR-004529,2023-01-01,warmup_no_oof,0,LIVE
TR-004666,2023-01-01,warmup_no_oof,0,LIVE
TR-008372,2023-01-01,warmup_no_oof,0,LIVE
TR-008609,2023-01-01,warmup_no_oof,0,LIVE
TR-008986,2023-01-01,warmup_no_oof,0,LIVE
TR-000048,2023-01-02,warmup_no_oof,0,LIVE
TR-001784,2023-01-02,warmup_no_oof,0,LIVE
TR-004869,2023-01-02,warmup_no_oof,0,LIVE
TR-005220,2023-01-02,warmup_no_oof,0,LIVE
TR-007824,2023-01-02,warmup_no_oof,0,LIVE
TR-008493,2023-01-02,warmup_no_oof,0,LIVE
TR-009178,2023-01-02,warmup_no_oof,0,LIVE
TR-000581,2023-01-03,warmup_no_oof,0,LIVE
TR-004046,2023-01-03,warmup_no_oof,0,LIVE
TR-004069,2023-01-03,warmup_no_oof,0,LIVE
TR-004152,2023-01-03,warmup_no_oof,0,LIVE
TR-004765,2023-01-03,warmup_no_oof,0,LIVE
TR-006062,2023-01-03,warmup_no_oof,0,LIVE
TR-007448,2023-01-03,warmup_no_oof,0,LIVE
TR-008099,2023-01-03,warmup_no_oof,0,LIVE
TR-008761,2023-01-03,warmup_no_oof,0,LIVE
TR-009800,2023-01-03,warmup_no_oof,0,LIVE
TR-000150,2023-01-04,warmup_no_oof,0,LIVE
TR-001565,2023-01-04,warmup_no_oof,0,LIVE
TR-001931,2023-01-04,warmup_no_oof,0,LIVE
TR-002231,2023-01-04,warmup_no_oof,0,LIVE
TR-002268,2023-01-04,warmup_no_oof,0,LIVE
TR-004017,2023-01-04,warmup_no_oof,0,LIVE
TR-004574,2023-01-04,warmup_no_oof,0,LIVE
TR-008007,2023-01-04,warmup_no_oof,0,LIVE
TR-008014,2023-01-04,warmup_no_oof,0,LIVE
TR-009760,2023-01-04,warmup_no_oof,0,LIVE
TR-009829,2023-01-04,warmup_no_oof,0,LIVE
TR-009875,2023-01-04,warmup_no_oof,0,LIVE
TR-000929,2023-01-05,warmup_no_oof,0,LIVE
TR-001071,2023-01-05,warmup_no_oof,0,LIVE
TR-005216,2023-01-05,warmup_no_oof,0,LIVE
TR-005640,2023-01-05,warmup_no_oof,0,LIVE
TR-007662,2023-01-05,warmup_no_oof,0,LIVE
TR-007701,2023-01-05,warmup_no_oof,0,LIVE
TR-008794,2023-01-05,warmup_no_oof,0,LIVE
TR-000789,2023-01-06,warmup_no_oof,0,LIVE
TR-001894,2023-01-06,warmup_no_oof,0,LIVE
TR-001979,2023-01-06,warmup_no_oof,0,LIVE
TR-002601,2023-01-06,warmup_no_oof,0,LIVE
TR-003122,2023-01-06,warmup_no_oof,0,LIVE
TR-003183,2023-01-06,warmup_no_oof,0,LIVE
TR-004307,2023-01-06,warmup_no_oof,0,LIVE
TR-004882,2023-01-06,warmup_no_oof,0,LIVE
TR-005881,2023-01-06,warmup_no_oof,0,LIVE
TR-009451,2023-01-06,warmup_no_oof,0,LIVE
TR-009521,2023-01-06,warmup_no_oof,0,LIVE
TR-000439,2023-01-07,warmup_no_oof,0,LIVE
TR-001595,2023-01-07,warmup_no_oof,0,LIVE
TR-001639,2023-01-07,warmup_no_oof,0,LIVE
TR-002195,2023-01-07,warmup_no_oof,0,LIVE
TR-002228,2023-01-07,warmup_no_oof,0,LIVE
TR-008583,2023-01-07,warmup_no_oof,0,LIVE
TR-000700,2023-01-08,warmup_no_oof,0,LIVE
TR-002239,2023-01-08,warmup_no_oof,0,LIVE
TR-003450,2023-01-08,warmup_no_oof,0,LIVE
TR-004037,2023-01-08,warmup_no_oof,0,LIVE
TR-004363,2023-01-08,warmup_no_oof,0,LIVE
TR-004756,2023-01-08,warmup_no_oof,0,LIVE
TR-005731,2023-01-08,warmup_no_oof,0,LIVE
TR-006086,2023-01-08,warmup_no_oof,0,LIVE
TR-006300,2023-01-08,warmup_no_oof,0,LIVE
TR-007730,2023-01-08,warmup_no_oof,0,LIVE
TR-008061,2023-01-08,warmup_no_oof,0,LIVE
TR-008223,2023-01-08,warmup_no_oof,0,LIVE
TR-009770,2023-01-08,warmup_no_oof,0,LIVE
TR-000879,2023-01-09,warmup_no_oof,0,LIVE
TR-000956,2023-01-09,warmup_no_oof,0,LIVE
TR-001374,2023-01-09,warmup_no_oof,0,LIVE
TR-003549,2023-01-09,warmup_no_oof,0,LIVE
TR-004696,2023-01-09,warmup_no_oof,0,LIVE
TR-005224,2023-01-09,warmup_no_oof,0,LIVE
TR-005432,2023-01-09,warmup_no_oof,0,LIVE
TR-007061,2023-01-09,warmup_no_oof,0,LIVE
TR-007660,2023-01-09,warmup_no_oof,0,LIVE
TR-008743,2023-01-09,warmup_no_oof,0,LIVE
TR-009517,2023-01-09,warmup_no_oof,0,LIVE
TR-001436,2023-01-10,warmup_no_oof,0,LIVE
TR-001775,2023-01-10,warmup_no_oof,0,LIVE
TR-002561,2023-01-10,warmup_no_oof,0,LIVE
TR-002696,2023-01-10,warmup_no_oof,0,LIVE
TR-003639,2023-01-10,warmup_no_oof,0,LIVE
TR-004771,2023-01-10,warmup_no_oof,0,LIVE
TR-007386,2023-01-10,warmup_no_oof,0,LIVE
TR-007401,2023-01-10,warmup_no_oof,0,LIVE
TR-007704,2023-01-10,warmup_no_oof,0,LIVE
TR-000850,2023-01-11,warmup_no_oof,0,LIVE
TR-000958,2023-01-11,warmup_no_oof,0,LIVE
TR-001021,2023-01-11,warmup_no_oof,0,LIVE
TR-002352,2023-01-11,warmup_no_oof,0,LIVE
TR-002445,2023-01-11,warmup_no_oof,0,LIVE
TR-002673,2023-01-11,warmup_no_oof,0,LIVE
TR-003054,2023-01-11,warmup_no_oof,0,LIVE
TR-003066,2023-01-11,warmup_no_oof,0,LIVE
TR-003479,2023-01-11,warmup_no_oof,0,LIVE
TR-003826,2023-01-11,warmup_no_oof,0,LIVE
TR-004123,2023-01-11,warmup_no_oof,0,LIVE
TR-004226,2023-01-11,warmup_no_oof,0,LIVE
TR-005540,2023-01-11,warmup_no_oof,0,LIVE
TR-005716,2023-01-11,warmup_no_oof,0,LIVE
TR-005809,2023-01-11,warmup_no_oof,0,LIVE
TR-006971,2023-01-11,warmup_no_oof,0,LIVE
TR-007308,2023-01-11,warmup_no_oof,0,LIVE
TR-007574,2023-01-11,warmup_no_oof,0,LIVE
TR-008406,2023-01-11,warmup_no_oof,0,LIVE
TR-009617,2023-01-11,warmup_no_oof,0,LIVE
TR-002856,2023-01-12,warmup_no_oof,0,LIVE
TR-005061,2023-01-12,warmup_no_oof,0,LIVE
TR-006710,2023-01-12,warmup_no_oof,0,LIVE
TR-007168,2023-01-12,warmup_no_oof,0,LIVE
TR-007797,2023-01-12,warmup_no_oof,0,LIVE
TR-008450,2023-01-12,warmup_no_oof,0,LIVE
TR-001143,2023-01-13,warmup_no_oof,0,LIVE
TR-002019,2023-01-13,warmup_no_oof,0,LIVE
TR-005311,2023-01-13,warmup_no_oof,0,LIVE
TR-007397,2023-01-13,warmup_no_oof,0,LIVE
TR-007423,2023-01-13,warmup_no_oof,0,LIVE
TR-007780,2023-01-13,warmup_no_oof,0,LIVE
TR-007925,2023-01-13,warmup_no_oof,0,LIVE
TR-008385,2023-01-13,warmup_no_oof,0,LIVE
TR-009632,2023-01-13,warmup_no_oof,0,LIVE
TR-000265,2023-01-14,warmup_no_oof,0,LIVE
TR-006422,2023-01-14,warmup_no_oof,0,LIVE
TR-006585,2023-01-14,warmup_no_oof,0,LIVE
TR-008066,2023-01-14,warmup_no_oof,0,LIVE
TR-008339,2023-01-14,warmup_no_oof,0,LIVE
TR-003089,2023-01-15,warmup_no_oof,0,LIVE
TR-003349,2023-01-15,warmup_no_oof,0,LIVE
TR-004637,2023-01-15,warmup_no_oof,0,LIVE
TR-004828,2023-01-15,warmup_no_oof,0,LIVE
TR-005300,2023-01-15,warmup_no_oof,0,LIVE
TR-005779,2023-01-15,warmup_no_oof,0,LIVE
TR-006121,2023-01-15,warmup_no_oof,0,LIVE
TR-006964,2023-01-15,warmup_no_oof,0,LIVE
TR-007284,2023-01-15,warmup_no_oof,0,LIVE
TR-009001,2023-01-15,warmup_no_oof,0,LIVE
TR-009395,2023-01-15,warmup_no_oof,0,LIVE
TR-009787,2023-01-15,warmup_no_oof,0,LIVE
TR-006515,2023-01-16,warmup_no_oof,0,LIVE
TR-007344,2023-01-16,warmup_no_oof,0,LIVE
TR-008201,2023-01-16,warmup_no_oof,0,LIVE
TR-001665,2023-01-17,warmup_no_oof,0,LIVE
TR-002695,2023-01-17,warmup_no_oof,0,LIVE
TR-004701,2023-01-17,warmup_no_oof,0,LIVE
TR-004730,2023-01-17,warmup_no_oof,0,LIVE
TR-005749,2023-01-17,warmup_no_oof,0,LIVE
TR-006846,2023-01-17,warmup_no_oof,0,LIVE
TR-006860,2023-01-17,warmup_no_oof,0,LIVE
TR-008273,2023-01-17,warmup_no_oof,0,LIVE
TR-009367,2023-01-17,warmup_no_oof,0,LIVE
TR-009673,2023-01-17,warmup_no_oof,0,LIVE
TR-009938,2023-01-17,warmup_no_oof,0,LIVE
TR-000197,2023-01-18,warmup_no_oof,0,LIVE
TR-002342,2023-01-18,warmup_no_oof,0,LIVE
TR-002614,2023-01-18,warmup_no_oof,0,LIVE
TR-004302,2023-01-18,warmup_no_oof,0,LIVE
TR-004306,2023-01-18,warmup_no_oof,0,LIVE
TR-005260,2023-01-18,warmup_no_oof,0,LIVE
TR-005367,2023-01-18,warmup_no_oof,0,LIVE
TR-002986,2023-01-19,warmup_no_oof,0,LIVE
TR-003094,2023-01-19,warmup_no_oof,0,LIVE
TR-003752,2023-01-19,warmup_no_oof,0,LIVE
TR-003955,2023-01-19,warmup_no_oof,0,LIVE
TR-004625,2023-01-19,warmup_no_oof,0,LIVE
TR-005213,2023-01-19,warmup_no_oof,0,LIVE
TR-005283,2023-01-19,warmup_no_oof,0,LIVE
TR-006270,2023-01-19,warmup_no_oof,0,LIVE
TR-006352,2023-01-19,warmup_no_oof,0,LIVE
TR-007685,2023-01-19,warmup_no_oof,0,LIVE
TR-008101,2023-01-19,warmup_no_oof,0,LIVE
TR-008288,2023-01-19,warmup_no_oof,0,LIVE
TR-001669,2023-01-20,warmup_no_oof,0,LIVE
TR-003309,2023-01-20,warmup_no_oof,0,LIVE
TR-006081,2023-01-20,warmup_no_oof,0,LIVE
TR-006213,2023-01-20,warmup_no_oof,0,LIVE
TR-006451,2023-01-20,warmup_no_oof,0,LIVE
TR-007277,2023-01-20,warmup_no_oof,0,LIVE
TR-007392,2023-01-20,warmup_no_oof,0,LIVE
TR-008247,2023-01-20,warmup_no_oof,0,LIVE
TR-008265,2023-01-20,warmup_no_oof,0,LIVE
TR-008548,2023-01-20,warmup_no_oof,0,LIVE
TR-001939,2023-01-21,warmup_no_oof,0,LIVE
TR-001982,2023-01-21,warmup_no_oof,0,LIVE
TR-002908,2023-01-21,warmup_no_oof,0,LIVE
TR-003196,2023-01-21,warmup_no_oof,0,LIVE
TR-003280,2023-01-21,warmup_no_oof,0,LIVE
TR-004522,2023-01-21,warmup_no_oof,0,LIVE
TR-007053,2023-01-21,warmup_no_oof,0,LIVE
TR-008979,2023-01-21,warmup_no_oof,0,LIVE
TR-009232,2023-01-21,warmup_no_oof,0,LIVE
TR-009412,2023-01-21,warmup_no_oof,0,LIVE
TR-000172,2023-01-22,warmup_no_oof,0,LIVE
TR-000371,2023-01-22,warmup_no_oof,0,LIVE
TR-000972,2023-01-22,warmup_no_oof,0,LIVE
TR-001180,2023-01-22,warmup_no_oof,0,LIVE
TR-001459,2023-01-22,warmup_no_oof,0,LIVE
TR-002070,2023-01-22,warmup_no_oof,0,LIVE
TR-003535,2023-01-22,warmup_no_oof,0,LIVE
TR-003538,2023-01-22,warmup_no_oof,0,LIVE
TR-005245,2023-01-22,warmup_no_oof,0,LIVE
TR-006009,2023-01-22,warmup_no_oof,0,LIVE
TR-006702,2023-01-22,warmup_no_oof,0,LIVE
TR-006907,2023-01-22,warmup_no_oof,0,LIVE
TR-006985,2023-01-22,warmup_no_oof,0,LIVE
TR-008286,2023-01-22,warmup_no_oof,0,LIVE
TR-009294,2023-01-22,warmup_no_oof,0,LIVE
TR-000367,2023-01-23,warmup_no_oof,0,LIVE
TR-000535,2023-01-23,warmup_no_oof,0,LIVE
TR-000945,2023-01-23,warmup_no_oof,0,LIVE
TR-001287,2023-01-23,warmup_no_oof,0,LIVE
TR-002095,2023-01-23,warmup_no_oof,0,LIVE
TR-002640,2023-01-23,warmup_no_oof,0,LIVE
TR-002936,2023-01-23,warmup_no_oof,0,LIVE
TR-003874,2023-01-23,warmup_no_oof,0,LIVE
TR-004388,2023-01-23,warmup_no_oof,0,LIVE
TR-009244,2023-01-23,warmup_no_oof,0,LIVE
TR-009906,2023-01-23,warmup_no_oof,0,LIVE
TR-002559,2023-01-24,warmup_no_oof,0,LIVE
TR-004998,2023-01-24,warmup_no_oof,0,LIVE
TR-006315,2023-01-24,warmup_no_oof,0,LIVE
TR-006357,2023-01-24,warmup_no_oof,0,LIVE
TR-008395,2023-01-24,warmup_no_oof,0,LIVE
TR-000664,2023-01-25,warmup_no_oof,0,LIVE
TR-002539,2023-01-25,warmup_no_oof,0,LIVE
TR-004155,2023-01-25,warmup_no_oof,0,LIVE
TR-004162,2023-01-25,warmup_no_oof,0,LIVE
TR-004204,2023-01-25,warmup_no_oof,0,LIVE
TR-004399,2023-01-25,warmup_no_oof,0,LIVE
TR-004707,2023-01-25,warmup_no_oof,0,LIVE
TR-004971,2023-01-25,warmup_no_oof,0,LIVE
TR-006259,2023-01-25,warmup_no_oof,0,LIVE
TR-006465,2023-01-25,warmup_no_oof,0,LIVE
TR-007095,2023-01-25,warmup_no_oof,0,LIVE
TR-007828,2023-01-25,warmup_no_oof,0,LIVE
TR-007924,2023-01-25,warmup_no_oof,0,LIVE
TR-008060,2023-01-25,warmup_no_oof,0,LIVE
TR-009818,2023-01-25,warmup_no_oof,0,LIVE
TR-000054,2023-01-26,warmup_no_oof,0,LIVE
TR-001461,2023-01-26,warmup_no_oof,0,LIVE
TR-002325,2023-01-26,warmup_no_oof,0,LIVE
TR-004394,2023-01-26,warmup_no_oof,0,LIVE
TR-005365,2023-01-26,warmup_no_oof,0,LIVE
TR-005979,2023-01-26,warmup_no_oof,0,LIVE
TR-005997,2023-01-26,warmup_no_oof,0,LIVE
TR-007086,2023-01-26,warmup_no_oof,0,LIVE
TR-008071,2023-01-26,warmup_no_oof,0,LIVE
TR-000826,2023-01-27,warmup_no_oof,0,LIVE
TR-001103,2023-01-27,warmup_no_oof,0,LIVE
TR-002651,2023-01-27,warmup_no_oof,0,LIVE
TR-004090,2023-01-27,warmup_no_oof,0,LIVE
TR-004897,2023-01-27,warmup_no_oof,0,LIVE
TR-006925,2023-01-27,warmup_no_oof,0,LIVE
TR-007750,2023-01-27,warmup_no_oof,0,LIVE
TR-008107,2023-01-27,warmup_no_oof,0,LIVE
TR-009479,2023-01-27,warmup_no_oof,0,LIVE
TR-009846,2023-01-27,warmup_no_oof,0,LIVE
TR-000055,2023-01-28,warmup_no_oof,0,LIVE
TR-000130,2023-01-28,warmup_no_oof,0,LIVE
TR-000263,2023-01-28,warmup_no_oof,0,LIVE
TR-000404,2023-01-28,warmup_no_oof,0,LIVE
TR-000717,2023-01-28,warmup_no_oof,0,LIVE
TR-000755,2023-01-28,warmup_no_oof,0,LIVE
TR-001105,2023-01-28,warmup_no_oof,0,LIVE
TR-002345,2023-01-28,warmup_no_oof,0,LIVE
TR-004482,2023-01-28,warmup_no_oof,0,LIVE
TR-004870,2023-01-28,warmup_no_oof,0,LIVE
TR-008321,2023-01-28,warmup_no_oof,0,LIVE
TR-000388,2023-01-29,warmup_no_oof,0,LIVE
TR-004172,2023-01-29,warmup_no_oof,0,LIVE
TR-006383,2023-01-29,warmup_no_oof,0,LIVE
TR-009625,2023-01-29,warmup_no_oof,0,LIVE
TR-009664,2023-01-29,warmup_no_oof,0,LIVE
TR-009713,2023-01-29,warmup_no_oof,0,LIVE
TR-009857,2023-01-29,warmup_no_oof,0,LIVE
TR-000787,2023-01-30,warmup_no_oof,0,LIVE
TR-003114,2023-01-30,warmup_no_oof,0,LIVE
TR-003129,2023-01-30,warmup_no_oof,0,LIVE
TR-004773,2023-01-30,warmup_no_oof,0,LIVE
TR-004908,2023-01-30,warmup_no_oof,0,LIVE
TR-006952,2023-01-30,warmup_no_oof,0,LIVE
TR-006963,2023-01-30,warmup_no_oof,0,LIVE
TR-008341,2023-01-30,warmup_no_oof,0,LIVE
TR-009836,2023-01-30,warmup_no_oof,0,LIVE
TR-009839,2023-01-30,warmup_no_oof,0,LIVE
TR-001013,2023-01-31,warmup_no_oof,0,LIVE
TR-001930,2023-01-31,warmup_no_oof,0,LIVE
TR-006180,2023-01-31,warmup_no_oof,0,LIVE
TR-007217,2023-01-31,warmup_no_oof,0,LIVE
TR-009389,2023-01-31,warmup_no_oof,0,LIVE
TR-009583,2023-01-31,warmup_no_oof,0,LIVE
TR-009746,2023-01-31,warmup_no_oof,0,LIVE
TR-009887,2023-01-31,warmup_no_oof,0,LIVE
TR-001221,2023-02-01,warmup_no_oof,0,LIVE
TR-001334,2023-02-01,warmup_no_oof,0,LIVE
TR-003970,2023-02-01,warmup_no_oof,0,LIVE
TR-004509,2023-02-01,warmup_no_oof,0,LIVE
TR-005396,2023-02-01,warmup_no_oof,0,LIVE
TR-005736,2023-02-01,warmup_no_oof,0,LIVE
TR-005750,2023-02-01,warmup_no_oof,0,LIVE
TR-005762,2023-02-01,warmup_no_oof,0,LIVE
TR-006333,2023-02-01,warmup_no_oof,0,LIVE
TR-006427,2023-02-01,warmup_no_oof,0,LIVE
TR-007304,2023-02-01,warmup_no_oof,0,LIVE
TR-007954,2023-02-01,warmup_no_oof,0,LIVE
TR-007962,2023-02-01,warmup_no_oof,0,LIVE
TR-008518,2023-02-01,warmup_no_oof,0,LIVE
TR-009373,2023-02-01,warmup_no_oof,0,LIVE
TR-001082,2023-02-02,warmup_no_oof,0,LIVE
TR-002365,2023-02-02,warmup_no_oof,0,LIVE
TR-004949,2023-02-02,warmup_no_oof,0,LIVE
TR-005206,2023-02-02,warmup_no_oof,0,LIVE
TR-005477,2023-02-02,warmup_no_oof,0,LIVE
TR-006290,2023-02-02,warmup_no_oof,0,LIVE
TR-007570,2023-02-02,warmup_no_oof,0,LIVE
TR-008827,2023-02-02,warmup_no_oof,0,LIVE
TR-008906,2023-02-02,warmup_no_oof,0,LIVE
TR-009525,2023-02-02,warmup_no_oof,0,LIVE
TR-000943,2023-02-03,warmup_no_oof,0,LIVE
TR-002490,2023-02-03,warmup_no_oof,0,LIVE
TR-005385,2023-02-03,warmup_no_oof,0,LIVE
TR-005771,2023-02-03,warmup_no_oof,0,LIVE
TR-006172,2023-02-03,warmup_no_oof,0,LIVE
TR-006410,2023-02-03,warmup_no_oof,0,LIVE
TR-009599,2023-02-03,warmup_no_oof,0,LIVE
TR-000999,2023-02-04,warmup_no_oof,0,LIVE
TR-001746,2023-02-04,warmup_no_oof,0,LIVE
TR-003234,2023-02-04,warmup_no_oof,0,LIVE
TR-004871,2023-02-04,warmup_no_oof,0,LIVE
TR-008246,2023-02-04,warmup_no_oof,0,LIVE
TR-008617,2023-02-04,warmup_no_oof,0,LIVE
TR-009536,2023-02-04,warmup_no_oof,0,LIVE
TR-001794,2023-02-05,warmup_no_oof,0,LIVE
TR-001988,2023-02-05,warmup_no_oof,0,LIVE
TR-002276,2023-02-05,warmup_no_oof,0,LIVE
TR-003680,2023-02-05,warmup_no_oof,0,LIVE
TR-004207,2023-02-05,warmup_no_oof,0,LIVE
TR-004547,2023-02-05,warmup_no_oof,0,LIVE
TR-005702,2023-02-05,warmup_no_oof,0,LIVE
TR-005823,2023-02-05,warmup_no_oof,0,LIVE
TR-005999,2023-02-05,warmup_no_oof,0,LIVE
TR-006619,2023-02-05,warmup_no_oof,0,LIVE
TR-006876,2023-02-05,warmup_no_oof,0,LIVE
TR-007635,2023-02-05,warmup_no_oof,0,LIVE
TR-007651,2023-02-05,warmup_no_oof,0,LIVE
TR-000183,2023-02-06,warmup_no_oof,0,LIVE
TR-000591,2023-02-06,warmup_no_oof,0,LIVE
TR-001101,2023-02-06,warmup_no_oof,0,LIVE
TR-001732,2023-02-06,warmup_no_oof,0,LIVE
TR-002135,2023-02-06,warmup_no_oof,0,LIVE
TR-002329,2023-02-06,warmup_no_oof,0,LIVE
TR-002879,2023-02-06,warmup_no_oof,0,LIVE
TR-003329,2023-02-06,warmup_no_oof,0,LIVE
TR-003737,2023-02-06,warmup_no_oof,0,LIVE
TR-006555,2023-02-06,warmup_no_oof,0,LIVE
TR-008215,2023-02-06,warmup_no_oof,0,LIVE
TR-008752,2023-02-06,warmup_no_oof,0,LIVE
TR-009208,2023-02-06,warmup_no_oof,0,LIVE
TR-000634,2023-02-07,warmup_no_oof,0,LIVE
TR-002669,2023-02-07,warmup_no_oof,0,LIVE
TR-003331,2023-02-07,warmup_no_oof,0,LIVE
TR-003404,2023-02-07,warmup_no_oof,0,LIVE
TR-003631,2023-02-07,warmup_no_oof,0,LIVE
TR-003844,2023-02-07,warmup_no_oof,0,LIVE
TR-005286,2023-02-07,warmup_no_oof,0,LIVE
TR-005288,2023-02-07,warmup_no_oof,0,LIVE
TR-005458,2023-02-07,warmup_no_oof,0,LIVE
TR-005605,2023-02-07,warmup_no_oof,0,LIVE
TR-006836,2023-02-07,warmup_no_oof,0,LIVE
TR-007000,2023-02-07,warmup_no_oof,0,LIVE
TR-008861,2023-02-07,warmup_no_oof,0,LIVE
TR-000821,2023-02-08,warmup_no_oof,0,LIVE
TR-001728,2023-02-08,warmup_no_oof,0,LIVE
TR-002681,2023-02-08,warmup_no_oof,0,LIVE
TR-004409,2023-02-08,warmup_no_oof,0,LIVE
TR-006744,2023-02-08,warmup_no_oof,0,LIVE
TR-007910,2023-02-08,warmup_no_oof,0,LIVE
TR-007970,2023-02-08,warmup_no_oof,0,LIVE
TR-008144,2023-02-08,warmup_no_oof,0,LIVE
TR-001006,2023-02-09,warmup_no_oof,0,LIVE
TR-002257,2023-02-09,warmup_no_oof,0,LIVE
TR-002701,2023-02-09,warmup_no_oof,0,LIVE
TR-002922,2023-02-09,warmup_no_oof,0,LIVE
TR-002941,2023-02-09,warmup_no_oof,0,LIVE
TR-003142,2023-02-09,warmup_no_oof,0,LIVE
TR-004673,2023-02-09,warmup_no_oof,0,LIVE
TR-005637,2023-02-09,warmup_no_oof,0,LIVE
TR-006245,2023-02-09,warmup_no_oof,0,LIVE
TR-006251,2023-02-09,warmup_no_oof,0,LIVE
TR-007207,2023-02-09,warmup_no_oof,0,LIVE
TR-007601,2023-02-09,warmup_no_oof,0,LIVE
TR-008063,2023-02-09,warmup_no_oof,0,LIVE
TR-008553,2023-02-09,warmup_no_oof,0,LIVE
TR-001643,2023-02-10,warmup_no_oof,0,LIVE
TR-001778,2023-02-10,warmup_no_oof,0,LIVE
TR-004992,2023-02-10,warmup_no_oof,0,LIVE
TR-006748,2023-02-10,warmup_no_oof,0,LIVE
TR-006847,2023-02-10,warmup_no_oof,0,LIVE
TR-008824,2023-02-10,warmup_no_oof,0,LIVE
TR-009251,2023-02-10,warmup_no_oof,0,LIVE
TR-009682,2023-02-10,warmup_no_oof,0,LIVE
TR-000014,2023-02-11,warmup_no_oof,0,LIVE
TR-001232,2023-02-11,warmup_no_oof,0,LIVE
TR-001832,2023-02-11,warmup_no_oof,0,LIVE
TR-002155,2023-02-11,warmup_no_oof,0,LIVE
TR-002301,2023-02-11,warmup_no_oof,0,LIVE
TR-002789,2023-02-11,warmup_no_oof,0,LIVE
TR-005198,2023-02-11,warmup_no_oof,0,LIVE
TR-005709,2023-02-11,warmup_no_oof,0,LIVE
TR-006225,2023-02-11,warmup_no_oof,0,LIVE
TR-007821,2023-02-11,warmup_no_oof,0,LIVE
TR-009840,2023-02-11,warmup_no_oof,0,LIVE
TR-001402,2023-02-12,warmup_no_oof,0,LIVE
TR-002632,2023-02-12,warmup_no_oof,0,LIVE
TR-002905,2023-02-12,warmup_no_oof,0,LIVE
TR-003220,2023-02-12,warmup_no_oof,0,LIVE
TR-005882,2023-02-12,warmup_no_oof,0,LIVE
TR-007586,2023-02-12,warmup_no_oof,0,LIVE
TR-000295,2023-02-13,warmup_no_oof,0,LIVE
TR-000361,2023-02-13,warmup_no_oof,0,LIVE
TR-000625,2023-02-13,warmup_no_oof,0,LIVE
TR-002508,2023-02-13,warmup_no_oof,0,LIVE
TR-002721,2023-02-13,warmup_no_oof,0,LIVE
TR-002824,2023-02-13,warmup_no_oof,0,LIVE
TR-003182,2023-02-13,warmup_no_oof,0,LIVE
TR-008015,2023-02-13,warmup_no_oof,0,LIVE
TR-008573,2023-02-13,warmup_no_oof,0,LIVE
TR-008636,2023-02-13,warmup_no_oof,0,LIVE
TR-009164,2023-02-13,warmup_no_oof,0,LIVE
TR-000468,2023-02-14,warmup_no_oof,0,LIVE
TR-000677,2023-02-14,warmup_no_oof,0,LIVE
TR-000781,2023-02-14,warmup_no_oof,0,LIVE
TR-003541,2023-02-14,warmup_no_oof,0,LIVE
TR-004651,2023-02-14,warmup_no_oof,0,LIVE
TR-009291,2023-02-14,warmup_no_oof,0,LIVE
TR-009805,2023-02-14,warmup_no_oof,0,LIVE
TR-004686,2023-02-15,warmup_no_oof,0,LIVE
TR-004878,2023-02-15,warmup_no_oof,0,LIVE
TR-005469,2023-02-15,warmup_no_oof,0,LIVE
TR-005888,2023-02-15,warmup_no_oof,0,LIVE
TR-007506,2023-02-15,warmup_no_oof,0,LIVE
TR-008878,2023-02-15,warmup_no_oof,0,LIVE
TR-008930,2023-02-15,warmup_no_oof,0,LIVE
TR-000451,2023-02-16,warmup_no_oof,0,LIVE
TR-000623,2023-02-16,warmup_no_oof,0,LIVE
TR-001290,2023-02-16,warmup_no_oof,0,LIVE
TR-002826,2023-02-16,warmup_no_oof,0,LIVE
TR-005911,2023-02-16,warmup_no_oof,0,LIVE
TR-007038,2023-02-16,warmup_no_oof,0,LIVE
TR-008218,2023-02-16,warmup_no_oof,0,LIVE
TR-008291,2023-02-16,warmup_no_oof,0,LIVE
TR-008982,2023-02-16,warmup_no_oof,0,LIVE
TR-009055,2023-02-16,warmup_no_oof,0,LIVE
TR-000784,2023-02-17,warmup_no_oof,0,LIVE
TR-001874,2023-02-17,warmup_no_oof,0,LIVE
TR-002030,2023-02-17,warmup_no_oof,0,LIVE
TR-003327,2023-02-17,warmup_no_oof,0,LIVE
TR-003396,2023-02-17,warmup_no_oof,0,LIVE
TR-007416,2023-02-17,warmup_no_oof,0,LIVE
TR-008889,2023-02-17,warmup_no_oof,0,LIVE
TR-009040,2023-02-17,warmup_no_oof,0,LIVE
TR-009315,2023-02-17,warmup_no_oof,0,LIVE
TR-009549,2023-02-17,warmup_no_oof,0,LIVE
TR-003802,2023-02-18,warmup_no_oof,0,LIVE
TR-007749,2023-02-18,warmup_no_oof,0,LIVE
TR-008514,2023-02-18,warmup_no_oof,0,LIVE
TR-009247,2023-02-18,warmup_no_oof,0,LIVE
TR-001022,2023-02-19,warmup_no_oof,0,LIVE
TR-002177,2023-02-19,warmup_no_oof,0,LIVE
TR-002449,2023-02-19,warmup_no_oof,0,LIVE
TR-002535,2023-02-19,warmup_no_oof,0,LIVE
TR-003215,2023-02-19,warmup_no_oof,0,LIVE
TR-003943,2023-02-19,warmup_no_oof,0,LIVE
TR-007292,2023-02-19,warmup_no_oof,0,LIVE
TR-008989,2023-02-19,warmup_no_oof,0,LIVE
TR-009482,2023-02-19,warmup_no_oof,0,LIVE
TR-001252,2023-02-20,warmup_no_oof,0,LIVE
TR-003068,2023-02-20,warmup_no_oof,0,LIVE
TR-004234,2023-02-20,warmup_no_oof,0,LIVE
TR-005693,2023-02-20,warmup_no_oof,0,LIVE
TR-006705,2023-02-20,warmup_no_oof,0,LIVE
TR-007557,2023-02-20,warmup_no_oof,0,LIVE
TR-007559,2023-02-20,warmup_no_oof,0,LIVE
TR-008529,2023-02-20,warmup_no_oof,0,LIVE
TR-008894,2023-02-20,warmup_no_oof,0,LIVE
TR-009016,2023-02-20,warmup_no_oof,0,LIVE
TR-000596,2023-02-21,warmup_no_oof,0,LIVE
TR-000684,2023-02-21,warmup_no_oof,0,LIVE
TR-002207,2023-02-21,warmup_no_oof,0,LIVE
TR-002488,2023-02-21,warmup_no_oof,0,LIVE
TR-003282,2023-02-21,warmup_no_oof,0,LIVE
TR-004837,2023-02-21,warmup_no_oof,0,LIVE
TR-005068,2023-02-21,warmup_no_oof,0,LIVE
TR-006889,2023-02-21,warmup_no_oof,0,LIVE
TR-007588,2023-02-21,warmup_no_oof,0,LIVE
TR-008390,2023-02-21,warmup_no_oof,0,LIVE
TR-008622,2023-02-21,warmup_no_oof,0,LIVE
TR-000863,2023-02-22,warmup_no_oof,0,LIVE
TR-005375,2023-02-22,warmup_no_oof,0,LIVE
TR-008497,2023-02-22,warmup_no_oof,0,LIVE
TR-009622,2023-02-22,warmup_no_oof,0,LIVE
TR-004481,2023-02-23,warmup_no_oof,0,LIVE
TR-005341,2023-02-23,warmup_no_oof,0,LIVE
TR-005558,2023-02-23,warmup_no_oof,0,LIVE
TR-009755,2023-02-23,warmup_no_oof,0,LIVE
TR-000524,2023-02-24,warmup_no_oof,0,LIVE
TR-000848,2023-02-24,warmup_no_oof,0,LIVE
TR-000927,2023-02-24,warmup_no_oof,0,LIVE
TR-001564,2023-02-24,warmup_no_oof,0,LIVE
TR-001917,2023-02-24,warmup_no_oof,0,LIVE
TR-002047,2023-02-24,warmup_no_oof,0,LIVE
TR-002503,2023-02-24,warmup_no_oof,0,LIVE
TR-006760,2023-02-24,warmup_no_oof,0,LIVE
TR-006791,2023-02-24,warmup_no_oof,0,LIVE
TR-007026,2023-02-24,warmup_no_oof,0,LIVE
TR-007272,2023-02-24,warmup_no_oof,0,LIVE
TR-009397,2023-02-24,warmup_no_oof,0,LIVE
TR-009995,2023-02-24,warmup_no_oof,0,LIVE
TR-000380,2023-02-25,warmup_no_oof,0,LIVE
TR-003602,2023-02-25,warmup_no_oof,0,LIVE
TR-003615,2023-02-25,warmup_no_oof,0,LIVE
TR-004035,2023-02-25,warmup_no_oof,0,LIVE
TR-005153,2023-02-25,warmup_no_oof,0,LIVE
TR-006140,2023-02-25,warmup_no_oof,0,LIVE
TR-006820,2023-02-25,warmup_no_oof,0,LIVE
TR-007767,2023-02-25,warmup_no_oof,0,LIVE
TR-008586,2023-02-25,warmup_no_oof,0,LIVE
TR-000052,2023-02-26,warmup_no_oof,0,LIVE
TR-002001,2023-02-26,warmup_no_oof,0,LIVE
TR-002020,2023-02-26,warmup_no_oof,0,LIVE
TR-005238,2023-02-26,warmup_no_oof,0,LIVE
TR-006731,2023-02-26,warmup_no_oof,0,LIVE
TR-007805,2023-02-26,warmup_no_oof,0,LIVE
TR-007980,2023-02-26,warmup_no_oof,0,LIVE
TR-008901,2023-02-26,warmup_no_oof,0,LIVE
TR-008934,2023-02-26,warmup_no_oof,0,LIVE
TR-001558,2023-02-27,warmup_no_oof,0,LIVE
TR-002015,2023-02-27,warmup_no_oof,0,LIVE
TR-004646,2023-02-27,warmup_no_oof,0,LIVE
TR-006019,2023-02-27,warmup_no_oof,0,LIVE
TR-006738,2023-02-27,warmup_no_oof,0,LIVE
TR-007060,2023-02-27,warmup_no_oof,0,LIVE
TR-007170,2023-02-27,warmup_no_oof,0,LIVE
TR-007779,2023-02-27,warmup_no_oof,0,LIVE
TR-008169,2023-02-27,warmup_no_oof,0,LIVE
TR-008597,2023-02-27,warmup_no_oof,0,LIVE
TR-000136,2023-02-28,warmup_no_oof,0,LIVE
TR-001043,2023-02-28,warmup_no_oof,0,LIVE
TR-001976,2023-02-28,warmup_no_oof,0,LIVE
TR-002254,2023-02-28,warmup_no_oof,0,LIVE
TR-002938,2023-02-28,warmup_no_oof,0,LIVE
TR-003581,2023-02-28,warmup_no_oof,0,LIVE
TR-005056,2023-02-28,warmup_no_oof,0,LIVE
TR-005504,2023-02-28,warmup_no_oof,0,LIVE
TR-006301,2023-02-28,warmup_no_oof,0,LIVE
TR-008209,2023-02-28,warmup_no_oof,0,LIVE
TR-008364,2023-02-28,warmup_no_oof,0,LIVE
TR-008789,2023-02-28,warmup_no_oof,0,LIVE
TR-003473,2023-03-01,warmup_no_oof,0,LIVE
TR-005564,2023-03-01,warmup_no_oof,0,LIVE
TR-006034,2023-03-01,warmup_no_oof,0,LIVE
TR-006117,2023-03-01,warmup_no_oof,0,LIVE
TR-007527,2023-03-01,warmup_no_oof,0,LIVE
TR-007698,2023-03-01,warmup_no_oof,0,LIVE
TR-008140,2023-03-01,warmup_no_oof,0,LIVE
TR-009561,2023-03-01,warmup_no_oof,0,LIVE
TR-002999,2023-03-02,warmup_no_oof,0,LIVE
TR-003305,2023-03-02,warmup_no_oof,0,LIVE
TR-005825,2023-03-02,warmup_no_oof,0,LIVE
TR-005964,2023-03-02,warmup_no_oof,0,LIVE
TR-006241,2023-03-02,warmup_no_oof,0,LIVE
TR-007036,2023-03-02,warmup_no_oof,0,LIVE
TR-007071,2023-03-02,warmup_no_oof,0,LIVE
TR-008115,2023-03-02,warmup_no_oof,0,LIVE
TR-008842,2023-03-02,warmup_no_oof,0,LIVE
TR-001244,2023-03-03,warmup_no_oof,0,LIVE
TR-003188,2023-03-03,warmup_no_oof,0,LIVE
TR-003238,2023-03-03,warmup_no_oof,0,LIVE
TR-003681,2023-03-03,warmup_no_oof,0,LIVE
TR-004205,2023-03-03,warmup_no_oof,0,LIVE
TR-004495,2023-03-03,warmup_no_oof,0,LIVE
TR-004735,2023-03-03,warmup_no_oof,0,LIVE
TR-005291,2023-03-03,warmup_no_oof,0,LIVE
TR-006522,2023-03-03,warmup_no_oof,0,LIVE
TR-009783,2023-03-03,warmup_no_oof,0,LIVE
TR-000215,2023-03-04,warmup_no_oof,0,LIVE
TR-003976,2023-03-04,warmup_no_oof,0,LIVE
TR-004298,2023-03-04,warmup_no_oof,0,LIVE
TR-004867,2023-03-04,warmup_no_oof,0,LIVE
TR-005001,2023-03-04,warmup_no_oof,0,LIVE
TR-006029,2023-03-04,warmup_no_oof,0,LIVE
TR-006754,2023-03-04,warmup_no_oof,0,LIVE
TR-006890,2023-03-04,warmup_no_oof,0,LIVE
TR-007771,2023-03-04,warmup_no_oof,0,LIVE
TR-008086,2023-03-04,warmup_no_oof,0,LIVE
TR-008727,2023-03-04,warmup_no_oof,0,LIVE
TR-009306,2023-03-04,warmup_no_oof,0,LIVE
TR-009371,2023-03-04,warmup_no_oof,0,LIVE
TR-000559,2023-03-05,warmup_no_oof,0,LIVE
TR-004789,2023-03-05,warmup_no_oof,0,LIVE
TR-009468,2023-03-05,warmup_no_oof,0,LIVE
TR-001257,2023-03-06,warmup_no_oof,0,LIVE
TR-003957,2023-03-06,warmup_no_oof,0,LIVE
TR-004266,2023-03-06,warmup_no_oof,0,LIVE
TR-008753,2023-03-06,warmup_no_oof,0,LIVE
TR-009089,2023-03-06,warmup_no_oof,0,LIVE
TR-000991,2023-03-07,warmup_no_oof,0,LIVE
TR-001002,2023-03-07,warmup_no_oof,0,LIVE
TR-002551,2023-03-07,warmup_no_oof,0,LIVE
TR-002819,2023-03-07,warmup_no_oof,0,LIVE
TR-003388,2023-03-07,warmup_no_oof,0,LIVE
TR-003551,2023-03-07,warmup_no_oof,0,LIVE
TR-005229,2023-03-07,warmup_no_oof,0,LIVE
TR-005922,2023-03-07,warmup_no_oof,0,LIVE
TR-006026,2023-03-07,warmup_no_oof,0,LIVE
TR-009950,2023-03-07,warmup_no_oof,0,LIVE
TR-001997,2023-03-08,warmup_no_oof,0,LIVE
TR-004132,2023-03-08,warmup_no_oof,0,LIVE
TR-004597,2023-03-08,warmup_no_oof,0,LIVE
TR-004645,2023-03-08,warmup_no_oof,0,LIVE
TR-008035,2023-03-08,warmup_no_oof,0,LIVE
TR-000454,2023-03-09,warmup_no_oof,0,LIVE
TR-000660,2023-03-09,warmup_no_oof,0,LIVE
TR-003658,2023-03-09,warmup_no_oof,0,LIVE
TR-003905,2023-03-09,warmup_no_oof,0,LIVE
TR-005394,2023-03-09,warmup_no_oof,0,LIVE
TR-005995,2023-03-09,warmup_no_oof,0,LIVE
TR-006699,2023-03-09,warmup_no_oof,0,LIVE
TR-006765,2023-03-09,warmup_no_oof,0,LIVE
TR-006887,2023-03-09,warmup_no_oof,0,LIVE
TR-008219,2023-03-09,warmup_no_oof,0,LIVE
TR-008722,2023-03-09,warmup_no_oof,0,LIVE
TR-009020,2023-03-09,warmup_no_oof,0,LIVE
TR-000234,2023-03-10,warmup_no_oof,0,LIVE
TR-001172,2023-03-10,warmup_no_oof,0,LIVE
TR-004433,2023-03-10,warmup_no_oof,0,LIVE
TR-004993,2023-03-10,warmup_no_oof,0,LIVE
TR-005075,2023-03-10,warmup_no_oof,0,LIVE
TR-005578,2023-03-10,warmup_no_oof,0,LIVE
TR-005755,2023-03-10,warmup_no_oof,0,LIVE
TR-006027,2023-03-10,warmup_no_oof,0,LIVE
TR-009023,2023-03-10,warmup_no_oof,0,LIVE
TR-009743,2023-03-10,warmup_no_oof,0,LIVE
TR-001694,2023-03-11,warmup_no_oof,0,LIVE
TR-006122,2023-03-11,warmup_no_oof,0,LIVE
TR-006149,2023-03-11,warmup_no_oof,0,LIVE
TR-007366,2023-03-11,warmup_no_oof,0,LIVE
TR-007978,2023-03-11,warmup_no_oof,0,LIVE
TR-008912,2023-03-11,warmup_no_oof,0,LIVE
TR-009307,2023-03-11,warmup_no_oof,0,LIVE
TR-009592,2023-03-11,warmup_no_oof,0,LIVE
TR-003016,2023-03-12,warmup_no_oof,0,LIVE
TR-005374,2023-03-12,warmup_no_oof,0,LIVE
TR-005489,2023-03-12,warmup_no_oof,0,LIVE
TR-006433,2023-03-12,warmup_no_oof,0,LIVE
TR-007809,2023-03-12,warmup_no_oof,0,LIVE
TR-009161,2023-03-12,warmup_no_oof,0,LIVE
TR-002988,2023-03-13,warmup_no_oof,0,LIVE
TR-004757,2023-03-13,warmup_no_oof,0,LIVE
TR-006275,2023-03-13,warmup_no_oof,0,LIVE
TR-006532,2023-03-13,warmup_no_oof,0,LIVE
TR-009968,2023-03-13,warmup_no_oof,0,LIVE
TR-001700,2023-03-14,warmup_no_oof,0,LIVE
TR-002150,2023-03-14,warmup_no_oof,0,LIVE
TR-003251,2023-03-14,warmup_no_oof,0,LIVE
TR-004210,2023-03-14,warmup_no_oof,0,LIVE
TR-006534,2023-03-14,warmup_no_oof,0,LIVE
TR-007882,2023-03-14,warmup_no_oof,0,LIVE
TR-008616,2023-03-14,warmup_no_oof,0,LIVE
TR-001759,2023-03-15,warmup_no_oof,0,LIVE
TR-002855,2023-03-15,warmup_no_oof,0,LIVE
TR-003106,2023-03-15,warmup_no_oof,0,LIVE
TR-003265,2023-03-15,warmup_no_oof,0,LIVE
TR-003434,2023-03-15,warmup_no_oof,0,LIVE
TR-003868,2023-03-15,warmup_no_oof,0,LIVE
TR-004280,2023-03-15,warmup_no_oof,0,LIVE
TR-005818,2023-03-15,warmup_no_oof,0,LIVE
TR-006827,2023-03-15,warmup_no_oof,0,LIVE
TR-006869,2023-03-15,warmup_no_oof,0,LIVE
TR-008481,2023-03-15,warmup_no_oof,0,LIVE
TR-009038,2023-03-15,warmup_no_oof,0,LIVE
TR-009116,2023-03-15,warmup_no_oof,0,LIVE
TR-000151,2023-03-16,warmup_no_oof,0,LIVE
TR-001624,2023-03-16,warmup_no_oof,0,LIVE
TR-003912,2023-03-16,warmup_no_oof,0,LIVE
TR-005126,2023-03-16,warmup_no_oof,0,LIVE
TR-005970,2023-03-16,warmup_no_oof,0,LIVE
TR-006343,2023-03-16,warmup_no_oof,0,LIVE
TR-006353,2023-03-16,warmup_no_oof,0,LIVE
TR-007471,2023-03-16,warmup_no_oof,0,LIVE
TR-007566,2023-03-16,warmup_no_oof,0,LIVE
TR-008221,2023-03-16,warmup_no_oof,0,LIVE
TR-008308,2023-03-16,warmup_no_oof,0,LIVE
TR-009106,2023-03-16,warmup_no_oof,0,LIVE
TR-009288,2023-03-16,warmup_no_oof,0,LIVE
TR-009407,2023-03-16,warmup_no_oof,0,LIVE
TR-009466,2023-03-16,warmup_no_oof,0,LIVE
TR-001364,2023-03-17,warmup_no_oof,0,LIVE
TR-002297,2023-03-17,warmup_no_oof,0,LIVE
TR-002378,2023-03-17,warmup_no_oof,0,LIVE
TR-003063,2023-03-17,warmup_no_oof,0,LIVE
TR-004768,2023-03-17,warmup_no_oof,0,LIVE
TR-004929,2023-03-17,warmup_no_oof,0,LIVE
TR-004964,2023-03-17,warmup_no_oof,0,LIVE
TR-007447,2023-03-17,warmup_no_oof,0,LIVE
TR-000440,2023-03-18,warmup_no_oof,0,LIVE
TR-001362,2023-03-18,warmup_no_oof,0,LIVE
TR-008657,2023-03-18,warmup_no_oof,0,LIVE
TR-009841,2023-03-18,warmup_no_oof,0,LIVE
TR-000554,2023-03-19,warmup_no_oof,0,LIVE
TR-002175,2023-03-19,warmup_no_oof,0,LIVE
TR-004781,2023-03-19,warmup_no_oof,0,LIVE
TR-005290,2023-03-19,warmup_no_oof,0,LIVE
TR-005689,2023-03-19,warmup_no_oof,0,LIVE
TR-006388,2023-03-19,warmup_no_oof,0,LIVE
TR-006630,2023-03-19,warmup_no_oof,0,LIVE
TR-000818,2023-03-20,warmup_no_oof,0,LIVE
TR-005944,2023-03-20,warmup_no_oof,0,LIVE
TR-008206,2023-03-20,warmup_no_oof,0,LIVE
TR-008329,2023-03-20,warmup_no_oof,0,LIVE
TR-001525,2023-03-21,warmup_no_oof,0,LIVE
TR-002583,2023-03-21,warmup_no_oof,0,LIVE
TR-003033,2023-03-21,warmup_no_oof,0,LIVE
TR-003757,2023-03-21,warmup_no_oof,0,LIVE
TR-003876,2023-03-21,warmup_no_oof,0,LIVE
TR-005740,2023-03-21,warmup_no_oof,0,LIVE
TR-007802,2023-03-21,warmup_no_oof,0,LIVE
TR-008862,2023-03-21,warmup_no_oof,0,LIVE
TR-008875,2023-03-21,warmup_no_oof,0,LIVE
TR-009095,2023-03-21,warmup_no_oof,0,LIVE
TR-001338,2023-03-22,warmup_no_oof,0,LIVE
TR-002334,2023-03-22,warmup_no_oof,0,LIVE
TR-003050,2023-03-22,warmup_no_oof,0,LIVE
TR-003092,2023-03-22,warmup_no_oof,0,LIVE
TR-004486,2023-03-22,warmup_no_oof,0,LIVE
TR-004805,2023-03-22,warmup_no_oof,0,LIVE
TR-001231,2023-03-23,warmup_no_oof,0,LIVE
TR-002132,2023-03-23,warmup_no_oof,0,LIVE
TR-004382,2023-03-23,warmup_no_oof,0,LIVE
TR-005574,2023-03-23,warmup_no_oof,0,LIVE
TR-007253,2023-03-23,warmup_no_oof,0,LIVE
TR-009048,2023-03-23,warmup_no_oof,0,LIVE
TR-000075,2023-03-24,warmup_no_oof,0,LIVE
TR-002817,2023-03-24,warmup_no_oof,0,LIVE
TR-002904,2023-03-24,warmup_no_oof,0,LIVE
TR-005562,2023-03-24,warmup_no_oof,0,LIVE
TR-006850,2023-03-24,warmup_no_oof,0,LIVE
TR-009442,2023-03-24,warmup_no_oof,0,LIVE
TR-000797,2023-03-25,warmup_no_oof,0,LIVE
TR-001243,2023-03-25,warmup_no_oof,0,LIVE
TR-002594,2023-03-25,warmup_no_oof,0,LIVE
TR-003667,2023-03-25,warmup_no_oof,0,LIVE
TR-003727,2023-03-25,warmup_no_oof,0,LIVE
TR-004419,2023-03-25,warmup_no_oof,0,LIVE
TR-004708,2023-03-25,warmup_no_oof,0,LIVE
TR-005959,2023-03-25,warmup_no_oof,0,LIVE
TR-007244,2023-03-25,warmup_no_oof,0,LIVE
TR-007613,2023-03-25,warmup_no_oof,0,LIVE
TR-007816,2023-03-25,warmup_no_oof,0,LIVE
TR-001909,2023-03-26,warmup_no_oof,0,LIVE
TR-001980,2023-03-26,warmup_no_oof,0,LIVE
TR-002186,2023-03-26,warmup_no_oof,0,LIVE
TR-003100,2023-03-26,warmup_no_oof,0,LIVE
TR-003574,2023-03-26,warmup_no_oof,0,LIVE
TR-004195,2023-03-26,warmup_no_oof,0,LIVE
TR-004851,2023-03-26,warmup_no_oof,0,LIVE
TR-008602,2023-03-26,warmup_no_oof,0,LIVE
TR-008613,2023-03-26,warmup_no_oof,0,LIVE
TR-001207,2023-03-27,warmup_no_oof,0,LIVE
TR-001695,2023-03-27,warmup_no_oof,0,LIVE
TR-002274,2023-03-27,warmup_no_oof,0,LIVE
TR-004457,2023-03-27,warmup_no_oof,0,LIVE
TR-005180,2023-03-27,warmup_no_oof,0,LIVE
TR-007187,2023-03-27,warmup_no_oof,0,LIVE
TR-008537,2023-03-27,warmup_no_oof,0,LIVE
TR-009663,2023-03-27,warmup_no_oof,0,LIVE
TR-006739,2023-03-28,warmup_no_oof,0,LIVE
TR-000731,2023-03-29,warmup_no_oof,0,LIVE
TR-004373,2023-03-29,warmup_no_oof,0,LIVE
TR-004697,2023-03-29,warmup_no_oof,0,LIVE
TR-005715,2023-03-29,warmup_no_oof,0,LIVE
TR-006570,2023-03-29,warmup_no_oof,0,LIVE
TR-007619,2023-03-29,warmup_no_oof,0,LIVE
TR-008498,2023-03-29,warmup_no_oof,0,LIVE
TR-000206,2023-03-30,warmup_no_oof,0,LIVE
TR-000314,2023-03-30,warmup_no_oof,0,LIVE
TR-002983,2023-03-30,warmup_no_oof,0,LIVE
TR-004518,2023-03-30,warmup_no_oof,0,LIVE
TR-004587,2023-03-30,warmup_no_oof,0,LIVE
TR-004997,2023-03-30,warmup_no_oof,0,LIVE
TR-005218,2023-03-30,warmup_no_oof,0,LIVE
TR-006397,2023-03-30,warmup_no_oof,0,LIVE
TR-007355,2023-03-30,warmup_no_oof,0,LIVE
TR-000576,2023-03-31,warmup_no_oof,0,LIVE
TR-001129,2023-03-31,warmup_no_oof,0,LIVE
TR-002841,2023-03-31,warmup_no_oof,0,LIVE
TR-003889,2023-03-31,warmup_no_oof,0,LIVE
TR-005014,2023-03-31,warmup_no_oof,0,LIVE
TR-005821,2023-03-31,warmup_no_oof,0,LIVE
TR-006248,2023-03-31,warmup_no_oof,0,LIVE
TR-006623,2023-03-31,warmup_no_oof,0,LIVE
TR-009124,2023-03-31,warmup_no_oof,0,LIVE
TR-000774,2023-04-01,warmup_no_oof,0,LIVE
TR-001295,2023-04-01,warmup_no_oof,0,LIVE
TR-001870,2023-04-01,warmup_no_oof,0,LIVE
TR-002656,2023-04-01,warmup_no_oof,0,LIVE
TR-004030,2023-04-01,warmup_no_oof,0,LIVE
TR-005013,2023-04-01,warmup_no_oof,0,LIVE
TR-005049,2023-04-01,warmup_no_oof,0,LIVE
TR-006342,2023-04-01,warmup_no_oof,0,LIVE
TR-009035,2023-04-01,warmup_no_oof,0,LIVE
TR-009565,2023-04-01,warmup_no_oof,0,LIVE
TR-000003,2023-04-02,warmup_no_oof,0,LIVE
TR-000530,2023-04-02,warmup_no_oof,0,LIVE
TR-000658,2023-04-02,warmup_no_oof,0,LIVE
TR-003038,2023-04-02,warmup_no_oof,0,LIVE
TR-003140,2023-04-02,warmup_no_oof,0,LIVE
TR-004334,2023-04-02,warmup_no_oof,0,LIVE
TR-004462,2023-04-02,warmup_no_oof,0,LIVE
TR-007306,2023-04-02,warmup_no_oof,0,LIVE
TR-009672,2023-04-02,warmup_no_oof,0,LIVE
TR-000086,2023-04-03,warmup_no_oof,0,LIVE
TR-000638,2023-04-03,warmup_no_oof,0,LIVE
TR-000856,2023-04-03,warmup_no_oof,0,LIVE
TR-003110,2023-04-03,warmup_no_oof,0,LIVE
TR-008621,2023-04-03,warmup_no_oof,0,LIVE
TR-008968,2023-04-03,warmup_no_oof,0,LIVE
TR-000354,2023-04-04,warmup_no_oof,0,LIVE
TR-001346,2023-04-04,warmup_no_oof,0,LIVE
TR-001899,2023-04-04,warmup_no_oof,0,LIVE
TR-002964,2023-04-04,warmup_no_oof,0,LIVE
TR-004115,2023-04-04,warmup_no_oof,0,LIVE
TR-004198,2023-04-04,warmup_no_oof,0,LIVE
TR-006175,2023-04-04,warmup_no_oof,0,LIVE
TR-006536,2023-04-04,warmup_no_oof,0,LIVE
TR-007404,2023-04-04,warmup_no_oof,0,LIVE
TR-009134,2023-04-04,warmup_no_oof,0,LIVE
TR-000100,2023-04-05,warmup_no_oof,0,LIVE
TR-000486,2023-04-05,warmup_no_oof,0,LIVE
TR-000490,2023-04-05,warmup_no_oof,0,LIVE
TR-000780,2023-04-05,warmup_no_oof,0,LIVE
TR-000948,2023-04-05,warmup_no_oof,0,LIVE
TR-003719,2023-04-05,warmup_no_oof,0,LIVE
TR-003952,2023-04-05,warmup_no_oof,0,LIVE
TR-004153,2023-04-05,warmup_no_oof,0,LIVE
TR-005660,2023-04-05,warmup_no_oof,0,LIVE
TR-007638,2023-04-05,warmup_no_oof,0,LIVE
TR-009374,2023-04-05,warmup_no_oof,0,LIVE
TR-009803,2023-04-05,warmup_no_oof,0,LIVE
TR-000728,2023-04-06,warmup_no_oof,0,LIVE
TR-001125,2023-04-06,warmup_no_oof,0,LIVE
TR-001547,2023-04-06,warmup_no_oof,0,LIVE
TR-002126,2023-04-06,warmup_no_oof,0,LIVE
TR-002493,2023-04-06,warmup_no_oof,0,LIVE
TR-002634,2023-04-06,warmup_no_oof,0,LIVE
TR-004183,2023-04-06,warmup_no_oof,0,LIVE
TR-005259,2023-04-06,warmup_no_oof,0,LIVE
TR-006477,2023-04-06,warmup_no_oof,0,LIVE
TR-008175,2023-04-06,warmup_no_oof,0,LIVE
TR-008272,2023-04-06,warmup_no_oof,0,LIVE
TR-009071,2023-04-06,warmup_no_oof,0,LIVE
TR-009791,2023-04-06,warmup_no_oof,0,LIVE
TR-000340,2023-04-07,warmup_no_oof,0,LIVE
TR-001445,2023-04-07,warmup_no_oof,0,LIVE
TR-002811,2023-04-07,warmup_no_oof,0,LIVE
TR-003428,2023-04-07,warmup_no_oof,0,LIVE
TR-003439,2023-04-07,warmup_no_oof,0,LIVE
TR-003985,2023-04-07,warmup_no_oof,0,LIVE
TR-006609,2023-04-07,warmup_no_oof,0,LIVE
TR-008303,2023-04-07,warmup_no_oof,0,LIVE
TR-009311,2023-04-07,warmup_no_oof,0,LIVE
TR-009854,2023-04-07,warmup_no_oof,0,LIVE
TR-000298,2023-04-08,warmup_no_oof,0,LIVE
TR-001838,2023-04-08,warmup_no_oof,0,LIVE
TR-001935,2023-04-08,warmup_no_oof,0,LIVE
TR-002226,2023-04-08,warmup_no_oof,0,LIVE
TR-002269,2023-04-08,warmup_no_oof,0,LIVE
TR-002308,2023-04-08,warmup_no_oof,0,LIVE
TR-002489,2023-04-08,warmup_no_oof,0,LIVE
TR-003467,2023-04-08,warmup_no_oof,0,LIVE
TR-004894,2023-04-08,warmup_no_oof,0,LIVE
TR-005094,2023-04-08,warmup_no_oof,0,LIVE
TR-007532,2023-04-08,warmup_no_oof,0,LIVE
TR-000433,2023-04-09,warmup_no_oof,0,LIVE
TR-000792,2023-04-09,warmup_no_oof,0,LIVE
TR-001443,2023-04-09,warmup_no_oof,0,LIVE
TR-003417,2023-04-09,warmup_no_oof,0,LIVE
TR-004362,2023-04-09,warmup_no_oof,0,LIVE
TR-005069,2023-04-09,warmup_no_oof,0,LIVE
TR-005502,2023-04-09,warmup_no_oof,0,LIVE
TR-007482,2023-04-09,warmup_no_oof,0,LIVE
TR-007691,2023-04-09,warmup_no_oof,0,LIVE
TR-007736,2023-04-09,warmup_no_oof,0,LIVE
TR-007776,2023-04-09,warmup_no_oof,0,LIVE
TR-008790,2023-04-09,warmup_no_oof,0,LIVE
TR-000319,2023-04-10,warmup_no_oof,0,LIVE
TR-000798,2023-04-10,warmup_no_oof,0,LIVE
TR-001864,2023-04-10,warmup_no_oof,0,LIVE
TR-001867,2023-04-10,warmup_no_oof,0,LIVE
TR-002010,2023-04-10,warmup_no_oof,0,LIVE
TR-002262,2023-04-10,warmup_no_oof,0,LIVE
TR-002469,2023-04-10,warmup_no_oof,0,LIVE
TR-002473,2023-04-10,warmup_no_oof,0,LIVE
TR-005115,2023-04-10,warmup_no_oof,0,LIVE
TR-006309,2023-04-10,warmup_no_oof,0,LIVE
TR-007148,2023-04-10,warmup_no_oof,0,LIVE
TR-008705,2023-04-10,warmup_no_oof,0,LIVE
TR-008847,2023-04-10,warmup_no_oof,0,LIVE
TR-000562,2023-04-11,warmup_no_oof,0,LIVE
TR-001068,2023-04-11,warmup_no_oof,0,LIVE
TR-006401,2023-04-11,warmup_no_oof,0,LIVE
TR-002405,2023-04-12,warmup_no_oof,0,LIVE
TR-004283,2023-04-12,warmup_no_oof,0,LIVE
TR-004712,2023-04-12,warmup_no_oof,0,LIVE
TR-005272,2023-04-12,warmup_no_oof,0,LIVE
TR-007710,2023-04-12,warmup_no_oof,0,LIVE
TR-007890,2023-04-12,warmup_no_oof,0,LIVE
TR-007940,2023-04-12,warmup_no_oof,0,LIVE
TR-008096,2023-04-12,warmup_no_oof,0,LIVE
TR-000827,2023-04-13,warmup_no_oof,0,LIVE
TR-001510,2023-04-13,warmup_no_oof,0,LIVE
TR-003849,2023-04-13,warmup_no_oof,0,LIVE
TR-003942,2023-04-13,warmup_no_oof,0,LIVE
TR-005010,2023-04-13,warmup_no_oof,0,LIVE
TR-005271,2023-04-13,warmup_no_oof,0,LIVE
TR-005448,2023-04-13,warmup_no_oof,0,LIVE
TR-006109,2023-04-13,warmup_no_oof,0,LIVE
TR-007364,2023-04-13,warmup_no_oof,0,LIVE
TR-008442,2023-04-13,warmup_no_oof,0,LIVE
TR-002007,2023-04-14,warmup_no_oof,0,LIVE
TR-002439,2023-04-14,warmup_no_oof,0,LIVE
TR-002723,2023-04-14,warmup_no_oof,0,LIVE
TR-007218,2023-04-14,warmup_no_oof,0,LIVE
TR-007643,2023-04-14,warmup_no_oof,0,LIVE
TR-007681,2023-04-14,warmup_no_oof,0,LIVE
TR-008116,2023-04-14,warmup_no_oof,0,LIVE
TR-008241,2023-04-14,warmup_no_oof,0,LIVE
TR-001154,2023-04-15,warmup_no_oof,0,LIVE
TR-001460,2023-04-15,warmup_no_oof,0,LIVE
TR-002655,2023-04-15,warmup_no_oof,0,LIVE
TR-002711,2023-04-15,warmup_no_oof,0,LIVE
TR-003228,2023-04-15,warmup_no_oof,0,LIVE
TR-003653,2023-04-15,warmup_no_oof,0,LIVE
TR-004989,2023-04-15,warmup_no_oof,0,LIVE
TR-005649,2023-04-15,warmup_no_oof,0,LIVE
TR-009202,2023-04-15,warmup_no_oof,0,LIVE
TR-009949,2023-04-15,warmup_no_oof,0,LIVE
TR-000064,2023-04-16,warmup_no_oof,0,LIVE
TR-002140,2023-04-16,warmup_no_oof,0,LIVE
TR-003493,2023-04-16,warmup_no_oof,0,LIVE
TR-004058,2023-04-16,warmup_no_oof,0,LIVE
TR-004848,2023-04-16,warmup_no_oof,0,LIVE
TR-005967,2023-04-16,warmup_no_oof,0,LIVE
TR-006217,2023-04-16,warmup_no_oof,0,LIVE
TR-007558,2023-04-16,warmup_no_oof,0,LIVE
TR-008363,2023-04-16,warmup_no_oof,0,LIVE
TR-008527,2023-04-16,warmup_no_oof,0,LIVE
TR-002044,2023-04-17,warmup_no_oof,0,LIVE
TR-002358,2023-04-17,warmup_no_oof,0,LIVE
TR-003698,2023-04-17,warmup_no_oof,0,LIVE
TR-003921,2023-04-17,warmup_no_oof,0,LIVE
TR-005362,2023-04-17,warmup_no_oof,0,LIVE
TR-005437,2023-04-17,warmup_no_oof,0,LIVE
TR-006236,2023-04-17,warmup_no_oof,0,LIVE
TR-009965,2023-04-17,warmup_no_oof,0,LIVE
TR-000357,2023-04-18,warmup_no_oof,0,LIVE
TR-002407,2023-04-18,warmup_no_oof,0,LIVE
TR-002752,2023-04-18,warmup_no_oof,0,LIVE
TR-003085,2023-04-18,warmup_no_oof,0,LIVE
TR-003103,2023-04-18,warmup_no_oof,0,LIVE
TR-003668,2023-04-18,warmup_no_oof,0,LIVE
TR-003796,2023-04-18,warmup_no_oof,0,LIVE
TR-004130,2023-04-18,warmup_no_oof,0,LIVE
TR-004884,2023-04-18,warmup_no_oof,0,LIVE
TR-004905,2023-04-18,warmup_no_oof,0,LIVE
TR-004962,2023-04-18,warmup_no_oof,0,LIVE
TR-005746,2023-04-18,warmup_no_oof,0,LIVE
TR-006430,2023-04-18,warmup_no_oof,0,LIVE
TR-008046,2023-04-18,warmup_no_oof,0,LIVE
TR-008558,2023-04-18,warmup_no_oof,0,LIVE
TR-009951,2023-04-18,warmup_no_oof,0,LIVE
TR-009958,2023-04-18,warmup_no_oof,0,LIVE
TR-000502,2023-04-19,warmup_no_oof,0,LIVE
TR-000941,2023-04-19,warmup_no_oof,0,LIVE
TR-001530,2023-04-19,warmup_no_oof,0,LIVE
TR-002746,2023-04-19,warmup_no_oof,0,LIVE
TR-003742,2023-04-19,warmup_no_oof,0,LIVE
TR-003851,2023-04-19,warmup_no_oof,0,LIVE
TR-006142,2023-04-19,warmup_no_oof,0,LIVE
TR-006498,2023-04-19,warmup_no_oof,0,LIVE
TR-000306,2023-04-20,warmup_no_oof,0,LIVE
TR-000386,2023-04-20,warmup_no_oof,0,LIVE
TR-001228,2023-04-20,warmup_no_oof,0,LIVE
TR-001276,2023-04-20,warmup_no_oof,0,LIVE
TR-001566,2023-04-20,warmup_no_oof,0,LIVE
TR-004976,2023-04-20,warmup_no_oof,0,LIVE
TR-005093,2023-04-20,warmup_no_oof,0,LIVE
TR-005929,2023-04-20,warmup_no_oof,0,LIVE
TR-007517,2023-04-20,warmup_no_oof,0,LIVE
TR-009587,2023-04-20,warmup_no_oof,0,LIVE
TR-000917,2023-04-21,warmup_no_oof,0,LIVE
TR-001367,2023-04-21,warmup_no_oof,0,LIVE
TR-002977,2023-04-21,warmup_no_oof,0,LIVE
TR-005875,2023-04-21,warmup_no_oof,0,LIVE
TR-009131,2023-04-21,warmup_no_oof,0,LIVE
TR-001081,2023-04-22,warmup_no_oof,0,LIVE
TR-001411,2023-04-22,warmup_no_oof,0,LIVE
TR-002733,2023-04-22,warmup_no_oof,0,LIVE
TR-003303,2023-04-22,warmup_no_oof,0,LIVE
TR-003613,2023-04-22,warmup_no_oof,0,LIVE
TR-007716,2023-04-22,warmup_no_oof,0,LIVE
TR-008031,2023-04-22,warmup_no_oof,0,LIVE
TR-009826,2023-04-22,warmup_no_oof,0,LIVE
TR-000266,2023-04-23,warmup_no_oof,0,LIVE
TR-001633,2023-04-23,warmup_no_oof,0,LIVE
TR-004189,2023-04-23,warmup_no_oof,0,LIVE
TR-004685,2023-04-23,warmup_no_oof,0,LIVE
TR-000079,2023-04-24,warmup_no_oof,0,LIVE
TR-000564,2023-04-24,warmup_no_oof,0,LIVE
TR-001397,2023-04-24,warmup_no_oof,0,LIVE
TR-001555,2023-04-24,warmup_no_oof,0,LIVE
TR-001612,2023-04-24,warmup_no_oof,0,LIVE
TR-002433,2023-04-24,warmup_no_oof,0,LIVE
TR-002665,2023-04-24,warmup_no_oof,0,LIVE
TR-003840,2023-04-24,warmup_no_oof,0,LIVE
TR-004429,2023-04-24,warmup_no_oof,0,LIVE
TR-005625,2023-04-24,warmup_no_oof,0,LIVE
TR-005886,2023-04-24,warmup_no_oof,0,LIVE
TR-006629,2023-04-24,warmup_no_oof,0,LIVE
TR-006689,2023-04-24,warmup_no_oof,0,LIVE
TR-008572,2023-04-24,warmup_no_oof,0,LIVE
TR-008871,2023-04-24,warmup_no_oof,0,LIVE
TR-009157,2023-04-24,warmup_no_oof,0,LIVE
TR-002164,2023-04-25,warmup_no_oof,0,LIVE
TR-002772,2023-04-25,warmup_no_oof,0,LIVE
TR-004786,2023-04-25,warmup_no_oof,0,LIVE
TR-004788,2023-04-25,warmup_no_oof,0,LIVE
TR-005525,2023-04-25,warmup_no_oof,0,LIVE
TR-005662,2023-04-25,warmup_no_oof,0,LIVE
TR-007879,2023-04-25,warmup_no_oof,0,LIVE
TR-008402,2023-04-25,warmup_no_oof,0,LIVE
TR-008833,2023-04-25,warmup_no_oof,0,LIVE
TR-009881,2023-04-25,warmup_no_oof,0,LIVE
TR-000417,2023-04-26,warmup_no_oof,0,LIVE
TR-002255,2023-04-26,warmup_no_oof,0,LIVE
TR-005168,2023-04-26,warmup_no_oof,0,LIVE
TR-005445,2023-04-26,warmup_no_oof,0,LIVE
TR-007782,2023-04-26,warmup_no_oof,0,LIVE
TR-008641,2023-04-26,warmup_no_oof,0,LIVE
TR-000117,2023-04-27,warmup_no_oof,0,LIVE
TR-001162,2023-04-27,warmup_no_oof,0,LIVE
TR-002236,2023-04-27,warmup_no_oof,0,LIVE
TR-002399,2023-04-27,warmup_no_oof,0,LIVE
TR-002713,2023-04-27,warmup_no_oof,0,LIVE
TR-003326,2023-04-27,warmup_no_oof,0,LIVE
TR-004270,2023-04-27,warmup_no_oof,0,LIVE
TR-006400,2023-04-27,warmup_no_oof,0,LIVE
TR-001309,2023-04-28,warmup_no_oof,0,LIVE
TR-002180,2023-04-28,warmup_no_oof,0,LIVE
TR-002533,2023-04-28,warmup_no_oof,0,LIVE
TR-004794,2023-04-28,warmup_no_oof,0,LIVE
TR-009227,2023-04-28,warmup_no_oof,0,LIVE
TR-009905,2023-04-28,warmup_no_oof,0,LIVE
TR-000201,2023-04-29,warmup_no_oof,0,LIVE
TR-002294,2023-04-29,warmup_no_oof,0,LIVE
TR-002412,2023-04-29,warmup_no_oof,0,LIVE
TR-003249,2023-04-29,warmup_no_oof,0,LIVE
TR-005757,2023-04-29,warmup_no_oof,0,LIVE
TR-006169,2023-04-29,warmup_no_oof,0,LIVE
TR-006295,2023-04-29,warmup_no_oof,0,LIVE
TR-008418,2023-04-29,warmup_no_oof,0,LIVE
TR-009533,2023-04-29,warmup_no_oof,0,LIVE
TR-009736,2023-04-29,warmup_no_oof,0,LIVE
TR-009848,2023-04-29,warmup_no_oof,0,LIVE
TR-000637,2023-04-30,warmup_no_oof,0,LIVE
TR-002403,2023-04-30,warmup_no_oof,0,LIVE
TR-002415,2023-04-30,warmup_no_oof,0,LIVE
TR-003557,2023-04-30,warmup_no_oof,0,LIVE
TR-005065,2023-04-30,warmup_no_oof,0,LIVE
TR-006374,2023-04-30,warmup_no_oof,0,LIVE
TR-006722,2023-04-30,warmup_no_oof,0,LIVE
TR-006983,2023-04-30,warmup_no_oof,0,LIVE
TR-007967,2023-04-30,warmup_no_oof,0,LIVE
TR-008523,2023-04-30,warmup_no_oof,0,LIVE
TR-000185,2023-05-01,warmup_no_oof,0,LIVE
TR-000307,2023-05-01,warmup_no_oof,0,LIVE
TR-001893,2023-05-01,warmup_no_oof,0,LIVE
TR-004406,2023-05-01,warmup_no_oof,0,LIVE
TR-005209,2023-05-01,warmup_no_oof,0,LIVE
TR-006242,2023-05-01,warmup_no_oof,0,LIVE
TR-008818,2023-05-01,warmup_no_oof,0,LIVE
TR-000510,2023-05-02,warmup_no_oof,0,LIVE
TR-002432,2023-05-02,warmup_no_oof,0,LIVE
TR-006527,2023-05-02,warmup_no_oof,0,LIVE
TR-007363,2023-05-02,warmup_no_oof,0,LIVE
TR-007679,2023-05-02,warmup_no_oof,0,LIVE
TR-007785,2023-05-02,warmup_no_oof,0,LIVE
TR-008623,2023-05-02,warmup_no_oof,0,LIVE
TR-002181,2023-05-03,warmup_no_oof,0,LIVE
TR-002388,2023-05-03,warmup_no_oof,0,LIVE
TR-007230,2023-05-03,warmup_no_oof,0,LIVE
TR-000500,2023-05-04,warmup_no_oof,0,LIVE
TR-000834,2023-05-04,warmup_no_oof,0,LIVE
TR-002675,2023-05-04,warmup_no_oof,0,LIVE
TR-002866,2023-05-04,warmup_no_oof,0,LIVE
TR-005233,2023-05-04,warmup_no_oof,0,LIVE
TR-005553,2023-05-04,warmup_no_oof,0,LIVE
TR-005732,2023-05-04,warmup_no_oof,0,LIVE
TR-007912,2023-05-04,warmup_no_oof,0,LIVE
TR-008131,2023-05-04,warmup_no_oof,0,LIVE
TR-008397,2023-05-04,warmup_no_oof,0,LIVE
TR-008651,2023-05-04,warmup_no_oof,0,LIVE
TR-000299,2023-05-05,warmup_no_oof,0,LIVE
TR-003400,2023-05-05,warmup_no_oof,0,LIVE
TR-003465,2023-05-05,warmup_no_oof,0,LIVE
TR-003670,2023-05-05,warmup_no_oof,0,LIVE
TR-005360,2023-05-05,warmup_no_oof,0,LIVE
TR-005941,2023-05-05,warmup_no_oof,0,LIVE
TR-009331,2023-05-05,warmup_no_oof,0,LIVE
TR-009455,2023-05-05,warmup_no_oof,0,LIVE
TR-009635,2023-05-05,warmup_no_oof,0,LIVE
TR-009929,2023-05-05,warmup_no_oof,0,LIVE
TR-001815,2023-05-06,warmup_no_oof,0,LIVE
TR-002131,2023-05-06,warmup_no_oof,0,LIVE
TR-003145,2023-05-06,warmup_no_oof,0,LIVE
TR-003436,2023-05-06,warmup_no_oof,0,LIVE
TR-003684,2023-05-06,warmup_no_oof,0,LIVE
TR-003695,2023-05-06,warmup_no_oof,0,LIVE
TR-003795,2023-05-06,warmup_no_oof,0,LIVE
TR-003958,2023-05-06,warmup_no_oof,0,LIVE
TR-004656,2023-05-06,warmup_no_oof,0,LIVE
TR-002452,2023-05-07,warmup_no_oof,0,LIVE
TR-002566,2023-05-07,warmup_no_oof,0,LIVE
TR-003847,2023-05-07,warmup_no_oof,0,LIVE
TR-004613,2023-05-07,warmup_no_oof,0,LIVE
TR-005114,2023-05-07,warmup_no_oof,0,LIVE
TR-006187,2023-05-07,warmup_no_oof,0,LIVE
TR-007111,2023-05-07,warmup_no_oof,0,LIVE
TR-007135,2023-05-07,warmup_no_oof,0,LIVE
TR-009683,2023-05-07,warmup_no_oof,0,LIVE
TR-000164,2023-05-08,warmup_no_oof,0,LIVE
TR-001168,2023-05-08,warmup_no_oof,0,LIVE
TR-001506,2023-05-08,warmup_no_oof,0,LIVE
TR-002083,2023-05-08,warmup_no_oof,0,LIVE
TR-002859,2023-05-08,warmup_no_oof,0,LIVE
TR-003359,2023-05-08,warmup_no_oof,0,LIVE
TR-003596,2023-05-08,warmup_no_oof,0,LIVE
TR-004979,2023-05-08,warmup_no_oof,0,LIVE
TR-005889,2023-05-08,warmup_no_oof,0,LIVE
TR-008281,2023-05-08,warmup_no_oof,0,LIVE
TR-008983,2023-05-08,warmup_no_oof,0,LIVE
TR-009081,2023-05-08,warmup_no_oof,0,LIVE
TR-009911,2023-05-08,warmup_no_oof,0,LIVE
TR-000551,2023-05-09,warmup_no_oof,0,LIVE
TR-000934,2023-05-09,warmup_no_oof,0,LIVE
TR-001751,2023-05-09,warmup_no_oof,0,LIVE
TR-002779,2023-05-09,warmup_no_oof,0,LIVE
TR-002956,2023-05-09,warmup_no_oof,0,LIVE
TR-005647,2023-05-09,warmup_no_oof,0,LIVE
TR-006349,2023-05-09,warmup_no_oof,0,LIVE
TR-008145,2023-05-09,warmup_no_oof,0,LIVE
TR-008528,2023-05-09,warmup_no_oof,0,LIVE
TR-009623,2023-05-09,warmup_no_oof,0,LIVE
TR-009804,2023-05-09,warmup_no_oof,0,LIVE
TR-000672,2023-05-10,warmup_no_oof,0,LIVE
TR-000776,2023-05-10,warmup_no_oof,0,LIVE
TR-003151,2023-05-10,warmup_no_oof,0,LIVE
TR-004476,2023-05-10,warmup_no_oof,0,LIVE
TR-005843,2023-05-10,warmup_no_oof,0,LIVE
TR-006337,2023-05-10,warmup_no_oof,0,LIVE
TR-007676,2023-05-10,warmup_no_oof,0,LIVE
TR-008008,2023-05-10,warmup_no_oof,0,LIVE
TR-009206,2023-05-10,warmup_no_oof,0,LIVE
TR-009449,2023-05-10,warmup_no_oof,0,LIVE
TR-000711,2023-05-11,warmup_no_oof,0,LIVE
TR-000762,2023-05-11,warmup_no_oof,0,LIVE
TR-002290,2023-05-11,warmup_no_oof,0,LIVE
TR-004611,2023-05-11,warmup_no_oof,0,LIVE
TR-006319,2023-05-11,warmup_no_oof,0,LIVE
TR-006586,2023-05-11,warmup_no_oof,0,LIVE
TR-002496,2023-05-12,warmup_no_oof,0,LIVE
TR-002716,2023-05-12,warmup_no_oof,0,LIVE
TR-005315,2023-05-12,warmup_no_oof,0,LIVE
TR-005900,2023-05-12,warmup_no_oof,0,LIVE
TR-006436,2023-05-12,warmup_no_oof,0,LIVE
TR-006674,2023-05-12,warmup_no_oof,0,LIVE
TR-006682,2023-05-12,warmup_no_oof,0,LIVE
TR-007406,2023-05-12,warmup_no_oof,0,LIVE
TR-007534,2023-05-12,warmup_no_oof,0,LIVE
TR-009034,2023-05-12,warmup_no_oof,0,LIVE
TR-009653,2023-05-12,warmup_no_oof,0,LIVE
TR-009930,2023-05-12,warmup_no_oof,0,LIVE
TR-000415,2023-05-13,warmup_no_oof,0,LIVE
TR-002038,2023-05-13,warmup_no_oof,0,LIVE
TR-002706,2023-05-13,warmup_no_oof,0,LIVE
TR-004904,2023-05-13,warmup_no_oof,0,LIVE
TR-006432,2023-05-13,warmup_no_oof,0,LIVE
TR-000297,2023-05-14,warmup_no_oof,0,LIVE
TR-000745,2023-05-14,warmup_no_oof,0,LIVE
TR-001498,2023-05-14,warmup_no_oof,0,LIVE
TR-001597,2023-05-14,warmup_no_oof,0,LIVE
TR-002323,2023-05-14,warmup_no_oof,0,LIVE
TR-004332,2023-05-14,warmup_no_oof,0,LIVE
TR-004913,2023-05-14,warmup_no_oof,0,LIVE
TR-005167,2023-05-14,warmup_no_oof,0,LIVE
TR-007263,2023-05-14,warmup_no_oof,0,LIVE
TR-007850,2023-05-14,warmup_no_oof,0,LIVE
TR-008282,2023-05-14,warmup_no_oof,0,LIVE
TR-008292,2023-05-14,warmup_no_oof,0,LIVE
TR-009645,2023-05-14,warmup_no_oof,0,LIVE
TR-009675,2023-05-14,warmup_no_oof,0,LIVE
TR-000095,2023-05-15,warmup_no_oof,0,LIVE
TR-001345,2023-05-15,warmup_no_oof,0,LIVE
TR-001854,2023-05-15,warmup_no_oof,0,LIVE
TR-001968,2023-05-15,warmup_no_oof,0,LIVE
TR-002888,2023-05-15,warmup_no_oof,0,LIVE
TR-002933,2023-05-15,warmup_no_oof,0,LIVE
TR-005134,2023-05-15,warmup_no_oof,0,LIVE
TR-005201,2023-05-15,warmup_no_oof,0,LIVE
TR-005329,2023-05-15,warmup_no_oof,0,LIVE
TR-005984,2023-05-15,warmup_no_oof,0,LIVE
TR-006644,2023-05-15,warmup_no_oof,0,LIVE
TR-009856,2023-05-15,warmup_no_oof,0,LIVE
TR-009984,2023-05-15,warmup_no_oof,0,LIVE
TR-003275,2023-05-16,warmup_no_oof,0,LIVE
TR-003316,2023-05-16,warmup_no_oof,0,LIVE
TR-005246,2023-05-16,warmup_no_oof,0,LIVE
TR-006692,2023-05-16,warmup_no_oof,0,LIVE
TR-007015,2023-05-16,warmup_no_oof,0,LIVE
TR-008179,2023-05-16,warmup_no_oof,0,LIVE
TR-000085,2023-05-17,warmup_no_oof,0,LIVE
TR-000642,2023-05-17,warmup_no_oof,0,LIVE
TR-001835,2023-05-17,warmup_no_oof,0,LIVE
TR-002692,2023-05-17,warmup_no_oof,0,LIVE
TR-003502,2023-05-17,warmup_no_oof,0,LIVE
TR-003781,2023-05-17,warmup_no_oof,0,LIVE
TR-004724,2023-05-17,warmup_no_oof,0,LIVE
TR-008686,2023-05-17,warmup_no_oof,0,LIVE
TR-008689,2023-05-17,warmup_no_oof,0,LIVE
TR-008868,2023-05-17,warmup_no_oof,0,LIVE
TR-000593,2023-05-18,warmup_no_oof,0,LIVE
TR-000864,2023-05-18,warmup_no_oof,0,LIVE
TR-005416,2023-05-18,warmup_no_oof,0,LIVE
TR-005563,2023-05-18,warmup_no_oof,0,LIVE
TR-005589,2023-05-18,warmup_no_oof,0,LIVE
TR-008205,2023-05-18,warmup_no_oof,0,LIVE
TR-008937,2023-05-18,warmup_no_oof,0,LIVE
TR-008995,2023-05-18,warmup_no_oof,0,LIVE
TR-000131,2023-05-19,warmup_no_oof,0,LIVE
TR-000881,2023-05-19,warmup_no_oof,0,LIVE
TR-001372,2023-05-19,warmup_no_oof,0,LIVE
TR-001476,2023-05-19,warmup_no_oof,0,LIVE
TR-001646,2023-05-19,warmup_no_oof,0,LIVE
TR-002138,2023-05-19,warmup_no_oof,0,LIVE
TR-003753,2023-05-19,warmup_no_oof,0,LIVE
TR-003773,2023-05-19,warmup_no_oof,0,LIVE
TR-005538,2023-05-19,warmup_no_oof,0,LIVE
TR-006053,2023-05-19,warmup_no_oof,0,LIVE
TR-006841,2023-05-19,warmup_no_oof,0,LIVE
TR-006878,2023-05-19,warmup_no_oof,0,LIVE
TR-008999,2023-05-19,warmup_no_oof,0,LIVE
TR-005743,2023-05-20,warmup_no_oof,0,LIVE
TR-006336,2023-05-20,warmup_no_oof,0,LIVE
TR-006569,2023-05-20,warmup_no_oof,0,LIVE
TR-006862,2023-05-20,warmup_no_oof,0,LIVE
TR-007841,2023-05-20,warmup_no_oof,0,LIVE
TR-008001,2023-05-20,warmup_no_oof,0,LIVE
TR-008016,2023-05-20,warmup_no_oof,0,LIVE
TR-008285,2023-05-20,warmup_no_oof,0,LIVE
TR-008580,2023-05-20,warmup_no_oof,0,LIVE
TR-008795,2023-05-20,warmup_no_oof,0,LIVE
TR-002318,2023-05-21,warmup_no_oof,0,LIVE
TR-002457,2023-05-21,warmup_no_oof,0,LIVE
TR-003573,2023-05-21,warmup_no_oof,0,LIVE
TR-003617,2023-05-21,warmup_no_oof,0,LIVE
TR-003934,2023-05-21,warmup_no_oof,0,LIVE
TR-005962,2023-05-21,warmup_no_oof,0,LIVE
TR-007303,2023-05-21,warmup_no_oof,0,LIVE
TR-009589,2023-05-21,warmup_no_oof,0,LIVE
TR-009719,2023-05-21,warmup_no_oof,0,LIVE
TR-009960,2023-05-21,warmup_no_oof,0,LIVE
TR-002343,2023-05-22,warmup_no_oof,0,LIVE
TR-002976,2023-05-22,warmup_no_oof,0,LIVE
TR-003053,2023-05-22,warmup_no_oof,0,LIVE
TR-003457,2023-05-22,warmup_no_oof,0,LIVE
TR-003669,2023-05-22,warmup_no_oof,0,LIVE
TR-004027,2023-05-22,warmup_no_oof,0,LIVE
TR-005499,2023-05-22,warmup_no_oof,0,LIVE
TR-006033,2023-05-22,warmup_no_oof,0,LIVE
TR-006212,2023-05-22,warmup_no_oof,0,LIVE
TR-006478,2023-05-22,warmup_no_oof,0,LIVE
TR-009438,2023-05-22,warmup_no_oof,0,LIVE
TR-000421,2023-05-23,warmup_no_oof,0,LIVE
TR-002156,2023-05-23,warmup_no_oof,0,LIVE
TR-002436,2023-05-23,warmup_no_oof,0,LIVE
TR-005026,2023-05-23,warmup_no_oof,0,LIVE
TR-006458,2023-05-23,warmup_no_oof,0,LIVE
TR-007790,2023-05-23,warmup_no_oof,0,LIVE
TR-000058,2023-05-24,warmup_no_oof,0,LIVE
TR-000155,2023-05-24,warmup_no_oof,0,LIVE
TR-002492,2023-05-24,warmup_no_oof,0,LIVE
TR-003086,2023-05-24,warmup_no_oof,0,LIVE
TR-004769,2023-05-24,warmup_no_oof,0,LIVE
TR-005067,2023-05-24,warmup_no_oof,0,LIVE
TR-006146,2023-05-24,warmup_no_oof,0,LIVE
TR-006277,2023-05-24,warmup_no_oof,0,LIVE
TR-007234,2023-05-24,warmup_no_oof,0,LIVE
TR-008898,2023-05-24,warmup_no_oof,0,LIVE
TR-009679,2023-05-24,warmup_no_oof,0,LIVE
TR-000286,2023-05-25,warmup_no_oof,0,LIVE
TR-001548,2023-05-25,warmup_no_oof,0,LIVE
TR-003032,2023-05-25,warmup_no_oof,0,LIVE
TR-003567,2023-05-25,warmup_no_oof,0,LIVE
TR-003623,2023-05-25,warmup_no_oof,0,LIVE
TR-004173,2023-05-25,warmup_no_oof,0,LIVE
TR-005725,2023-05-25,warmup_no_oof,0,LIVE
TR-008920,2023-05-25,warmup_no_oof,0,LIVE
TR-002728,2023-05-26,warmup_no_oof,0,LIVE
TR-004552,2023-05-26,warmup_no_oof,0,LIVE
TR-006155,2023-05-26,warmup_no_oof,0,LIVE
TR-006503,2023-05-26,warmup_no_oof,0,LIVE
TR-007459,2023-05-26,warmup_no_oof,0,LIVE
TR-008415,2023-05-26,warmup_no_oof,0,LIVE
TR-009006,2023-05-26,warmup_no_oof,0,LIVE
TR-009513,2023-05-26,warmup_no_oof,0,LIVE
TR-000240,2023-05-27,warmup_no_oof,0,LIVE
TR-002320,2023-05-27,warmup_no_oof,0,LIVE
TR-003821,2023-05-27,warmup_no_oof,0,LIVE
TR-005006,2023-05-27,warmup_no_oof,0,LIVE
TR-005696,2023-05-27,warmup_no_oof,0,LIVE
TR-005782,2023-05-27,warmup_no_oof,0,LIVE
TR-006894,2023-05-27,warmup_no_oof,0,LIVE
TR-007807,2023-05-27,warmup_no_oof,0,LIVE
TR-009148,2023-05-27,warmup_no_oof,0,LIVE
TR-009308,2023-05-27,warmup_no_oof,0,LIVE
TR-009947,2023-05-27,warmup_no_oof,0,LIVE
TR-000112,2023-05-28,warmup_no_oof,0,LIVE
TR-000628,2023-05-28,warmup_no_oof,0,LIVE
TR-005112,2023-05-28,warmup_no_oof,0,LIVE
TR-006120,2023-05-28,warmup_no_oof,0,LIVE
TR-007408,2023-05-28,warmup_no_oof,0,LIVE
TR-009050,2023-05-28,warmup_no_oof,0,LIVE
TR-009067,2023-05-28,warmup_no_oof,0,LIVE
TR-000463,2023-05-29,warmup_no_oof,0,LIVE
TR-002767,2023-05-29,warmup_no_oof,0,LIVE
TR-004048,2023-05-29,warmup_no_oof,0,LIVE
TR-004267,2023-05-29,warmup_no_oof,0,LIVE
TR-006459,2023-05-29,warmup_no_oof,0,LIVE
TR-006930,2023-05-29,warmup_no_oof,0,LIVE
TR-007519,2023-05-29,warmup_no_oof,0,LIVE
TR-009275,2023-05-29,warmup_no_oof,0,LIVE
TR-001678,2023-05-30,warmup_no_oof,0,LIVE
TR-002523,2023-05-30,warmup_no_oof,0,LIVE
TR-002862,2023-05-30,warmup_no_oof,0,LIVE
TR-002889,2023-05-30,warmup_no_oof,0,LIVE
TR-003896,2023-05-30,warmup_no_oof,0,LIVE
TR-005118,2023-05-30,warmup_no_oof,0,LIVE
TR-005789,2023-05-30,warmup_no_oof,0,LIVE
TR-007055,2023-05-30,warmup_no_oof,0,LIVE
TR-008104,2023-05-30,warmup_no_oof,0,LIVE
TR-008203,2023-05-30,warmup_no_oof,0,LIVE
TR-009447,2023-05-30,warmup_no_oof,0,LIVE
TR-000669,2023-05-31,warmup_no_oof,0,LIVE
TR-002541,2023-05-31,warmup_no_oof,0,LIVE
TR-005992,2023-05-31,warmup_no_oof,0,LIVE
TR-006196,2023-05-31,warmup_no_oof,0,LIVE
TR-006445,2023-05-31,warmup_no_oof,0,LIVE
TR-007919,2023-05-31,warmup_no_oof,0,LIVE
TR-008592,2023-05-31,warmup_no_oof,0,LIVE
TR-008770,2023-05-31,warmup_no_oof,0,LIVE
TR-000208,2023-06-01,warmup_no_oof,0,LIVE
TR-000452,2023-06-01,warmup_no_oof,0,LIVE
TR-001234,2023-06-01,warmup_no_oof,0,LIVE
TR-002667,2023-06-01,warmup_no_oof,0,LIVE
TR-004418,2023-06-01,warmup_no_oof,0,LIVE
TR-005309,2023-06-01,warmup_no_oof,0,LIVE
TR-006041,2023-06-01,warmup_no_oof,0,LIVE
TR-006239,2023-06-01,warmup_no_oof,0,LIVE
TR-008665,2023-06-01,warmup_no_oof,0,LIVE
TR-009119,2023-06-01,warmup_no_oof,0,LIVE
TR-000359,2023-06-02,warmup_no_oof,0,LIVE
TR-000727,2023-06-02,warmup_no_oof,0,LIVE
TR-001058,2023-06-02,warmup_no_oof,0,LIVE
TR-001112,2023-06-02,warmup_no_oof,0,LIVE
TR-003850,2023-06-02,warmup_no_oof,0,LIVE
TR-005541,2023-06-02,warmup_no_oof,0,LIVE
TR-005899,2023-06-02,warmup_no_oof,0,LIVE
TR-007933,2023-06-02,warmup_no_oof,0,LIVE
TR-008328,2023-06-02,warmup_no_oof,0,LIVE
TR-001866,2023-06-03,warmup_no_oof,0,LIVE
TR-002434,2023-06-03,warmup_no_oof,0,LIVE
TR-002684,2023-06-03,warmup_no_oof,0,LIVE
TR-003021,2023-06-03,warmup_no_oof,0,LIVE
TR-003588,2023-06-03,warmup_no_oof,0,LIVE
TR-003779,2023-06-03,warmup_no_oof,0,LIVE
TR-004608,2023-06-03,warmup_no_oof,0,LIVE
TR-005345,2023-06-03,warmup_no_oof,0,LIVE
TR-008085,2023-06-03,warmup_no_oof,0,LIVE
TR-008737,2023-06-03,warmup_no_oof,0,LIVE
TR-001405,2023-06-04,warmup_no_oof,0,LIVE
TR-003241,2023-06-04,warmup_no_oof,0,LIVE
TR-008316,2023-06-04,warmup_no_oof,0,LIVE
TR-009485,2023-06-04,warmup_no_oof,0,LIVE
TR-000678,2023-06-05,warmup_no_oof,0,LIVE
TR-002454,2023-06-05,warmup_no_oof,0,LIVE
TR-003510,2023-06-05,warmup_no_oof,0,LIVE
TR-005143,2023-06-05,warmup_no_oof,0,LIVE
TR-006123,2023-06-05,warmup_no_oof,0,LIVE
TR-006384,2023-06-05,warmup_no_oof,0,LIVE
TR-006398,2023-06-05,warmup_no_oof,0,LIVE
TR-006566,2023-06-05,warmup_no_oof,0,LIVE
TR-007319,2023-06-05,warmup_no_oof,0,LIVE
TR-007663,2023-06-05,warmup_no_oof,0,LIVE
TR-009005,2023-06-05,warmup_no_oof,0,LIVE
TR-000253,2023-06-06,warmup_no_oof,0,LIVE
TR-001591,2023-06-06,warmup_no_oof,0,LIVE
TR-002087,2023-06-06,warmup_no_oof,0,LIVE
TR-009771,2023-06-06,warmup_no_oof,0,LIVE
TR-000236,2023-06-07,warmup_no_oof,0,LIVE
TR-000374,2023-06-07,warmup_no_oof,0,LIVE
TR-002522,2023-06-07,warmup_no_oof,0,LIVE
TR-003488,2023-06-07,warmup_no_oof,0,LIVE
TR-005624,2023-06-07,warmup_no_oof,0,LIVE
TR-005901,2023-06-07,warmup_no_oof,0,LIVE
TR-006031,2023-06-07,warmup_no_oof,0,LIVE
TR-006487,2023-06-07,warmup_no_oof,0,LIVE
TR-006518,2023-06-07,warmup_no_oof,0,LIVE
TR-006747,2023-06-07,warmup_no_oof,0,LIVE
TR-008119,2023-06-07,warmup_no_oof,0,LIVE
TR-009332,2023-06-07,warmup_no_oof,0,LIVE
TR-009896,2023-06-07,warmup_no_oof,0,LIVE
TR-000033,2023-06-08,warmup_no_oof,0,LIVE
TR-002161,2023-06-08,warmup_no_oof,0,LIVE
TR-002356,2023-06-08,warmup_no_oof,0,LIVE
TR-003562,2023-06-08,warmup_no_oof,0,LIVE
TR-004709,2023-06-08,warmup_no_oof,0,LIVE
TR-004808,2023-06-08,warmup_no_oof,0,LIVE
TR-004939,2023-06-08,warmup_no_oof,0,LIVE
TR-006040,2023-06-08,warmup_no_oof,0,LIVE
TR-006102,2023-06-08,warmup_no_oof,0,LIVE
TR-007219,2023-06-08,warmup_no_oof,0,LIVE
TR-007631,2023-06-08,warmup_no_oof,0,LIVE
TR-009665,2023-06-08,warmup_no_oof,0,LIVE
TR-001251,2023-06-09,warmup_no_oof,0,LIVE
TR-001689,2023-06-09,warmup_no_oof,0,LIVE
TR-001855,2023-06-09,warmup_no_oof,0,LIVE
TR-003277,2023-06-09,warmup_no_oof,0,LIVE
TR-003820,2023-06-09,warmup_no_oof,0,LIVE
TR-005347,2023-06-09,warmup_no_oof,0,LIVE
TR-005406,2023-06-09,warmup_no_oof,0,LIVE
TR-006111,2023-06-09,warmup_no_oof,0,LIVE
TR-007140,2023-06-09,warmup_no_oof,0,LIVE
TR-007606,2023-06-09,warmup_no_oof,0,LIVE
TR-007648,2023-06-09,warmup_no_oof,0,LIVE
TR-007926,2023-06-09,warmup_no_oof,0,LIVE
TR-008555,2023-06-09,warmup_no_oof,0,LIVE
TR-001264,2023-06-10,warmup_no_oof,0,LIVE
TR-002039,2023-06-10,warmup_no_oof,0,LIVE
TR-003913,2023-06-10,warmup_no_oof,0,LIVE
TR-006304,2023-06-10,warmup_no_oof,0,LIVE
TR-006409,2023-06-10,warmup_no_oof,0,LIVE
TR-007016,2023-06-10,warmup_no_oof,0,LIVE
TR-007814,2023-06-10,warmup_no_oof,0,LIVE
TR-001945,2023-06-11,warmup_no_oof,0,LIVE
TR-002511,2023-06-11,warmup_no_oof,0,LIVE
TR-002794,2023-06-11,warmup_no_oof,0,LIVE
TR-004125,2023-06-11,warmup_no_oof,0,LIVE
TR-004536,2023-06-11,warmup_no_oof,0,LIVE
TR-005122,2023-06-11,warmup_no_oof,0,LIVE
TR-006591,2023-06-11,warmup_no_oof,0,LIVE
TR-008227,2023-06-11,warmup_no_oof,0,LIVE
TR-008694,2023-06-11,warmup_no_oof,0,LIVE
TR-009637,2023-06-11,warmup_no_oof,0,LIVE
TR-001019,2023-06-12,warmup_no_oof,0,LIVE
TR-005712,2023-06-12,warmup_no_oof,0,LIVE
TR-006904,2023-06-12,warmup_no_oof,0,LIVE
TR-007088,2023-06-12,warmup_no_oof,0,LIVE
TR-007121,2023-06-12,warmup_no_oof,0,LIVE
TR-007377,2023-06-12,warmup_no_oof,0,LIVE
TR-008216,2023-06-12,warmup_no_oof,0,LIVE
TR-008411,2023-06-12,warmup_no_oof,0,LIVE
TR-009492,2023-06-12,warmup_no_oof,0,LIVE
TR-000908,2023-06-13,warmup_no_oof,0,LIVE
TR-001318,2023-06-13,warmup_no_oof,0,LIVE
TR-002517,2023-06-13,warmup_no_oof,0,LIVE
TR-005854,2023-06-13,warmup_no_oof,0,LIVE
TR-006136,2023-06-13,warmup_no_oof,0,LIVE
TR-008112,2023-06-13,warmup_no_oof,0,LIVE
TR-008126,2023-06-13,warmup_no_oof,0,LIVE
TR-008967,2023-06-13,warmup_no_oof,0,LIVE
TR-009292,2023-06-13,warmup_no_oof,0,LIVE
TR-000105,2023-06-14,warmup_no_oof,0,LIVE
TR-002172,2023-06-14,warmup_no_oof,0,LIVE
TR-005273,2023-06-14,warmup_no_oof,0,LIVE
TR-006845,2023-06-14,warmup_no_oof,0,LIVE
TR-007102,2023-06-14,warmup_no_oof,0,LIVE
TR-007923,2023-06-14,warmup_no_oof,0,LIVE
TR-001182,2023-06-15,warmup_no_oof,0,LIVE
TR-001515,2023-06-15,warmup_no_oof,0,LIVE
TR-004378,2023-06-15,warmup_no_oof,0,LIVE
TR-009790,2023-06-15,warmup_no_oof,0,LIVE
TR-001038,2023-06-16,warmup_no_oof,0,LIVE
TR-001371,2023-06-16,warmup_no_oof,0,LIVE
TR-002924,2023-06-16,warmup_no_oof,0,LIVE
TR-004075,2023-06-16,warmup_no_oof,0,LIVE
TR-004331,2023-06-16,warmup_no_oof,0,LIVE
TR-005060,2023-06-16,warmup_no_oof,0,LIVE
TR-005611,2023-06-16,warmup_no_oof,0,LIVE
TR-006813,2023-06-16,warmup_no_oof,0,LIVE
TR-009894,2023-06-16,warmup_no_oof,0,LIVE
TR-000621,2023-06-17,warmup_no_oof,0,LIVE
TR-001132,2023-06-17,warmup_no_oof,0,LIVE
TR-001911,2023-06-17,warmup_no_oof,0,LIVE
TR-002427,2023-06-17,warmup_no_oof,0,LIVE
TR-003897,2023-06-17,warmup_no_oof,0,LIVE
TR-007394,2023-06-17,warmup_no_oof,0,LIVE
TR-007521,2023-06-17,warmup_no_oof,0,LIVE
TR-009759,2023-06-17,warmup_no_oof,0,LIVE
TR-000015,2023-06-18,warmup_no_oof,0,LIVE
TR-002075,2023-06-18,warmup_no_oof,0,LIVE
TR-002154,2023-06-18,warmup_no_oof,0,LIVE
TR-002790,2023-06-18,warmup_no_oof,0,LIVE
TR-002806,2023-06-18,warmup_no_oof,0,LIVE
TR-003101,2023-06-18,warmup_no_oof,0,LIVE
TR-005405,2023-06-18,warmup_no_oof,0,LIVE
TR-002484,2023-06-19,warmup_no_oof,0,LIVE
TR-002593,2023-06-19,warmup_no_oof,0,LIVE
TR-004091,2023-06-19,warmup_no_oof,0,LIVE
TR-006020,2023-06-19,warmup_no_oof,0,LIVE
TR-006282,2023-06-19,warmup_no_oof,0,LIVE
TR-006892,2023-06-19,warmup_no_oof,0,LIVE
TR-001645,2023-06-20,warmup_no_oof,0,LIVE
TR-002298,2023-06-20,warmup_no_oof,0,LIVE
TR-002945,2023-06-20,warmup_no_oof,0,LIVE
TR-003159,2023-06-20,warmup_no_oof,0,LIVE
TR-004401,2023-06-20,warmup_no_oof,0,LIVE
TR-004566,2023-06-20,warmup_no_oof,0,LIVE
TR-005748,2023-06-20,warmup_no_oof,0,LIVE
TR-008335,2023-06-20,warmup_no_oof,0,LIVE
TR-001256,2023-06-21,warmup_no_oof,0,LIVE
TR-002312,2023-06-21,warmup_no_oof,0,LIVE
TR-003247,2023-06-21,warmup_no_oof,0,LIVE
TR-003800,2023-06-21,warmup_no_oof,0,LIVE
TR-004102,2023-06-21,warmup_no_oof,0,LIVE
TR-005165,2023-06-21,warmup_no_oof,0,LIVE
TR-006621,2023-06-21,warmup_no_oof,0,LIVE
TR-009327,2023-06-21,warmup_no_oof,0,LIVE
TR-001296,2023-06-22,warmup_no_oof,0,LIVE
TR-002515,2023-06-22,warmup_no_oof,0,LIVE
TR-002530,2023-06-22,warmup_no_oof,0,LIVE
TR-003189,2023-06-22,warmup_no_oof,0,LIVE
TR-003899,2023-06-22,warmup_no_oof,0,LIVE
TR-004413,2023-06-22,warmup_no_oof,0,LIVE
TR-005132,2023-06-22,warmup_no_oof,0,LIVE
TR-005227,2023-06-22,warmup_no_oof,0,LIVE
TR-006124,2023-06-22,warmup_no_oof,0,LIVE
TR-006777,2023-06-22,warmup_no_oof,0,LIVE
TR-009256,2023-06-22,warmup_no_oof,0,LIVE
TR-009408,2023-06-22,warmup_no_oof,0,LIVE
TR-000270,2023-06-23,warmup_no_oof,0,LIVE
TR-001116,2023-06-23,warmup_no_oof,0,LIVE
TR-001439,2023-06-23,warmup_no_oof,0,LIVE
TR-002745,2023-06-23,warmup_no_oof,0,LIVE
TR-002971,2023-06-23,warmup_no_oof,0,LIVE
TR-003545,2023-06-23,warmup_no_oof,0,LIVE
TR-005925,2023-06-23,warmup_no_oof,0,LIVE
TR-001356,2023-06-24,warmup_no_oof,0,LIVE
TR-002850,2023-06-24,warmup_no_oof,0,LIVE
TR-005894,2023-06-24,warmup_no_oof,0,LIVE
TR-007647,2023-06-24,warmup_no_oof,0,LIVE
TR-008522,2023-06-24,warmup_no_oof,0,LIVE
TR-008926,2023-06-24,warmup_no_oof,0,LIVE
TR-000712,2023-06-25,warmup_no_oof,0,LIVE
TR-000840,2023-06-25,warmup_no_oof,0,LIVE
TR-001654,2023-06-25,warmup_no_oof,0,LIVE
TR-003987,2023-06-25,warmup_no_oof,0,LIVE
TR-004140,2023-06-25,warmup_no_oof,0,LIVE
TR-004479,2023-06-25,warmup_no_oof,0,LIVE
TR-005073,2023-06-25,warmup_no_oof,0,LIVE
TR-005615,2023-06-25,warmup_no_oof,0,LIVE
TR-007180,2023-06-25,warmup_no_oof,0,LIVE
TR-007262,2023-06-25,warmup_no_oof,0,LIVE
TR-008703,2023-06-25,warmup_no_oof,0,LIVE
TR-000886,2023-06-26,warmup_no_oof,0,LIVE
TR-001673,2023-06-26,warmup_no_oof,0,LIVE
TR-002336,2023-06-26,warmup_no_oof,0,LIVE
TR-004876,2023-06-26,warmup_no_oof,0,LIVE
TR-005340,2023-06-26,warmup_no_oof,0,LIVE
TR-006696,2023-06-26,warmup_no_oof,0,LIVE
TR-007191,2023-06-26,warmup_no_oof,0,LIVE
TR-007237,2023-06-26,warmup_no_oof,0,LIVE
TR-008346,2023-06-26,warmup_no_oof,0,LIVE
TR-008534,2023-06-26,warmup_no_oof,0,LIVE
TR-009061,2023-06-26,warmup_no_oof,0,LIVE
TR-000610,2023-06-27,warmup_no_oof,0,LIVE
TR-001070,2023-06-27,warmup_no_oof,0,LIVE
TR-001190,2023-06-27,warmup_no_oof,0,LIVE
TR-001239,2023-06-27,warmup_no_oof,0,LIVE
TR-001579,2023-06-27,warmup_no_oof,0,LIVE
TR-002265,2023-06-27,warmup_no_oof,0,LIVE
TR-004006,2023-06-27,warmup_no_oof,0,LIVE
TR-004336,2023-06-27,warmup_no_oof,0,LIVE
TR-004642,2023-06-27,warmup_no_oof,0,LIVE
TR-005027,2023-06-27,warmup_no_oof,0,LIVE
TR-007456,2023-06-27,warmup_no_oof,0,LIVE
TR-008405,2023-06-27,warmup_no_oof,0,LIVE
TR-008728,2023-06-27,warmup_no_oof,0,LIVE
TR-009699,2023-06-27,warmup_no_oof,0,LIVE
TR-000283,2023-06-28,warmup_no_oof,0,LIVE
TR-000475,2023-06-28,warmup_no_oof,0,LIVE
TR-000829,2023-06-28,warmup_no_oof,0,LIVE
TR-001176,2023-06-28,warmup_no_oof,0,LIVE
TR-004677,2023-06-28,warmup_no_oof,0,LIVE
TR-006780,2023-06-28,warmup_no_oof,0,LIVE
TR-006996,2023-06-28,warmup_no_oof,0,LIVE
TR-007875,2023-06-28,warmup_no_oof,0,LIVE
TR-000538,2023-06-29,warmup_no_oof,0,LIVE
TR-000648,2023-06-29,warmup_no_oof,0,LIVE
TR-001896,2023-06-29,warmup_no_oof,0,LIVE
TR-003866,2023-06-29,warmup_no_oof,0,LIVE
TR-004938,2023-06-29,warmup_no_oof,0,LIVE
TR-005575,2023-06-29,warmup_no_oof,0,LIVE
TR-005767,2023-06-29,warmup_no_oof,0,LIVE
TR-005928,2023-06-29,warmup_no_oof,0,LIVE
TR-006325,2023-06-29,warmup_no_oof,0,LIVE
TR-006504,2023-06-29,warmup_no_oof,0,LIVE
TR-006742,2023-06-29,warmup_no_oof,0,LIVE
TR-007216,2023-06-29,warmup_no_oof,0,LIVE
TR-000496,2023-06-30,warmup_no_oof,0,LIVE
TR-003775,2023-06-30,warmup_no_oof,0,LIVE
TR-004290,2023-06-30,warmup_no_oof,0,LIVE
TR-004524,2023-06-30,warmup_no_oof,0,LIVE
TR-005333,2023-06-30,warmup_no_oof,0,LIVE
TR-005722,2023-06-30,warmup_no_oof,0,LIVE
TR-008012,2023-06-30,warmup_no_oof,0,LIVE
TR-008183,2023-06-30,warmup_no_oof,0,LIVE
TR-008373,2023-06-30,warmup_no_oof,0,LIVE
TR-009480,2023-06-30,warmup_no_oof,0,LIVE
TR-001903,2023-07-01,eligible_oof,1,LIVE
TR-002021,2023-07-01,eligible_oof,1,LIVE
TR-003860,2023-07-01,eligible_oof,1,LIVE
TR-005249,2023-07-01,eligible_oof,1,LIVE
TR-006221,2023-07-01,eligible_oof,1,LIVE
TR-007007,2023-07-01,eligible_oof,1,LIVE
TR-007021,2023-07-01,eligible_oof,1,LIVE
TR-008965,2023-07-01,eligible_oof,1,LIVE
TR-009295,2023-07-01,eligible_oof,1,LIVE
TR-009443,2023-07-01,eligible_oof,1,LIVE
TR-004269,2023-07-02,eligible_oof,1,LIVE
TR-006329,2023-07-02,eligible_oof,1,LIVE
TR-007909,2023-07-02,eligible_oof,1,LIVE
TR-008646,2023-07-02,eligible_oof,1,LIVE
TR-009312,2023-07-02,eligible_oof,1,LIVE
TR-001014,2023-07-03,eligible_oof,1,LIVE
TR-001238,2023-07-03,eligible_oof,1,LIVE
TR-002173,2023-07-03,eligible_oof,1,LIVE
TR-003372,2023-07-03,eligible_oof,1,LIVE
TR-004614,2023-07-03,eligible_oof,1,LIVE
TR-006729,2023-07-03,eligible_oof,1,LIVE
TR-006755,2023-07-03,eligible_oof,1,LIVE
TR-007516,2023-07-03,eligible_oof,1,LIVE
TR-008430,2023-07-03,eligible_oof,1,LIVE
TR-000202,2023-07-04,eligible_oof,1,LIVE
TR-000239,2023-07-04,eligible_oof,1,LIVE
TR-000423,2023-07-04,eligible_oof,1,LIVE
TR-001687,2023-07-04,eligible_oof,1,LIVE
TR-002446,2023-07-04,eligible_oof,1,LIVE
TR-003336,2023-07-04,eligible_oof,1,LIVE
TR-004012,2023-07-04,eligible_oof,1,LIVE
TR-006247,2023-07-04,eligible_oof,1,LIVE
TR-006303,2023-07-04,eligible_oof,1,LIVE
TR-006633,2023-07-04,eligible_oof,1,LIVE
TR-006741,2023-07-04,eligible_oof,1,LIVE
TR-006758,2023-07-04,eligible_oof,1,LIVE
TR-008683,2023-07-04,eligible_oof,1,LIVE
TR-009495,2023-07-04,eligible_oof,1,LIVE
TR-001254,2023-07-05,eligible_oof,1,LIVE
TR-002479,2023-07-05,eligible_oof,1,LIVE
TR-003394,2023-07-05,eligible_oof,1,LIVE
TR-003792,2023-07-05,eligible_oof,1,LIVE
TR-004352,2023-07-05,eligible_oof,1,LIVE
TR-005927,2023-07-05,eligible_oof,1,LIVE
TR-006167,2023-07-05,eligible_oof,1,LIVE
TR-007092,2023-07-05,eligible_oof,1,LIVE
TR-008635,2023-07-05,eligible_oof,1,LIVE
TR-009079,2023-07-05,eligible_oof,1,LIVE
TR-009571,2023-07-05,eligible_oof,1,LIVE
TR-002708,2023-07-06,eligible_oof,1,LIVE
TR-002837,2023-07-06,eligible_oof,1,LIVE
TR-002966,2023-07-06,eligible_oof,1,LIVE
TR-002996,2023-07-06,eligible_oof,1,LIVE
TR-003825,2023-07-06,eligible_oof,1,LIVE
TR-006551,2023-07-06,eligible_oof,1,LIVE
TR-007278,2023-07-06,eligible_oof,1,LIVE
TR-007378,2023-07-06,eligible_oof,1,LIVE
TR-009554,2023-07-06,eligible_oof,1,LIVE
TR-009908,2023-07-06,eligible_oof,1,LIVE
TR-000294,2023-07-07,eligible_oof,1,LIVE
TR-000384,2023-07-07,eligible_oof,1,LIVE
TR-003281,2023-07-07,eligible_oof,1,LIVE
TR-003401,2023-07-07,eligible_oof,1,LIVE
TR-004268,2023-07-07,eligible_oof,1,LIVE
TR-004572,2023-07-07,eligible_oof,1,LIVE
TR-005046,2023-07-07,eligible_oof,1,LIVE
TR-005473,2023-07-07,eligible_oof,1,LIVE
TR-007542,2023-07-07,eligible_oof,1,LIVE
TR-007632,2023-07-07,eligible_oof,1,LIVE
TR-007834,2023-07-07,eligible_oof,1,LIVE
TR-007837,2023-07-07,eligible_oof,1,LIVE
TR-008090,2023-07-07,eligible_oof,1,LIVE
TR-008714,2023-07-07,eligible_oof,1,LIVE
TR-009031,2023-07-07,eligible_oof,1,LIVE
TR-000741,2023-07-08,eligible_oof,1,LIVE
TR-002863,2023-07-08,eligible_oof,1,LIVE
TR-003561,2023-07-08,eligible_oof,1,LIVE
TR-004054,2023-07-08,eligible_oof,1,LIVE
TR-004508,2023-07-08,eligible_oof,1,LIVE
TR-005138,2023-07-08,eligible_oof,1,LIVE
TR-006533,2023-07-08,eligible_oof,1,LIVE
TR-007479,2023-07-08,eligible_oof,1,LIVE
TR-008903,2023-07-08,eligible_oof,1,LIVE
TR-009283,2023-07-08,eligible_oof,1,LIVE
TR-009530,2023-07-08,eligible_oof,1,LIVE
TR-009864,2023-07-08,eligible_oof,1,LIVE
TR-000633,2023-07-09,eligible_oof,1,LIVE
TR-001713,2023-07-09,eligible_oof,1,LIVE
TR-001848,2023-07-09,eligible_oof,1,LIVE
TR-001954,2023-07-09,eligible_oof,1,LIVE
TR-002099,2023-07-09,eligible_oof,1,LIVE
TR-007345,2023-07-09,eligible_oof,1,LIVE
TR-008384,2023-07-09,eligible_oof,1,LIVE
TR-009260,2023-07-09,eligible_oof,1,LIVE
TR-001332,2023-07-10,eligible_oof,1,LIVE
TR-002212,2023-07-10,eligible_oof,1,LIVE
TR-002362,2023-07-10,eligible_oof,1,LIVE
TR-003630,2023-07-10,eligible_oof,1,LIVE
TR-003922,2023-07-10,eligible_oof,1,LIVE
TR-004109,2023-07-10,eligible_oof,1,LIVE
TR-008435,2023-07-10,eligible_oof,1,LIVE
TR-008501,2023-07-10,eligible_oof,1,LIVE
TR-000093,2023-07-11,eligible_oof,1,LIVE
TR-000630,2023-07-11,eligible_oof,1,LIVE
TR-002944,2023-07-11,eligible_oof,1,LIVE
TR-003783,2023-07-11,eligible_oof,1,LIVE
TR-004318,2023-07-11,eligible_oof,1,LIVE
TR-004900,2023-07-11,eligible_oof,1,LIVE
TR-005145,2023-07-11,eligible_oof,1,LIVE
TR-006583,2023-07-11,eligible_oof,1,LIVE
TR-006700,2023-07-11,eligible_oof,1,LIVE
TR-007992,2023-07-11,eligible_oof,1,LIVE
TR-008108,2023-07-11,eligible_oof,1,LIVE
TR-008389,2023-07-11,eligible_oof,1,LIVE
TR-000233,2023-07-12,eligible_oof,1,LIVE
TR-000437,2023-07-12,eligible_oof,1,LIVE
TR-001392,2023-07-12,eligible_oof,1,LIVE
TR-001884,2023-07-12,eligible_oof,1,LIVE
TR-002104,2023-07-12,eligible_oof,1,LIVE
TR-003924,2023-07-12,eligible_oof,1,LIVE
TR-004236,2023-07-12,eligible_oof,1,LIVE
TR-005909,2023-07-12,eligible_oof,1,LIVE
TR-006508,2023-07-12,eligible_oof,1,LIVE
TR-008312,2023-07-12,eligible_oof,1,LIVE
TR-008977,2023-07-12,eligible_oof,1,LIVE
TR-009139,2023-07-12,eligible_oof,1,LIVE
TR-009195,2023-07-12,eligible_oof,1,LIVE
TR-000407,2023-07-13,eligible_oof,1,LIVE
TR-000409,2023-07-13,eligible_oof,1,LIVE
TR-006240,2023-07-13,eligible_oof,1,LIVE
TR-007359,2023-07-13,eligible_oof,1,LIVE
TR-007700,2023-07-13,eligible_oof,1,LIVE
TR-007792,2023-07-13,eligible_oof,1,LIVE
TR-009834,2023-07-13,eligible_oof,1,LIVE
TR-000110,2023-07-14,eligible_oof,1,LIVE
TR-001753,2023-07-14,eligible_oof,1,LIVE
TR-003098,2023-07-14,eligible_oof,1,LIVE
TR-003158,2023-07-14,eligible_oof,1,LIVE
TR-004349,2023-07-14,eligible_oof,1,LIVE
TR-004717,2023-07-14,eligible_oof,1,LIVE
TR-007302,2023-07-14,eligible_oof,1,LIVE
TR-008574,2023-07-14,eligible_oof,1,LIVE
TR-008829,2023-07-14,eligible_oof,1,LIVE
TR-000203,2023-07-15,eligible_oof,1,LIVE
TR-000614,2023-07-15,eligible_oof,1,LIVE
TR-000665,2023-07-15,eligible_oof,1,LIVE
TR-001034,2023-07-15,eligible_oof,1,LIVE
TR-002127,2023-07-15,eligible_oof,1,LIVE
TR-003902,2023-07-15,eligible_oof,1,LIVE
TR-004953,2023-07-15,eligible_oof,1,LIVE
TR-006481,2023-07-15,eligible_oof,1,LIVE
TR-007667,2023-07-15,eligible_oof,1,LIVE
TR-007891,2023-07-15,eligible_oof,1,LIVE
TR-008020,2023-07-15,eligible_oof,1,LIVE
TR-008191,2023-07-15,eligible_oof,1,LIVE
TR-008632,2023-07-15,eligible_oof,1,LIVE
TR-000368,2023-07-16,eligible_oof,1,LIVE
TR-000464,2023-07-16,eligible_oof,1,LIVE
TR-001187,2023-07-16,eligible_oof,1,LIVE
TR-001286,2023-07-16,eligible_oof,1,LIVE
TR-003232,2023-07-16,eligible_oof,1,LIVE
TR-003994,2023-07-16,eligible_oof,1,LIVE
TR-004229,2023-07-16,eligible_oof,1,LIVE
TR-005395,2023-07-16,eligible_oof,1,LIVE
TR-005548,2023-07-16,eligible_oof,1,LIVE
TR-006186,2023-07-16,eligible_oof,1,LIVE
TR-008647,2023-07-16,eligible_oof,1,LIVE
TR-009043,2023-07-16,eligible_oof,1,LIVE
TR-009859,2023-07-16,eligible_oof,1,LIVE
TR-000111,2023-07-17,eligible_oof,1,LIVE
TR-005043,2023-07-17,eligible_oof,1,LIVE
TR-005199,2023-07-17,eligible_oof,1,LIVE
TR-006162,2023-07-17,eligible_oof,1,LIVE
TR-007451,2023-07-17,eligible_oof,1,LIVE
TR-007489,2023-07-17,eligible_oof,1,LIVE
TR-007908,2023-07-17,eligible_oof,1,LIVE
TR-008767,2023-07-17,eligible_oof,1,LIVE
TR-004385,2023-07-18,eligible_oof,1,LIVE
TR-004478,2023-07-18,eligible_oof,1,LIVE
TR-005780,2023-07-18,eligible_oof,1,LIVE
TR-001413,2023-07-19,eligible_oof,1,LIVE
TR-004842,2023-07-19,eligible_oof,1,LIVE
TR-005856,2023-07-19,eligible_oof,1,LIVE
TR-007580,2023-07-19,eligible_oof,1,LIVE
TR-008865,2023-07-19,eligible_oof,1,LIVE
TR-009037,2023-07-19,eligible_oof,1,LIVE
TR-009357,2023-07-19,eligible_oof,1,LIVE
TR-009476,2023-07-19,eligible_oof,1,LIVE
TR-001529,2023-07-20,eligible_oof,1,LIVE
TR-003533,2023-07-20,eligible_oof,1,LIVE
TR-005832,2023-07-20,eligible_oof,1,LIVE
TR-006698,2023-07-20,eligible_oof,1,LIVE
TR-007603,2023-07-20,eligible_oof,1,LIVE
TR-009441,2023-07-20,eligible_oof,1,LIVE
TR-000323,2023-07-21,eligible_oof,1,LIVE
TR-000461,2023-07-21,eligible_oof,1,LIVE
TR-000606,2023-07-21,eligible_oof,1,LIVE
TR-001772,2023-07-21,eligible_oof,1,LIVE
TR-002176,2023-07-21,eligible_oof,1,LIVE
TR-002633,2023-07-21,eligible_oof,1,LIVE
TR-002970,2023-07-21,eligible_oof,1,LIVE
TR-003014,2023-07-21,eligible_oof,1,LIVE
TR-005200,2023-07-21,eligible_oof,1,LIVE
TR-005352,2023-07-21,eligible_oof,1,LIVE
TR-006867,2023-07-21,eligible_oof,1,LIVE
TR-008383,2023-07-21,eligible_oof,1,LIVE
TR-009024,2023-07-21,eligible_oof,1,LIVE
TR-009578,2023-07-21,eligible_oof,1,LIVE
TR-001722,2023-07-22,eligible_oof,1,LIVE
TR-004138,2023-07-22,eligible_oof,1,LIVE
TR-005792,2023-07-22,eligible_oof,1,LIVE
TR-006386,2023-07-22,eligible_oof,1,LIVE
TR-006799,2023-07-22,eligible_oof,1,LIVE
TR-007241,2023-07-22,eligible_oof,1,LIVE
TR-002237,2023-07-23,eligible_oof,1,LIVE
TR-003964,2023-07-23,eligible_oof,1,LIVE
TR-007412,2023-07-23,eligible_oof,1,LIVE
TR-009289,2023-07-23,eligible_oof,1,LIVE
TR-000322,2023-07-24,eligible_oof,1,LIVE
TR-002234,2023-07-24,eligible_oof,1,LIVE
TR-002627,2023-07-24,eligible_oof,1,LIVE
TR-009436,2023-07-24,eligible_oof,1,LIVE
TR-009510,2023-07-24,eligible_oof,1,LIVE
TR-000402,2023-07-25,eligible_oof,1,LIVE
TR-000804,2023-07-25,eligible_oof,1,LIVE
TR-002873,2023-07-25,eligible_oof,1,LIVE
TR-004005,2023-07-25,eligible_oof,1,LIVE
TR-004694,2023-07-25,eligible_oof,1,LIVE
TR-004762,2023-07-25,eligible_oof,1,LIVE
TR-005223,2023-07-25,eligible_oof,1,LIVE
TR-005483,2023-07-25,eligible_oof,1,LIVE
TR-005788,2023-07-25,eligible_oof,1,LIVE
TR-006979,2023-07-25,eligible_oof,1,LIVE
TR-008650,2023-07-25,eligible_oof,1,LIVE
TR-008835,2023-07-25,eligible_oof,1,LIVE
TR-008859,2023-07-25,eligible_oof,1,LIVE
TR-009488,2023-07-25,eligible_oof,1,LIVE
TR-000519,2023-07-26,eligible_oof,1,LIVE
TR-000995,2023-07-26,eligible_oof,1,LIVE
TR-001053,2023-07-26,eligible_oof,1,LIVE
TR-001569,2023-07-26,eligible_oof,1,LIVE
TR-002185,2023-07-26,eligible_oof,1,LIVE
TR-005269,2023-07-26,eligible_oof,1,LIVE
TR-005289,2023-07-26,eligible_oof,1,LIVE
TR-006331,2023-07-26,eligible_oof,1,LIVE
TR-006452,2023-07-26,eligible_oof,1,LIVE
TR-006593,2023-07-26,eligible_oof,1,LIVE
TR-007455,2023-07-26,eligible_oof,1,LIVE
TR-007877,2023-07-26,eligible_oof,1,LIVE
TR-009150,2023-07-26,eligible_oof,1,LIVE
TR-001408,2023-07-27,eligible_oof,1,LIVE
TR-002443,2023-07-27,eligible_oof,1,LIVE
TR-003423,2023-07-27,eligible_oof,1,LIVE
TR-004127,2023-07-27,eligible_oof,1,LIVE
TR-004214,2023-07-27,eligible_oof,1,LIVE
TR-005940,2023-07-27,eligible_oof,1,LIVE
TR-006222,2023-07-27,eligible_oof,1,LIVE
TR-006501,2023-07-27,eligible_oof,1,LIVE
TR-009041,2023-07-27,eligible_oof,1,LIVE
TR-009695,2023-07-27,eligible_oof,1,LIVE
TR-001422,2023-07-28,eligible_oof,1,LIVE
TR-002596,2023-07-28,eligible_oof,1,LIVE
TR-002646,2023-07-28,eligible_oof,1,LIVE
TR-008368,2023-07-28,eligible_oof,1,LIVE
TR-009453,2023-07-28,eligible_oof,1,LIVE
TR-009870,2023-07-28,eligible_oof,1,LIVE
TR-009910,2023-07-28,eligible_oof,1,LIVE
TR-001177,2023-07-29,eligible_oof,1,LIVE
TR-002861,2023-07-29,eligible_oof,1,LIVE
TR-004216,2023-07-29,eligible_oof,1,LIVE
TR-004397,2023-07-29,eligible_oof,1,LIVE
TR-008148,2023-07-29,eligible_oof,1,LIVE
TR-000477,2023-07-30,eligible_oof,1,LIVE
TR-001647,2023-07-30,eligible_oof,1,LIVE
TR-002409,2023-07-30,eligible_oof,1,LIVE
TR-002946,2023-07-30,eligible_oof,1,LIVE
TR-005124,2023-07-30,eligible_oof,1,LIVE
TR-006166,2023-07-30,eligible_oof,1,LIVE
TR-006211,2023-07-30,eligible_oof,1,LIVE
TR-006261,2023-07-30,eligible_oof,1,LIVE
TR-006399,2023-07-30,eligible_oof,1,LIVE
TR-006726,2023-07-30,eligible_oof,1,LIVE
TR-007138,2023-07-30,eligible_oof,1,LIVE
TR-009030,2023-07-30,eligible_oof,1,LIVE
TR-009221,2023-07-30,eligible_oof,1,LIVE
TR-000331,2023-07-31,eligible_oof,1,LIVE
TR-000813,2023-07-31,eligible_oof,1,LIVE
TR-001946,2023-07-31,eligible_oof,1,LIVE
TR-003373,2023-07-31,eligible_oof,1,LIVE
TR-003453,2023-07-31,eligible_oof,1,LIVE
TR-003686,2023-07-31,eligible_oof,1,LIVE
TR-005187,2023-07-31,eligible_oof,1,LIVE
TR-009852,2023-07-31,eligible_oof,1,LIVE
TR-009973,2023-07-31,eligible_oof,1,LIVE
TR-002768,2023-08-01,eligible_oof,1,LIVE
TR-003403,2023-08-01,eligible_oof,1,LIVE
TR-003568,2023-08-01,eligible_oof,1,LIVE
TR-003766,2023-08-01,eligible_oof,1,LIVE
TR-003812,2023-08-01,eligible_oof,1,LIVE
TR-005038,2023-08-01,eligible_oof,1,LIVE
TR-006823,2023-08-01,eligible_oof,1,LIVE
TR-008492,2023-08-01,eligible_oof,1,LIVE
TR-000107,2023-08-02,eligible_oof,1,LIVE
TR-000261,2023-08-02,eligible_oof,1,LIVE
TR-001936,2023-08-02,eligible_oof,1,LIVE
TR-002732,2023-08-02,eligible_oof,1,LIVE
TR-003213,2023-08-02,eligible_oof,1,LIVE
TR-004792,2023-08-02,eligible_oof,1,LIVE
TR-008674,2023-08-02,eligible_oof,1,LIVE
TR-009959,2023-08-02,eligible_oof,1,LIVE
TR-002419,2023-08-03,eligible_oof,1,LIVE
TR-003974,2023-08-03,eligible_oof,1,LIVE
TR-003983,2023-08-03,eligible_oof,1,LIVE
TR-004818,2023-08-03,eligible_oof,1,LIVE
TR-006681,2023-08-03,eligible_oof,1,LIVE
TR-006793,2023-08-03,eligible_oof,1,LIVE
TR-008330,2023-08-03,eligible_oof,1,LIVE
TR-001245,2023-08-04,eligible_oof,1,LIVE
TR-001278,2023-08-04,eligible_oof,1,LIVE
TR-004631,2023-08-04,eligible_oof,1,LIVE
TR-005045,2023-08-04,eligible_oof,1,LIVE
TR-007530,2023-08-04,eligible_oof,1,LIVE
TR-009336,2023-08-04,eligible_oof,1,LIVE
TR-009364,2023-08-04,eligible_oof,1,LIVE
TR-009962,2023-08-04,eligible_oof,1,LIVE
TR-009998,2023-08-04,eligible_oof,1,LIVE
TR-000062,2023-08-05,eligible_oof,1,LIVE
TR-001147,2023-08-05,eligible_oof,1,LIVE
TR-001661,2023-08-05,eligible_oof,1,LIVE
TR-004032,2023-08-05,eligible_oof,1,LIVE
TR-004372,2023-08-05,eligible_oof,1,LIVE
TR-004604,2023-08-05,eligible_oof,1,LIVE
TR-004847,2023-08-05,eligible_oof,1,LIVE
TR-006363,2023-08-05,eligible_oof,1,LIVE
TR-006382,2023-08-05,eligible_oof,1,LIVE
TR-006627,2023-08-05,eligible_oof,1,LIVE
TR-009058,2023-08-05,eligible_oof,1,LIVE
TR-000122,2023-08-06,eligible_oof,1,LIVE
TR-001512,2023-08-06,eligible_oof,1,LIVE
TR-002166,2023-08-06,eligible_oof,1,LIVE
TR-002832,2023-08-06,eligible_oof,1,LIVE
TR-003780,2023-08-06,eligible_oof,1,LIVE
TR-004766,2023-08-06,eligible_oof,1,LIVE
TR-006198,2023-08-06,eligible_oof,1,LIVE
TR-007594,2023-08-06,eligible_oof,1,LIVE
TR-007599,2023-08-06,eligible_oof,1,LIVE
TR-008962,2023-08-06,eligible_oof,1,LIVE
TR-009986,2023-08-06,eligible_oof,1,LIVE
TR-000061,2023-08-07,eligible_oof,1,LIVE
TR-000223,2023-08-07,eligible_oof,1,LIVE
TR-000232,2023-08-07,eligible_oof,1,LIVE
TR-000981,2023-08-07,eligible_oof,1,LIVE
TR-002639,2023-08-07,eligible_oof,1,LIVE
TR-005879,2023-08-07,eligible_oof,1,LIVE
TR-006297,2023-08-07,eligible_oof,1,LIVE
TR-007054,2023-08-07,eligible_oof,1,LIVE
TR-000333,2023-08-08,eligible_oof,1,LIVE
TR-000939,2023-08-08,eligible_oof,1,LIVE
TR-002650,2023-08-08,eligible_oof,1,LIVE
TR-004243,2023-08-08,eligible_oof,1,LIVE
TR-004480,2023-08-08,eligible_oof,1,LIVE
TR-005571,2023-08-08,eligible_oof,1,LIVE
TR-007474,2023-08-08,eligible_oof,1,LIVE
TR-008184,2023-08-08,eligible_oof,1,LIVE
TR-009098,2023-08-08,eligible_oof,1,LIVE
TR-009869,2023-08-08,eligible_oof,1,LIVE
TR-004203,2023-08-09,eligible_oof,1,LIVE
TR-004698,2023-08-09,eligible_oof,1,LIVE
TR-006423,2023-08-09,eligible_oof,1,LIVE
TR-006618,2023-08-09,eligible_oof,1,LIVE
TR-006923,2023-08-09,eligible_oof,1,LIVE
TR-009080,2023-08-09,eligible_oof,1,LIVE
TR-000180,2023-08-10,eligible_oof,1,LIVE
TR-008187,2023-08-10,eligible_oof,1,LIVE
TR-008189,2023-08-10,eligible_oof,1,LIVE
TR-009879,2023-08-10,eligible_oof,1,LIVE
TR-002054,2023-08-11,eligible_oof,1,LIVE
TR-003041,2023-08-11,eligible_oof,1,LIVE
TR-004627,2023-08-11,eligible_oof,1,LIVE
TR-004715,2023-08-11,eligible_oof,1,LIVE
TR-005047,2023-08-11,eligible_oof,1,LIVE
TR-006652,2023-08-11,eligible_oof,1,LIVE
TR-006914,2023-08-11,eligible_oof,1,LIVE
TR-006933,2023-08-11,eligible_oof,1,LIVE
TR-007184,2023-08-11,eligible_oof,1,LIVE
TR-009344,2023-08-11,eligible_oof,1,LIVE
TR-009861,2023-08-11,eligible_oof,1,LIVE
TR-009892,2023-08-11,eligible_oof,1,LIVE
TR-002816,2023-08-12,eligible_oof,1,LIVE
TR-004087,2023-08-12,eligible_oof,1,LIVE
TR-005076,2023-08-12,eligible_oof,1,LIVE
TR-002471,2023-08-13,eligible_oof,1,LIVE
TR-003452,2023-08-13,eligible_oof,1,LIVE
TR-003526,2023-08-13,eligible_oof,1,LIVE
TR-003687,2023-08-13,eligible_oof,1,LIVE
TR-004365,2023-08-13,eligible_oof,1,LIVE
TR-004586,2023-08-13,eligible_oof,1,LIVE
TR-005986,2023-08-13,eligible_oof,1,LIVE
TR-008648,2023-08-13,eligible_oof,1,LIVE
TR-000193,2023-08-14,eligible_oof,1,LIVE
TR-000747,2023-08-14,eligible_oof,1,LIVE
TR-000769,2023-08-14,eligible_oof,1,LIVE
TR-000843,2023-08-14,eligible_oof,1,LIVE
TR-001186,2023-08-14,eligible_oof,1,LIVE
TR-003885,2023-08-14,eligible_oof,1,LIVE
TR-007297,2023-08-14,eligible_oof,1,LIVE
TR-009575,2023-08-14,eligible_oof,1,LIVE
TR-000248,2023-08-15,eligible_oof,1,LIVE
TR-000255,2023-08-15,eligible_oof,1,LIVE
TR-001863,2023-08-15,eligible_oof,1,LIVE
TR-002179,2023-08-15,eligible_oof,1,LIVE
TR-003468,2023-08-15,eligible_oof,1,LIVE
TR-003953,2023-08-15,eligible_oof,1,LIVE
TR-004120,2023-08-15,eligible_oof,1,LIVE
TR-006794,2023-08-15,eligible_oof,1,LIVE
TR-009555,2023-08-15,eligible_oof,1,LIVE
TR-000709,2023-08-16,eligible_oof,1,LIVE
TR-000812,2023-08-16,eligible_oof,1,LIVE
TR-001358,2023-08-16,eligible_oof,1,LIVE
TR-001444,2023-08-16,eligible_oof,1,LIVE
TR-001906,2023-08-16,eligible_oof,1,LIVE
TR-003314,2023-08-16,eligible_oof,1,LIVE
TR-004885,2023-08-16,eligible_oof,1,LIVE
TR-005520,2023-08-16,eligible_oof,1,LIVE
TR-008758,2023-08-16,eligible_oof,1,LIVE
TR-000599,2023-08-17,eligible_oof,1,LIVE
TR-000983,2023-08-17,eligible_oof,1,LIVE
TR-002957,2023-08-17,eligible_oof,1,LIVE
TR-003093,2023-08-17,eligible_oof,1,LIVE
TR-004175,2023-08-17,eligible_oof,1,LIVE
TR-004232,2023-08-17,eligible_oof,1,LIVE
TR-005382,2023-08-17,eligible_oof,1,LIVE
TR-005930,2023-08-17,eligible_oof,1,LIVE
TR-007653,2023-08-17,eligible_oof,1,LIVE
TR-007986,2023-08-17,eligible_oof,1,LIVE
TR-008245,2023-08-17,eligible_oof,1,LIVE
TR-008547,2023-08-17,eligible_oof,1,LIVE
TR-009343,2023-08-17,eligible_oof,1,LIVE
TR-009820,2023-08-17,eligible_oof,1,LIVE
TR-005420,2023-08-18,eligible_oof,1,LIVE
TR-006556,2023-08-18,eligible_oof,1,LIVE
TR-008342,2023-08-18,eligible_oof,1,LIVE
TR-009130,2023-08-18,eligible_oof,1,LIVE
TR-001861,2023-08-19,eligible_oof,1,LIVE
TR-003579,2023-08-19,eligible_oof,1,LIVE
TR-004854,2023-08-19,eligible_oof,1,LIVE
TR-004959,2023-08-19,eligible_oof,1,LIVE
TR-005263,2023-08-19,eligible_oof,1,LIVE
TR-009142,2023-08-19,eligible_oof,1,LIVE
TR-009420,2023-08-19,eligible_oof,1,LIVE
TR-009821,2023-08-19,eligible_oof,1,LIVE
TR-000292,2023-08-20,eligible_oof,1,LIVE
TR-000646,2023-08-20,eligible_oof,1,LIVE
TR-003651,2023-08-20,eligible_oof,1,LIVE
TR-004146,2023-08-20,eligible_oof,1,LIVE
TR-005041,2023-08-20,eligible_oof,1,LIVE
TR-005608,2023-08-20,eligible_oof,1,LIVE
TR-001060,2023-08-21,eligible_oof,1,LIVE
TR-001616,2023-08-21,eligible_oof,1,LIVE
TR-002637,2023-08-21,eligible_oof,1,LIVE
TR-003797,2023-08-21,eligible_oof,1,LIVE
TR-004156,2023-08-21,eligible_oof,1,LIVE
TR-005194,2023-08-21,eligible_oof,1,LIVE
TR-005508,2023-08-21,eligible_oof,1,LIVE
TR-005891,2023-08-21,eligible_oof,1,LIVE
TR-007846,2023-08-21,eligible_oof,1,LIVE
TR-008485,2023-08-21,eligible_oof,1,LIVE
TR-000035,2023-08-22,eligible_oof,1,LIVE
TR-001407,2023-08-22,eligible_oof,1,LIVE
TR-001560,2023-08-22,eligible_oof,1,LIVE
TR-001621,2023-08-22,eligible_oof,1,LIVE
TR-002263,2023-08-22,eligible_oof,1,LIVE
TR-003720,2023-08-22,eligible_oof,1,LIVE
TR-003755,2023-08-22,eligible_oof,1,LIVE
TR-004829,2023-08-22,eligible_oof,1,LIVE
TR-005149,2023-08-22,eligible_oof,1,LIVE
TR-006708,2023-08-22,eligible_oof,1,LIVE
TR-007176,2023-08-22,eligible_oof,1,LIVE
TR-008024,2023-08-22,eligible_oof,1,LIVE
TR-009168,2023-08-22,eligible_oof,1,LIVE
TR-009934,2023-08-22,eligible_oof,1,LIVE
TR-002858,2023-08-23,eligible_oof,1,LIVE
TR-003056,2023-08-23,eligible_oof,1,LIVE
TR-003367,2023-08-23,eligible_oof,1,LIVE
TR-005182,2023-08-23,eligible_oof,1,LIVE
TR-005694,2023-08-23,eligible_oof,1,LIVE
TR-006711,2023-08-23,eligible_oof,1,LIVE
TR-007806,2023-08-23,eligible_oof,1,LIVE
TR-000365,2023-08-24,eligible_oof,1,LIVE
TR-001259,2023-08-24,eligible_oof,1,LIVE
TR-002555,2023-08-24,eligible_oof,1,LIVE
TR-004343,2023-08-24,eligible_oof,1,LIVE
TR-004491,2023-08-24,eligible_oof,1,LIVE
TR-006101,2023-08-24,eligible_oof,1,LIVE
TR-002220,2023-08-25,eligible_oof,1,LIVE
TR-003022,2023-08-25,eligible_oof,1,LIVE
TR-003806,2023-08-25,eligible_oof,1,LIVE
TR-005515,2023-08-25,eligible_oof,1,LIVE
TR-005833,2023-08-25,eligible_oof,1,LIVE
TR-006568,2023-08-25,eligible_oof,1,LIVE
TR-008338,2023-08-25,eligible_oof,1,LIVE
TR-008506,2023-08-25,eligible_oof,1,LIVE
TR-008757,2023-08-25,eligible_oof,1,LIVE
TR-000260,2023-08-26,eligible_oof,1,LIVE
TR-002829,2023-08-26,eligible_oof,1,LIVE
TR-004796,2023-08-26,eligible_oof,1,LIVE
TR-005186,2023-08-26,eligible_oof,1,LIVE
TR-005479,2023-08-26,eligible_oof,1,LIVE
TR-006961,2023-08-26,eligible_oof,1,LIVE
TR-006962,2023-08-26,eligible_oof,1,LIVE
TR-008133,2023-08-26,eligible_oof,1,LIVE
TR-008324,2023-08-26,eligible_oof,1,LIVE
TR-009153,2023-08-26,eligible_oof,1,LIVE
TR-009758,2023-08-26,eligible_oof,1,LIVE
TR-001666,2023-08-27,eligible_oof,1,LIVE
TR-005700,2023-08-27,eligible_oof,1,LIVE
TR-005802,2023-08-27,eligible_oof,1,LIVE
TR-007150,2023-08-27,eligible_oof,1,LIVE
TR-007374,2023-08-27,eligible_oof,1,LIVE
TR-007432,2023-08-27,eligible_oof,1,LIVE
TR-008049,2023-08-27,eligible_oof,1,LIVE
TR-008702,2023-08-27,eligible_oof,1,LIVE
TR-009212,2023-08-27,eligible_oof,1,LIVE
TR-009519,2023-08-27,eligible_oof,1,LIVE
TR-001401,2023-08-28,eligible_oof,1,LIVE
TR-002229,2023-08-28,eligible_oof,1,LIVE
TR-003379,2023-08-28,eligible_oof,1,LIVE
TR-004117,2023-08-28,eligible_oof,1,LIVE
TR-008765,2023-08-28,eligible_oof,1,LIVE
TR-009369,2023-08-28,eligible_oof,1,LIVE
TR-009716,2023-08-28,eligible_oof,1,LIVE
TR-000428,2023-08-29,eligible_oof,1,LIVE
TR-000890,2023-08-29,eligible_oof,1,LIVE
TR-002313,2023-08-29,eligible_oof,1,LIVE
TR-002910,2023-08-29,eligible_oof,1,LIVE
TR-003950,2023-08-29,eligible_oof,1,LIVE
TR-004114,2023-08-29,eligible_oof,1,LIVE
TR-004121,2023-08-29,eligible_oof,1,LIVE
TR-004333,2023-08-29,eligible_oof,1,LIVE
TR-004450,2023-08-29,eligible_oof,1,LIVE
TR-004868,2023-08-29,eligible_oof,1,LIVE
TR-005284,2023-08-29,eligible_oof,1,LIVE
TR-007873,2023-08-29,eligible_oof,1,LIVE
TR-008068,2023-08-29,eligible_oof,1,LIVE
TR-009764,2023-08-29,eligible_oof,1,LIVE
TR-009883,2023-08-29,eligible_oof,1,LIVE
TR-002785,2023-08-30,eligible_oof,1,LIVE
TR-002877,2023-08-30,eligible_oof,1,LIVE
TR-006877,2023-08-30,eligible_oof,1,LIVE
TR-007006,2023-08-30,eligible_oof,1,LIVE
TR-008375,2023-08-30,eligible_oof,1,LIVE
TR-009019,2023-08-30,eligible_oof,1,LIVE
TR-009927,2023-08-30,eligible_oof,1,LIVE
TR-001213,2023-08-31,eligible_oof,1,LIVE
TR-002532,2023-08-31,eligible_oof,1,LIVE
TR-003978,2023-08-31,eligible_oof,1,LIVE
TR-006263,2023-08-31,eligible_oof,1,LIVE
TR-007018,2023-08-31,eligible_oof,1,LIVE
TR-008013,2023-08-31,eligible_oof,1,LIVE
TR-008204,2023-08-31,eligible_oof,1,LIVE
TR-000508,2023-09-01,eligible_oof,1,LIVE
TR-000662,2023-09-01,eligible_oof,1,LIVE
TR-001320,2023-09-01,eligible_oof,1,LIVE
TR-003509,2023-09-01,eligible_oof,1,LIVE
TR-004275,2023-09-01,eligible_oof,1,LIVE
TR-005304,2023-09-01,eligible_oof,1,LIVE
TR-005614,2023-09-01,eligible_oof,1,LIVE
TR-008839,2023-09-01,eligible_oof,1,LIVE
TR-009379,2023-09-01,eligible_oof,1,LIVE
TR-001862,2023-09-02,eligible_oof,1,LIVE
TR-004390,2023-09-02,eligible_oof,1,LIVE
TR-004687,2023-09-02,eligible_oof,1,LIVE
TR-004874,2023-09-02,eligible_oof,1,LIVE
TR-007518,2023-09-02,eligible_oof,1,LIVE
TR-000701,2023-09-03,eligible_oof,1,LIVE
TR-001427,2023-09-03,eligible_oof,1,LIVE
TR-002975,2023-09-03,eligible_oof,1,LIVE
TR-003353,2023-09-03,eligible_oof,1,LIVE
TR-004636,2023-09-03,eligible_oof,1,LIVE
TR-005359,2023-09-03,eligible_oof,1,LIVE
TR-007642,2023-09-03,eligible_oof,1,LIVE
TR-007759,2023-09-03,eligible_oof,1,LIVE
TR-008117,2023-09-03,eligible_oof,1,LIVE
TR-009017,2023-09-03,eligible_oof,1,LIVE
TR-001571,2023-09-04,eligible_oof,1,LIVE
TR-001739,2023-09-04,eligible_oof,1,LIVE
TR-001842,2023-09-04,eligible_oof,1,LIVE
TR-003075,2023-09-04,eligible_oof,1,LIVE
TR-003512,2023-09-04,eligible_oof,1,LIVE
TR-005402,2023-09-04,eligible_oof,1,LIVE
TR-006008,2023-09-04,eligible_oof,1,LIVE
TR-007645,2023-09-04,eligible_oof,1,LIVE
TR-008677,2023-09-04,eligible_oof,1,LIVE
TR-008822,2023-09-04,eligible_oof,1,LIVE
TR-008832,2023-09-04,eligible_oof,1,LIVE
TR-001348,2023-09-05,eligible_oof,1,LIVE
TR-001688,2023-09-05,eligible_oof,1,LIVE
TR-003207,2023-09-05,eligible_oof,1,LIVE
TR-003462,2023-09-05,eligible_oof,1,LIVE
TR-003815,2023-09-05,eligible_oof,1,LIVE
TR-004285,2023-09-05,eligible_oof,1,LIVE
TR-006576,2023-09-05,eligible_oof,1,LIVE
TR-009078,2023-09-05,eligible_oof,1,LIVE
TR-002707,2023-09-06,eligible_oof,1,LIVE
TR-003926,2023-09-06,eligible_oof,1,LIVE
TR-004144,2023-09-06,eligible_oof,1,LIVE
TR-005353,2023-09-06,eligible_oof,1,LIVE
TR-005898,2023-09-06,eligible_oof,1,LIVE
TR-006605,2023-09-06,eligible_oof,1,LIVE
TR-007844,2023-09-06,eligible_oof,1,LIVE
TR-007872,2023-09-06,eligible_oof,1,LIVE
TR-000042,2023-09-07,eligible_oof,1,LIVE
TR-001556,2023-09-07,eligible_oof,1,LIVE
TR-007173,2023-09-07,eligible_oof,1,LIVE
TR-007312,2023-09-07,eligible_oof,1,LIVE
TR-008575,2023-09-07,eligible_oof,1,LIVE
TR-009004,2023-09-07,eligible_oof,1,LIVE
TR-000269,2023-09-08,eligible_oof,1,LIVE
TR-002619,2023-09-08,eligible_oof,1,LIVE
TR-002935,2023-09-08,eligible_oof,1,LIVE
TR-002950,2023-09-08,eligible_oof,1,LIVE
TR-007437,2023-09-08,eligible_oof,1,LIVE
TR-007946,2023-09-08,eligible_oof,1,LIVE
TR-008217,2023-09-08,eligible_oof,1,LIVE
TR-008465,2023-09-08,eligible_oof,1,LIVE
TR-008892,2023-09-08,eligible_oof,1,LIVE
TR-009276,2023-09-08,eligible_oof,1,LIVE
TR-009346,2023-09-08,eligible_oof,1,LIVE
TR-000119,2023-09-09,eligible_oof,1,LIVE
TR-001399,2023-09-09,eligible_oof,1,LIVE
TR-002316,2023-09-09,eligible_oof,1,LIVE
TR-003635,2023-09-09,eligible_oof,1,LIVE
TR-003691,2023-09-09,eligible_oof,1,LIVE
TR-006980,2023-09-09,eligible_oof,1,LIVE
TR-008399,2023-09-09,eligible_oof,1,LIVE
TR-002371,2023-09-10,eligible_oof,1,LIVE
TR-003963,2023-09-10,eligible_oof,1,LIVE
TR-005079,2023-09-10,eligible_oof,1,LIVE
TR-007440,2023-09-10,eligible_oof,1,LIVE
TR-007860,2023-09-10,eligible_oof,1,LIVE
TR-007870,2023-09-10,eligible_oof,1,LIVE
TR-009097,2023-09-10,eligible_oof,1,LIVE
TR-009180,2023-09-10,eligible_oof,1,LIVE
TR-009786,2023-09-10,eligible_oof,1,LIVE
TR-002253,2023-09-11,eligible_oof,1,LIVE
TR-003205,2023-09-11,eligible_oof,1,LIVE
TR-003577,2023-09-11,eligible_oof,1,LIVE
TR-003648,2023-09-11,eligible_oof,1,LIVE
TR-006505,2023-09-11,eligible_oof,1,LIVE
TR-008538,2023-09-11,eligible_oof,1,LIVE
TR-008540,2023-09-11,eligible_oof,1,LIVE
TR-009181,2023-09-11,eligible_oof,1,LIVE
TR-009729,2023-09-11,eligible_oof,1,LIVE
TR-009769,2023-09-11,eligible_oof,1,LIVE
TR-002410,2023-09-12,eligible_oof,1,LIVE
TR-003071,2023-09-12,eligible_oof,1,LIVE
TR-003612,2023-09-12,eligible_oof,1,LIVE
TR-003879,2023-09-12,eligible_oof,1,LIVE
TR-005321,2023-09-12,eligible_oof,1,LIVE
TR-006632,2023-09-12,eligible_oof,1,LIVE
TR-006857,2023-09-12,eligible_oof,1,LIVE
TR-007381,2023-09-12,eligible_oof,1,LIVE
TR-007974,2023-09-12,eligible_oof,1,LIVE
TR-008155,2023-09-12,eligible_oof,1,LIVE
TR-009946,2023-09-12,eligible_oof,1,LIVE
TR-000121,2023-09-13,eligible_oof,1,LIVE
TR-001578,2023-09-13,eligible_oof,1,LIVE
TR-001648,2023-09-13,eligible_oof,1,LIVE
TR-002677,2023-09-13,eligible_oof,1,LIVE
TR-003184,2023-09-13,eligible_oof,1,LIVE
TR-003710,2023-09-13,eligible_oof,1,LIVE
TR-003772,2023-09-13,eligible_oof,1,LIVE
TR-006455,2023-09-13,eligible_oof,1,LIVE
TR-000918,2023-09-14,eligible_oof,1,LIVE
TR-001781,2023-09-14,eligible_oof,1,LIVE
TR-003520,2023-09-14,eligible_oof,1,LIVE
TR-004011,2023-09-14,eligible_oof,1,LIVE
TR-005513,2023-09-14,eligible_oof,1,LIVE
TR-007514,2023-09-14,eligible_oof,1,LIVE
TR-009776,2023-09-14,eligible_oof,1,LIVE
TR-009885,2023-09-14,eligible_oof,1,LIVE
TR-009996,2023-09-14,eligible_oof,1,LIVE
TR-000106,2023-09-15,eligible_oof,1,LIVE
TR-000811,2023-09-15,eligible_oof,1,LIVE
TR-002466,2023-09-15,eligible_oof,1,LIVE
TR-002770,2023-09-15,eligible_oof,1,LIVE
TR-002912,2023-09-15,eligible_oof,1,LIVE
TR-003829,2023-09-15,eligible_oof,1,LIVE
TR-005155,2023-09-15,eligible_oof,1,LIVE
TR-008448,2023-09-15,eligible_oof,1,LIVE
TR-009059,2023-09-15,eligible_oof,1,LIVE
TR-000735,2023-09-16,eligible_oof,1,LIVE
TR-000963,2023-09-16,eligible_oof,1,LIVE
TR-001130,2023-09-16,eligible_oof,1,LIVE
TR-005279,2023-09-16,eligible_oof,1,LIVE
TR-005650,2023-09-16,eligible_oof,1,LIVE
TR-006546,2023-09-16,eligible_oof,1,LIVE
TR-007161,2023-09-16,eligible_oof,1,LIVE
TR-008860,2023-09-16,eligible_oof,1,LIVE
TR-009299,2023-09-16,eligible_oof,1,LIVE
TR-000156,2023-09-17,eligible_oof,1,LIVE
TR-000278,2023-09-17,eligible_oof,1,LIVE
TR-004191,2023-09-17,eligible_oof,1,LIVE
TR-006599,2023-09-17,eligible_oof,1,LIVE
TR-006607,2023-09-17,eligible_oof,1,LIVE
TR-007881,2023-09-17,eligible_oof,1,LIVE
TR-009138,2023-09-17,eligible_oof,1,LIVE
TR-009915,2023-09-17,eligible_oof,1,LIVE
TR-000698,2023-09-18,eligible_oof,1,LIVE
TR-003324,2023-09-18,eligible_oof,1,LIVE
TR-004725,2023-09-18,eligible_oof,1,LIVE
TR-006151,2023-09-18,eligible_oof,1,LIVE
TR-007427,2023-09-18,eligible_oof,1,LIVE
TR-007812,2023-09-18,eligible_oof,1,LIVE
TR-009162,2023-09-18,eligible_oof,1,LIVE
TR-000456,2023-09-19,eligible_oof,1,LIVE
TR-000877,2023-09-19,eligible_oof,1,LIVE
TR-001031,2023-09-19,eligible_oof,1,LIVE
TR-002196,2023-09-19,eligible_oof,1,LIVE
TR-002642,2023-09-19,eligible_oof,1,LIVE
TR-004007,2023-09-19,eligible_oof,1,LIVE
TR-004325,2023-09-19,eligible_oof,1,LIVE
TR-004374,2023-09-19,eligible_oof,1,LIVE
TR-004732,2023-09-19,eligible_oof,1,LIVE
TR-007682,2023-09-19,eligible_oof,1,LIVE
TR-007791,2023-09-19,eligible_oof,1,LIVE
TR-008417,2023-09-19,eligible_oof,1,LIVE
TR-008732,2023-09-19,eligible_oof,1,LIVE
TR-009652,2023-09-19,eligible_oof,1,LIVE
TR-009772,2023-09-19,eligible_oof,1,LIVE
TR-009917,2023-09-19,eligible_oof,1,LIVE
TR-000588,2023-09-20,eligible_oof,1,LIVE
TR-000940,2023-09-20,eligible_oof,1,LIVE
TR-002731,2023-09-20,eligible_oof,1,LIVE
TR-003580,2023-09-20,eligible_oof,1,LIVE
TR-003659,2023-09-20,eligible_oof,1,LIVE
TR-003662,2023-09-20,eligible_oof,1,LIVE
TR-004233,2023-09-20,eligible_oof,1,LIVE
TR-004425,2023-09-20,eligible_oof,1,LIVE
TR-004925,2023-09-20,eligible_oof,1,LIVE
TR-005225,2023-09-20,eligible_oof,1,LIVE
TR-005452,2023-09-20,eligible_oof,1,LIVE
TR-006973,2023-09-20,eligible_oof,1,LIVE
TR-000815,2023-09-21,eligible_oof,1,LIVE
TR-003058,2023-09-21,eligible_oof,1,LIVE
TR-003856,2023-09-21,eligible_oof,1,LIVE
TR-004459,2023-09-21,eligible_oof,1,LIVE
TR-005720,2023-09-21,eligible_oof,1,LIVE
TR-006108,2023-09-21,eligible_oof,1,LIVE
TR-009609,2023-09-21,eligible_oof,1,LIVE
TR-000308,2023-09-22,eligible_oof,1,LIVE
TR-003559,2023-09-22,eligible_oof,1,LIVE
TR-003748,2023-09-22,eligible_oof,1,LIVE
TR-003841,2023-09-22,eligible_oof,1,LIVE
TR-003883,2023-09-22,eligible_oof,1,LIVE
TR-006800,2023-09-22,eligible_oof,1,LIVE
TR-006840,2023-09-22,eligible_oof,1,LIVE
TR-007900,2023-09-22,eligible_oof,1,LIVE
TR-008050,2023-09-22,eligible_oof,1,LIVE
TR-009450,2023-09-22,eligible_oof,1,LIVE
TR-001389,2023-09-23,eligible_oof,1,LIVE
TR-001873,2023-09-23,eligible_oof,1,LIVE
TR-002122,2023-09-23,eligible_oof,1,LIVE
TR-003426,2023-09-23,eligible_oof,1,LIVE
TR-003718,2023-09-23,eligible_oof,1,LIVE
TR-005669,2023-09-23,eligible_oof,1,LIVE
TR-006812,2023-09-23,eligible_oof,1,LIVE
TR-007039,2023-09-23,eligible_oof,1,LIVE
TR-009816,2023-09-23,eligible_oof,1,LIVE
TR-001501,2023-09-24,eligible_oof,1,LIVE
TR-003187,2023-09-24,eligible_oof,1,LIVE
TR-003569,2023-09-24,eligible_oof,1,LIVE
TR-005982,2023-09-24,eligible_oof,1,LIVE
TR-008388,2023-09-24,eligible_oof,1,LIVE
TR-009198,2023-09-24,eligible_oof,1,LIVE
TR-002142,2023-09-25,eligible_oof,1,LIVE
TR-002658,2023-09-25,eligible_oof,1,LIVE
TR-004018,2023-09-25,eligible_oof,1,LIVE
TR-005236,2023-09-25,eligible_oof,1,LIVE
TR-005512,2023-09-25,eligible_oof,1,LIVE
TR-005902,2023-09-25,eligible_oof,1,LIVE
TR-006416,2023-09-25,eligible_oof,1,LIVE
TR-006579,2023-09-25,eligible_oof,1,LIVE
TR-007279,2023-09-25,eligible_oof,1,LIVE
TR-009942,2023-09-25,eligible_oof,1,LIVE
TR-001730,2023-09-26,eligible_oof,1,LIVE
TR-002147,2023-09-26,eligible_oof,1,LIVE
TR-004402,2023-09-26,eligible_oof,1,LIVE
TR-005235,2023-09-26,eligible_oof,1,LIVE
TR-005597,2023-09-26,eligible_oof,1,LIVE
TR-003073,2023-09-27,eligible_oof,1,LIVE
TR-003141,2023-09-27,eligible_oof,1,LIVE
TR-005100,2023-09-27,eligible_oof,1,LIVE
TR-008301,2023-09-27,eligible_oof,1,LIVE
TR-008673,2023-09-27,eligible_oof,1,LIVE
TR-000059,2023-09-28,eligible_oof,1,LIVE
TR-000739,2023-09-28,eligible_oof,1,LIVE
TR-000889,2023-09-28,eligible_oof,1,LIVE
TR-000922,2023-09-28,eligible_oof,1,LIVE
TR-001039,2023-09-28,eligible_oof,1,LIVE
TR-001148,2023-09-28,eligible_oof,1,LIVE
TR-001620,2023-09-28,eligible_oof,1,LIVE
TR-002626,2023-09-28,eligible_oof,1,LIVE
TR-004038,2023-09-28,eligible_oof,1,LIVE
TR-007929,2023-09-28,eligible_oof,1,LIVE
TR-009537,2023-09-28,eligible_oof,1,LIVE
TR-000096,2023-09-29,eligible_oof,1,LIVE
TR-000783,2023-09-29,eligible_oof,1,LIVE
TR-000876,2023-09-29,eligible_oof,1,LIVE
TR-003030,2023-09-29,eligible_oof,1,LIVE
TR-003689,2023-09-29,eligible_oof,1,LIVE
TR-003870,2023-09-29,eligible_oof,1,LIVE
TR-004911,2023-09-29,eligible_oof,1,LIVE
TR-009049,2023-09-29,eligible_oof,1,LIVE
TR-009156,2023-09-29,eligible_oof,1,LIVE
TR-000113,2023-09-30,eligible_oof,1,LIVE
TR-000521,2023-09-30,eligible_oof,1,LIVE
TR-000990,2023-09-30,eligible_oof,1,LIVE
TR-001083,2023-09-30,eligible_oof,1,LIVE
TR-001347,2023-09-30,eligible_oof,1,LIVE
TR-002810,2023-09-30,eligible_oof,1,LIVE
TR-002820,2023-09-30,eligible_oof,1,LIVE
TR-003626,2023-09-30,eligible_oof,1,LIVE
TR-004241,2023-09-30,eligible_oof,1,LIVE
TR-005603,2023-09-30,eligible_oof,1,LIVE
TR-006107,2023-09-30,eligible_oof,1,LIVE
TR-009101,2023-09-30,eligible_oof,1,LIVE
TR-000847,2023-10-01,eligible_oof,1,LIVE
TR-001451,2023-10-01,eligible_oof,1,LIVE
TR-004542,2023-10-01,eligible_oof,1,LIVE
TR-005411,2023-10-01,eligible_oof,1,LIVE
TR-005530,2023-10-01,eligible_oof,1,LIVE
TR-006448,2023-10-01,eligible_oof,1,LIVE
TR-009171,2023-10-01,eligible_oof,1,LIVE
TR-000057,2023-10-02,eligible_oof,1,LIVE
TR-001249,2023-10-02,eligible_oof,1,LIVE
TR-002016,2023-10-02,eligible_oof,1,LIVE
TR-002163,2023-10-02,eligible_oof,1,LIVE
TR-002169,2023-10-02,eligible_oof,1,LIVE
TR-003025,2023-10-02,eligible_oof,1,LIVE
TR-003422,2023-10-02,eligible_oof,1,LIVE
TR-005059,2023-10-02,eligible_oof,1,LIVE
TR-005635,2023-10-02,eligible_oof,1,LIVE
TR-005706,2023-10-02,eligible_oof,1,LIVE
TR-006016,2023-10-02,eligible_oof,1,LIVE
TR-007886,2023-10-02,eligible_oof,1,LIVE
TR-008803,2023-10-02,eligible_oof,1,LIVE
TR-002590,2023-10-03,eligible_oof,1,LIVE
TR-002926,2023-10-03,eligible_oof,1,LIVE
TR-003515,2023-10-03,eligible_oof,1,LIVE
TR-007371,2023-10-03,eligible_oof,1,LIVE
TR-008760,2023-10-03,eligible_oof,1,LIVE
TR-008949,2023-10-03,eligible_oof,1,LIVE
TR-000303,2023-10-04,eligible_oof,1,LIVE
TR-000571,2023-10-04,eligible_oof,1,LIVE
TR-003481,2023-10-04,eligible_oof,1,LIVE
TR-004225,2023-10-04,eligible_oof,1,LIVE
TR-005127,2023-10-04,eligible_oof,1,LIVE
TR-005444,2023-10-04,eligible_oof,1,LIVE
TR-005463,2023-10-04,eligible_oof,1,LIVE
TR-005684,2023-10-04,eligible_oof,1,LIVE
TR-008596,2023-10-04,eligible_oof,1,LIVE
TR-003458,2023-10-05,eligible_oof,1,LIVE
TR-004124,2023-10-05,eligible_oof,1,LIVE
TR-004366,2023-10-05,eligible_oof,1,LIVE
TR-006675,2023-10-05,eligible_oof,1,LIVE
TR-008474,2023-10-05,eligible_oof,1,LIVE
TR-009286,2023-10-05,eligible_oof,1,LIVE
TR-009708,2023-10-05,eligible_oof,1,LIVE
TR-000481,2023-10-06,eligible_oof,1,LIVE
TR-001164,2023-10-06,eligible_oof,1,LIVE
TR-005377,2023-10-06,eligible_oof,1,LIVE
TR-006164,2023-10-06,eligible_oof,1,LIVE
TR-006926,2023-10-06,eligible_oof,1,LIVE
TR-008181,2023-10-06,eligible_oof,1,LIVE
TR-009581,2023-10-06,eligible_oof,1,LIVE
TR-009631,2023-10-06,eligible_oof,1,LIVE
TR-009669,2023-10-06,eligible_oof,1,LIVE
TR-002939,2023-10-07,eligible_oof,1,LIVE
TR-003162,2023-10-07,eligible_oof,1,LIVE
TR-004113,2023-10-07,eligible_oof,1,LIVE
TR-005509,2023-10-07,eligible_oof,1,LIVE
TR-006267,2023-10-07,eligible_oof,1,LIVE
TR-006441,2023-10-07,eligible_oof,1,LIVE
TR-008093,2023-10-07,eligible_oof,1,LIVE
TR-009340,2023-10-07,eligible_oof,1,LIVE
TR-002909,2023-10-08,eligible_oof,1,LIVE
TR-005131,2023-10-08,eligible_oof,1,LIVE
TR-005443,2023-10-08,eligible_oof,1,LIVE
TR-005974,2023-10-08,eligible_oof,1,LIVE
TR-007862,2023-10-08,eligible_oof,1,LIVE
TR-009532,2023-10-08,eligible_oof,1,LIVE
TR-009706,2023-10-08,eligible_oof,1,LIVE
TR-001085,2023-10-09,eligible_oof,1,LIVE
TR-003175,2023-10-09,eligible_oof,1,LIVE
TR-003214,2023-10-09,eligible_oof,1,LIVE
TR-003944,2023-10-09,eligible_oof,1,LIVE
TR-004377,2023-10-09,eligible_oof,1,LIVE
TR-004496,2023-10-09,eligible_oof,1,LIVE
TR-004942,2023-10-09,eligible_oof,1,LIVE
TR-005828,2023-10-09,eligible_oof,1,LIVE
TR-006913,2023-10-09,eligible_oof,1,LIVE
TR-007379,2023-10-09,eligible_oof,1,LIVE
TR-007808,2023-10-09,eligible_oof,1,LIVE
TR-008057,2023-10-09,eligible_oof,1,LIVE
TR-008185,2023-10-09,eligible_oof,1,LIVE
TR-008661,2023-10-09,eligible_oof,1,LIVE
TR-008994,2023-10-09,eligible_oof,1,LIVE
TR-009504,2023-10-09,eligible_oof,1,LIVE
TR-000017,2023-10-10,eligible_oof,1,LIVE
TR-000027,2023-10-10,eligible_oof,1,LIVE
TR-001877,2023-10-10,eligible_oof,1,LIVE
TR-006770,2023-10-10,eligible_oof,1,LIVE
TR-007939,2023-10-10,eligible_oof,1,LIVE
TR-008899,2023-10-10,eligible_oof,1,LIVE
TR-008902,2023-10-10,eligible_oof,1,LIVE
TR-001740,2023-10-11,eligible_oof,1,LIVE
TR-005172,2023-10-11,eligible_oof,1,LIVE
TR-005475,2023-10-11,eligible_oof,1,LIVE
TR-005759,2023-10-11,eligible_oof,1,LIVE
TR-005936,2023-10-11,eligible_oof,1,LIVE
TR-006773,2023-10-11,eligible_oof,1,LIVE
TR-008280,2023-10-11,eligible_oof,1,LIVE
TR-009853,2023-10-11,eligible_oof,1,LIVE
TR-000396,2023-10-12,eligible_oof,1,LIVE
TR-000520,2023-10-12,eligible_oof,1,LIVE
TR-000699,2023-10-12,eligible_oof,1,LIVE
TR-001191,2023-10-12,eligible_oof,1,LIVE
TR-001396,2023-10-12,eligible_oof,1,LIVE
TR-001550,2023-10-12,eligible_oof,1,LIVE
TR-001585,2023-10-12,eligible_oof,1,LIVE
TR-002056,2023-10-12,eligible_oof,1,LIVE
TR-004546,2023-10-12,eligible_oof,1,LIVE
TR-005595,2023-10-12,eligible_oof,1,LIVE
TR-005723,2023-10-12,eligible_oof,1,LIVE
TR-006112,2023-10-12,eligible_oof,1,LIVE
TR-007395,2023-10-12,eligible_oof,1,LIVE
TR-000190,2023-10-13,eligible_oof,1,LIVE
TR-000689,2023-10-13,eligible_oof,1,LIVE
TR-001107,2023-10-13,eligible_oof,1,LIVE
TR-002384,2023-10-13,eligible_oof,1,LIVE
TR-004277,2023-10-13,eligible_oof,1,LIVE
TR-004606,2023-10-13,eligible_oof,1,LIVE
TR-005707,2023-10-13,eligible_oof,1,LIVE
TR-006047,2023-10-13,eligible_oof,1,LIVE
TR-006417,2023-10-13,eligible_oof,1,LIVE
TR-006443,2023-10-13,eligible_oof,1,LIVE
TR-007690,2023-10-13,eligible_oof,1,LIVE
TR-008633,2023-10-13,eligible_oof,1,LIVE
TR-008778,2023-10-13,eligible_oof,1,LIVE
TR-000037,2023-10-14,eligible_oof,1,LIVE
TR-000355,2023-10-14,eligible_oof,1,LIVE
TR-001457,2023-10-14,eligible_oof,1,LIVE
TR-001774,2023-10-14,eligible_oof,1,LIVE
TR-002803,2023-10-14,eligible_oof,1,LIVE
TR-004438,2023-10-14,eligible_oof,1,LIVE
TR-005106,2023-10-14,eligible_oof,1,LIVE
TR-006616,2023-10-14,eligible_oof,1,LIVE
TR-009544,2023-10-14,eligible_oof,1,LIVE
TR-000259,2023-10-15,eligible_oof,1,LIVE
TR-000790,2023-10-15,eligible_oof,1,LIVE
TR-001052,2023-10-15,eligible_oof,1,LIVE
TR-001765,2023-10-15,eligible_oof,1,LIVE
TR-002607,2023-10-15,eligible_oof,1,LIVE
TR-005438,2023-10-15,eligible_oof,1,LIVE
TR-005511,2023-10-15,eligible_oof,1,LIVE
TR-005861,2023-10-15,eligible_oof,1,LIVE
TR-007049,2023-10-15,eligible_oof,1,LIVE
TR-007657,2023-10-15,eligible_oof,1,LIVE
TR-009795,2023-10-15,eligible_oof,1,LIVE
TR-000828,2023-10-16,eligible_oof,1,LIVE
TR-001690,2023-10-16,eligible_oof,1,LIVE
TR-002106,2023-10-16,eligible_oof,1,LIVE
TR-003599,2023-10-16,eligible_oof,1,LIVE
TR-004106,2023-10-16,eligible_oof,1,LIVE
TR-004483,2023-10-16,eligible_oof,1,LIVE
TR-000988,2023-10-17,eligible_oof,1,LIVE
TR-001472,2023-10-17,eligible_oof,1,LIVE
TR-001806,2023-10-17,eligible_oof,1,LIVE
TR-002652,2023-10-17,eligible_oof,1,LIVE
TR-002993,2023-10-17,eligible_oof,1,LIVE
TR-004249,2023-10-17,eligible_oof,1,LIVE
TR-006404,2023-10-17,eligible_oof,1,LIVE
TR-008539,2023-10-17,eligible_oof,1,LIVE
TR-000339,2023-10-18,eligible_oof,1,LIVE
TR-000616,2023-10-18,eligible_oof,1,LIVE
TR-000645,2023-10-18,eligible_oof,1,LIVE
TR-003123,2023-10-18,eligible_oof,1,LIVE
TR-004238,2023-10-18,eligible_oof,1,LIVE
TR-007002,2023-10-18,eligible_oof,1,LIVE
TR-008249,2023-10-18,eligible_oof,1,LIVE
TR-008504,2023-10-18,eligible_oof,1,LIVE
TR-009014,2023-10-18,eligible_oof,1,LIVE
TR-001467,2023-10-19,eligible_oof,1,LIVE
TR-002046,2023-10-19,eligible_oof,1,LIVE
TR-003521,2023-10-19,eligible_oof,1,LIVE
TR-004083,2023-10-19,eligible_oof,1,LIVE
TR-004622,2023-10-19,eligible_oof,1,LIVE
TR-005896,2023-10-19,eligible_oof,1,LIVE
TR-007721,2023-10-19,eligible_oof,1,LIVE
TR-008653,2023-10-19,eligible_oof,1,LIVE
TR-009511,2023-10-19,eligible_oof,1,LIVE
TR-001065,2023-10-20,eligible_oof,1,LIVE
TR-001152,2023-10-20,eligible_oof,1,LIVE
TR-002654,2023-10-20,eligible_oof,1,LIVE
TR-004151,2023-10-20,eligible_oof,1,LIVE
TR-004398,2023-10-20,eligible_oof,1,LIVE
TR-005518,2023-10-20,eligible_oof,1,LIVE
TR-007076,2023-10-20,eligible_oof,1,LIVE
TR-007851,2023-10-20,eligible_oof,1,LIVE
TR-007993,2023-10-20,eligible_oof,1,LIVE
TR-001919,2023-10-21,eligible_oof,1,LIVE
TR-004305,2023-10-21,eligible_oof,1,LIVE
TR-006573,2023-10-21,eligible_oof,1,LIVE
TR-007737,2023-10-21,eligible_oof,1,LIVE
TR-008952,2023-10-21,eligible_oof,1,LIVE
TR-002232,2023-10-22,eligible_oof,1,LIVE
TR-003762,2023-10-22,eligible_oof,1,LIVE
TR-004329,2023-10-22,eligible_oof,1,LIVE
TR-004347,2023-10-22,eligible_oof,1,LIVE
TR-004499,2023-10-22,eligible_oof,1,LIVE
TR-005450,2023-10-22,eligible_oof,1,LIVE
TR-006285,2023-10-22,eligible_oof,1,LIVE
TR-009188,2023-10-22,eligible_oof,1,LIVE
TR-009497,2023-10-22,eligible_oof,1,LIVE
TR-009553,2023-10-22,eligible_oof,1,LIVE
TR-009593,2023-10-22,eligible_oof,1,LIVE
TR-000800,2023-10-23,eligible_oof,1,LIVE
TR-003163,2023-10-23,eligible_oof,1,LIVE
TR-003555,2023-10-23,eligible_oof,1,LIVE
TR-003817,2023-10-23,eligible_oof,1,LIVE
TR-003910,2023-10-23,eligible_oof,1,LIVE
TR-005781,2023-10-23,eligible_oof,1,LIVE
TR-009163,2023-10-23,eligible_oof,1,LIVE
TR-001353,2023-10-24,eligible_oof,1,LIVE
TR-002700,2023-10-24,eligible_oof,1,LIVE
TR-003946,2023-10-24,eligible_oof,1,LIVE
TR-004160,2023-10-24,eligible_oof,1,LIVE
TR-006229,2023-10-24,eligible_oof,1,LIVE
TR-007117,2023-10-24,eligible_oof,1,LIVE
TR-009989,2023-10-24,eligible_oof,1,LIVE
TR-000424,2023-10-25,eligible_oof,1,LIVE
TR-000495,2023-10-25,eligible_oof,1,LIVE
TR-001304,2023-10-25,eligible_oof,1,LIVE
TR-002538,2023-10-25,eligible_oof,1,LIVE
TR-003002,2023-10-25,eligible_oof,1,LIVE
TR-003003,2023-10-25,eligible_oof,1,LIVE
TR-003787,2023-10-25,eligible_oof,1,LIVE
TR-004395,2023-10-25,eligible_oof,1,LIVE
TR-005022,2023-10-25,eligible_oof,1,LIVE
TR-005969,2023-10-25,eligible_oof,1,LIVE
TR-008808,2023-10-25,eligible_oof,1,LIVE
TR-009978,2023-10-25,eligible_oof,1,LIVE
TR-003951,2023-10-26,eligible_oof,1,LIVE
TR-004294,2023-10-26,eligible_oof,1,LIVE
TR-004899,2023-10-26,eligible_oof,1,LIVE
TR-005727,2023-10-26,eligible_oof,1,LIVE
TR-006256,2023-10-26,eligible_oof,1,LIVE
TR-007544,2023-10-26,eligible_oof,1,LIVE
TR-001178,2023-10-27,eligible_oof,1,LIVE
TR-001335,2023-10-27,eligible_oof,1,LIVE
TR-001973,2023-10-27,eligible_oof,1,LIVE
TR-003001,2023-10-27,eligible_oof,1,LIVE
TR-003360,2023-10-27,eligible_oof,1,LIVE
TR-004222,2023-10-27,eligible_oof,1,LIVE
TR-006326,2023-10-27,eligible_oof,1,LIVE
TR-008165,2023-10-27,eligible_oof,1,LIVE
TR-009939,2023-10-27,eligible_oof,1,LIVE
TR-000376,2023-10-28,eligible_oof,1,LIVE
TR-004745,2023-10-28,eligible_oof,1,LIVE
TR-008188,2023-10-28,eligible_oof,1,LIVE
TR-008821,2023-10-28,eligible_oof,1,LIVE
TR-000955,2023-10-29,eligible_oof,1,LIVE
TR-001119,2023-10-29,eligible_oof,1,LIVE
TR-001932,2023-10-29,eligible_oof,1,LIVE
TR-002483,2023-10-29,eligible_oof,1,LIVE
TR-002520,2023-10-29,eligible_oof,1,LIVE
TR-003248,2023-10-29,eligible_oof,1,LIVE
TR-003503,2023-10-29,eligible_oof,1,LIVE
TR-004540,2023-10-29,eligible_oof,1,LIVE
TR-004934,2023-10-29,eligible_oof,1,LIVE
TR-005389,2023-10-29,eligible_oof,1,LIVE
TR-006564,2023-10-29,eligible_oof,1,LIVE
TR-007085,2023-10-29,eligible_oof,1,LIVE
TR-007535,2023-10-29,eligible_oof,1,LIVE
TR-002346,2023-10-30,eligible_oof,1,LIVE
TR-003074,2023-10-30,eligible_oof,1,LIVE
TR-003437,2023-10-30,eligible_oof,1,LIVE
TR-003824,2023-10-30,eligible_oof,1,LIVE
TR-004159,2023-10-30,eligible_oof,1,LIVE
TR-006043,2023-10-30,eligible_oof,1,LIVE
TR-009720,2023-10-30,eligible_oof,1,LIVE
TR-009956,2023-10-30,eligible_oof,1,LIVE
TR-009970,2023-10-30,eligible_oof,1,LIVE
TR-000713,2023-10-31,eligible_oof,1,LIVE
TR-000897,2023-10-31,eligible_oof,1,LIVE
TR-001663,2023-10-31,eligible_oof,1,LIVE
TR-001795,2023-10-31,eligible_oof,1,LIVE
TR-002940,2023-10-31,eligible_oof,1,LIVE
TR-007195,2023-10-31,eligible_oof,1,LIVE
TR-007249,2023-10-31,eligible_oof,1,LIVE
TR-001424,2023-11-01,eligible_oof,1,LIVE
TR-003584,2023-11-01,eligible_oof,1,LIVE
TR-004212,2023-11-01,eligible_oof,1,LIVE
TR-004502,2023-11-01,eligible_oof,1,LIVE
TR-009115,2023-11-01,eligible_oof,1,LIVE
TR-009211,2023-11-01,eligible_oof,1,LIVE
TR-009305,2023-11-01,eligible_oof,1,LIVE
TR-009685,2023-11-01,eligible_oof,1,LIVE
TR-000031,2023-11-02,eligible_oof,1,LIVE
TR-001681,2023-11-02,eligible_oof,1,LIVE
TR-001724,2023-11-02,eligible_oof,1,LIVE
TR-002028,2023-11-02,eligible_oof,1,LIVE
TR-002699,2023-11-02,eligible_oof,1,LIVE
TR-005066,2023-11-02,eligible_oof,1,LIVE
TR-005777,2023-11-02,eligible_oof,1,LIVE
TR-006484,2023-11-02,eligible_oof,1,LIVE
TR-007832,2023-11-02,eligible_oof,1,LIVE
TR-009125,2023-11-02,eligible_oof,1,LIVE
TR-000030,2023-11-03,eligible_oof,1,LIVE
TR-000103,2023-11-03,eligible_oof,1,LIVE
TR-001194,2023-11-03,eligible_oof,1,LIVE
TR-001497,2023-11-03,eligible_oof,1,LIVE
TR-001770,2023-11-03,eligible_oof,1,LIVE
TR-001851,2023-11-03,eligible_oof,1,LIVE
TR-001978,2023-11-03,eligible_oof,1,LIVE
TR-002210,2023-11-03,eligible_oof,1,LIVE
TR-002307,2023-11-03,eligible_oof,1,LIVE
TR-003645,2023-11-03,eligible_oof,1,LIVE
TR-005035,2023-11-03,eligible_oof,1,LIVE
TR-007156,2023-11-03,eligible_oof,1,LIVE
TR-008290,2023-11-03,eligible_oof,1,LIVE
TR-000553,2023-11-04,eligible_oof,1,LIVE
TR-002130,2023-11-04,eligible_oof,1,LIVE
TR-004590,2023-11-04,eligible_oof,1,LIVE
TR-005293,2023-11-04,eligible_oof,1,LIVE
TR-007131,2023-11-04,eligible_oof,1,LIVE
TR-007607,2023-11-04,eligible_oof,1,LIVE
TR-009931,2023-11-04,eligible_oof,1,LIVE
TR-000066,2023-11-05,eligible_oof,1,LIVE
TR-001719,2023-11-05,eligible_oof,1,LIVE
TR-001793,2023-11-05,eligible_oof,1,LIVE
TR-003105,2023-11-05,eligible_oof,1,LIVE
TR-003448,2023-11-05,eligible_oof,1,LIVE
TR-003518,2023-11-05,eligible_oof,1,LIVE
TR-004527,2023-11-05,eligible_oof,1,LIVE
TR-005552,2023-11-05,eligible_oof,1,LIVE
TR-007162,2023-11-05,eligible_oof,1,LIVE
TR-007196,2023-11-05,eligible_oof,1,LIVE
TR-007831,2023-11-05,eligible_oof,1,LIVE
TR-001507,2023-11-06,eligible_oof,1,LIVE
TR-002828,2023-11-06,eligible_oof,1,LIVE
TR-005008,2023-11-06,eligible_oof,1,LIVE
TR-009781,2023-11-06,eligible_oof,1,LIVE
TR-000394,2023-11-07,eligible_oof,1,LIVE
TR-002657,2023-11-07,eligible_oof,1,LIVE
TR-003292,2023-11-07,eligible_oof,1,LIVE
TR-003513,2023-11-07,eligible_oof,1,LIVE
TR-004104,2023-11-07,eligible_oof,1,LIVE
TR-004239,2023-11-07,eligible_oof,1,LIVE
TR-004921,2023-11-07,eligible_oof,1,LIVE
TR-005244,2023-11-07,eligible_oof,1,LIVE
TR-007921,2023-11-07,eligible_oof,1,LIVE
TR-000084,2023-11-08,eligible_oof,1,LIVE
TR-000350,2023-11-08,eligible_oof,1,LIVE
TR-003395,2023-11-08,eligible_oof,1,LIVE
TR-004855,2023-11-08,eligible_oof,1,LIVE
TR-005398,2023-11-08,eligible_oof,1,LIVE
TR-008800,2023-11-08,eligible_oof,1,LIVE
TR-008918,2023-11-08,eligible_oof,1,LIVE
TR-001990,2023-11-09,eligible_oof,1,LIVE
TR-002472,2023-11-09,eligible_oof,1,LIVE
TR-003483,2023-11-09,eligible_oof,1,LIVE
TR-004440,2023-11-09,eligible_oof,1,LIVE
TR-008182,2023-11-09,eligible_oof,1,LIVE
TR-008951,2023-11-09,eligible_oof,1,LIVE
TR-008981,2023-11-09,eligible_oof,1,LIVE
TR-000756,2023-11-10,eligible_oof,1,LIVE
TR-000858,2023-11-10,eligible_oof,1,LIVE
TR-002093,2023-11-10,eligible_oof,1,LIVE
TR-002203,2023-11-10,eligible_oof,1,LIVE
TR-002501,2023-11-10,eligible_oof,1,LIVE
TR-003702,2023-11-10,eligible_oof,1,LIVE
TR-007233,2023-11-10,eligible_oof,1,LIVE
TR-007286,2023-11-10,eligible_oof,1,LIVE
TR-007694,2023-11-10,eligible_oof,1,LIVE
TR-000077,2023-11-11,eligible_oof,1,LIVE
TR-001741,2023-11-11,eligible_oof,1,LIVE
TR-002687,2023-11-11,eligible_oof,1,LIVE
TR-003925,2023-11-11,eligible_oof,1,LIVE
TR-004248,2023-11-11,eligible_oof,1,LIVE
TR-004683,2023-11-11,eligible_oof,1,LIVE
TR-006074,2023-11-11,eligible_oof,1,LIVE
TR-009518,2023-11-11,eligible_oof,1,LIVE
TR-000764,2023-11-12,eligible_oof,1,LIVE
TR-002751,2023-11-12,eligible_oof,1,LIVE
TR-002764,2023-11-12,eligible_oof,1,LIVE
TR-003274,2023-11-12,eligible_oof,1,LIVE
TR-003873,2023-11-12,eligible_oof,1,LIVE
TR-005455,2023-11-12,eligible_oof,1,LIVE
TR-005580,2023-11-12,eligible_oof,1,LIVE
TR-006929,2023-11-12,eligible_oof,1,LIVE
TR-007576,2023-11-12,eligible_oof,1,LIVE
TR-009691,2023-11-12,eligible_oof,1,LIVE
TR-002958,2023-11-13,eligible_oof,1,LIVE
TR-003219,2023-11-13,eligible_oof,1,LIVE
TR-003239,2023-11-13,eligible_oof,1,LIVE
TR-003245,2023-11-13,eligible_oof,1,LIVE
TR-003546,2023-11-13,eligible_oof,1,LIVE
TR-004299,2023-11-13,eligible_oof,1,LIVE
TR-005651,2023-11-13,eligible_oof,1,LIVE
TR-008988,2023-11-13,eligible_oof,1,LIVE
TR-009506,2023-11-13,eligible_oof,1,LIVE
TR-000137,2023-11-14,eligible_oof,1,LIVE
TR-002299,2023-11-14,eligible_oof,1,LIVE
TR-002536,2023-11-14,eligible_oof,1,LIVE
TR-002641,2023-11-14,eligible_oof,1,LIVE
TR-002892,2023-11-14,eligible_oof,1,LIVE
TR-003721,2023-11-14,eligible_oof,1,LIVE
TR-003771,2023-11-14,eligible_oof,1,LIVE
TR-004062,2023-11-14,eligible_oof,1,LIVE
TR-005916,2023-11-14,eligible_oof,1,LIVE
TR-006173,2023-11-14,eligible_oof,1,LIVE
TR-007550,2023-11-14,eligible_oof,1,LIVE
TR-008566,2023-11-14,eligible_oof,1,LIVE
TR-008625,2023-11-14,eligible_oof,1,LIVE
TR-000244,2023-11-15,eligible_oof,1,LIVE
TR-000962,2023-11-15,eligible_oof,1,LIVE
TR-001199,2023-11-15,eligible_oof,1,LIVE
TR-002048,2023-11-15,eligible_oof,1,LIVE
TR-004787,2023-11-15,eligible_oof,1,LIVE
TR-005108,2023-11-15,eligible_oof,1,LIVE
TR-005160,2023-11-15,eligible_oof,1,LIVE
TR-005841,2023-11-15,eligible_oof,1,LIVE
TR-006330,2023-11-15,eligible_oof,1,LIVE
TR-006667,2023-11-15,eligible_oof,1,LIVE
TR-007894,2023-11-15,eligible_oof,1,LIVE
TR-007895,2023-11-15,eligible_oof,1,LIVE
TR-008094,2023-11-15,eligible_oof,1,LIVE
TR-009753,2023-11-15,eligible_oof,1,LIVE
TR-000081,2023-11-16,eligible_oof,1,LIVE
TR-001135,2023-11-16,eligible_oof,1,LIVE
TR-002035,2023-11-16,eligible_oof,1,LIVE
TR-004927,2023-11-16,eligible_oof,1,LIVE
TR-008420,2023-11-16,eligible_oof,1,LIVE
TR-008976,2023-11-16,eligible_oof,1,LIVE
TR-003663,2023-11-17,eligible_oof,1,LIVE
TR-003786,2023-11-17,eligible_oof,1,LIVE
TR-004531,2023-11-17,eligible_oof,1,LIVE
TR-004560,2023-11-17,eligible_oof,1,LIVE
TR-006539,2023-11-17,eligible_oof,1,LIVE
TR-008904,2023-11-17,eligible_oof,1,LIVE
TR-009189,2023-11-17,eligible_oof,1,LIVE
TR-009982,2023-11-17,eligible_oof,1,LIVE
TR-001675,2023-11-18,eligible_oof,1,LIVE
TR-002795,2023-11-18,eligible_oof,1,LIVE
TR-003834,2023-11-18,eligible_oof,1,LIVE
TR-005547,2023-11-18,eligible_oof,1,LIVE
TR-006204,2023-11-18,eligible_oof,1,LIVE
TR-007787,2023-11-18,eligible_oof,1,LIVE
TR-008838,2023-11-18,eligible_oof,1,LIVE
TR-009159,2023-11-18,eligible_oof,1,LIVE
TR-009452,2023-11-18,eligible_oof,1,LIVE
TR-000569,2023-11-19,eligible_oof,1,LIVE
TR-002332,2023-11-19,eligible_oof,1,LIVE
TR-006154,2023-11-19,eligible_oof,1,LIVE
TR-007337,2023-11-19,eligible_oof,1,LIVE
TR-000685,2023-11-20,eligible_oof,1,LIVE
TR-002285,2023-11-20,eligible_oof,1,LIVE
TR-002292,2023-11-20,eligible_oof,1,LIVE
TR-002896,2023-11-20,eligible_oof,1,LIVE
TR-003765,2023-11-20,eligible_oof,1,LIVE
TR-006272,2023-11-20,eligible_oof,1,LIVE
TR-006450,2023-11-20,eligible_oof,1,LIVE
TR-008604,2023-11-20,eligible_oof,1,LIVE
TR-009135,2023-11-20,eligible_oof,1,LIVE
TR-004617,2023-11-21,eligible_oof,1,LIVE
TR-007507,2023-11-21,eligible_oof,1,LIVE
TR-007695,2023-11-21,eligible_oof,1,LIVE
TR-008565,2023-11-21,eligible_oof,1,LIVE
TR-009065,2023-11-21,eligible_oof,1,LIVE
TR-002024,2023-11-22,eligible_oof,1,LIVE
TR-002842,2023-11-22,eligible_oof,1,LIVE
TR-003923,2023-11-22,eligible_oof,1,LIVE
TR-005214,2023-11-22,eligible_oof,1,LIVE
TR-008735,2023-11-22,eligible_oof,1,LIVE
TR-008884,2023-11-22,eligible_oof,1,LIVE
TR-009216,2023-11-22,eligible_oof,1,LIVE
TR-000761,2023-11-23,eligible_oof,1,LIVE
TR-001800,2023-11-23,eligible_oof,1,LIVE
TR-002049,2023-11-23,eligible_oof,1,LIVE
TR-003222,2023-11-23,eligible_oof,1,LIVE
TR-003979,2023-11-23,eligible_oof,1,LIVE
TR-004322,2023-11-23,eligible_oof,1,LIVE
TR-005085,2023-11-23,eligible_oof,1,LIVE
TR-005277,2023-11-23,eligible_oof,1,LIVE
TR-007424,2023-11-23,eligible_oof,1,LIVE
TR-007556,2023-11-23,eligible_oof,1,LIVE
TR-008299,2023-11-23,eligible_oof,1,LIVE
TR-000413,2023-11-24,eligible_oof,1,LIVE
TR-001203,2023-11-24,eligible_oof,1,LIVE
TR-003543,2023-11-24,eligible_oof,1,LIVE
TR-005002,2023-11-24,eligible_oof,1,LIVE
TR-005017,2023-11-24,eligible_oof,1,LIVE
TR-005408,2023-11-24,eligible_oof,1,LIVE
TR-005569,2023-11-24,eligible_oof,1,LIVE
TR-005912,2023-11-24,eligible_oof,1,LIVE
TR-007317,2023-11-24,eligible_oof,1,LIVE
TR-008801,2023-11-24,eligible_oof,1,LIVE
TR-008966,2023-11-24,eligible_oof,1,LIVE
TR-001462,2023-11-25,eligible_oof,1,LIVE
TR-002353,2023-11-25,eligible_oof,1,LIVE
TR-004052,2023-11-25,eligible_oof,1,LIVE
TR-005675,2023-11-25,eligible_oof,1,LIVE
TR-005795,2023-11-25,eligible_oof,1,LIVE
TR-008820,2023-11-25,eligible_oof,1,LIVE
TR-003726,2023-11-26,eligible_oof,1,LIVE
TR-005005,2023-11-26,eligible_oof,1,LIVE
TR-005426,2023-11-26,eligible_oof,1,LIVE
TR-005824,2023-11-26,eligible_oof,1,LIVE
TR-009121,2023-11-26,eligible_oof,1,LIVE
TR-009316,2023-11-26,eligible_oof,1,LIVE
TR-000078,2023-11-27,eligible_oof,1,LIVE
TR-001738,2023-11-27,eligible_oof,1,LIVE
TR-002603,2023-11-27,eligible_oof,1,LIVE
TR-005295,2023-11-27,eligible_oof,1,LIVE
TR-006193,2023-11-27,eligible_oof,1,LIVE
TR-007190,2023-11-27,eligible_oof,1,LIVE
TR-007315,2023-11-27,eligible_oof,1,LIVE
TR-007674,2023-11-27,eligible_oof,1,LIVE
TR-008559,2023-11-27,eligible_oof,1,LIVE
TR-009007,2023-11-27,eligible_oof,1,LIVE
TR-001394,2023-11-28,eligible_oof,1,LIVE
TR-001953,2023-11-28,eligible_oof,1,LIVE
TR-003318,2023-11-28,eligible_oof,1,LIVE
TR-005514,2023-11-28,eligible_oof,1,LIVE
TR-006843,2023-11-28,eligible_oof,1,LIVE
TR-008029,2023-11-28,eligible_oof,1,LIVE
TR-000663,2023-11-29,eligible_oof,1,LIVE
TR-001216,2023-11-29,eligible_oof,1,LIVE
TR-001388,2023-11-29,eligible_oof,1,LIVE
TR-002057,2023-11-29,eligible_oof,1,LIVE
TR-005478,2023-11-29,eligible_oof,1,LIVE
TR-005800,2023-11-29,eligible_oof,1,LIVE
TR-006085,2023-11-29,eligible_oof,1,LIVE
TR-006931,2023-11-29,eligible_oof,1,LIVE
TR-006989,2023-11-29,eligible_oof,1,LIVE
TR-000149,2023-11-30,eligible_oof,1,LIVE
TR-000778,2023-11-30,eligible_oof,1,LIVE
TR-002997,2023-11-30,eligible_oof,1,LIVE
TR-003445,2023-11-30,eligible_oof,1,LIVE
TR-004128,2023-11-30,eligible_oof,1,LIVE
TR-004265,2023-11-30,eligible_oof,1,LIVE
TR-006531,2023-11-30,eligible_oof,1,LIVE
TR-006909,2023-11-30,eligible_oof,1,LIVE
TR-007833,2023-11-30,eligible_oof,1,LIVE
TR-009878,2023-11-30,eligible_oof,1,LIVE
TR-000194,2023-12-01,eligible_oof,1,LIVE
TR-000765,2023-12-01,eligible_oof,1,LIVE
TR-002204,2023-12-01,eligible_oof,1,LIVE
TR-002901,2023-12-01,eligible_oof,1,LIVE
TR-003375,2023-12-01,eligible_oof,1,LIVE
TR-003381,2023-12-01,eligible_oof,1,LIVE
TR-005310,2023-12-01,eligible_oof,1,LIVE
TR-006766,2023-12-01,eligible_oof,1,LIVE
TR-006911,2023-12-01,eligible_oof,1,LIVE
TR-006928,2023-12-01,eligible_oof,1,LIVE
TR-009062,2023-12-01,eligible_oof,1,LIVE
TR-001117,2023-12-02,eligible_oof,1,LIVE
TR-002250,2023-12-02,eligible_oof,1,LIVE
TR-003121,2023-12-02,eligible_oof,1,LIVE
TR-003297,2023-12-02,eligible_oof,1,LIVE
TR-004822,2023-12-02,eligible_oof,1,LIVE
TR-006597,2023-12-02,eligible_oof,1,LIVE
TR-007172,2023-12-02,eligible_oof,1,LIVE
TR-008521,2023-12-02,eligible_oof,1,LIVE
TR-009093,2023-12-02,eligible_oof,1,LIVE
TR-009107,2023-12-02,eligible_oof,1,LIVE
TR-009123,2023-12-02,eligible_oof,1,LIVE
TR-009366,2023-12-02,eligible_oof,1,LIVE
TR-001630,2023-12-03,eligible_oof,1,LIVE
TR-001683,2023-12-03,eligible_oof,1,LIVE
TR-001967,2023-12-03,eligible_oof,1,LIVE
TR-003962,2023-12-03,eligible_oof,1,LIVE
TR-004431,2023-12-03,eligible_oof,1,LIVE
TR-004881,2023-12-03,eligible_oof,1,LIVE
TR-006181,2023-12-03,eligible_oof,1,LIVE
TR-006634,2023-12-03,eligible_oof,1,LIVE
TR-007101,2023-12-03,eligible_oof,1,LIVE
TR-007321,2023-12-03,eligible_oof,1,LIVE
TR-007951,2023-12-03,eligible_oof,1,LIVE
TR-008256,2023-12-03,eligible_oof,1,LIVE
TR-000702,2023-12-04,eligible_oof,1,LIVE
TR-001047,2023-12-04,eligible_oof,1,LIVE
TR-002643,2023-12-04,eligible_oof,1,LIVE
TR-007467,2023-12-04,eligible_oof,1,LIVE
TR-007734,2023-12-04,eligible_oof,1,LIVE
TR-009744,2023-12-04,eligible_oof,1,LIVE
TR-000089,2023-12-05,eligible_oof,1,LIVE
TR-000289,2023-12-05,eligible_oof,1,LIVE
TR-000465,2023-12-05,eligible_oof,1,LIVE
TR-000485,2023-12-05,eligible_oof,1,LIVE
TR-002777,2023-12-05,eligible_oof,1,LIVE
TR-003337,2023-12-05,eligible_oof,1,LIVE
TR-004632,2023-12-05,eligible_oof,1,LIVE
TR-005083,2023-12-05,eligible_oof,1,LIVE
TR-006715,2023-12-05,eligible_oof,1,LIVE
TR-009697,2023-12-05,eligible_oof,1,LIVE
TR-000659,2023-12-06,eligible_oof,1,LIVE
TR-001766,2023-12-06,eligible_oof,1,LIVE
TR-004582,2023-12-06,eligible_oof,1,LIVE
TR-005803,2023-12-06,eligible_oof,1,LIVE
TR-006818,2023-12-06,eligible_oof,1,LIVE
TR-008482,2023-12-06,eligible_oof,1,LIVE
TR-008985,2023-12-06,eligible_oof,1,LIVE
TR-009279,2023-12-06,eligible_oof,1,LIVE
TR-000129,2023-12-07,eligible_oof,1,LIVE
TR-000262,2023-12-07,eligible_oof,1,LIVE
TR-002116,2023-12-07,eligible_oof,1,LIVE
TR-003250,2023-12-07,eligible_oof,1,LIVE
TR-007376,2023-12-07,eligible_oof,1,LIVE
TR-007494,2023-12-07,eligible_oof,1,LIVE
TR-008210,2023-12-07,eligible_oof,1,LIVE
TR-009528,2023-12-07,eligible_oof,1,LIVE
TR-001282,2023-12-08,eligible_oof,1,LIVE
TR-001490,2023-12-08,eligible_oof,1,LIVE
TR-001553,2023-12-08,eligible_oof,1,LIVE
TR-002421,2023-12-08,eligible_oof,1,LIVE
TR-004812,2023-12-08,eligible_oof,1,LIVE
TR-008199,2023-12-08,eligible_oof,1,LIVE
TR-008781,2023-12-08,eligible_oof,1,LIVE
TR-009435,2023-12-08,eligible_oof,1,LIVE
TR-001671,2023-12-09,eligible_oof,1,LIVE
TR-001763,2023-12-09,eligible_oof,1,LIVE
TR-002217,2023-12-09,eligible_oof,1,LIVE
TR-007325,2023-12-09,eligible_oof,1,LIVE
TR-007393,2023-12-09,eligible_oof,1,LIVE
TR-001255,2023-12-10,eligible_oof,1,LIVE
TR-002178,2023-12-10,eligible_oof,1,LIVE
TR-004001,2023-12-10,eligible_oof,1,LIVE
TR-004932,2023-12-10,eligible_oof,1,LIVE
TR-006775,2023-12-10,eligible_oof,1,LIVE
TR-007022,2023-12-10,eligible_oof,1,LIVE
TR-008200,2023-12-10,eligible_oof,1,LIVE
TR-008266,2023-12-10,eligible_oof,1,LIVE
TR-008468,2023-12-10,eligible_oof,1,LIVE
TR-008595,2023-12-10,eligible_oof,1,LIVE
TR-009110,2023-12-10,eligible_oof,1,LIVE
TR-000284,2023-12-11,eligible_oof,1,LIVE
TR-001330,2023-12-11,eligible_oof,1,LIVE
TR-001368,2023-12-11,eligible_oof,1,LIVE
TR-003370,2023-12-11,eligible_oof,1,LIVE
TR-006091,2023-12-11,eligible_oof,1,LIVE
TR-006637,2023-12-11,eligible_oof,1,LIVE
TR-006724,2023-12-11,eligible_oof,1,LIVE
TR-007246,2023-12-11,eligible_oof,1,LIVE
TR-009056,2023-12-11,eligible_oof,1,LIVE
TR-009223,2023-12-11,eligible_oof,1,LIVE
TR-003109,2023-12-12,eligible_oof,1,LIVE
TR-004364,2023-12-12,eligible_oof,1,LIVE
TR-004584,2023-12-12,eligible_oof,1,LIVE
TR-005535,2023-12-12,eligible_oof,1,LIVE
TR-006320,2023-12-12,eligible_oof,1,LIVE
TR-007747,2023-12-12,eligible_oof,1,LIVE
TR-008065,2023-12-12,eligible_oof,1,LIVE
TR-008106,2023-12-12,eligible_oof,1,LIVE
TR-008756,2023-12-12,eligible_oof,1,LIVE
TR-000627,2023-12-13,eligible_oof,1,LIVE
TR-000716,2023-12-13,eligible_oof,1,LIVE
TR-001033,2023-12-13,eligible_oof,1,LIVE
TR-001857,2023-12-13,eligible_oof,1,LIVE
TR-002331,2023-12-13,eligible_oof,1,LIVE
TR-002367,2023-12-13,eligible_oof,1,LIVE
TR-002391,2023-12-13,eligible_oof,1,LIVE
TR-003167,2023-12-13,eligible_oof,1,LIVE
TR-004758,2023-12-13,eligible_oof,1,LIVE
TR-005885,2023-12-13,eligible_oof,1,LIVE
TR-007853,2023-12-13,eligible_oof,1,LIVE
TR-007902,2023-12-13,eligible_oof,1,LIVE
TR-008715,2023-12-13,eligible_oof,1,LIVE
TR-002373,2023-12-14,eligible_oof,1,LIVE
TR-003154,2023-12-14,eligible_oof,1,LIVE
TR-003364,2023-12-14,eligible_oof,1,LIVE
TR-003709,2023-12-14,eligible_oof,1,LIVE
TR-004764,2023-12-14,eligible_oof,1,LIVE
TR-005294,2023-12-14,eligible_oof,1,LIVE
TR-005778,2023-12-14,eligible_oof,1,LIVE
TR-006496,2023-12-14,eligible_oof,1,LIVE
TR-000049,2023-12-15,eligible_oof,1,LIVE
TR-001258,2023-12-15,eligible_oof,1,LIVE
TR-003933,2023-12-15,eligible_oof,1,LIVE
TR-005339,2023-12-15,eligible_oof,1,LIVE
TR-008568,2023-12-15,eligible_oof,1,LIVE
TR-009924,2023-12-15,eligible_oof,1,LIVE
TR-000116,2023-12-16,eligible_oof,1,LIVE
TR-000744,2023-12-16,eligible_oof,1,LIVE
TR-001589,2023-12-16,eligible_oof,1,LIVE
TR-001596,2023-12-16,eligible_oof,1,LIVE
TR-002481,2023-12-16,eligible_oof,1,LIVE
TR-002920,2023-12-16,eligible_oof,1,LIVE
TR-003044,2023-12-16,eligible_oof,1,LIVE
TR-004254,2023-12-16,eligible_oof,1,LIVE
TR-004924,2023-12-16,eligible_oof,1,LIVE
TR-000272,2023-12-17,eligible_oof,1,LIVE
TR-000936,2023-12-17,eligible_oof,1,LIVE
TR-001915,2023-12-17,eligible_oof,1,LIVE
TR-004228,2023-12-17,eligible_oof,1,LIVE
TR-008192,2023-12-17,eligible_oof,1,LIVE
TR-008382,2023-12-17,eligible_oof,1,LIVE
TR-009467,2023-12-17,eligible_oof,1,LIVE
TR-000088,2023-12-18,eligible_oof,1,LIVE
TR-001197,2023-12-18,eligible_oof,1,LIVE
TR-001807,2023-12-18,eligible_oof,1,LIVE
TR-001887,2023-12-18,eligible_oof,1,LIVE
TR-002417,2023-12-18,eligible_oof,1,LIVE
TR-004466,2023-12-18,eligible_oof,1,LIVE
TR-004763,2023-12-18,eligible_oof,1,LIVE
TR-006635,2023-12-18,eligible_oof,1,LIVE
TR-007248,2023-12-18,eligible_oof,1,LIVE
TR-008701,2023-12-18,eligible_oof,1,LIVE
TR-009515,2023-12-18,eligible_oof,1,LIVE
TR-001378,2023-12-19,eligible_oof,1,LIVE
TR-003104,2023-12-19,eligible_oof,1,LIVE
TR-003341,2023-12-19,eligible_oof,1,LIVE
TR-006526,2023-12-19,eligible_oof,1,LIVE
TR-007436,2023-12-19,eligible_oof,1,LIVE
TR-007903,2023-12-19,eligible_oof,1,LIVE
TR-009660,2023-12-19,eligible_oof,1,LIVE
TR-000378,2023-12-20,eligible_oof,1,LIVE
TR-001313,2023-12-20,eligible_oof,1,LIVE
TR-004435,2023-12-20,eligible_oof,1,LIVE
TR-004596,2023-12-20,eligible_oof,1,LIVE
TR-004710,2023-12-20,eligible_oof,1,LIVE
TR-004821,2023-12-20,eligible_oof,1,LIVE
TR-004875,2023-12-20,eligible_oof,1,LIVE
TR-006804,2023-12-20,eligible_oof,1,LIVE
TR-000219,2023-12-21,eligible_oof,1,LIVE
TR-000312,2023-12-21,eligible_oof,1,LIVE
TR-001584,2023-12-21,eligible_oof,1,LIVE
TR-002456,2023-12-21,eligible_oof,1,LIVE
TR-002758,2023-12-21,eligible_oof,1,LIVE
TR-003310,2023-12-21,eligible_oof,1,LIVE
TR-005676,2023-12-21,eligible_oof,1,LIVE
TR-005831,2023-12-21,eligible_oof,1,LIVE
TR-006114,2023-12-21,eligible_oof,1,LIVE
TR-007079,2023-12-21,eligible_oof,1,LIVE
TR-008018,2023-12-21,eligible_oof,1,LIVE
TR-000068,2023-12-22,eligible_oof,1,LIVE
TR-000620,2023-12-22,eligible_oof,1,LIVE
TR-002606,2023-12-22,eligible_oof,1,LIVE
TR-002653,2023-12-22,eligible_oof,1,LIVE
TR-004426,2023-12-22,eligible_oof,1,LIVE
TR-005602,2023-12-22,eligible_oof,1,LIVE
TR-005680,2023-12-22,eligible_oof,1,LIVE
TR-007035,2023-12-22,eligible_oof,1,LIVE
TR-008929,2023-12-22,eligible_oof,1,LIVE
TR-009015,2023-12-22,eligible_oof,1,LIVE
TR-009393,2023-12-22,eligible_oof,1,LIVE
TR-009694,2023-12-22,eligible_oof,1,LIVE
TR-002205,2023-12-23,eligible_oof,1,LIVE
TR-003330,2023-12-23,eligible_oof,1,LIVE
TR-003464,2023-12-23,eligible_oof,1,LIVE
TR-004010,2023-12-23,eligible_oof,1,LIVE
TR-004739,2023-12-23,eligible_oof,1,LIVE
TR-004859,2023-12-23,eligible_oof,1,LIVE
TR-005769,2023-12-23,eligible_oof,1,LIVE
TR-006375,2023-12-23,eligible_oof,1,LIVE
TR-002808,2023-12-24,eligible_oof,1,LIVE
TR-003988,2023-12-24,eligible_oof,1,LIVE
TR-004918,2023-12-24,eligible_oof,1,LIVE
TR-006759,2023-12-24,eligible_oof,1,LIVE
TR-006879,2023-12-24,eligible_oof,1,LIVE
TR-007126,2023-12-24,eligible_oof,1,LIVE
TR-008670,2023-12-24,eligible_oof,1,LIVE
TR-009732,2023-12-24,eligible_oof,1,LIVE
TR-003650,2023-12-25,eligible_oof,1,LIVE
TR-004555,2023-12-25,eligible_oof,1,LIVE
TR-005618,2023-12-25,eligible_oof,1,LIVE
TR-008253,2023-12-25,eligible_oof,1,LIVE
TR-009793,2023-12-25,eligible_oof,1,LIVE
TR-001161,2023-12-26,eligible_oof,1,LIVE
TR-001634,2023-12-26,eligible_oof,1,LIVE
TR-003126,2023-12-26,eligible_oof,1,LIVE
TR-004353,2023-12-26,eligible_oof,1,LIVE
TR-006801,2023-12-26,eligible_oof,1,LIVE
TR-006883,2023-12-26,eligible_oof,1,LIVE
TR-007149,2023-12-26,eligible_oof,1,LIVE
TR-008816,2023-12-26,eligible_oof,1,LIVE
TR-009808,2023-12-26,eligible_oof,1,LIVE
TR-001208,2023-12-27,eligible_oof,1,LIVE
TR-001268,2023-12-27,eligible_oof,1,LIVE
TR-001720,2023-12-27,eligible_oof,1,LIVE
TR-002091,2023-12-27,eligible_oof,1,LIVE
TR-004444,2023-12-27,eligible_oof,1,LIVE
TR-004800,2023-12-27,eligible_oof,1,LIVE
TR-007905,2023-12-27,eligible_oof,1,LIVE
TR-008908,2023-12-27,eligible_oof,1,LIVE
TR-009209,2023-12-27,eligible_oof,1,LIVE
TR-009684,2023-12-27,eligible_oof,1,LIVE
TR-009765,2023-12-27,eligible_oof,1,LIVE
TR-009944,2023-12-27,eligible_oof,1,LIVE
TR-002348,2023-12-28,eligible_oof,1,LIVE
TR-004137,2023-12-28,eligible_oof,1,LIVE
TR-004533,2023-12-28,eligible_oof,1,LIVE
TR-005859,2023-12-28,eligible_oof,1,LIVE
TR-006665,2023-12-28,eligible_oof,1,LIVE
TR-007454,2023-12-28,eligible_oof,1,LIVE
TR-007764,2023-12-28,eligible_oof,1,LIVE
TR-008841,2023-12-28,eligible_oof,1,LIVE
TR-009259,2023-12-28,eligible_oof,1,LIVE
TR-002310,2023-12-29,eligible_oof,1,LIVE
TR-002568,2023-12-29,eligible_oof,1,LIVE
TR-003471,2023-12-29,eligible_oof,1,LIVE
TR-004901,2023-12-29,eligible_oof,1,LIVE
TR-004946,2023-12-29,eligible_oof,1,LIVE
TR-005606,2023-12-29,eligible_oof,1,LIVE
TR-007130,2023-12-29,eligible_oof,1,LIVE
TR-009642,2023-12-29,eligible_oof,1,LIVE
TR-009742,2023-12-29,eligible_oof,1,LIVE
TR-000210,2023-12-30,eligible_oof,1,LIVE
TR-002017,2023-12-30,eligible_oof,1,LIVE
TR-002521,2023-12-30,eligible_oof,1,LIVE
TR-002754,2023-12-30,eligible_oof,1,LIVE
TR-002990,2023-12-30,eligible_oof,1,LIVE
TR-003111,2023-12-30,eligible_oof,1,LIVE
TR-005326,2023-12-30,eligible_oof,1,LIVE
TR-006183,2023-12-30,eligible_oof,1,LIVE
TR-007665,2023-12-30,eligible_oof,1,LIVE
TR-008263,2023-12-30,eligible_oof,1,LIVE
TR-003069,2023-12-31,eligible_oof,1,LIVE
TR-003654,2023-12-31,eligible_oof,1,LIVE
TR-007369,2023-12-31,eligible_oof,1,LIVE
TR-000410,2024-01-01,eligible_oof,2,LIVE
TR-001829,2024-01-01,eligible_oof,2,LIVE
TR-002668,2024-01-01,eligible_oof,2,LIVE
TR-003491,2024-01-01,eligible_oof,2,LIVE
TR-005371,2024-01-01,eligible_oof,2,LIVE
TR-005465,2024-01-01,eligible_oof,2,LIVE
TR-005883,2024-01-01,eligible_oof,2,LIVE
TR-007009,2024-01-01,eligible_oof,2,LIVE
TR-007400,2024-01-01,eligible_oof,2,LIVE
TR-008220,2024-01-01,eligible_oof,2,LIVE
TR-009670,2024-01-01,eligible_oof,2,LIVE
TR-000182,2024-01-02,eligible_oof,2,LIVE
TR-000222,2024-01-02,eligible_oof,2,LIVE
TR-000975,2024-01-02,eligible_oof,2,LIVE
TR-002840,2024-01-02,eligible_oof,2,LIVE
TR-003217,2024-01-02,eligible_oof,2,LIVE
TR-003340,2024-01-02,eligible_oof,2,LIVE
TR-003907,2024-01-02,eligible_oof,2,LIVE
TR-005785,2024-01-02,eligible_oof,2,LIVE
TR-006811,2024-01-02,eligible_oof,2,LIVE
TR-007174,2024-01-02,eligible_oof,2,LIVE
TR-007735,2024-01-02,eligible_oof,2,LIVE
TR-007800,2024-01-02,eligible_oof,2,LIVE
TR-009337,2024-01-02,eligible_oof,2,LIVE
TR-000867,2024-01-03,eligible_oof,2,LIVE
TR-000912,2024-01-03,eligible_oof,2,LIVE
TR-001956,2024-01-03,eligible_oof,2,LIVE
TR-002118,2024-01-03,eligible_oof,2,LIVE
TR-002167,2024-01-03,eligible_oof,2,LIVE
TR-002430,2024-01-03,eligible_oof,2,LIVE
TR-003243,2024-01-03,eligible_oof,2,LIVE
TR-004838,2024-01-03,eligible_oof,2,LIVE
TR-006358,2024-01-03,eligible_oof,2,LIVE
TR-006598,2024-01-03,eligible_oof,2,LIVE
TR-006718,2024-01-03,eligible_oof,2,LIVE
TR-007813,2024-01-03,eligible_oof,2,LIVE
TR-000025,2024-01-04,eligible_oof,2,LIVE
TR-000640,2024-01-04,eligible_oof,2,LIVE
TR-001223,2024-01-04,eligible_oof,2,LIVE
TR-001626,2024-01-04,eligible_oof,2,LIVE
TR-002925,2024-01-04,eligible_oof,2,LIVE
TR-003261,2024-01-04,eligible_oof,2,LIVE
TR-003293,2024-01-04,eligible_oof,2,LIVE
TR-004291,2024-01-04,eligible_oof,2,LIVE
TR-006659,2024-01-04,eligible_oof,2,LIVE
TR-007118,2024-01-04,eligible_oof,2,LIVE
TR-007889,2024-01-04,eligible_oof,2,LIVE
TR-000343,2024-01-05,eligible_oof,2,LIVE
TR-007680,2024-01-05,eligible_oof,2,LIVE
TR-008672,2024-01-05,eligible_oof,2,LIVE
TR-009282,2024-01-05,eligible_oof,2,LIVE
TR-002103,2024-01-06,eligible_oof,2,LIVE
TR-003055,2024-01-06,eligible_oof,2,LIVE
TR-003647,2024-01-06,eligible_oof,2,LIVE
TR-005156,2024-01-06,eligible_oof,2,LIVE
TR-006831,2024-01-06,eligible_oof,2,LIVE
TR-008799,2024-01-06,eligible_oof,2,LIVE
TR-001159,2024-01-07,eligible_oof,2,LIVE
TR-001632,2024-01-07,eligible_oof,2,LIVE
TR-004164,2024-01-07,eligible_oof,2,LIVE
TR-004714,2024-01-07,eligible_oof,2,LIVE
TR-005139,2024-01-07,eligible_oof,2,LIVE
TR-006143,2024-01-07,eligible_oof,2,LIVE
TR-007602,2024-01-07,eligible_oof,2,LIVE
TR-009193,2024-01-07,eligible_oof,2,LIVE
TR-009714,2024-01-07,eligible_oof,2,LIVE
TR-000736,2024-01-08,eligible_oof,2,LIVE
TR-002597,2024-01-08,eligible_oof,2,LIVE
TR-004359,2024-01-08,eligible_oof,2,LIVE
TR-009158,2024-01-08,eligible_oof,2,LIVE
TR-000372,2024-01-09,eligible_oof,2,LIVE
TR-004194,2024-01-09,eligible_oof,2,LIVE
TR-004473,2024-01-09,eligible_oof,2,LIVE
TR-006937,2024-01-09,eligible_oof,2,LIVE
TR-007526,2024-01-09,eligible_oof,2,LIVE
TR-007944,2024-01-09,eligible_oof,2,LIVE
TR-009865,2024-01-09,eligible_oof,2,LIVE
TR-000148,2024-01-10,eligible_oof,2,LIVE
TR-003266,2024-01-10,eligible_oof,2,LIVE
TR-003482,2024-01-10,eligible_oof,2,LIVE
TR-004131,2024-01-10,eligible_oof,2,LIVE
TR-006581,2024-01-10,eligible_oof,2,LIVE
TR-007212,2024-01-10,eligible_oof,2,LIVE
TR-007422,2024-01-10,eligible_oof,2,LIVE
TR-007772,2024-01-10,eligible_oof,2,LIVE
TR-008313,2024-01-10,eligible_oof,2,LIVE
TR-008585,2024-01-10,eligible_oof,2,LIVE
TR-009650,2024-01-10,eligible_oof,2,LIVE
TR-001250,2024-01-11,eligible_oof,2,LIVE
TR-002012,2024-01-11,eligible_oof,2,LIVE
TR-003193,2024-01-11,eligible_oof,2,LIVE
TR-003474,2024-01-11,eligible_oof,2,LIVE
TR-004619,2024-01-11,eligible_oof,2,LIVE
TR-005555,2024-01-11,eligible_oof,2,LIVE
TR-005814,2024-01-11,eligible_oof,2,LIVE
TR-005874,2024-01-11,eligible_oof,2,LIVE
TR-006468,2024-01-11,eligible_oof,2,LIVE
TR-007057,2024-01-11,eligible_oof,2,LIVE
TR-008693,2024-01-11,eligible_oof,2,LIVE
TR-000525,2024-01-12,eligible_oof,2,LIVE
TR-001949,2024-01-12,eligible_oof,2,LIVE
TR-004202,2024-01-12,eligible_oof,2,LIVE
TR-005190,2024-01-12,eligible_oof,2,LIVE
TR-009638,2024-01-12,eligible_oof,2,LIVE
TR-009662,2024-01-12,eligible_oof,2,LIVE
TR-000329,2024-01-13,eligible_oof,2,LIVE
TR-001658,2024-01-13,eligible_oof,2,LIVE
TR-002579,2024-01-13,eligible_oof,2,LIVE
TR-005166,2024-01-13,eligible_oof,2,LIVE
TR-006308,2024-01-13,eligible_oof,2,LIVE
TR-006471,2024-01-13,eligible_oof,2,LIVE
TR-006771,2024-01-13,eligible_oof,2,LIVE
TR-006790,2024-01-13,eligible_oof,2,LIVE
TR-007354,2024-01-13,eligible_oof,2,LIVE
TR-008958,2024-01-13,eligible_oof,2,LIVE
TR-009678,2024-01-13,eligible_oof,2,LIVE
TR-002198,2024-01-14,eligible_oof,2,LIVE
TR-002724,2024-01-14,eligible_oof,2,LIVE
TR-006444,2024-01-14,eligible_oof,2,LIVE
TR-007108,2024-01-14,eligible_oof,2,LIVE
TR-007326,2024-01-14,eligible_oof,2,LIVE
TR-007656,2024-01-14,eligible_oof,2,LIVE
TR-008009,2024-01-14,eligible_oof,2,LIVE
TR-009424,2024-01-14,eligible_oof,2,LIVE
TR-001432,2024-01-15,eligible_oof,2,LIVE
TR-001727,2024-01-15,eligible_oof,2,LIVE
TR-002201,2024-01-15,eligible_oof,2,LIVE
TR-004647,2024-01-15,eligible_oof,2,LIVE
TR-005184,2024-01-15,eligible_oof,2,LIVE
TR-006048,2024-01-15,eligible_oof,2,LIVE
TR-006998,2024-01-15,eligible_oof,2,LIVE
TR-007937,2024-01-15,eligible_oof,2,LIVE
TR-009493,2024-01-15,eligible_oof,2,LIVE
TR-009545,2024-01-15,eligible_oof,2,LIVE
TR-003831,2024-01-16,eligible_oof,2,LIVE
TR-003996,2024-01-16,eligible_oof,2,LIVE
TR-004965,2024-01-16,eligible_oof,2,LIVE
TR-006249,2024-01-16,eligible_oof,2,LIVE
TR-007963,2024-01-16,eligible_oof,2,LIVE
TR-009100,2024-01-16,eligible_oof,2,LIVE
TR-009977,2024-01-16,eligible_oof,2,LIVE
TR-001387,2024-01-17,eligible_oof,2,LIVE
TR-003128,2024-01-17,eligible_oof,2,LIVE
TR-004379,2024-01-17,eligible_oof,2,LIVE
TR-005848,2024-01-17,eligible_oof,2,LIVE
TR-007188,2024-01-17,eligible_oof,2,LIVE
TR-008075,2024-01-17,eligible_oof,2,LIVE
TR-002275,2024-01-18,eligible_oof,2,LIVE
TR-004695,2024-01-18,eligible_oof,2,LIVE
TR-004722,2024-01-18,eligible_oof,2,LIVE
TR-005786,2024-01-18,eligible_oof,2,LIVE
TR-005965,2024-01-18,eligible_oof,2,LIVE
TR-006709,2024-01-18,eligible_oof,2,LIVE
TR-007309,2024-01-18,eligible_oof,2,LIVE
TR-007646,2024-01-18,eligible_oof,2,LIVE
TR-008279,2024-01-18,eligible_oof,2,LIVE
TR-008432,2024-01-18,eligible_oof,2,LIVE
TR-008876,2024-01-18,eligible_oof,2,LIVE
TR-000224,2024-01-19,eligible_oof,2,LIVE
TR-000706,2024-01-19,eligible_oof,2,LIVE
TR-003421,2024-01-19,eligible_oof,2,LIVE
TR-003451,2024-01-19,eligible_oof,2,LIVE
TR-003666,2024-01-19,eligible_oof,2,LIVE
TR-005617,2024-01-19,eligible_oof,2,LIVE
TR-005783,2024-01-19,eligible_oof,2,LIVE
TR-006021,2024-01-19,eligible_oof,2,LIVE
TR-007165,2024-01-19,eligible_oof,2,LIVE
TR-009445,2024-01-19,eligible_oof,2,LIVE
TR-009718,2024-01-19,eligible_oof,2,LIVE
TR-001527,2024-01-20,eligible_oof,2,LIVE
TR-005243,2024-01-20,eligible_oof,2,LIVE
TR-006431,2024-01-20,eligible_oof,2,LIVE
TR-007996,2024-01-20,eligible_oof,2,LIVE
TR-008109,2024-01-20,eligible_oof,2,LIVE
TR-000316,2024-01-21,eligible_oof,2,LIVE
TR-000385,2024-01-21,eligible_oof,2,LIVE
TR-001373,2024-01-21,eligible_oof,2,LIVE
TR-001410,2024-01-21,eligible_oof,2,LIVE
TR-002544,2024-01-21,eligible_oof,2,LIVE
TR-004068,2024-01-21,eligible_oof,2,LIVE
TR-004845,2024-01-21,eligible_oof,2,LIVE
TR-005663,2024-01-21,eligible_oof,2,LIVE
TR-006701,2024-01-21,eligible_oof,2,LIVE
TR-007835,2024-01-21,eligible_oof,2,LIVE
TR-009099,2024-01-21,eligible_oof,2,LIVE
TR-009550,2024-01-21,eligible_oof,2,LIVE
TR-009838,2024-01-21,eligible_oof,2,LIVE
TR-001063,2024-01-22,eligible_oof,2,LIVE
TR-002243,2024-01-22,eligible_oof,2,LIVE
TR-002351,2024-01-22,eligible_oof,2,LIVE
TR-003119,2024-01-22,eligible_oof,2,LIVE
TR-005948,2024-01-22,eligible_oof,2,LIVE
TR-005975,2024-01-22,eligible_oof,2,LIVE
TR-007430,2024-01-22,eligible_oof,2,LIVE
TR-008489,2024-01-22,eligible_oof,2,LIVE
TR-009349,2024-01-22,eligible_oof,2,LIVE
TR-009817,2024-01-22,eligible_oof,2,LIVE
TR-001008,2024-01-23,eligible_oof,2,LIVE
TR-003632,2024-01-23,eligible_oof,2,LIVE
TR-005735,2024-01-23,eligible_oof,2,LIVE
TR-006519,2024-01-23,eligible_oof,2,LIVE
TR-009520,2024-01-23,eligible_oof,2,LIVE
TR-002246,2024-01-24,eligible_oof,2,LIVE
TR-002377,2024-01-24,eligible_oof,2,LIVE
TR-003673,2024-01-24,eligible_oof,2,LIVE
TR-004583,2024-01-24,eligible_oof,2,LIVE
TR-005666,2024-01-24,eligible_oof,2,LIVE
TR-005808,2024-01-24,eligible_oof,2,LIVE
TR-006060,2024-01-24,eligible_oof,2,LIVE
TR-007784,2024-01-24,eligible_oof,2,LIVE
TR-009586,2024-01-24,eligible_oof,2,LIVE
TR-009801,2024-01-24,eligible_oof,2,LIVE
TR-009835,2024-01-24,eligible_oof,2,LIVE
TR-009837,2024-01-24,eligible_oof,2,LIVE
TR-000722,2024-01-25,eligible_oof,2,LIVE
TR-000893,2024-01-25,eligible_oof,2,LIVE
TR-001726,2024-01-25,eligible_oof,2,LIVE
TR-002189,2024-01-25,eligible_oof,2,LIVE
TR-002396,2024-01-25,eligible_oof,2,LIVE
TR-002497,2024-01-25,eligible_oof,2,LIVE
TR-000498,2024-01-26,eligible_oof,2,LIVE
TR-000915,2024-01-26,eligible_oof,2,LIVE
TR-001649,2024-01-26,eligible_oof,2,LIVE
TR-003641,2024-01-26,eligible_oof,2,LIVE
TR-006924,2024-01-26,eligible_oof,2,LIVE
TR-007080,2024-01-26,eligible_oof,2,LIVE
TR-007773,2024-01-26,eligible_oof,2,LIVE
TR-007979,2024-01-26,eligible_oof,2,LIVE
TR-008699,2024-01-26,eligible_oof,2,LIVE
TR-009762,2024-01-26,eligible_oof,2,LIVE
TR-000494,2024-01-27,eligible_oof,2,LIVE
TR-002599,2024-01-27,eligible_oof,2,LIVE
TR-003099,2024-01-27,eligible_oof,2,LIVE
TR-004726,2024-01-27,eligible_oof,2,LIVE
TR-005343,2024-01-27,eligible_oof,2,LIVE
TR-005658,2024-01-27,eligible_oof,2,LIVE
TR-007720,2024-01-27,eligible_oof,2,LIVE
TR-008785,2024-01-27,eligible_oof,2,LIVE
TR-009876,2024-01-27,eligible_oof,2,LIVE
TR-002052,2024-01-28,eligible_oof,2,LIVE
TR-002823,2024-01-28,eligible_oof,2,LIVE
TR-002844,2024-01-28,eligible_oof,2,LIVE
TR-003270,2024-01-28,eligible_oof,2,LIVE
TR-004247,2024-01-28,eligible_oof,2,LIVE
TR-004361,2024-01-28,eligible_oof,2,LIVE
TR-004652,2024-01-28,eligible_oof,2,LIVE
TR-005733,2024-01-28,eligible_oof,2,LIVE
TR-005993,2024-01-28,eligible_oof,2,LIVE
TR-007693,2024-01-28,eligible_oof,2,LIVE
TR-008304,2024-01-28,eligible_oof,2,LIVE
TR-009654,2024-01-28,eligible_oof,2,LIVE
TR-000405,2024-01-29,eligible_oof,2,LIVE
TR-000622,2024-01-29,eligible_oof,2,LIVE
TR-000693,2024-01-29,eligible_oof,2,LIVE
TR-001504,2024-01-29,eligible_oof,2,LIVE
TR-002222,2024-01-29,eligible_oof,2,LIVE
TR-003839,2024-01-29,eligible_oof,2,LIVE
TR-004339,2024-01-29,eligible_oof,2,LIVE
TR-004923,2024-01-29,eligible_oof,2,LIVE
TR-005966,2024-01-29,eligible_oof,2,LIVE
TR-008659,2024-01-29,eligible_oof,2,LIVE
TR-009899,2024-01-29,eligible_oof,2,LIVE
TR-004543,2024-01-30,eligible_oof,2,LIVE
TR-005024,2024-01-30,eligible_oof,2,LIVE
TR-005274,2024-01-30,eligible_oof,2,LIVE
TR-006789,2024-01-30,eligible_oof,2,LIVE
TR-007034,2024-01-30,eligible_oof,2,LIVE
TR-007578,2024-01-30,eligible_oof,2,LIVE
TR-007955,2024-01-30,eligible_oof,2,LIVE
TR-008348,2024-01-30,eligible_oof,2,LIVE
TR-008544,2024-01-30,eligible_oof,2,LIVE
TR-009425,2024-01-30,eligible_oof,2,LIVE
TR-009862,2024-01-30,eligible_oof,2,LIVE
TR-000931,2024-01-31,eligible_oof,2,LIVE
TR-001731,2024-01-31,eligible_oof,2,LIVE
TR-003917,2024-01-31,eligible_oof,2,LIVE
TR-003929,2024-01-31,eligible_oof,2,LIVE
TR-004439,2024-01-31,eligible_oof,2,LIVE
TR-004665,2024-01-31,eligible_oof,2,LIVE
TR-005852,2024-01-31,eligible_oof,2,LIVE
TR-006069,2024-01-31,eligible_oof,2,LIVE
TR-007197,2024-01-31,eligible_oof,2,LIVE
TR-007285,2024-01-31,eligible_oof,2,LIVE
TR-000005,2024-02-01,eligible_oof,2,LIVE
TR-003307,2024-02-01,eligible_oof,2,LIVE
TR-003346,2024-02-01,eligible_oof,2,LIVE
TR-004941,2024-02-01,eligible_oof,2,LIVE
TR-009054,2024-02-01,eligible_oof,2,LIVE
TR-009064,2024-02-01,eligible_oof,2,LIVE
TR-009429,2024-02-01,eligible_oof,2,LIVE
TR-004158,2024-02-02,eligible_oof,2,LIVE
TR-005232,2024-02-02,eligible_oof,2,LIVE
TR-006497,2024-02-02,eligible_oof,2,LIVE
TR-006639,2024-02-02,eligible_oof,2,LIVE
TR-006995,2024-02-02,eligible_oof,2,LIVE
TR-000165,2024-02-03,eligible_oof,2,LIVE
TR-000364,2024-02-03,eligible_oof,2,LIVE
TR-002005,2024-02-03,eligible_oof,2,LIVE
TR-002281,2024-02-03,eligible_oof,2,LIVE
TR-003059,2024-02-03,eligible_oof,2,LIVE
TR-004575,2024-02-03,eligible_oof,2,LIVE
TR-005064,2024-02-03,eligible_oof,2,LIVE
TR-006875,2024-02-03,eligible_oof,2,LIVE
TR-008267,2024-02-03,eligible_oof,2,LIVE
TR-009639,2024-02-03,eligible_oof,2,LIVE
TR-000305,2024-02-04,eligible_oof,2,LIVE
TR-003603,2024-02-04,eligible_oof,2,LIVE
TR-005074,2024-02-04,eligible_oof,2,LIVE
TR-006662,2024-02-04,eligible_oof,2,LIVE
TR-006768,2024-02-04,eligible_oof,2,LIVE
TR-006993,2024-02-04,eligible_oof,2,LIVE
TR-007804,2024-02-04,eligible_oof,2,LIVE
TR-008198,2024-02-04,eligible_oof,2,LIVE
TR-008393,2024-02-04,eligible_oof,2,LIVE
TR-008886,2024-02-04,eligible_oof,2,LIVE
TR-009966,2024-02-04,eligible_oof,2,LIVE
TR-002327,2024-02-05,eligible_oof,2,LIVE
TR-003260,2024-02-05,eligible_oof,2,LIVE
TR-004376,2024-02-05,eligible_oof,2,LIVE
TR-004468,2024-02-05,eligible_oof,2,LIVE
TR-005032,2024-02-05,eligible_oof,2,LIVE
TR-005208,2024-02-05,eligible_oof,2,LIVE
TR-006203,2024-02-05,eligible_oof,2,LIVE
TR-006903,2024-02-05,eligible_oof,2,LIVE
TR-007462,2024-02-05,eligible_oof,2,LIVE
TR-008163,2024-02-05,eligible_oof,2,LIVE
TR-000816,2024-02-06,eligible_oof,2,LIVE
TR-003047,2024-02-06,eligible_oof,2,LIVE
TR-004196,2024-02-06,eligible_oof,2,LIVE
TR-005104,2024-02-06,eligible_oof,2,LIVE
TR-005685,2024-02-06,eligible_oof,2,LIVE
TR-005708,2024-02-06,eligible_oof,2,LIVE
TR-006733,2024-02-06,eligible_oof,2,LIVE
TR-007491,2024-02-06,eligible_oof,2,LIVE
TR-008509,2024-02-06,eligible_oof,2,LIVE
TR-008561,2024-02-06,eligible_oof,2,LIVE
TR-008695,2024-02-06,eligible_oof,2,LIVE
TR-009812,2024-02-06,eligible_oof,2,LIVE
TR-001600,2024-02-07,eligible_oof,2,LIVE
TR-005519,2024-02-07,eligible_oof,2,LIVE
TR-005807,2024-02-07,eligible_oof,2,LIVE
TR-006512,2024-02-07,eligible_oof,2,LIVE
TR-008414,2024-02-07,eligible_oof,2,LIVE
TR-009785,2024-02-07,eligible_oof,2,LIVE
TR-009923,2024-02-07,eligible_oof,2,LIVE
TR-000643,2024-02-08,eligible_oof,2,LIVE
TR-000809,2024-02-08,eligible_oof,2,LIVE
TR-000984,2024-02-08,eligible_oof,2,LIVE
TR-001760,2024-02-08,eligible_oof,2,LIVE
TR-002381,2024-02-08,eligible_oof,2,LIVE
TR-002545,2024-02-08,eligible_oof,2,LIVE
TR-003097,2024-02-08,eligible_oof,2,LIVE
TR-005639,2024-02-08,eligible_oof,2,LIVE
TR-006210,2024-02-08,eligible_oof,2,LIVE
TR-007091,2024-02-08,eligible_oof,2,LIVE
TR-008571,2024-02-08,eligible_oof,2,LIVE
TR-009230,2024-02-08,eligible_oof,2,LIVE
TR-009297,2024-02-08,eligible_oof,2,LIVE
TR-000328,2024-02-09,eligible_oof,2,LIVE
TR-001557,2024-02-09,eligible_oof,2,LIVE
TR-002324,2024-02-09,eligible_oof,2,LIVE
TR-003148,2024-02-09,eligible_oof,2,LIVE
TR-005029,2024-02-09,eligible_oof,2,LIVE
TR-008080,2024-02-09,eligible_oof,2,LIVE
TR-008305,2024-02-09,eligible_oof,2,LIVE
TR-006977,2024-02-10,eligible_oof,2,LIVE
TR-007609,2024-02-10,eligible_oof,2,LIVE
TR-007918,2024-02-10,eligible_oof,2,LIVE
TR-007938,2024-02-10,eligible_oof,2,LIVE
TR-008360,2024-02-10,eligible_oof,2,LIVE
TR-001040,2024-02-11,eligible_oof,2,LIVE
TR-001575,2024-02-11,eligible_oof,2,LIVE
TR-001802,2024-02-11,eligible_oof,2,LIVE
TR-001831,2024-02-11,eligible_oof,2,LIVE
TR-001849,2024-02-11,eligible_oof,2,LIVE
TR-002370,2024-02-11,eligible_oof,2,LIVE
TR-006984,2024-02-11,eligible_oof,2,LIVE
TR-007175,2024-02-11,eligible_oof,2,LIVE
TR-007906,2024-02-11,eligible_oof,2,LIVE
TR-009146,2024-02-11,eligible_oof,2,LIVE
TR-000512,2024-02-12,eligible_oof,2,LIVE
TR-002959,2024-02-12,eligible_oof,2,LIVE
TR-003767,2024-02-12,eligible_oof,2,LIVE
TR-004676,2024-02-12,eligible_oof,2,LIVE
TR-009239,2024-02-12,eligible_oof,2,LIVE
TR-009726,2024-02-12,eligible_oof,2,LIVE
TR-002119,2024-02-13,eligible_oof,2,LIVE
TR-004067,2024-02-13,eligible_oof,2,LIVE
TR-005656,2024-02-13,eligible_oof,2,LIVE
TR-009963,2024-02-13,eligible_oof,2,LIVE
TR-000174,2024-02-14,eligible_oof,2,LIVE
TR-003015,2024-02-14,eligible_oof,2,LIVE
TR-005351,2024-02-14,eligible_oof,2,LIVE
TR-006148,2024-02-14,eligible_oof,2,LIVE
TR-006226,2024-02-14,eligible_oof,2,LIVE
TR-006651,2024-02-14,eligible_oof,2,LIVE
TR-006935,2024-02-14,eligible_oof,2,LIVE
TR-007573,2024-02-14,eligible_oof,2,LIVE
TR-000070,2024-02-15,eligible_oof,2,LIVE
TR-002871,2024-02-15,eligible_oof,2,LIVE
TR-006264,2024-02-15,eligible_oof,2,LIVE
TR-006978,2024-02-15,eligible_oof,2,LIVE
TR-001962,2024-02-16,eligible_oof,2,LIVE
TR-002187,2024-02-16,eligible_oof,2,LIVE
TR-002306,2024-02-16,eligible_oof,2,LIVE
TR-003235,2024-02-16,eligible_oof,2,LIVE
TR-003638,2024-02-16,eligible_oof,2,LIVE
TR-004650,2024-02-16,eligible_oof,2,LIVE
TR-004896,2024-02-17,eligible_oof,2,LIVE
TR-005488,2024-02-17,eligible_oof,2,LIVE
TR-005545,2024-02-17,eligible_oof,2,LIVE
TR-005892,2024-02-17,eligible_oof,2,LIVE
TR-006156,2024-02-17,eligible_oof,2,LIVE
TR-006262,2024-02-17,eligible_oof,2,LIVE
TR-008796,2024-02-17,eligible_oof,2,LIVE
TR-008921,2024-02-17,eligible_oof,2,LIVE
TR-009400,2024-02-17,eligible_oof,2,LIVE
TR-000998,2024-02-18,eligible_oof,2,LIVE
TR-001440,2024-02-18,eligible_oof,2,LIVE
TR-003430,2024-02-18,eligible_oof,2,LIVE
TR-003827,2024-02-18,eligible_oof,2,LIVE
TR-004049,2024-02-18,eligible_oof,2,LIVE
TR-006611,2024-02-18,eligible_oof,2,LIVE
TR-000825,2024-02-19,eligible_oof,2,LIVE
TR-001974,2024-02-19,eligible_oof,2,LIVE
TR-003259,2024-02-19,eligible_oof,2,LIVE
TR-003798,2024-02-19,eligible_oof,2,LIVE
TR-004653,2024-02-19,eligible_oof,2,LIVE
TR-005542,2024-02-19,eligible_oof,2,LIVE
TR-006563,2024-02-19,eligible_oof,2,LIVE
TR-001284,2024-02-20,eligible_oof,2,LIVE
TR-004784,2024-02-20,eligible_oof,2,LIVE
TR-004810,2024-02-20,eligible_oof,2,LIVE
TR-007848,2024-02-20,eligible_oof,2,LIVE
TR-000238,2024-02-21,eligible_oof,2,LIVE
TR-000479,2024-02-21,eligible_oof,2,LIVE
TR-002385,2024-02-21,eligible_oof,2,LIVE
TR-005285,2024-02-21,eligible_oof,2,LIVE
TR-006494,2024-02-21,eligible_oof,2,LIVE
TR-006557,2024-02-21,eligible_oof,2,LIVE
TR-006859,2024-02-21,eligible_oof,2,LIVE
TR-007549,2024-02-21,eligible_oof,2,LIVE
TR-008132,2024-02-21,eligible_oof,2,LIVE
TR-009076,2024-02-21,eligible_oof,2,LIVE
TR-002089,2024-02-22,eligible_oof,2,LIVE
TR-004819,2024-02-22,eligible_oof,2,LIVE
TR-005252,2024-02-22,eligible_oof,2,LIVE
TR-009715,2024-02-22,eligible_oof,2,LIVE
TR-002115,2024-02-23,eligible_oof,2,LIVE
TR-002315,2024-02-23,eligible_oof,2,LIVE
TR-006018,2024-02-23,eligible_oof,2,LIVE
TR-007715,2024-02-23,eligible_oof,2,LIVE
TR-008019,2024-02-23,eligible_oof,2,LIVE
TR-008938,2024-02-23,eligible_oof,2,LIVE
TR-009287,2024-02-23,eligible_oof,2,LIVE
TR-003891,2024-02-24,eligible_oof,2,LIVE
TR-005292,2024-02-24,eligible_oof,2,LIVE
TR-005621,2024-02-24,eligible_oof,2,LIVE
TR-006391,2024-02-24,eligible_oof,2,LIVE
TR-007232,2024-02-24,eligible_oof,2,LIVE
TR-007333,2024-02-24,eligible_oof,2,LIVE
TR-008302,2024-02-24,eligible_oof,2,LIVE
TR-009417,2024-02-24,eligible_oof,2,LIVE
TR-009600,2024-02-24,eligible_oof,2,LIVE
TR-000311,2024-02-25,eligible_oof,2,LIVE
TR-000949,2024-02-25,eligible_oof,2,LIVE
TR-001542,2024-02-25,eligible_oof,2,LIVE
TR-002574,2024-02-25,eligible_oof,2,LIVE
TR-005337,2024-02-25,eligible_oof,2,LIVE
TR-007961,2024-02-25,eligible_oof,2,LIVE
TR-008180,2024-02-25,eligible_oof,2,LIVE
TR-008771,2024-02-25,eligible_oof,2,LIVE
TR-001005,2024-02-26,eligible_oof,2,LIVE
TR-001312,2024-02-26,eligible_oof,2,LIVE
TR-001363,2024-02-26,eligible_oof,2,LIVE
TR-001532,2024-02-26,eligible_oof,2,LIVE
TR-002293,2024-02-26,eligible_oof,2,LIVE
TR-004208,2024-02-26,eligible_oof,2,LIVE
TR-007065,2024-02-26,eligible_oof,2,LIVE
TR-007738,2024-02-26,eligible_oof,2,LIVE
TR-000414,2024-02-27,eligible_oof,2,LIVE
TR-000605,2024-02-27,eligible_oof,2,LIVE
TR-003034,2024-02-27,eligible_oof,2,LIVE
TR-003416,2024-02-27,eligible_oof,2,LIVE
TR-005019,2024-02-27,eligible_oof,2,LIVE
TR-005392,2024-02-27,eligible_oof,2,LIVE
TR-007513,2024-02-27,eligible_oof,2,LIVE
TR-000134,2024-02-28,eligible_oof,2,LIVE
TR-000959,2024-02-28,eligible_oof,2,LIVE
TR-001010,2024-02-28,eligible_oof,2,LIVE
TR-003830,2024-02-28,eligible_oof,2,LIVE
TR-004681,2024-02-28,eligible_oof,2,LIVE
TR-004866,2024-02-28,eligible_oof,2,LIVE
TR-005711,2024-02-28,eligible_oof,2,LIVE
TR-006474,2024-02-28,eligible_oof,2,LIVE
TR-006552,2024-02-28,eligible_oof,2,LIVE
TR-007008,2024-02-28,eligible_oof,2,LIVE
TR-007803,2024-02-28,eligible_oof,2,LIVE
TR-009122,2024-02-28,eligible_oof,2,LIVE
TR-001087,2024-02-29,eligible_oof,2,LIVE
TR-003392,2024-02-29,eligible_oof,2,LIVE
TR-004563,2024-02-29,eligible_oof,2,LIVE
TR-004664,2024-02-29,eligible_oof,2,LIVE
TR-005501,2024-02-29,eligible_oof,2,LIVE
TR-007565,2024-02-29,eligible_oof,2,LIVE
TR-007815,2024-02-29,eligible_oof,2,LIVE
TR-008378,2024-02-29,eligible_oof,2,LIVE
TR-008478,2024-02-29,eligible_oof,2,LIVE
TR-000966,2024-03-01,eligible_oof,2,LIVE
TR-003734,2024-03-01,eligible_oof,2,LIVE
TR-006106,2024-03-01,eligible_oof,2,LIVE
TR-007291,2024-03-01,eligible_oof,2,LIVE
TR-000317,2024-03-02,eligible_oof,2,LIVE
TR-001546,2024-03-02,eligible_oof,2,LIVE
TR-001655,2024-03-02,eligible_oof,2,LIVE
TR-001922,2024-03-02,eligible_oof,2,LIVE
TR-002748,2024-03-02,eligible_oof,2,LIVE
TR-003201,2024-03-02,eligible_oof,2,LIVE
TR-004071,2024-03-02,eligible_oof,2,LIVE
TR-005128,2024-03-02,eligible_oof,2,LIVE
TR-008248,2024-03-02,eligible_oof,2,LIVE
TR-008712,2024-03-02,eligible_oof,2,LIVE
TR-001613,2024-03-03,eligible_oof,2,LIVE
TR-002360,2024-03-03,eligible_oof,2,LIVE
TR-004112,2024-03-03,eligible_oof,2,LIVE
TR-004537,2024-03-03,eligible_oof,2,LIVE
TR-005812,2024-03-03,eligible_oof,2,LIVE
TR-006785,2024-03-03,eligible_oof,2,LIVE
TR-007958,2024-03-03,eligible_oof,2,LIVE
TR-008873,2024-03-03,eligible_oof,2,LIVE
TR-009489,2024-03-03,eligible_oof,2,LIVE
TR-001073,2024-03-04,eligible_oof,2,LIVE
TR-001382,2024-03-04,eligible_oof,2,LIVE
TR-001577,2024-03-04,eligible_oof,2,LIVE
TR-002738,2024-03-04,eligible_oof,2,LIVE
TR-003006,2024-03-04,eligible_oof,2,LIVE
TR-005549,2024-03-04,eligible_oof,2,LIVE
TR-006280,2024-03-04,eligible_oof,2,LIVE
TR-006294,2024-03-04,eligible_oof,2,LIVE
TR-006966,2024-03-04,eligible_oof,2,LIVE
TR-007529,2024-03-04,eligible_oof,2,LIVE
TR-007614,2024-03-04,eligible_oof,2,LIVE
TR-007878,2024-03-04,eligible_oof,2,LIVE
TR-001217,2024-03-05,eligible_oof,2,LIVE
TR-001703,2024-03-05,eligible_oof,2,LIVE
TR-002402,2024-03-05,eligible_oof,2,LIVE
TR-005101,2024-03-05,eligible_oof,2,LIVE
TR-005318,2024-03-05,eligible_oof,2,LIVE
TR-005594,2024-03-05,eligible_oof,2,LIVE
TR-005937,2024-03-05,eligible_oof,2,LIVE
TR-005957,2024-03-05,eligible_oof,2,LIVE
TR-006530,2024-03-05,eligible_oof,2,LIVE
TR-008171,2024-03-05,eligible_oof,2,LIVE
TR-009008,2024-03-05,eligible_oof,2,LIVE
TR-009126,2024-03-05,eligible_oof,2,LIVE
TR-009201,2024-03-05,eligible_oof,2,LIVE
TR-000567,2024-03-06,eligible_oof,2,LIVE
TR-000592,2024-03-06,eligible_oof,2,LIVE
TR-001729,2024-03-06,eligible_oof,2,LIVE
TR-002611,2024-03-06,eligible_oof,2,LIVE
TR-007042,2024-03-06,eligible_oof,2,LIVE
TR-007193,2024-03-06,eligible_oof,2,LIVE
TR-007380,2024-03-06,eligible_oof,2,LIVE
TR-008344,2024-03-06,eligible_oof,2,LIVE
TR-008351,2024-03-06,eligible_oof,2,LIVE
TR-008970,2024-03-06,eligible_oof,2,LIVE
TR-009888,2024-03-06,eligible_oof,2,LIVE
TR-001723,2024-03-07,eligible_oof,2,LIVE
TR-002546,2024-03-07,eligible_oof,2,LIVE
TR-003328,2024-03-07,eligible_oof,2,LIVE
TR-003731,2024-03-07,eligible_oof,2,LIVE
TR-004335,2024-03-07,eligible_oof,2,LIVE
TR-006420,2024-03-07,eligible_oof,2,LIVE
TR-006438,2024-03-07,eligible_oof,2,LIVE
TR-007399,2024-03-07,eligible_oof,2,LIVE
TR-008953,2024-03-07,eligible_oof,2,LIVE
TR-000429,2024-03-08,eligible_oof,2,LIVE
TR-000499,2024-03-08,eligible_oof,2,LIVE
TR-000873,2024-03-08,eligible_oof,2,LIVE
TR-000887,2024-03-08,eligible_oof,2,LIVE
TR-001366,2024-03-08,eligible_oof,2,LIVE
TR-001441,2024-03-08,eligible_oof,2,LIVE
TR-002197,2024-03-08,eligible_oof,2,LIVE
TR-007972,2024-03-08,eligible_oof,2,LIVE
TR-000753,2024-03-09,eligible_oof,2,LIVE
TR-001020,2024-03-09,eligible_oof,2,LIVE
TR-001385,2024-03-09,eligible_oof,2,LIVE
TR-007608,2024-03-09,eligible_oof,2,LIVE
TR-007998,2024-03-09,eligible_oof,2,LIVE
TR-009345,2024-03-09,eligible_oof,2,LIVE
TR-009350,2024-03-09,eligible_oof,2,LIVE
TR-000526,2024-03-10,eligible_oof,2,LIVE
TR-000971,2024-03-10,eligible_oof,2,LIVE
TR-001933,2024-03-10,eligible_oof,2,LIVE
TR-003398,2024-03-10,eligible_oof,2,LIVE
TR-004702,2024-03-10,eligible_oof,2,LIVE
TR-007464,2024-03-10,eligible_oof,2,LIVE
TR-007893,2024-03-10,eligible_oof,2,LIVE
TR-008387,2024-03-10,eligible_oof,2,LIVE
TR-008948,2024-03-10,eligible_oof,2,LIVE
TR-000704,2024-03-11,eligible_oof,2,LIVE
TR-001292,2024-03-11,eligible_oof,2,LIVE
TR-002137,2024-03-11,eligible_oof,2,LIVE
TR-002900,2024-03-11,eligible_oof,2,LIVE
TR-003060,2024-03-11,eligible_oof,2,LIVE
TR-003095,2024-03-11,eligible_oof,2,LIVE
TR-003835,2024-03-11,eligible_oof,2,LIVE
TR-006919,2024-03-11,eligible_oof,2,LIVE
TR-008214,2024-03-11,eligible_oof,2,LIVE
TR-009477,2024-03-11,eligible_oof,2,LIVE
TR-000598,2024-03-12,eligible_oof,2,LIVE
TR-002498,2024-03-12,eligible_oof,2,LIVE
TR-004192,2024-03-12,eligible_oof,2,LIVE
TR-004251,2024-03-12,eligible_oof,2,LIVE
TR-004817,2024-03-12,eligible_oof,2,LIVE
TR-006798,2024-03-12,eligible_oof,2,LIVE
TR-008656,2024-03-12,eligible_oof,2,LIVE
TR-009111,2024-03-12,eligible_oof,2,LIVE
TR-009734,2024-03-12,eligible_oof,2,LIVE
TR-001907,2024-03-13,eligible_oof,2,LIVE
TR-001969,2024-03-13,eligible_oof,2,LIVE
TR-002683,2024-03-13,eligible_oof,2,LIVE
TR-003007,2024-03-13,eligible_oof,2,LIVE
TR-004053,2024-03-13,eligible_oof,2,LIVE
TR-004615,2024-03-13,eligible_oof,2,LIVE
TR-004779,2024-03-13,eligible_oof,2,LIVE
TR-006130,2024-03-13,eligible_oof,2,LIVE
TR-006202,2024-03-13,eligible_oof,2,LIVE
TR-006370,2024-03-13,eligible_oof,2,LIVE
TR-009481,2024-03-13,eligible_oof,2,LIVE
TR-002242,2024-03-14,eligible_oof,2,LIVE
TR-002328,2024-03-14,eligible_oof,2,LIVE
TR-004224,2024-03-14,eligible_oof,2,LIVE
TR-004668,2024-03-14,eligible_oof,2,LIVE
TR-006784,2024-03-14,eligible_oof,2,LIVE
TR-008193,2024-03-14,eligible_oof,2,LIVE
TR-009090,2024-03-14,eligible_oof,2,LIVE
TR-000799,2024-03-15,eligible_oof,2,LIVE
TR-002272,2024-03-15,eligible_oof,2,LIVE
TR-003570,2024-03-15,eligible_oof,2,LIVE
TR-004493,2024-03-15,eligible_oof,2,LIVE
TR-006507,2024-03-15,eligible_oof,2,LIVE
TR-006863,2024-03-15,eligible_oof,2,LIVE
TR-007664,2024-03-15,eligible_oof,2,LIVE
TR-009182,2024-03-15,eligible_oof,2,LIVE
TR-000418,2024-03-16,eligible_oof,2,LIVE
TR-001393,2024-03-16,eligible_oof,2,LIVE
TR-003492,2024-03-16,eligible_oof,2,LIVE
TR-003967,2024-03-16,eligible_oof,2,LIVE
TR-004957,2024-03-16,eligible_oof,2,LIVE
TR-005531,2024-03-16,eligible_oof,2,LIVE
TR-005939,2024-03-16,eligible_oof,2,LIVE
TR-006690,2024-03-16,eligible_oof,2,LIVE
TR-007582,2024-03-16,eligible_oof,2,LIVE
TR-008888,2024-03-16,eligible_oof,2,LIVE
TR-001222,2024-03-17,eligible_oof,2,LIVE
TR-003276,2024-03-17,eligible_oof,2,LIVE
TR-004085,2024-03-17,eligible_oof,2,LIVE
TR-004553,2024-03-17,eligible_oof,2,LIVE
TR-008296,2024-03-17,eligible_oof,2,LIVE
TR-008628,2024-03-17,eligible_oof,2,LIVE
TR-009686,2024-03-17,eligible_oof,2,LIVE
TR-000426,2024-03-18,eligible_oof,2,LIVE
TR-000888,2024-03-18,eligible_oof,2,LIVE
TR-001326,2024-03-18,eligible_oof,2,LIVE
TR-001679,2024-03-18,eligible_oof,2,LIVE
TR-002659,2024-03-18,eligible_oof,2,LIVE
TR-004561,2024-03-18,eligible_oof,2,LIVE
TR-004704,2024-03-18,eligible_oof,2,LIVE
TR-005570,2024-03-18,eligible_oof,2,LIVE
TR-007563,2024-03-18,eligible_oof,2,LIVE
TR-007671,2024-03-18,eligible_oof,2,LIVE
TR-008143,2024-03-18,eligible_oof,2,LIVE
TR-000243,2024-03-19,eligible_oof,2,LIVE
TR-000903,2024-03-19,eligible_oof,2,LIVE
TR-000930,2024-03-19,eligible_oof,2,LIVE
TR-001149,2024-03-19,eligible_oof,2,LIVE
TR-003311,2024-03-19,eligible_oof,2,LIVE
TR-003411,2024-03-19,eligible_oof,2,LIVE
TR-005364,2024-03-19,eligible_oof,2,LIVE
TR-000296,2024-03-20,eligible_oof,2,LIVE
TR-000449,2024-03-20,eligible_oof,2,LIVE
TR-002625,2024-03-20,eligible_oof,2,LIVE
TR-005031,2024-03-20,eligible_oof,2,LIVE
TR-005170,2024-03-20,eligible_oof,2,LIVE
TR-000985,2024-03-21,eligible_oof,2,LIVE
TR-002006,2024-03-21,eligible_oof,2,LIVE
TR-003078,2024-03-21,eligible_oof,2,LIVE
TR-003949,2024-03-21,eligible_oof,2,LIVE
TR-006153,2024-03-21,eligible_oof,2,LIVE
TR-008515,2024-03-21,eligible_oof,2,LIVE
TR-009087,2024-03-21,eligible_oof,2,LIVE
TR-000534,2024-03-22,eligible_oof,2,LIVE
TR-002392,2024-03-22,eligible_oof,2,LIVE
TR-003013,2024-03-22,eligible_oof,2,LIVE
TR-004320,2024-03-22,eligible_oof,2,LIVE
TR-005054,2024-03-22,eligible_oof,2,LIVE
TR-005701,2024-03-22,eligible_oof,2,LIVE
TR-005955,2024-03-22,eligible_oof,2,LIVE
TR-006220,2024-03-22,eligible_oof,2,LIVE
TR-006802,2024-03-22,eligible_oof,2,LIVE
TR-007296,2024-03-22,eligible_oof,2,LIVE
TR-007610,2024-03-22,eligible_oof,2,LIVE
TR-009382,2024-03-22,eligible_oof,2,LIVE
TR-009576,2024-03-22,eligible_oof,2,LIVE
TR-001174,2024-03-23,eligible_oof,2,LIVE
TR-001321,2024-03-23,eligible_oof,2,LIVE
TR-001736,2024-03-23,eligible_oof,2,LIVE
TR-002074,2024-03-23,eligible_oof,2,LIVE
TR-002425,2024-03-23,eligible_oof,2,LIVE
TR-002686,2024-03-23,eligible_oof,2,LIVE
TR-002765,2024-03-23,eligible_oof,2,LIVE
TR-004969,2024-03-23,eligible_oof,2,LIVE
TR-005110,2024-03-23,eligible_oof,2,LIVE
TR-005151,2024-03-23,eligible_oof,2,LIVE
TR-005421,2024-03-23,eligible_oof,2,LIVE
TR-005517,2024-03-23,eligible_oof,2,LIVE
TR-005994,2024-03-23,eligible_oof,2,LIVE
TR-006589,2024-03-23,eligible_oof,2,LIVE
TR-007100,2024-03-23,eligible_oof,2,LIVE
TR-007350,2024-03-23,eligible_oof,2,LIVE
TR-008250,2024-03-23,eligible_oof,2,LIVE
TR-008704,2024-03-23,eligible_oof,2,LIVE
TR-000647,2024-03-24,eligible_oof,2,LIVE
TR-003472,2024-03-24,eligible_oof,2,LIVE
TR-004315,2024-03-24,eligible_oof,2,LIVE
TR-006764,2024-03-24,eligible_oof,2,LIVE
TR-008436,2024-03-24,eligible_oof,2,LIVE
TR-008500,2024-03-24,eligible_oof,2,LIVE
TR-001684,2024-03-25,eligible_oof,2,LIVE
TR-001792,2024-03-25,eligible_oof,2,LIVE
TR-002705,2024-03-25,eligible_oof,2,LIVE
TR-003112,2024-03-25,eligible_oof,2,LIVE
TR-003144,2024-03-25,eligible_oof,2,LIVE
TR-003711,2024-03-25,eligible_oof,2,LIVE
TR-003758,2024-03-25,eligible_oof,2,LIVE
TR-003778,2024-03-25,eligible_oof,2,LIVE
TR-005724,2024-03-25,eligible_oof,2,LIVE
TR-006028,2024-03-25,eligible_oof,2,LIVE
TR-006184,2024-03-25,eligible_oof,2,LIVE
TR-007618,2024-03-25,eligible_oof,2,LIVE
TR-007822,2024-03-25,eligible_oof,2,LIVE
TR-008294,2024-03-25,eligible_oof,2,LIVE
TR-008576,2024-03-25,eligible_oof,2,LIVE
TR-008666,2024-03-25,eligible_oof,2,LIVE
TR-008759,2024-03-25,eligible_oof,2,LIVE
TR-009646,2024-03-25,eligible_oof,2,LIVE
TR-000072,2024-03-26,eligible_oof,2,LIVE
TR-001670,2024-03-26,eligible_oof,2,LIVE
TR-001994,2024-03-26,eligible_oof,2,LIVE
TR-002937,2024-03-26,eligible_oof,2,LIVE
TR-003845,2024-03-26,eligible_oof,2,LIVE
TR-004780,2024-03-26,eligible_oof,2,LIVE
TR-006339,2024-03-26,eligible_oof,2,LIVE
TR-007120,2024-03-26,eligible_oof,2,LIVE
TR-008030,2024-03-26,eligible_oof,2,LIVE
TR-008213,2024-03-26,eligible_oof,2,LIVE
TR-008963,2024-03-26,eligible_oof,2,LIVE
TR-008972,2024-03-26,eligible_oof,2,LIVE
TR-009026,2024-03-26,eligible_oof,2,LIVE
TR-001307,2024-03-27,eligible_oof,2,LIVE
TR-003374,2024-03-27,eligible_oof,2,LIVE
TR-004282,2024-03-27,eligible_oof,2,LIVE
TR-005210,2024-03-27,eligible_oof,2,LIVE
TR-005816,2024-03-27,eligible_oof,2,LIVE
TR-006517,2024-03-27,eligible_oof,2,LIVE
TR-008111,2024-03-27,eligible_oof,2,LIVE
TR-009411,2024-03-27,eligible_oof,2,LIVE
TR-002050,2024-03-28,eligible_oof,2,LIVE
TR-002867,2024-03-28,eligible_oof,2,LIVE
TR-002886,2024-03-28,eligible_oof,2,LIVE
TR-003715,2024-03-28,eligible_oof,2,LIVE
TR-004126,2024-03-28,eligible_oof,2,LIVE
TR-004598,2024-03-28,eligible_oof,2,LIVE
TR-004738,2024-03-28,eligible_oof,2,LIVE
TR-005299,2024-03-28,eligible_oof,2,LIVE
TR-005806,2024-03-28,eligible_oof,2,LIVE
TR-007640,2024-03-28,eligible_oof,2,LIVE
TR-009231,2024-03-28,eligible_oof,2,LIVE
TR-001261,2024-03-29,eligible_oof,2,LIVE
TR-002618,2024-03-29,eligible_oof,2,LIVE
TR-002831,2024-03-29,eligible_oof,2,LIVE
TR-005287,2024-03-29,eligible_oof,2,LIVE
TR-005668,2024-03-29,eligible_oof,2,LIVE
TR-006246,2024-03-29,eligible_oof,2,LIVE
TR-006456,2024-03-29,eligible_oof,2,LIVE
TR-008039,2024-03-29,eligible_oof,2,LIVE
TR-000650,2024-03-30,eligible_oof,2,LIVE
TR-000654,2024-03-30,eligible_oof,2,LIVE
TR-001272,2024-03-30,eligible_oof,2,LIVE
TR-005766,2024-03-30,eligible_oof,2,LIVE
TR-006311,2024-03-30,eligible_oof,2,LIVE
TR-007270,2024-03-30,eligible_oof,2,LIVE
TR-008326,2024-03-30,eligible_oof,2,LIVE
TR-008340,2024-03-30,eligible_oof,2,LIVE
TR-002822,2024-03-31,eligible_oof,2,LIVE
TR-004200,2024-03-31,eligible_oof,2,LIVE
TR-007146,2024-03-31,eligible_oof,2,LIVE
TR-009494,2024-03-31,eligible_oof,2,LIVE
TR-000582,2024-04-01,eligible_oof,2,LIVE
TR-001076,2024-04-01,eligible_oof,2,LIVE
TR-001508,2024-04-01,eligible_oof,2,LIVE
TR-002476,2024-04-01,eligible_oof,2,LIVE
TR-003564,2024-04-01,eligible_oof,2,LIVE
TR-004517,2024-04-01,eligible_oof,2,LIVE
TR-005040,2024-04-01,eligible_oof,2,LIVE
TR-005796,2024-04-01,eligible_oof,2,LIVE
TR-006814,2024-04-01,eligible_oof,2,LIVE
TR-007320,2024-04-01,eligible_oof,2,LIVE
TR-007987,2024-04-01,eligible_oof,2,LIVE
TR-008956,2024-04-01,eligible_oof,2,LIVE
TR-009702,2024-04-01,eligible_oof,2,LIVE
TR-009711,2024-04-01,eligible_oof,2,LIVE
TR-005262,2024-04-02,eligible_oof,2,LIVE
TR-005855,2024-04-02,eligible_oof,2,LIVE
TR-008652,2024-04-02,eligible_oof,2,LIVE
TR-008973,2024-04-02,eligible_oof,2,LIVE
TR-009988,2024-04-02,eligible_oof,2,LIVE
TR-000810,2024-04-03,eligible_oof,2,LIVE
TR-000978,2024-04-03,eligible_oof,2,LIVE
TR-001783,2024-04-03,eligible_oof,2,LIVE
TR-002302,2024-04-03,eligible_oof,2,LIVE
TR-002451,2024-04-03,eligible_oof,2,LIVE
TR-002671,2024-04-03,eligible_oof,2,LIVE
TR-005751,2024-04-03,eligible_oof,2,LIVE
TR-006283,2024-04-03,eligible_oof,2,LIVE
TR-007224,2024-04-03,eligible_oof,2,LIVE
TR-008960,2024-04-03,eligible_oof,2,LIVE
TR-009105,2024-04-03,eligible_oof,2,LIVE
TR-000967,2024-04-04,eligible_oof,2,LIVE
TR-001384,2024-04-04,eligible_oof,2,LIVE
TR-002266,2024-04-04,eligible_oof,2,LIVE
TR-002715,2024-04-04,eligible_oof,2,LIVE
TR-003810,2024-04-04,eligible_oof,2,LIVE
TR-004857,2024-04-04,eligible_oof,2,LIVE
TR-005565,2024-04-04,eligible_oof,2,LIVE
TR-005699,2024-04-04,eligible_oof,2,LIVE
TR-006666,2024-04-04,eligible_oof,2,LIVE
TR-009240,2024-04-04,eligible_oof,2,LIVE
TR-000935,2024-04-05,eligible_oof,2,LIVE
TR-001188,2024-04-05,eligible_oof,2,LIVE
TR-001491,2024-04-05,eligible_oof,2,LIVE
TR-004206,2024-04-05,eligible_oof,2,LIVE
TR-006385,2024-04-05,eligible_oof,2,LIVE
TR-006807,2024-04-05,eligible_oof,2,LIVE
TR-007155,2024-04-05,eligible_oof,2,LIVE
TR-001583,2024-04-06,eligible_oof,2,LIVE
TR-002849,2024-04-06,eligible_oof,2,LIVE
TR-005546,2024-04-06,eligible_oof,2,LIVE
TR-006100,2024-04-06,eligible_oof,2,LIVE
TR-006540,2024-04-06,eligible_oof,2,LIVE
TR-007186,2024-04-06,eligible_oof,2,LIVE
TR-007215,2024-04-06,eligible_oof,2,LIVE
TR-007957,2024-04-06,eligible_oof,2,LIVE
TR-008524,2024-04-06,eligible_oof,2,LIVE
TR-008763,2024-04-06,eligible_oof,2,LIVE
TR-009627,2024-04-06,eligible_oof,2,LIVE
TR-000373,2024-04-07,eligible_oof,2,LIVE
TR-001331,2024-04-07,eligible_oof,2,LIVE
TR-001361,2024-04-07,eligible_oof,2,LIVE
TR-001581,2024-04-07,eligible_oof,2,LIVE
TR-002406,2024-04-07,eligible_oof,2,LIVE
TR-002763,2024-04-07,eligible_oof,2,LIVE
TR-003011,2024-04-07,eligible_oof,2,LIVE
TR-003065,2024-04-07,eligible_oof,2,LIVE
TR-004489,2024-04-07,eligible_oof,2,LIVE
TR-005349,2024-04-07,eligible_oof,2,LIVE
TR-006065,2024-04-07,eligible_oof,2,LIVE
TR-006207,2024-04-07,eligible_oof,2,LIVE
TR-007045,2024-04-07,eligible_oof,2,LIVE
TR-007243,2024-04-07,eligible_oof,2,LIVE
TR-009584,2024-04-07,eligible_oof,2,LIVE
TR-009733,2024-04-07,eligible_oof,2,LIVE
TR-009866,2024-04-07,eligible_oof,2,LIVE
TR-001202,2024-04-08,eligible_oof,2,LIVE
TR-001230,2024-04-08,eligible_oof,2,LIVE
TR-002123,2024-04-08,eligible_oof,2,LIVE
TR-002773,2024-04-08,eligible_oof,2,LIVE
TR-003012,2024-04-08,eligible_oof,2,LIVE
TR-003070,2024-04-08,eligible_oof,2,LIVE
TR-004935,2024-04-08,eligible_oof,2,LIVE
TR-005880,2024-04-08,eligible_oof,2,LIVE
TR-007017,2024-04-08,eligible_oof,2,LIVE
TR-008337,2024-04-08,eligible_oof,2,LIVE
TR-009174,2024-04-08,eligible_oof,2,LIVE
TR-000211,2024-04-09,eligible_oof,2,LIVE
TR-001799,2024-04-09,eligible_oof,2,LIVE
TR-002059,2024-04-09,eligible_oof,2,LIVE
TR-005123,2024-04-09,eligible_oof,2,LIVE
TR-005491,2024-04-09,eligible_oof,2,LIVE
TR-006010,2024-04-09,eligible_oof,2,LIVE
TR-006281,2024-04-09,eligible_oof,2,LIVE
TR-007106,2024-04-09,eligible_oof,2,LIVE
TR-007247,2024-04-09,eligible_oof,2,LIVE
TR-007705,2024-04-09,eligible_oof,2,LIVE
TR-001370,2024-04-10,eligible_oof,2,LIVE
TR-001662,2024-04-10,eligible_oof,2,LIVE
TR-001882,2024-04-10,eligible_oof,2,LIVE
TR-004674,2024-04-10,eligible_oof,2,LIVE
TR-005704,2024-04-10,eligible_oof,2,LIVE
TR-006839,2024-04-10,eligible_oof,2,LIVE
TR-008491,2024-04-10,eligible_oof,2,LIVE
TR-001012,2024-04-11,eligible_oof,2,LIVE
TR-001876,2024-04-11,eligible_oof,2,LIVE
TR-002063,2024-04-11,eligible_oof,2,LIVE
TR-002760,2024-04-11,eligible_oof,2,LIVE
TR-003454,2024-04-11,eligible_oof,2,LIVE
TR-003456,2024-04-11,eligible_oof,2,LIVE
TR-003489,2024-04-11,eligible_oof,2,LIVE
TR-004475,2024-04-11,eligible_oof,2,LIVE
TR-005164,2024-04-11,eligible_oof,2,LIVE
TR-006044,2024-04-11,eligible_oof,2,LIVE
TR-006235,2024-04-11,eligible_oof,2,LIVE
TR-008437,2024-04-11,eligible_oof,2,LIVE
TR-003317,2024-04-12,eligible_oof,2,LIVE
TR-003920,2024-04-12,eligible_oof,2,LIVE
TR-005346,2024-04-12,eligible_oof,2,LIVE
TR-005376,2024-04-12,eligible_oof,2,LIVE
TR-006393,2024-04-12,eligible_oof,2,LIVE
TR-009102,2024-04-12,eligible_oof,2,LIVE
TR-009413,2024-04-12,eligible_oof,2,LIVE
TR-002672,2024-04-13,eligible_oof,2,LIVE
TR-003706,2024-04-13,eligible_oof,2,LIVE
TR-003816,2024-04-13,eligible_oof,2,LIVE
TR-004963,2024-04-13,eligible_oof,2,LIVE
TR-006201,2024-04-13,eligible_oof,2,LIVE
TR-007435,2024-04-13,eligible_oof,2,LIVE
TR-007883,2024-04-13,eligible_oof,2,LIVE
TR-009215,2024-04-13,eligible_oof,2,LIVE
TR-001989,2024-04-14,eligible_oof,2,LIVE
TR-004077,2024-04-14,eligible_oof,2,LIVE
TR-004888,2024-04-14,eligible_oof,2,LIVE
TR-005435,2024-04-14,eligible_oof,2,LIVE
TR-005747,2024-04-14,eligible_oof,2,LIVE
TR-006950,2024-04-14,eligible_oof,2,LIVE
TR-008840,2024-04-14,eligible_oof,2,LIVE
TR-009523,2024-04-14,eligible_oof,2,LIVE
TR-000101,2024-04-15,eligible_oof,2,LIVE
TR-000321,2024-04-15,eligible_oof,2,LIVE
TR-002499,2024-04-15,eligible_oof,2,LIVE
TR-002898,2024-04-15,eligible_oof,2,LIVE
TR-004659,2024-04-15,eligible_oof,2,LIVE
TR-005423,2024-04-15,eligible_oof,2,LIVE
TR-001086,2024-04-16,eligible_oof,2,LIVE
TR-001769,2024-04-16,eligible_oof,2,LIVE
TR-001797,2024-04-16,eligible_oof,2,LIVE
TR-002453,2024-04-16,eligible_oof,2,LIVE
TR-006083,2024-04-16,eligible_oof,2,LIVE
TR-007623,2024-04-16,eligible_oof,2,LIVE
TR-007670,2024-04-16,eligible_oof,2,LIVE
TR-008626,2024-04-16,eligible_oof,2,LIVE
TR-008691,2024-04-16,eligible_oof,2,LIVE
TR-008773,2024-04-16,eligible_oof,2,LIVE
TR-009132,2024-04-16,eligible_oof,2,LIVE
TR-009257,2024-04-16,eligible_oof,2,LIVE
TR-002882,2024-04-17,eligible_oof,2,LIVE
TR-004514,2024-04-17,eligible_oof,2,LIVE
TR-004716,2024-04-17,eligible_oof,2,LIVE
TR-005051,2024-04-17,eligible_oof,2,LIVE
TR-005653,2024-04-17,eligible_oof,2,LIVE
TR-005820,2024-04-17,eligible_oof,2,LIVE
TR-005923,2024-04-17,eligible_oof,2,LIVE
TR-006340,2024-04-17,eligible_oof,2,LIVE
TR-009398,2024-04-17,eligible_oof,2,LIVE
TR-009405,2024-04-17,eligible_oof,2,LIVE
TR-000309,2024-04-18,eligible_oof,2,LIVE
TR-003358,2024-04-18,eligible_oof,2,LIVE
TR-007858,2024-04-18,eligible_oof,2,LIVE
TR-007899,2024-04-18,eligible_oof,2,LIVE
TR-009952,2024-04-18,eligible_oof,2,LIVE
TR-009971,2024-04-18,eligible_oof,2,LIVE
TR-001048,2024-04-19,eligible_oof,2,LIVE
TR-002078,2024-04-19,eligible_oof,2,LIVE
TR-002670,2024-04-19,eligible_oof,2,LIVE
TR-003150,2024-04-19,eligible_oof,2,LIVE
TR-004303,2024-04-19,eligible_oof,2,LIVE
TR-005577,2024-04-19,eligible_oof,2,LIVE
TR-005917,2024-04-19,eligible_oof,2,LIVE
TR-007959,2024-04-19,eligible_oof,2,LIVE
TR-007971,2024-04-19,eligible_oof,2,LIVE
TR-008729,2024-04-19,eligible_oof,2,LIVE
TR-000443,2024-04-20,eligible_oof,2,LIVE
TR-001895,2024-04-20,eligible_oof,2,LIVE
TR-002778,2024-04-20,eligible_oof,2,LIVE
TR-003202,2024-04-20,eligible_oof,2,LIVE
TR-004446,2024-04-20,eligible_oof,2,LIVE
TR-005842,2024-04-20,eligible_oof,2,LIVE
TR-006779,2024-04-20,eligible_oof,2,LIVE
TR-007496,2024-04-20,eligible_oof,2,LIVE
TR-008367,2024-04-20,eligible_oof,2,LIVE
TR-000973,2024-04-21,eligible_oof,2,LIVE
TR-001592,2024-04-21,eligible_oof,2,LIVE
TR-002085,2024-04-21,eligible_oof,2,LIVE
TR-003039,2024-04-21,eligible_oof,2,LIVE
TR-004342,2024-04-21,eligible_oof,2,LIVE
TR-004358,2024-04-21,eligible_oof,2,LIVE
TR-004485,2024-04-21,eligible_oof,2,LIVE
TR-006757,2024-04-21,eligible_oof,2,LIVE
TR-006885,2024-04-21,eligible_oof,2,LIVE
TR-006897,2024-04-21,eligible_oof,2,LIVE
TR-007375,2024-04-21,eligible_oof,2,LIVE
TR-007536,2024-04-21,eligible_oof,2,LIVE
TR-008162,2024-04-21,eligible_oof,2,LIVE
TR-008262,2024-04-21,eligible_oof,2,LIVE
TR-008593,2024-04-21,eligible_oof,2,LIVE
TR-000012,2024-04-22,eligible_oof,2,LIVE
TR-000697,2024-04-22,eligible_oof,2,LIVE
TR-001434,2024-04-22,eligible_oof,2,LIVE
TR-001664,2024-04-22,eligible_oof,2,LIVE
TR-001685,2024-04-22,eligible_oof,2,LIVE
TR-001892,2024-04-22,eligible_oof,2,LIVE
TR-004273,2024-04-22,eligible_oof,2,LIVE
TR-005384,2024-04-22,eligible_oof,2,LIVE
TR-005729,2024-04-22,eligible_oof,2,LIVE
TR-006449,2024-04-22,eligible_oof,2,LIVE
TR-008208,2024-04-22,eligible_oof,2,LIVE
TR-009777,2024-04-22,eligible_oof,2,LIVE
TR-000725,2024-04-23,eligible_oof,2,LIVE
TR-006953,2024-04-23,eligible_oof,2,LIVE
TR-009396,2024-04-23,eligible_oof,2,LIVE
TR-009727,2024-04-23,eligible_oof,2,LIVE
TR-009873,2024-04-23,eligible_oof,2,LIVE
TR-002963,2024-04-24,eligible_oof,2,LIVE
TR-003927,2024-04-24,eligible_oof,2,LIVE
TR-004856,2024-04-24,eligible_oof,2,LIVE
TR-005449,2024-04-24,eligible_oof,2,LIVE
TR-009384,2024-04-24,eligible_oof,2,LIVE
TR-009471,2024-04-24,eligible_oof,2,LIVE
TR-009543,2024-04-24,eligible_oof,2,LIVE
TR-009813,2024-04-24,eligible_oof,2,LIVE
TR-000556,2024-04-25,eligible_oof,2,LIVE
TR-001227,2024-04-25,eligible_oof,2,LIVE
TR-002766,2024-04-25,eligible_oof,2,LIVE
TR-002780,2024-04-25,eligible_oof,2,LIVE
TR-002917,2024-04-25,eligible_oof,2,LIVE
TR-003076,2024-04-25,eligible_oof,2,LIVE
TR-005368,2024-04-25,eligible_oof,2,LIVE
TR-005457,2024-04-25,eligible_oof,2,LIVE
TR-005695,2024-04-25,eligible_oof,2,LIVE
TR-005753,2024-04-25,eligible_oof,2,LIVE
TR-005981,2024-04-25,eligible_oof,2,LIVE
TR-009551,2024-04-25,eligible_oof,2,LIVE
TR-000287,2024-04-26,eligible_oof,2,LIVE
TR-000505,2024-04-26,eligible_oof,2,LIVE
TR-000607,2024-04-26,eligible_oof,2,LIVE
TR-000989,2024-04-26,eligible_oof,2,LIVE
TR-001992,2024-04-26,eligible_oof,2,LIVE
TR-003344,2024-04-26,eligible_oof,2,LIVE
TR-007770,2024-04-26,eligible_oof,2,LIVE
TR-008887,2024-04-26,eligible_oof,2,LIVE
TR-000613,2024-04-27,eligible_oof,2,LIVE
TR-000767,2024-04-27,eligible_oof,2,LIVE
TR-001607,2024-04-27,eligible_oof,2,LIVE
TR-002094,2024-04-27,eligible_oof,2,LIVE
TR-002248,2024-04-27,eligible_oof,2,LIVE
TR-002638,2024-04-27,eligible_oof,2,LIVE
TR-005638,2024-04-27,eligible_oof,2,LIVE
TR-005943,2024-04-27,eligible_oof,2,LIVE
TR-006873,2024-04-27,eligible_oof,2,LIVE
TR-007242,2024-04-27,eligible_oof,2,LIVE
TR-007541,2024-04-27,eligible_oof,2,LIVE
TR-007687,2024-04-27,eligible_oof,2,LIVE
TR-000127,2024-04-28,eligible_oof,2,LIVE
TR-001046,2024-04-28,eligible_oof,2,LIVE
TR-002129,2024-04-28,eligible_oof,2,LIVE
TR-002915,2024-04-28,eligible_oof,2,LIVE
TR-002955,2024-04-28,eligible_oof,2,LIVE
TR-003414,2024-04-28,eligible_oof,2,LIVE
TR-003444,2024-04-28,eligible_oof,2,LIVE
TR-004296,2024-04-28,eligible_oof,2,LIVE
TR-005211,2024-04-28,eligible_oof,2,LIVE
TR-005361,2024-04-28,eligible_oof,2,LIVE
TR-005572,2024-04-28,eligible_oof,2,LIVE
TR-006712,2024-04-28,eligible_oof,2,LIVE
TR-008408,2024-04-28,eligible_oof,2,LIVE
TR-000051,2024-04-29,eligible_oof,2,LIVE
TR-002589,2024-04-29,eligible_oof,2,LIVE
TR-003052,2024-04-29,eligible_oof,2,LIVE
TR-003134,2024-04-29,eligible_oof,2,LIVE
TR-003881,2024-04-29,eligible_oof,2,LIVE
TR-004056,2024-04-29,eligible_oof,2,LIVE
TR-005144,2024-04-29,eligible_oof,2,LIVE
TR-005327,2024-04-29,eligible_oof,2,LIVE
TR-005403,2024-04-29,eligible_oof,2,LIVE
TR-005688,2024-04-29,eligible_oof,2,LIVE
TR-005827,2024-04-29,eligible_oof,2,LIVE
TR-008113,2024-04-29,eligible_oof,2,LIVE
TR-008923,2024-04-29,eligible_oof,2,LIVE
TR-001421,2024-04-30,eligible_oof,2,LIVE
TR-002102,2024-04-30,eligible_oof,2,LIVE
TR-005088,2024-04-30,eligible_oof,2,LIVE
TR-005665,2024-04-30,eligible_oof,2,LIVE
TR-005989,2024-04-30,eligible_oof,2,LIVE
TR-009612,2024-04-30,eligible_oof,2,LIVE
TR-002864,2024-05-01,eligible_oof,2,LIVE
TR-002914,2024-05-01,eligible_oof,2,LIVE
TR-004219,2024-05-01,eligible_oof,2,LIVE
TR-005316,2024-05-01,eligible_oof,2,LIVE
TR-005897,2024-05-01,eligible_oof,2,LIVE
TR-007281,2024-05-01,eligible_oof,2,LIVE
TR-008283,2024-05-01,eligible_oof,2,LIVE
TR-008685,2024-05-01,eligible_oof,2,LIVE
TR-009104,2024-05-01,eligible_oof,2,LIVE
TR-000714,2024-05-02,eligible_oof,2,LIVE
TR-001375,2024-05-02,eligible_oof,2,LIVE
TR-002271,2024-05-02,eligible_oof,2,LIVE
TR-005679,2024-05-02,eligible_oof,2,LIVE
TR-006658,2024-05-02,eligible_oof,2,LIVE
TR-007338,2024-05-02,eligible_oof,2,LIVE
TR-008768,2024-05-02,eligible_oof,2,LIVE
TR-009534,2024-05-02,eligible_oof,2,LIVE
TR-001145,2024-05-03,eligible_oof,2,LIVE
TR-002750,2024-05-03,eligible_oof,2,LIVE
TR-003117,2024-05-03,eligible_oof,2,LIVE
TR-003914,2024-05-03,eligible_oof,2,LIVE
TR-004954,2024-05-03,eligible_oof,2,LIVE
TR-006191,2024-05-03,eligible_oof,2,LIVE
TR-006219,2024-05-03,eligible_oof,2,LIVE
TR-007984,2024-05-03,eligible_oof,2,LIVE
TR-009072,2024-05-03,eligible_oof,2,LIVE
TR-009325,2024-05-03,eligible_oof,2,LIVE
TR-001226,2024-05-04,eligible_oof,2,LIVE
TR-002408,2024-05-04,eligible_oof,2,LIVE
TR-002465,2024-05-04,eligible_oof,2,LIVE
TR-003646,2024-05-04,eligible_oof,2,LIVE
TR-005117,2024-05-04,eligible_oof,2,LIVE
TR-006312,2024-05-04,eligible_oof,2,LIVE
TR-006511,2024-05-04,eligible_oof,2,LIVE
TR-006578,2024-05-04,eligible_oof,2,LIVE
TR-007177,2024-05-04,eligible_oof,2,LIVE
TR-008869,2024-05-04,eligible_oof,2,LIVE
TR-009352,2024-05-04,eligible_oof,2,LIVE
TR-009990,2024-05-04,eligible_oof,2,LIVE
TR-000276,2024-05-05,eligible_oof,2,LIVE
TR-000703,2024-05-05,eligible_oof,2,LIVE
TR-005485,2024-05-05,eligible_oof,2,LIVE
TR-008207,2024-05-05,eligible_oof,2,LIVE
TR-008429,2024-05-05,eligible_oof,2,LIVE
TR-000071,2024-05-06,eligible_oof,2,LIVE
TR-000310,2024-05-06,eligible_oof,2,LIVE
TR-000695,2024-05-06,eligible_oof,2,LIVE
TR-000872,2024-05-06,eligible_oof,2,LIVE
TR-001466,2024-05-06,eligible_oof,2,LIVE
TR-003391,2024-05-06,eligible_oof,2,LIVE
TR-003764,2024-05-06,eligible_oof,2,LIVE
TR-004461,2024-05-06,eligible_oof,2,LIVE
TR-001126,2024-05-07,eligible_oof,2,LIVE
TR-004357,2024-05-07,eligible_oof,2,LIVE
TR-004675,2024-05-07,eligible_oof,2,LIVE
TR-006232,2024-05-07,eligible_oof,2,LIVE
TR-006560,2024-05-07,eligible_oof,2,LIVE
TR-008473,2024-05-07,eligible_oof,2,LIVE
TR-009540,2024-05-07,eligible_oof,2,LIVE
TR-000580,2024-05-08,eligible_oof,2,LIVE
TR-000597,2024-05-08,eligible_oof,2,LIVE
TR-000692,2024-05-08,eligible_oof,2,LIVE
TR-002620,2024-05-08,eligible_oof,2,LIVE
TR-003469,2024-05-08,eligible_oof,2,LIVE
TR-007598,2024-05-08,eligible_oof,2,LIVE
TR-007661,2024-05-08,eligible_oof,2,LIVE
TR-001433,2024-05-09,eligible_oof,2,LIVE
TR-003155,2024-05-09,eligible_oof,2,LIVE
TR-006571,2024-05-09,eligible_oof,2,LIVE
TR-006946,2024-05-09,eligible_oof,2,LIVE
TR-006968,2024-05-09,eligible_oof,2,LIVE
TR-009884,2024-05-09,eligible_oof,2,LIVE
TR-009974,2024-05-09,eligible_oof,2,LIVE
TR-000483,2024-05-10,eligible_oof,2,LIVE
TR-001442,2024-05-10,eligible_oof,2,LIVE
TR-001883,2024-05-10,eligible_oof,2,LIVE
TR-003198,2024-05-10,eligible_oof,2,LIVE
TR-004171,2024-05-10,eligible_oof,2,LIVE
TR-006920,2024-05-10,eligible_oof,2,LIVE
TR-007031,2024-05-10,eligible_oof,2,LIVE
TR-007444,2024-05-10,eligible_oof,2,LIVE
TR-008916,2024-05-10,eligible_oof,2,LIVE
TR-008959,2024-05-10,eligible_oof,2,LIVE
TR-009936,2024-05-10,eligible_oof,2,LIVE
TR-000092,2024-05-11,eligible_oof,2,LIVE
TR-000332,2024-05-11,eligible_oof,2,LIVE
TR-000803,2024-05-11,eligible_oof,2,LIVE
TR-000833,2024-05-11,eligible_oof,2,LIVE
TR-001804,2024-05-11,eligible_oof,2,LIVE
TR-008089,2024-05-11,eligible_oof,2,LIVE
TR-008244,2024-05-11,eligible_oof,2,LIVE
TR-008598,2024-05-11,eligible_oof,2,LIVE
TR-000293,2024-05-12,eligible_oof,2,LIVE
TR-002690,2024-05-12,eligible_oof,2,LIVE
TR-003242,2024-05-12,eligible_oof,2,LIVE
TR-003808,2024-05-12,eligible_oof,2,LIVE
TR-004782,2024-05-12,eligible_oof,2,LIVE
TR-008147,2024-05-12,eligible_oof,2,LIVE
TR-008992,2024-05-12,eligible_oof,2,LIVE
TR-009735,2024-05-12,eligible_oof,2,LIVE
TR-000186,2024-05-13,eligible_oof,2,LIVE
TR-001120,2024-05-13,eligible_oof,2,LIVE
TR-003300,2024-05-13,eligible_oof,2,LIVE
TR-003627,2024-05-13,eligible_oof,2,LIVE
TR-003823,2024-05-13,eligible_oof,2,LIVE
TR-004041,2024-05-13,eligible_oof,2,LIVE
TR-005480,2024-05-13,eligible_oof,2,LIVE
TR-007871,2024-05-13,eligible_oof,2,LIVE
TR-008603,2024-05-13,eligible_oof,2,LIVE
TR-008900,2024-05-13,eligible_oof,2,LIVE
TR-009172,2024-05-13,eligible_oof,2,LIVE
TR-009902,2024-05-13,eligible_oof,2,LIVE
TR-000425,2024-05-14,eligible_oof,2,LIVE
TR-000805,2024-05-14,eligible_oof,2,LIVE
TR-001077,2024-05-14,eligible_oof,2,LIVE
TR-001210,2024-05-14,eligible_oof,2,LIVE
TR-002455,2024-05-14,eligible_oof,2,LIVE
TR-004101,2024-05-14,eligible_oof,2,LIVE
TR-008149,2024-05-14,eligible_oof,2,LIVE
TR-008352,2024-05-14,eligible_oof,2,LIVE
TR-009490,2024-05-14,eligible_oof,2,LIVE
TR-000241,2024-05-15,eligible_oof,2,LIVE
TR-000370,2024-05-15,eligible_oof,2,LIVE
TR-001003,2024-05-15,eligible_oof,2,LIVE
TR-001297,2024-05-15,eligible_oof,2,LIVE
TR-002830,2024-05-15,eligible_oof,2,LIVE
TR-003321,2024-05-15,eligible_oof,2,LIVE
TR-004252,2024-05-15,eligible_oof,2,LIVE
TR-006077,2024-05-15,eligible_oof,2,LIVE
TR-006631,2024-05-15,eligible_oof,2,LIVE
TR-006655,2024-05-15,eligible_oof,2,LIVE
TR-008928,2024-05-15,eligible_oof,2,LIVE
TR-000242,2024-05-16,eligible_oof,2,LIVE
TR-001248,2024-05-16,eligible_oof,2,LIVE
TR-002148,2024-05-16,eligible_oof,2,LIVE
TR-007056,2024-05-16,eligible_oof,2,LIVE
TR-007405,2024-05-16,eligible_oof,2,LIVE
TR-007591,2024-05-16,eligible_oof,2,LIVE
TR-007973,2024-05-16,eligible_oof,2,LIVE
TR-008643,2024-05-16,eligible_oof,2,LIVE
TR-009000,2024-05-16,eligible_oof,2,LIVE
TR-000516,2024-05-17,eligible_oof,2,LIVE
TR-000723,2024-05-17,eligible_oof,2,LIVE
TR-005381,2024-05-17,eligible_oof,2,LIVE
TR-005677,2024-05-17,eligible_oof,2,LIVE
TR-007178,2024-05-17,eligible_oof,2,LIVE
TR-008120,2024-05-17,eligible_oof,2,LIVE
TR-008369,2024-05-17,eligible_oof,2,LIVE
TR-008441,2024-05-17,eligible_oof,2,LIVE
TR-008717,2024-05-17,eligible_oof,2,LIVE
TR-008987,2024-05-17,eligible_oof,2,LIVE
TR-002693,2024-05-18,eligible_oof,2,LIVE
TR-002702,2024-05-18,eligible_oof,2,LIVE
TR-003102,2024-05-18,eligible_oof,2,LIVE
TR-003604,2024-05-18,eligible_oof,2,LIVE
TR-004995,2024-05-18,eligible_oof,2,LIVE
TR-006782,2024-05-18,eligible_oof,2,LIVE
TR-007419,2024-05-18,eligible_oof,2,LIVE
TR-008798,2024-05-18,eligible_oof,2,LIVE
TR-004629,2024-05-19,eligible_oof,2,LIVE
TR-004793,2024-05-19,eligible_oof,2,LIVE
TR-005016,2024-05-19,eligible_oof,2,LIVE
TR-006046,2024-05-19,eligible_oof,2,LIVE
TR-007192,2024-05-19,eligible_oof,2,LIVE
TR-008416,2024-05-19,eligible_oof,2,LIVE
TR-000488,2024-05-20,eligible_oof,2,LIVE
TR-000841,2024-05-20,eligible_oof,2,LIVE
TR-001097,2024-05-20,eligible_oof,2,LIVE
TR-001193,2024-05-20,eligible_oof,2,LIVE
TR-001477,2024-05-20,eligible_oof,2,LIVE
TR-002043,2024-05-20,eligible_oof,2,LIVE
TR-003049,2024-05-20,eligible_oof,2,LIVE
TR-005837,2024-05-20,eligible_oof,2,LIVE
TR-007043,2024-05-20,eligible_oof,2,LIVE
TR-007907,2024-05-20,eligible_oof,2,LIVE
TR-008940,2024-05-20,eligible_oof,2,LIVE
TR-009597,2024-05-20,eligible_oof,2,LIVE
TR-009814,2024-05-20,eligible_oof,2,LIVE
TR-000541,2024-05-21,eligible_oof,2,LIVE
TR-000683,2024-05-21,eligible_oof,2,LIVE
TR-001059,2024-05-21,eligible_oof,2,LIVE
TR-001139,2024-05-21,eligible_oof,2,LIVE
TR-002558,2024-05-21,eligible_oof,2,LIVE
TR-004231,2024-05-21,eligible_oof,2,LIVE
TR-004255,2024-05-21,eligible_oof,2,LIVE
TR-004824,2024-05-21,eligible_oof,2,LIVE
TR-005439,2024-05-21,eligible_oof,2,LIVE
TR-006475,2024-05-21,eligible_oof,2,LIVE
TR-008392,2024-05-21,eligible_oof,2,LIVE
TR-008456,2024-05-21,eligible_oof,2,LIVE
TR-008817,2024-05-21,eligible_oof,2,LIVE
TR-000271,2024-05-22,eligible_oof,2,LIVE
TR-000326,2024-05-22,eligible_oof,2,LIVE
TR-000882,2024-05-22,eligible_oof,2,LIVE
TR-002259,2024-05-22,eligible_oof,2,LIVE
TR-003113,2024-05-22,eligible_oof,2,LIVE
TR-006514,2024-05-22,eligible_oof,2,LIVE
TR-007533,2024-05-22,eligible_oof,2,LIVE
TR-000455,2024-05-23,eligible_oof,2,LIVE
TR-000914,2024-05-23,eligible_oof,2,LIVE
TR-003652,2024-05-23,eligible_oof,2,LIVE
TR-004736,2024-05-23,eligible_oof,2,LIVE
TR-006853,2024-05-23,eligible_oof,2,LIVE
TR-007096,2024-05-23,eligible_oof,2,LIVE
TR-007099,2024-05-23,eligible_oof,2,LIVE
TR-007581,2024-05-23,eligible_oof,2,LIVE
TR-007820,2024-05-23,eligible_oof,2,LIVE
TR-008911,2024-05-23,eligible_oof,2,LIVE
TR-009069,2024-05-23,eligible_oof,2,LIVE
TR-009187,2024-05-23,eligible_oof,2,LIVE
TR-000501,2024-05-24,eligible_oof,2,LIVE
TR-001923,2024-05-24,eligible_oof,2,LIVE
TR-002510,2024-05-24,eligible_oof,2,LIVE
TR-003402,2024-05-24,eligible_oof,2,LIVE
TR-003552,2024-05-24,eligible_oof,2,LIVE
TR-006428,2024-05-24,eligible_oof,2,LIVE
TR-006687,2024-05-24,eligible_oof,2,LIVE
TR-006891,2024-05-24,eligible_oof,2,LIVE
TR-007145,2024-05-24,eligible_oof,2,LIVE
TR-001942,2024-05-25,eligible_oof,2,LIVE
TR-002703,2024-05-25,eligible_oof,2,LIVE
TR-003931,2024-05-25,eligible_oof,2,LIVE
TR-005162,2024-05-25,eligible_oof,2,LIVE
TR-006677,2024-05-25,eligible_oof,2,LIVE
TR-006679,2024-05-25,eligible_oof,2,LIVE
TR-007498,2024-05-25,eligible_oof,2,LIVE
TR-008740,2024-05-25,eligible_oof,2,LIVE
TR-009330,2024-05-25,eligible_oof,2,LIVE
TR-000018,2024-05-26,eligible_oof,2,LIVE
TR-002124,2024-05-26,eligible_oof,2,LIVE
TR-003195,2024-05-26,eligible_oof,2,LIVE
TR-004488,2024-05-26,eligible_oof,2,LIVE
TR-006439,2024-05-26,eligible_oof,2,LIVE
TR-007294,2024-05-26,eligible_oof,2,LIVE
TR-007313,2024-05-26,eligible_oof,2,LIVE
TR-007731,2024-05-26,eligible_oof,2,LIVE
TR-008475,2024-05-26,eligible_oof,2,LIVE
TR-009194,2024-05-26,eligible_oof,2,LIVE
TR-009767,2024-05-26,eligible_oof,2,LIVE
TR-000595,2024-05-27,eligible_oof,2,LIVE
TR-000960,2024-05-27,eligible_oof,2,LIVE
TR-001236,2024-05-27,eligible_oof,2,LIVE
TR-001710,2024-05-27,eligible_oof,2,LIVE
TR-004967,2024-05-27,eligible_oof,2,LIVE
TR-008172,2024-05-27,eligible_oof,2,LIVE
TR-009141,2024-05-27,eligible_oof,2,LIVE
TR-009749,2024-05-27,eligible_oof,2,LIVE
TR-009967,2024-05-27,eligible_oof,2,LIVE
TR-000146,2024-05-28,eligible_oof,2,LIVE
TR-001209,2024-05-28,eligible_oof,2,LIVE
TR-002507,2024-05-28,eligible_oof,2,LIVE
TR-002815,2024-05-28,eligible_oof,2,LIVE
TR-003522,2024-05-28,eligible_oof,2,LIVE
TR-003769,2024-05-28,eligible_oof,2,LIVE
TR-005125,2024-05-28,eligible_oof,2,LIVE
TR-005323,2024-05-28,eligible_oof,2,LIVE
TR-006133,2024-05-28,eligible_oof,2,LIVE
TR-007280,2024-05-28,eligible_oof,2,LIVE
TR-008748,2024-05-28,eligible_oof,2,LIVE
TR-009280,2024-05-28,eligible_oof,2,LIVE
TR-009285,2024-05-28,eligible_oof,2,LIVE
TR-009728,2024-05-28,eligible_oof,2,LIVE
TR-001096,2024-05-29,eligible_oof,2,LIVE
TR-003334,2024-05-29,eligible_oof,2,LIVE
TR-004898,2024-05-29,eligible_oof,2,LIVE
TR-005657,2024-05-29,eligible_oof,2,LIVE
TR-006587,2024-05-29,eligible_oof,2,LIVE
TR-007975,2024-05-29,eligible_oof,2,LIVE
TR-008975,2024-05-29,eligible_oof,2,LIVE
TR-009241,2024-05-29,eligible_oof,2,LIVE
TR-000511,2024-05-30,eligible_oof,2,LIVE
TR-000675,2024-05-30,eligible_oof,2,LIVE
TR-000969,2024-05-30,eligible_oof,2,LIVE
TR-002023,2024-05-30,eligible_oof,2,LIVE
TR-002194,2024-05-30,eligible_oof,2,LIVE
TR-002584,2024-05-30,eligible_oof,2,LIVE
TR-002674,2024-05-30,eligible_oof,2,LIVE
TR-003125,2024-05-30,eligible_oof,2,LIVE
TR-003267,2024-05-30,eligible_oof,2,LIVE
TR-003290,2024-05-30,eligible_oof,2,LIVE
TR-004354,2024-05-30,eligible_oof,2,LIVE
TR-004541,2024-05-30,eligible_oof,2,LIVE
TR-005745,2024-05-30,eligible_oof,2,LIVE
TR-006603,2024-05-30,eligible_oof,2,LIVE
TR-008819,2024-05-30,eligible_oof,2,LIVE
TR-009547,2024-05-30,eligible_oof,2,LIVE
TR-009823,2024-05-30,eligible_oof,2,LIVE
TR-009945,2024-05-30,eligible_oof,2,LIVE
TR-001493,2024-05-31,eligible_oof,2,LIVE
TR-003597,2024-05-31,eligible_oof,2,LIVE
TR-003992,2024-05-31,eligible_oof,2,LIVE
TR-004920,2024-05-31,eligible_oof,2,LIVE
TR-005601,2024-05-31,eligible_oof,2,LIVE
TR-007202,2024-05-31,eligible_oof,2,LIVE
TR-008174,2024-05-31,eligible_oof,2,LIVE
TR-008655,2024-05-31,eligible_oof,2,LIVE
TR-008710,2024-05-31,eligible_oof,2,LIVE
TR-009538,2024-05-31,eligible_oof,2,LIVE
TR-001328,2024-06-01,eligible_oof,2,LIVE
TR-003004,2024-06-01,eligible_oof,2,LIVE
TR-004375,2024-06-01,eligible_oof,2,LIVE
TR-004477,2024-06-01,eligible_oof,2,LIVE
TR-006298,2024-06-01,eligible_oof,2,LIVE
TR-006693,2024-06-01,eligible_oof,2,LIVE
TR-007081,2024-06-01,eligible_oof,2,LIVE
TR-009725,2024-06-01,eligible_oof,2,LIVE
TR-001131,2024-06-02,eligible_oof,2,LIVE
TR-002527,2024-06-02,eligible_oof,2,LIVE
TR-004521,2024-06-02,eligible_oof,2,LIVE
TR-004747,2024-06-02,eligible_oof,2,LIVE
TR-004943,2024-06-02,eligible_oof,2,LIVE
TR-006364,2024-06-02,eligible_oof,2,LIVE
TR-006437,2024-06-02,eligible_oof,2,LIVE
TR-009591,2024-06-02,eligible_oof,2,LIVE
TR-009993,2024-06-02,eligible_oof,2,LIVE
TR-001524,2024-06-03,eligible_oof,2,LIVE
TR-001879,2024-06-03,eligible_oof,2,LIVE
TR-004289,2024-06-03,eligible_oof,2,LIVE
TR-004310,2024-06-03,eligible_oof,2,LIVE
TR-005058,2024-06-03,eligible_oof,2,LIVE
TR-007994,2024-06-03,eligible_oof,2,LIVE
TR-009750,2024-06-03,eligible_oof,2,LIVE
TR-009985,2024-06-03,eligible_oof,2,LIVE
TR-000032,2024-06-04,eligible_oof,2,LIVE
TR-001026,2024-06-04,eligible_oof,2,LIVE
TR-001721,2024-06-04,eligible_oof,2,LIVE
TR-002934,2024-06-04,eligible_oof,2,LIVE
TR-006721,2024-06-04,eligible_oof,2,LIVE
TR-008323,2024-06-04,eligible_oof,2,LIVE
TR-000377,2024-06-05,eligible_oof,2,LIVE
TR-001355,2024-06-05,eligible_oof,2,LIVE
TR-001482,2024-06-05,eligible_oof,2,LIVE
TR-002171,2024-06-05,eligible_oof,2,LIVE
TR-002394,2024-06-05,eligible_oof,2,LIVE
TR-002458,2024-06-05,eligible_oof,2,LIVE
TR-006743,2024-06-05,eligible_oof,2,LIVE
TR-008003,2024-06-05,eligible_oof,2,LIVE
TR-009052,2024-06-05,eligible_oof,2,LIVE
TR-009165,2024-06-05,eligible_oof,2,LIVE
TR-003390,2024-06-06,eligible_oof,2,LIVE
TR-003528,2024-06-06,eligible_oof,2,LIVE
TR-003887,2024-06-06,eligible_oof,2,LIVE
TR-004084,2024-06-06,eligible_oof,2,LIVE
TR-004292,2024-06-06,eligible_oof,2,LIVE
TR-004442,2024-06-06,eligible_oof,2,LIVE
TR-004975,2024-06-06,eligible_oof,2,LIVE
TR-005255,2024-06-06,eligible_oof,2,LIVE
TR-005500,2024-06-06,eligible_oof,2,LIVE
TR-005913,2024-06-06,eligible_oof,2,LIVE
TR-007465,2024-06-06,eligible_oof,2,LIVE
TR-008138,2024-06-06,eligible_oof,2,LIVE
TR-008261,2024-06-06,eligible_oof,2,LIVE
TR-008630,2024-06-06,eligible_oof,2,LIVE
TR-008719,2024-06-06,eligible_oof,2,LIVE
TR-009173,2024-06-06,eligible_oof,2,LIVE
TR-000600,2024-06-07,eligible_oof,2,LIVE
TR-000909,2024-06-07,eligible_oof,2,LIVE
TR-001761,2024-06-07,eligible_oof,2,LIVE
TR-002061,2024-06-07,eligible_oof,2,LIVE
TR-002224,2024-06-07,eligible_oof,2,LIVE
TR-002291,2024-06-07,eligible_oof,2,LIVE
TR-002757,2024-06-07,eligible_oof,2,LIVE
TR-003609,2024-06-07,eligible_oof,2,LIVE
TR-007857,2024-06-07,eligible_oof,2,LIVE
TR-001029,2024-06-08,eligible_oof,2,LIVE
TR-001032,2024-06-08,eligible_oof,2,LIVE
TR-001072,2024-06-08,eligible_oof,2,LIVE
TR-001755,2024-06-08,eligible_oof,2,LIVE
TR-004148,2024-06-08,eligible_oof,2,LIVE
TR-004609,2024-06-08,eligible_oof,2,LIVE
TR-004752,2024-06-08,eligible_oof,2,LIVE
TR-004770,2024-06-08,eligible_oof,2,LIVE
TR-004886,2024-06-08,eligible_oof,2,LIVE
TR-005302,2024-06-08,eligible_oof,2,LIVE
TR-006577,2024-06-08,eligible_oof,2,LIVE
TR-007616,2024-06-08,eligible_oof,2,LIVE
TR-009535,2024-06-08,eligible_oof,2,LIVE
TR-009606,2024-06-08,eligible_oof,2,LIVE
TR-000926,2024-06-09,eligible_oof,2,LIVE
TR-001570,2024-06-09,eligible_oof,2,LIVE
TR-004217,2024-06-09,eligible_oof,2,LIVE
TR-004341,2024-06-09,eligible_oof,2,LIVE
TR-005135,2024-06-09,eligible_oof,2,LIVE
TR-005342,2024-06-09,eligible_oof,2,LIVE
TR-006495,2024-06-09,eligible_oof,2,LIVE
TR-006663,2024-06-09,eligible_oof,2,LIVE
TR-007644,2024-06-09,eligible_oof,2,LIVE
TR-008356,2024-06-09,eligible_oof,2,LIVE
TR-009094,2024-06-09,eligible_oof,2,LIVE
TR-009213,2024-06-09,eligible_oof,2,LIVE
TR-000529,2024-06-10,eligible_oof,2,LIVE
TR-000572,2024-06-10,eligible_oof,2,LIVE
TR-000750,2024-06-10,eligible_oof,2,LIVE
TR-001657,2024-06-10,eligible_oof,2,LIVE
TR-004086,2024-06-10,eligible_oof,2,LIVE
TR-007158,2024-06-10,eligible_oof,2,LIVE
TR-008511,2024-06-10,eligible_oof,2,LIVE
TR-008939,2024-06-10,eligible_oof,2,LIVE
TR-000589,2024-06-11,eligible_oof,2,LIVE
TR-000814,2024-06-11,eligible_oof,2,LIVE
TR-002616,2024-06-11,eligible_oof,2,LIVE
TR-003640,2024-06-11,eligible_oof,2,LIVE
TR-003643,2024-06-11,eligible_oof,2,LIVE
TR-006988,2024-06-11,eligible_oof,2,LIVE
TR-000635,2024-06-12,eligible_oof,2,LIVE
TR-001951,2024-06-12,eligible_oof,2,LIVE
TR-002235,2024-06-12,eligible_oof,2,LIVE
TR-002380,2024-06-12,eligible_oof,2,LIVE
TR-002972,2024-06-12,eligible_oof,2,LIVE
TR-003224,2024-06-12,eligible_oof,2,LIVE
TR-003296,2024-06-12,eligible_oof,2,LIVE
TR-003661,2024-06-12,eligible_oof,2,LIVE
TR-004579,2024-06-12,eligible_oof,2,LIVE
TR-004612,2024-06-12,eligible_oof,2,LIVE
TR-004720,2024-06-12,eligible_oof,2,LIVE
TR-006472,2024-06-12,eligible_oof,2,LIVE
TR-006553,2024-06-12,eligible_oof,2,LIVE
TR-007259,2024-06-12,eligible_oof,2,LIVE
TR-007478,2024-06-12,eligible_oof,2,LIVE
TR-007510,2024-06-12,eligible_oof,2,LIVE
TR-007522,2024-06-12,eligible_oof,2,LIVE
TR-007752,2024-06-12,eligible_oof,2,LIVE
TR-007754,2024-06-12,eligible_oof,2,LIVE
TR-008124,2024-06-12,eligible_oof,2,LIVE
TR-009855,2024-06-12,eligible_oof,2,LIVE
TR-002802,2024-06-13,eligible_oof,2,LIVE
TR-002853,2024-06-13,eligible_oof,2,LIVE
TR-003837,2024-06-13,eligible_oof,2,LIVE
TR-004568,2024-06-13,eligible_oof,2,LIVE
TR-005642,2024-06-13,eligible_oof,2,LIVE
TR-006506,2024-06-13,eligible_oof,2,LIVE
TR-007003,2024-06-13,eligible_oof,2,LIVE
TR-008718,2024-06-13,eligible_oof,2,LIVE
TR-009629,2024-06-13,eligible_oof,2,LIVE
TR-001224,2024-06-14,eligible_oof,2,LIVE
TR-002146,2024-06-14,eligible_oof,2,LIVE
TR-002697,2024-06-14,eligible_oof,2,LIVE
TR-002788,2024-06-14,eligible_oof,2,LIVE
TR-004308,2024-06-14,eligible_oof,2,LIVE
TR-004727,2024-06-14,eligible_oof,2,LIVE
TR-005587,2024-06-14,eligible_oof,2,LIVE
TR-005895,2024-06-14,eligible_oof,2,LIVE
TR-006917,2024-06-14,eligible_oof,2,LIVE
TR-007829,2024-06-14,eligible_oof,2,LIVE
TR-009516,2024-06-14,eligible_oof,2,LIVE
TR-000970,2024-06-15,eligible_oof,2,LIVE
TR-000976,2024-06-15,eligible_oof,2,LIVE
TR-001115,2024-06-15,eligible_oof,2,LIVE
TR-001737,2024-06-15,eligible_oof,2,LIVE
TR-002215,2024-06-15,eligible_oof,2,LIVE
TR-002615,2024-06-15,eligible_oof,2,LIVE
TR-002727,2024-06-15,eligible_oof,2,LIVE
TR-006955,2024-06-15,eligible_oof,2,LIVE
TR-000170,2024-06-16,eligible_oof,2,LIVE
TR-000274,2024-06-16,eligible_oof,2,LIVE
TR-000870,2024-06-16,eligible_oof,2,LIVE
TR-001860,2024-06-16,eligible_oof,2,LIVE
TR-003108,2024-06-16,eligible_oof,2,LIVE
TR-003678,2024-06-16,eligible_oof,2,LIVE
TR-005523,2024-06-16,eligible_oof,2,LIVE
TR-005961,2024-06-16,eligible_oof,2,LIVE
TR-006486,2024-06-16,eligible_oof,2,LIVE
TR-006582,2024-06-16,eligible_oof,2,LIVE
TR-006908,2024-06-16,eligible_oof,2,LIVE
TR-007636,2024-06-16,eligible_oof,2,LIVE
TR-008660,2024-06-16,eligible_oof,2,LIVE
TR-009088,2024-06-16,eligible_oof,2,LIVE
TR-000894,2024-06-17,eligible_oof,2,LIVE
TR-001100,2024-06-17,eligible_oof,2,LIVE
TR-002624,2024-06-17,eligible_oof,2,LIVE
TR-004902,2024-06-17,eligible_oof,2,LIVE
TR-005442,2024-06-17,eligible_oof,2,LIVE
TR-006938,2024-06-17,eligible_oof,2,LIVE
TR-007511,2024-06-17,eligible_oof,2,LIVE
TR-008275,2024-06-17,eligible_oof,2,LIVE
TR-008893,2024-06-17,eligible_oof,2,LIVE
TR-001080,2024-06-18,eligible_oof,2,LIVE
TR-004380,2024-06-18,eligible_oof,2,LIVE
TR-006454,2024-06-18,eligible_oof,2,LIVE
TR-006562,2024-06-18,eligible_oof,2,LIVE
TR-006646,2024-06-18,eligible_oof,2,LIVE
TR-000408,2024-06-19,eligible_oof,2,LIVE
TR-001464,2024-06-19,eligible_oof,2,LIVE
TR-002552,2024-06-19,eligible_oof,2,LIVE
TR-003139,2024-06-19,eligible_oof,2,LIVE
TR-003550,2024-06-19,eligible_oof,2,LIVE
TR-004699,2024-06-19,eligible_oof,2,LIVE
TR-005204,2024-06-19,eligible_oof,2,LIVE
TR-005659,2024-06-19,eligible_oof,2,LIVE
TR-007641,2024-06-19,eligible_oof,2,LIVE
TR-007778,2024-06-19,eligible_oof,2,LIVE
TR-009025,2024-06-19,eligible_oof,2,LIVE
TR-009779,2024-06-19,eligible_oof,2,LIVE
TR-001452,2024-06-20,eligible_oof,2,LIVE
TR-003864,2024-06-20,eligible_oof,2,LIVE
TR-004263,2024-06-20,eligible_oof,2,LIVE
TR-004711,2024-06-20,eligible_oof,2,LIVE
TR-006945,2024-06-20,eligible_oof,2,LIVE
TR-008226,2024-06-20,eligible_oof,2,LIVE
TR-009270,2024-06-20,eligible_oof,2,LIVE
TR-002921,2024-06-21,eligible_oof,2,LIVE
TR-003079,2024-06-21,eligible_oof,2,LIVE
TR-004434,2024-06-21,eligible_oof,2,LIVE
TR-004549,2024-06-21,eligible_oof,2,LIVE
TR-005419,2024-06-21,eligible_oof,2,LIVE
TR-007347,2024-06-21,eligible_oof,2,LIVE
TR-009751,2024-06-21,eligible_oof,2,LIVE
TR-002649,2024-06-22,eligible_oof,2,LIVE
TR-002954,2024-06-22,eligible_oof,2,LIVE
TR-004060,2024-06-22,eligible_oof,2,LIVE
TR-004823,2024-06-22,eligible_oof,2,LIVE
TR-007005,2024-06-22,eligible_oof,2,LIVE
TR-007204,2024-06-22,eligible_oof,2,LIVE
TR-007420,2024-06-22,eligible_oof,2,LIVE
TR-007888,2024-06-22,eligible_oof,2,LIVE
TR-009693,2024-06-22,eligible_oof,2,LIVE
TR-000883,2024-06-23,eligible_oof,2,LIVE
TR-001314,2024-06-23,eligible_oof,2,LIVE
TR-002998,2024-06-23,eligible_oof,2,LIVE
TR-003362,2024-06-23,eligible_oof,2,LIVE
TR-005661,2024-06-23,eligible_oof,2,LIVE
TR-006958,2024-06-23,eligible_oof,2,LIVE
TR-007621,2024-06-23,eligible_oof,2,LIVE
TR-009696,2024-06-23,eligible_oof,2,LIVE
TR-009851,2024-06-23,eligible_oof,2,LIVE
TR-000707,2024-06-24,eligible_oof,2,LIVE
TR-000732,2024-06-24,eligible_oof,2,LIVE
TR-002903,2024-06-24,eligible_oof,2,LIVE
TR-003537,2024-06-24,eligible_oof,2,LIVE
TR-004088,2024-06-24,eligible_oof,2,LIVE
TR-005003,2024-06-24,eligible_oof,2,LIVE
TR-006559,2024-06-24,eligible_oof,2,LIVE
TR-007252,2024-06-24,eligible_oof,2,LIVE
TR-007301,2024-06-24,eligible_oof,2,LIVE
TR-008264,2024-06-24,eligible_oof,2,LIVE
TR-008370,2024-06-24,eligible_oof,2,LIVE
TR-008488,2024-06-24,eligible_oof,2,LIVE
TR-001707,2024-06-25,eligible_oof,2,LIVE
TR-001987,2024-06-25,eligible_oof,2,LIVE
TR-004750,2024-06-25,eligible_oof,2,LIVE
TR-005915,2024-06-25,eligible_oof,2,LIVE
TR-006059,2024-06-25,eligible_oof,2,LIVE
TR-007449,2024-06-25,eligible_oof,2,LIVE
TR-007743,2024-06-25,eligible_oof,2,LIVE
TR-007887,2024-06-25,eligible_oof,2,LIVE
TR-009261,2024-06-25,eligible_oof,2,LIVE
TR-001606,2024-06-26,eligible_oof,2,LIVE
TR-001777,2024-06-26,eligible_oof,2,LIVE
TR-002221,2024-06-26,eligible_oof,2,LIVE
TR-003601,2024-06-26,eligible_oof,2,LIVE
TR-004288,2024-06-26,eligible_oof,2,LIVE
TR-006669,2024-06-26,eligible_oof,2,LIVE
TR-006921,2024-06-26,eligible_oof,2,LIVE
TR-008254,2024-06-26,eligible_oof,2,LIVE
TR-009582,2024-06-26,eligible_oof,2,LIVE
TR-009845,2024-06-26,eligible_oof,2,LIVE
TR-009987,2024-06-26,eligible_oof,2,LIVE
TR-003164,2024-06-27,eligible_oof,2,LIVE
TR-007239,2024-06-27,eligible_oof,2,LIVE
TR-007811,2024-06-27,eligible_oof,2,LIVE
TR-002948,2024-06-28,eligible_oof,2,LIVE
TR-004519,2024-06-28,eligible_oof,2,LIVE
TR-005440,2024-06-28,eligible_oof,2,LIVE
TR-006054,2024-06-28,eligible_oof,2,LIVE
TR-008931,2024-06-28,eligible_oof,2,LIVE
TR-000533,2024-06-29,eligible_oof,2,LIVE
TR-002109,2024-06-29,eligible_oof,2,LIVE
TR-006199,2024-06-29,eligible_oof,2,LIVE
TR-007066,2024-06-29,eligible_oof,2,LIVE
TR-009324,2024-06-29,eligible_oof,2,LIVE
TR-009503,2024-06-29,eligible_oof,2,LIVE
TR-000163,2024-06-30,eligible_oof,2,LIVE
TR-000686,2024-06-30,eligible_oof,2,LIVE
TR-003118,2024-06-30,eligible_oof,2,LIVE
TR-003606,2024-06-30,eligible_oof,2,LIVE
TR-003608,2024-06-30,eligible_oof,2,LIVE
TR-004108,2024-06-30,eligible_oof,2,LIVE
TR-004456,2024-06-30,eligible_oof,2,LIVE
TR-004672,2024-06-30,eligible_oof,2,LIVE
TR-007825,2024-06-30,eligible_oof,2,LIVE
TR-000342,2024-07-01,eligible_oof,3,LIVE
TR-001448,2024-07-01,eligible_oof,3,LIVE
TR-002468,2024-07-01,eligible_oof,3,LIVE
TR-002800,2024-07-01,eligible_oof,3,LIVE
TR-004910,2024-07-01,eligible_oof,3,LIVE
TR-005140,2024-07-01,eligible_oof,3,LIVE
TR-007077,2024-07-01,eligible_oof,3,LIVE
TR-007470,2024-07-01,eligible_oof,3,LIVE
TR-008464,2024-07-01,eligible_oof,3,LIVE
TR-000676,2024-07-02,eligible_oof,3,LIVE
TR-000957,2024-07-02,eligible_oof,3,LIVE
TR-001212,2024-07-02,eligible_oof,3,LIVE
TR-001644,2024-07-02,eligible_oof,3,LIVE
TR-002247,2024-07-02,eligible_oof,3,LIVE
TR-002278,2024-07-02,eligible_oof,3,LIVE
TR-004309,2024-07-02,eligible_oof,3,LIVE
TR-005951,2024-07-02,eligible_oof,3,LIVE
TR-006549,2024-07-02,eligible_oof,3,LIVE
TR-009433,2024-07-02,eligible_oof,3,LIVE
TR-009810,2024-07-02,eligible_oof,3,LIVE
TR-000968,2024-07-03,eligible_oof,3,LIVE
TR-001017,2024-07-03,eligible_oof,3,LIVE
TR-001823,2024-07-03,eligible_oof,3,LIVE
TR-002424,2024-07-03,eligible_oof,3,LIVE
TR-003080,2024-07-03,eligible_oof,3,LIVE
TR-003083,2024-07-03,eligible_oof,3,LIVE
TR-003273,2024-07-03,eligible_oof,3,LIVE
TR-005107,2024-07-03,eligible_oof,3,LIVE
TR-005956,2024-07-03,eligible_oof,3,LIVE
TR-007708,2024-07-03,eligible_oof,3,LIVE
TR-008447,2024-07-03,eligible_oof,3,LIVE
TR-008542,2024-07-03,eligible_oof,3,LIVE
TR-009539,2024-07-03,eligible_oof,3,LIVE
TR-009668,2024-07-03,eligible_oof,3,LIVE
TR-009969,2024-07-03,eligible_oof,3,LIVE
TR-000082,2024-07-04,eligible_oof,3,LIVE
TR-003008,2024-07-04,eligible_oof,3,LIVE
TR-003763,2024-07-04,eligible_oof,3,LIVE
TR-004657,2024-07-04,eligible_oof,3,LIVE
TR-006144,2024-07-04,eligible_oof,3,LIVE
TR-006299,2024-07-04,eligible_oof,3,LIVE
TR-006547,2024-07-04,eligible_oof,3,LIVE
TR-007208,2024-07-04,eligible_oof,3,LIVE
TR-007960,2024-07-04,eligible_oof,3,LIVE
TR-008135,2024-07-04,eligible_oof,3,LIVE
TR-008229,2024-07-04,eligible_oof,3,LIVE
TR-008463,2024-07-04,eligible_oof,3,LIVE
TR-000842,2024-07-05,eligible_oof,3,LIVE
TR-001698,2024-07-05,eligible_oof,3,LIVE
TR-002139,2024-07-05,eligible_oof,3,LIVE
TR-002600,2024-07-05,eligible_oof,3,LIVE
TR-004415,2024-07-05,eligible_oof,3,LIVE
TR-004624,2024-07-05,eligible_oof,3,LIVE
TR-007336,2024-07-05,eligible_oof,3,LIVE
TR-008074,2024-07-05,eligible_oof,3,LIVE
TR-009740,2024-07-05,eligible_oof,3,LIVE
TR-000808,2024-07-06,eligible_oof,3,LIVE
TR-003107,2024-07-06,eligible_oof,3,LIVE
TR-004966,2024-07-06,eligible_oof,3,LIVE
TR-006369,2024-07-06,eligible_oof,3,LIVE
TR-007113,2024-07-06,eligible_oof,3,LIVE
TR-007756,2024-07-06,eligible_oof,3,LIVE
TR-008164,2024-07-06,eligible_oof,3,LIVE
TR-008495,2024-07-06,eligible_oof,3,LIVE
TR-000392,2024-07-07,eligible_oof,3,LIVE
TR-000819,2024-07-07,eligible_oof,3,LIVE
TR-001294,2024-07-07,eligible_oof,3,LIVE
TR-002847,2024-07-07,eligible_oof,3,LIVE
TR-003090,2024-07-07,eligible_oof,3,LIVE
TR-004515,2024-07-07,eligible_oof,3,LIVE
TR-004753,2024-07-07,eligible_oof,3,LIVE
TR-004840,2024-07-07,eligible_oof,3,LIVE
TR-007082,2024-07-07,eligible_oof,3,LIVE
TR-008322,2024-07-07,eligible_oof,3,LIVE
TR-008454,2024-07-07,eligible_oof,3,LIVE
TR-009248,2024-07-07,eligible_oof,3,LIVE
TR-001549,2024-07-08,eligible_oof,3,LIVE
TR-001554,2024-07-08,eligible_oof,3,LIVE
TR-002218,2024-07-08,eligible_oof,3,LIVE
TR-004170,2024-07-08,eligible_oof,3,LIVE
TR-004755,2024-07-08,eligible_oof,3,LIVE
TR-005532,2024-07-08,eligible_oof,3,LIVE
TR-006543,2024-07-08,eligible_oof,3,LIVE
TR-001668,2024-07-09,eligible_oof,3,LIVE
TR-002462,2024-07-09,eligible_oof,3,LIVE
TR-002680,2024-07-09,eligible_oof,3,LIVE
TR-003598,2024-07-09,eligible_oof,3,LIVE
TR-004314,2024-07-09,eligible_oof,3,LIVE
TR-004746,2024-07-09,eligible_oof,3,LIVE
TR-005441,2024-07-09,eligible_oof,3,LIVE
TR-005484,2024-07-09,eligible_oof,3,LIVE
TR-007258,2024-07-09,eligible_oof,3,LIVE
TR-009730,2024-07-09,eligible_oof,3,LIVE
TR-000431,2024-07-10,eligible_oof,3,LIVE
TR-000540,2024-07-10,eligible_oof,3,LIVE
TR-001004,2024-07-10,eligible_oof,3,LIVE
TR-002851,2024-07-10,eligible_oof,3,LIVE
TR-003733,2024-07-10,eligible_oof,3,LIVE
TR-004327,2024-07-10,eligible_oof,3,LIVE
TR-004557,2024-07-10,eligible_oof,3,LIVE
TR-006900,2024-07-10,eligible_oof,3,LIVE
TR-007209,2024-07-10,eligible_oof,3,LIVE
TR-007413,2024-07-10,eligible_oof,3,LIVE
TR-009103,2024-07-10,eligible_oof,3,LIVE
TR-000568,2024-07-11,eligible_oof,3,LIVE
TR-001173,2024-07-11,eligible_oof,3,LIVE
TR-001692,2024-07-11,eligible_oof,3,LIVE
TR-002722,2024-07-11,eligible_oof,3,LIVE
TR-005683,2024-07-11,eligible_oof,3,LIVE
TR-008151,2024-07-11,eligible_oof,3,LIVE
TR-001640,2024-07-12,eligible_oof,3,LIVE
TR-003560,2024-07-12,eligible_oof,3,LIVE
TR-004682,2024-07-12,eligible_oof,3,LIVE
TR-006011,2024-07-12,eligible_oof,3,LIVE
TR-009184,2024-07-12,eligible_oof,3,LIVE
TR-000603,2024-07-13,eligible_oof,3,LIVE
TR-000726,2024-07-13,eligible_oof,3,LIVE
TR-004603,2024-07-13,eligible_oof,3,LIVE
TR-005476,2024-07-13,eligible_oof,3,LIVE
TR-006022,2024-07-13,eligible_oof,3,LIVE
TR-001018,2024-07-14,eligible_oof,3,LIVE
TR-001354,2024-07-14,eligible_oof,3,LIVE
TR-002987,2024-07-14,eligible_oof,3,LIVE
TR-004680,2024-07-14,eligible_oof,3,LIVE
TR-005266,2024-07-14,eligible_oof,3,LIVE
TR-006694,2024-07-14,eligible_oof,3,LIVE
TR-008433,2024-07-14,eligible_oof,3,LIVE
TR-008461,2024-07-14,eligible_oof,3,LIVE
TR-001711,2024-07-15,eligible_oof,3,LIVE
TR-002053,2024-07-15,eligible_oof,3,LIVE
TR-002100,2024-07-15,eligible_oof,3,LIVE
TR-003776,2024-07-15,eligible_oof,3,LIVE
TR-005813,2024-07-15,eligible_oof,3,LIVE
TR-008167,2024-07-15,eligible_oof,3,LIVE
TR-000782,2024-07-16,eligible_oof,3,LIVE
TR-002018,2024-07-16,eligible_oof,3,LIVE
TR-002712,2024-07-16,eligible_oof,3,LIVE
TR-003037,2024-07-16,eligible_oof,3,LIVE
TR-005819,2024-07-16,eligible_oof,3,LIVE
TR-008764,2024-07-16,eligible_oof,3,LIVE
TR-009167,2024-07-16,eligible_oof,3,LIVE
TR-000171,2024-07-17,eligible_oof,3,LIVE
TR-000710,2024-07-17,eligible_oof,3,LIVE
TR-001339,2024-07-17,eligible_oof,3,LIVE
TR-002529,2024-07-17,eligible_oof,3,LIVE
TR-002588,2024-07-17,eligible_oof,3,LIVE
TR-003230,2024-07-17,eligible_oof,3,LIVE
TR-004220,2024-07-17,eligible_oof,3,LIVE
TR-004928,2024-07-17,eligible_oof,3,LIVE
TR-006135,2024-07-17,eligible_oof,3,LIVE
TR-007537,2024-07-17,eligible_oof,3,LIVE
TR-007896,2024-07-17,eligible_oof,3,LIVE
TR-002066,2024-07-18,eligible_oof,3,LIVE
TR-002791,2024-07-18,eligible_oof,3,LIVE
TR-003633,2024-07-18,eligible_oof,3,LIVE
TR-000128,2024-07-19,eligible_oof,3,LIVE
TR-001050,2024-07-19,eligible_oof,3,LIVE
TR-001609,2024-07-19,eligible_oof,3,LIVE
TR-002200,2024-07-19,eligible_oof,3,LIVE
TR-005378,2024-07-19,eligible_oof,3,LIVE
TR-005710,2024-07-19,eligible_oof,3,LIVE
TR-008055,2024-07-19,eligible_oof,3,LIVE
TR-009329,2024-07-19,eligible_oof,3,LIVE
TR-009602,2024-07-19,eligible_oof,3,LIVE
TR-000561,2024-07-20,eligible_oof,3,LIVE
TR-002025,2024-07-20,eligible_oof,3,LIVE
TR-005305,2024-07-20,eligible_oof,3,LIVE
TR-005554,2024-07-20,eligible_oof,3,LIVE
TR-007287,2024-07-20,eligible_oof,3,LIVE
TR-007801,2024-07-20,eligible_oof,3,LIVE
TR-008311,2024-07-20,eligible_oof,3,LIVE
TR-009563,2024-07-20,eligible_oof,3,LIVE
TR-000507,2024-07-21,eligible_oof,3,LIVE
TR-000527,2024-07-21,eligible_oof,3,LIVE
TR-001311,2024-07-21,eligible_oof,3,LIVE
TR-001521,2024-07-21,eligible_oof,3,LIVE
TR-002096,2024-07-21,eligible_oof,3,LIVE
TR-002108,2024-07-21,eligible_oof,3,LIVE
TR-002341,2024-07-21,eligible_oof,3,LIVE
TR-003936,2024-07-21,eligible_oof,3,LIVE
TR-004105,2024-07-21,eligible_oof,3,LIVE
TR-004633,2024-07-21,eligible_oof,3,LIVE
TR-005414,2024-07-21,eligible_oof,3,LIVE
TR-006965,2024-07-21,eligible_oof,3,LIVE
TR-009003,2024-07-21,eligible_oof,3,LIVE
TR-009039,2024-07-21,eligible_oof,3,LIVE
TR-000167,2024-07-22,eligible_oof,3,LIVE
TR-000545,2024-07-22,eligible_oof,3,LIVE
TR-000549,2024-07-22,eligible_oof,3,LIVE
TR-002891,2024-07-22,eligible_oof,3,LIVE
TR-003072,2024-07-22,eligible_oof,3,LIVE
TR-003875,2024-07-22,eligible_oof,3,LIVE
TR-004931,2024-07-22,eligible_oof,3,LIVE
TR-005363,2024-07-22,eligible_oof,3,LIVE
TR-005674,2024-07-22,eligible_oof,3,LIVE
TR-006328,2024-07-22,eligible_oof,3,LIVE
TR-006991,2024-07-22,eligible_oof,3,LIVE
TR-009409,2024-07-22,eligible_oof,3,LIVE
TR-001912,2024-07-23,eligible_oof,3,LIVE
TR-001986,2024-07-23,eligible_oof,3,LIVE
TR-002319,2024-07-23,eligible_oof,3,LIVE
TR-002714,2024-07-23,eligible_oof,3,LIVE
TR-004211,2024-07-23,eligible_oof,3,LIVE
TR-004356,2024-07-23,eligible_oof,3,LIVE
TR-005576,2024-07-23,eligible_oof,3,LIVE
TR-009712,2024-07-23,eligible_oof,3,LIVE
TR-000466,2024-07-24,eligible_oof,3,LIVE
TR-000718,2024-07-24,eligible_oof,3,LIVE
TR-002230,2024-07-24,eligible_oof,3,LIVE
TR-002678,2024-07-24,eligible_oof,3,LIVE
TR-003024,2024-07-24,eligible_oof,3,LIVE
TR-007745,2024-07-24,eligible_oof,3,LIVE
TR-008922,2024-07-24,eligible_oof,3,LIVE
TR-009827,2024-07-24,eligible_oof,3,LIVE
TR-003223,2024-07-25,eligible_oof,3,LIVE
TR-003939,2024-07-25,eligible_oof,3,LIVE
TR-007628,2024-07-25,eligible_oof,3,LIVE
TR-007856,2024-07-25,eligible_oof,3,LIVE
TR-000313,2024-07-26,eligible_oof,3,LIVE
TR-001269,2024-07-26,eligible_oof,3,LIVE
TR-003690,2024-07-26,eligible_oof,3,LIVE
TR-006269,2024-07-26,eligible_oof,3,LIVE
TR-006461,2024-07-26,eligible_oof,3,LIVE
TR-009222,2024-07-26,eligible_oof,3,LIVE
TR-009628,2024-07-26,eligible_oof,3,LIVE
TR-000544,2024-07-27,eligible_oof,3,LIVE
TR-001118,2024-07-27,eligible_oof,3,LIVE
TR-001502,2024-07-27,eligible_oof,3,LIVE
TR-002366,2024-07-27,eligible_oof,3,LIVE
TR-002793,2024-07-27,eligible_oof,3,LIVE
TR-003600,2024-07-27,eligible_oof,3,LIVE
TR-004369,2024-07-27,eligible_oof,3,LIVE
TR-004417,2024-07-27,eligible_oof,3,LIVE
TR-004592,2024-07-27,eligible_oof,3,LIVE
TR-005355,2024-07-27,eligible_oof,3,LIVE
TR-005529,2024-07-27,eligible_oof,3,LIVE
TR-006356,2024-07-27,eligible_oof,3,LIVE
TR-000416,2024-07-28,eligible_oof,3,LIVE
TR-000435,2024-07-28,eligible_oof,3,LIVE
TR-001352,2024-07-28,eligible_oof,3,LIVE
TR-002113,2024-07-28,eligible_oof,3,LIVE
TR-004042,2024-07-28,eligible_oof,3,LIVE
TR-004295,2024-07-28,eligible_oof,3,LIVE
TR-005095,2024-07-28,eligible_oof,3,LIVE
TR-005494,2024-07-28,eligible_oof,3,LIVE
TR-007137,2024-07-28,eligible_oof,3,LIVE
TR-001423,2024-07-29,eligible_oof,3,LIVE
TR-004050,2024-07-29,eligible_oof,3,LIVE
TR-004261,2024-07-29,eligible_oof,3,LIVE
TR-004820,2024-07-29,eligible_oof,3,LIVE
TR-008146,2024-07-29,eligible_oof,3,LIVE
TR-009317,2024-07-29,eligible_oof,3,LIVE
TR-000147,2024-07-30,eligible_oof,3,LIVE
TR-000411,2024-07-30,eligible_oof,3,LIVE
TR-000807,2024-07-30,eligible_oof,3,LIVE
TR-002505,2024-07-30,eligible_oof,3,LIVE
TR-005280,2024-07-30,eligible_oof,3,LIVE
TR-006056,2024-07-30,eligible_oof,3,LIVE
TR-007143,2024-07-30,eligible_oof,3,LIVE
TR-007991,2024-07-30,eligible_oof,3,LIVE
TR-008269,2024-07-30,eligible_oof,3,LIVE
TR-008336,2024-07-30,eligible_oof,3,LIVE
TR-009281,2024-07-30,eligible_oof,3,LIVE
TR-009918,2024-07-30,eligible_oof,3,LIVE
TR-000438,2024-07-31,eligible_oof,3,LIVE
TR-000772,2024-07-31,eligible_oof,3,LIVE
TR-001281,2024-07-31,eligible_oof,3,LIVE
TR-001299,2024-07-31,eligible_oof,3,LIVE
TR-001303,2024-07-31,eligible_oof,3,LIVE
TR-001610,2024-07-31,eligible_oof,3,LIVE
TR-002238,2024-07-31,eligible_oof,3,LIVE
TR-004165,2024-07-31,eligible_oof,3,LIVE
TR-004423,2024-07-31,eligible_oof,3,LIVE
TR-004581,2024-07-31,eligible_oof,3,LIVE
TR-007127,2024-07-31,eligible_oof,3,LIVE
TR-008499,2024-07-31,eligible_oof,3,LIVE
TR-009886,2024-07-31,eligible_oof,3,LIVE
TR-001637,2024-08-01,eligible_oof,3,LIVE
TR-001902,2024-08-01,eligible_oof,3,LIVE
TR-002587,2024-08-01,eligible_oof,3,LIVE
TR-004713,2024-08-01,eligible_oof,3,LIVE
TR-006070,2024-08-01,eligible_oof,3,LIVE
TR-000083,2024-08-02,eligible_oof,3,LIVE
TR-000267,2024-08-02,eligible_oof,3,LIVE
TR-000436,2024-08-02,eligible_oof,3,LIVE
TR-003026,2024-08-02,eligible_oof,3,LIVE
TR-003534,2024-08-02,eligible_oof,3,LIVE
TR-007331,2024-08-02,eligible_oof,3,LIVE
TR-007589,2024-08-02,eligible_oof,3,LIVE
TR-007637,2024-08-02,eligible_oof,3,LIVE
TR-008170,2024-08-02,eligible_oof,3,LIVE
TR-008381,2024-08-02,eligible_oof,3,LIVE
TR-009391,2024-08-02,eligible_oof,3,LIVE
TR-001489,2024-08-03,eligible_oof,3,LIVE
TR-003368,2024-08-03,eligible_oof,3,LIVE
TR-004096,2024-08-03,eligible_oof,3,LIVE
TR-004688,2024-08-03,eligible_oof,3,LIVE
TR-006970,2024-08-03,eligible_oof,3,LIVE
TR-007849,2024-08-03,eligible_oof,3,LIVE
TR-000217,2024-08-04,eligible_oof,3,LIVE
TR-000987,2024-08-04,eligible_oof,3,LIVE
TR-001189,2024-08-04,eligible_oof,3,LIVE
TR-003745,2024-08-04,eligible_oof,3,LIVE
TR-007001,2024-08-04,eligible_oof,3,LIVE
TR-008812,2024-08-04,eligible_oof,3,LIVE
TR-009598,2024-08-04,eligible_oof,3,LIVE
TR-000754,2024-08-05,eligible_oof,3,LIVE
TR-003984,2024-08-05,eligible_oof,3,LIVE
TR-005070,2024-08-05,eligible_oof,3,LIVE
TR-005424,2024-08-05,eligible_oof,3,LIVE
TR-005497,2024-08-05,eligible_oof,3,LIVE
TR-006094,2024-08-05,eligible_oof,3,LIVE
TR-006614,2024-08-05,eligible_oof,3,LIVE
TR-009723,2024-08-05,eligible_oof,3,LIVE
TR-000560,2024-08-06,eligible_oof,3,LIVE
TR-003143,2024-08-06,eligible_oof,3,LIVE
TR-003313,2024-08-06,eligible_oof,3,LIVE
TR-005887,2024-08-06,eligible_oof,3,LIVE
TR-006542,2024-08-06,eligible_oof,3,LIVE
TR-007290,2024-08-06,eligible_oof,3,LIVE
TR-008005,2024-08-06,eligible_oof,3,LIVE
TR-008688,2024-08-06,eligible_oof,3,LIVE
TR-001551,2024-08-07,eligible_oof,3,LIVE
TR-002460,2024-08-07,eligible_oof,3,LIVE
TR-003051,2024-08-07,eligible_oof,3,LIVE
TR-004312,2024-08-07,eligible_oof,3,LIVE
TR-004648,2024-08-07,eligible_oof,3,LIVE
TR-005237,2024-08-07,eligible_oof,3,LIVE
TR-006425,2024-08-07,eligible_oof,3,LIVE
TR-006912,2024-08-07,eligible_oof,3,LIVE
TR-006922,2024-08-07,eligible_oof,3,LIVE
TR-007070,2024-08-07,eligible_oof,3,LIVE
TR-007289,2024-08-07,eligible_oof,3,LIVE
TR-008453,2024-08-07,eligible_oof,3,LIVE
TR-008601,2024-08-07,eligible_oof,3,LIVE
TR-009085,2024-08-07,eligible_oof,3,LIVE
TR-000228,2024-08-08,eligible_oof,3,LIVE
TR-001749,2024-08-08,eligible_oof,3,LIVE
TR-002528,2024-08-08,eligible_oof,3,LIVE
TR-002756,2024-08-08,eligible_oof,3,LIVE
TR-003930,2024-08-08,eligible_oof,3,LIVE
TR-004317,2024-08-08,eligible_oof,3,LIVE
TR-004718,2024-08-08,eligible_oof,3,LIVE
TR-005055,2024-08-08,eligible_oof,3,LIVE
TR-005836,2024-08-08,eligible_oof,3,LIVE
TR-006230,2024-08-08,eligible_oof,3,LIVE
TR-007486,2024-08-08,eligible_oof,3,LIVE
TR-007540,2024-08-08,eligible_oof,3,LIVE
TR-007865,2024-08-08,eligible_oof,3,LIVE
TR-001291,2024-08-09,eligible_oof,3,LIVE
TR-003116,2024-08-09,eligible_oof,3,LIVE
TR-005690,2024-08-09,eligible_oof,3,LIVE
TR-006967,2024-08-09,eligible_oof,3,LIVE
TR-007073,2024-08-09,eligible_oof,3,LIVE
TR-008386,2024-08-09,eligible_oof,3,LIVE
TR-008830,2024-08-09,eligible_oof,3,LIVE
TR-009361,2024-08-09,eligible_oof,3,LIVE
TR-000026,2024-08-10,eligible_oof,3,LIVE
TR-004748,2024-08-10,eligible_oof,3,LIVE
TR-005063,2024-08-10,eligible_oof,3,LIVE
TR-005632,2024-08-10,eligible_oof,3,LIVE
TR-007269,2024-08-10,eligible_oof,3,LIVE
TR-009843,2024-08-10,eligible_oof,3,LIVE
TR-000913,2024-08-11,eligible_oof,3,LIVE
TR-003308,2024-08-11,eligible_oof,3,LIVE
TR-007713,2024-08-11,eligible_oof,3,LIVE
TR-008097,2024-08-11,eligible_oof,3,LIVE
TR-008579,2024-08-11,eligible_oof,3,LIVE
TR-009220,2024-08-11,eligible_oof,3,LIVE
TR-001651,2024-08-12,eligible_oof,3,LIVE
TR-002261,2024-08-12,eligible_oof,3,LIVE
TR-003204,2024-08-12,eligible_oof,3,LIVE
TR-003750,2024-08-12,eligible_oof,3,LIVE
TR-005099,2024-08-12,eligible_oof,3,LIVE
TR-005644,2024-08-12,eligible_oof,3,LIVE
TR-008156,2024-08-12,eligible_oof,3,LIVE
TR-000838,2024-08-13,eligible_oof,3,LIVE
TR-001496,2024-08-13,eligible_oof,3,LIVE
TR-002860,2024-08-13,eligible_oof,3,LIVE
TR-007028,2024-08-13,eligible_oof,3,LIVE
TR-000041,2024-08-14,eligible_oof,3,LIVE
TR-000327,2024-08-14,eligible_oof,3,LIVE
TR-000892,2024-08-14,eligible_oof,3,LIVE
TR-001844,2024-08-14,eligible_oof,3,LIVE
TR-003231,2024-08-14,eligible_oof,3,LIVE
TR-006030,2024-08-14,eligible_oof,3,LIVE
TR-008194,2024-08-14,eligible_oof,3,LIVE
TR-008910,2024-08-14,eligible_oof,3,LIVE
TR-009268,2024-08-14,eligible_oof,3,LIVE
TR-009333,2024-08-14,eligible_oof,3,LIVE
TR-009419,2024-08-14,eligible_oof,3,LIVE
TR-003042,2024-08-15,eligible_oof,3,LIVE
TR-003194,2024-08-15,eligible_oof,3,LIVE
TR-003343,2024-08-15,eligible_oof,3,LIVE
TR-003794,2024-08-15,eligible_oof,3,LIVE
TR-004807,2024-08-15,eligible_oof,3,LIVE
TR-005189,2024-08-15,eligible_oof,3,LIVE
TR-005586,2024-08-15,eligible_oof,3,LIVE
TR-005862,2024-08-15,eligible_oof,3,LIVE
TR-006099,2024-08-15,eligible_oof,3,LIVE
TR-008895,2024-08-15,eligible_oof,3,LIVE
TR-009238,2024-08-15,eligible_oof,3,LIVE
TR-009512,2024-08-15,eligible_oof,3,LIVE
TR-009616,2024-08-15,eligible_oof,3,LIVE
TR-000667,2024-08-16,eligible_oof,3,LIVE
TR-000752,2024-08-16,eligible_oof,3,LIVE
TR-001316,2024-08-16,eligible_oof,3,LIVE
TR-001580,2024-08-16,eligible_oof,3,LIVE
TR-002807,2024-08-16,eligible_oof,3,LIVE
TR-003382,2024-08-16,eligible_oof,3,LIVE
TR-005087,2024-08-16,eligible_oof,3,LIVE
TR-005120,2024-08-16,eligible_oof,3,LIVE
TR-006387,2024-08-16,eligible_oof,3,LIVE
TR-006491,2024-08-16,eligible_oof,3,LIVE
TR-008058,2024-08-16,eligible_oof,3,LIVE
TR-009522,2024-08-16,eligible_oof,3,LIVE
TR-000543,2024-08-17,eligible_oof,3,LIVE
TR-002199,2024-08-17,eligible_oof,3,LIVE
TR-003548,2024-08-17,eligible_oof,3,LIVE
TR-005247,2024-08-17,eligible_oof,3,LIVE
TR-005919,2024-08-17,eligible_oof,3,LIVE
TR-006075,2024-08-17,eligible_oof,3,LIVE
TR-008582,2024-08-17,eligible_oof,3,LIVE
TR-001449,2024-08-18,eligible_oof,3,LIVE
TR-003507,2024-08-18,eligible_oof,3,LIVE
TR-003813,2024-08-18,eligible_oof,3,LIVE
TR-004258,2024-08-18,eligible_oof,3,LIVE
TR-005242,2024-08-18,eligible_oof,3,LIVE
TR-007390,2024-08-18,eligible_oof,3,LIVE
TR-008733,2024-08-18,eligible_oof,3,LIVE
TR-009310,2024-08-18,eligible_oof,3,LIVE
TR-001074,2024-08-19,eligible_oof,3,LIVE
TR-001786,2024-08-19,eligible_oof,3,LIVE
TR-002333,2024-08-19,eligible_oof,3,LIVE
TR-002344,2024-08-19,eligible_oof,3,LIVE
TR-002947,2024-08-19,eligible_oof,3,LIVE
TR-005496,2024-08-19,eligible_oof,3,LIVE
TR-005686,2024-08-19,eligible_oof,3,LIVE
TR-006434,2024-08-19,eligible_oof,3,LIVE
TR-006861,2024-08-19,eligible_oof,3,LIVE
TR-007473,2024-08-19,eligible_oof,3,LIVE
TR-007624,2024-08-19,eligible_oof,3,LIVE
TR-008287,2024-08-19,eligible_oof,3,LIVE
TR-009075,2024-08-19,eligible_oof,3,LIVE
TR-009338,2024-08-19,eligible_oof,3,LIVE
TR-001562,2024-08-20,eligible_oof,3,LIVE
TR-002055,2024-08-20,eligible_oof,3,LIVE
TR-003387,2024-08-20,eligible_oof,3,LIVE
TR-003425,2024-08-20,eligible_oof,3,LIVE
TR-004512,2024-08-20,eligible_oof,3,LIVE
TR-006940,2024-08-20,eligible_oof,3,LIVE
TR-007160,2024-08-20,eligible_oof,3,LIVE
TR-008809,2024-08-20,eligible_oof,3,LIVE
TR-000624,2024-08-21,eligible_oof,3,LIVE
TR-003708,2024-08-21,eligible_oof,3,LIVE
TR-004776,2024-08-21,eligible_oof,3,LIVE
TR-006936,2024-08-21,eligible_oof,3,LIVE
TR-008782,2024-08-21,eligible_oof,3,LIVE
TR-009700,2024-08-21,eligible_oof,3,LIVE
TR-000482,2024-08-22,eligible_oof,3,LIVE
TR-002317,2024-08-22,eligible_oof,3,LIVE
TR-002911,2024-08-22,eligible_oof,3,LIVE
TR-003218,2024-08-22,eligible_oof,3,LIVE
TR-004235,2024-08-22,eligible_oof,3,LIVE
TR-005221,2024-08-22,eligible_oof,3,LIVE
TR-008532,2024-08-22,eligible_oof,3,LIVE
TR-009358,2024-08-22,eligible_oof,3,LIVE
TR-009941,2024-08-22,eligible_oof,3,LIVE
TR-000980,2024-08-23,eligible_oof,3,LIVE
TR-001266,2024-08-23,eligible_oof,3,LIVE
TR-001398,2024-08-23,eligible_oof,3,LIVE
TR-001672,2024-08-23,eligible_oof,3,LIVE
TR-003036,2024-08-23,eligible_oof,3,LIVE
TR-003389,2024-08-23,eligible_oof,3,LIVE
TR-008663,2024-08-23,eligible_oof,3,LIVE
TR-008678,2024-08-23,eligible_oof,3,LIVE
TR-009898,2024-08-23,eligible_oof,3,LIVE
TR-000063,2024-08-24,eligible_oof,3,LIVE
TR-001631,2024-08-24,eligible_oof,3,LIVE
TR-002202,2024-08-24,eligible_oof,3,LIVE
TR-005334,2024-08-24,eligible_oof,3,LIVE
TR-005383,2024-08-24,eligible_oof,3,LIVE
TR-006231,2024-08-24,eligible_oof,3,LIVE
TR-006492,2024-08-24,eligible_oof,3,LIVE
TR-006513,2024-08-24,eligible_oof,3,LIVE
TR-006736,2024-08-24,eligible_oof,3,LIVE
TR-006858,2024-08-24,eligible_oof,3,LIVE
TR-007884,2024-08-24,eligible_oof,3,LIVE
TR-008062,2024-08-24,eligible_oof,3,LIVE
TR-009250,2024-08-24,eligible_oof,3,LIVE
TR-007867,2024-08-25,eligible_oof,3,LIVE
TR-008088,2024-08-25,eligible_oof,3,LIVE
TR-009114,2024-08-25,eligible_oof,3,LIVE
TR-003096,2024-08-26,eligible_oof,3,LIVE
TR-004985,2024-08-26,eligible_oof,3,LIVE
TR-006273,2024-08-26,eligible_oof,3,LIVE
TR-006657,2024-08-26,eligible_oof,3,LIVE
TR-008784,2024-08-26,eligible_oof,3,LIVE
TR-009245,2024-08-26,eligible_oof,3,LIVE
TR-000336,2024-08-27,eligible_oof,3,LIVE
TR-001179,2024-08-27,eligible_oof,3,LIVE
TR-002368,2024-08-27,eligible_oof,3,LIVE
TR-003225,2024-08-27,eligible_oof,3,LIVE
TR-003677,2024-08-27,eligible_oof,3,LIVE
TR-003982,2024-08-27,eligible_oof,3,LIVE
TR-005829,2024-08-27,eligible_oof,3,LIVE
TR-006128,2024-08-27,eligible_oof,3,LIVE
TR-007134,2024-08-27,eligible_oof,3,LIVE
TR-007221,2024-08-27,eligible_oof,3,LIVE
TR-007597,2024-08-27,eligible_oof,3,LIVE
TR-008687,2024-08-27,eligible_oof,3,LIVE
TR-009607,2024-08-27,eligible_oof,3,LIVE
TR-000430,2024-08-28,eligible_oof,3,LIVE
TR-001528,2024-08-28,eligible_oof,3,LIVE
TR-003443,2024-08-28,eligible_oof,3,LIVE
TR-005179,2024-08-28,eligible_oof,3,LIVE
TR-005297,2024-08-28,eligible_oof,3,LIVE
TR-006360,2024-08-28,eligible_oof,3,LIVE
TR-006833,2024-08-28,eligible_oof,3,LIVE
TR-007011,2024-08-28,eligible_oof,3,LIVE
TR-007365,2024-08-28,eligible_oof,3,LIVE
TR-008040,2024-08-28,eligible_oof,3,LIVE
TR-008682,2024-08-28,eligible_oof,3,LIVE
TR-008720,2024-08-28,eligible_oof,3,LIVE
TR-009074,2024-08-28,eligible_oof,3,LIVE
TR-009166,2024-08-28,eligible_oof,3,LIVE
TR-000531,2024-08-29,eligible_oof,3,LIVE
TR-000738,2024-08-29,eligible_oof,3,LIVE
TR-001184,2024-08-29,eligible_oof,3,LIVE
TR-001359,2024-08-29,eligible_oof,3,LIVE
TR-002857,2024-08-29,eligible_oof,3,LIVE
TR-002951,2024-08-29,eligible_oof,3,LIVE
TR-004389,2024-08-29,eligible_oof,3,LIVE
TR-005219,2024-08-29,eligible_oof,3,LIVE
TR-006469,2024-08-29,eligible_oof,3,LIVE
TR-008350,2024-08-29,eligible_oof,3,LIVE
TR-009154,2024-08-29,eligible_oof,3,LIVE
TR-000044,2024-08-30,eligible_oof,3,LIVE
TR-000102,2024-08-30,eligible_oof,3,LIVE
TR-000145,2024-08-30,eligible_oof,3,LIVE
TR-001478,2024-08-30,eligible_oof,3,LIVE
TR-001505,2024-08-30,eligible_oof,3,LIVE
TR-002295,2024-08-30,eligible_oof,3,LIVE
TR-003637,2024-08-30,eligible_oof,3,LIVE
TR-003911,2024-08-30,eligible_oof,3,LIVE
TR-005648,2024-08-30,eligible_oof,3,LIVE
TR-009296,2024-08-30,eligible_oof,3,LIVE
TR-001045,2024-08-31,eligible_oof,3,LIVE
TR-004836,2024-08-31,eligible_oof,3,LIVE
TR-007852,2024-08-31,eligible_oof,3,LIVE
TR-009710,2024-08-31,eligible_oof,3,LIVE
TR-000011,2024-09-01,eligible_oof,3,LIVE
TR-000395,2024-09-01,eligible_oof,3,LIVE
TR-001165,2024-09-01,eligible_oof,3,LIVE
TR-001519,2024-09-01,eligible_oof,3,LIVE
TR-003244,2024-09-01,eligible_oof,3,LIVE
TR-004259,2024-09-01,eligible_oof,3,LIVE
TR-005470,2024-09-01,eligible_oof,3,LIVE
TR-005505,2024-09-01,eligible_oof,3,LIVE
TR-006714,2024-09-01,eligible_oof,3,LIVE
TR-007114,2024-09-01,eligible_oof,3,LIVE
TR-007266,2024-09-01,eligible_oof,3,LIVE
TR-007568,2024-09-01,eligible_oof,3,LIVE
TR-009235,2024-09-01,eligible_oof,3,LIVE
TR-009269,2024-09-01,eligible_oof,3,LIVE
TR-000550,2024-09-02,eligible_oof,3,LIVE
TR-002190,2024-09-02,eligible_oof,3,LIVE
TR-002339,2024-09-02,eligible_oof,3,LIVE
TR-003322,2024-09-02,eligible_oof,3,LIVE
TR-005298,2024-09-02,eligible_oof,3,LIVE
TR-005949,2024-09-02,eligible_oof,3,LIVE
TR-008554,2024-09-02,eligible_oof,3,LIVE
TR-009318,2024-09-02,eligible_oof,3,LIVE
TR-009585,2024-09-02,eligible_oof,3,LIVE
TR-002902,2024-09-03,eligible_oof,3,LIVE
TR-007892,2024-09-03,eligible_oof,3,LIVE
TR-008345,2024-09-03,eligible_oof,3,LIVE
TR-008458,2024-09-03,eligible_oof,3,LIVE
TR-009572,2024-09-03,eligible_oof,3,LIVE
TR-002233,2024-09-04,eligible_oof,3,LIVE
TR-003226,2024-09-04,eligible_oof,3,LIVE
TR-004556,2024-09-04,eligible_oof,3,LIVE
TR-005050,2024-09-04,eligible_oof,3,LIVE
TR-005741,2024-09-04,eligible_oof,3,LIVE
TR-006126,2024-09-04,eligible_oof,3,LIVE
TR-006197,2024-09-04,eligible_oof,3,LIVE
TR-006218,2024-09-04,eligible_oof,3,LIVE
TR-006638,2024-09-04,eligible_oof,3,LIVE
TR-006661,2024-09-04,eligible_oof,3,LIVE
TR-009486,2024-09-04,eligible_oof,3,LIVE
TR-000742,2024-09-05,eligible_oof,3,LIVE
TR-000748,2024-09-05,eligible_oof,3,LIVE
TR-001488,2024-09-05,eligible_oof,3,LIVE
TR-003517,2024-09-05,eligible_oof,3,LIVE
TR-005020,2024-09-05,eligible_oof,3,LIVE
TR-005698,2024-09-05,eligible_oof,3,LIVE
TR-006366,2024-09-05,eligible_oof,3,LIVE
TR-000952,2024-09-06,eligible_oof,3,LIVE
TR-001141,2024-09-06,eligible_oof,3,LIVE
TR-001812,2024-09-06,eligible_oof,3,LIVE
TR-002838,2024-09-06,eligible_oof,3,LIVE
TR-003524,2024-09-06,eligible_oof,3,LIVE
TR-003791,2024-09-06,eligible_oof,3,LIVE
TR-004864,2024-09-06,eligible_oof,3,LIVE
TR-005096,2024-09-06,eligible_oof,3,LIVE
TR-006407,2024-09-06,eligible_oof,3,LIVE
TR-008607,2024-09-06,eligible_oof,3,LIVE
TR-009462,2024-09-06,eligible_oof,3,LIVE
TR-000390,2024-09-07,eligible_oof,3,LIVE
TR-000446,2024-09-07,eligible_oof,3,LIVE
TR-000874,2024-09-07,eligible_oof,3,LIVE
TR-002586,2024-09-07,eligible_oof,3,LIVE
TR-002645,2024-09-07,eligible_oof,3,LIVE
TR-004977,2024-09-07,eligible_oof,3,LIVE
TR-005691,2024-09-07,eligible_oof,3,LIVE
TR-006147,2024-09-07,eligible_oof,3,LIVE
TR-006161,2024-09-07,eligible_oof,3,LIVE
TR-007353,2024-09-07,eligible_oof,3,LIVE
TR-007652,2024-09-07,eligible_oof,3,LIVE
TR-007683,2024-09-07,eligible_oof,3,LIVE
TR-000401,2024-09-08,eligible_oof,3,LIVE
TR-001840,2024-09-08,eligible_oof,3,LIVE
TR-004240,2024-09-08,eligible_oof,3,LIVE
TR-004421,2024-09-08,eligible_oof,3,LIVE
TR-004562,2024-09-08,eligible_oof,3,LIVE
TR-005797,2024-09-08,eligible_oof,3,LIVE
TR-007157,2024-09-08,eligible_oof,3,LIVE
TR-007171,2024-09-08,eligible_oof,3,LIVE
TR-009437,2024-09-08,eligible_oof,3,LIVE
TR-001916,2024-09-09,eligible_oof,3,LIVE
TR-003751,2024-09-09,eligible_oof,3,LIVE
TR-004141,2024-09-09,eligible_oof,3,LIVE
TR-004703,2024-09-09,eligible_oof,3,LIVE
TR-005230,2024-09-09,eligible_oof,3,LIVE
TR-007989,2024-09-09,eligible_oof,3,LIVE
TR-009082,2024-09-09,eligible_oof,3,LIVE
TR-000775,2024-09-10,eligible_oof,3,LIVE
TR-003822,2024-09-10,eligible_oof,3,LIVE
TR-008276,2024-09-10,eligible_oof,3,LIVE
TR-009831,2024-09-10,eligible_oof,3,LIVE
TR-000565,2024-09-11,eligible_oof,3,LIVE
TR-001377,2024-09-11,eligible_oof,3,LIVE
TR-001611,2024-09-11,eligible_oof,3,LIVE
TR-006115,2024-09-11,eligible_oof,3,LIVE
TR-006992,2024-09-11,eligible_oof,3,LIVE
TR-008642,2024-09-11,eligible_oof,3,LIVE
TR-009334,2024-09-11,eligible_oof,3,LIVE
TR-000004,2024-09-12,eligible_oof,3,LIVE
TR-000345,2024-09-12,eligible_oof,3,LIVE
TR-000575,2024-09-12,eligible_oof,3,LIVE
TR-001369,2024-09-12,eligible_oof,3,LIVE
TR-004097,2024-09-12,eligible_oof,3,LIVE
TR-004393,2024-09-12,eligible_oof,3,LIVE
TR-004407,2024-09-12,eligible_oof,3,LIVE
TR-006470,2024-09-12,eligible_oof,3,LIVE
TR-007119,2024-09-12,eligible_oof,3,LIVE
TR-007911,2024-09-12,eligible_oof,3,LIVE
TR-008769,2024-09-12,eligible_oof,3,LIVE
TR-008905,2024-09-12,eligible_oof,3,LIVE
TR-009937,2024-09-12,eligible_oof,3,LIVE
TR-000016,2024-09-13,eligible_oof,3,LIVE
TR-002928,2024-09-13,eligible_oof,3,LIVE
TR-004511,2024-09-13,eligible_oof,3,LIVE
TR-004570,2024-09-13,eligible_oof,3,LIVE
TR-005181,2024-09-13,eligible_oof,3,LIVE
TR-007717,2024-09-13,eligible_oof,3,LIVE
TR-008549,2024-09-13,eligible_oof,3,LIVE
TR-001317,2024-09-14,eligible_oof,3,LIVE
TR-001629,2024-09-14,eligible_oof,3,LIVE
TR-001837,2024-09-14,eligible_oof,3,LIVE
TR-002960,2024-09-14,eligible_oof,3,LIVE
TR-005738,2024-09-14,eligible_oof,3,LIVE
TR-006288,2024-09-14,eligible_oof,3,LIVE
TR-006934,2024-09-14,eligible_oof,3,LIVE
TR-007490,2024-09-14,eligible_oof,3,LIVE
TR-007515,2024-09-14,eligible_oof,3,LIVE
TR-008186,2024-09-14,eligible_oof,3,LIVE
TR-008494,2024-09-14,eligible_oof,3,LIVE
TR-008991,2024-09-14,eligible_oof,3,LIVE
TR-009615,2024-09-14,eligible_oof,3,LIVE
TR-000608,2024-09-15,eligible_oof,3,LIVE
TR-000844,2024-09-15,eligible_oof,3,LIVE
TR-001635,2024-09-15,eligible_oof,3,LIVE
TR-003168,2024-09-15,eligible_oof,3,LIVE
TR-003886,2024-09-15,eligible_oof,3,LIVE
TR-004297,2024-09-15,eligible_oof,3,LIVE
TR-005459,2024-09-15,eligible_oof,3,LIVE
TR-008744,2024-09-15,eligible_oof,3,LIVE
TR-009070,2024-09-15,eligible_oof,3,LIVE
TR-009253,2024-09-15,eligible_oof,3,LIVE
TR-009459,2024-09-15,eligible_oof,3,LIVE
TR-000285,2024-09-16,eligible_oof,3,LIVE
TR-001426,2024-09-16,eligible_oof,3,LIVE
TR-004089,2024-09-16,eligible_oof,3,LIVE
TR-004168,2024-09-16,eligible_oof,3,LIVE
TR-004319,2024-09-16,eligible_oof,3,LIVE
TR-005412,2024-09-16,eligible_oof,3,LIVE
TR-005600,2024-09-16,eligible_oof,3,LIVE
TR-006255,2024-09-16,eligible_oof,3,LIVE
TR-007194,2024-09-16,eligible_oof,3,LIVE
TR-008092,2024-09-16,eligible_oof,3,LIVE
TR-009983,2024-09-16,eligible_oof,3,LIVE
TR-000188,2024-09-17,eligible_oof,3,LIVE
TR-001140,2024-09-17,eligible_oof,3,LIVE
TR-001324,2024-09-17,eligible_oof,3,LIVE
TR-002729,2024-09-17,eligible_oof,3,LIVE
TR-002755,2024-09-17,eligible_oof,3,LIVE
TR-004055,2024-09-17,eligible_oof,3,LIVE
TR-004628,2024-09-17,eligible_oof,3,LIVE
TR-004846,2024-09-17,eligible_oof,3,LIVE
TR-005920,2024-09-17,eligible_oof,3,LIVE
TR-006613,2024-09-17,eligible_oof,3,LIVE
TR-007025,2024-09-17,eligible_oof,3,LIVE
TR-008512,2024-09-17,eligible_oof,3,LIVE
TR-009370,2024-09-17,eligible_oof,3,LIVE
TR-009426,2024-09-17,eligible_oof,3,LIVE
TR-009626,2024-09-17,eligible_oof,3,LIVE
TR-000857,2024-09-18,eligible_oof,3,LIVE
TR-001904,2024-09-18,eligible_oof,3,LIVE
TR-003432,2024-09-18,eligible_oof,3,LIVE
TR-005973,2024-09-18,eligible_oof,3,LIVE
TR-007547,2024-09-18,eligible_oof,3,LIVE
TR-008298,2024-09-18,eligible_oof,3,LIVE
TR-008783,2024-09-18,eligible_oof,3,LIVE
TR-009822,2024-09-18,eligible_oof,3,LIVE
TR-000053,2024-09-19,eligible_oof,3,LIVE
TR-000503,2024-09-19,eligible_oof,3,LIVE
TR-000636,2024-09-19,eligible_oof,3,LIVE
TR-000673,2024-09-19,eligible_oof,3,LIVE
TR-001972,2024-09-19,eligible_oof,3,LIVE
TR-002002,2024-09-19,eligible_oof,3,LIVE
TR-002464,2024-09-19,eligible_oof,3,LIVE
TR-002930,2024-09-19,eligible_oof,3,LIVE
TR-003413,2024-09-19,eligible_oof,3,LIVE
TR-004381,2024-09-19,eligible_oof,3,LIVE
TR-005719,2024-09-19,eligible_oof,3,LIVE
TR-005971,2024-09-19,eligible_oof,3,LIVE
TR-006314,2024-09-19,eligible_oof,3,LIVE
TR-007330,2024-09-19,eligible_oof,3,LIVE
TR-009363,2024-09-19,eligible_oof,3,LIVE
TR-004313,2024-09-20,eligible_oof,3,LIVE
TR-004567,2024-09-20,eligible_oof,3,LIVE
TR-006082,2024-09-20,eligible_oof,3,LIVE
TR-006119,2024-09-20,eligible_oof,3,LIVE
TR-006981,2024-09-20,eligible_oof,3,LIVE
TR-000734,2024-09-21,eligible_oof,3,LIVE
TR-002576,2024-09-21,eligible_oof,3,LIVE
TR-002929,2024-09-21,eligible_oof,3,LIVE
TR-003138,2024-09-21,eligible_oof,3,LIVE
TR-003174,2024-09-21,eligible_oof,3,LIVE
TR-006381,2024-09-21,eligible_oof,3,LIVE
TR-008103,2024-09-21,eligible_oof,3,LIVE
TR-009640,2024-09-21,eligible_oof,3,LIVE
TR-009997,2024-09-21,eligible_oof,3,LIVE
TR-002305,2024-09-22,eligible_oof,3,LIVE
TR-004176,2024-09-22,eligible_oof,3,LIVE
TR-004594,2024-09-22,eligible_oof,3,LIVE
TR-005240,2024-09-22,eligible_oof,3,LIVE
TR-005410,2024-09-22,eligible_oof,3,LIVE
TR-006808,2024-09-22,eligible_oof,3,LIVE
TR-007583,2024-09-22,eligible_oof,3,LIVE
TR-009368,2024-09-22,eligible_oof,3,LIVE
TR-001456,2024-09-23,eligible_oof,3,LIVE
TR-001959,2024-09-23,eligible_oof,3,LIVE
TR-002814,2024-09-23,eligible_oof,3,LIVE
TR-002962,2024-09-23,eligible_oof,3,LIVE
TR-003688,2024-09-23,eligible_oof,3,LIVE
TR-004973,2024-09-23,eligible_oof,3,LIVE
TR-005317,2024-09-23,eligible_oof,3,LIVE
TR-006656,2024-09-23,eligible_oof,3,LIVE
TR-007457,2024-09-23,eligible_oof,3,LIVE
TR-007711,2024-09-23,eligible_oof,3,LIVE
TR-008380,2024-09-23,eligible_oof,3,LIVE
TR-008600,2024-09-23,eligible_oof,3,LIVE
TR-008780,2024-09-23,eligible_oof,3,LIVE
TR-009605,2024-09-23,eligible_oof,3,LIVE
TR-000937,2024-09-24,eligible_oof,3,LIVE
TR-004663,2024-09-24,eligible_oof,3,LIVE
TR-004811,2024-09-24,eligible_oof,3,LIVE
TR-004862,2024-09-24,eligible_oof,3,LIVE
TR-005188,2024-09-24,eligible_oof,3,LIVE
TR-005358,2024-09-24,eligible_oof,3,LIVE
TR-005764,2024-09-24,eligible_oof,3,LIVE
TR-007795,2024-09-24,eligible_oof,3,LIVE
TR-008098,2024-09-24,eligible_oof,3,LIVE
TR-008158,2024-09-24,eligible_oof,3,LIVE
TR-002260,2024-09-25,eligible_oof,3,LIVE
TR-002512,2024-09-25,eligible_oof,3,LIVE
TR-004036,2024-09-25,eligible_oof,3,LIVE
TR-005904,2024-09-25,eligible_oof,3,LIVE
TR-007094,2024-09-25,eligible_oof,3,LIVE
TR-007620,2024-09-25,eligible_oof,3,LIVE
TR-008502,2024-09-25,eligible_oof,3,LIVE
TR-009656,2024-09-25,eligible_oof,3,LIVE
TR-009698,2024-09-25,eligible_oof,3,LIVE
TR-000412,2024-09-26,eligible_oof,3,LIVE
TR-000916,2024-09-26,eligible_oof,3,LIVE
TR-004544,2024-09-26,eligible_oof,3,LIVE
TR-004970,2024-09-26,eligible_oof,3,LIVE
TR-004986,2024-09-26,eligible_oof,3,LIVE
TR-005248,2024-09-26,eligible_oof,3,LIVE
TR-006185,2024-09-26,eligible_oof,3,LIVE
TR-006974,2024-09-26,eligible_oof,3,LIVE
TR-008671,2024-09-26,eligible_oof,3,LIVE
TR-000504,2024-09-27,eligible_oof,3,LIVE
TR-001136,2024-09-27,eligible_oof,3,LIVE
TR-001776,2024-09-27,eligible_oof,3,LIVE
TR-002666,2024-09-27,eligible_oof,3,LIVE
TR-007293,2024-09-27,eligible_oof,3,LIVE
TR-007418,2024-09-27,eligible_oof,3,LIVE
TR-007548,2024-09-27,eligible_oof,3,LIVE
TR-008935,2024-09-27,eligible_oof,3,LIVE
TR-008964,2024-09-27,eligible_oof,3,LIVE
TR-000381,2024-09-28,eligible_oof,3,LIVE
TR-002467,2024-09-28,eligible_oof,3,LIVE
TR-004671,2024-09-28,eligible_oof,3,LIVE
TR-004760,2024-09-28,eligible_oof,3,LIVE
TR-005062,2024-09-28,eligible_oof,3,LIVE
TR-006601,2024-09-28,eligible_oof,3,LIVE
TR-008459,2024-09-28,eligible_oof,3,LIVE
TR-008736,2024-09-28,eligible_oof,3,LIVE
TR-008747,2024-09-28,eligible_oof,3,LIVE
TR-000124,2024-09-29,eligible_oof,3,LIVE
TR-001169,2024-09-29,eligible_oof,3,LIVE
TR-003749,2024-09-29,eligible_oof,3,LIVE
TR-005380,2024-09-29,eligible_oof,3,LIVE
TR-007538,2024-09-29,eligible_oof,3,LIVE
TR-008680,2024-09-29,eligible_oof,3,LIVE
TR-008750,2024-09-29,eligible_oof,3,LIVE
TR-002082,2024-09-30,eligible_oof,3,LIVE
TR-002270,2024-09-30,eligible_oof,3,LIVE
TR-003040,2024-09-30,eligible_oof,3,LIVE
TR-003674,2024-09-30,eligible_oof,3,LIVE
TR-003724,2024-09-30,eligible_oof,3,LIVE
TR-007492,2024-09-30,eligible_oof,3,LIVE
TR-009263,2024-09-30,eligible_oof,3,LIVE
TR-000661,2024-10-01,eligible_oof,3,LIVE
TR-001386,2024-10-01,eligible_oof,3,LIVE
TR-001998,2024-10-01,eligible_oof,3,LIVE
TR-002134,2024-10-01,eligible_oof,3,LIVE
TR-005325,2024-10-01,eligible_oof,3,LIVE
TR-006463,2024-10-01,eligible_oof,3,LIVE
TR-006997,2024-10-01,eligible_oof,3,LIVE
TR-007948,2024-10-01,eligible_oof,3,LIVE
TR-008998,2024-10-01,eligible_oof,3,LIVE
TR-009348,2024-10-01,eligible_oof,3,LIVE
TR-001323,2024-10-02,eligible_oof,3,LIVE
TR-001500,2024-10-02,eligible_oof,3,LIVE
TR-001808,2024-10-02,eligible_oof,3,LIVE
TR-004260,2024-10-02,eligible_oof,3,LIVE
TR-008110,2024-10-02,eligible_oof,3,LIVE
TR-008611,2024-10-02,eligible_oof,3,LIVE
TR-000403,2024-10-03,eligible_oof,3,LIVE
TR-001267,2024-10-03,eligible_oof,3,LIVE
TR-001383,2024-10-03,eligible_oof,3,LIVE
TR-002004,2024-10-03,eligible_oof,3,LIVE
TR-002090,2024-10-03,eligible_oof,3,LIVE
TR-002414,2024-10-03,eligible_oof,3,LIVE
TR-002676,2024-10-03,eligible_oof,3,LIVE
TR-003190,2024-10-03,eligible_oof,3,LIVE
TR-003625,2024-10-03,eligible_oof,3,LIVE
TR-004887,2024-10-03,eligible_oof,3,LIVE
TR-006650,2024-10-03,eligible_oof,3,LIVE
TR-007999,2024-10-03,eligible_oof,3,LIVE
TR-008944,2024-10-03,eligible_oof,3,LIVE
TR-000073,2024-10-04,eligible_oof,3,LIVE
TR-001859,2024-10-04,eligible_oof,3,LIVE
TR-002042,2024-10-04,eligible_oof,3,LIVE
TR-003959,2024-10-04,eligible_oof,3,LIVE
TR-004383,2024-10-04,eligible_oof,3,LIVE
TR-004834,2024-10-04,eligible_oof,3,LIVE
TR-006138,2024-10-04,eligible_oof,3,LIVE
TR-006394,2024-10-04,eligible_oof,3,LIVE
TR-006704,2024-10-04,eligible_oof,3,LIVE
TR-007709,2024-10-04,eligible_oof,3,LIVE
TR-008021,2024-10-04,eligible_oof,3,LIVE
TR-009920,2024-10-04,eligible_oof,3,LIVE
TR-000793,2024-10-05,eligible_oof,3,LIVE
TR-003505,2024-10-05,eligible_oof,3,LIVE
TR-004003,2024-10-05,eligible_oof,3,LIVE
TR-004250,2024-10-05,eligible_oof,3,LIVE
TR-005776,2024-10-05,eligible_oof,3,LIVE
TR-006359,2024-10-05,eligible_oof,3,LIVE
TR-006403,2024-10-05,eligible_oof,3,LIVE
TR-007185,2024-10-05,eligible_oof,3,LIVE
TR-007225,2024-10-05,eligible_oof,3,LIVE
TR-008490,2024-10-05,eligible_oof,3,LIVE
TR-009739,2024-10-05,eligible_oof,3,LIVE
TR-001151,2024-10-06,eligible_oof,3,LIVE
TR-001535,2024-10-06,eligible_oof,3,LIVE
TR-003460,2024-10-06,eligible_oof,3,LIVE
TR-004301,2024-10-06,eligible_oof,3,LIVE
TR-004643,2024-10-06,eligible_oof,3,LIVE
TR-006002,2024-10-06,eligible_oof,3,LIVE
TR-006647,2024-10-06,eligible_oof,3,LIVE
TR-006713,2024-10-06,eligible_oof,3,LIVE
TR-007755,2024-10-06,eligible_oof,3,LIVE
TR-008407,2024-10-06,eligible_oof,3,LIVE
TR-009036,2024-10-06,eligible_oof,3,LIVE
TR-009309,2024-10-06,eligible_oof,3,LIVE
TR-000668,2024-10-07,eligible_oof,3,LIVE
TR-001175,2024-10-07,eligible_oof,3,LIVE
TR-001686,2024-10-07,eligible_oof,3,LIVE
TR-002609,2024-10-07,eligible_oof,3,LIVE
TR-003264,2024-10-07,eligible_oof,3,LIVE
TR-004368,2024-10-07,eligible_oof,3,LIVE
TR-005466,2024-10-07,eligible_oof,3,LIVE
TR-006189,2024-10-07,eligible_oof,3,LIVE
TR-006479,2024-10-07,eligible_oof,3,LIVE
TR-007689,2024-10-07,eligible_oof,3,LIVE
TR-008584,2024-10-07,eligible_oof,3,LIVE
TR-008679,2024-10-07,eligible_oof,3,LIVE
TR-008797,2024-10-07,eligible_oof,3,LIVE
TR-000152,2024-10-08,eligible_oof,3,LIVE
TR-003115,2024-10-08,eligible_oof,3,LIVE
TR-004445,2024-10-08,eligible_oof,3,LIVE
TR-005713,2024-10-08,eligible_oof,3,LIVE
TR-005942,2024-10-08,eligible_oof,3,LIVE
TR-006302,2024-10-08,eligible_oof,3,LIVE
TR-006745,2024-10-08,eligible_oof,3,LIVE
TR-007551,2024-10-08,eligible_oof,3,LIVE
TR-007863,2024-10-08,eligible_oof,3,LIVE
TR-000854,2024-10-09,eligible_oof,3,LIVE
TR-003759,2024-10-09,eligible_oof,3,LIVE
TR-006954,2024-10-09,eligible_oof,3,LIVE
TR-007051,2024-10-09,eligible_oof,3,LIVE
TR-008917,2024-10-09,eligible_oof,3,LIVE
TR-009335,2024-10-09,eligible_oof,3,LIVE
TR-000325,2024-10-10,eligible_oof,3,LIVE
TR-000773,2024-10-10,eligible_oof,3,LIVE
TR-001523,2024-10-10,eligible_oof,3,LIVE
TR-006338,2024-10-10,eligible_oof,3,LIVE
TR-007990,2024-10-10,eligible_oof,3,LIVE
TR-008543,2024-10-10,eligible_oof,3,LIVE
TR-009002,2024-10-10,eligible_oof,3,LIVE
TR-009891,2024-10-10,eligible_oof,3,LIVE
TR-000458,2024-10-11,eligible_oof,3,LIVE
TR-000462,2024-10-11,eligible_oof,3,LIVE
TR-000539,2024-10-11,eligible_oof,3,LIVE
TR-001253,2024-10-11,eligible_oof,3,LIVE
TR-001563,2024-10-11,eligible_oof,3,LIVE
TR-002376,2024-10-11,eligible_oof,3,LIVE
TR-002592,2024-10-11,eligible_oof,3,LIVE
TR-003035,2024-10-11,eligible_oof,3,LIVE
TR-003703,2024-10-11,eligible_oof,3,LIVE
TR-004865,2024-10-11,eligible_oof,3,LIVE
TR-005533,2024-10-11,eligible_oof,3,LIVE
TR-006561,2024-10-11,eligible_oof,3,LIVE
TR-006837,2024-10-11,eligible_oof,3,LIVE
TR-007500,2024-10-11,eligible_oof,3,LIVE
TR-007742,2024-10-11,eligible_oof,3,LIVE
TR-008242,2024-10-11,eligible_oof,3,LIVE
TR-008658,2024-10-11,eligible_oof,3,LIVE
TR-009108,2024-10-11,eligible_oof,3,LIVE
TR-009784,2024-10-11,eligible_oof,3,LIVE
TR-000487,2024-10-12,eligible_oof,3,LIVE
TR-004025,2024-10-12,eligible_oof,3,LIVE
TR-004507,2024-10-12,eligible_oof,3,LIVE
TR-005721,2024-10-12,eligible_oof,3,LIVE
TR-007142,2024-10-12,eligible_oof,3,LIVE
TR-007245,2024-10-12,eligible_oof,3,LIVE
TR-007579,2024-10-12,eligible_oof,3,LIVE
TR-007956,2024-10-12,eligible_oof,3,LIVE
TR-008251,2024-10-12,eligible_oof,3,LIVE
TR-000108,2024-10-13,eligible_oof,3,LIVE
TR-001109,2024-10-13,eligible_oof,3,LIVE
TR-001821,2024-10-13,eligible_oof,3,LIVE
TR-002157,2024-10-13,eligible_oof,3,LIVE
TR-002573,2024-10-13,eligible_oof,3,LIVE
TR-002913,2024-10-13,eligible_oof,3,LIVE
TR-003961,2024-10-13,eligible_oof,3,LIVE
TR-005801,2024-10-13,eligible_oof,3,LIVE
TR-006000,2024-10-13,eligible_oof,3,LIVE
TR-006899,2024-10-13,eligible_oof,3,LIVE
TR-008315,2024-10-13,eligible_oof,3,LIVE
TR-009633,2024-10-13,eligible_oof,3,LIVE
TR-000209,2024-10-14,eligible_oof,3,LIVE
TR-000609,2024-10-14,eligible_oof,3,LIVE
TR-000801,2024-10-14,eligible_oof,3,LIVE
TR-001104,2024-10-14,eligible_oof,3,LIVE
TR-001622,2024-10-14,eligible_oof,3,LIVE
TR-004974,2024-10-14,eligible_oof,3,LIVE
TR-005671,2024-10-14,eligible_oof,3,LIVE
TR-006756,2024-10-14,eligible_oof,3,LIVE
TR-007718,2024-10-14,eligible_oof,3,LIVE
TR-007760,2024-10-14,eligible_oof,3,LIVE
TR-000444,2024-10-15,eligible_oof,3,LIVE
TR-001337,2024-10-15,eligible_oof,3,LIVE
TR-001526,2024-10-15,eligible_oof,3,LIVE
TR-002284,2024-10-15,eligible_oof,3,LIVE
TR-002843,2024-10-15,eligible_oof,3,LIVE
TR-003279,2024-10-15,eligible_oof,3,LIVE
TR-003636,2024-10-15,eligible_oof,3,LIVE
TR-007714,2024-10-15,eligible_oof,3,LIVE
TR-008706,2024-10-15,eligible_oof,3,LIVE
TR-009018,2024-10-15,eligible_oof,3,LIVE
TR-002440,2024-10-16,eligible_oof,3,LIVE
TR-004441,2024-10-16,eligible_oof,3,LIVE
TR-006032,2024-10-16,eligible_oof,3,LIVE
TR-006223,2024-10-16,eligible_oof,3,LIVE
TR-007874,2024-10-16,eligible_oof,3,LIVE
TR-009456,2024-10-16,eligible_oof,3,LIVE
TR-000923,2024-10-17,eligible_oof,3,LIVE
TR-001748,2024-10-17,eligible_oof,3,LIVE
TR-002506,2024-10-17,eligible_oof,3,LIVE
TR-005998,2024-10-17,eligible_oof,3,LIVE
TR-009228,2024-10-17,eligible_oof,3,LIVE
TR-001470,2024-10-18,eligible_oof,3,LIVE
TR-001975,2024-10-18,eligible_oof,3,LIVE
TR-003045,2024-10-18,eligible_oof,3,LIVE
TR-003325,2024-10-18,eligible_oof,3,LIVE
TR-004816,2024-10-18,eligible_oof,3,LIVE
TR-005873,2024-10-18,eligible_oof,3,LIVE
TR-005976,2024-10-18,eligible_oof,3,LIVE
TR-007625,2024-10-18,eligible_oof,3,LIVE
TR-000687,2024-10-19,eligible_oof,3,LIVE
TR-002753,2024-10-19,eligible_oof,3,LIVE
TR-003285,2024-10-19,eligible_oof,3,LIVE
TR-003410,2024-10-19,eligible_oof,3,LIVE
TR-003747,2024-10-19,eligible_oof,3,LIVE
TR-005328,2024-10-19,eligible_oof,3,LIVE
TR-006737,2024-10-19,eligible_oof,3,LIVE
TR-008044,2024-10-19,eligible_oof,3,LIVE
TR-008980,2024-10-19,eligible_oof,3,LIVE
TR-009068,2024-10-19,eligible_oof,3,LIVE
TR-009948,2024-10-19,eligible_oof,3,LIVE
TR-002183,2024-10-20,eligible_oof,3,LIVE
TR-002549,2024-10-20,eligible_oof,3,LIVE
TR-003320,2024-10-20,eligible_oof,3,LIVE
TR-003553,2024-10-20,eligible_oof,3,LIVE
TR-004009,2024-10-20,eligible_oof,3,LIVE
TR-007728,2024-10-20,eligible_oof,3,LIVE
TR-008105,2024-10-20,eligible_oof,3,LIVE
TR-008235,2024-10-20,eligible_oof,3,LIVE
TR-009766,2024-10-20,eligible_oof,3,LIVE
TR-009897,2024-10-20,eligible_oof,3,LIVE
TR-000022,2024-10-21,eligible_oof,3,LIVE
TR-001841,2024-10-21,eligible_oof,3,LIVE
TR-003756,2024-10-21,eligible_oof,3,LIVE
TR-004843,2024-10-21,eligible_oof,3,LIVE
TR-005152,2024-10-21,eligible_oof,3,LIVE
TR-007159,2024-10-21,eligible_oof,3,LIVE
TR-007590,2024-10-21,eligible_oof,3,LIVE
TR-007922,2024-10-21,eligible_oof,3,LIVE
TR-008041,2024-10-21,eligible_oof,3,LIVE
TR-008081,2024-10-21,eligible_oof,3,LIVE
TR-008391,2024-10-21,eligible_oof,3,LIVE
TR-008879,2024-10-21,eligible_oof,3,LIVE
TR-009385,2024-10-21,eligible_oof,3,LIVE
TR-009423,2024-10-21,eligible_oof,3,LIVE
TR-009487,2024-10-21,eligible_oof,3,LIVE
TR-009508,2024-10-21,eligible_oof,3,LIVE
TR-001310,2024-10-22,eligible_oof,3,LIVE
TR-003361,2024-10-22,eligible_oof,3,LIVE
TR-004344,2024-10-22,eligible_oof,3,LIVE
TR-005972,2024-10-22,eligible_oof,3,LIVE
TR-006141,2024-10-22,eligible_oof,3,LIVE
TR-008850,2024-10-22,eligible_oof,3,LIVE
TR-008941,2024-10-22,eligible_oof,3,LIVE
TR-009341,2024-10-22,eligible_oof,3,LIVE
TR-001696,2024-10-23,eligible_oof,3,LIVE
TR-003965,2024-10-23,eligible_oof,3,LIVE
TR-004580,2024-10-23,eligible_oof,3,LIVE
TR-004853,2024-10-23,eligible_oof,3,LIVE
TR-004891,2024-10-23,eligible_oof,3,LIVE
TR-007793,2024-10-23,eligible_oof,3,LIVE
TR-009422,2024-10-23,eligible_oof,3,LIVE
TR-001758,2024-10-24,eligible_oof,3,LIVE
TR-002141,2024-10-24,eligible_oof,3,LIVE
TR-002355,2024-10-24,eligible_oof,3,LIVE
TR-003356,2024-10-24,eligible_oof,3,LIVE
TR-003901,2024-10-24,eligible_oof,3,LIVE
TR-005526,2024-10-24,eligible_oof,3,LIVE
TR-006003,2024-10-24,eligible_oof,3,LIVE
TR-008177,2024-10-24,eligible_oof,3,LIVE
TR-001514,2024-10-25,eligible_oof,3,LIVE
TR-003536,2024-10-25,eligible_oof,3,LIVE
TR-004618,2024-10-25,eligible_oof,3,LIVE
TR-004982,2024-10-25,eligible_oof,3,LIVE
TR-005338,2024-10-25,eligible_oof,3,LIVE
TR-005373,2024-10-25,eligible_oof,3,LIVE
TR-005471,2024-10-25,eligible_oof,3,LIVE
TR-007969,2024-10-25,eligible_oof,3,LIVE
TR-008446,2024-10-25,eligible_oof,3,LIVE
TR-008867,2024-10-25,eligible_oof,3,LIVE
TR-010000,2024-10-25,eligible_oof,3,LIVE
TR-005447,2024-10-26,eligible_oof,3,LIVE
TR-007724,2024-10-26,eligible_oof,3,LIVE
TR-008897,2024-10-26,eligible_oof,3,LIVE
TR-009940,2024-10-26,eligible_oof,3,LIVE
TR-000471,2024-10-27,eligible_oof,3,LIVE
TR-000514,2024-10-27,eligible_oof,3,LIVE
TR-001594,2024-10-27,eligible_oof,3,LIVE
TR-002283,2024-10-27,eligible_oof,3,LIVE
TR-002542,2024-10-27,eligible_oof,3,LIVE
TR-003046,2024-10-27,eligible_oof,3,LIVE
TR-003583,2024-10-27,eligible_oof,3,LIVE
TR-003998,2024-10-27,eligible_oof,3,LIVE
TR-005838,2024-10-27,eligible_oof,3,LIVE
TR-007222,2024-10-27,eligible_oof,3,LIVE
TR-009127,2024-10-27,eligible_oof,3,LIVE
TR-000045,2024-10-28,eligible_oof,3,LIVE
TR-000830,2024-10-28,eligible_oof,3,LIVE
TR-001155,2024-10-28,eligible_oof,3,LIVE
TR-004826,2024-10-28,eligible_oof,3,LIVE
TR-005752,2024-10-28,eligible_oof,3,LIVE
TR-006042,2024-10-28,eligible_oof,3,LIVE
TR-007348,2024-10-28,eligible_oof,3,LIVE
TR-009353,2024-10-28,eligible_oof,3,LIVE
TR-009867,2024-10-28,eligible_oof,3,LIVE
TR-006260,2024-10-29,eligible_oof,3,LIVE
TR-006316,2024-10-29,eligible_oof,3,LIVE
TR-008505,2024-10-29,eligible_oof,3,LIVE
TR-008535,2024-10-29,eligible_oof,3,LIVE
TR-008645,2024-10-29,eligible_oof,3,LIVE
TR-009935,2024-10-29,eligible_oof,3,LIVE
TR-000441,2024-10-30,eligible_oof,3,LIVE
TR-001747,2024-10-30,eligible_oof,3,LIVE
TR-001817,2024-10-30,eligible_oof,3,LIVE
TR-002865,2024-10-30,eligible_oof,3,LIVE
TR-003525,2024-10-30,eligible_oof,3,LIVE
TR-005697,2024-10-30,eligible_oof,3,LIVE
TR-007966,2024-10-30,eligible_oof,3,LIVE
TR-008195,2024-10-30,eligible_oof,3,LIVE
TR-009980,2024-10-30,eligible_oof,3,LIVE
TR-000997,2024-10-31,eligible_oof,3,LIVE
TR-001201,2024-10-31,eligible_oof,3,LIVE
TR-004014,2024-10-31,eligible_oof,3,LIVE
TR-004815,2024-10-31,eligible_oof,3,LIVE
TR-005175,2024-10-31,eligible_oof,3,LIVE
TR-005678,2024-10-31,eligible_oof,3,LIVE
TR-006371,2024-10-31,eligible_oof,3,LIVE
TR-006521,2024-10-31,eligible_oof,3,LIVE
TR-007257,2024-10-31,eligible_oof,3,LIVE
TR-008270,2024-10-31,eligible_oof,3,LIVE
TR-009414,2024-10-31,eligible_oof,3,LIVE
TR-001674,2024-11-01,eligible_oof,3,LIVE
TR-005033,2024-11-01,eligible_oof,3,LIVE
TR-007425,2024-11-01,eligible_oof,3,LIVE
TR-008154,2024-11-01,eligible_oof,3,LIVE
TR-008961,2024-11-01,eligible_oof,3,LIVE
TR-000820,2024-11-02,eligible_oof,3,LIVE
TR-001409,2024-11-02,eligible_oof,3,LIVE
TR-002149,2024-11-02,eligible_oof,3,LIVE
TR-003192,2024-11-02,eligible_oof,3,LIVE
TR-004403,2024-11-02,eligible_oof,3,LIVE
TR-008239,2024-11-02,eligible_oof,3,LIVE
TR-000184,2024-11-03,eligible_oof,3,LIVE
TR-002741,2024-11-03,eligible_oof,3,LIVE
TR-003801,2024-11-03,eligible_oof,3,LIVE
TR-005009,2024-11-03,eligible_oof,3,LIVE
TR-005133,2024-11-03,eligible_oof,3,LIVE
TR-005583,2024-11-03,eligible_oof,3,LIVE
TR-006653,2024-11-03,eligible_oof,3,LIVE
TR-007528,2024-11-03,eligible_oof,3,LIVE
TR-007847,2024-11-03,eligible_oof,3,LIVE
TR-008134,2024-11-03,eligible_oof,3,LIVE
TR-008578,2024-11-03,eligible_oof,3,LIVE
TR-009339,2024-11-03,eligible_oof,3,LIVE
TR-001573,2024-11-04,eligible_oof,3,LIVE
TR-005454,2024-11-04,eligible_oof,3,LIVE
TR-005495,2024-11-04,eligible_oof,3,LIVE
TR-005616,2024-11-04,eligible_oof,3,LIVE
TR-006335,2024-11-04,eligible_oof,3,LIVE
TR-007505,2024-11-04,eligible_oof,3,LIVE
TR-001403,2024-11-05,eligible_oof,3,LIVE
TR-002441,2024-11-05,eligible_oof,3,LIVE
TR-004743,2024-11-05,eligible_oof,3,LIVE
TR-007179,2024-11-05,eligible_oof,3,LIVE
TR-007446,2024-11-05,eligible_oof,3,LIVE
TR-008713,2024-11-05,eligible_oof,3,LIVE
TR-001900,2024-11-06,eligible_oof,3,LIVE
TR-002107,2024-11-06,eligible_oof,3,LIVE
TR-002227,2024-11-06,eligible_oof,3,LIVE
TR-002813,2024-11-06,eligible_oof,3,LIVE
TR-003863,2024-11-06,eligible_oof,3,LIVE
TR-006815,2024-11-06,eligible_oof,3,LIVE
TR-007343,2024-11-06,eligible_oof,3,LIVE
TR-009010,2024-11-06,eligible_oof,3,LIVE
TR-009314,2024-11-06,eligible_oof,3,LIVE
TR-003048,2024-11-07,eligible_oof,3,LIVE
TR-003582,2024-11-07,eligible_oof,3,LIVE
TR-004103,2024-11-07,eligible_oof,3,LIVE
TR-004670,2024-11-07,eligible_oof,3,LIVE
TR-005393,2024-11-07,eligible_oof,3,LIVE
TR-005464,2024-11-07,eligible_oof,3,LIVE
TR-005643,2024-11-07,eligible_oof,3,LIVE
TR-005790,2024-11-07,eligible_oof,3,LIVE
TR-008792,2024-11-07,eligible_oof,3,LIVE
TR-000120,2024-11-08,eligible_oof,3,LIVE
TR-001454,2024-11-08,eligible_oof,3,LIVE
TR-002058,2024-11-08,eligible_oof,3,LIVE
TR-003088,2024-11-08,eligible_oof,3,LIVE
TR-006157,2024-11-08,eligible_oof,3,LIVE
TR-008102,2024-11-08,eligible_oof,3,LIVE
TR-008317,2024-11-08,eligible_oof,3,LIVE
TR-008828,2024-11-08,eligible_oof,3,LIVE
TR-009066,2024-11-08,eligible_oof,3,LIVE
TR-009086,2024-11-08,eligible_oof,3,LIVE
TR-000733,2024-11-09,eligible_oof,3,LIVE
TR-000911,2024-11-09,eligible_oof,3,LIVE
TR-001279,2024-11-09,eligible_oof,3,LIVE
TR-001473,2024-11-09,eligible_oof,3,LIVE
TR-001561,2024-11-09,eligible_oof,3,LIVE
TR-003299,2024-11-09,eligible_oof,3,LIVE
TR-006168,2024-11-09,eligible_oof,3,LIVE
TR-006252,2024-11-09,eligible_oof,3,LIVE
TR-006345,2024-11-09,eligible_oof,3,LIVE
TR-006625,2024-11-09,eligible_oof,3,LIVE
TR-006767,2024-11-09,eligible_oof,3,LIVE
TR-007062,2024-11-09,eligible_oof,3,LIVE
TR-007539,2024-11-09,eligible_oof,3,LIVE
TR-007719,2024-11-09,eligible_oof,3,LIVE
TR-008426,2024-11-09,eligible_oof,3,LIVE
TR-008483,2024-11-09,eligible_oof,3,LIVE
TR-009046,2024-11-09,eligible_oof,3,LIVE
TR-009807,2024-11-09,eligible_oof,3,LIVE
TR-001158,2024-11-10,eligible_oof,3,LIVE
TR-002060,2024-11-10,eligible_oof,3,LIVE
TR-002805,2024-11-10,eligible_oof,3,LIVE
TR-004311,2024-11-10,eligible_oof,3,LIVE
TR-004474,2024-11-10,eligible_oof,3,LIVE
TR-006865,2024-11-10,eligible_oof,3,LIVE
TR-007342,2024-11-10,eligible_oof,3,LIVE
TR-009057,2024-11-10,eligible_oof,3,LIVE
TR-001163,2024-11-11,eligible_oof,3,LIVE
TR-001750,2024-11-11,eligible_oof,3,LIVE
TR-003435,2024-11-11,eligible_oof,3,LIVE
TR-003511,2024-11-11,eligible_oof,3,LIVE
TR-004443,2024-11-11,eligible_oof,3,LIVE
TR-005619,2024-11-11,eligible_oof,3,LIVE
TR-006464,2024-11-11,eligible_oof,3,LIVE
TR-006695,2024-11-11,eligible_oof,3,LIVE
TR-007310,2024-11-11,eligible_oof,3,LIVE
TR-009383,2024-11-11,eligible_oof,3,LIVE
TR-000768,2024-11-12,eligible_oof,3,LIVE
TR-001599,2024-11-12,eligible_oof,3,LIVE
TR-002216,2024-11-12,eligible_oof,3,LIVE
TR-002245,2024-11-12,eligible_oof,3,LIVE
TR-002735,2024-11-12,eligible_oof,3,LIVE
TR-004585,2024-11-12,eligible_oof,3,LIVE
TR-004903,2024-11-12,eligible_oof,3,LIVE
TR-005231,2024-11-12,eligible_oof,3,LIVE
TR-006208,2024-11-12,eligible_oof,3,LIVE
TR-006884,2024-11-12,eligible_oof,3,LIVE
TR-006932,2024-11-12,eligible_oof,3,LIVE
TR-007029,2024-11-12,eligible_oof,3,LIVE
TR-007050,2024-11-12,eligible_oof,3,LIVE
TR-007153,2024-11-12,eligible_oof,3,LIVE
TR-008033,2024-11-12,eligible_oof,3,LIVE
TR-009557,2024-11-12,eligible_oof,3,LIVE
TR-009754,2024-11-12,eligible_oof,3,LIVE
TR-000175,2024-11-13,eligible_oof,3,LIVE
TR-003029,2024-11-13,eligible_oof,3,LIVE
TR-003338,2024-11-13,eligible_oof,3,LIVE
TR-004919,2024-11-13,eligible_oof,3,LIVE
TR-005890,2024-11-13,eligible_oof,3,LIVE
TR-007617,2024-11-13,eligible_oof,3,LIVE
TR-008100,2024-11-13,eligible_oof,3,LIVE
TR-009152,2024-11-13,eligible_oof,3,LIVE
TR-009277,2024-11-13,eligible_oof,3,LIVE
TR-009454,2024-11-13,eligible_oof,3,LIVE
TR-001341,2024-11-14,eligible_oof,3,LIVE
TR-001418,2024-11-14,eligible_oof,3,LIVE
TR-001918,2024-11-14,eligible_oof,3,LIVE
TR-002393,2024-11-14,eligible_oof,3,LIVE
TR-002398,2024-11-14,eligible_oof,3,LIVE
TR-003246,2024-11-14,eligible_oof,3,LIVE
TR-004281,2024-11-14,eligible_oof,3,LIVE
TR-005103,2024-11-14,eligible_oof,3,LIVE
TR-006753,2024-11-14,eligible_oof,3,LIVE
TR-007012,2024-11-14,eligible_oof,3,LIVE
TR-007059,2024-11-14,eligible_oof,3,LIVE
TR-007167,2024-11-14,eligible_oof,3,LIVE
TR-007788,2024-11-14,eligible_oof,3,LIVE
TR-007915,2024-11-14,eligible_oof,3,LIVE
TR-008032,2024-11-14,eligible_oof,3,LIVE
TR-000132,2024-11-15,eligible_oof,3,LIVE
TR-000330,2024-11-15,eligible_oof,3,LIVE
TR-001897,2024-11-15,eligible_oof,3,LIVE
TR-002003,2024-11-15,eligible_oof,3,LIVE
TR-002475,2024-11-15,eligible_oof,3,LIVE
TR-002776,2024-11-15,eligible_oof,3,LIVE
TR-002919,2024-11-15,eligible_oof,3,LIVE
TR-003754,2024-11-15,eligible_oof,3,LIVE
TR-005687,2024-11-15,eligible_oof,3,LIVE
TR-005805,2024-11-15,eligible_oof,3,LIVE
TR-007615,2024-11-15,eligible_oof,3,LIVE
TR-008059,2024-11-15,eligible_oof,3,LIVE
TR-008772,2024-11-15,eligible_oof,3,LIVE
TR-009418,2024-11-15,eligible_oof,3,LIVE
TR-000766,2024-11-16,eligible_oof,3,LIVE
TR-003463,2024-11-16,eligible_oof,3,LIVE
TR-004253,2024-11-16,eligible_oof,3,LIVE
TR-005018,2024-11-16,eligible_oof,3,LIVE
TR-005399,2024-11-16,eligible_oof,3,LIVE
TR-005588,2024-11-16,eligible_oof,3,LIVE
TR-006395,2024-11-16,eligible_oof,3,LIVE
TR-007074,2024-11-16,eligible_oof,3,LIVE
TR-007203,2024-11-16,eligible_oof,3,LIVE
TR-007357,2024-11-16,eligible_oof,3,LIVE
TR-007384,2024-11-16,eligible_oof,3,LIVE
TR-008627,2024-11-16,eligible_oof,3,LIVE
TR-009509,2024-11-16,eligible_oof,3,LIVE
TR-000823,2024-11-17,eligible_oof,3,LIVE
TR-001351,2024-11-17,eligible_oof,3,LIVE
TR-002008,2024-11-17,eligible_oof,3,LIVE
TR-002014,2024-11-17,eligible_oof,3,LIVE
TR-002219,2024-11-17,eligible_oof,3,LIVE
TR-004095,2024-11-17,eligible_oof,3,LIVE
TR-007004,2024-11-17,eligible_oof,3,LIVE
TR-007733,2024-11-17,eligible_oof,3,LIVE
TR-000532,2024-11-18,eligible_oof,3,LIVE
TR-001240,2024-11-18,eligible_oof,3,LIVE
TR-003278,2024-11-18,eligible_oof,3,LIVE
TR-003523,2024-11-18,eligible_oof,3,LIVE
TR-006622,2024-11-18,eligible_oof,3,LIVE
TR-006788,2024-11-18,eligible_oof,3,LIVE
TR-006888,2024-11-18,eligible_oof,3,LIVE
TR-007545,2024-11-18,eligible_oof,3,LIVE
TR-008462,2024-11-18,eligible_oof,3,LIVE
TR-009775,2024-11-18,eligible_oof,3,LIVE
TR-009933,2024-11-18,eligible_oof,3,LIVE
TR-001007,2024-11-19,eligible_oof,3,LIVE
TR-001067,2024-11-19,eligible_oof,3,LIVE
TR-001568,2024-11-19,eligible_oof,3,LIVE
TR-002631,2024-11-19,eligible_oof,3,LIVE
TR-005460,2024-11-19,eligible_oof,3,LIVE
TR-006036,2024-11-19,eligible_oof,3,LIVE
TR-006838,2024-11-19,eligible_oof,3,LIVE
TR-009722,2024-11-19,eligible_oof,3,LIVE
TR-009748,2024-11-19,eligible_oof,3,LIVE
TR-001811,2024-11-20,eligible_oof,3,LIVE
TR-001875,2024-11-20,eligible_oof,3,LIVE
TR-002076,2024-11-20,eligible_oof,3,LIVE
TR-003181,2024-11-20,eligible_oof,3,LIVE
TR-009047,2024-11-20,eligible_oof,3,LIVE
TR-009254,2024-11-20,eligible_oof,3,LIVE
TR-009580,2024-11-20,eligible_oof,3,LIVE
TR-002792,2024-11-21,eligible_oof,3,LIVE
TR-004999,2024-11-21,eligible_oof,3,LIVE
TR-006171,2024-11-21,eligible_oof,3,LIVE
TR-006816,2024-11-21,eligible_oof,3,LIVE
TR-000199,2024-11-22,eligible_oof,3,LIVE
TR-001036,2024-11-22,eligible_oof,3,LIVE
TR-003018,2024-11-22,eligible_oof,3,LIVE
TR-003283,2024-11-22,eligible_oof,3,LIVE
TR-003304,2024-11-22,eligible_oof,3,LIVE
TR-003449,2024-11-22,eligible_oof,3,LIVE
TR-003547,2024-11-22,eligible_oof,3,LIVE
TR-005057,2024-11-22,eligible_oof,3,LIVE
TR-007210,2024-11-22,eligible_oof,3,LIVE
TR-008121,2024-11-22,eligible_oof,3,LIVE
TR-008779,2024-11-22,eligible_oof,3,LIVE
TR-008802,2024-11-22,eligible_oof,3,LIVE
TR-009444,2024-11-22,eligible_oof,3,LIVE
TR-001211,2024-11-23,eligible_oof,3,LIVE
TR-003696,2024-11-23,eligible_oof,3,LIVE
TR-003746,2024-11-23,eligible_oof,3,LIVE
TR-004890,2024-11-23,eligible_oof,3,LIVE
TR-006538,2024-11-23,eligible_oof,3,LIVE
TR-007668,2024-11-23,eligible_oof,3,LIVE
TR-008141,2024-11-23,eligible_oof,3,LIVE
TR-008211,2024-11-23,eligible_oof,3,LIVE
TR-008606,2024-11-23,eligible_oof,3,LIVE
TR-009427,2024-11-23,eligible_oof,3,LIVE
TR-009579,2024-11-23,eligible_oof,3,LIVE
TR-002375,2024-11-24,eligible_oof,3,LIVE
TR-006152,2024-11-24,eligible_oof,3,LIVE
TR-007023,2024-11-24,eligible_oof,3,LIVE
TR-007725,2024-11-24,eligible_oof,3,LIVE
TR-008631,2024-11-24,eligible_oof,3,LIVE
TR-009243,2024-11-24,eligible_oof,3,LIVE
TR-009404,2024-11-24,eligible_oof,3,LIVE
TR-000288,2024-11-25,eligible_oof,3,LIVE
TR-002223,2024-11-25,eligible_oof,3,LIVE
TR-004405,2024-11-25,eligible_oof,3,LIVE
TR-005301,2024-11-25,eligible_oof,3,LIVE
TR-005401,2024-11-25,eligible_oof,3,LIVE
TR-005773,2024-11-25,eligible_oof,3,LIVE
TR-006762,2024-11-25,eligible_oof,3,LIVE
TR-006795,2024-11-25,eligible_oof,3,LIVE
TR-006956,2024-11-25,eligible_oof,3,LIVE
TR-008409,2024-11-25,eligible_oof,3,LIVE
TR-009323,2024-11-25,eligible_oof,3,LIVE
TR-009914,2024-11-25,eligible_oof,3,LIVE
TR-000770,2024-11-26,eligible_oof,3,LIVE
TR-001181,2024-11-26,eligible_oof,3,LIVE
TR-005023,2024-11-26,eligible_oof,3,LIVE
TR-005620,2024-11-26,eligible_oof,3,LIVE
TR-005672,2024-11-26,eligible_oof,3,LIVE
TR-005934,2024-11-26,eligible_oof,3,LIVE
TR-008259,2024-11-26,eligible_oof,3,LIVE
TR-009028,2024-11-26,eligible_oof,3,LIVE
TR-000257,2024-11-27,eligible_oof,3,LIVE
TR-001709,2024-11-27,eligible_oof,3,LIVE
TR-002907,2024-11-27,eligible_oof,3,LIVE
TR-002927,2024-11-27,eligible_oof,3,LIVE
TR-003476,2024-11-27,eligible_oof,3,LIVE
TR-003611,2024-11-27,eligible_oof,3,LIVE
TR-004578,2024-11-27,eligible_oof,3,LIVE
TR-004980,2024-11-27,eligible_oof,3,LIVE
TR-007861,2024-11-27,eligible_oof,3,LIVE
TR-009573,2024-11-27,eligible_oof,3,LIVE
TR-000290,2024-11-28,eligible_oof,3,LIVE
TR-000480,2024-11-28,eligible_oof,3,LIVE
TR-001075,2024-11-28,eligible_oof,3,LIVE
TR-001735,2024-11-28,eligible_oof,3,LIVE
TR-006258,2024-11-28,eligible_oof,3,LIVE
TR-007964,2024-11-28,eligible_oof,3,LIVE
TR-008890,2024-11-28,eligible_oof,3,LIVE
TR-009529,2024-11-28,eligible_oof,3,LIVE
TR-001856,2024-11-29,eligible_oof,3,LIVE
TR-002874,2024-11-29,eligible_oof,3,LIVE
TR-005163,2024-11-29,eligible_oof,3,LIVE
TR-005370,2024-11-29,eligible_oof,3,LIVE
TR-005626,2024-11-29,eligible_oof,3,LIVE
TR-005867,2024-11-29,eligible_oof,3,LIVE
TR-006402,2024-11-29,eligible_oof,3,LIVE
TR-007183,2024-11-29,eligible_oof,3,LIVE
TR-008525,2024-11-29,eligible_oof,3,LIVE
TR-009912,2024-11-29,eligible_oof,3,LIVE
TR-000802,2024-11-30,eligible_oof,3,LIVE
TR-002379,2024-11-30,eligible_oof,3,LIVE
TR-004455,2024-11-30,eligible_oof,3,LIVE
TR-005048,2024-11-30,eligible_oof,3,LIVE
TR-009953,2024-11-30,eligible_oof,3,LIVE
TR-000476,2024-12-01,eligible_oof,3,LIVE
TR-003384,2024-12-01,eligible_oof,3,LIVE
TR-004593,2024-12-01,eligible_oof,3,LIVE
TR-004961,2024-12-01,eligible_oof,3,LIVE
TR-005557,2024-12-01,eligible_oof,3,LIVE
TR-006013,2024-12-01,eligible_oof,3,LIVE
TR-006066,2024-12-01,eligible_oof,3,LIVE
TR-000557,2024-12-02,eligible_oof,3,LIVE
TR-001533,2024-12-02,eligible_oof,3,LIVE
TR-001825,2024-12-02,eligible_oof,3,LIVE
TR-002079,2024-12-02,eligible_oof,3,LIVE
TR-003531,2024-12-02,eligible_oof,3,LIVE
TR-003716,2024-12-02,eligible_oof,3,LIVE
TR-004414,2024-12-02,eligible_oof,3,LIVE
TR-004447,2024-12-02,eligible_oof,3,LIVE
TR-004504,2024-12-02,eligible_oof,3,LIVE
TR-004799,2024-12-02,eligible_oof,3,LIVE
TR-004926,2024-12-02,eligible_oof,3,LIVE
TR-005877,2024-12-02,eligible_oof,3,LIVE
TR-007223,2024-12-02,eligible_oof,3,LIVE
TR-008047,2024-12-02,eligible_oof,3,LIVE
TR-008844,2024-12-02,eligible_oof,3,LIVE
TR-009402,2024-12-02,eligible_oof,3,LIVE
TR-009799,2024-12-02,eligible_oof,3,LIVE
TR-000577,2024-12-03,eligible_oof,3,LIVE
TR-000846,2024-12-03,eligible_oof,3,LIVE
TR-003736,2024-12-03,eligible_oof,3,LIVE
TR-004759,2024-12-03,eligible_oof,3,LIVE
TR-006886,2024-12-03,eligible_oof,3,LIVE
TR-007351,2024-12-03,eligible_oof,3,LIVE
TR-008856,2024-12-03,eligible_oof,3,LIVE
TR-009432,2024-12-03,eligible_oof,3,LIVE
TR-000335,2024-12-04,eligible_oof,3,LIVE
TR-001853,2024-12-04,eligible_oof,3,LIVE
TR-002435,2024-12-04,eligible_oof,3,LIVE
TR-004107,2024-12-04,eligible_oof,3,LIVE
TR-004422,2024-12-04,eligible_oof,3,LIVE
TR-004883,2024-12-04,eligible_oof,3,LIVE
TR-005599,2024-12-04,eligible_oof,3,LIVE
TR-005926,2024-12-04,eligible_oof,3,LIVE
TR-006227,2024-12-04,eligible_oof,3,LIVE
TR-006772,2024-12-04,eligible_oof,3,LIVE
TR-006781,2024-12-04,eligible_oof,3,LIVE
TR-008026,2024-12-04,eligible_oof,3,LIVE
TR-008874,2024-12-04,eligible_oof,3,LIVE
TR-009160,2024-12-04,eligible_oof,3,LIVE
TR-009183,2024-12-04,eligible_oof,3,LIVE
TR-000993,2024-12-05,eligible_oof,3,LIVE
TR-001265,2024-12-05,eligible_oof,3,LIVE
TR-001733,2024-12-05,eligible_oof,3,LIVE
TR-001745,2024-12-05,eligible_oof,3,LIVE
TR-002694,2024-12-05,eligible_oof,3,LIVE
TR-002895,2024-12-05,eligible_oof,3,LIVE
TR-004324,2024-12-05,eligible_oof,3,LIVE
TR-005202,2024-12-05,eligible_oof,3,LIVE
TR-000470,2024-12-06,eligible_oof,3,LIVE
TR-000694,2024-12-06,eligible_oof,3,LIVE
TR-001572,2024-12-06,eligible_oof,3,LIVE
TR-001858,2024-12-06,eligible_oof,3,LIVE
TR-001928,2024-12-06,eligible_oof,3,LIVE
TR-002029,2024-12-06,eligible_oof,3,LIVE
TR-002428,2024-12-06,eligible_oof,3,LIVE
TR-002796,2024-12-06,eligible_oof,3,LIVE
TR-005052,2024-12-06,eligible_oof,3,LIVE
TR-005860,2024-12-06,eligible_oof,3,LIVE
TR-007129,2024-12-06,eligible_oof,3,LIVE
TR-009051,2024-12-06,eligible_oof,3,LIVE
TR-009741,2024-12-06,eligible_oof,3,LIVE
TR-000221,2024-12-07,eligible_oof,3,LIVE
TR-001809,2024-12-07,eligible_oof,3,LIVE
TR-004571,2024-12-07,eligible_oof,3,LIVE
TR-006250,2024-12-07,eligible_oof,3,LIVE
TR-006460,2024-12-07,eligible_oof,3,LIVE
TR-006604,2024-12-07,eligible_oof,3,LIVE
TR-006751,2024-12-07,eligible_oof,3,LIVE
TR-007103,2024-12-07,eligible_oof,3,LIVE
TR-007235,2024-12-07,eligible_oof,3,LIVE
TR-008846,2024-12-07,eligible_oof,3,LIVE
TR-008996,2024-12-07,eligible_oof,3,LIVE
TR-009676,2024-12-07,eligible_oof,3,LIVE
TR-000176,2024-12-08,eligible_oof,3,LIVE
TR-003061,2024-12-08,eligible_oof,3,LIVE
TR-004150,2024-12-08,eligible_oof,3,LIVE
TR-004178,2024-12-08,eligible_oof,3,LIVE
TR-004523,2024-12-08,eligible_oof,3,LIVE
TR-008152,2024-12-08,eligible_oof,3,LIVE
TR-008550,2024-12-08,eligible_oof,3,LIVE
TR-009151,2024-12-08,eligible_oof,3,LIVE
TR-002884,2024-12-09,eligible_oof,3,LIVE
TR-003166,2024-12-09,eligible_oof,3,LIVE
TR-004051,2024-12-09,eligible_oof,3,LIVE
TR-005157,2024-12-09,eligible_oof,3,LIVE
TR-005550,2024-12-09,eligible_oof,3,LIVE
TR-006849,2024-12-09,eligible_oof,3,LIVE
TR-007322,2024-12-09,eligible_oof,3,LIVE
TR-008724,2024-12-09,eligible_oof,3,LIVE
TR-009118,2024-12-09,eligible_oof,3,LIVE
TR-000523,2024-12-10,eligible_oof,3,LIVE
TR-002480,2024-12-10,eligible_oof,3,LIVE
TR-002554,2024-12-10,eligible_oof,3,LIVE
TR-002872,2024-12-10,eligible_oof,3,LIVE
TR-004193,2024-12-10,eligible_oof,3,LIVE
TR-004791,2024-12-10,eligible_oof,3,LIVE
TR-006379,2024-12-10,eligible_oof,3,LIVE
TR-007450,2024-12-10,eligible_oof,3,LIVE
TR-009249,2024-12-10,eligible_oof,3,LIVE
TR-000420,2024-12-11,eligible_oof,3,LIVE
TR-000528,2024-12-11,eligible_oof,3,LIVE
TR-002322,2024-12-11,eligible_oof,3,LIVE
TR-003146,2024-12-11,eligible_oof,3,LIVE
TR-004174,2024-12-11,eligible_oof,3,LIVE
TR-004436,2024-12-11,eligible_oof,3,LIVE
TR-004437,2024-12-11,eligible_oof,3,LIVE
TR-005510,2024-12-11,eligible_oof,3,LIVE
TR-006322,2024-12-11,eligible_oof,3,LIVE
TR-007567,2024-12-11,eligible_oof,3,LIVE
TR-008725,2024-12-11,eligible_oof,3,LIVE
TR-008813,2024-12-11,eligible_oof,3,LIVE
TR-000337,2024-12-12,eligible_oof,3,LIVE
TR-002852,2024-12-12,eligible_oof,3,LIVE
TR-003269,2024-12-12,eligible_oof,3,LIVE
TR-003892,2024-12-12,eligible_oof,3,LIVE
TR-003941,2024-12-12,eligible_oof,3,LIVE
TR-004023,2024-12-12,eligible_oof,3,LIVE
TR-005774,2024-12-12,eligible_oof,3,LIVE
TR-007075,2024-12-12,eligible_oof,3,LIVE
TR-009147,2024-12-12,eligible_oof,3,LIVE
TR-000249,2024-12-13,eligible_oof,3,LIVE
TR-004246,2024-12-13,eligible_oof,3,LIVE
TR-004968,2024-12-13,eligible_oof,3,LIVE
TR-005354,2024-12-13,eligible_oof,3,LIVE
TR-006746,2024-12-13,eligible_oof,3,LIVE
TR-009687,2024-12-13,eligible_oof,3,LIVE
TR-009819,2024-12-13,eligible_oof,3,LIVE
TR-009925,2024-12-13,eligible_oof,3,LIVE
TR-000794,2024-12-14,eligible_oof,3,LIVE
TR-001333,2024-12-14,eligible_oof,3,LIVE
TR-005641,2024-12-14,eligible_oof,3,LIVE
TR-006052,2024-12-14,eligible_oof,3,LIVE
TR-009655,2024-12-14,eligible_oof,3,LIVE
TR-001429,2024-12-15,eligible_oof,3,LIVE
TR-001940,2024-12-15,eligible_oof,3,LIVE
TR-002404,2024-12-15,eligible_oof,3,LIVE
TR-002595,2024-12-15,eligible_oof,3,LIVE
TR-002636,2024-12-15,eligible_oof,3,LIVE
TR-005864,2024-12-15,eligible_oof,3,LIVE
TR-006654,2024-12-15,eligible_oof,3,LIVE
TR-007182,2024-12-15,eligible_oof,3,LIVE
TR-007251,2024-12-15,eligible_oof,3,LIVE
TR-007845,2024-12-15,eligible_oof,3,LIVE
TR-008310,2024-12-15,eligible_oof,3,LIVE
TR-008355,2024-12-15,eligible_oof,3,LIVE
TR-000902,2024-12-16,eligible_oof,3,LIVE
TR-000921,2024-12-16,eligible_oof,3,LIVE
TR-001274,2024-12-16,eligible_oof,3,LIVE
TR-001280,2024-12-16,eligible_oof,3,LIVE
TR-002211,2024-12-16,eligible_oof,3,LIVE
TR-003777,2024-12-16,eligible_oof,3,LIVE
TR-008486,2024-12-16,eligible_oof,3,LIVE
TR-001146,2024-12-17,eligible_oof,3,LIVE
TR-001289,2024-12-17,eligible_oof,3,LIVE
TR-002289,2024-12-17,eligible_oof,3,LIVE
TR-002605,2024-12-17,eligible_oof,3,LIVE
TR-005044,2024-12-17,eligible_oof,3,LIVE
TR-006194,2024-12-17,eligible_oof,3,LIVE
TR-007109,2024-12-17,eligible_oof,3,LIVE
TR-007383,2024-12-17,eligible_oof,3,LIVE
TR-007409,2024-12-17,eligible_oof,3,LIVE
TR-007696,2024-12-17,eligible_oof,3,LIVE
TR-009500,2024-12-17,eligible_oof,3,LIVE
TR-000157,2024-12-18,eligible_oof,3,LIVE
TR-000632,2024-12-18,eligible_oof,3,LIVE
TR-000982,2024-12-18,eligible_oof,3,LIVE
TR-001539,2024-12-18,eligible_oof,3,LIVE
TR-002570,2024-12-18,eligible_oof,3,LIVE
TR-003124,2024-12-18,eligible_oof,3,LIVE
TR-003508,2024-12-18,eligible_oof,3,LIVE
TR-006588,2024-12-18,eligible_oof,3,LIVE
TR-006960,2024-12-18,eligible_oof,3,LIVE
TR-007786,2024-12-18,eligible_oof,3,LIVE
TR-008513,2024-12-18,eligible_oof,3,LIVE
TR-000379,2024-12-19,eligible_oof,3,LIVE
TR-000397,2024-12-19,eligible_oof,3,LIVE
TR-001395,2024-12-19,eligible_oof,3,LIVE
TR-001608,2024-12-19,eligible_oof,3,LIVE
TR-002296,2024-12-19,eligible_oof,3,LIVE
TR-003366,2024-12-19,eligible_oof,3,LIVE
TR-003919,2024-12-19,eligible_oof,3,LIVE
TR-005870,2024-12-19,eligible_oof,3,LIVE
TR-007288,2024-12-19,eligible_oof,3,LIVE
TR-009355,2024-12-19,eligible_oof,3,LIVE
TR-009860,2024-12-19,eligible_oof,3,LIVE
TR-001796,2024-12-20,eligible_oof,3,LIVE
TR-001813,2024-12-20,eligible_oof,3,LIVE
TR-004031,2024-12-20,eligible_oof,3,LIVE
TR-005129,2024-12-20,eligible_oof,3,LIVE
TR-005561,2024-12-20,eligible_oof,3,LIVE
TR-005990,2024-12-20,eligible_oof,3,LIVE
TR-006584,2024-12-20,eligible_oof,3,LIVE
TR-006680,2024-12-20,eligible_oof,3,LIVE
TR-008669,2024-12-20,eligible_oof,3,LIVE
TR-000069,2024-12-21,eligible_oof,3,LIVE
TR-001263,2024-12-21,eligible_oof,3,LIVE
TR-003898,2024-12-21,eligible_oof,3,LIVE
TR-003966,2024-12-21,eligible_oof,3,LIVE
TR-004316,2024-12-21,eligible_oof,3,LIVE
TR-005331,2024-12-21,eligible_oof,3,LIVE
TR-005596,2024-12-21,eligible_oof,3,LIVE
TR-005850,2024-12-21,eligible_oof,3,LIVE
TR-007741,2024-12-21,eligible_oof,3,LIVE
TR-007799,2024-12-21,eligible_oof,3,LIVE
TR-008257,2024-12-21,eligible_oof,3,LIVE
TR-009266,2024-12-21,eligible_oof,3,LIVE
TR-009416,2024-12-21,eligible_oof,3,LIVE
TR-000932,2024-12-22,eligible_oof,3,LIVE
TR-002742,2024-12-22,eligible_oof,3,LIVE
TR-004940,2024-12-22,eligible_oof,3,LIVE
TR-005427,2024-12-22,eligible_oof,3,LIVE
TR-005905,2024-12-22,eligible_oof,3,LIVE
TR-006941,2024-12-22,eligible_oof,3,LIVE
TR-007592,2024-12-22,eligible_oof,3,LIVE
TR-009372,2024-12-22,eligible_oof,3,LIVE
TR-000986,2024-12-23,eligible_oof,3,LIVE
TR-001468,2024-12-23,eligible_oof,3,LIVE
TR-002422,2024-12-23,eligible_oof,3,LIVE
TR-002979,2024-12-23,eligible_oof,3,LIVE
TR-005622,2024-12-23,eligible_oof,3,LIVE
TR-005703,2024-12-23,eligible_oof,3,LIVE
TR-007300,2024-12-23,eligible_oof,3,LIVE
TR-009140,2024-12-23,eligible_oof,3,LIVE
TR-000098,2024-12-24,eligible_oof,3,LIVE
TR-000196,2024-12-24,eligible_oof,3,LIVE
TR-000318,2024-12-24,eligible_oof,3,LIVE
TR-000651,2024-12-24,eligible_oof,3,LIVE
TR-002685,2024-12-24,eligible_oof,3,LIVE
TR-003335,2024-12-24,eligible_oof,3,LIVE
TR-008353,2024-12-24,eligible_oof,3,LIVE
TR-008815,2024-12-24,eligible_oof,3,LIVE
TR-009381,2024-12-24,eligible_oof,3,LIVE
TR-009895,2024-12-24,eligible_oof,3,LIVE
TR-000920,2024-12-25,eligible_oof,3,LIVE
TR-002286,2024-12-25,eligible_oof,3,LIVE
TR-003203,2024-12-25,eligible_oof,3,LIVE
TR-003629,2024-12-25,eligible_oof,3,LIVE
TR-004154,2024-12-25,eligible_oof,3,LIVE
TR-005097,2024-12-25,eligible_oof,3,LIVE
TR-005171,2024-12-25,eligible_oof,3,LIVE
TR-006697,2024-12-25,eligible_oof,3,LIVE
TR-008577,2024-12-25,eligible_oof,3,LIVE
TR-000050,2024-12-26,eligible_oof,3,LIVE
TR-000904,2024-12-26,eligible_oof,3,LIVE
TR-001225,2024-12-26,eligible_oof,3,LIVE
TR-001517,2024-12-26,eligible_oof,3,LIVE
TR-007722,2024-12-26,eligible_oof,3,LIVE
TR-008028,2024-12-26,eligible_oof,3,LIVE
TR-008361,2024-12-26,eligible_oof,3,LIVE
TR-008919,2024-12-26,eligible_oof,3,LIVE
TR-009644,2024-12-26,eligible_oof,3,LIVE
TR-009667,2024-12-26,eligible_oof,3,LIVE
TR-009957,2024-12-26,eligible_oof,3,LIVE
TR-000910,2024-12-27,eligible_oof,3,LIVE
TR-001183,2024-12-27,eligible_oof,3,LIVE
TR-002383,2024-12-27,eligible_oof,3,LIVE
TR-002571,2024-12-27,eligible_oof,3,LIVE
TR-002602,2024-12-27,eligible_oof,3,LIVE
TR-002630,2024-12-27,eligible_oof,3,LIVE
TR-003529,2024-12-27,eligible_oof,3,LIVE
TR-005303,2024-12-27,eligible_oof,3,LIVE
TR-006525,2024-12-27,eligible_oof,3,LIVE
TR-008716,2024-12-27,eligible_oof,3,LIVE
TR-008804,2024-12-27,eligible_oof,3,LIVE
TR-000445,2024-12-28,eligible_oof,3,LIVE
TR-000657,2024-12-28,eligible_oof,3,LIVE
TR-001247,2024-12-28,eligible_oof,3,LIVE
TR-004016,2024-12-28,eligible_oof,3,LIVE
TR-005265,2024-12-28,eligible_oof,3,LIVE
TR-005322,2024-12-28,eligible_oof,3,LIVE
TR-005567,2024-12-28,eligible_oof,3,LIVE
TR-006906,2024-12-28,eligible_oof,3,LIVE
TR-007626,2024-12-28,eligible_oof,3,LIVE
TR-008675,2024-12-28,eligible_oof,3,LIVE
TR-009027,2024-12-28,eligible_oof,3,LIVE
TR-009258,2024-12-28,eligible_oof,3,LIVE
TR-009649,2024-12-28,eligible_oof,3,LIVE
TR-000578,2024-12-29,eligible_oof,3,LIVE
TR-002309,2024-12-29,eligible_oof,3,LIVE
TR-003212,2024-12-29,eligible_oof,3,LIVE
TR-003616,2024-12-29,eligible_oof,3,LIVE
TR-005670,2024-12-29,eligible_oof,3,LIVE
TR-005692,2024-12-29,eligible_oof,3,LIVE
TR-006007,2024-12-29,eligible_oof,3,LIVE
TR-007686,2024-12-29,eligible_oof,3,LIVE
TR-009179,2024-12-29,eligible_oof,3,LIVE
TR-009501,2024-12-29,eligible_oof,3,LIVE
TR-001438,2024-12-30,eligible_oof,3,LIVE
TR-002073,2024-12-30,eligible_oof,3,LIVE
TR-005021,2024-12-30,eligible_oof,3,LIVE
TR-005791,2024-12-30,eligible_oof,3,LIVE
TR-006916,2024-12-30,eligible_oof,3,LIVE
TR-000251,2024-12-31,eligible_oof,3,LIVE
TR-002906,2024-12-31,eligible_oof,3,LIVE
TR-003861,2024-12-31,eligible_oof,3,LIVE
TR-004412,2024-12-31,eligible_oof,3,LIVE
TR-004453,2024-12-31,eligible_oof,3,LIVE
TR-007585,2024-12-31,eligible_oof,3,LIVE
TR-008027,2024-12-31,eligible_oof,3,LIVE
