application_id,default_within_90d,Logistic Regression,XGBoost,LightGBM
TR-000030,0,0.1181513193923848,0.086738855,0.09391517885764337
TR-004114,1,0.03368433778084753,0.05194838,0.04407271133789797
TR-002764,0,0.03384054711786094,0.0475405,0.03636840042351618
TR-007223,0,0.008811035340349398,0.025289755,0.027516640023598715
TR-002325,0,0.004963699981937711,0.03194105,0.03010974101829491
TR-009896,0,0.035270564929390014,0.039641455,0.044790961942068004
TR-003241,0,0.1246289542560294,0.09401408,0.066465891940652
TR-003860,0,0.022429416150888892,0.03201904,0.0353628816338701
TR-004051,0,0.0069972574376235795,0.016551174,0.023586089660412358
TR-006226,1,0.08977918574578371,0.1242247,0.12071138159822001
TR-003406,0,0.02407877838597982,0.027018445,0.030255788155727884
TR-000466,0,0.060816746906325214,0.081645675,0.07566609990513075
TR-005430,0,0.0014671367704353025,0.01496722,0.021705661369080764
TR-004728,0,0.0743931674064445,0.10216284,0.08664913274376972
TR-005856,0,0.006630544941582881,0.021319533,0.028601907403312327
TR-000028,0,0.01792360096793344,0.03156092,0.03303480286456192
TR-009485,0,0.032039806140419055,0.026017647,0.02817103836559068
TR-007700,0,0.028400420095898837,0.038401563,0.036178787426301144
TR-008526,0,0.08194809211516003,0.11831645,0.12394418450924115
TR-006985,0,0.4016440517995182,0.3993571,0.30900404156233047
TR-009113,0,0.026561407962407056,0.02983723,0.035249028437626846
TR-007931,0,0.03524919623803206,0.04369084,0.04354249459100129
TR-002689,0,0.007109091773649016,0.020101663,0.026236996194375226
TR-008462,0,0.12196487838115735,0.123844,0.09417820113869084
TR-007096,0,0.00745480932608156,0.020512786,0.024714552825061985
TR-001372,0,0.020580815728313443,0.023631332,0.02803094686802422
TR-009789,0,0.06753721023756729,0.0488572,0.05349694914387485
TR-006481,0,0.0077165065067939355,0.018986162,0.0273444505668141
TR-001643,1,0.06951179715662004,0.058122814,0.056632414754629455
TR-008498,0,0.010788057078313202,0.02273309,0.031036362871690367
TR-002902,0,0.13246295465845392,0.12957756,0.1486905764348308
TR-000736,0,0.02675777663139566,0.031978756,0.034001498608254126
TR-008492,0,0.02054800780813322,0.029849216,0.026727981168526246
TR-003496,0,0.32253382829567995,0.24288031,0.282256584758665
TR-007642,0,0.09460585840432965,0.08312223,0.06492775107880175
TR-007886,0,0.14353399881559556,0.107263334,0.11026623574026322
TR-005246,0,0.025707809979500854,0.03411787,0.04089486445514216
TR-006735,0,0.08413896599603034,0.063180014,0.07369265857643774
TR-008163,0,0.03202598007909748,0.034284245,0.031602210589692016
TR-005368,0,0.1775352592329679,0.2003126,0.20495454665662052
TR-002878,0,0.5042086726711643,0.40618393,0.3562808632372139
TR-005180,0,0.06533415708804012,0.058677595,0.06265987899755658
TR-000077,0,0.03078019632984363,0.030381292,0.028884026115155777
TR-000162,0,0.08877269142079725,0.0706222,0.06871878809829064
TR-006928,0,0.053115249723736054,0.03494537,0.03863243531235277
TR-008147,1,0.12465451472791017,0.11947517,0.1304687823559263
TR-006368,0,0.002163957267778039,0.015536783,0.022574678866481165
TR-008285,0,0.0077752454143472545,0.019385183,0.024669503915547595
TR-008779,0,0.06719217009532073,0.055312406,0.05165460136047211
TR-008091,0,0.02018090445717622,0.027933516,0.02775954729671252
TR-007027,0,0.11495502235140796,0.110495545,0.12033673043087999
TR-000761,0,0.3231171519051793,0.30004242,0.25233912415543835
TR-005950,0,0.024792351022150487,0.032720927,0.03341362069699841
TR-006995,0,0.2581039880017764,0.1576131,0.17778805468916664
TR-000125,0,0.08769749207218433,0.056366477,0.05445173528151705
TR-007300,0,0.02745989980698088,0.043305337,0.03115707113009383
TR-008149,0,0.11574617572911752,0.07995626,0.06451376498850717
TR-007783,0,0.013563473335834237,0.026416652,0.02887447381731948
TR-008834,0,0.12564097908183938,0.13896596,0.15809421385042777
TR-000250,0,0.010363287756219676,0.020964632,0.024439529960254586
TR-006566,0,0.11047053953019086,0.15374488,0.12417766038808349
TR-006644,0,0.058433736967455914,0.06294179,0.08221664100544593
TR-007408,0,0.050487729083081676,0.050751597,0.08578890246652439
TR-003963,1,0.07279010146031024,0.061416782,0.05735507454938417
TR-001565,0,0.08385924223072698,0.11420125,0.1418740671334832
TR-006301,0,0.002024051867244569,0.01455058,0.025398015481628483
TR-000457,0,0.017368345837709843,0.028036665,0.03271724340245784
TR-008718,0,0.012534318560935542,0.024970474,0.030546251404701373
TR-008256,0,0.0951441739357621,0.11415547,0.10090215864116797
TR-007778,0,0.1195408708317182,0.08429594,0.09078088984797442
TR-001594,0,0.010017808814331055,0.03705256,0.033328956190117866
TR-001232,0,0.06855180875059252,0.061959766,0.060832117887763645
TR-006543,0,0.029639089107348516,0.034610298,0.034445255377829845
TR-009229,0,0.005471449340747135,0.014383438,0.022263890237532002
TR-003875,0,0.2084509182965865,0.22321431,0.1857617060284821
TR-002837,0,0.02246848908122913,0.03236098,0.0313845319704342
TR-000482,0,0.1783029252975549,0.1340427,0.17921130407807012
TR-003737,0,0.12955861651933118,0.08130574,0.06755420467275193
TR-005953,1,0.028015521354165233,0.0268745,0.03027331688432515
TR-003853,0,0.19429800590698684,0.23396517,0.28068747033133706
TR-008304,0,0.048601258340003624,0.028358718,0.03335450787714135
TR-009060,0,0.05675788655524988,0.09443704,0.09095335832995487
TR-005040,1,0.05249677521983446,0.029477116,0.03547785678535347
TR-009250,0,0.06943920598870747,0.070949554,0.06505914853703178
TR-001280,0,0.048397941272416485,0.046875414,0.04317526688259336
TR-002612,0,0.06395334357847131,0.0719215,0.05585357585943054
TR-001947,0,0.09452047740434373,0.07193111,0.05589509924213064
TR-005139,0,0.05684794603664638,0.07183648,0.06932593826105125
TR-007374,0,0.042399645381103766,0.0407549,0.04252357490434966
TR-001067,0,0.02561903930805944,0.03221813,0.02962575266591704
TR-008968,0,0.19644931048912648,0.20653823,0.22991550690286616
TR-001354,0,0.03821930278308821,0.0435018,0.03633678203487112
TR-002007,0,0.03009823791805548,0.035567068,0.03512895232072047
TR-009615,0,0.0030109300216981123,0.0142990425,0.021705661369080764
TR-005570,0,0.013582135350302402,0.022988778,0.028000774969497082
TR-004974,0,0.012847698142941994,0.02040309,0.024190212675528403
TR-007221,0,0.04973092975112355,0.07297482,0.08243732424719238
TR-005325,0,0.013228510822211548,0.019561866,0.024669503915547595
TR-008419,0,0.045310527397544785,0.0291996,0.03352833050930094
TR-007555,0,0.055985119096573985,0.05408888,0.048427411423296894
TR-002250,0,0.12895083599719137,0.16572623,0.12110244568535743
TR-007207,0,0.053245555917015124,0.04726062,0.054523770124784016
TR-006161,0,0.07805116700099375,0.08663722,0.10982971796185449
TR-001748,1,0.01778695901014208,0.020655517,0.0273444505668141
TR-008174,0,0.009940534734258209,0.026579797,0.02891958653201327
TR-002936,1,0.04625950016826262,0.04933665,0.05000617847853208
TR-002953,0,0.08034603405121041,0.092244804,0.08275397099021199
TR-009052,0,0.004858276298526322,0.029002564,0.025124590240995674
TR-004688,0,0.02728863846445349,0.044120867,0.04415145104982156
TR-008358,0,0.010809485100080767,0.0155436555,0.022067989064493698
TR-004490,0,0.0700719407371633,0.037186876,0.04123436581644472
TR-007312,0,0.004357184921604783,0.014939687,0.02249028085082986
TR-004562,0,0.10963279680521908,0.10586311,0.12011746263155319
TR-003809,0,0.32236602540782866,0.4045502,0.46264140916470703
TR-001836,0,0.14736834691016876,0.14226563,0.11330746337948776
TR-006006,0,0.018271413992526634,0.028983066,0.028518075980359034
TR-007984,0,0.013051993498023674,0.021859143,0.028928646984075553
TR-006695,0,0.4065427520268363,0.37253767,0.3963743978087659
TR-001639,0,0.10753834374268148,0.0729869,0.053343165797926376
TR-007269,0,0.04492694554394684,0.044620916,0.0421888789809482
TR-003764,0,0.06748528378111378,0.06279009,0.059407957475442745
TR-004644,0,0.007139654538454202,0.02175847,0.024252930475391492
TR-006095,0,0.022959003430042837,0.024040623,0.0284318473284974
TR-001703,0,0.025128644601341742,0.029931076,0.04048650296304158
TR-001988,0,0.022731801673152127,0.04667395,0.04956103568303768
TR-006407,0,0.025881998584379458,0.034695294,0.03550265375324502
TR-001041,0,0.009253388632587062,0.02040642,0.02626016441626851
TR-002491,0,0.008542824163834721,0.016165828,0.023513967726437938
TR-007806,0,0.20728844152674056,0.15766218,0.2025034169306324
TR-000669,0,0.06793534654659436,0.10844798,0.08817300035350632
TR-008991,0,0.026805377343067996,0.035179418,0.03356663590938746
TR-004522,0,0.004854760773446183,0.014037052,0.022592387800458327
TR-007305,0,0.03329676937939581,0.03632426,0.03451416113823469
TR-004980,0,0.08137017158382846,0.07325986,0.0744986034197083
TR-006815,0,0.019007020693203456,0.031235605,0.02630935596598694
TR-003687,0,0.09413413434912703,0.09444815,0.1259944399097308
TR-004072,0,0.10716616633056031,0.12619187,0.10239595231026746
TR-000621,0,0.23075662218844561,0.22223797,0.22030075285558393
TR-009314,0,0.01804848754626264,0.024181047,0.03067839896580314
TR-006294,0,0.11235574282563635,0.124782465,0.10387974585055983
TR-002272,0,0.4587844082217392,0.5016337,0.38359387244763093
TR-001614,1,0.24581463844208834,0.37463325,0.43811543768724853
TR-000598,1,0.046371528863415744,0.0637451,0.06842574970764628
TR-005636,0,0.06572748009440693,0.067944854,0.06901396474796975
TR-008672,0,0.02133142287189254,0.023333844,0.026032308443748296
TR-000021,0,0.0054880494393976555,0.022311313,0.026283508523290703
TR-000606,0,0.07717522028540112,0.113239825,0.11601352532223007
TR-007656,0,0.1513435785589251,0.15163991,0.1427670825962417
TR-003464,0,0.018200315413711313,0.030646682,0.032889957696749544
TR-009286,0,0.016459637044371284,0.022000985,0.024669503915547595
TR-007456,0,0.032072121409214185,0.03453712,0.03155744588303837
TR-000344,0,0.010850261928077054,0.024146749,0.028988983627972392
TR-004375,0,0.04313869265470942,0.04484342,0.0484784036139154
TR-008908,0,0.02069399462097418,0.02411143,0.026995007442706567
TR-008377,0,0.32341313830409596,0.32335752,0.31570250977265457
TR-001044,0,0.004148441389767006,0.01461105,0.023513967726437938
TR-006698,0,0.034883163157324856,0.04422716,0.045896021785594855
TR-002820,0,0.028221091842947917,0.033548303,0.03149597726884547
TR-002967,0,0.1366096198769491,0.07156189,0.0808279315566104
TR-002676,0,0.007272094776685647,0.021956705,0.02831208601492913
TR-005483,0,0.021157875103735665,0.033581305,0.02603509499465334
TR-004327,0,0.14057180082940507,0.15360351,0.2196194616307056
TR-001903,0,0.062290372069537095,0.058058277,0.049338285026505856
TR-004211,0,0.13396742047603263,0.11172288,0.13240201299193058
TR-002090,0,0.011223207507529217,0.022019537,0.02364288450588894
TR-005122,0,0.02074470518942833,0.026092602,0.029546935488625532
TR-008186,0,0.0906156670398031,0.061935853,0.047274907505535355
TR-008879,0,0.015316757853853108,0.02841354,0.02898422567293683
TR-003938,0,0.40836033210839245,0.50043494,0.45903445827408673
TR-007041,0,0.03501987438373898,0.054442357,0.03741523409184496
TR-006687,0,0.17545688593851086,0.13747674,0.16353508188572377
TR-002107,0,0.6299072614093538,0.47862798,0.48962849324885954
TR-003437,0,0.03374111370737871,0.04272575,0.03785526790447424
TR-008248,1,0.20565702483567724,0.2363613,0.25456104882113684
TR-001949,0,0.27840614087267834,0.33391318,0.325636706473962
TR-001992,0,0.43887266937221403,0.34688678,0.263601959697213
TR-008230,1,0.07577392568077124,0.092211224,0.09348470735710769
TR-000787,0,0.05734145863079286,0.073481396,0.09747508579150581
TR-007848,0,0.011648580598219055,0.022533035,0.02391815971577223
TR-004371,0,0.011185332361243213,0.026994532,0.02904888913021433
TR-006340,0,0.009571049432549229,0.029175185,0.026579836382802476
TR-006234,0,0.015360213615042133,0.03188661,0.03446490615792962
TR-005487,0,0.026395641112162783,0.032785196,0.030177229058010527
TR-002617,0,0.0312682124028518,0.043122817,0.04234156514498198
TR-006067,1,0.06231641308483176,0.060663737,0.10932086925642044
TR-005292,0,0.013737182609452543,0.033482905,0.03722159860053182
TR-004812,0,0.021426082868853887,0.024163755,0.025908726666836357
TR-002992,0,0.038527567574122935,0.034667213,0.033864819063398534
TR-006613,0,0.07177143464467395,0.086241074,0.11371573974126523
TR-008786,0,0.0065245858561714795,0.02105212,0.03000667659634206
TR-006762,0,0.05415477063776604,0.05347277,0.03984248775069142
TR-006696,0,0.22377803562910858,0.30461818,0.27507220591120496
TR-005946,0,0.022561198428450547,0.042185575,0.04752263887202133
TR-004994,0,0.0227719076398713,0.03214671,0.03417600169602503
TR-005311,0,0.21602347268357738,0.1693546,0.18475786390415389
TR-004767,0,0.018016623550900397,0.032472298,0.026893808268310178
TR-009882,0,0.031425362462452706,0.03151979,0.03405402850687798
TR-008996,0,0.10149589061162094,0.08569336,0.08170457079218275
TR-009317,0,0.031060691779418118,0.02791247,0.03794333746904515
TR-004269,0,0.013386688230821174,0.020561544,0.02561611094971798
TR-006535,0,0.024238570453847117,0.03154541,0.034235043882196545
TR-000757,0,0.01513721696355794,0.02121611,0.02479546210599562
TR-002299,0,0.033606891533059166,0.036938164,0.03394153945407352
TR-002224,0,0.05361952982591292,0.058122814,0.052073595179153095
TR-005847,0,0.04197132576722859,0.05384731,0.048339803183263
TR-006068,0,0.06063103522965244,0.06884004,0.06492106517927283
TR-003280,0,0.18866038710905128,0.19201286,0.22321277132018483
TR-001778,0,0.046883513251635714,0.04123918,0.03454739883910862
TR-002190,0,0.21940384964716503,0.27309763,0.2867952935984845
TR-006886,0,0.4012430125602818,0.33415785,0.2925763119784561
TR-003010,0,0.039046965719190675,0.03296802,0.04709963415973322
TR-000636,0,0.014698966223116092,0.02601735,0.03366732442270854
TR-007718,0,0.015594483799930487,0.028962024,0.0347001937592467
TR-007679,0,0.009538425415600864,0.01860023,0.023319442145065542
TR-007542,0,0.003952122310524234,0.023919359,0.02881729297085297
TR-003563,0,0.03536601720903216,0.03959559,0.042026514596139514
TR-000449,0,0.03198847821712858,0.029340357,0.03406803908574497
TR-004020,0,0.0072133571036882135,0.019445257,0.02426356520784661
TR-001711,0,0.023221104497636477,0.034247857,0.03452901225897891
TR-002508,0,0.015496333984000056,0.021794597,0.02486524189724859
TR-003606,0,0.017490458924564186,0.030543022,0.03528641599219674
TR-002635,1,0.3147877853409177,0.27995923,0.19903435322420077
TR-004464,0,0.039219730908100055,0.034558434,0.035308820468525494
TR-003673,0,0.20953931332488504,0.20211901,0.1914807725809997
TR-004950,1,0.32089377442873174,0.40208566,0.4833254409240399
TR-008056,0,0.20536594718305057,0.13832387,0.16375186683884965
TR-006891,0,0.1170708987512267,0.13797946,0.1417714762908044
TR-009725,0,0.01786020710311492,0.035756912,0.03318870967272393
TR-001415,0,0.005519617719484919,0.019337425,0.02382142340279512
TR-008105,1,0.15501771886690732,0.11327013,0.1093201775916153
TR-005711,0,0.006819432282082579,0.02624648,0.03902133201926379
TR-001493,0,0.0048327388112773045,0.019850321,0.023137346879788693
TR-009217,0,0.015940016719622606,0.024056688,0.025799789166088365
TR-004785,0,0.041662637179962186,0.033832524,0.03485764729008565
TR-005176,0,0.013083109281184674,0.021316623,0.024311342047002908
TR-007779,0,0.013743656463789729,0.021563059,0.026830249236854994
TR-009186,0,0.033773456593651406,0.04486063,0.05052618639253757
TR-006128,0,0.006469008759786101,0.021634016,0.02440722545617085
TR-005628,0,0.09431889134413134,0.083959565,0.10120389284291958
TR-001257,0,0.20818028673059708,0.19257608,0.13006088596595833
TR-009753,0,0.016883264068828945,0.027380494,0.032738892760562875
TR-005755,0,0.03522898880678832,0.041101206,0.03313201306250001
TR-005539,0,0.014873859813948844,0.020701548,0.02375132840244639
TR-006647,0,0.007397479229855491,0.031881925,0.03577939449115352
TR-006632,0,0.04686587047671579,0.051934436,0.05022594730631556
TR-008336,0,0.026782010978917067,0.03915984,0.03932721917887384
TR-005735,0,0.11993692691193451,0.15486325,0.1382439543103586
TR-002195,0,0.03773147563324849,0.033854056,0.03788435746333238
TR-007829,0,0.066268304396196,0.08476668,0.0889273680117594
TR-000492,0,0.007660923201044741,0.024068456,0.025670854965705293
TR-009926,0,0.056051567355496344,0.059342094,0.053656431985475636
TR-009528,0,0.003875007738219684,0.014331606,0.022560247412546985
TR-007513,0,0.03280096677613522,0.04361977,0.039994669941755524
TR-008196,0,0.092806727874647,0.102701984,0.09309707237205554
TR-004169,0,0.05258920994734866,0.06524969,0.0655280722133459
TR-001623,0,0.05369886048363035,0.06420639,0.06417650385648821
TR-000307,0,0.0281872281327993,0.03348161,0.03269937166005992
TR-004477,0,0.033381959086888,0.030738454,0.03247963742948825
TR-009226,0,0.02114432954070643,0.038726885,0.040058935627324314
TR-002859,0,0.0161974276305302,0.024904141,0.025560266521922993
TR-003547,0,0.02397967953406817,0.033780213,0.039314511632815054
TR-004059,0,0.04895172157941879,0.04801377,0.04015313675069847
TR-007719,0,0.02774626865582136,0.03402489,0.031467034109367235
TR-000089,0,0.497678286637671,0.53348744,0.4939000238571215
TR-001830,0,0.03244350485517672,0.03803518,0.035450940109801335
TR-000013,0,0.0051128002112352175,0.019204184,0.023054945906818024
TR-004722,0,0.019855555756943144,0.031405143,0.034848906585147055
TR-009299,0,0.15105490319469833,0.11671747,0.1082436390831232
TR-003433,1,0.04565449785020423,0.037789423,0.03402595881139341
TR-001900,0,0.16883688150981435,0.14560395,0.11253606187690793
TR-005543,0,0.01826929824946928,0.0315656,0.034830458011966825
TR-000458,1,0.10510799850175229,0.15553795,0.14133277942944877
TR-008023,0,0.013632691775630534,0.022085445,0.027783705367786744
TR-009950,0,0.04592156813553352,0.04959245,0.054663676279848555
TR-009166,0,0.0050717714592107615,0.020021616,0.022880781805024456
TR-000303,0,0.006890145523267065,0.015633278,0.02227824657084876
TR-003114,0,0.1656398806982531,0.22398928,0.18209561422275647
TR-004894,0,0.015029765064764646,0.028199868,0.02938619729938357
TR-002540,0,0.006173572210343685,0.018801345,0.023155952214538863
TR-001033,0,0.033188779474217465,0.037232053,0.04265814932180209
TR-002930,0,0.0957392434580685,0.082845226,0.08717560502314674
TR-002146,0,0.07520977870507833,0.07147978,0.0702753788052462
TR-005415,0,0.07629855642944078,0.12823185,0.13531932393031637
TR-004981,0,0.08499700608607089,0.0815499,0.07666314246047785
TR-001466,1,0.20721339682763393,0.24422267,0.1899997399148407
TR-001011,1,0.5507569838814798,0.42447168,0.3393332176759119
TR-003017,0,0.2604032175509686,0.18531415,0.19002131522815005
TR-004208,0,0.01846636798021257,0.03176866,0.037035964637379584
TR-003908,0,0.03480387184542786,0.038621392,0.03418152998359941
TR-004463,0,0.10185294187252987,0.079524696,0.08093446487343768
TR-009505,0,0.010965369733447482,0.01736265,0.02375276095974211
TR-000739,0,0.01105727181387295,0.016736453,0.023513967726437938
TR-005844,0,0.027443534196358144,0.032761864,0.030842452121407803
TR-002417,0,0.04995542091691169,0.056404408,0.06338632654680353
TR-009814,0,0.05274803758106253,0.051440388,0.04589036341563148
TR-009701,0,0.27604013314578807,0.17572817,0.23230798234016764
TR-003641,0,0.021496788900554842,0.029324336,0.030286414311079084
TR-009134,1,0.13648556846139595,0.07864465,0.06596496694105608
TR-008545,0,0.02133382596311764,0.03130405,0.031088374200195144
TR-006445,0,0.03209794221746034,0.040645614,0.04342780533457093
TR-008206,0,0.05648227264738467,0.058700483,0.0793910216638236
TR-008772,0,0.028131312551923398,0.02995009,0.029836262501719796
TR-002099,0,0.21980434007618488,0.14413856,0.13400823873258952
TR-007674,0,0.005469541985865007,0.020286212,0.026741795271636015
TR-005873,0,0.017108494181031067,0.028418072,0.026065899972821677
TR-003910,0,0.020735146199181875,0.030809741,0.03282239779083139
TR-004875,1,0.6360957110248034,0.64239436,0.651770212749277
TR-005020,0,0.06125959741077333,0.054107662,0.0759962215260129
TR-000175,0,0.15705175492882076,0.1300039,0.13440479223134305
TR-002588,0,0.012884899804410146,0.022805108,0.025119148733927392
TR-007274,0,0.01531350288023376,0.021929601,0.02477991931286925
TR-001409,0,0.03280352090082484,0.030598762,0.03302113898449502
TR-002501,0,0.02171753636727338,0.031163085,0.031154052355868777
TR-008685,0,0.13729814609407803,0.14821869,0.1598235263702715
TR-009128,0,0.04597807487048628,0.056984805,0.052720225030138415
TR-006790,0,0.023667961512997684,0.031847343,0.04368452644563377
TR-001837,0,0.006679777942205551,0.024649821,0.02226041717732797
TR-002703,0,0.0409487467835743,0.052647877,0.05220581194795705
TR-001329,0,0.031166808410045203,0.04336822,0.039425347248188906
TR-009064,1,0.029084018853578926,0.029660305,0.035581747490467684
TR-007995,0,0.06190287152600383,0.095351994,0.09263983614841129
TR-007954,0,0.03994375828629926,0.04255255,0.04488717071360572
TR-008645,0,0.057645148027747964,0.050634157,0.04221440959598383
TR-000527,0,0.07997426281516115,0.050483964,0.04873431268148953
TR-008775,0,0.033024167392994914,0.031842653,0.02834468018725758
TR-004815,0,0.4581103783944794,0.21015735,0.22629961282608374
TR-009264,0,0.05047946129735748,0.047560714,0.046096717631596805
TR-006948,0,0.045081556082808345,0.07265732,0.059899489515735344
TR-003341,0,0.0896033148538551,0.060433593,0.04615988015074375
TR-003491,0,0.06840771869359649,0.053528123,0.06921959357938447
TR-004146,1,0.17057105456811728,0.15416712,0.19144392201036356
TR-000769,0,0.019784191861814623,0.028448617,0.031790708846959906
TR-004134,0,0.028677118786243128,0.032338865,0.037974633714071386
TR-006165,0,0.02430544330401322,0.030913437,0.03868924086579451
TR-007337,0,0.03454602814040122,0.047020625,0.051944008777181624
TR-007601,1,0.5022082039571704,0.5224603,0.4819468162302933
TR-007702,0,0.016625298078379504,0.02692971,0.030039194068269562
TR-004821,1,0.07362158876826794,0.048332464,0.04679504935582462
TR-002966,0,0.039458339954341524,0.056487173,0.045320260497983114
TR-008902,1,0.17902713457951241,0.21174605,0.17249509780010985
TR-000529,0,0.038899848606054624,0.044919908,0.04804791034794495
TR-005248,0,0.06941249256033388,0.06833464,0.07149773604114841
TR-008753,0,0.009362860918444734,0.01949241,0.023109658773033392
TR-002602,0,0.011077784540371005,0.025904248,0.028080193644057134
TR-004705,0,0.045244793329280636,0.04958927,0.04637967897667199
TR-004633,1,0.020070058978968398,0.027501523,0.031328448202386824
TR-008086,0,0.025632378606053857,0.03665839,0.039290960770794206
TR-001516,0,0.06356125777957451,0.053012606,0.041112758065055856
TR-006078,0,0.02518399435253017,0.028432332,0.030116786035235304
TR-009982,0,0.021507696680933126,0.028892167,0.030330081111914296
TR-002590,0,0.12912635288043553,0.08019918,0.07561806066652137
TR-005975,0,0.03619496372527376,0.03951873,0.034636895794560925
TR-006904,0,0.11870737772298938,0.09425665,0.12600005269528902
TR-009268,0,0.0265097120182984,0.030612905,0.03426978852927842
TR-009341,0,0.003914078435227559,0.01400493,0.02218062777334943
TR-006213,1,0.2885313372563405,0.25032297,0.22582485963415114
TR-002547,0,0.05614467890193948,0.0380558,0.048962302262066576
TR-004417,1,0.5377483401928307,0.347274,0.3887664226477848
TR-001818,0,0.02173803380967716,0.027761098,0.029634357639952685
TR-000521,0,0.020218203209557885,0.027264867,0.02912820036176977
TR-002938,0,0.3236728214000955,0.1927108,0.2077273045727721
TR-006133,0,0.0531665061623637,0.037914786,0.050206704693759444
TR-009096,0,0.03216240468451915,0.043659154,0.05019307588971527
TR-000032,0,0.3057130596427397,0.20672101,0.20352782658776075
TR-000385,0,0.11646004938948558,0.11630274,0.10624047971751438
TR-004168,0,0.10798299633657983,0.12232808,0.1280549514272109
TR-006529,0,0.027102594224519355,0.029458515,0.03117709960493783
TR-003031,0,0.23596635714512387,0.23561788,0.19721999654364022
TR-006584,0,0.02585999196845074,0.03486301,0.03987327457793162
TR-003799,0,0.1443848632691519,0.18249688,0.19530420630460552
TR-002401,0,0.07109388015598919,0.099547036,0.1317130158471374
TR-004008,0,0.09976441397420521,0.13761973,0.15730341086605956
TR-007400,0,0.005489393717386761,0.02321544,0.027481441215371438
TR-003379,0,0.02210449546631228,0.029168764,0.03040636111252225
TR-009142,0,0.185016789831317,0.17249992,0.16003402723739796
TR-000193,0,0.0642937611905771,0.051010117,0.05894021893519379
TR-008684,0,0.1400424401721284,0.07067194,0.08275075758860871
TR-004018,0,0.004774934484705661,0.019154329,0.023931438679240528
TR-001246,0,0.08834742046328917,0.1243031,0.11324351162721259
TR-005888,0,0.07003630089082033,0.086181045,0.08846437338201034
TR-009630,1,0.11507609835725743,0.10396519,0.08610894756868588
TR-003025,0,0.026381011733587346,0.03335256,0.032584305744544385
TR-000776,0,0.009505011736519069,0.020940779,0.02835534487079665
TR-007109,0,0.024982471215317926,0.043327004,0.02925930130060865
TR-000382,0,0.10580158685995762,0.09197492,0.08479536169847503
TR-003822,1,0.12323627198434692,0.06688538,0.06378413601388322
TR-005405,1,0.5766423294031593,0.58427835,0.5637110190529998
TR-003739,0,0.056311412513013,0.10130561,0.0924876399160019
TR-008059,0,0.021205158596885633,0.02800384,0.03600855562029252
TR-003540,0,0.06468502590568338,0.06369858,0.059420651917832225
TR-009433,0,0.047678522532551774,0.05249356,0.05157482233432991
TR-004819,0,0.04322154077662226,0.046630215,0.05268686178621593
TR-000272,0,0.05981949678490072,0.059373237,0.03808317664299474
TR-000331,0,0.03290139500070639,0.040606067,0.046102705295745734
TR-006108,0,0.04661671506559895,0.03623993,0.043922232893845864
TR-005638,0,0.015463558229475878,0.024368225,0.025575844401323256
TR-007367,1,0.05470279123633567,0.062711306,0.08712532205826261
TR-001923,1,0.5477129612307857,0.6021582,0.602986929530059
TR-003727,0,0.032419604857460926,0.03709951,0.03662863478521449
TR-001826,0,0.007671473868073308,0.025404548,0.028356561548823826
TR-000336,0,0.02652742761935004,0.034615763,0.04167880682690237
TR-007186,1,0.2219380057949855,0.21721366,0.27351743094677444
TR-000485,1,0.6140892861529506,0.67399025,0.5909589437722719
TR-009720,0,0.17305702378290336,0.17532349,0.14292991357034204
TR-007006,0,0.04110577152302439,0.04038953,0.04430601040789755
TR-005733,0,0.04294528672842526,0.058187533,0.06082356727478197
TR-009484,0,0.022016066125951368,0.031657632,0.030178249439754022
TR-002741,0,0.04803539621373847,0.041665267,0.03184532867867912
TR-000789,0,0.02455379628210366,0.060695153,0.04056883953909703
TR-002101,0,0.012981821646921902,0.020312896,0.0258536326749784
TR-008655,0,0.3329435416045168,0.4030828,0.39903759268896943
TR-005295,0,0.002542559054809914,0.015386696,0.021705661369080764
TR-003733,0,0.2716396219160081,0.14373006,0.12722702631884664
TR-008804,0,0.1666878351870419,0.19839223,0.12877766928883758
TR-002459,0,0.030157417412219535,0.033390447,0.03333399639640265
TR-009533,0,0.09710267734311259,0.11813626,0.1568242422301446
TR-003265,0,0.017125609235771295,0.024859188,0.027785897765118993
TR-009121,0,0.014263166933968209,0.026921554,0.03250044289040393
TR-005578,0,0.007324426259309983,0.015528412,0.02218062777334943
TR-008969,0,0.03090917567498343,0.049178693,0.052931033017099255
TR-006864,0,0.004818132659760745,0.019472606,0.022802779347218086
TR-004513,0,0.30207430199451973,0.34296283,0.24793462733490865
TR-006710,1,0.3807806831918233,0.35323527,0.330409961678299
TR-007536,0,0.15855600532998795,0.08506772,0.08251070861834188
TR-006542,0,0.030081333895701765,0.038123507,0.038103313722719696
TR-005786,0,0.030807917681385667,0.035705246,0.03735508832669824
TR-009447,0,0.029007727269777205,0.041781563,0.0331341875377593
TR-008263,0,0.035617935989449345,0.04326252,0.03344767991025637
TR-003096,0,0.05721840254418728,0.053748034,0.039426996641998585
TR-009335,0,0.04831753801671104,0.043748237,0.04599034954455565
TR-006028,0,0.04103348046183186,0.030881431,0.026775973662926802
TR-004399,0,0.07604104031162494,0.12054901,0.13625666450799925
TR-007185,0,0.007259525100086004,0.014721329,0.021705661369080764
TR-008704,0,0.007736779387509739,0.015254393,0.023513967726437938
TR-006316,0,0.01617096606910804,0.025596872,0.03158969034200613
TR-005111,0,0.005915110498498072,0.026606094,0.02548430856336871
TR-001322,0,0.02677190144403032,0.033962086,0.03562000879521644
TR-009039,0,0.011751808072306906,0.03404175,0.035336409477659994
TR-000433,0,0.05910358085727811,0.06955444,0.07509965189614717
TR-000345,0,0.11450169514519987,0.080246255,0.05876742371233603
TR-001608,0,0.3207135515738902,0.3089214,0.26308603516886103
TR-003041,0,0.013722271390993421,0.025977263,0.02984484649196828
TR-000932,0,0.07478461705403257,0.05891282,0.07074340028835721
TR-004879,0,0.11638575428142257,0.09037995,0.11248494049496058
TR-001760,0,0.03028968958043823,0.03240053,0.04014357480150612
TR-001709,0,0.037760025165565536,0.050810453,0.04158823462560727
TR-006975,0,0.02288807732357599,0.039839745,0.03795932841381617
TR-006393,0,0.0602222295324275,0.05770293,0.059488498328839
TR-004900,0,0.06720877898816131,0.0952336,0.09585419704033998
TR-004861,0,0.07034893416517933,0.11309091,0.126876171057259
TR-005219,0,0.031714174104487305,0.055400528,0.052202830534334214
TR-008807,0,0.018458246882360103,0.024984855,0.03487661188676273
TR-005137,0,0.0387220108158392,0.05020098,0.05646466839049115
TR-009312,0,0.007606153747031078,0.01513119,0.022263890237532002
TR-004963,0,0.003079214566824019,0.015026819,0.02218062777334943
TR-007878,0,0.0875289281938372,0.05548978,0.0531253412792541
TR-002473,1,0.2500933742192616,0.19785485,0.17287397610085853
TR-009670,0,0.013548019304560063,0.027528344,0.02849957736901293
TR-000927,0,0.017619294638319304,0.028023155,0.03186163007176206
TR-008732,0,0.01797644980849131,0.038800333,0.04474350543246244
TR-003312,0,0.15439625630978288,0.16791953,0.12660138514222505
TR-007900,0,0.011666589549295402,0.019868057,0.024035031279345198
TR-009174,1,0.0667030735096661,0.05794942,0.0639043686338397
TR-006949,0,0.01731717760639954,0.023495385,0.024419069237567245
TR-009979,0,0.008755080773126403,0.032782838,0.0362366783305513
TR-004999,0,0.006313974058755673,0.029153693,0.02612297362888593
TR-004097,1,0.14620546901877915,0.14979805,0.1306563861858382
TR-001018,0,0.009417954986584527,0.017520562,0.02364460922281807
TR-003027,0,0.010525820404129395,0.020762045,0.028000774969497082
TR-005521,0,0.016891101858801806,0.024115672,0.02702260723817371
TR-004622,0,0.07542363969275175,0.05882707,0.046750271926853555
TR-004626,0,0.01370839144757185,0.022362504,0.028988983627972392
TR-003810,0,0.01733044834806067,0.032427803,0.038652268256005866
TR-001662,0,0.0006858314484393921,0.013880764,0.022263890237532002
TR-005078,0,0.5481168639459476,0.5015287,0.4832010550457105
TR-007339,0,0.18738641502868475,0.13790818,0.11611696581496186
TR-008200,0,0.015563263490600476,0.01919709,0.026513753255195484
TR-002569,0,0.052524699298461874,0.049380563,0.05801271135018027
TR-004104,0,0.12907128710407714,0.15340039,0.20465736485560174
TR-004383,0,0.086405985768139,0.06986321,0.07323913487160265
TR-003323,0,0.03198360180392458,0.04703849,0.04344164006811094
TR-008973,0,0.00961041638139987,0.022639116,0.027756650406326553
TR-004996,1,0.22648835935909462,0.19588308,0.18368795155566212
TR-009260,0,0.009974185539787161,0.025912,0.03815874140336979
TR-006383,0,0.15513752406919906,0.109787345,0.12531372264103535
TR-002340,0,0.040615638166151456,0.048018023,0.04649356913752924
TR-000541,0,0.007151247934606251,0.02063631,0.02397245097530619
TR-000450,0,0.02046268430191862,0.029111579,0.02912820036176977
TR-001359,0,0.08134454726074268,0.08765948,0.09683390850814438
TR-003771,1,0.17460269315472288,0.08030031,0.0723674507901303
TR-001299,0,0.0938075570821788,0.14576823,0.1618405289144102
TR-003883,0,0.05858728170314395,0.038782965,0.03683499591085787
TR-005388,0,0.020350915044126415,0.027522497,0.031738189178369645
TR-000920,0,0.024652297346751482,0.038641106,0.03008394734610867
TR-000093,0,0.06560734037294588,0.055494804,0.04533043146347547
TR-004378,0,0.18916229756137448,0.19730677,0.1703089454954644
TR-000964,0,0.02748306791162523,0.04697541,0.03076258273974626
TR-007709,0,0.04090088800058373,0.04899028,0.046141093696419014
TR-003326,0,0.06718625389732508,0.10646535,0.0908540675757319
TR-003978,0,0.026897998577882318,0.027310576,0.03399590832119039
TR-001994,1,0.14385995053276623,0.10420431,0.09457024472041872
TR-001293,0,0.1874641868639468,0.17422786,0.1587479322417098
TR-002719,0,0.3147607486455494,0.2742687,0.23393030567426645
TR-001772,0,0.01215878270958745,0.02298775,0.02503012120634845
TR-006024,0,0.00557471958686155,0.025896743,0.024472556329688314
TR-007180,1,0.5567157334173335,0.3418476,0.37068482395819624
TR-004258,0,0.12323314380096984,0.10941368,0.12270868881304604
TR-005805,0,0.08432788769394517,0.112261996,0.0985685290866592
TR-000208,0,0.014728734811587452,0.027785419,0.029285530398700875
TR-009503,0,0.017481635518702864,0.03369651,0.044665691914232926
TR-006009,0,0.0034351626660800143,0.018737366,0.029948247349743728
TR-000868,0,0.009284832410370807,0.01729174,0.022925130225712166
TR-006075,0,0.01822863917602431,0.045320157,0.060191862860321015
TR-002445,0,0.008907195673035795,0.026494712,0.02502827520458682
TR-007934,0,0.05301186200201251,0.03499723,0.039618981532051546
TR-004077,0,0.009943323350665324,0.023612026,0.026914988416707798
TR-000423,0,0.025754000085261974,0.032255072,0.035660902450495656
TR-004810,0,0.023198600208937097,0.029340357,0.034019112330110395
TR-009919,0,0.08639832767760769,0.14326845,0.17613442536646295
TR-009746,1,0.079582225042089,0.12015931,0.149854575404619
TR-005769,0,0.20688012422310625,0.17303254,0.14696532816274646
TR-005002,0,0.11368743706324352,0.052404344,0.049138289604013265
TR-009892,0,0.004992639610942417,0.018442124,0.02364288450588894
TR-005936,0,0.2311859921473202,0.23354828,0.2686951579770134
TR-002552,0,0.01255017289825481,0.0296345,0.030038653455620797
TR-004395,0,0.014730209817012915,0.022882653,0.028304380568287362
TR-007094,0,0.04891370641183728,0.049375974,0.05467991362715409
TR-009002,0,0.009000717309434721,0.02463695,0.026990567661574576
TR-001295,0,0.15770308141503755,0.17243698,0.17391021983781368
TR-001279,0,0.055351401272568025,0.0420536,0.033262621509690546
TR-007979,0,0.019424605314396118,0.021691721,0.029464621116516668
TR-002337,0,0.016045758898172217,0.036159907,0.03656699186056795
TR-004227,0,0.007348272690382525,0.015897244,0.02634994097177477
TR-004818,0,0.06460617596586525,0.07220869,0.0908633730852981
TR-004400,0,0.11139544990613656,0.057041947,0.06218540507348939
TR-001743,0,0.01435599309456195,0.025262497,0.02709200802985465
TR-005408,0,0.15098371120645704,0.107101284,0.2050315014067062
TR-001692,0,0.1151154960006712,0.11928841,0.16651075197949677
TR-008642,0,0.03178636155090952,0.030515797,0.034520981512223596
TR-008884,0,0.04576913128553709,0.04823535,0.0424827940628305
TR-003603,0,0.06305007129593575,0.1071799,0.11994300604420478
TR-000625,0,0.009536412258141837,0.016898071,0.022974574333469885
TR-001519,0,0.0174148067077246,0.034989532,0.039542723771494113
TR-000544,1,0.007322854709789028,0.014504718,0.02391815971577223
TR-001799,0,0.02961851903400099,0.048845015,0.041670823210138125
TR-002788,0,0.13581041967472599,0.12425532,0.18998029019244705
TR-004685,0,0.07493381002656686,0.09008279,0.11707074433616275
TR-005425,0,0.01412557418048358,0.021443719,0.0273444505668141
TR-008286,0,0.0574914008631577,0.052148186,0.053900661185078295
TR-004968,0,0.002428019345754283,0.019347442,0.02364288450588894
TR-003109,0,0.005915491628371269,0.015070513,0.023426142236214312
TR-007409,0,0.09065150601274993,0.10953953,0.10965212781938616
TR-001532,0,0.0028476682518945753,0.01570068,0.02275375530276202
TR-007746,0,0.022390826208126522,0.035950553,0.0360421416933143
TR-004663,1,0.14865501308661427,0.091242135,0.08120319245236643
TR-004794,0,0.011856690537831676,0.029046346,0.030030521645304686
TR-001435,1,0.06541634060611405,0.052171845,0.05528443749909584
TR-005829,0,0.03414777011350669,0.042816292,0.03415479433692943
TR-004322,0,0.06911085582275064,0.03865182,0.04073467273315328
TR-004155,0,0.3719758863914198,0.37804884,0.28941963571881923
TR-008921,0,0.1033465748337315,0.1336228,0.11382192223936574
TR-001121,0,0.09484436025682089,0.13459612,0.1291698919353553
TR-002760,0,0.04848108520118056,0.05249222,0.06095559972751189
TR-002334,0,0.02293435660334842,0.028991072,0.0295679249666317
TR-007930,0,0.02450959976639437,0.032985155,0.03677020026266771
TR-007602,0,0.10550231707995357,0.08534666,0.07148962261717395
TR-006073,0,0.04855616864820574,0.038080156,0.037433159986847264
TR-004777,0,0.3615424181314599,0.4273005,0.45605041334036606
TR-006531,0,0.07634177809185701,0.09657189,0.10243252929762743
TR-007611,0,0.0498234578084839,0.03868479,0.0460717575419034
TR-009417,0,0.01133616893132845,0.01922372,0.02426356520784661
TR-003653,0,0.009937001578406993,0.022670066,0.028826197940967534
TR-009960,0,0.03191551194517917,0.029613804,0.03327838150481677
TR-001429,0,0.01986317711968534,0.030097833,0.0306101024269337
TR-003211,0,0.005304340606683385,0.014112061,0.0235925223304378
TR-007071,0,0.01332794141628468,0.020865781,0.02719884236747022
TR-006032,0,0.017288575694900627,0.024670437,0.02804165364980337
TR-004159,0,0.04577391639517651,0.05300262,0.06514936221876311
TR-008324,0,0.16158463339169113,0.13314044,0.12079256933086616
TR-008651,0,0.015911128832902716,0.02609025,0.029229992980883367
TR-009037,0,0.010118468879812664,0.016535519,0.023319442145065542
TR-006881,0,0.010127273577155364,0.0199383,0.028194620890937216
TR-004062,0,0.011151789003638318,0.017169675,0.023295047259991913
TR-006256,0,0.005478870545635727,0.032064244,0.028680591365353378
TR-007907,0,0.03612986041776011,0.044170115,0.049471777285479364
TR-006646,0,0.03300217955364841,0.03713981,0.03540601297825697
TR-007958,0,0.0035113863749438633,0.021794138,0.027420803971136935
TR-005641,1,0.6620821548282935,0.59972966,0.6332007437956741
TR-009772,0,0.10295408779256168,0.108350664,0.1011362972179559
TR-005083,0,0.020226954841854515,0.031127188,0.03135490190125275
TR-009790,0,0.0283816551128224,0.034955528,0.049079335360851434
TR-003401,0,0.4861184239783357,0.4721379,0.477738371120786
TR-003935,1,0.18041543574873442,0.17103161,0.1677928581589516
TR-004319,0,0.17419961286372648,0.22645493,0.16286743978458107
TR-007971,0,0.3199937293632557,0.20557737,0.1910526703932166
TR-001892,0,0.03094232707461095,0.03288469,0.03139201926516472
TR-004238,0,0.02081121797351735,0.024353711,0.02868023666019322
TR-002959,0,0.020496216431753755,0.037804425,0.039831429811975856
TR-005255,0,0.03803808006577098,0.041134715,0.030499761492028387
TR-006631,0,0.006466809078361735,0.015783139,0.02218062777334943
TR-004079,0,0.010142119179758349,0.028121218,0.027254600440839567
TR-009499,0,0.06843347931862397,0.06794436,0.054482670883601286
TR-005385,0,0.020780888519503448,0.032491088,0.031268398729953475
TR-000479,1,0.25407327833211046,0.280169,0.2186932827450587
TR-002483,0,0.01644631508805794,0.026000172,0.026990567661574576
TR-003398,0,0.03363628209730885,0.032716285,0.0378310912925143
TR-000991,0,0.01898894776476281,0.030940332,0.03523560994261254
TR-004761,0,0.014918062149005052,0.022457913,0.024146927869114914
TR-001750,0,0.14291014514403363,0.15436462,0.14742501783166553
TR-001275,0,0.019125339842283255,0.027599843,0.030962541730307727
TR-006363,0,0.003018760309351332,0.017803188,0.028544456184248404
TR-009645,0,0.048403489837251935,0.05099666,0.05037353157230728
TR-007215,0,0.014012437486729574,0.029699042,0.03276148526009516
TR-003647,0,0.01259577691103279,0.023679476,0.02896768070311877
TR-003091,0,0.07676925164298204,0.04901198,0.046095178542281595
TR-009357,0,0.1414199631763441,0.15206838,0.14321813498943606
TR-001330,0,0.09769480290028308,0.07788666,0.07896998303494428
TR-008532,0,0.017223197713558486,0.022974383,0.02878997572963629
TR-002579,1,0.6961821956387256,0.62872225,0.6255011610533106
TR-008927,0,0.022164093398015765,0.030772995,0.03228038237254849
TR-007540,0,0.014187628758810085,0.021347942,0.024439529960254586
TR-002720,0,0.043488649454749666,0.048426017,0.05601750093290578
TR-009879,0,0.015022356481492272,0.031593837,0.03095233347838744
TR-000632,0,0.03490846497875703,0.041879937,0.038711430554988324
TR-002592,0,0.03244487909266061,0.04753807,0.04180134185842736
TR-002526,0,0.007332489910339637,0.019031353,0.023232315192611125
TR-006413,1,0.08634117374502906,0.11071568,0.09585552632851929
TR-000085,0,0.039120455902769434,0.030599497,0.027184275673907375
TR-002113,0,0.024092426156811703,0.031205732,0.040290937162979254
TR-003434,0,0.06173183881221523,0.05951484,0.05183531908128022
TR-000428,0,0.02935800325324633,0.06993526,0.08195737102535482
TR-007899,0,0.011038404209607722,0.020253683,0.022488922681205906
TR-007678,1,0.31097824176478955,0.2814057,0.2813908206910888
TR-005186,0,0.10991439178907353,0.15839857,0.1711563570858237
TR-005286,0,0.03027519148449679,0.035670046,0.037050603124272476
TR-008395,0,0.08512321594629234,0.07229363,0.07110546291711405
TR-003426,0,0.004582570803933928,0.01429913,0.021705661369080764
TR-007580,0,0.016458022514809056,0.03070244,0.03151588770394785
TR-003277,0,0.19121200004660535,0.15587403,0.1566067193820871
TR-004827,0,0.08915901108678136,0.09522275,0.08537261318345067
TR-007820,0,0.12569169599926902,0.09655218,0.08176519613542058
TR-003358,0,0.042334334994561636,0.042266626,0.03854504970555961
TR-007769,0,0.024922080698904763,0.029089201,0.027345952608404098
TR-008687,0,0.010566910094689063,0.022133693,0.028757103094587316
TR-000045,0,0.33998671760015864,0.28338328,0.2551985627104148
TR-002914,0,0.014187767998299431,0.021495325,0.023456411853356205
TR-006731,1,0.11961262178680852,0.11830559,0.11311407355757222
TR-001749,0,0.0038849419978337464,0.013520881,0.021705661369080764
TR-006842,1,0.04396237962669531,0.029434059,0.03706217021918192
TR-004038,0,0.030961998079302357,0.024953661,0.025705588136312872
TR-007124,0,0.1279562834101687,0.16420534,0.17560200282451566
TR-003094,0,0.05200749409730118,0.049052868,0.04923214422845895
TR-009224,0,0.019598152772908144,0.022946492,0.0253139653060913
TR-005065,0,0.026003984596224633,0.03237864,0.03772179440715492
TR-007623,0,0.07702383875260957,0.057533525,0.06098998645406239
TR-002004,0,0.09754173457333594,0.0641421,0.06407035251036991
TR-007655,0,0.19215633516567732,0.1423259,0.13420288976296077
TR-001687,0,0.029420032691171744,0.032424085,0.0341485677284017
TR-007196,0,0.08253704500798095,0.061447598,0.05025935154667269
TR-003879,0,0.06344876657267581,0.06344284,0.055309237724065305
TR-009531,0,0.12241859950868636,0.12602575,0.10125617399447294
TR-004598,0,0.09018074250183894,0.0847379,0.09364354879478637
TR-006912,0,0.028179423974047147,0.04265161,0.03789758243700063
TR-007510,0,0.03294570555733962,0.04684562,0.04704398005453866
TR-005468,0,0.014653000634956038,0.030628866,0.04382442985896989
TR-000137,0,0.02007746351473505,0.028537171,0.03135490190125275
TR-009058,0,0.03233241459118974,0.043583006,0.03187483934518555
TR-009750,0,0.037823130579441984,0.048797287,0.03290162223542048
TR-004263,0,0.6590515308877966,0.4952925,0.48192391911434
TR-008220,0,0.008588702454708325,0.019483002,0.02236756029054714
TR-006160,0,0.00788492963023168,0.018668968,0.02364288450588894
TR-007420,0,0.022459298432353367,0.02624182,0.03227742025941184
TR-009282,0,0.037827503181191324,0.036827058,0.0409048845905325
TR-003608,0,0.007369620450753377,0.017069815,0.02595701162923245
TR-000613,0,0.08883462659294959,0.06914467,0.07751429318842022
TR-004277,0,0.053373982248629034,0.032026865,0.03894110712048353
TR-000116,0,0.009077810125548296,0.01721987,0.023513967726437938
TR-004651,0,0.02730500535375782,0.056144956,0.062492926625031156
TR-000832,0,0.05629470604976278,0.05281403,0.06110423631544182
TR-006925,0,0.008828732938342165,0.01529147,0.023426142236214312
TR-009904,0,0.027087764805598925,0.046078987,0.03266049892943175
TR-000324,0,0.013041582520972669,0.022445783,0.026926307069911098
TR-009347,0,0.009481890760536994,0.021515137,0.02495395242343123
TR-007771,0,0.1776026636695772,0.17025696,0.1529955067938383
TR-005320,0,0.7495153170650929,0.45110723,0.4859844195327354
TR-004846,0,0.04380646686741168,0.044352885,0.039915246239029326
TR-002362,0,0.010533108075271207,0.021057663,0.026832023207898476
TR-008881,0,0.015421616964978336,0.020891257,0.024669503915547595
TR-001240,0,0.06081526414964159,0.062073186,0.06216671131243793
TR-006471,0,0.1115362254024444,0.07590489,0.06937338337301152
TR-006808,0,0.020404860011687703,0.030103978,0.03341530797238305
TR-006438,0,0.007109613736759409,0.019799845,0.026830249236854994
TR-004102,0,0.0848709987224303,0.06953052,0.08185107563070568
TR-004881,0,0.32066542560232086,0.18116379,0.2086916557875427
TR-009902,0,0.05278098316098117,0.14321838,0.16383612029561992
TR-000389,0,0.22234505999369025,0.11488149,0.1363626326241618
TR-006162,0,0.019803187994744058,0.030147389,0.03042658936068103
TR-001212,1,0.03050864114388413,0.029555036,0.03466338472514521
TR-003529,0,0.036125300312057636,0.03972325,0.042956665809559716
TR-005659,0,0.005351231122673586,0.016572881,0.022493424167032563
TR-001250,0,0.2730249789790719,0.2848441,0.23268119045128877
TR-007574,0,0.01626030277769081,0.0717117,0.07338517733336229
TR-001175,1,0.25342879070177166,0.24713331,0.2047717623917733
TR-007717,0,0.3030654814263193,0.42972085,0.27763594377069245
TR-001538,0,0.12517264493738994,0.16098152,0.16157651676851964
TR-007864,0,0.059232278112228545,0.07675127,0.06627981207980595
TR-004755,0,0.04585181502299857,0.054379575,0.053124015139591335
TR-009270,0,0.03571705001212234,0.049006436,0.03084472438802394
TR-006326,0,0.0453414524442315,0.06179785,0.07082839152981076
TR-005600,0,0.04482315640489554,0.051958308,0.048218102274553566
TR-001346,0,0.02456787560534935,0.036035497,0.03656170492445511
TR-007479,0,0.03326600323293453,0.03486369,0.03210222284152449
TR-009735,0,0.4811373748554484,0.31922027,0.3302185301489244
TR-007752,0,0.024905827522437255,0.034347065,0.029568765409359838
TR-005440,0,0.04676194096841659,0.06022163,0.05440293429102361
TR-001786,0,0.43997808818202727,0.21218915,0.22239915726610232
TR-000268,0,0.003063701261421721,0.01807732,0.02397245097530619
TR-002264,0,0.2320784727235152,0.23727849,0.2325702498747988
TR-006306,0,0.0027466491648993354,0.014882869,0.02345503923467656
TR-009280,0,0.02744265072154753,0.025640128,0.026203529282165235
TR-002841,0,0.05120224780406225,0.061104666,0.05164896282180227
TR-005117,0,0.020190458631751722,0.026342062,0.02972537059563193
TR-001790,0,0.005200113251042852,0.019638307,0.022703097616771625
TR-003147,1,0.036231891331062444,0.04325341,0.03748316763274759
TR-008990,0,0.03416060201578543,0.0431531,0.039177586414624294
TR-003670,0,0.05533906115086858,0.053684033,0.042994113479598035
TR-000108,0,0.04223191470889083,0.05514883,0.038948753078538276
TR-003369,0,0.03833949172894554,0.04027736,0.056309698801238345
TR-007415,0,0.014617740577317302,0.022674277,0.02433421896090555
TR-007528,0,0.01676217890116765,0.0426237,0.03885631890408482
TR-001820,0,0.004620785649278167,0.015440601,0.024647178868708597
TR-002078,0,0.22376001354501598,0.24059239,0.26092418052808225
TR-001136,0,0.005591608558717952,0.028304873,0.03256720478937564
TR-008780,0,0.029070858788618915,0.027923107,0.031421088068398835
TR-007198,0,0.028750966734496106,0.045309275,0.02892610967349316
TR-002393,0,0.13545148128104656,0.16366109,0.11807067573582201
TR-004704,0,0.02478666603494707,0.026006043,0.029146995117742613
TR-009614,0,0.02684169736762425,0.04153707,0.03181364867062106
TR-004289,0,0.03787176603271642,0.08824821,0.09250325549062871
TR-002901,0,0.18916437178862372,0.12055225,0.12089429967581965
TR-000081,0,0.03558450738378633,0.039369173,0.03504841570889537
TR-008542,0,0.029308796285257753,0.037014138,0.03307615771063017
TR-005090,0,0.020997408659693132,0.02966729,0.03662378878051156
TR-004004,0,0.03691771869867187,0.057851505,0.05307333992935016
TR-005498,0,0.03270172137589865,0.032016773,0.03761814306865963
TR-007544,0,0.03547396457533998,0.03975049,0.03925143539617989
TR-000033,0,0.10591890605037825,0.11874345,0.131110744715204
TR-005564,0,0.04185065666466636,0.035317335,0.03421419789799188
TR-004126,0,0.051881479904067364,0.053861428,0.060549477805311176
TR-003302,0,0.03331725317820277,0.036078304,0.04185569141539814
TR-001001,0,0.02500176308915341,0.038567156,0.03601316918454267
TR-001983,0,0.07636325671030839,0.07688779,0.06350046976230062
TR-002898,0,0.06510351273619913,0.06069726,0.0556071938436178
TR-003913,0,0.012683609739492585,0.021606138,0.02412018424570192
TR-000827,0,0.05233136979863591,0.07747015,0.07268308459758177
TR-005901,0,0.019471106377330287,0.026060577,0.025484036136203
TR-003245,0,0.025311436477620762,0.029839931,0.03011849511546186
TR-003450,0,0.06559602630067715,0.098178454,0.10721303921207372
TR-009796,0,0.025156560353644903,0.028830614,0.029531020940257224
TR-000495,1,0.1310317730002725,0.16981474,0.15126329504855113
TR-003278,0,0.01750876695903134,0.02824583,0.029876258251191452
TR-000912,0,0.007670190724717442,0.01953011,0.022703097616771625
TR-000474,0,0.004541270726150008,0.01988363,0.023958553261189744
TR-009118,0,0.03936622499651972,0.033453334,0.042627720653799835
TR-003163,0,0.02745294102866269,0.04179958,0.0509287459985833
TR-001126,0,0.16328059437680698,0.1795512,0.20238807715237062
TR-007592,0,0.1030647190110748,0.086031646,0.07986312189758013
TR-004432,0,0.06312759450546508,0.073796324,0.07599125547232156
TR-001531,0,0.015742571356639277,0.026154442,0.03895825597363101
TR-005540,0,0.013323892362059867,0.019462766,0.0256484488720991
TR-008621,0,0.06444119672206151,0.054248776,0.04704894975321958
TR-003059,0,0.013544291677971734,0.024649443,0.03007698759236846
TR-002486,0,0.21951127939149384,0.23841384,0.28568623262063125
TR-005346,0,0.07356107353604013,0.045969408,0.04807855553065713
TR-008596,0,0.08856223238697979,0.13205954,0.07842186128280501
TR-008924,0,0.007435814456447686,0.020771129,0.032470136901169726
TR-003497,1,0.5025623570725656,0.3405997,0.29882469634757713
TR-005978,0,0.016766924201515893,0.024017138,0.029720427563950352
TR-008516,0,0.04543551823731614,0.052368943,0.05103833952649303
TR-001745,0,0.04455046675375638,0.041865863,0.0416780384504182
TR-006563,0,0.12323809025560103,0.10959046,0.08915787830641522
TR-006154,0,0.06188879087980824,0.0714241,0.0774834912713281
TR-001120,0,0.029627566765898374,0.04550789,0.04121429742540182
TR-003774,0,0.015003724046827182,0.021662652,0.027871193223360704
TR-007928,0,0.10482327190786174,0.09242203,0.07951838844298843
TR-000323,0,0.05044291095836926,0.04757982,0.0703820714407083
TR-003313,0,0.045847493759190575,0.049825583,0.04820375271922228
TR-006795,0,0.003976968886042594,0.014184256,0.02218062777334943
TR-008178,0,0.05238111773432637,0.04761123,0.04729092211028523
TR-007497,0,0.014038077315100067,0.027108915,0.025292974731360482
TR-005595,0,0.08434691574720898,0.07191615,0.06381699256004944
TR-009112,0,0.05648188261285964,0.055689573,0.056459751104687185
TR-005275,0,0.014713544306182824,0.021783024,0.02616091166209953
TR-000738,0,0.009114317838993621,0.020238914,0.023919057028339484
TR-004041,0,0.036569424415326304,0.033950627,0.03542449165419501
TR-006811,0,0.033219721361117255,0.040537473,0.04192533266106893
TR-003955,0,0.048444509897862836,0.049492154,0.041791693354002804
TR-003455,0,0.010725782824240086,0.015116183,0.02382886139436002
TR-008907,0,0.017454871065161342,0.02391194,0.027931585531193296
TR-003395,0,0.03610059916623578,0.03436905,0.038629515273065296
TR-000078,0,0.02838372179547319,0.030483108,0.030961701011945345
TR-000599,0,0.03125598420120942,0.035310067,0.03748102107986277
TR-005228,0,0.012989255373894585,0.017749513,0.023425204019272585
TR-005444,0,0.16027858368588827,0.18092397,0.19533158414488405
TR-000200,0,0.030559340045543674,0.029839737,0.03662417799514656
TR-002586,0,0.1054353495624923,0.13897158,0.1490484961910926
TR-007891,0,0.005151487881080647,0.019195702,0.023137346879788693
TR-008235,0,0.03530546297504431,0.042576924,0.04896066938492579
TR-001183,0,0.12895257234878657,0.13029756,0.1120886229381574
TR-005454,0,0.05833655282718237,0.06044899,0.04578559225167045
TR-002700,0,0.010592669252873199,0.01838304,0.02382886139436002
TR-006000,0,0.0049890686464459265,0.01884967,0.024252930475391492
TR-009715,0,0.021049890344068952,0.031494964,0.038095005685361935
TR-002742,0,0.026058837776976,0.035565097,0.03277501459753849
TR-003980,0,0.08597194921569552,0.06383149,0.08355739034174915
TR-007972,0,0.004402751322774879,0.01982962,0.024252930475391492
TR-001300,0,0.03159049798699723,0.037358437,0.03715556997292185
TR-009108,0,0.026975185518554278,0.0342962,0.03536235714030477
TR-008046,0,0.014717887986173137,0.024510527,0.024667122685152046
TR-004553,0,0.6677996840253845,0.59068745,0.4957413273989595
TR-008014,0,0.13812188914245105,0.07349383,0.10906599272558462
TR-001898,0,0.12895404858720785,0.11587356,0.11812959829721778
TR-006025,0,0.0052737762057053226,0.015122659,0.022493424167032563
TR-007128,1,0.43986362484971786,0.44898263,0.4108600351873861
TR-006399,0,0.10708103384752712,0.1385197,0.1255165737906898
TR-001218,0,0.011021246526113937,0.034730382,0.03842975006995158
TR-002563,0,0.006450383402441481,0.04297917,0.04192538292445381
TR-009654,0,0.06561247115133699,0.07710977,0.12900575068227832
TR-009714,0,0.05917634237435458,0.054202333,0.04624237170540413
TR-003741,0,0.011951360477147437,0.017872075,0.02391815971577223
TR-000976,0,0.021330274314056104,0.027206877,0.03037368813163745
TR-000913,0,0.036976811049209225,0.04001258,0.043037989645950195
TR-001034,0,0.20277096981197956,0.24103384,0.2168372176675001
TR-002884,0,0.0045490115531111935,0.013866231,0.022149915917450354
TR-001956,0,0.026490195004722404,0.0346437,0.04015335186096659
TR-009727,1,0.2286240772971715,0.17992254,0.21158040653160465
TR-007726,1,0.2609935770930566,0.21569584,0.18837456051472146
TR-008517,1,0.4123094189645952,0.32456917,0.24923340876161149
TR-007488,0,0.06358038816540518,0.061250787,0.055323874097015356
TR-009925,0,0.012506294358738899,0.019386854,0.02307541988362544
TR-007648,0,0.016448480181526018,0.023098333,0.0273444505668141
TR-002098,0,0.01577770546881043,0.034498777,0.03901932679908781
TR-001805,0,0.02381470075581055,0.030913437,0.033339601418493243
TR-003125,0,0.005227617757327279,0.014488027,0.023426142236214312
TR-006191,0,0.11520978513842486,0.13030176,0.12008543333882137
TR-004531,0,0.022088689983479733,0.027038531,0.03149711868179103
TR-008129,0,0.007018085774406,0.015021019,0.023513967726437938
TR-002225,0,0.19769513827209895,0.14528602,0.15353888249167646
TR-004855,0,0.012003699091971324,0.022224225,0.027069572586460054
TR-005868,0,0.009257906185545506,0.019821508,0.02393182058457409
TR-009611,0,0.012395957229964678,0.018270686,0.02375276095974211
TR-006071,0,0.009422831653844551,0.016366161,0.023513967726437938
TR-003356,0,0.020530390747204804,0.041809652,0.04963801752607473
TR-002661,0,0.016636148375992133,0.025500435,0.030255788155727884
TR-009856,0,0.09828278598457703,0.06887068,0.05500054212591433
TR-009869,1,0.024447234865631946,0.033812445,0.03281269376069423
TR-007789,0,0.0281757190635329,0.047350373,0.030876217751039672
TR-008563,0,0.01946189332307101,0.027137596,0.03343528380121329
TR-005890,0,0.12356526897005052,0.070128165,0.06896082515996793
TR-007176,0,0.018713234293088157,0.024731843,0.03624483927063839
TR-009589,0,0.007345086321290145,0.016716346,0.02382886139436002
TR-002263,0,0.046579570981998476,0.056954972,0.05328601927822323
TR-002556,0,0.12298256105700917,0.05796857,0.0671504728892647
TR-004270,1,0.08470114737879443,0.14733389,0.10305491206035947
TR-008111,0,0.014996140815851123,0.024639426,0.027130137141233225
TR-002594,0,0.0251183302685399,0.042896047,0.05107550406504482
TR-003098,0,0.2462299352117448,0.24945153,0.3242360595636074
TR-008656,0,0.04674543808707211,0.040156353,0.04211540935394874
TR-001827,0,0.1805046063210096,0.19839929,0.2606574556962137
TR-002520,1,0.38281178428397317,0.42455193,0.47060078984845183
TR-001803,1,0.442065703736378,0.17306274,0.20749519798151583
TR-008444,0,0.050506583621228125,0.033235937,0.0341596149067574
TR-003564,0,0.0036665621841348544,0.019383416,0.023514649893466955
TR-007649,1,0.3289423048432123,0.26901335,0.2440881820035181
TR-007304,0,0.08311370068482829,0.06394468,0.03909633289477283
TR-005301,0,0.060287422202285494,0.049951397,0.054236006681310116
TR-000524,0,0.032754221114754796,0.032111004,0.030004672217485717
TR-009167,0,0.02957326364126379,0.027334426,0.031095517166658673
TR-000488,0,0.1812940290847688,0.15232746,0.11953220606666203
TR-008535,0,0.014656868716438495,0.02041226,0.025172859174742466
TR-006336,0,0.01566071635219549,0.024956157,0.03145524810517692
TR-002202,0,0.028591562375056567,0.05214623,0.04958785766095604
TR-005863,0,0.06560071504137649,0.06611069,0.06375202819451971
TR-008909,0,0.1620719972256465,0.12383496,0.09397520877452377
TR-001065,0,0.09692430167025799,0.07760095,0.07671929736362171
TR-005202,0,0.14119592207311754,0.1290041,0.17548801500375433
TR-006127,0,0.023516700279394197,0.02698119,0.030116786035235304
TR-003438,0,0.007871467889064144,0.015609139,0.023251111164226176
TR-005935,0,0.03248120866463247,0.044920523,0.0489661817792414
TR-003316,0,0.03434566813159418,0.036988247,0.037161591130312845
TR-003192,0,0.006030982997027637,0.015757397,0.02403066182097075
TR-005677,0,0.00917889219817458,0.020856688,0.030099205187008562
TR-001761,0,0.026329989204049102,0.031194502,0.030608563167958368
TR-009473,0,0.00734237682265112,0.019321151,0.02364288450588894
TR-004204,0,0.013524361620372011,0.017997246,0.02659845850267939
TR-007790,0,0.02227925822263013,0.030359821,0.03560493369135962
TR-002241,0,0.08575743529512621,0.07550252,0.08505067119835731
TR-001260,0,0.06283534689800628,0.101305395,0.08784202404032958
TR-002214,0,0.002348903918115919,0.020592483,0.028309700698299627
TR-000692,0,0.06577481219662193,0.046349447,0.04785279082095446
TR-004339,0,0.02954422147771836,0.03764569,0.035218652708636194
TR-002139,0,0.0958583982631333,0.0878993,0.11363126450375304
TR-007824,0,0.018294910183990928,0.02523921,0.02892769289318397
TR-008138,0,0.007321182779858619,0.015748866,0.021801236406059785
TR-009467,0,0.16477073366127495,0.17014131,0.16082910113368976
TR-006015,0,0.02620547874459777,0.025836311,0.027825414004034436
TR-006270,0,0.046454120619069006,0.04776536,0.046653243013285745
TR-004850,0,0.054059614234770736,0.056735303,0.055249902495831886
TR-005962,0,0.007412972994789673,0.01732327,0.02382886139436002
TR-008576,0,0.09253439715567682,0.07244269,0.060747626974853815
TR-002734,0,0.019665308136525957,0.032384794,0.034407334869888555
TR-000551,0,0.020523769297765178,0.03086424,0.03010825180376014
TR-008734,0,0.0034241837773766673,0.013781339,0.021705661369080764
TR-002418,0,0.03535898470192518,0.034952704,0.06293713384061705
TR-005406,0,0.05566021917089964,0.056325343,0.051813500493525094
TR-005196,0,0.04780200940006228,0.043104447,0.04893619454413359
TR-003785,0,0.023931856225073975,0.044641573,0.03886539579014421
TR-002105,0,0.07245037918976241,0.10820844,0.11055222112443994
TR-003639,0,0.03948378068200126,0.048313472,0.050702824389608825
TR-004768,1,0.29941670858600217,0.23901865,0.2901401882469409
TR-000800,0,0.030696984928976462,0.039476633,0.03937781577566253
TR-008446,0,0.13978731120453378,0.13385847,0.10921183866536126
TR-002960,0,0.005396196559250013,0.019259363,0.025406681243717876
TR-001475,0,0.16684385817793743,0.19387841,0.23425402312202795
TR-009874,0,0.03017544741893724,0.04184243,0.042282167046715335
TR-002524,0,0.026430799460041985,0.031085372,0.030416632458766912
TR-007076,1,0.09702715163621209,0.13610156,0.14046546052747752
TR-008932,0,0.021306288153847552,0.024550553,0.02874112075208644
TR-005568,0,0.04529379181952418,0.038437236,0.03754368942130033
TR-001100,0,0.14861121720175707,0.14895408,0.1416161204538155
TR-000629,0,0.10375030546878149,0.15704216,0.14226087794579043
TR-007846,0,0.07035439295723893,0.06226197,0.07039228971959129
TR-008098,0,0.03316008287748391,0.030992283,0.04143812127759687
TR-002858,0,0.03227572721288467,0.03322804,0.033115457750364695
TR-004840,0,0.004518378612232215,0.01891552,0.027582379565233423
TR-008073,0,0.016389616730693463,0.029970456,0.035322016486636916
TR-007450,0,0.03667601147088187,0.029340357,0.040115293858972
TR-008176,0,0.045717167845545324,0.045553498,0.035673155600906004
TR-009538,0,0.0545918935112732,0.02988858,0.040256009260219515
TR-005429,0,0.005212976478102134,0.014554963,0.023426142236214312
TR-006034,0,0.0046452275393322,0.014825073,0.022008832915053084
TR-005257,0,0.011964299230662912,0.039040912,0.05305252215002077
TR-004469,0,0.024653971015588878,0.033974517,0.0341459580560659
TR-000539,0,0.04139390553093724,0.040228073,0.04422996542534139
TR-004938,0,0.03796338980384794,0.07309507,0.08483642481771507
TR-002630,0,0.12926966104530566,0.11993568,0.18912567903778585
TR-007901,0,0.0511134922414271,0.039155245,0.04683983769077551
TR-001313,0,0.30492352657519595,0.25130874,0.17887898861965576
TR-006619,0,0.06250204448128178,0.07680265,0.05156224336480365
TR-007359,0,0.1331747620747378,0.17285441,0.1825593083678504
TR-005455,1,0.17165113271339275,0.18017596,0.18495493072898178
TR-008537,0,0.01430211018953199,0.021494327,0.028194620890937216
TR-006622,0,0.09145207690332235,0.09058738,0.08143956401121247
TR-002375,0,0.029665763907731835,0.046986993,0.04815888644669595
TR-008999,0,0.032619021365676265,0.030374803,0.0311136480954669
TR-009953,0,0.05688373025824801,0.060047273,0.05702538896747133
TR-004952,0,0.31812141814435557,0.28111547,0.29102525032088716
TR-001160,0,0.04775955380174956,0.052252848,0.04516415652988456
TR-002382,1,0.15219153440675104,0.20157194,0.18507490798754986
TR-001636,0,0.05851387270448666,0.04856522,0.040708280395893
TR-005190,0,0.059300954311909786,0.07191583,0.0638571405017132
TR-001647,0,0.0276813396152907,0.031092916,0.038348385819651935
TR-005088,0,0.06160576851171763,0.06329437,0.05478956102457791
TR-008436,0,0.056782140409708866,0.058877513,0.04889087887493171
TR-000764,0,0.01448411431079258,0.02307149,0.02816801672409239
TR-002916,1,0.09885537469673605,0.08202003,0.07447766376446886
TR-007168,0,0.017882546858375255,0.027823366,0.02803924038881276
TR-003759,0,0.05868737941108038,0.04760977,0.051029508683215895
TR-008964,0,0.024111725307814514,0.03017395,0.03053466611428879
TR-004170,0,0.035713523228374254,0.03737238,0.04001008845838405
TR-006990,0,0.04975682930451051,0.046172913,0.047338994405933144
TR-008015,0,0.006451018810813076,0.018966304,0.02833932650244031
TR-000568,0,0.01932856538860295,0.031018253,0.037053848066583704
TR-007159,0,0.051360582814135865,0.048462406,0.04343639251972141
TR-001612,0,0.04697147958380765,0.039471816,0.044171856866766196
TR-008741,0,0.16824867120272033,0.1266287,0.11539171541941667
TR-001503,0,0.21877944001120653,0.26010427,0.2759555269031885
TR-004032,0,0.0321346255217736,0.052735362,0.0436825728952785
TR-004961,0,0.331930092369893,0.17648743,0.2093022835873695
TR-001670,0,0.02184700850733807,0.032869916,0.02863231146634035
TR-003977,0,0.03259397742720128,0.05125857,0.05170159495823306
TR-009586,0,0.25184604820851403,0.2455903,0.25042007930048604
TR-006284,0,0.012330801014700394,0.030381333,0.03967587941647516
TR-009952,0,0.10939322295379114,0.073893204,0.08803615461808545
TR-000574,0,0.040086066743675444,0.05461278,0.08988062769714629
TR-003075,0,0.15463410119540372,0.11416289,0.11024003622293596
TR-005751,0,0.024484275888451156,0.03646662,0.039989983625655263
TR-007501,0,0.03129814587656175,0.035739392,0.04088216855254108
TR-002999,0,0.027345324556041793,0.030310564,0.032273487237256
TR-000120,0,0.12338652020193032,0.090522684,0.08262795542320127
TR-002343,0,0.021268299735769262,0.02570564,0.029088499445817675
TR-003914,1,0.5891944109152146,0.53714365,0.5022749723689196
TR-007235,0,0.03300018315366063,0.031455405,0.03412694185165069
TR-000648,1,0.1571102197948538,0.12917197,0.12730924147193767
TR-004362,0,0.11323328943566136,0.09609762,0.10015817802886336
TR-001328,0,0.013846663157973114,0.018929522,0.023319442145065542
TR-003032,0,0.01765494132687421,0.028892167,0.030330081111914296
TR-004194,0,0.1580876975042786,0.14798246,0.11576046142333006
TR-006758,0,0.23309125555273844,0.14490658,0.128766062446187
TR-003766,0,0.024606642504337955,0.029528815,0.029957535901889633
TR-007177,0,0.12562454921903887,0.12935834,0.16011177844260546
TR-000041,0,0.01404219943535025,0.02536627,0.028833497398397245
TR-000786,1,0.11564339974391412,0.10792135,0.12855792820642953
TR-007260,0,0.09564577527944478,0.10526437,0.12072975937340527
TR-003246,0,0.033766523451870104,0.045117892,0.036315946921957734
TR-004763,0,0.07249970615868954,0.05141806,0.05899319443332264
TR-002499,0,0.026542774101758874,0.031084765,0.03728192322428693
TR-003525,0,0.012555102457140357,0.03865371,0.03104845957909228
TR-001658,0,0.15019038995063014,0.18269613,0.1496405072348814
TR-005512,0,0.019925134980852004,0.027899558,0.0329015086422018
TR-009063,0,0.03028806897999679,0.028703708,0.03352867286480754
TR-000662,0,0.03257921318488062,0.09220999,0.0747810689925869
TR-009404,0,0.03191060695329319,0.05024092,0.056766496206528703
TR-002880,0,0.019229423973959124,0.01923972,0.023341226695508747
TR-009045,0,0.01171707174626086,0.022086691,0.025353973582157366
TR-005074,0,0.02433140800536325,0.032061808,0.04022191899020168
TR-004262,0,0.12184916928349214,0.101155765,0.08926593738466854
TR-000721,0,0.010564782303318655,0.01726608,0.02374451313966074
TR-003870,0,0.02130649211053544,0.062627845,0.05691311046110037
TR-001185,0,0.03835525460892315,0.03262151,0.034835201165253335
TR-004023,0,0.02197956242781813,0.029404908,0.029065010934822354
TR-000895,0,0.023519754322516868,0.031711925,0.027395562924884494
TR-007654,0,0.033167313156648934,0.038916755,0.04898465564893619
TR-006824,0,0.007347337490185379,0.019337425,0.023493883239610713
TR-000844,0,0.042907558209791585,0.05838933,0.05746845576465941
TR-007721,0,0.010703383686874972,0.021856083,0.030030175064751006
TR-007042,1,0.6030073215176402,0.2728048,0.2202127646006238
TR-000132,0,0.23296811468964337,0.23997381,0.2892238172026463
TR-000127,0,0.05193017684400123,0.049951766,0.05250298309852145
TR-006013,0,0.029787024284619913,0.02951531,0.035145251226841805
TR-001738,0,0.08847559573658062,0.055519693,0.05570134363180142
TR-006079,0,0.012445431949211017,0.021889487,0.028685209259814912
TR-006947,0,0.09859992132564738,0.07612573,0.0961642157473517
TR-003610,0,0.05487763509742511,0.054997977,0.062075323988726394
TR-002073,1,0.6501552603962059,0.40905616,0.2906957872563751
TR-005546,0,0.01554828877474907,0.031280708,0.026576516342686922
TR-003669,0,0.10658537574318093,0.12073863,0.1761340583732972
TR-006203,0,0.024911549415967165,0.02886544,0.029451538697876634
TR-000822,0,0.026915388836598855,0.030560633,0.03711792274628495
TR-005839,0,0.013940007255799768,0.022878623,0.03306899029034201
TR-003500,1,0.1905063234148463,0.20206872,0.16035447440010636
TR-009356,0,0.006850806154711261,0.020256693,0.02661335219494509
TR-009739,0,0.005758998561704341,0.018004145,0.02447142659970586
TR-002391,0,0.06286781307817607,0.06759807,0.08653171949976665
TR-001982,0,0.013452116150550253,0.019619444,0.02426356520784661
TR-003982,0,0.19533907652914295,0.23067944,0.2299086966646394
TR-003301,0,0.2280529287773776,0.31546977,0.33895975851341825
TR-003806,0,0.00540463402895894,0.014621757,0.02218062777334943
TR-005977,0,0.01436377954270343,0.021267293,0.026767135873917918
TR-006273,0,0.02604359169211932,0.025718989,0.02786868748112731
TR-009685,0,0.042924008515218895,0.048466474,0.058666775762401695
TR-007722,0,0.0062866453502251505,0.027726324,0.024062960425964734
TR-007442,0,0.10567594208995708,0.12494504,0.13917994621632257
TR-005761,0,0.4624684266220321,0.3136275,0.27532725781826456
TR-009934,0,0.12381877543610605,0.14923617,0.10008654993439954
TR-002321,0,0.13289592000526437,0.113322444,0.12659837249403494
TR-007298,0,0.14366790764878326,0.08286874,0.08724258808580122
TR-005693,0,0.0028861140808097555,0.014824627,0.024274894310048152
TR-001585,0,0.16977829825546367,0.08457067,0.08421858407305446
TR-006350,0,0.10180566289717587,0.13452795,0.13635114994502764
TR-002716,0,0.008292895370500099,0.020385178,0.024487499321735797
TR-001043,0,0.2696394073080456,0.08303609,0.07207206059993611
TR-004359,0,0.044334797354900354,0.037369903,0.037279758623455325
TR-005954,0,0.05291262345464039,0.05540749,0.042670098160261544
TR-009625,0,0.11488531220045835,0.09087721,0.0825454648330393
TR-002462,0,0.025473754101593155,0.031233022,0.03483321619944514
TR-000039,0,0.03265014601040103,0.041138038,0.03773487044102388
TR-008085,0,0.05065477874512325,0.04441859,0.03937987624173957
TR-006594,0,0.050469657197210756,0.05164578,0.06183121432909808
TR-004087,0,0.041193702117966545,0.046760157,0.04661697001405589
TR-008344,1,0.03126691490039953,0.0719611,0.06843325244717632
TR-000682,0,0.02255548939604468,0.03712042,0.036816065954742044
TR-007410,0,0.021928847901650988,0.031703867,0.034339123850768184
TR-000374,0,0.02255285085065764,0.029015861,0.03205762777478053
TR-001846,0,0.07370264780594205,0.052691765,0.06304214817521638
TR-002036,0,0.06379163769796634,0.053933196,0.0606497519801152
TR-007568,0,0.04045171136910327,0.06955804,0.07904112221582124
TR-005791,0,0.0299639005748382,0.03739715,0.03505840737129338
TR-001810,0,0.20295095243655795,0.13039455,0.13187858795274482
TR-006711,0,0.19374374459830057,0.20199543,0.19063361518798533
TR-007861,0,0.007551845401781146,0.020656675,0.024252930475391492
TR-001049,0,0.0497368706088622,0.054647453,0.04993251229724397
TR-006676,0,0.0976992349136034,0.09496778,0.09379562743648051
TR-008751,0,0.03648368798371346,0.04710336,0.047139978367877707
TR-004448,0,0.13926510222603536,0.085870184,0.06685199304395743
TR-006579,0,0.07363994881752829,0.07197427,0.06097165089524084
TR-005612,0,0.007743682806218645,0.019635474,0.02414255767227745
TR-001205,1,0.012303987361328556,0.022244154,0.025985972707284657
TR-004276,0,0.01325502393157465,0.029735625,0.03534687225619826
TR-009551,1,0.20106017948236968,0.13725276,0.11919631876733375
TR-000774,0,0.17167183358054347,0.16050798,0.19169150795399534
TR-001759,0,0.025492126106297797,0.029571578,0.03148231069246179
TR-001515,0,0.09192884962243676,0.051762775,0.057656081460924324
TR-004191,0,0.10041106019165749,0.07674654,0.07378058153345628
TR-005630,0,0.015917787046406007,0.024302684,0.026938705851691412
TR-006490,0,0.6373452579338118,0.24711965,0.23005417539766634
TR-004678,0,0.0510028880386986,0.07210331,0.07447790244267359
TR-003106,0,0.37986128221173765,0.15012488,0.14347693350711194
TR-001867,0,0.043420364299292316,0.035649564,0.03803192416735079
TR-000414,0,0.03488532022155365,0.03776403,0.032634481902222894
TR-001317,0,0.05109843194022766,0.047192946,0.051474035319472956
TR-006002,0,0.007151535042828447,0.018936293,0.023054945906818024
TR-003255,1,0.6216745353561037,0.6177389,0.6088021041373727
TR-003429,0,0.010525116843009164,0.023938842,0.02414255767227745
TR-001654,0,0.04822035689188277,0.05022343,0.03977434283935515
TR-006863,0,0.0038042007577330423,0.019889988,0.023019872929931934
TR-002644,0,0.03028588506580376,0.02769232,0.04225704912465872
TR-005298,0,0.24490187111125516,0.22563383,0.2625736873437461
TR-007932,0,0.2144856569659397,0.1925639,0.19345221813794655
TR-006847,0,0.049445521570681994,0.054966263,0.0488879264027944
TR-000386,0,0.22618124334731818,0.23672426,0.21955566192674345
TR-004332,0,0.0425920540607257,0.052761603,0.053529704466590035
TR-005941,0,0.07874392635426532,0.06733823,0.05274303290667529
TR-002308,0,0.16105361986224548,0.19428875,0.19527871397700128
TR-008459,0,0.141177547829463,0.085364535,0.08698499027727617
TR-003917,0,0.004380304876293412,0.019152448,0.025480114279242416
TR-003078,0,0.015671469629818104,0.025338465,0.035958654006988965
TR-003598,0,0.016608112386744145,0.025521565,0.028741146155778205
TR-008357,0,0.018487748663398938,0.027893228,0.025708311420742223
TR-006585,1,0.19622632235679038,0.21158865,0.14718981966829994
TR-001653,0,0.04764942598742268,0.044180524,0.04781526840168754
TR-008097,0,0.012157974803346794,0.016926136,0.023426142236214312
TR-009100,0,0.026692545185613478,0.02698119,0.030493629434577577
TR-000971,0,0.012916007003421805,0.020985892,0.029281149571099844
TR-007950,0,0.01575707972400682,0.02633656,0.03528438956661508
TR-007818,0,0.014771487230910003,0.023043059,0.024669503915547595
TR-002054,0,0.10878558858622636,0.08882,0.08870270385123233
TR-004878,0,0.009166903779589789,0.020069458,0.02364288450588894
TR-009459,0,0.0590789917156266,0.12276608,0.08543153827931153
TR-001914,0,0.04685711935105124,0.052497193,0.04923267084642688
TR-005939,0,0.12372125555248097,0.14476562,0.16604693984189586
TR-001995,0,0.05489324924128046,0.061692256,0.06649870395074972
TR-009011,0,0.026929473569800702,0.036236465,0.033776100773276925
TR-000572,0,0.18142994900934578,0.08858174,0.12088333062732996
TR-000434,0,0.16577223638130187,0.094094895,0.07821437629077356
TR-005881,0,0.014828956790204037,0.02451928,0.03474079552975692
TR-007640,0,0.12816449058925175,0.07036997,0.0598697446546077
TR-000890,0,0.05454914829080996,0.056919906,0.06435498039859176
TR-002755,0,0.09776910224270312,0.090673015,0.0982751988936711
TR-000993,0,0.04296341792265064,0.044751287,0.04669225464882687
TR-009627,0,0.05435644900230953,0.049651142,0.04299075817108322
TR-000790,0,0.058043789853366314,0.09074276,0.08502900303479083
TR-003690,0,0.05239730324747976,0.03531832,0.03355604629911516
TR-004403,0,0.012943450976661485,0.03129797,0.026036378206709333
TR-001968,0,0.13344305944978332,0.09468191,0.08492320799062855
TR-004185,0,0.09968033391441156,0.12836139,0.1305439461585267
TR-002608,0,0.00404616737184796,0.013928106,0.02218062777334943
TR-008974,0,0.08300777969479183,0.08929196,0.11857749996313209
TR-002581,0,0.011847444573619595,0.031608228,0.025678327712019604
TR-009116,0,0.022371806615061187,0.03856214,0.03531628864557434
TR-008819,1,0.4099967834356425,0.35919708,0.2940487538525787
TR-004379,0,0.035447262890855875,0.03608696,0.03796584691876028
TR-004851,0,0.014361288064396596,0.022815298,0.024669503915547595
TR-003151,1,0.3377005280793476,0.25573045,0.2583215666655721
TR-009415,0,0.0904543143883749,0.06612874,0.06552394928684983
TR-009125,0,0.010219883680589778,0.020655517,0.027457997565352533
TR-002830,0,0.1018801806370798,0.06569213,0.07931580342201237
TR-003107,0,0.1020393726763345,0.13775465,0.13652929075814796
TR-004781,0,0.3058827232480895,0.31027183,0.2204916746485903
TR-000022,0,0.05876554508522249,0.06750694,0.061481275844994056
TR-004509,0,0.009704110432966616,0.019638307,0.022703097616771625
TR-008660,0,0.018122253360282937,0.02363191,0.02564030816623777
TR-008007,0,0.1861326955379931,0.13463457,0.1546215345474717
TR-007493,0,0.05453884833115317,0.04546702,0.045380120889505604
TR-006224,0,0.09386290219799624,0.096009456,0.11292099845636723
TR-001582,0,0.48538266206521163,0.44129968,0.40554461117064405
TR-007696,0,0.01024805131181518,0.031076709,0.04745496376232612
TR-002142,0,0.02530186553538089,0.029887503,0.03188346173044421
TR-002288,0,0.11243985995743763,0.07231173,0.06394360457465847
TR-005931,0,0.12447920800794547,0.1493167,0.09871397023978568
TR-004396,0,0.0779662971749473,0.06363009,0.0679853145351891
TR-008484,1,0.39073353808904704,0.191055,0.15483664344551137
TR-007391,0,0.015733449266193744,0.021966584,0.023409568189144095
TR-000532,0,0.06381323300960746,0.10024409,0.11201125017128342
TR-002621,0,0.44056280245416846,0.47622326,0.4971197681116846
TR-006255,0,0.08083683662439166,0.07225336,0.08013497427728568
TR-000949,0,0.016188090699799512,0.02110272,0.024691736523682895
TR-000513,1,0.20310461135948613,0.15244678,0.22757346020638922
TR-000547,0,0.06844206440171975,0.08670935,0.08596704132006001
TR-006980,0,0.03691865460665104,0.05089145,0.050821976288233775
TR-000722,0,0.4930647202225586,0.37943053,0.38485697742379116
TR-005351,0,0.04921734836375612,0.036699858,0.03331497957866242
TR-009181,0,0.07750290685098951,0.11307852,0.10294353605647145
TR-001118,0,0.04874722024090926,0.051607456,0.06558268120629861
TR-002466,0,0.18770524029739227,0.23083925,0.2410448704755917
TR-001395,0,0.02815630881247378,0.034547895,0.036867176115228356
TR-006384,0,0.11809956637491976,0.18693286,0.16503251677465405
TR-005522,0,0.1107103258710418,0.13383558,0.15612015005181576
TR-009710,0,0.01707431371711905,0.027239399,0.02898422567293683
TR-007194,0,0.006852645618234332,0.021676885,0.025878577393698775
TR-003157,0,0.038924460562399975,0.04408784,0.0624852112879685
TR-009208,0,0.009018427468785766,0.030753413,0.032299708119896145
TR-008232,0,0.10510678438288543,0.07499045,0.07264463703627201
TR-002551,0,0.10417382830166509,0.12734468,0.14492552549231313
TR-003943,0,0.15904183814330186,0.1644205,0.1738419414836459
TR-005762,0,0.005098588649546436,0.03225834,0.03390809807632028
TR-006357,0,0.044598105285616176,0.03699671,0.040398176314829254
TR-008268,0,0.041533485551534625,0.04937039,0.05182164639215797
TR-009785,0,0.07916808612492644,0.055092044,0.050462674959782274
TR-003832,0,0.08791780437740887,0.07679747,0.06319960498973448
TR-006470,0,0.3086260390477268,0.26921493,0.2487296723023924
TR-005800,1,0.03394727128615053,0.060394753,0.05687093294280061
TR-003047,1,0.06545055239300089,0.055497114,0.04490096975174793
TR-005005,0,0.11562468452607666,0.118851915,0.1610115889766667
TR-009278,0,0.019162188030336213,0.028647467,0.02963548698986437
TR-000725,0,0.026246377004888535,0.030629018,0.034165502214151953
TR-005815,0,0.07154711030635347,0.11343138,0.09023261130271246
TR-007870,0,0.05197460455166061,0.056451578,0.05338660427925082
TR-005728,0,0.05775853265092885,0.051429,0.049347585468643845
TR-008609,0,0.15659495508752427,0.19942553,0.17465335736890242
TR-006768,0,0.008277684843377299,0.021099161,0.027873695210321667
TR-009815,0,0.01995951939627724,0.030607244,0.032292163086743035
TR-009518,0,0.101956261254534,0.07519177,0.058977243148132026
TR-003993,1,0.4603141484942063,0.36698776,0.3102807708825543
TR-009832,0,0.022206165890334275,0.037523426,0.033167592713292615
TR-005605,0,0.25846017948772765,0.296973,0.2242218989662875
TR-006485,1,0.28356954176229626,0.25110275,0.2621739467590467
TR-007148,0,0.061165764076052884,0.050610393,0.04849798388572351
TR-004054,0,0.0476643837171374,0.0327274,0.04147582180312866
TR-009840,0,0.04426124073564581,0.061171398,0.04985791558780449
TR-005099,0,0.09421585457390454,0.066805966,0.06701404980950744
TR-004852,0,0.010708692259138574,0.02958239,0.0271949822747899
TR-003333,0,0.03383363931523743,0.0338735,0.03276255495176184
TR-008089,0,0.2334782555393453,0.26342463,0.25786873982398817
TR-002805,0,0.27468040373422636,0.23051271,0.19527599649627808
TR-002355,0,0.001776881404036008,0.014926823,0.021804267576870772
TR-000003,0,0.0201579513014757,0.030626796,0.03240991040201937
TR-009669,0,0.059534206590199305,0.071102515,0.08084040915869763
TR-005551,0,0.0026513409553907065,0.016300153,0.022263890237532002
TR-003873,0,0.0876462763974503,0.07394982,0.07455660685791639
TR-001559,0,0.035298254392165475,0.032564484,0.03298687308588789
TR-003678,0,0.009048595060388727,0.016124321,0.023426142236214312
TR-000715,0,0.03460861379578502,0.038658556,0.027814603034570114
TR-006708,0,0.012277334141480623,0.020477802,0.02559088771339344
TR-000259,0,0.2920677852826632,0.12350707,0.14093905459297318
TR-006478,0,0.02034324732664566,0.036419395,0.039218928386098494
TR-004459,0,0.009371691095351723,0.020841787,0.024987424916681687
TR-005790,0,0.06803030124457628,0.07559388,0.07307320385717855
TR-000333,0,0.012330681533500597,0.018733246,0.024590786414764355
TR-009502,0,0.021711721302771655,0.03007839,0.026192515365456328
TR-006830,0,0.26649354940488856,0.14590028,0.1373143441807315
TR-000341,0,0.050378972921614494,0.049529087,0.057912083965856016
TR-004543,0,0.041880692499201594,0.046413045,0.047049719566142484
TR-003746,0,0.059811854917096674,0.048673633,0.044061961968312094
TR-005136,0,0.0587507420710918,0.05092403,0.05264645693462608
TR-007630,0,0.010840152767232965,0.022210548,0.027951962549517224
TR-007108,0,0.01019906074004406,0.019628398,0.02314141274479211
TR-007600,0,0.01490992006939269,0.023102341,0.027507883195939026
TR-005494,0,0.01697953995684031,0.022200216,0.026072946495496716
TR-003503,0,0.10539348502773564,0.1440485,0.19358362755399233
TR-000633,1,0.08664802706987762,0.10848914,0.15756563083113048
TR-004302,1,0.4552422381704339,0.427554,0.3105406878232958
TR-001693,0,0.038922586018793705,0.03396775,0.04096292330662701
TR-009552,0,0.06045453015953938,0.062036328,0.0759028950851288
TR-009766,0,0.02783198375004746,0.033130687,0.04604131004870697
TR-007819,0,0.021928016375499623,0.02863763,0.031738189178369645
TR-008006,0,0.05048035717550726,0.036723524,0.037705860057203874
TR-001368,0,0.08632561422113272,0.048794743,0.044462384279271766
TR-006212,0,0.4697794839427849,0.427843,0.3535692421320143
TR-001187,0,0.06043455910785342,0.055801492,0.05046893458400397
TR-002626,0,0.003739119153498947,0.016483821,0.02514045934122798
TR-001869,0,0.10636682380947964,0.05523409,0.07543365723935158
TR-002450,0,0.19743920151010524,0.2166401,0.2475977998573028
TR-003970,0,0.07805249007347552,0.13355556,0.1190674096429838
TR-005535,0,0.01645897012662961,0.03447994,0.033205042112782225
TR-005846,0,0.005162263859659497,0.015412819,0.023513967726437938
TR-002503,0,0.07086914188588171,0.08442,0.10460490068415645
TR-009836,0,0.01540352885795316,0.030088292,0.032174786507038665
TR-000908,0,0.007576973742105762,0.020257473,0.024782150871564955
TR-001309,0,0.02702985368632165,0.03250845,0.03395357465895334
TR-005012,0,0.03952441831648958,0.053673983,0.04933995128944898
TR-004409,0,0.02358642500127373,0.031147245,0.032163127206355606
TR-005077,0,0.029308886605882847,0.046284493,0.051011005888470316
TR-006595,0,0.05023111808397219,0.035554785,0.03599156981037118
TR-009448,0,0.030286045113159982,0.04083532,0.04265176260627268
TR-006670,0,0.004760814165943922,0.01851113,0.025196477694645558
TR-008632,0,0.19878584202060315,0.2097956,0.16624640062180093
TR-006861,0,0.03462577180080887,0.036623634,0.0388638342954444
TR-007055,0,0.00252547603003785,0.013618459,0.02218062777334943
TR-008592,0,0.023912736573651866,0.04215104,0.054484745902240776
TR-005642,0,0.05350199998455356,0.052892484,0.04357469087876088
TR-001969,1,0.21131562334486423,0.15638109,0.17508088297208035
TR-001633,0,0.09241392633992913,0.0967887,0.06029627721014409
TR-005367,0,0.22036122433672425,0.36186567,0.32651614571885573
TR-007373,0,0.03307847335029293,0.049627747,0.05035542889534798
TR-007244,0,0.11684598208707465,0.10637153,0.14079560107264585
TR-005312,0,0.0662484562287591,0.051221553,0.05303985688724088
TR-007584,0,0.002411382973774675,0.015503161,0.023649021139647883
TR-006982,0,0.15763417330417448,0.14023526,0.1412189928335411
TR-001459,0,0.0031463078676622442,0.014114071,0.021705661369080764
TR-007821,0,0.09355279802821717,0.12598823,0.11342416146295188
TR-003018,0,0.14073280784872358,0.16847004,0.15322534574308988
TR-006754,0,0.014011551119549,0.020534132,0.02691981961385272
TR-001507,0,0.04378958230431738,0.049044408,0.04763588003526447
TR-000096,0,0.030869590277386134,0.041107886,0.043209747646874186
TR-002248,0,0.011599784309862646,0.021165332,0.026830249236854994
TR-009504,0,0.046543200789548024,0.0421331,0.03265513445953924
TR-009206,0,0.011604283088605007,0.02536909,0.02882507380539967
TR-007349,0,0.05919317906309972,0.0601015,0.06985357132043792
TR-004901,0,0.012736630797769107,0.023832267,0.03193409508819704
TR-009156,0,0.031358153150239466,0.028931959,0.03602782289691696
TR-004386,0,0.0015721966915305107,0.013880764,0.021705661369080764
TR-002097,0,0.02819530077924496,0.046564862,0.03868989748113132
TR-005860,0,0.09366829820356926,0.09651481,0.08497223037897689
TR-009348,0,0.017526834459126454,0.024819715,0.026930659849212613
TR-002789,0,0.020967469620346492,0.027348373,0.030446488065695616
TR-005667,1,0.4324714810601908,0.26313007,0.348918182012674
TR-004298,0,0.03823057224992749,0.046274796,0.059773292671253746
TR-002922,0,0.0700628643146553,0.07878177,0.09130757855427031
TR-005029,0,0.0759395060952805,0.05910644,0.053899078699012046
TR-005458,0,0.017791984414245607,0.029342705,0.03360552655097682
TR-002842,0,0.01648854660930125,0.02229466,0.027507883195939026
TR-004136,0,0.02083496983554998,0.033631872,0.038183718225189324
TR-006454,1,0.043796779319965146,0.036692657,0.0370090243552842
TR-006332,0,0.07344591158194645,0.07300255,0.07713614129879827
TR-000699,0,0.02576386996812681,0.032596294,0.03732458767322887
TR-005827,0,0.014715357891480317,0.024115954,0.027716925811654757
TR-009276,0,0.06722251357847044,0.12445843,0.09653261089499125
TR-009566,1,0.17437245624141093,0.11609988,0.13473796620344225
TR-002847,0,0.04650534348785828,0.034737863,0.03274922741449325
TR-003951,0,0.02108877524136482,0.05883714,0.039716828067766795
TR-005435,0,0.042358967937808946,0.07508621,0.0634804381292186
TR-008306,0,0.025630184164233936,0.029445402,0.0321615145624956
TR-009521,0,0.11913179291189457,0.06870583,0.065597284754699
TR-001013,0,0.05088279242197207,0.04809483,0.05884061872188603
TR-004856,0,0.15606189154691533,0.18799908,0.18402616626114135
TR-006627,0,0.055784871304254406,0.045530636,0.03884413485680625
TR-006608,0,0.002127193839487386,0.019506726,0.02494890506231472
TR-008109,0,0.013354203667826074,0.019134501,0.024035031279345198
TR-009022,0,0.1581465873297879,0.11950646,0.09801653178778029
TR-009978,0,0.022464185391783763,0.027705675,0.0327701905160379
TR-002010,0,0.029144244346195766,0.038699634,0.036684763136159315
TR-000923,0,0.0109731044347851,0.015996007,0.02476742440468892
TR-002046,0,0.32009752689195464,0.25868228,0.26526387657890227
TR-003981,0,0.10795943236617468,0.074861996,0.07507208088800672
TR-005802,0,0.06316401549562316,0.12083497,0.1199352611744843
TR-004422,0,0.3032446379309702,0.32161713,0.2527736099682533
TR-001624,0,0.12115792132560925,0.1288671,0.13649357306318172
TR-001286,0,0.07128565726052148,0.06583348,0.058724737950845894
TR-006003,0,0.014817516753076984,0.024169821,0.025928975897281263
TR-000980,0,0.047116347967684824,0.058100194,0.040581615676188024
TR-001615,1,0.1422315851670496,0.16279559,0.13010441248421567
TR-009537,0,0.2716252789926631,0.29141265,0.2088874534988598
TR-007911,0,0.07452612509969117,0.11420695,0.1096094390576774
TR-002993,0,0.052431157516663,0.053590618,0.05050299872905336
TR-007529,0,0.21661860886355433,0.23921037,0.1765679969493204
TR-004847,0,0.009037572695118113,0.023209147,0.025460625803575075
TR-004377,0,0.011200660770384752,0.02934231,0.0319701144458373
TR-007219,0,0.00967091574622027,0.023413604,0.02564030816623777
TR-009410,0,0.04306431814172762,0.055359807,0.04868073183597898
TR-009344,0,0.004719380778783139,0.019845622,0.02397245097530619
TR-008515,0,0.01140765040941706,0.01608341,0.02324492986405715
TR-007517,0,0.025678510289908228,0.029913401,0.03347782220726792
TR-007662,0,0.005959782563653666,0.022640407,0.029994052810446616
TR-006419,0,0.030334525624015035,0.03531629,0.031664874491218624
TR-001592,0,0.10698088412389145,0.13550809,0.12517481417917725
TR-005207,0,0.03232430619174918,0.03302819,0.039362892516421125
TR-009507,0,0.023590549052238046,0.029347546,0.032769416887792176
TR-009048,0,0.5380910924724308,0.29975548,0.3631930357758919
TR-003900,0,0.016774557796452937,0.026521469,0.02575138680390488
TR-005557,0,0.01781779333073792,0.032048162,0.03276703382155506
TR-000504,0,0.025720467405717515,0.029276093,0.032666810734172574
TR-004939,0,0.01051682977091539,0.021663154,0.02584436549683762
TR-003769,0,0.007769460361486017,0.02047832,0.029586682910500567
TR-008181,0,0.030636141411416636,0.054508194,0.05771255318770079
TR-002170,0,0.023199854769990726,0.025264334,0.030346403325705797
TR-003374,0,0.049477129652453045,0.054450963,0.04945727656955662
TR-008142,0,0.039424963959146124,0.040357567,0.04578036223112106
TR-006099,0,0.017130236730210576,0.031656675,0.03072548849703051
TR-002154,0,0.022570249066404025,0.037377123,0.0314797996043876
TR-003654,0,0.04404163104416219,0.05606614,0.054939428759985476
TR-001484,0,0.1027663359756022,0.105222166,0.07859193379751327
TR-008390,0,0.06932514288392123,0.05644146,0.06372155978299272
TR-007976,0,0.11186061382661262,0.0660473,0.07766647302221061
TR-000098,0,0.10980778602656191,0.06016981,0.07354870194691279
TR-009797,0,0.046640130659011216,0.06211784,0.07423588208895662
TR-005129,0,0.0029014247066081467,0.016486892,0.02218062777334943
TR-001008,0,0.09338392735490972,0.122049466,0.13391595317150076
TR-006946,0,0.02391115311566415,0.031303965,0.028979262153783256
TR-002062,0,0.0012467430897069023,0.014515765,0.022263890237532002
TR-004535,0,0.02229676057673766,0.028045697,0.026616500961971337
TR-002432,0,0.04109999868532129,0.035116125,0.03841741819834718
TR-009110,0,0.01190096365738156,0.01858418,0.02330732926073194
TR-004295,0,0.02538283883412967,0.032768607,0.040272685475591395
TR-009434,0,0.049185090010298534,0.055360008,0.0567545932010693
TR-001010,0,0.12144823718367923,0.09562785,0.1271575870475641
TR-000989,0,0.006451012020946495,0.027067816,0.0292380449434665
TR-008259,0,0.005651951127284105,0.022895515,0.02364288450588894
TR-004542,0,0.10064999911402359,0.12662956,0.1067926387814411
TR-001419,0,0.006352805648461825,0.017244507,0.023931438679240528
TR-000897,0,0.028641044464824576,0.034166932,0.03324488802655987
TR-003770,0,0.08670996749206275,0.11315575,0.11584514754094277
TR-005499,0,0.03449402663137317,0.04378347,0.027623854781556257
TR-005770,0,0.011425943370704525,0.023745969,0.025890233168880006
TR-007091,0,0.00978052737613943,0.020782553,0.023734665800692764
TR-001785,0,0.05269623713093921,0.040033292,0.037338862104812416
TR-002597,1,0.4007957776264813,0.23134682,0.23114316374748986
TR-008680,0,0.04238447752044214,0.04685803,0.04142435503545745
TR-005166,0,0.1024044097521932,0.09336337,0.07151190423027984
TR-002924,0,0.021233404436559515,0.028473984,0.029531915833422184
TR-006170,1,0.06273584359102477,0.061805528,0.057630807711494106
TR-001394,0,0.010155238628693962,0.023726242,0.031396960656840694
TR-004361,0,0.00670388974514288,0.01857878,0.025153449351135084
TR-000008,0,0.04513796426112507,0.050548784,0.041802744363455685
TR-009223,0,0.053858529421025515,0.055182464,0.06402772685252253
TR-003218,0,0.07939988174653195,0.07078941,0.06143045898682993
TR-005170,0,0.11538687129425014,0.13482642,0.17536976726277145
TR-001454,0,0.009999890241018473,0.020271692,0.024274797003763005
TR-003408,0,0.31897418099308034,0.25576434,0.22976110058163965
TR-004343,0,0.014157159615447442,0.030204227,0.030989004599780372
TR-004188,0,0.01594934424877144,0.024093842,0.029972790936074075
TR-009311,0,0.14928556540510807,0.15212475,0.13633817038495397
TR-002532,0,0.007736049001551166,0.014583936,0.022925130225712166
TR-002553,0,0.0077675098563662285,0.029038714,0.040718906033615776
TR-009748,0,0.13112917684994055,0.13838044,0.11572153928393014
TR-003486,0,0.2022869585464473,0.21645892,0.2310773705993383
TR-002300,0,0.053034014873297355,0.06403256,0.05054705028393843
TR-007089,0,0.040963829001653816,0.044953197,0.04266735857624814
TR-003684,0,0.004765439076446936,0.01988723,0.03452107650881025
TR-000049,0,0.19472742991059597,0.20368059,0.16690181847338217
TR-005593,0,0.010165102209610283,0.016987508,0.022925130225712166
TR-004672,0,0.02152460436950173,0.033648793,0.04009766730735024
TR-001423,0,0.023910394755231597,0.051629283,0.04996061970677073
TR-009845,0,0.001700298127178541,0.014857387,0.022263890237532002
TR-000052,0,0.028371010152882885,0.03618563,0.036648522725767255
TR-000153,0,0.012884911371499313,0.041851863,0.036105381310583363
TR-002247,0,0.03567859288823056,0.03329292,0.036032710357869875
TR-008652,0,0.05604843406969952,0.057066213,0.05520449437321786
TR-008714,0,0.04621998719970544,0.05222569,0.05162394541119116
TR-009015,1,0.08723513630443337,0.075028166,0.08086372521495967
TR-006844,0,0.017685151263022114,0.029621966,0.029345081608651416
TR-008208,0,0.012344749760364074,0.019544337,0.02507559283641454
TR-002136,0,0.06524426017872803,0.033934552,0.03361211193082794
TR-003390,0,0.016009097795136918,0.03125621,0.03242537515754179
TR-007083,0,0.01349474129008996,0.02336112,0.025221113315494096
TR-009563,0,0.035024572039256685,0.041312296,0.03934035566844304
TR-004544,0,0.0034955705674925585,0.015056016,0.02218062777334943
TR-009616,1,0.13793860502957933,0.095288344,0.0779118519406081
TR-000047,0,0.18152875050872092,0.10177981,0.0769567187278051
TR-001208,0,0.06953266825434422,0.13158828,0.1039095966045705
TR-004732,0,0.00666228624780909,0.02110411,0.02537915020560196
TR-007565,0,0.08084379964139331,0.05624927,0.07245818230877392
TR-005249,0,0.09394056112259426,0.06559272,0.055597057101113075
TR-003934,0,0.028281661866226694,0.027594026,0.029472648984630506
TR-008560,0,0.016370133136818607,0.027272435,0.03565557792051179
TR-007652,0,0.05056803745843987,0.06408552,0.05931932015552639
TR-007604,0,0.06139028948618809,0.05256198,0.05017248196447125
TR-000515,0,0.08990138644348111,0.05890475,0.06049893601598424
TR-009827,0,0.026925221521790898,0.023167947,0.027413887385531136
TR-003825,0,0.01860876383920687,0.031244332,0.03286845664729009
TR-007283,0,0.03691163494670152,0.04366922,0.05185989537474491
TR-000295,0,0.03223508080499474,0.03762146,0.03111660837282895
TR-002309,0,0.01963201413414501,0.041945286,0.03141259319730705
TR-006923,0,0.03395861024447945,0.034150075,0.03459480867614479
TR-004736,0,0.1343346640242335,0.16985056,0.16852780524661037
TR-001721,0,0.009195948847204146,0.018254073,0.023318609024002828
TR-007618,0,0.12981092090075608,0.077361904,0.08664592732486219
TR-009065,0,0.04009132922725224,0.04626794,0.04878253915983144
TR-008688,0,0.5258628947129744,0.53829587,0.5421035476946472
TR-002350,0,0.17736955997779713,0.16170248,0.17201393094853507
TR-009784,0,0.05665230871364601,0.057987344,0.04947142405729448
TR-000728,0,0.03280728425285892,0.038307488,0.03452683676649538
TR-003987,0,0.07057720194741815,0.12875932,0.11974211561164391
TR-000619,0,0.04710673631880719,0.04245905,0.045283014586144886
TR-006526,0,0.13119461461455523,0.14813863,0.17414670452775574
TR-008913,0,0.37841938995171726,0.35128492,0.23850323537746496
TR-000602,0,0.030682097615121553,0.037818752,0.04085608616716425
TR-000105,0,0.009132153165938815,0.020237666,0.02514177612434809
TR-008699,0,0.08383419602969852,0.07527592,0.05929121354536922
TR-006440,0,0.057708111337829764,0.06070762,0.06083437072615091
TR-006081,0,0.12328568717932248,0.15606645,0.14925512456189446
TR-007311,0,0.08164889332773344,0.056956034,0.05354595581578642
TR-005329,0,0.2980418100711475,0.28579432,0.3486192853528375
TR-007494,0,0.047534025806955815,0.036640335,0.035817588039209425
TR-003795,0,0.023323282372505725,0.031749826,0.03204237682401635
TR-005289,0,0.0297712325154612,0.03391241,0.03225579417760101
TR-004207,0,0.02533369960350458,0.02772975,0.029914131340810814
TR-002920,0,0.00953984438533484,0.016599575,0.024647178868708597
TR-003273,0,0.004634446282515019,0.018341709,0.023493883239610713
TR-009550,0,0.027255526533351067,0.035781264,0.03719847697770275
TR-001571,0,0.04793186473769711,0.047191363,0.056988082133813296
TR-009568,1,0.21001695496122225,0.15896957,0.12746563927995355
TR-001875,0,0.04352829218173397,0.042020686,0.03609994698183096
TR-001851,0,0.08647921578547481,0.105702356,0.11313778526902636
TR-007393,0,0.019830150803746546,0.02381331,0.028703262377594057
TR-002066,0,0.038677474294844645,0.041266713,0.04107211453567762
TR-007851,0,0.030885146305926276,0.030509759,0.030191614536319765
TR-002485,0,0.009226573928454393,0.021138292,0.025430781839648878
TR-007195,1,0.2656900871435092,0.36630946,0.2844268891114885
TR-003581,0,0.0073549812764426405,0.019427918,0.02364288450588894
TR-009376,0,0.02287873652349235,0.03501216,0.04392986761227186
TR-004092,0,0.05330079951084245,0.051699772,0.04800819388049807
TR-007290,0,0.12614194858394917,0.14602594,0.15549416614034883
TR-001414,0,0.020396509150096685,0.02459174,0.028317881144355985
TR-003570,0,0.055231443656489056,0.062881015,0.06461231448760835
TR-004201,0,0.06304902739723488,0.12681277,0.1404682870170074
TR-009852,0,0.016215026658073214,0.032845855,0.029513066173975075
TR-004913,0,0.01837045682183496,0.025720743,0.028025957263227465
TR-001139,0,0.23054130604056935,0.18789601,0.24391162040183348
TR-004081,0,0.16215559124347748,0.1405432,0.16085622171184716
TR-000829,1,0.36292480251029224,0.28750914,0.34387099269982957
TR-006918,0,0.20942994877667756,0.09913123,0.15675861950341297
TR-006651,1,0.040722001991729866,0.05088384,0.04574568057776184
TR-003957,0,0.04465294178897866,0.04746734,0.047004539682878634
TR-004253,0,0.028596202760485825,0.031022947,0.03555483995798818
TR-001554,0,0.006930794861995595,0.02366672,0.02554425506999356
TR-005023,0,0.03788272760552539,0.04250739,0.03901977539371096
TR-006865,0,0.11694094566790526,0.07518696,0.0573262421785201
TR-006778,0,0.021416358364493807,0.028888935,0.030324366540513965
TR-003131,0,0.014639691482715902,0.031530365,0.03396907077147934
TR-004709,0,0.20455011162043396,0.20847137,0.16467264097841997
TR-008961,0,0.03597659919463174,0.034961946,0.038577648564819426
TR-004793,0,0.15349860936125118,0.13149285,0.10228041382588791
TR-005611,0,0.017689952795837807,0.026389588,0.02933842048230213
TR-005814,0,0.00790609921570823,0.016530363,0.023826559324940558
TR-003328,0,0.15521986096504406,0.12484969,0.17550142345758818
TR-005019,1,0.1408650885893354,0.09707957,0.1244186004791586
TR-005822,0,0.037609909489474846,0.049549766,0.07473123830716975
TR-006744,0,0.012831546775427308,0.01692183,0.027619264837273134
TR-004210,0,0.43077157883653994,0.28391212,0.24023525423202283
TR-002234,0,0.0028407884368697317,0.015599266,0.024093581549468744
TR-004614,0,0.019100963483593233,0.02620534,0.030177152074081833
TR-006630,0,0.016139894262804884,0.0299643,0.029065010934822354
TR-006027,0,0.007482475527816239,0.014704022,0.02218062777334943
TR-007989,0,0.005657833255687182,0.015214962,0.02638931964151494
TR-007073,0,0.02174854830272116,0.024160838,0.028772310344523953
TR-008874,0,0.04520972780948489,0.040625114,0.03582722882976193
TR-002479,0,0.009905590800316954,0.015641829,0.02218062777334943
TR-007786,0,0.037254286102069635,0.03716242,0.04595371029300213
TR-009777,0,0.005602785300824847,0.01994046,0.022703097616771625
TR-002035,0,0.013632734551852203,0.020730231,0.026830249236854994
TR-008820,0,0.06836186336170792,0.0762023,0.08473846533983824
TR-004532,0,0.07874533958360207,0.06561453,0.05186023524345985
TR-001775,0,0.021264867476455788,0.024320802,0.024728893349696163
TR-009289,1,0.02311475500699835,0.032621697,0.036013717472312586
TR-002207,0,0.02448195651912258,0.031822152,0.034329953837394095
TR-006094,0,0.019069111367168753,0.022073466,0.02561121067276927
TR-007635,0,0.09115004018779548,0.0645436,0.06684170133604239
TR-007443,0,0.014388515417363166,0.025275903,0.028440090648575958
TR-003844,0,0.04836663934614752,0.044178035,0.050281747215607776
TR-005921,0,0.07775166737124393,0.06897748,0.06747761616993526
TR-003456,0,0.03244407788865542,0.049494404,0.05415082727810569
TR-008923,1,0.4456870333726495,0.4645144,0.33094694940920066
TR-000054,0,0.03676879967547616,0.03903221,0.032135984561606434
TR-004329,0,0.03937937043723831,0.048478197,0.050955024411031086
TR-001870,0,0.009477022542448576,0.02013009,0.024669503915547595
TR-008222,0,0.011265082645942304,0.017228238,0.02497686007176629
TR-007060,0,0.0420783259024965,0.034831848,0.04296504932923386
TR-007164,1,0.5865585054163389,0.5076103,0.3834947661286009
TR-002025,0,0.08798656252949351,0.061847754,0.061270054199796475
TR-001307,0,0.08818499532860027,0.05444481,0.05676966344856713
TR-004127,0,0.045327281626678,0.050263975,0.04532035349385211
TR-008223,0,0.014495731180996955,0.02279409,0.02848069452570229
TR-001040,0,0.011097198334826466,0.019423716,0.022703097616771625
TR-006344,0,0.3034700436045527,0.28502083,0.251190725316125
TR-003850,0,0.0277584892464719,0.03353653,0.038183718225189324
TR-009316,0,0.0037809675606745577,0.013965445,0.021705661369080764
TR-008802,0,0.014141740822718414,0.0238511,0.030435675978089473
TR-005782,0,0.004938039646114203,0.022712994,0.025448640892792834
TR-009187,0,0.0672289722558313,0.052545313,0.039975888453664114
TR-005409,0,0.048849967214465724,0.07529897,0.10181036018811794
TR-007323,0,0.01656636300161329,0.024544667,0.033675786665628905
TR-001342,0,0.01179876319881394,0.017064463,0.023426142236214312
TR-009464,0,0.11184879513689402,0.1261469,0.10881128089958746
TR-005614,0,0.041113769796468094,0.041770495,0.03438131083376217
TR-009636,0,0.03036413114633466,0.034057833,0.03578917428091114
TR-006659,0,0.17985517093920908,0.17830427,0.20301620762100633
TR-006966,0,0.0656008727607848,0.05111113,0.05583557635275684
TR-003225,0,0.05080329379175096,0.062327262,0.05359216326586467
TR-001438,0,0.008724534551015094,0.030713929,0.029455637090641557
TR-001125,1,0.12581863332625023,0.1670305,0.14668346198890883
TR-009634,0,0.07354358979541958,0.11068744,0.13594935402628497
TR-003124,0,0.023925777404297258,0.04828155,0.06746077460869133
TR-003360,0,0.009149272947719547,0.017850386,0.02391815971577223
TR-003847,0,0.03432670045987751,0.031358205,0.03336182081100559
TR-000359,0,0.003160518031906563,0.014533092,0.022985223501296972
TR-006243,0,0.007576630335559499,0.020985445,0.02947005691141285
TR-002641,1,0.14060734995805205,0.17533682,0.14270609846866875
TR-003891,0,0.014520152185177234,0.026488833,0.02805235097552448
TR-001349,0,0.12114433602991383,0.14911503,0.20050419718076998
TR-009558,0,0.1404332254335266,0.091061,0.1188132873517088
TR-007483,0,0.05160043344732182,0.050016753,0.06768611567664438
TR-008891,0,0.029159491850962015,0.02636753,0.029304164872540773
TR-001084,0,0.03381222371547424,0.039666865,0.0466746179007746
TR-004013,1,0.03761036358477469,0.040018037,0.03878661142026298
TR-005645,0,0.17807777565089378,0.17358299,0.13572232104055557
TR-004908,0,0.02909668053412497,0.02869734,0.0334892270149058
TR-000310,0,0.016949960644109165,0.02243449,0.02497245662215139
TR-002065,0,0.20379002759025402,0.20960793,0.20247998899355132
TR-001234,1,0.05377319003613126,0.044733595,0.04872473202717128
TR-001231,0,0.007027089908337228,0.016660938,0.02355736390289486
TR-004286,0,0.031506627296383816,0.036125876,0.044531631283441515
TR-000006,0,0.014713086989986137,0.024735592,0.029409323572993043
TR-009379,0,0.10373012245511559,0.073319495,0.0666335204062412
TR-004419,0,0.030965678984287304,0.03605611,0.03507564412195734
TR-005573,1,0.12772388450257646,0.17360261,0.15540015535371662
TR-003260,0,0.011937031235125852,0.023324173,0.02892769289318397
TR-002452,1,0.1575777208774878,0.1784915,0.17191239410193843
TR-004187,1,0.023482825261484694,0.03301078,0.03385043946562199
TR-005470,0,0.03350011271063052,0.035751745,0.04039905722256538
TR-003389,0,0.010998578592735505,0.021816231,0.026475148295770547
TR-006295,0,0.0059962363497772266,0.015949937,0.024093581549468744
TR-003551,0,0.03367034501981114,0.031388886,0.0346454120333421
TR-008104,0,0.07705365824044451,0.05161166,0.05642350326987377
TR-008184,0,0.07410451379071196,0.07638154,0.06398841271748734
TR-009970,0,0.03058705353298169,0.03831527,0.04663762956280252
TR-002954,0,0.10437215775932605,0.07758542,0.10420297813400117
TR-002677,0,0.003634843648184365,0.016053202,0.03304810142200467
TR-009520,0,0.12447968469356357,0.07919511,0.08798187218521228
TR-004015,0,0.009713504743846307,0.028775845,0.04338398027748637
TR-006914,0,0.20840258575447915,0.32156122,0.3059943680964381
TR-004192,0,0.07738666867284567,0.07370024,0.06726989421007143
TR-008824,0,0.04149133429297608,0.04360221,0.04565421543590715
TR-001392,0,0.007375659470952885,0.01686772,0.02375276095974211
TR-002899,0,0.2724388527621403,0.17297576,0.18767479346427188
TR-005669,0,0.009427588210033352,0.020069566,0.02534859621951545
TR-004803,0,0.027486897288018102,0.031848304,0.03680233316083874
TR-001465,0,0.007162993368835289,0.015335244,0.021804267576870772
TR-002488,0,0.17247407158898456,0.1961109,0.14002895362418089
TR-009227,0,0.4868556059408596,0.47329667,0.3391123492525152
TR-001815,0,0.02503161154438164,0.051794857,0.06035334508401453
TR-001014,0,0.13861411221484854,0.17919527,0.12301623751598581
TR-003412,0,0.1357841774345682,0.09648398,0.09065090915673354
TR-008880,0,0.06732382077249331,0.055791177,0.049975626172413745
TR-009236,0,0.03189428932767566,0.024807097,0.033672819878236726
TR-009886,0,0.01858722335065479,0.023594713,0.03067839896580314
TR-009582,0,0.36488925003439404,0.41862914,0.35124135766335435
TR-005054,0,0.016967964742319694,0.024153238,0.029392580927118106
TR-004791,0,0.003992344470965285,0.014380416,0.021705661369080764
TR-008983,0,0.03493784616153655,0.03439686,0.03613262211281106
TR-007127,0,0.033043510946512485,0.0375776,0.03963016188503751
TR-002167,0,0.029660498118959423,0.045794033,0.042115122720668655
TR-002227,0,0.03351151021715066,0.043332104,0.04131876800456927
TR-001426,0,0.03850625277525425,0.03614186,0.04292397188430731
TR-005394,0,0.0772975240912216,0.10468083,0.09848648327017799
TR-002294,0,0.08850930824629039,0.04977655,0.06099210655160166
TR-001002,0,0.054317584257495104,0.06431755,0.06375191958127303
TR-003517,0,0.014973204646670889,0.019657502,0.026789139424264138
TR-007375,0,0.03127209637030502,0.049837098,0.04412819779137542
TR-003961,0,0.08962514036546347,0.08203144,0.07571916663748267
TR-001170,0,0.15469776679508543,0.07820251,0.0744375369240428
TR-002727,0,0.07502581579488267,0.066902705,0.08037764587397511
TR-008888,0,0.08333462687383267,0.05240106,0.049082549597839996
TR-003782,0,0.004914676402126281,0.014995551,0.0241011901526876
TR-001301,1,0.322908694484952,0.2060471,0.22607292679781887
TR-006398,0,0.0986691273797775,0.11933091,0.13067972437676037
TR-009188,0,0.022795358319589933,0.028334988,0.02865268967805445
TR-008697,0,0.13188313829543508,0.15031867,0.17388033246782117
TR-007267,1,0.03386312748681419,0.03610327,0.05275539862972702
TR-009122,0,0.008886149968075976,0.017050063,0.02382886139436002
TR-005032,0,0.43358975021429513,0.26240328,0.2753189600338038
TR-002026,0,0.010062812013321036,0.021124393,0.02677769929471557
TR-004247,1,0.10844652110535244,0.13235094,0.1391666983592584
TR-002775,0,0.029782165971758028,0.03323983,0.030424388425135673
TR-003714,0,0.03898074849977835,0.030554367,0.031686496266516866
TR-003922,0,0.11019670953715699,0.07860074,0.0846636780598609
TR-000706,0,0.01966397055780649,0.02859348,0.030797647139140155
TR-007992,0,0.166696886327922,0.14650168,0.14677346354921908
TR-006033,0,0.05055994872989039,0.0520422,0.047832089956371206
TR-009691,0,0.015067956902197439,0.024309337,0.02763874698204252
TR-006537,0,0.09313314759847849,0.08170966,0.11253989036632861
TR-000687,0,0.031112168635241803,0.030409852,0.03666569258440889
TR-001069,0,0.07137406218847324,0.13023841,0.1043173805023857
TR-005332,0,0.017625152343647418,0.022487922,0.0298164949874747
TR-001092,0,0.025533463758285746,0.030762821,0.03254508527114852
TR-008240,0,0.008061945967980017,0.02189844,0.04307482893518988
TR-005001,0,0.008669870790046044,0.018559666,0.023319442145065542
TR-002376,0,0.011712603136358813,0.027199173,0.03135490190125275
TR-003371,0,0.05215555429400199,0.04422686,0.0462008504062368
TR-008521,0,0.07932908252973783,0.07866913,0.10294868392502045
TR-007217,0,0.0069265179728576105,0.015924009,0.023319442145065542
TR-001261,0,0.0035508385205665375,0.01796086,0.022703097616771625
TR-000443,0,0.00930435061364089,0.01616064,0.023529110743828713
TR-009540,0,0.10728501414356609,0.11365155,0.12889156766400683
TR-009255,1,0.06505311214510137,0.06577585,0.06885914697186482
TR-007416,0,0.017139384763037786,0.023569439,0.02539104029825319
TR-003679,0,0.014311761575494965,0.020132456,0.026906133277368533
TR-005446,0,0.011546541386061496,0.019971453,0.025885963342147995
TR-000256,1,0.07442546708172854,0.09932995,0.1042637636303335
TR-008916,1,0.1517884056718815,0.18249646,0.18474965071879232
TR-007545,0,0.19549486110090447,0.2327483,0.2616411851390184
TR-007426,0,0.03543049500971997,0.035366684,0.045314876245130996
TR-006209,0,0.03474375445013151,0.04556414,0.04123993081814384
TR-007113,0,0.08510628037389409,0.093439415,0.09093634491876154
TR-005051,0,0.08233916496008989,0.06562456,0.0720222304160144
TR-005165,0,0.3527271537651272,0.35977367,0.30951452892443204
TR-003077,0,0.01668697784826465,0.025806135,0.029016995680443497
TR-002082,0,0.03405947423905152,0.034859456,0.036224448977155196
TR-008455,1,0.06757900294945852,0.05081067,0.05464387065823757
TR-007402,0,0.017180821849483465,0.028737806,0.03117709960493783
TR-006482,0,0.047901006581021956,0.055910766,0.04744289517544638
TR-003461,0,0.01169030514956749,0.023261726,0.0273444505668141
TR-006682,0,0.08107265080449476,0.075151265,0.0626551462701207
TR-001881,1,0.033776524198269986,0.045491207,0.05162534542561192
TR-006116,0,0.09951604323560895,0.0841086,0.07480392351247481
TR-005772,0,0.019938987087590294,0.028831013,0.03294312240317915
TR-001327,0,0.012150237047088914,0.02520335,0.02596264827505799
TR-003049,0,0.03952082275158221,0.051625293,0.040840172331707586
TR-009189,0,0.21115287396955146,0.23205386,0.278620084189324
TR-001629,0,0.04402378509951838,0.0536895,0.05979438454762567
TR-000899,0,0.08147256760014135,0.07655852,0.13641785406866166
TR-002177,1,0.7454101294712132,0.5380067,0.5427467160670643
TR-003227,0,0.021240100186521324,0.03232399,0.030634570289796874
TR-006756,0,0.11196164918742635,0.13097854,0.10457126137658689
TR-009849,0,0.010052430885664399,0.01980706,0.024087448778007333
TR-008026,0,0.09833669895347337,0.073700696,0.0709017678530795
TR-003658,0,0.05592875572499771,0.056252304,0.04369940050337452
TR-005899,0,0.17202233691565044,0.1692216,0.18938718443989985
TR-006231,0,0.04499705857523937,0.042667247,0.03936399136968277
TR-008816,0,0.042022379359051,0.049387734,0.05090839055956336
TR-009328,0,0.01351908326171645,0.021756578,0.025471773997655343
TR-007368,1,0.07627342374648678,0.09400679,0.08733791897568972
TR-008500,0,0.023947577863509532,0.026363522,0.02912820036176977
TR-008075,0,0.0923406692456828,0.14299579,0.1482538776288593
TR-000099,0,0.05178962406475795,0.05763414,0.05861200010099022
TR-004904,0,0.029691719342632265,0.02847767,0.02957610131937067
TR-008269,1,0.30193769148274807,0.2389022,0.22749343776915837
TR-004108,0,0.011826343112942905,0.030790728,0.03523473418875062
TR-005523,0,0.07614049889781757,0.053700667,0.07689644038795959
TR-004617,0,0.36826993212954073,0.28907555,0.3053100237106597
TR-000670,0,0.18435813040436913,0.11412275,0.09988823877661929
TR-000702,0,0.052196094101455336,0.041361343,0.03931837468346925
TR-001411,0,0.016699687857896734,0.02314614,0.032236632412661836
TR-006540,0,0.01163366016567788,0.024086619,0.025460625803575075
TR-006121,0,0.005684474077426494,0.021648297,0.02868417337863648
TR-007263,0,0.08128947927997188,0.054178607,0.06020000456838086
TR-006672,0,0.021355679714415005,0.029595777,0.03517214016683992
TR-005317,0,0.11676680642608034,0.11289663,0.11996014836616083
TR-000456,0,0.02476138419349573,0.027284333,0.028305520953191023
TR-009761,0,0.0789759236554804,0.14031574,0.11656541373965902
TR-009455,0,0.018103396490708287,0.027881626,0.030879162765490072
TR-004790,0,0.018714748409086827,0.027192255,0.031535989205010724
TR-002507,0,0.012039134490318987,0.02083099,0.0245611225985261
TR-006500,0,0.006452311866113203,0.01709521,0.023426142236214312
TR-008760,0,0.07597720048189771,0.06496863,0.05547167953129925
TR-004279,0,0.22345310446018402,0.18428294,0.16554913541566676
TR-008095,0,0.011322818367902852,0.024345912,0.03422450662467228
TR-006926,0,0.012595349155170868,0.029832816,0.024652072393526576
TR-006420,0,0.04711563683519103,0.043854006,0.04467854503694902
TR-001562,0,0.04646018362382724,0.09871217,0.15261350465504794
TR-008608,0,0.11709437556484968,0.23999095,0.3154316384204778
TR-009168,0,0.03374267240248828,0.03136893,0.03908894885331724
TR-008889,0,0.006531318009821911,0.019821508,0.023155952214538863
TR-008320,0,0.009836701982195937,0.019571703,0.022782857311757554
TR-009380,0,0.026993478815452252,0.027444733,0.027917967008958672
TR-002131,1,0.23869719368160616,0.1683785,0.14790799922132156
TR-007414,0,0.04077387361912244,0.040111896,0.042549477824952234
TR-005321,0,0.010500307660949462,0.025928017,0.03226073919453108
TR-001433,0,0.03291861149793144,0.057395622,0.05656396020035209
TR-007872,0,0.044814581964498154,0.055336155,0.043386511941552845
TR-004940,0,0.007506206846062238,0.027427735,0.02925251279189614
TR-006821,0,0.04767582505235111,0.038397714,0.03512680617063104
TR-009624,0,0.04929482011935294,0.06517481,0.059563323318658726
TR-001977,0,0.03222091613596872,0.0417764,0.03458618950586862
TR-005371,0,0.03300502856001838,0.037356533,0.03890142911501356
TR-004479,0,0.03919599918438493,0.04035373,0.04727152147844812
TR-009219,1,0.09877592744759564,0.10960966,0.11889617545651159
TR-009334,0,0.18112029712206598,0.11194368,0.09845750642362674
TR-002662,0,0.014303234920531536,0.031177131,0.029067823377694053
TR-004769,0,0.01416585010302102,0.022664906,0.02711156473175808
TR-002672,0,0.041829935349367804,0.047582686,0.04721552405784868
TR-007063,0,0.06697150766786437,0.09528604,0.0857652962047531
TR-004800,0,0.038208212586207844,0.033762336,0.04004584635158845
TR-001628,0,0.03669003034418802,0.047052983,0.041754355037991464
TR-000631,0,0.1003947782978766,0.14577699,0.13874481767624466
TR-004433,0,0.05011573875826606,0.053141303,0.044146680635571485
TR-002223,0,0.04915920308382794,0.03550766,0.03208713963562279
TR-004293,0,0.11992712535598526,0.16182674,0.16065861536340878
TR-001804,1,0.15349964541163486,0.1784646,0.1341628959892403
TR-008479,1,0.03923884376498923,0.038117424,0.03488846469578539
TR-006039,0,0.03260935469126364,0.042161513,0.04522124104384373
TR-007342,0,0.10833814339948104,0.15492044,0.12554190222715716
TR-009025,0,0.20222620157653032,0.16055983,0.14498283691730485
TR-009350,0,0.2767032877584132,0.22972533,0.2362943074849261
TR-002226,0,0.052755439122085857,0.046630215,0.05142516266526309
TR-001754,0,0.05569679733368786,0.04790975,0.04261997502964869
TR-001568,0,0.08178759989120957,0.049914215,0.049067395698331885
TR-006740,0,0.016765761785311323,0.029330423,0.029787149337401477
TR-006633,0,0.18877656320976297,0.16943437,0.27067014632770303
TR-009084,0,0.009727531466787185,0.027453613,0.024928185754658345
TR-006252,0,0.03728443252703126,0.04937039,0.04697611537687623
TR-003477,0,0.08592977200581758,0.12436918,0.12209686206101197
TR-002972,0,0.01236495683609159,0.034693148,0.030099715454083832
TR-009812,0,0.006002033567500996,0.015861088,0.02685321447697727
TR-004446,1,0.1285154667384624,0.11298743,0.1110520360019739
TR-003462,0,0.026508462749784002,0.031324662,0.03408566974097865
TR-006663,1,0.1819619518589398,0.14078614,0.15337705814515368
TR-000545,0,0.0245965191743374,0.03288323,0.03182624348414032
TR-003055,0,0.06684525538768124,0.08096745,0.08139928055824804
TR-000846,0,0.022853264316608467,0.02690337,0.035775720649327054
TR-002600,0,0.002333357478119973,0.014772133,0.022553042180442656
TR-004820,0,0.0557367202671089,0.041303225,0.04310697306501928
TR-003994,0,0.11069962163534279,0.07463963,0.06866594620120718
TR-006548,0,0.011869008207569752,0.02519799,0.03159575117101632
TR-003688,0,0.12012723873024025,0.11854642,0.12026534288645192
TR-003521,0,0.009125352347968045,0.032543045,0.03244902600499792
TR-004560,0,0.06669053142182355,0.057313792,0.04898634560839519
TR-000729,0,0.05799088229372073,0.054707676,0.05039156672546157
TR-007048,0,0.5646494158976672,0.35571444,0.25993178456553695
TR-002323,0,0.04291016075765506,0.05809718,0.0543721461271549
TR-002796,0,0.036236268480431724,0.030600533,0.030346850116459247
TR-003067,0,0.0688769647968927,0.060013134,0.053412543957600256
TR-002160,0,0.3546157168793216,0.29909676,0.25003303651162306
TR-009940,0,0.022079337849900012,0.03718505,0.026106921078656184
TR-000815,0,0.28614067522877684,0.2203939,0.16284576785479143
TR-002125,0,0.008248728453806668,0.02043891,0.023977231052198164
TR-006400,1,0.3138491047845863,0.23382705,0.1801949387784413
TR-002396,0,0.219718640439217,0.20772457,0.15487171704830133
TR-001073,0,0.019763012297967307,0.03523968,0.036976864384057
TR-009870,0,0.01944710967199666,0.026164068,0.02671703955778377
TR-005834,0,0.03793756549092355,0.033907402,0.03113790704279519
TR-007585,0,0.027844243414679563,0.026193539,0.027735703024744592
TR-001166,0,0.11745128769367423,0.11954574,0.10669553339383607
TR-007169,0,0.0056212065430092705,0.020483263,0.029261829337597543
TR-001504,0,0.01234008673899491,0.022485537,0.026072946495496716
TR-008432,0,0.019860741929876417,0.024957757,0.027823164172964363
TR-000576,0,0.08458041542962098,0.081652865,0.057201680082146086
TR-002124,0,0.0863548424151319,0.10107357,0.11613448036902099
TR-006874,0,0.13030237974932463,0.07543159,0.07513249804578533
TR-003138,0,0.0990119097341357,0.0974034,0.11335468613836176
TR-008806,0,0.188627481467864,0.16674024,0.1534972463708258
TR-003821,0,0.012020267151315326,0.027854305,0.034398849689241735
TR-009506,0,0.014781809335501715,0.021779044,0.028330935222150747
TR-007255,0,0.2838811989498175,0.12676974,0.11580832003666873
TR-004011,0,0.0044333278711480625,0.0144735,0.02218062777334943
TR-002544,0,0.310906617960542,0.25576726,0.20300181564254488
TR-000420,0,0.1416878297130962,0.06317697,0.08915710771486758
TR-008735,0,0.07653722232069425,0.054497316,0.05073421744005889
TR-001894,0,0.008727230172999579,0.032021068,0.028964260307166305
TR-005810,0,0.011317771642836162,0.019827196,0.023431970804846287
TR-008740,0,0.0047106771942939125,0.01463036,0.022974574333469885
TR-005417,0,0.042553124235764975,0.0467731,0.04823289803584708
TR-001439,0,0.00567739882808929,0.014985342,0.02218062777334943
TR-007667,0,0.038879799070517786,0.035102844,0.03207449367338638
TR-007243,0,0.06292951157387491,0.06184476,0.06370151586384815
TR-000749,0,0.026580913098199942,0.030629395,0.036765469305507115
TR-000379,0,0.2598857432113313,0.38352662,0.3188354189722236
TR-003113,0,0.011992172758869166,0.025827043,0.025024548888488415
TR-009075,0,0.05966728392651901,0.053169493,0.05092349360333835
TR-001809,0,0.024357023998482014,0.025331283,0.02573542660506529
TR-005096,0,0.02689370937035784,0.02577736,0.03158229886427301
TR-004213,1,0.2731460606981455,0.36886933,0.2847178526588214
TR-002667,0,0.11409592956909713,0.10830053,0.1283676909893488
TR-009972,0,0.01830169437606685,0.040744577,0.033297814164172365
TR-007009,0,0.06685269709772282,0.10089354,0.10493091963270008
TR-009575,0,0.007552941348316767,0.019737221,0.024252930475391492
TR-009620,1,0.14129211649462486,0.1951753,0.17760705769415006
TR-001593,0,0.2831858206368286,0.18768154,0.1793446309318551
TR-007120,0,0.022937972786045032,0.031094402,0.03255095631812482
TR-009823,0,0.05054471425046727,0.04931731,0.041614506597620185
TR-008351,0,0.05105339703561006,0.055801492,0.05263519219136847
TR-006103,0,0.012184669463646955,0.022880208,0.03363475989281619
TR-009828,0,0.020595814002374774,0.031756297,0.027808204735341048
TR-001171,0,0.021426770889911826,0.03946971,0.03915352953585125
TR-005145,0,0.057454066947291424,0.070394665,0.07278629711845064
TR-006308,0,0.05086692689140322,0.052727357,0.041091346711058005
TR-002984,0,0.015531045585447557,0.022937255,0.025550210927571527
TR-005484,1,0.11580872044257559,0.1209769,0.14234945260470475
TR-001492,0,0.0036075467576763814,0.018594377,0.02364288450588894
TR-005957,0,0.02320474425869364,0.03393332,0.03544373170277591
TR-009728,0,0.037063358556821906,0.03530477,0.03325671620488796
TR-002454,1,0.2709536282347394,0.20091286,0.16104742805237743
TR-003979,0,0.04924355675213796,0.062444586,0.05901503308424503
TR-003976,0,0.07254808386746407,0.061839126,0.042444804583636475
TR-007035,0,0.11489631373675624,0.15961048,0.15350004915223003
TR-007371,0,0.04567554105230132,0.04604658,0.0478524746963432
TR-006788,0,0.07575416201131176,0.12865448,0.13900678112879714
TR-005792,0,0.022197163946459156,0.039640937,0.04108202116150477
TR-009329,0,0.011444696882929189,0.031547908,0.028499071826850207
TR-000882,0,0.041150323163135154,0.076833636,0.08501855678471242
TR-005350,0,0.0333231330999518,0.03702235,0.0453999855458013
TR-001247,0,0.008115036517705907,0.022748573,0.024866665588994256
TR-004971,0,0.16529625105019993,0.21892877,0.23493782881596223
TR-008837,0,0.017060891574722358,0.023983456,0.03246744797069201
TR-007446,0,0.11611355898137307,0.14966305,0.11398907477989813
TR-000469,0,0.044109622367111766,0.04895445,0.041338568463361605
TR-009609,0,0.02178476141890536,0.027215296,0.030698690830666044
TR-002016,0,0.048359215789811075,0.053215567,0.04793468132711565
TR-000671,0,0.04543321571229939,0.04173694,0.046292900551031184
TR-001765,0,0.42387821845261303,0.241556,0.14707016018215682
TR-002021,0,0.17689763518029922,0.10873426,0.07082643622889745
TR-005324,0,0.007359189473454798,0.029373,0.02338226660905151
TR-009144,0,0.011330488017493656,0.016800929,0.024235991226958936
TR-008915,0,0.024151145934742033,0.036060914,0.037530387341651573
TR-008368,0,0.049906505816451424,0.056413088,0.05487131204749671
TR-002412,0,0.046759842530170764,0.04846591,0.043605261561963114
TR-000535,0,0.020182465319510942,0.024957342,0.029897624454745034
TR-007736,0,0.01861265786575735,0.03047658,0.03201201632367136
TR-006418,0,0.013957015461837679,0.022993447,0.03612282395761644
TR-005481,0,0.010066775727394055,0.022243368,0.028862468227959383
TR-004493,0,0.05516113183568091,0.093530476,0.10545314904233039
TR-009310,0,0.04664735184921389,0.04871829,0.05736319827684933
TR-002130,0,0.015614116347327468,0.023631213,0.027254261157271486
TR-007340,0,0.18136955660904622,0.17004724,0.15238479917800102
TR-000970,0,0.014847945233285097,0.027385866,0.037326031257596835
TR-006104,1,0.05675287681020964,0.04597588,0.04922769514537886
TR-002715,0,0.0560116483153338,0.067405954,0.07385591196146984
TR-007476,0,0.0638414416582364,0.059637345,0.04622528738102248
TR-001539,0,0.050587520437922355,0.040771037,0.04144908996074954
TR-004662,1,0.32450834683470325,0.25067842,0.2856025228107427
TR-003578,0,0.05912954277019129,0.07549811,0.08579427987014535
TR-000007,0,0.04201018457434398,0.036681224,0.03279189280832992
TR-007796,0,0.05241428515597839,0.048589207,0.04270253654928087
TR-009431,0,0.43802151031999625,0.44861543,0.39455638141446553
TR-006064,0,0.06710264199820581,0.11180875,0.1562575948975271
TR-003594,1,0.6033383156823582,0.5500524,0.5968398058820555
TR-001382,0,0.06904244500194964,0.04572942,0.059504422209700356
TR-000878,0,0.09294277288749754,0.09276745,0.13043552713448753
TR-009941,0,0.029716891256999743,0.026917666,0.03188346173044421
TR-003386,0,0.0030148232641581283,0.013442268,0.02218062777334943
TR-008375,0,0.07225196296114532,0.06712804,0.05868912632068696
TR-005103,1,0.4053733518812059,0.2811208,0.26163782171050515
TR-008454,0,0.03445354195472689,0.04373987,0.043884209714968744
TR-000967,0,0.009357485619594645,0.022149893,0.024590786414764355
TR-004897,0,0.020170864778574802,0.022919517,0.029601159966373792
TR-009497,0,0.21353950902190547,0.1855786,0.18959145614733844
TR-007994,0,0.027588483649044617,0.03229921,0.03566674260125047
TR-009173,0,0.01827904110738482,0.024466613,0.02501301417914908
TR-008167,1,0.14355059191718395,0.12309738,0.13446122753438974
TR-004110,0,0.09790446335647822,0.1365129,0.14157457032511123
TR-000607,0,0.022309101607829316,0.028263513,0.032421906480498044
TR-008430,0,0.02613433140208249,0.033716638,0.032529627224881695
TR-006611,0,0.06738095885984055,0.11420695,0.11364115804358087
TR-003009,0,0.010078983549925619,0.023030248,0.02354741198618042
TR-007889,0,0.04193952521271384,0.032471824,0.03371098591649921
TR-000653,0,0.006183374453591217,0.020101663,0.0246149593053127
TR-002604,0,0.09267880019964711,0.046191905,0.06610960053298129
TR-002570,0,0.1279510970815373,0.059524365,0.04442709283508358
TR-002478,0,0.06984789146431461,0.08773709,0.10291735739700068
TR-004346,1,0.23684060130913462,0.26345325,0.21968198946739717
TR-006040,1,0.043691549913931434,0.05098471,0.06521126163128706
TR-005979,0,0.12715824863577238,0.07427511,0.06035292672907361
TR-004410,0,0.16637711049842335,0.1333394,0.13704133131253166
TR-001991,0,0.03413243491784256,0.042786423,0.05598513142813159
TR-003346,0,0.1288892728578145,0.08366357,0.08823182174808177
TR-002707,0,0.026575373478412087,0.034012645,0.02920584927405818
TR-004196,1,0.039168057230342515,0.033941142,0.03482830307799092
TR-009889,0,0.0770047272964281,0.067281365,0.05963353974630204
TR-002174,0,0.0819607994688954,0.07350961,0.06216206688515831
TR-006240,0,0.09136743370349716,0.10848914,0.11891723328553017
TR-004029,0,0.15954951632767533,0.09118632,0.09209110750403884
TR-008926,0,0.032005152970354944,0.053896576,0.051815950239983914
TR-006885,0,0.03144953194725687,0.03492644,0.0331464463066088
TR-009023,0,0.032922366865290646,0.030786807,0.03147327559432788
TR-006878,0,0.06614575206623882,0.045239113,0.05335878028529208
TR-008119,0,0.015259400409054857,0.023448573,0.02481616814832064
TR-004418,0,0.023157511718073707,0.077047795,0.08466327448394412
TR-004512,0,0.02743050932753718,0.032265022,0.03495597058847853
TR-006026,0,0.25258495942593767,0.23665191,0.25553312628011404
TR-000346,1,0.2993130615563216,0.40053874,0.3930596250771948
TR-000948,0,0.04030968227972605,0.053527314,0.057451151499717135
TR-006568,0,0.16529338263048363,0.14391683,0.12887427145204897
TR-003567,1,0.5411535626954201,0.4305026,0.2478007634305334
TR-003154,0,0.07440596399437,0.05332175,0.04608813546996872
TR-009295,0,0.0998764454083225,0.118344575,0.12652595054016774
TR-009598,0,0.23624753747621202,0.28821433,0.31509689136754515
TR-007808,0,0.20149326912647414,0.19544132,0.18369100056889748
TR-009778,0,0.4481188095518779,0.31978002,0.40108122008226854
TR-002736,0,0.006558438073339212,0.03156367,0.041319243176907716
TR-002109,0,0.043112026739197555,0.04546079,0.04690351239205083
TR-001640,0,0.017225073328052534,0.024531273,0.026055160631913852
TR-007133,0,0.05845094936576653,0.09758916,0.1097258751340019
TR-009736,0,0.060831453206334915,0.07686838,0.09929699276503502
TR-006603,0,0.021338025995425308,0.030400578,0.031177107462804395
TR-002331,0,0.04952978105904191,0.06357572,0.06830630121065492
TR-007967,0,0.04298969383773406,0.041588537,0.041962294779268765
TR-003565,0,0.018477799804004682,0.026396068,0.029728610769348723
TR-000958,0,0.012676877538707512,0.020410676,0.030251200475887478
TR-006636,0,0.1848524286159609,0.22189887,0.2831158371823938
TR-005243,0,0.045701776178600856,0.057233375,0.05661021799595472
TR-003787,0,0.11299104612320991,0.13200517,0.1289751330363531
TR-008914,1,0.17805736349509316,0.12131876,0.11102020161633688
TR-002133,0,0.09210632587459536,0.123745725,0.12807140258216845
TR-002180,0,0.27299778999897567,0.22327831,0.24437119465503204
TR-003243,0,0.1132525608862912,0.1277437,0.1209169795732681
TR-004256,0,0.03231046664998109,0.03395029,0.0361131857119295
TR-006201,0,0.08908635922159075,0.09610228,0.09291096216805646
TR-007163,0,0.01428333021250821,0.021327335,0.024669503915547595
TR-009923,0,0.06375958771211238,0.0366044,0.03591744956800942
TR-005033,0,0.02216132156371658,0.048176244,0.04444435936930464
TR-003599,0,0.045553145919706974,0.040573016,0.04318491794111867
TR-007024,0,0.0038679196903212048,0.013220165,0.022263890237532002
TR-005271,0,0.01158632458379328,0.01873394,0.024035031279345198
TR-008478,0,0.02751922878894856,0.03288187,0.03586164104362677
TR-005478,0,0.01744955432548937,0.04469837,0.027198325391521422
TR-008342,1,0.11534509851702672,0.12699029,0.15258269748664668
TR-006059,0,0.0051480200922318755,0.018567137,0.024252930475391492
TR-008801,0,0.08331583836653352,0.07161144,0.06925045097720985
TR-006523,0,0.004763576923273161,0.016078763,0.032490458099592674
TR-008096,0,0.01914470008558434,0.022868276,0.030102526239114333
TR-005502,0,0.03777121907557125,0.065368146,0.05021238689562623
TR-009768,0,0.005867338968732092,0.016228385,0.022867772767647312
TR-006309,1,0.10473975446135844,0.14521033,0.14653743026843877
TR-004515,0,0.04421182694320897,0.04237407,0.04766043852218476
TR-009488,0,0.008865722221961995,0.019445248,0.02364288450588894
TR-004629,0,0.014716889723075454,0.03391131,0.033137870088450025
TR-009178,1,0.1681528007214806,0.17263207,0.18142772477522423
TR-007590,0,0.020602426118421113,0.022725096,0.028123272004286066
TR-002647,0,0.09864376996087236,0.10783275,0.13064571335891662
TR-006561,0,0.06318850930424323,0.09015421,0.09260035043592596
