application_id,customer_id,application_date,default_within_90d,region,fold,strategy,probability,source,split_role,review_flag
TR-001903,TR-C02246,2023-07-01,0,central,1,weighted,0.12967769308345622,LIVE,OOF,0
TR-002021,TR-C03907,2023-07-01,0,other,1,weighted,0.2979248713907603,LIVE,OOF,0
TR-003860,TR-C04324,2023-07-01,0,other,1,weighted,0.06173249090867008,LIVE,OOF,0
TR-005249,TR-C05132,2023-07-01,0,western,1,weighted,0.18991535607591234,LIVE,OOF,0
TR-006221,TR-C03560,2023-07-01,0,central,1,weighted,0.02676616960934001,LIVE,OOF,0
TR-007007,TR-C04158,2023-07-01,0,eastern,1,weighted,0.10043576246917497,LIVE,OOF,0
TR-007021,TR-C03401,2023-07-01,0,other,1,weighted,0.10486977257669457,LIVE,OOF,0
TR-008965,TR-C01587,2023-07-01,0,other,1,weighted,0.4338371984925916,LIVE,OOF,0
TR-009295,TR-C02342,2023-07-01,0,central,1,weighted,0.5518116735572601,LIVE,OOF,0
TR-009443,TR-C02589,2023-07-01,0,central,1,weighted,0.009995924073226237,LIVE,OOF,0
TR-004269,TR-C04399,2023-07-02,0,western,1,weighted,0.025063137671938393,LIVE,OOF,0
TR-006329,TR-C04382,2023-07-02,0,eastern,1,weighted,0.04272707003473008,LIVE,OOF,0
TR-007909,TR-C05084,2023-07-02,0,other,1,weighted,0.0429862321244208,LIVE,OOF,0
TR-008646,TR-C02610,2023-07-02,0,central,1,weighted,0.05649359910881277,LIVE,OOF,0
TR-009312,TR-C05046,2023-07-02,0,western,1,weighted,0.033230769519867066,LIVE,OOF,0
TR-001014,TR-C04398,2023-07-03,0,other,1,weighted,0.4096738114086147,LIVE,OOF,0
TR-001238,TR-C01823,2023-07-03,0,western,1,weighted,0.2719224355424568,LIVE,OOF,0
TR-002173,TR-C00902,2023-07-03,0,eastern,1,weighted,0.0795438086796612,LIVE,OOF,0
TR-003372,TR-C03363,2023-07-03,0,other,1,weighted,0.09599075220251353,LIVE,OOF,0
TR-004614,TR-C04421,2023-07-03,0,other,1,weighted,0.08302373975361696,LIVE,OOF,0
TR-006729,TR-C02655,2023-07-03,0,western,1,weighted,0.15832328555361017,LIVE,OOF,0
TR-006755,TR-C01933,2023-07-03,0,western,1,weighted,0.1902686412115502,LIVE,OOF,0
TR-007516,TR-C04832,2023-07-03,0,western,1,weighted,0.04369753485865445,LIVE,OOF,0
TR-008430,TR-C04956,2023-07-03,0,western,1,weighted,0.05806864255800933,LIVE,OOF,0
TR-000202,TR-C05833,2023-07-04,0,central,1,weighted,0.1881876908041832,LIVE,OOF,0
TR-000239,TR-C04200,2023-07-04,0,western,1,weighted,0.33098713527453794,LIVE,OOF,0
TR-000423,TR-C06198,2023-07-04,0,central,1,weighted,0.04630192590318773,LIVE,OOF,0
TR-001687,TR-C05008,2023-07-04,0,western,1,weighted,0.16793647749423818,LIVE,OOF,0
TR-002446,TR-C02380,2023-07-04,0,other,1,weighted,0.10372716603194825,LIVE,OOF,0
TR-003336,TR-C00106,2023-07-04,0,other,1,weighted,0.3835030987005085,LIVE,OOF,0
TR-004012,TR-C00530,2023-07-04,0,eastern,1,weighted,0.36275313119195185,LIVE,OOF,0
TR-006247,TR-C00702,2023-07-04,0,other,1,weighted,0.1285320457286144,LIVE,OOF,0
TR-006303,TR-C05642,2023-07-04,0,central,1,weighted,0.05549903347750108,LIVE,OOF,0
TR-006633,TR-C05691,2023-07-04,0,other,1,weighted,0.6191743538466336,LIVE,OOF,0
TR-006741,TR-C00181,2023-07-04,0,central,1,weighted,0.2933774052202792,LIVE,OOF,0
TR-006758,TR-C05993,2023-07-04,0,central,1,weighted,0.33719610397493627,LIVE,OOF,0
TR-008683,TR-C01298,2023-07-04,0,eastern,1,weighted,0.36766738035797775,LIVE,OOF,0
TR-009495,TR-C02702,2023-07-04,0,western,1,weighted,0.6723897181573919,LIVE,OOF,1
TR-001254,TR-C02499,2023-07-05,0,other,1,weighted,0.04964893761055447,LIVE,OOF,0
TR-002479,TR-C01210,2023-07-05,0,central,1,weighted,0.01600528598455285,LIVE,OOF,0
TR-003394,TR-C05109,2023-07-05,0,central,1,weighted,0.025299931064647816,LIVE,OOF,0
TR-003792,TR-C04454,2023-07-05,0,western,1,weighted,0.008355407689238464,LIVE,OOF,0
TR-004352,TR-C03014,2023-07-05,0,central,1,weighted,0.41496648257447566,LIVE,OOF,0
TR-005927,TR-C00642,2023-07-05,0,western,1,weighted,0.12316344766578712,LIVE,OOF,0
TR-006167,TR-C05565,2023-07-05,1,other,1,weighted,0.5452089482820505,LIVE,OOF,0
TR-007092,TR-C05200,2023-07-05,0,central,1,weighted,0.19486807479855278,LIVE,OOF,0
TR-008635,TR-C02010,2023-07-05,1,central,1,weighted,0.20166307195719937,LIVE,OOF,0
TR-009079,TR-C02479,2023-07-05,0,central,1,weighted,0.1531214636064141,LIVE,OOF,0
TR-009571,TR-C00984,2023-07-05,0,western,1,weighted,0.0830274570253538,LIVE,OOF,0
TR-002708,TR-C02775,2023-07-06,0,other,1,weighted,0.0201961913639736,LIVE,OOF,0
TR-002837,TR-C04079,2023-07-06,0,central,1,weighted,0.09811467351149238,LIVE,OOF,0
TR-002966,TR-C03303,2023-07-06,0,western,1,weighted,0.07104088823762325,LIVE,OOF,0
TR-002996,TR-C01351,2023-07-06,0,other,1,weighted,0.04987588294381558,LIVE,OOF,0
TR-003825,TR-C01987,2023-07-06,0,central,1,weighted,0.10880495826330536,LIVE,OOF,0
TR-006551,TR-C01755,2023-07-06,0,central,1,weighted,0.037591119370851446,LIVE,OOF,0
TR-007278,TR-C03702,2023-07-06,1,other,1,weighted,0.8286970355433311,LIVE,OOF,1
TR-007378,TR-C03511,2023-07-06,0,other,1,weighted,0.8641267318128116,LIVE,OOF,1
TR-009554,TR-C03454,2023-07-06,0,central,1,weighted,0.04403220825869454,LIVE,OOF,0
TR-009908,TR-C03358,2023-07-06,0,eastern,1,weighted,0.24958752945945867,LIVE,OOF,0
TR-000294,TR-C06045,2023-07-07,0,western,1,weighted,0.08399004541170833,LIVE,OOF,0
TR-000384,TR-C05070,2023-07-07,0,eastern,1,weighted,0.08685719657693643,LIVE,OOF,0
TR-003281,TR-C02917,2023-07-07,0,eastern,1,weighted,0.01147125598840744,LIVE,OOF,0
TR-003401,TR-C04397,2023-07-07,0,central,1,weighted,0.7734008798870307,LIVE,OOF,1
TR-004268,TR-C03494,2023-07-07,1,eastern,1,weighted,0.7871617781991872,LIVE,OOF,1
TR-004572,TR-C06151,2023-07-07,0,other,1,weighted,0.03727650783868842,LIVE,OOF,0
TR-005046,TR-C05035,2023-07-07,0,eastern,1,weighted,0.2334805883811792,LIVE,OOF,0
TR-005473,TR-C06434,2023-07-07,0,eastern,1,weighted,0.17098493836630566,LIVE,OOF,0
TR-007542,TR-C03162,2023-07-07,0,eastern,1,weighted,0.029042393249563217,LIVE,OOF,0
TR-007632,TR-C03132,2023-07-07,0,eastern,1,weighted,0.3142074642396404,LIVE,OOF,0
TR-007834,TR-C06019,2023-07-07,0,eastern,1,weighted,0.04428438674005204,LIVE,OOF,0
TR-007837,TR-C02012,2023-07-07,0,other,1,weighted,0.011113915230334954,LIVE,OOF,0
TR-008090,TR-C05941,2023-07-07,0,central,1,weighted,0.27100433201196455,LIVE,OOF,0
TR-008714,TR-C02512,2023-07-07,0,other,1,weighted,0.05233773439954048,LIVE,OOF,0
TR-009031,TR-C05840,2023-07-07,0,eastern,1,weighted,0.6230861034420375,LIVE,OOF,0
TR-000741,TR-C05570,2023-07-08,0,eastern,1,weighted,0.08890861499919923,LIVE,OOF,0
TR-002863,TR-C04185,2023-07-08,0,eastern,1,weighted,0.6564459012731381,LIVE,OOF,0
TR-003561,TR-C00834,2023-07-08,0,western,1,weighted,0.3841998972812103,LIVE,OOF,0
TR-004054,TR-C02035,2023-07-08,0,central,1,weighted,0.15713539018286143,LIVE,OOF,0
TR-004508,TR-C04706,2023-07-08,0,western,1,weighted,0.009065825017628842,LIVE,OOF,0
TR-005138,TR-C01999,2023-07-08,0,eastern,1,weighted,0.03189913996730341,LIVE,OOF,0
TR-006533,TR-C05585,2023-07-08,0,central,1,weighted,0.5623595916561049,LIVE,OOF,0
TR-007479,TR-C03321,2023-07-08,0,western,1,weighted,0.04536110939155071,LIVE,OOF,0
TR-008903,TR-C01385,2023-07-08,0,other,1,weighted,0.14172191480733914,LIVE,OOF,0
TR-009283,TR-C01307,2023-07-08,0,eastern,1,weighted,0.04357681933682079,LIVE,OOF,0
TR-009530,TR-C02613,2023-07-08,0,other,1,weighted,0.018610841953684044,LIVE,OOF,0
TR-009864,TR-C03296,2023-07-08,0,central,1,weighted,0.6412940775609882,LIVE,OOF,0
TR-000633,TR-C00771,2023-07-09,1,central,1,weighted,0.6808275265416027,LIVE,OOF,1
TR-001713,TR-C05921,2023-07-09,0,western,1,weighted,0.5156667937840219,LIVE,OOF,0
TR-001848,TR-C01979,2023-07-09,0,other,1,weighted,0.050808412161601764,LIVE,OOF,0
TR-001954,TR-C05186,2023-07-09,0,other,1,weighted,0.6696401838228927,LIVE,OOF,1
TR-002099,TR-C04105,2023-07-09,0,eastern,1,weighted,0.5310186660552608,LIVE,OOF,0
TR-007345,TR-C04705,2023-07-09,0,western,1,weighted,0.24526098220142498,LIVE,OOF,0
TR-008384,TR-C01760,2023-07-09,1,eastern,1,weighted,0.38758113057869237,LIVE,OOF,0
TR-009260,TR-C05706,2023-07-09,0,eastern,1,weighted,0.33586681318615647,LIVE,OOF,0
TR-001332,TR-C05856,2023-07-10,0,other,1,weighted,0.4595974562109903,LIVE,OOF,0
TR-002212,TR-C03579,2023-07-10,0,eastern,1,weighted,0.0966191986402749,LIVE,OOF,0
TR-002362,TR-C06106,2023-07-10,0,other,1,weighted,0.040223131587232556,LIVE,OOF,0
TR-003630,TR-C02574,2023-07-10,0,central,1,weighted,0.011777888253159355,LIVE,OOF,0
TR-003922,TR-C00675,2023-07-10,0,other,1,weighted,0.4128682567172886,LIVE,OOF,0
TR-004109,TR-C06159,2023-07-10,0,western,1,weighted,0.016159124727035627,LIVE,OOF,0
TR-008435,TR-C01313,2023-07-10,0,other,1,weighted,0.09465586609636119,LIVE,OOF,0
TR-008501,TR-C00396,2023-07-10,0,central,1,weighted,0.007286769886308818,LIVE,OOF,0
TR-000093,TR-C05355,2023-07-11,0,eastern,1,weighted,0.08332128781097865,LIVE,OOF,0
TR-000630,TR-C01534,2023-07-11,0,central,1,weighted,0.5845159592199551,LIVE,OOF,0
TR-002944,TR-C03741,2023-07-11,0,other,1,weighted,0.019123427360960142,LIVE,OOF,0
TR-003783,TR-C02531,2023-07-11,0,other,1,weighted,0.27521294338011343,LIVE,OOF,0
TR-004318,TR-C03037,2023-07-11,0,other,1,weighted,0.03711893250004025,LIVE,OOF,0
TR-004900,TR-C04869,2023-07-11,0,eastern,1,weighted,0.3852972984116421,LIVE,OOF,0
TR-005145,TR-C01330,2023-07-11,0,western,1,weighted,0.35250113961624135,LIVE,OOF,0
TR-006583,TR-C01525,2023-07-11,0,central,1,weighted,0.04237567533025658,LIVE,OOF,0
TR-006700,TR-C01199,2023-07-11,0,other,1,weighted,0.12021302738978444,LIVE,OOF,0
TR-007992,TR-C02700,2023-07-11,0,other,1,weighted,0.5692875667338233,LIVE,OOF,0
TR-008108,TR-C02046,2023-07-11,0,eastern,1,weighted,0.41307695647532644,LIVE,OOF,0
TR-008389,TR-C05778,2023-07-11,0,central,1,weighted,0.05850194473211128,LIVE,OOF,0
TR-000233,TR-C05592,2023-07-12,0,other,1,weighted,0.11491432253098023,LIVE,OOF,0
TR-000437,TR-C03045,2023-07-12,0,western,1,weighted,0.07099884744634638,LIVE,OOF,0
TR-001392,TR-C04847,2023-07-12,0,other,1,weighted,0.04577063305256166,LIVE,OOF,0
TR-001884,TR-C01755,2023-07-12,0,central,1,weighted,0.1146329444902268,LIVE,OOF,0
TR-002104,TR-C05789,2023-07-12,0,eastern,1,weighted,0.05124285403025788,LIVE,OOF,0
TR-003924,TR-C01288,2023-07-12,0,western,1,weighted,0.41070403586422605,LIVE,OOF,0
TR-004236,TR-C04318,2023-07-12,0,central,1,weighted,0.06463882302131789,LIVE,OOF,0
TR-005909,TR-C02410,2023-07-12,0,western,1,weighted,0.14573944136778968,LIVE,OOF,0
TR-006508,TR-C04409,2023-07-12,0,eastern,1,weighted,0.5602027988543189,LIVE,OOF,0
TR-008312,TR-C03901,2023-07-12,0,central,1,weighted,0.09356937836092832,LIVE,OOF,0
TR-008977,TR-C01734,2023-07-12,0,western,1,weighted,0.47968730201929755,LIVE,OOF,0
TR-009139,TR-C02800,2023-07-12,0,other,1,weighted,0.018398124054472425,LIVE,OOF,0
TR-009195,TR-C02302,2023-07-12,0,western,1,weighted,0.0104513272465377,LIVE,OOF,0
TR-000407,TR-C01507,2023-07-13,0,other,1,weighted,0.12053375366864354,LIVE,OOF,0
TR-000409,TR-C05057,2023-07-13,0,other,1,weighted,0.80183141123942,LIVE,OOF,1
TR-006240,TR-C03866,2023-07-13,0,central,1,weighted,0.6664427615179764,LIVE,OOF,1
TR-007359,TR-C05624,2023-07-13,0,eastern,1,weighted,0.38499872987914574,LIVE,OOF,0
TR-007700,TR-C03800,2023-07-13,0,central,1,weighted,0.0772939380773903,LIVE,OOF,0
TR-007792,TR-C05067,2023-07-13,0,central,1,weighted,0.5606858279432957,LIVE,OOF,0
TR-009834,TR-C02972,2023-07-13,0,eastern,1,weighted,0.18892961247603254,LIVE,OOF,0
TR-000110,TR-C01913,2023-07-14,0,western,1,weighted,0.12378533942074377,LIVE,OOF,0
TR-001753,TR-C04736,2023-07-14,0,western,1,weighted,0.08563524498347604,LIVE,OOF,0
TR-003098,TR-C00448,2023-07-14,0,central,1,weighted,0.6793387631697219,LIVE,OOF,1
TR-003158,TR-C00142,2023-07-14,0,central,1,weighted,0.247054644611568,LIVE,OOF,0
TR-004349,TR-C01586,2023-07-14,1,western,1,weighted,0.7333109765990261,LIVE,OOF,1
TR-004717,TR-C04730,2023-07-14,0,central,1,weighted,0.09541961677706298,LIVE,OOF,0
TR-007302,TR-C01544,2023-07-14,1,eastern,1,weighted,0.8977966750003478,LIVE,OOF,1
TR-008574,TR-C06216,2023-07-14,0,other,1,weighted,0.12250509814979219,LIVE,OOF,0
TR-008829,TR-C01694,2023-07-14,0,other,1,weighted,0.1489429151382467,LIVE,OOF,0
TR-000203,TR-C00086,2023-07-15,0,other,1,weighted,0.02545739537028614,LIVE,OOF,0
TR-000614,TR-C01492,2023-07-15,1,other,1,weighted,0.8728964329800973,LIVE,OOF,1
TR-000665,TR-C01407,2023-07-15,0,other,1,weighted,0.13605428625724425,LIVE,OOF,0
TR-001034,TR-C01888,2023-07-15,0,eastern,1,weighted,0.5534136490034739,LIVE,OOF,0
TR-002127,TR-C00580,2023-07-15,0,western,1,weighted,0.054664844439704346,LIVE,OOF,0
TR-003902,TR-C04827,2023-07-15,0,central,1,weighted,0.40964914474025854,LIVE,OOF,0
TR-004953,TR-C00673,2023-07-15,0,western,1,weighted,0.04057298952476119,LIVE,OOF,0
TR-006481,TR-C05986,2023-07-15,0,western,1,weighted,0.13063202401522717,LIVE,OOF,0
TR-007667,TR-C06419,2023-07-15,0,other,1,weighted,0.13404521316213705,LIVE,OOF,0
TR-007891,TR-C04314,2023-07-15,0,eastern,1,weighted,0.011893963521106164,LIVE,OOF,0
TR-008020,TR-C01737,2023-07-15,0,central,1,weighted,0.19772804944742883,LIVE,OOF,0
TR-008191,TR-C05461,2023-07-15,0,eastern,1,weighted,0.14994079481721637,LIVE,OOF,0
TR-008632,TR-C02562,2023-07-15,0,central,1,weighted,0.5942703386329676,LIVE,OOF,0
TR-000368,TR-C05891,2023-07-16,0,western,1,weighted,0.4615392129770179,LIVE,OOF,0
TR-000464,TR-C01788,2023-07-16,0,eastern,1,weighted,0.01999685413089074,LIVE,OOF,0
TR-001187,TR-C03440,2023-07-16,0,eastern,1,weighted,0.2987156563944431,LIVE,OOF,0
TR-001286,TR-C00688,2023-07-16,0,eastern,1,weighted,0.36542424450363836,LIVE,OOF,0
TR-003232,TR-C01378,2023-07-16,0,other,1,weighted,0.0185406278940006,LIVE,OOF,0
TR-003994,TR-C05524,2023-07-16,0,other,1,weighted,0.20781243000996005,LIVE,OOF,0
TR-004229,TR-C01838,2023-07-16,0,central,1,weighted,0.3095694320455652,LIVE,OOF,0
TR-005395,TR-C00551,2023-07-16,0,eastern,1,weighted,0.6310662798106783,LIVE,OOF,0
TR-005548,TR-C03348,2023-07-16,0,other,1,weighted,0.13353169647305957,LIVE,OOF,0
TR-006186,TR-C00708,2023-07-16,0,eastern,1,weighted,0.13127825834203846,LIVE,OOF,0
TR-008647,TR-C00559,2023-07-16,0,central,1,weighted,0.24061553296358107,LIVE,OOF,0
TR-009043,TR-C04750,2023-07-16,0,central,1,weighted,0.4818499308358327,LIVE,OOF,0
TR-009859,TR-C00020,2023-07-16,0,eastern,1,weighted,0.43523733864198055,LIVE,OOF,0
TR-000111,TR-C00441,2023-07-17,0,central,1,weighted,0.3138445010632367,LIVE,OOF,0
TR-005043,TR-C06214,2023-07-17,0,eastern,1,weighted,0.04217868532410984,LIVE,OOF,0
TR-005199,TR-C06356,2023-07-17,0,western,1,weighted,0.13818730548542912,LIVE,OOF,0
TR-006162,TR-C03855,2023-07-17,0,eastern,1,weighted,0.10513402263857023,LIVE,OOF,0
TR-007451,TR-C01982,2023-07-17,0,other,1,weighted,0.18664093495054054,LIVE,OOF,0
TR-007489,TR-C04235,2023-07-17,0,eastern,1,weighted,0.17659414955896308,LIVE,OOF,0
TR-007908,TR-C03640,2023-07-17,0,western,1,weighted,0.16350195436784803,LIVE,OOF,0
TR-008767,TR-C04409,2023-07-17,0,eastern,1,weighted,0.24526119224114204,LIVE,OOF,0
TR-004385,TR-C03274,2023-07-18,0,eastern,1,weighted,0.5975594495951047,LIVE,OOF,0
TR-004478,TR-C03581,2023-07-18,0,central,1,weighted,0.05681256280117237,LIVE,OOF,0
TR-005780,TR-C01247,2023-07-18,0,eastern,1,weighted,0.38371790273798584,LIVE,OOF,0
TR-001413,TR-C01682,2023-07-19,0,other,1,weighted,0.29930844810735724,LIVE,OOF,0
TR-004842,TR-C00922,2023-07-19,0,central,1,weighted,0.02298938969707308,LIVE,OOF,0
TR-005856,TR-C02466,2023-07-19,0,central,1,weighted,0.049249384351595774,LIVE,OOF,0
TR-007580,TR-C02797,2023-07-19,0,central,1,weighted,0.03745932969070352,LIVE,OOF,0
TR-008865,TR-C01535,2023-07-19,0,other,1,weighted,0.6862433079331917,LIVE,OOF,1
TR-009037,TR-C03501,2023-07-19,0,central,1,weighted,0.039581221492326006,LIVE,OOF,0
TR-009357,TR-C02422,2023-07-19,0,central,1,weighted,0.7495771357118469,LIVE,OOF,1
TR-009476,TR-C03995,2023-07-19,0,western,1,weighted,0.06522407123507074,LIVE,OOF,0
TR-001529,TR-C02571,2023-07-20,0,central,1,weighted,0.013417491161265291,LIVE,OOF,0
TR-003533,TR-C01351,2023-07-20,0,other,1,weighted,0.03676944949641847,LIVE,OOF,0
TR-005832,TR-C02505,2023-07-20,0,western,1,weighted,0.06131911731896441,LIVE,OOF,0
TR-006698,TR-C02354,2023-07-20,0,other,1,weighted,0.08533326464961292,LIVE,OOF,0
TR-007603,TR-C02520,2023-07-20,0,western,1,weighted,0.020514450463903374,LIVE,OOF,0
TR-009441,TR-C00526,2023-07-20,0,central,1,weighted,0.07004060984622636,LIVE,OOF,0
TR-000323,TR-C06017,2023-07-21,0,eastern,1,weighted,0.2773446338856971,LIVE,OOF,0
TR-000461,TR-C01996,2023-07-21,0,other,1,weighted,0.02227990979562951,LIVE,OOF,0
TR-000606,TR-C05652,2023-07-21,0,other,1,weighted,0.2815996224545587,LIVE,OOF,0
TR-001772,TR-C06074,2023-07-21,0,other,1,weighted,0.03536766556029361,LIVE,OOF,0
TR-002176,TR-C05536,2023-07-21,0,central,1,weighted,0.1486648967114235,LIVE,OOF,0
TR-002633,TR-C00299,2023-07-21,0,eastern,1,weighted,0.5385683500291673,LIVE,OOF,0
TR-002970,TR-C01862,2023-07-21,0,western,1,weighted,0.8310679957885325,LIVE,OOF,1
TR-003014,TR-C04861,2023-07-21,1,eastern,1,weighted,0.7889633065427234,LIVE,OOF,1
TR-005200,TR-C03415,2023-07-21,0,western,1,weighted,0.16416598758288153,LIVE,OOF,0
TR-005352,TR-C04533,2023-07-21,0,eastern,1,weighted,0.5488105019839403,LIVE,OOF,0
TR-006867,TR-C03068,2023-07-21,0,other,1,weighted,0.06827959268038633,LIVE,OOF,0
TR-008383,TR-C03038,2023-07-21,0,central,1,weighted,0.09530429798987508,LIVE,OOF,0
TR-009024,TR-C04030,2023-07-21,0,western,1,weighted,0.33818641885989015,LIVE,OOF,0
TR-009578,TR-C00525,2023-07-21,0,central,1,weighted,0.022967721637049347,LIVE,OOF,0
TR-001722,TR-C01061,2023-07-22,0,western,1,weighted,0.6024664648659374,LIVE,OOF,0
TR-004138,TR-C01177,2023-07-22,0,central,1,weighted,0.4040700897929081,LIVE,OOF,0
TR-005792,TR-C03954,2023-07-22,0,other,1,weighted,0.08097248481021051,LIVE,OOF,0
TR-006386,TR-C00292,2023-07-22,0,western,1,weighted,0.14953764969615518,LIVE,OOF,0
TR-006799,TR-C05892,2023-07-22,0,central,1,weighted,0.5063530578385396,LIVE,OOF,0
TR-007241,TR-C05095,2023-07-22,0,other,1,weighted,0.06936544075306872,LIVE,OOF,0
TR-002237,TR-C06396,2023-07-23,0,eastern,1,weighted,0.3070845624222859,LIVE,OOF,0
TR-003964,TR-C00764,2023-07-23,0,eastern,1,weighted,0.19220996727670073,LIVE,OOF,0
TR-007412,TR-C01502,2023-07-23,0,western,1,weighted,0.05598381858026966,LIVE,OOF,0
TR-009289,TR-C01812,2023-07-23,1,other,1,weighted,0.0643903535908328,LIVE,OOF,0
TR-000322,TR-C02810,2023-07-24,0,other,1,weighted,0.24189745451547554,LIVE,OOF,0
TR-002234,TR-C04962,2023-07-24,0,other,1,weighted,0.015177779775582925,LIVE,OOF,0
TR-002627,TR-C06038,2023-07-24,0,western,1,weighted,0.04541429324830653,LIVE,OOF,0
TR-009436,TR-C06443,2023-07-24,1,western,1,weighted,0.1646410885845007,LIVE,OOF,0
TR-009510,TR-C02879,2023-07-24,0,other,1,weighted,0.6706879099093879,LIVE,OOF,1
TR-000402,TR-C01441,2023-07-25,0,western,1,weighted,0.2047039199878643,LIVE,OOF,0
TR-000804,TR-C05462,2023-07-25,0,central,1,weighted,0.26391890881856234,LIVE,OOF,0
TR-002873,TR-C00033,2023-07-25,1,western,1,weighted,0.8212039154688241,LIVE,OOF,1
TR-004005,TR-C05761,2023-07-25,0,central,1,weighted,0.11683586125567456,LIVE,OOF,0
TR-004694,TR-C01691,2023-07-25,0,central,1,weighted,0.5326512522632006,LIVE,OOF,0
TR-004762,TR-C00921,2023-07-25,0,central,1,weighted,0.05049054641442091,LIVE,OOF,0
TR-005223,TR-C01561,2023-07-25,0,central,1,weighted,0.010069571251681007,LIVE,OOF,0
TR-005483,TR-C05024,2023-07-25,0,central,1,weighted,0.064146467538174,LIVE,OOF,0
TR-005788,TR-C00768,2023-07-25,1,central,1,weighted,0.48827334774247105,LIVE,OOF,0
TR-006979,TR-C01358,2023-07-25,0,western,1,weighted,0.2902713185157297,LIVE,OOF,0
TR-008650,TR-C00279,2023-07-25,0,other,1,weighted,0.2066278756828037,LIVE,OOF,0
TR-008835,TR-C04253,2023-07-25,0,eastern,1,weighted,0.10691301389386557,LIVE,OOF,0
TR-008859,TR-C04816,2023-07-25,0,central,1,weighted,0.8038134613428463,LIVE,OOF,1
TR-009488,TR-C00305,2023-07-25,0,other,1,weighted,0.02816314802215753,LIVE,OOF,0
TR-000519,TR-C01414,2023-07-26,0,western,1,weighted,0.5433781306730928,LIVE,OOF,0
TR-000995,TR-C01444,2023-07-26,0,central,1,weighted,0.3160905896586074,LIVE,OOF,0
TR-001053,TR-C03276,2023-07-26,0,other,1,weighted,0.8738572509510893,LIVE,OOF,1
TR-001569,TR-C01311,2023-07-26,0,western,1,weighted,0.1775351712674447,LIVE,OOF,0
TR-002185,TR-C01356,2023-07-26,0,western,1,weighted,0.21281081949024858,LIVE,OOF,0
TR-005269,TR-C05276,2023-07-26,0,eastern,1,weighted,0.2085642327166002,LIVE,OOF,0
TR-005289,TR-C01376,2023-07-26,0,eastern,1,weighted,0.04865635089267709,LIVE,OOF,0
TR-006331,TR-C06101,2023-07-26,0,other,1,weighted,0.34664077263888443,LIVE,OOF,0
TR-006452,TR-C02210,2023-07-26,0,eastern,1,weighted,0.05832399875890687,LIVE,OOF,0
TR-006593,TR-C05360,2023-07-26,0,central,1,weighted,0.06380036277598085,LIVE,OOF,0
TR-007455,TR-C00110,2023-07-26,0,other,1,weighted,0.040296261260875745,LIVE,OOF,0
TR-007877,TR-C03830,2023-07-26,0,eastern,1,weighted,0.03606418862792093,LIVE,OOF,0
TR-009150,TR-C01850,2023-07-26,0,other,1,weighted,0.03902438375800999,LIVE,OOF,0
TR-001408,TR-C01696,2023-07-27,0,central,1,weighted,0.027349088122601617,LIVE,OOF,0
TR-002443,TR-C02117,2023-07-27,1,other,1,weighted,0.18944478714063903,LIVE,OOF,0
TR-003423,TR-C04293,2023-07-27,0,western,1,weighted,0.48170908455021244,LIVE,OOF,0
TR-004127,TR-C00212,2023-07-27,0,central,1,weighted,0.08236698958445139,LIVE,OOF,0
TR-004214,TR-C00266,2023-07-27,0,western,1,weighted,0.07415215662334551,LIVE,OOF,0
TR-005940,TR-C03272,2023-07-27,0,western,1,weighted,0.11719490247414421,LIVE,OOF,0
TR-006222,TR-C04755,2023-07-27,0,western,1,weighted,0.7592336765423074,LIVE,OOF,1
TR-006501,TR-C01583,2023-07-27,0,western,1,weighted,0.05721975782755371,LIVE,OOF,0
TR-009041,TR-C06383,2023-07-27,1,central,1,weighted,0.8919704380218605,LIVE,OOF,1
TR-009695,TR-C04939,2023-07-27,0,central,1,weighted,0.250281870468284,LIVE,OOF,0
TR-001422,TR-C02311,2023-07-28,0,central,1,weighted,0.15017427337304287,LIVE,OOF,0
TR-002596,TR-C04398,2023-07-28,0,other,1,weighted,0.0166783473277327,LIVE,OOF,0
TR-002646,TR-C04084,2023-07-28,0,other,1,weighted,0.055359901243666874,LIVE,OOF,0
TR-008368,TR-C05663,2023-07-28,0,eastern,1,weighted,0.14753559637734462,LIVE,OOF,0
TR-009453,TR-C01706,2023-07-28,0,western,1,weighted,0.3207204126276539,LIVE,OOF,0
TR-009870,TR-C03159,2023-07-28,0,eastern,1,weighted,0.04375992294726263,LIVE,OOF,0
TR-009910,TR-C01966,2023-07-28,0,central,1,weighted,0.22928069089676506,LIVE,OOF,0
TR-001177,TR-C03482,2023-07-29,0,western,1,weighted,0.18817309108806804,LIVE,OOF,0
TR-002861,TR-C01267,2023-07-29,0,western,1,weighted,0.8801187530409111,LIVE,OOF,1
TR-004216,TR-C01490,2023-07-29,0,central,1,weighted,0.06940761375411375,LIVE,OOF,0
TR-004397,TR-C03956,2023-07-29,0,eastern,1,weighted,0.29102740505577035,LIVE,OOF,0
TR-008148,TR-C04062,2023-07-29,0,western,1,weighted,0.7081836967376823,LIVE,OOF,1
TR-000477,TR-C04732,2023-07-30,0,eastern,1,weighted,0.05176384011846469,LIVE,OOF,0
TR-001647,TR-C03917,2023-07-30,0,eastern,1,weighted,0.12113116972469543,LIVE,OOF,0
TR-002409,TR-C06156,2023-07-30,0,other,1,weighted,0.43786235562291614,LIVE,OOF,0
TR-002946,TR-C02838,2023-07-30,0,other,1,weighted,0.13275297319739246,LIVE,OOF,0
TR-005124,TR-C04470,2023-07-30,0,other,1,weighted,0.12542079289233735,LIVE,OOF,0
TR-006166,TR-C00312,2023-07-30,1,other,1,weighted,0.7641921006731457,LIVE,OOF,1
TR-006211,TR-C05496,2023-07-30,0,other,1,weighted,0.02079922733283427,LIVE,OOF,0
TR-006261,TR-C04206,2023-07-30,0,other,1,weighted,0.052678490974915636,LIVE,OOF,0
TR-006399,TR-C05566,2023-07-30,0,central,1,weighted,0.5053632018691658,LIVE,OOF,0
TR-006726,TR-C02497,2023-07-30,0,western,1,weighted,0.03364600835864971,LIVE,OOF,0
TR-007138,TR-C00718,2023-07-30,0,eastern,1,weighted,0.054146451809359064,LIVE,OOF,0
TR-009030,TR-C01829,2023-07-30,0,eastern,1,weighted,0.05577017100414493,LIVE,OOF,0
TR-009221,TR-C00350,2023-07-30,0,central,1,weighted,0.008119445002677876,LIVE,OOF,0
TR-000331,TR-C06433,2023-07-31,0,eastern,1,weighted,0.2709401546328606,LIVE,OOF,0
TR-000813,TR-C00182,2023-07-31,0,other,1,weighted,0.45561304864950875,LIVE,OOF,0
TR-001946,TR-C05779,2023-07-31,0,eastern,1,weighted,0.22515410605013397,LIVE,OOF,0
TR-003373,TR-C01740,2023-07-31,0,central,1,weighted,0.12229190972612292,LIVE,OOF,0
TR-003453,TR-C03513,2023-07-31,0,western,1,weighted,0.1324467701647959,LIVE,OOF,0
TR-003686,TR-C06474,2023-07-31,0,eastern,1,weighted,0.13139534274483627,LIVE,OOF,0
TR-005187,TR-C03945,2023-07-31,0,other,1,weighted,0.13714949536045165,LIVE,OOF,0
TR-009852,TR-C02406,2023-07-31,0,western,1,weighted,0.10362861405607654,LIVE,OOF,0
TR-009973,TR-C02376,2023-07-31,0,western,1,weighted,0.019680377322870993,LIVE,OOF,0
TR-002768,TR-C04707,2023-08-01,0,other,1,weighted,0.019804152571198747,LIVE,OOF,0
TR-003403,TR-C04636,2023-08-01,0,western,1,weighted,0.055807682784073574,LIVE,OOF,0
TR-003568,TR-C06404,2023-08-01,0,eastern,1,weighted,0.024672896880786152,LIVE,OOF,0
TR-003766,TR-C05075,2023-08-01,0,western,1,weighted,0.06485050065334665,LIVE,OOF,0
TR-003812,TR-C02138,2023-08-01,0,eastern,1,weighted,0.6706477124173408,LIVE,OOF,1
TR-005038,TR-C00446,2023-08-01,0,western,1,weighted,0.013768067295791506,LIVE,OOF,0
TR-006823,TR-C00242,2023-08-01,0,central,1,weighted,0.1711208676909752,LIVE,OOF,0
TR-008492,TR-C00013,2023-08-01,0,eastern,1,weighted,0.06182057981573899,LIVE,OOF,0
TR-000107,TR-C06119,2023-08-02,0,central,1,weighted,0.4828450078387681,LIVE,OOF,0
TR-000261,TR-C05438,2023-08-02,0,other,1,weighted,0.6528244891184551,LIVE,OOF,0
TR-001936,TR-C05768,2023-08-02,0,eastern,1,weighted,0.13686364287428332,LIVE,OOF,0
TR-002732,TR-C00497,2023-08-02,0,central,1,weighted,0.05618935019121246,LIVE,OOF,0
TR-003213,TR-C00587,2023-08-02,0,western,1,weighted,0.03278572099983637,LIVE,OOF,0
TR-004792,TR-C03247,2023-08-02,0,central,1,weighted,0.02877688005337294,LIVE,OOF,0
TR-008674,TR-C01893,2023-08-02,0,eastern,1,weighted,0.05594951706842947,LIVE,OOF,0
TR-009959,TR-C00023,2023-08-02,0,western,1,weighted,0.23976558982659585,LIVE,OOF,0
TR-002419,TR-C02883,2023-08-03,0,other,1,weighted,0.16090312365612805,LIVE,OOF,0
TR-003974,TR-C04806,2023-08-03,0,other,1,weighted,0.16347484683235236,LIVE,OOF,0
TR-003983,TR-C04636,2023-08-03,0,western,1,weighted,0.23759009606043474,LIVE,OOF,0
TR-004818,TR-C05199,2023-08-03,0,western,1,weighted,0.3431886913227736,LIVE,OOF,0
TR-006681,TR-C01805,2023-08-03,0,central,1,weighted,0.07830437124138674,LIVE,OOF,0
TR-006793,TR-C00123,2023-08-03,0,eastern,1,weighted,0.08764325280210843,LIVE,OOF,0
TR-008330,TR-C03373,2023-08-03,1,central,1,weighted,0.6912539799390819,LIVE,OOF,1
TR-001245,TR-C04849,2023-08-04,0,central,1,weighted,0.25267013932181126,LIVE,OOF,0
TR-001278,TR-C01141,2023-08-04,0,other,1,weighted,0.2908837592461336,LIVE,OOF,0
TR-004631,TR-C03407,2023-08-04,0,other,1,weighted,0.08102639777046441,LIVE,OOF,0
TR-005045,TR-C05595,2023-08-04,0,central,1,weighted,0.22023119760386053,LIVE,OOF,0
TR-007530,TR-C00604,2023-08-04,0,eastern,1,weighted,0.7223348932271472,LIVE,OOF,1
TR-009336,TR-C00864,2023-08-04,0,other,1,weighted,0.08551701174144907,LIVE,OOF,0
TR-009364,TR-C05723,2023-08-04,0,central,1,weighted,0.17918413363292388,LIVE,OOF,0
TR-009962,TR-C01997,2023-08-04,0,eastern,1,weighted,0.17606653065531874,LIVE,OOF,0
TR-009998,TR-C02918,2023-08-04,0,central,1,weighted,0.04580906301950439,LIVE,OOF,0
TR-000062,TR-C05733,2023-08-05,0,other,1,weighted,0.0866686295618478,LIVE,OOF,0
TR-001147,TR-C00678,2023-08-05,0,western,1,weighted,0.028047989561226148,LIVE,OOF,0
TR-001661,TR-C06074,2023-08-05,0,other,1,weighted,0.024439305570426624,LIVE,OOF,0
TR-004032,TR-C00902,2023-08-05,0,eastern,1,weighted,0.1336908707511592,LIVE,OOF,0
TR-004372,TR-C03998,2023-08-05,0,other,1,weighted,0.03609875248961079,LIVE,OOF,0
TR-004604,TR-C01613,2023-08-05,0,eastern,1,weighted,0.01331412341792838,LIVE,OOF,0
TR-004847,TR-C05792,2023-08-05,0,western,1,weighted,0.03794872383943487,LIVE,OOF,0
TR-006363,TR-C05086,2023-08-05,0,western,1,weighted,0.01812323278500801,LIVE,OOF,0
TR-006382,TR-C04199,2023-08-05,0,central,1,weighted,0.02066815390673803,LIVE,OOF,0
TR-006627,TR-C00432,2023-08-05,0,eastern,1,weighted,0.04369499798336296,LIVE,OOF,0
TR-009058,TR-C02800,2023-08-05,0,other,1,weighted,0.10655515533962093,LIVE,OOF,0
TR-000122,TR-C01083,2023-08-06,0,other,1,weighted,0.14297328560033812,LIVE,OOF,0
TR-001512,TR-C00374,2023-08-06,0,central,1,weighted,0.3118756619106245,LIVE,OOF,0
TR-002166,TR-C02007,2023-08-06,0,western,1,weighted,0.26278120890166023,LIVE,OOF,0
TR-002832,TR-C04223,2023-08-06,0,western,1,weighted,0.1235737691176544,LIVE,OOF,0
TR-003780,TR-C00838,2023-08-06,0,other,1,weighted,0.07913278953912356,LIVE,OOF,0
TR-004766,TR-C04190,2023-08-06,0,eastern,1,weighted,0.023483632453808592,LIVE,OOF,0
TR-006198,TR-C02604,2023-08-06,0,eastern,1,weighted,0.06079956533728315,LIVE,OOF,0
TR-007594,TR-C05781,2023-08-06,0,western,1,weighted,0.5755153560650795,LIVE,OOF,0
TR-007599,TR-C00316,2023-08-06,0,central,1,weighted,0.06901371296294577,LIVE,OOF,0
TR-008962,TR-C03579,2023-08-06,0,eastern,1,weighted,0.04507110154632434,LIVE,OOF,0
TR-009986,TR-C02755,2023-08-06,0,central,1,weighted,0.27673487433625854,LIVE,OOF,0
TR-000061,TR-C04926,2023-08-07,0,other,1,weighted,0.36556969940887474,LIVE,OOF,0
TR-000223,TR-C01815,2023-08-07,0,western,1,weighted,0.5473048918623283,LIVE,OOF,0
TR-000232,TR-C04538,2023-08-07,0,western,1,weighted,0.10643904892053693,LIVE,OOF,0
TR-000981,TR-C06489,2023-08-07,0,western,1,weighted,0.5244038813824496,LIVE,OOF,0
TR-002639,TR-C02476,2023-08-07,0,other,1,weighted,0.045266377504514385,LIVE,OOF,0
TR-005879,TR-C01981,2023-08-07,0,other,1,weighted,0.06550273664418635,LIVE,OOF,0
TR-006297,TR-C03628,2023-08-07,0,other,1,weighted,0.04092893645590141,LIVE,OOF,0
TR-007054,TR-C02775,2023-08-07,0,other,1,weighted,0.04196285244878263,LIVE,OOF,0
TR-000333,TR-C04302,2023-08-08,0,eastern,1,weighted,0.028620361219636452,LIVE,OOF,0
TR-000939,TR-C04402,2023-08-08,0,central,1,weighted,0.5356609505974949,LIVE,OOF,0
TR-002650,TR-C04757,2023-08-08,0,other,1,weighted,0.05133925777710482,LIVE,OOF,0
TR-004243,TR-C00583,2023-08-08,0,western,1,weighted,0.49072285361843504,LIVE,OOF,0
TR-004480,TR-C03033,2023-08-08,0,other,1,weighted,0.031027709231247855,LIVE,OOF,0
TR-005571,TR-C00550,2023-08-08,0,western,1,weighted,0.03527031728348617,LIVE,OOF,0
TR-007474,TR-C02875,2023-08-08,0,other,1,weighted,0.1214635160238312,LIVE,OOF,0
TR-008184,TR-C01954,2023-08-08,0,other,1,weighted,0.22331154129308764,LIVE,OOF,0
TR-009098,TR-C00735,2023-08-08,0,other,1,weighted,0.02098898104950381,LIVE,OOF,0
TR-009869,TR-C01109,2023-08-08,1,central,1,weighted,0.17664752517128543,LIVE,OOF,0
TR-004203,TR-C01868,2023-08-09,0,western,1,weighted,0.12167914336712465,LIVE,OOF,0
TR-004698,TR-C06178,2023-08-09,1,other,1,weighted,0.46392890445239315,LIVE,OOF,0
TR-006423,TR-C01526,2023-08-09,0,western,1,weighted,0.03110737127035961,LIVE,OOF,0
TR-006618,TR-C04008,2023-08-09,0,other,1,weighted,0.8015284808087291,LIVE,OOF,1
TR-006923,TR-C01086,2023-08-09,0,central,1,weighted,0.1252247409132394,LIVE,OOF,0
TR-009080,TR-C01650,2023-08-09,0,western,1,weighted,0.06679857307471758,LIVE,OOF,0
TR-000180,TR-C05190,2023-08-10,0,other,1,weighted,0.7842862378243665,LIVE,OOF,1
TR-008187,TR-C05151,2023-08-10,0,central,1,weighted,0.04154362533439753,LIVE,OOF,0
TR-008189,TR-C06286,2023-08-10,0,central,1,weighted,0.19858117261119784,LIVE,OOF,0
TR-009879,TR-C00175,2023-08-10,0,western,1,weighted,0.055513138558674874,LIVE,OOF,0
TR-002054,TR-C00477,2023-08-11,0,western,1,weighted,0.5762166638936431,LIVE,OOF,0
TR-003041,TR-C06102,2023-08-11,0,western,1,weighted,0.07703058905349133,LIVE,OOF,0
TR-004627,TR-C01118,2023-08-11,1,other,1,weighted,0.07733844150771682,LIVE,OOF,0
TR-004715,TR-C06236,2023-08-11,0,eastern,1,weighted,0.0824901320426333,LIVE,OOF,0
TR-005047,TR-C01618,2023-08-11,0,other,1,weighted,0.06791919075729,LIVE,OOF,0
TR-006652,TR-C03596,2023-08-11,0,eastern,1,weighted,0.05115054605630828,LIVE,OOF,0
TR-006914,TR-C05168,2023-08-11,0,eastern,1,weighted,0.6709631322542373,LIVE,OOF,1
TR-006933,TR-C01036,2023-08-11,0,other,1,weighted,0.5834115455083548,LIVE,OOF,0
TR-007184,TR-C03610,2023-08-11,0,central,1,weighted,0.007811640402049086,LIVE,OOF,0
TR-009344,TR-C00643,2023-08-11,0,eastern,1,weighted,0.008800884750380341,LIVE,OOF,0
TR-009861,TR-C01198,2023-08-11,0,central,1,weighted,0.18208611801799246,LIVE,OOF,0
TR-009892,TR-C00764,2023-08-11,0,eastern,1,weighted,0.029621086646801825,LIVE,OOF,0
TR-002816,TR-C01261,2023-08-12,0,central,1,weighted,0.7011181325364028,LIVE,OOF,1
TR-004087,TR-C00786,2023-08-12,0,eastern,1,weighted,0.08678484460266198,LIVE,OOF,0
TR-005076,TR-C01559,2023-08-12,0,central,1,weighted,0.24147920848257318,LIVE,OOF,0
TR-002471,TR-C00599,2023-08-13,0,eastern,1,weighted,0.18593996042645997,LIVE,OOF,0
TR-003452,TR-C05290,2023-08-13,1,other,1,weighted,0.04956218881462823,LIVE,OOF,0
TR-003526,TR-C00114,2023-08-13,0,eastern,1,weighted,0.5261046611580742,LIVE,OOF,0
TR-003687,TR-C04302,2023-08-13,0,eastern,1,weighted,0.29250270780020887,LIVE,OOF,0
TR-004365,TR-C03012,2023-08-13,0,western,1,weighted,0.0470253717460571,LIVE,OOF,0
TR-004586,TR-C02930,2023-08-13,0,other,1,weighted,0.07374547115326001,LIVE,OOF,0
TR-005986,TR-C03009,2023-08-13,1,central,1,weighted,0.7177183168655625,LIVE,OOF,1
TR-008648,TR-C02222,2023-08-13,0,eastern,1,weighted,0.13727751874933702,LIVE,OOF,0
TR-000193,TR-C01082,2023-08-14,0,central,1,weighted,0.14156255130595663,LIVE,OOF,0
TR-000747,TR-C00916,2023-08-14,0,western,1,weighted,0.09350219086252341,LIVE,OOF,0
TR-000769,TR-C01368,2023-08-14,0,central,1,weighted,0.03434283558575107,LIVE,OOF,0
TR-000843,TR-C01456,2023-08-14,0,other,1,weighted,0.13308937394162373,LIVE,OOF,0
TR-001186,TR-C00827,2023-08-14,0,eastern,1,weighted,0.22257418490002828,LIVE,OOF,0
TR-003885,TR-C01432,2023-08-14,0,western,1,weighted,0.3334383393055756,LIVE,OOF,0
TR-007297,TR-C06471,2023-08-14,0,other,1,weighted,0.11616425309058537,LIVE,OOF,0
TR-009575,TR-C06435,2023-08-14,0,eastern,1,weighted,0.05505973352549745,LIVE,OOF,0
TR-000248,TR-C04846,2023-08-15,0,central,1,weighted,0.1652952575695668,LIVE,OOF,0
TR-000255,TR-C06431,2023-08-15,0,other,1,weighted,0.5877140042590231,LIVE,OOF,0
TR-001863,TR-C02968,2023-08-15,0,western,1,weighted,0.27208236195764923,LIVE,OOF,0
TR-002179,TR-C00112,2023-08-15,0,eastern,1,weighted,0.04603595882305226,LIVE,OOF,0
TR-003468,TR-C03614,2023-08-15,0,eastern,1,weighted,0.032707359034715625,LIVE,OOF,0
TR-003953,TR-C02155,2023-08-15,1,eastern,1,weighted,0.5355490229405672,LIVE,OOF,0
TR-004120,TR-C01492,2023-08-15,1,other,1,weighted,0.7238065450878705,LIVE,OOF,1
TR-006794,TR-C01075,2023-08-15,0,western,1,weighted,0.6196905020940778,LIVE,OOF,0
TR-009555,TR-C05342,2023-08-15,0,western,1,weighted,0.5583478731596963,LIVE,OOF,0
TR-000709,TR-C01287,2023-08-16,0,western,1,weighted,0.5317252564765034,LIVE,OOF,0
TR-000812,TR-C00369,2023-08-16,0,other,1,weighted,0.21036546687288113,LIVE,OOF,0
TR-001358,TR-C05690,2023-08-16,0,central,1,weighted,0.07813540169707002,LIVE,OOF,0
TR-001444,TR-C00868,2023-08-16,0,western,1,weighted,0.8174466242400438,LIVE,OOF,1
TR-001906,TR-C02736,2023-08-16,0,central,1,weighted,0.27319529025549416,LIVE,OOF,0
TR-003314,TR-C04858,2023-08-16,0,other,1,weighted,0.06388966927551326,LIVE,OOF,0
TR-004885,TR-C03902,2023-08-16,0,western,1,weighted,0.04358458729676082,LIVE,OOF,0
TR-005520,TR-C02719,2023-08-16,0,western,1,weighted,0.06559271285546953,LIVE,OOF,0
TR-008758,TR-C01665,2023-08-16,0,eastern,1,weighted,0.044773089819984166,LIVE,OOF,0
TR-000599,TR-C02453,2023-08-17,0,western,1,weighted,0.055889859807686,LIVE,OOF,0
TR-000983,TR-C04238,2023-08-17,0,western,1,weighted,0.6420818184988151,LIVE,OOF,0
TR-002957,TR-C04321,2023-08-17,1,western,1,weighted,0.8623675465636749,LIVE,OOF,1
TR-003093,TR-C04566,2023-08-17,0,eastern,1,weighted,0.12747732597180325,LIVE,OOF,0
TR-004175,TR-C03306,2023-08-17,0,central,1,weighted,0.14706880862841307,LIVE,OOF,0
TR-004232,TR-C02893,2023-08-17,0,eastern,1,weighted,0.07044956360570363,LIVE,OOF,0
TR-005382,TR-C00361,2023-08-17,0,western,1,weighted,0.1506831484607651,LIVE,OOF,0
TR-005930,TR-C04658,2023-08-17,0,other,1,weighted,0.037391509673771625,LIVE,OOF,0
TR-007653,TR-C04600,2023-08-17,0,western,1,weighted,0.031108547331767687,LIVE,OOF,0
TR-007986,TR-C01287,2023-08-17,0,western,1,weighted,0.10192189070117554,LIVE,OOF,0
TR-008245,TR-C04147,2023-08-17,0,western,1,weighted,0.10522592005621456,LIVE,OOF,0
TR-008547,TR-C06450,2023-08-17,0,central,1,weighted,0.17895818774969657,LIVE,OOF,0
TR-009343,TR-C04649,2023-08-17,0,central,1,weighted,0.056852041648589244,LIVE,OOF,0
TR-009820,TR-C00434,2023-08-17,0,eastern,1,weighted,0.011554229290397214,LIVE,OOF,0
TR-005420,TR-C00844,2023-08-18,0,eastern,1,weighted,0.12330328980442225,LIVE,OOF,0
TR-006556,TR-C02035,2023-08-18,1,central,1,weighted,0.6728052445188779,LIVE,OOF,1
TR-008342,TR-C04155,2023-08-18,1,central,1,weighted,0.43544295473932687,LIVE,OOF,0
TR-009130,TR-C01583,2023-08-18,0,western,1,weighted,0.06772406007963949,LIVE,OOF,0
TR-001861,TR-C03667,2023-08-19,0,central,1,weighted,0.11059137427742773,LIVE,OOF,0
TR-003579,TR-C05074,2023-08-19,0,western,1,weighted,0.01835714988610775,LIVE,OOF,0
TR-004854,TR-C00502,2023-08-19,0,other,1,weighted,0.7428381764963561,LIVE,OOF,1
TR-004959,TR-C05662,2023-08-19,0,western,1,weighted,0.035451715427504985,LIVE,OOF,0
TR-005263,TR-C00033,2023-08-19,0,western,1,weighted,0.4652928267534058,LIVE,OOF,0
TR-009142,TR-C04233,2023-08-19,0,central,1,weighted,0.7476682160747362,LIVE,OOF,1
TR-009420,TR-C01424,2023-08-19,0,other,1,weighted,0.5281993605593923,LIVE,OOF,0
TR-009821,TR-C04722,2023-08-19,0,central,1,weighted,0.37765954012168407,LIVE,OOF,0
TR-000292,TR-C06003,2023-08-20,0,central,1,weighted,0.06638052332444755,LIVE,OOF,0
TR-000646,TR-C01082,2023-08-20,0,central,1,weighted,0.5455532023440836,LIVE,OOF,0
TR-003651,TR-C05614,2023-08-20,0,western,1,weighted,0.27227537011021835,LIVE,OOF,0
TR-004146,TR-C00767,2023-08-20,1,eastern,1,weighted,0.6637337380739251,LIVE,OOF,1
TR-005041,TR-C02460,2023-08-20,0,other,1,weighted,0.11093686674046922,LIVE,OOF,0
TR-005608,TR-C05282,2023-08-20,1,other,1,weighted,0.9135982293411912,LIVE,OOF,1
TR-001060,TR-C01371,2023-08-21,0,other,1,weighted,0.036670750290982754,LIVE,OOF,0
TR-001616,TR-C01797,2023-08-21,0,eastern,1,weighted,0.44670858145645137,LIVE,OOF,0
TR-002637,TR-C01880,2023-08-21,0,central,1,weighted,0.3658437298192666,LIVE,OOF,0
TR-003797,TR-C05515,2023-08-21,0,eastern,1,weighted,0.281181892799171,LIVE,OOF,0
TR-004156,TR-C05787,2023-08-21,0,eastern,1,weighted,0.03617430931914163,LIVE,OOF,0
TR-005194,TR-C05772,2023-08-21,0,eastern,1,weighted,0.09169850275784136,LIVE,OOF,0
TR-005508,TR-C02838,2023-08-21,0,other,1,weighted,0.03653927481167859,LIVE,OOF,0
TR-005891,TR-C02243,2023-08-21,0,central,1,weighted,0.1585536104597689,LIVE,OOF,0
TR-007846,TR-C04543,2023-08-21,0,other,1,weighted,0.14391652143289135,LIVE,OOF,0
TR-008485,TR-C02766,2023-08-21,0,eastern,1,weighted,0.7078080935128354,LIVE,OOF,1
TR-000035,TR-C05483,2023-08-22,0,western,1,weighted,0.6253745137172169,LIVE,OOF,0
TR-001407,TR-C00262,2023-08-22,0,western,1,weighted,0.007462458373134712,LIVE,OOF,0
TR-001560,TR-C01310,2023-08-22,0,western,1,weighted,0.011641328770966426,LIVE,OOF,0
TR-001621,TR-C05150,2023-08-22,0,eastern,1,weighted,0.1827196119884556,LIVE,OOF,0
TR-002263,TR-C01524,2023-08-22,0,western,1,weighted,0.04441405224061504,LIVE,OOF,0
TR-003720,TR-C03184,2023-08-22,0,western,1,weighted,0.05767896112175972,LIVE,OOF,0
TR-003755,TR-C02607,2023-08-22,0,eastern,1,weighted,0.03473796177175232,LIVE,OOF,0
TR-004829,TR-C02353,2023-08-22,0,western,1,weighted,0.2744733337584275,LIVE,OOF,0
TR-005149,TR-C02753,2023-08-22,0,eastern,1,weighted,0.014316426671331917,LIVE,OOF,0
TR-006708,TR-C00663,2023-08-22,0,eastern,1,weighted,0.016123437937199964,LIVE,OOF,0
TR-007176,TR-C03154,2023-08-22,0,western,1,weighted,0.02775302605335098,LIVE,OOF,0
TR-008024,TR-C05619,2023-08-22,0,central,1,weighted,0.22863933996409538,LIVE,OOF,0
TR-009168,TR-C02805,2023-08-22,0,western,1,weighted,0.1089199636347744,LIVE,OOF,0
TR-009934,TR-C05737,2023-08-22,0,central,1,weighted,0.5606778196107677,LIVE,OOF,0
TR-002858,TR-C01987,2023-08-23,0,central,1,weighted,0.4625785171192406,LIVE,OOF,0
TR-003056,TR-C03328,2023-08-23,0,other,1,weighted,0.007463958643670451,LIVE,OOF,0
TR-003367,TR-C02537,2023-08-23,0,western,1,weighted,0.23725484611069486,LIVE,OOF,0
TR-005182,TR-C03142,2023-08-23,0,western,1,weighted,0.44320014909823213,LIVE,OOF,0
TR-005694,TR-C00786,2023-08-23,0,eastern,1,weighted,0.08774410391653915,LIVE,OOF,0
TR-006711,TR-C00665,2023-08-23,0,central,1,weighted,0.8092390803426535,LIVE,OOF,1
TR-007806,TR-C02436,2023-08-23,0,central,1,weighted,0.5464315518434927,LIVE,OOF,0
TR-000365,TR-C01831,2023-08-24,0,central,1,weighted,0.6506396664089399,LIVE,OOF,0
TR-001259,TR-C05492,2023-08-24,0,western,1,weighted,0.0646613968466349,LIVE,OOF,0
TR-002555,TR-C05706,2023-08-24,0,eastern,1,weighted,0.08381632878383415,LIVE,OOF,0
TR-004343,TR-C00846,2023-08-24,0,eastern,1,weighted,0.023334862675188476,LIVE,OOF,0
TR-004491,TR-C02901,2023-08-24,0,eastern,1,weighted,0.04941947761979198,LIVE,OOF,0
TR-006101,TR-C05199,2023-08-24,0,western,1,weighted,0.10393014427197347,LIVE,OOF,0
TR-002220,TR-C03090,2023-08-25,0,eastern,1,weighted,0.5266263490386436,LIVE,OOF,0
TR-003022,TR-C06280,2023-08-25,1,western,1,weighted,0.1423730680118131,LIVE,OOF,0
TR-003806,TR-C06075,2023-08-25,0,central,1,weighted,0.012302539969424346,LIVE,OOF,0
TR-005515,TR-C00369,2023-08-25,0,other,1,weighted,0.039984526673252994,LIVE,OOF,0
TR-005833,TR-C04991,2023-08-25,0,other,1,weighted,0.10645179160817624,LIVE,OOF,0
TR-006568,TR-C03762,2023-08-25,0,eastern,1,weighted,0.6229905686193647,LIVE,OOF,0
TR-008338,TR-C04299,2023-08-25,0,western,1,weighted,0.7832796299490005,LIVE,OOF,1
TR-008506,TR-C03540,2023-08-25,0,eastern,1,weighted,0.1051981498757038,LIVE,OOF,0
TR-008757,TR-C00535,2023-08-25,0,western,1,weighted,0.31186041199949877,LIVE,OOF,0
TR-000260,TR-C01122,2023-08-26,0,western,1,weighted,0.2034682608340348,LIVE,OOF,0
TR-002829,TR-C01948,2023-08-26,0,central,1,weighted,0.562214193699661,LIVE,OOF,0
TR-004796,TR-C00917,2023-08-26,0,western,1,weighted,0.07049973128265959,LIVE,OOF,0
TR-005186,TR-C00039,2023-08-26,0,western,1,weighted,0.5028961589596934,LIVE,OOF,0
TR-005479,TR-C04687,2023-08-26,0,central,1,weighted,0.7542658505436192,LIVE,OOF,1
TR-006961,TR-C00851,2023-08-26,0,western,1,weighted,0.11103924909387569,LIVE,OOF,0
TR-006962,TR-C00949,2023-08-26,0,western,1,weighted,0.20991865804440665,LIVE,OOF,0
TR-008133,TR-C03885,2023-08-26,0,eastern,1,weighted,0.29757760318089066,LIVE,OOF,0
TR-008324,TR-C01168,2023-08-26,0,central,1,weighted,0.5919474493465806,LIVE,OOF,0
TR-009153,TR-C04747,2023-08-26,0,eastern,1,weighted,0.05960083389014047,LIVE,OOF,0
TR-009758,TR-C04042,2023-08-26,0,western,1,weighted,0.06673557263531346,LIVE,OOF,0
TR-001666,TR-C03418,2023-08-27,0,western,1,weighted,0.375244790946644,LIVE,OOF,0
TR-005700,TR-C00020,2023-08-27,0,eastern,1,weighted,0.2691894067805194,LIVE,OOF,0
TR-005802,TR-C05859,2023-08-27,0,eastern,1,weighted,0.3796298656329059,LIVE,OOF,0
TR-007150,TR-C01499,2023-08-27,0,western,1,weighted,0.30990183281098643,LIVE,OOF,0
TR-007374,TR-C01940,2023-08-27,0,central,1,weighted,0.1420201682217753,LIVE,OOF,0
TR-007432,TR-C02214,2023-08-27,0,eastern,1,weighted,0.4163156544387652,LIVE,OOF,0
TR-008049,TR-C05681,2023-08-27,0,eastern,1,weighted,0.2425629460250374,LIVE,OOF,0
TR-008702,TR-C05371,2023-08-27,0,eastern,1,weighted,0.03326866078073693,LIVE,OOF,0
TR-009212,TR-C04203,2023-08-27,0,western,1,weighted,0.17346930575634048,LIVE,OOF,0
TR-009519,TR-C00826,2023-08-27,0,western,1,weighted,0.1386471359177968,LIVE,OOF,0
TR-001401,TR-C03913,2023-08-28,0,eastern,1,weighted,0.06344414173265163,LIVE,OOF,0
TR-002229,TR-C06072,2023-08-28,0,eastern,1,weighted,0.6119867103184164,LIVE,OOF,0
TR-003379,TR-C02653,2023-08-28,0,western,1,weighted,0.18778640800371402,LIVE,OOF,0
TR-004117,TR-C06144,2023-08-28,0,eastern,1,weighted,0.3701707421315688,LIVE,OOF,0
TR-008765,TR-C02957,2023-08-28,1,other,1,weighted,0.1392868749557721,LIVE,OOF,0
TR-009369,TR-C05921,2023-08-28,0,western,1,weighted,0.5729036121128394,LIVE,OOF,0
TR-009716,TR-C06337,2023-08-28,0,eastern,1,weighted,0.1633572015494831,LIVE,OOF,0
TR-000428,TR-C02561,2023-08-29,0,eastern,1,weighted,0.12889641012908612,LIVE,OOF,0
TR-000890,TR-C00591,2023-08-29,0,other,1,weighted,0.13519346592303627,LIVE,OOF,0
TR-002313,TR-C06086,2023-08-29,1,western,1,weighted,0.8823974256170314,LIVE,OOF,1
TR-002910,TR-C04492,2023-08-29,0,central,1,weighted,0.16705349557387023,LIVE,OOF,0
TR-003950,TR-C05156,2023-08-29,0,eastern,1,weighted,0.01693044080634475,LIVE,OOF,0
TR-004114,TR-C04834,2023-08-29,1,western,1,weighted,0.23548397723353195,LIVE,OOF,0
TR-004121,TR-C04251,2023-08-29,0,central,1,weighted,0.3664820852957693,LIVE,OOF,0
TR-004333,TR-C04493,2023-08-29,0,central,1,weighted,0.08461382858928945,LIVE,OOF,0
TR-004450,TR-C02359,2023-08-29,0,eastern,1,weighted,0.20859040789321295,LIVE,OOF,0
TR-004868,TR-C00717,2023-08-29,0,eastern,1,weighted,0.33378033938805673,LIVE,OOF,0
TR-005284,TR-C01702,2023-08-29,1,central,1,weighted,0.6268438247505977,LIVE,OOF,0
TR-007873,TR-C03391,2023-08-29,0,other,1,weighted,0.15976360116164795,LIVE,OOF,0
TR-008068,TR-C04361,2023-08-29,0,eastern,1,weighted,0.31163204080994233,LIVE,OOF,0
TR-009764,TR-C02823,2023-08-29,0,other,1,weighted,0.07961446472036718,LIVE,OOF,0
TR-009883,TR-C03998,2023-08-29,0,other,1,weighted,0.016042169261341725,LIVE,OOF,0
TR-002785,TR-C01812,2023-08-30,1,other,1,weighted,0.7257101117990826,LIVE,OOF,1
TR-002877,TR-C05095,2023-08-30,0,other,1,weighted,0.10819792539137137,LIVE,OOF,0
TR-006877,TR-C01582,2023-08-30,0,central,1,weighted,0.03037775191081135,LIVE,OOF,0
TR-007006,TR-C03812,2023-08-30,0,eastern,1,weighted,0.14817429095835052,LIVE,OOF,0
TR-008375,TR-C00686,2023-08-30,0,other,1,weighted,0.3409734906822456,LIVE,OOF,0
TR-009019,TR-C00186,2023-08-30,0,western,1,weighted,0.12130941521773943,LIVE,OOF,0
TR-009927,TR-C00013,2023-08-30,0,eastern,1,weighted,0.03265740089309538,LIVE,OOF,0
TR-001213,TR-C05666,2023-08-31,0,other,1,weighted,0.26211402703819114,LIVE,OOF,0
TR-002532,TR-C04124,2023-08-31,0,western,1,weighted,0.02040444880504925,LIVE,OOF,0
TR-003978,TR-C00910,2023-08-31,0,eastern,1,weighted,0.03437314299129924,LIVE,OOF,0
TR-006263,TR-C03121,2023-08-31,0,central,1,weighted,0.027723272199508653,LIVE,OOF,0
TR-007018,TR-C04409,2023-08-31,0,eastern,1,weighted,0.590055624180719,LIVE,OOF,0
TR-008013,TR-C00868,2023-08-31,0,western,1,weighted,0.7457627086034617,LIVE,OOF,1
TR-008204,TR-C05122,2023-08-31,0,central,1,weighted,0.7731553351689391,LIVE,OOF,1
TR-000508,TR-C01422,2023-09-01,1,other,1,weighted,0.45207916016354377,LIVE,OOF,0
TR-000662,TR-C01903,2023-09-01,0,other,1,weighted,0.1585961949068366,LIVE,OOF,0
TR-001320,TR-C02461,2023-09-01,0,other,1,weighted,0.12327472427107815,LIVE,OOF,0
TR-003509,TR-C06085,2023-09-01,0,central,1,weighted,0.05135558057875608,LIVE,OOF,0
TR-004275,TR-C01880,2023-09-01,1,central,1,weighted,0.600914783180881,LIVE,OOF,0
TR-005304,TR-C05166,2023-09-01,0,central,1,weighted,0.3460310132217192,LIVE,OOF,0
TR-005614,TR-C04217,2023-09-01,0,eastern,1,weighted,0.15862743196471743,LIVE,OOF,0
TR-008839,TR-C03235,2023-09-01,0,other,1,weighted,0.22557001852084285,LIVE,OOF,0
TR-009379,TR-C03834,2023-09-01,0,central,1,weighted,0.540829974814991,LIVE,OOF,0
TR-001862,TR-C00425,2023-09-02,0,eastern,1,weighted,0.14808211978090727,LIVE,OOF,0
TR-004390,TR-C01421,2023-09-02,0,western,1,weighted,0.10267095576567596,LIVE,OOF,0
TR-004687,TR-C01447,2023-09-02,0,other,1,weighted,0.006773538885248471,LIVE,OOF,0
TR-004874,TR-C03728,2023-09-02,0,central,1,weighted,0.5219543547965145,LIVE,OOF,0
TR-007518,TR-C06152,2023-09-02,0,central,1,weighted,0.10488624406344443,LIVE,OOF,0
TR-000701,TR-C06202,2023-09-03,0,western,1,weighted,0.6379362527850112,LIVE,OOF,0
TR-001427,TR-C05811,2023-09-03,0,central,1,weighted,0.018465408669412483,LIVE,OOF,0
TR-002975,TR-C04276,2023-09-03,0,western,1,weighted,0.018081936163002747,LIVE,OOF,0
TR-003353,TR-C01715,2023-09-03,0,eastern,1,weighted,0.17342809502665224,LIVE,OOF,0
TR-004636,TR-C01648,2023-09-03,0,central,1,weighted,0.7900064760272107,LIVE,OOF,1
TR-005359,TR-C05550,2023-09-03,0,other,1,weighted,0.6141694554666004,LIVE,OOF,0
TR-007642,TR-C03343,2023-09-03,0,central,1,weighted,0.21080312227681788,LIVE,OOF,0
TR-007759,TR-C04237,2023-09-03,0,central,1,weighted,0.256120990561597,LIVE,OOF,0
TR-008117,TR-C01636,2023-09-03,0,eastern,1,weighted,0.0565312253667909,LIVE,OOF,0
TR-009017,TR-C06474,2023-09-03,1,eastern,1,weighted,0.2467555019205507,LIVE,OOF,0
TR-001571,TR-C01623,2023-09-04,0,western,1,weighted,0.3554316791409187,LIVE,OOF,0
TR-001739,TR-C04540,2023-09-04,0,eastern,1,weighted,0.04142170733037208,LIVE,OOF,0
TR-001842,TR-C05692,2023-09-04,0,western,1,weighted,0.5425985152757841,LIVE,OOF,0
TR-003075,TR-C04648,2023-09-04,0,other,1,weighted,0.6167357245470597,LIVE,OOF,0
TR-003512,TR-C03002,2023-09-04,0,western,1,weighted,0.15759299401321186,LIVE,OOF,0
TR-005402,TR-C05307,2023-09-04,0,central,1,weighted,0.07375858251116323,LIVE,OOF,0
TR-006008,TR-C03095,2023-09-04,0,eastern,1,weighted,0.2352134272606087,LIVE,OOF,0
TR-007645,TR-C04491,2023-09-04,0,eastern,1,weighted,0.1224319967185187,LIVE,OOF,0
TR-008677,TR-C04246,2023-09-04,0,central,1,weighted,0.0060441596379632945,LIVE,OOF,0
TR-008822,TR-C02703,2023-09-04,0,central,1,weighted,0.30927419129447203,LIVE,OOF,0
TR-008832,TR-C05716,2023-09-04,0,central,1,weighted,0.061170942874863105,LIVE,OOF,0
TR-001348,TR-C00573,2023-09-05,0,eastern,1,weighted,0.14134883416821137,LIVE,OOF,0
TR-001688,TR-C01088,2023-09-05,0,western,1,weighted,0.3939294484663432,LIVE,OOF,0
TR-003207,TR-C06179,2023-09-05,0,western,1,weighted,0.0717428186613234,LIVE,OOF,0
TR-003462,TR-C00227,2023-09-05,0,eastern,1,weighted,0.23479461836988236,LIVE,OOF,0
TR-003815,TR-C04842,2023-09-05,0,central,1,weighted,0.02581687740878437,LIVE,OOF,0
TR-004285,TR-C00720,2023-09-05,0,other,1,weighted,0.24132489350070355,LIVE,OOF,0
TR-006576,TR-C03564,2023-09-05,0,other,1,weighted,0.42024593298455265,LIVE,OOF,0
TR-009078,TR-C05786,2023-09-05,0,central,1,weighted,0.29140716337540223,LIVE,OOF,0
TR-002707,TR-C05946,2023-09-06,0,western,1,weighted,0.056206339563796545,LIVE,OOF,0
TR-003926,TR-C02490,2023-09-06,0,western,1,weighted,0.04781972953064201,LIVE,OOF,0
TR-004144,TR-C06322,2023-09-06,0,western,1,weighted,0.21510257612207018,LIVE,OOF,0
TR-005353,TR-C01182,2023-09-06,0,eastern,1,weighted,0.2980910497136919,LIVE,OOF,0
TR-005898,TR-C06483,2023-09-06,0,central,1,weighted,0.1602313770707266,LIVE,OOF,0
TR-006605,TR-C04303,2023-09-06,0,eastern,1,weighted,0.19866941168648564,LIVE,OOF,0
TR-007844,TR-C03632,2023-09-06,0,other,1,weighted,0.02936094340162253,LIVE,OOF,0
TR-007872,TR-C06360,2023-09-06,0,central,1,weighted,0.29553770570242044,LIVE,OOF,0
TR-000042,TR-C01887,2023-09-07,0,central,1,weighted,0.018433807447796217,LIVE,OOF,0
TR-001556,TR-C04406,2023-09-07,1,western,1,weighted,0.8101167673259027,LIVE,OOF,1
TR-007173,TR-C04327,2023-09-07,0,western,1,weighted,0.04105734552857774,LIVE,OOF,0
TR-007312,TR-C05274,2023-09-07,0,other,1,weighted,0.011572887635750238,LIVE,OOF,0
TR-008575,TR-C00667,2023-09-07,0,other,1,weighted,0.30179930554631546,LIVE,OOF,0
TR-009004,TR-C02525,2023-09-07,1,central,1,weighted,0.5092549649386452,LIVE,OOF,0
TR-000269,TR-C05730,2023-09-08,0,central,1,weighted,0.6870163590186897,LIVE,OOF,1
TR-002619,TR-C03920,2023-09-08,1,western,1,weighted,0.14519235646527437,LIVE,OOF,0
TR-002935,TR-C03530,2023-09-08,0,eastern,1,weighted,0.3378103968684952,LIVE,OOF,0
TR-002950,TR-C05993,2023-09-08,0,central,1,weighted,0.7113963463292149,LIVE,OOF,1
TR-007437,TR-C04818,2023-09-08,0,western,1,weighted,0.035934059507223594,LIVE,OOF,0
TR-007946,TR-C04340,2023-09-08,0,eastern,1,weighted,0.05391402748492657,LIVE,OOF,0
TR-008217,TR-C00745,2023-09-08,0,central,1,weighted,0.10528036711272035,LIVE,OOF,0
TR-008465,TR-C05516,2023-09-08,1,western,1,weighted,0.08338420658860408,LIVE,OOF,0
TR-008892,TR-C05603,2023-09-08,0,eastern,1,weighted,0.5900370584603574,LIVE,OOF,0
TR-009276,TR-C01702,2023-09-08,0,central,1,weighted,0.1848059542682909,LIVE,OOF,0
TR-009346,TR-C01006,2023-09-08,0,western,1,weighted,0.06595586534988788,LIVE,OOF,0
TR-000119,TR-C06326,2023-09-09,0,other,1,weighted,0.8033682113109116,LIVE,OOF,1
TR-001399,TR-C04918,2023-09-09,0,eastern,1,weighted,0.18421683614064097,LIVE,OOF,0
TR-002316,TR-C05078,2023-09-09,0,other,1,weighted,0.08016728677477855,LIVE,OOF,0
TR-003635,TR-C01148,2023-09-09,0,eastern,1,weighted,0.027857734483215428,LIVE,OOF,0
TR-003691,TR-C06258,2023-09-09,0,western,1,weighted,0.05616524979323118,LIVE,OOF,0
TR-006980,TR-C06107,2023-09-09,0,central,1,weighted,0.06613883014414004,LIVE,OOF,0
TR-008399,TR-C05205,2023-09-09,0,other,1,weighted,0.4647846401003107,LIVE,OOF,0
TR-002371,TR-C04049,2023-09-10,0,central,1,weighted,0.044593500837446,LIVE,OOF,0
TR-003963,TR-C02208,2023-09-10,1,western,1,weighted,0.29626317075572656,LIVE,OOF,0
TR-005079,TR-C01629,2023-09-10,0,other,1,weighted,0.34192955258002483,LIVE,OOF,0
TR-007440,TR-C04577,2023-09-10,0,other,1,weighted,0.08423938155625812,LIVE,OOF,0
TR-007860,TR-C04478,2023-09-10,0,western,1,weighted,0.0867496838046091,LIVE,OOF,0
TR-007870,TR-C04517,2023-09-10,0,other,1,weighted,0.20236341340615036,LIVE,OOF,0
TR-009097,TR-C05574,2023-09-10,1,western,1,weighted,0.6468094389124097,LIVE,OOF,0
TR-009180,TR-C02539,2023-09-10,0,other,1,weighted,0.05661259191317725,LIVE,OOF,0
TR-009786,TR-C02615,2023-09-10,0,eastern,1,weighted,0.1092835595511781,LIVE,OOF,0
TR-002253,TR-C00648,2023-09-11,0,other,1,weighted,0.36034575091983545,LIVE,OOF,0
TR-003205,TR-C00496,2023-09-11,0,other,1,weighted,0.07564724784835156,LIVE,OOF,0
TR-003577,TR-C04343,2023-09-11,0,other,1,weighted,0.0030319206598691637,LIVE,OOF,0
TR-003648,TR-C04166,2023-09-11,1,western,1,weighted,0.5091471905035456,LIVE,OOF,0
TR-006505,TR-C02835,2023-09-11,1,central,1,weighted,0.6420830081127966,LIVE,OOF,0
TR-008538,TR-C05965,2023-09-11,0,western,1,weighted,0.36371087562104787,LIVE,OOF,0
TR-008540,TR-C03015,2023-09-11,0,central,1,weighted,0.16111731359775927,LIVE,OOF,0
TR-009181,TR-C05901,2023-09-11,0,western,1,weighted,0.58254589054459,LIVE,OOF,0
TR-009729,TR-C04763,2023-09-11,0,central,1,weighted,0.5770375478924474,LIVE,OOF,0
TR-009769,TR-C05943,2023-09-11,0,eastern,1,weighted,0.09336784904555959,LIVE,OOF,0
TR-002410,TR-C05743,2023-09-12,0,eastern,1,weighted,0.8639194034965918,LIVE,OOF,1
TR-003071,TR-C01609,2023-09-12,0,central,1,weighted,0.0459228641388951,LIVE,OOF,0
TR-003612,TR-C04172,2023-09-12,0,other,1,weighted,0.4285478438074483,LIVE,OOF,0
TR-003879,TR-C04960,2023-09-12,0,central,1,weighted,0.4865894440233445,LIVE,OOF,0
TR-005321,TR-C01440,2023-09-12,0,central,1,weighted,0.04075729443088755,LIVE,OOF,0
TR-006632,TR-C02462,2023-09-12,0,central,1,weighted,0.17969079665020524,LIVE,OOF,0
TR-006857,TR-C04150,2023-09-12,0,central,1,weighted,0.07321812554971849,LIVE,OOF,0
TR-007381,TR-C03405,2023-09-12,0,eastern,1,weighted,0.20585299725196624,LIVE,OOF,0
TR-007974,TR-C04194,2023-09-12,0,western,1,weighted,0.7474184581350648,LIVE,OOF,1
TR-008155,TR-C00654,2023-09-12,0,western,1,weighted,0.293942458493859,LIVE,OOF,0
TR-009946,TR-C04918,2023-09-12,0,eastern,1,weighted,0.01201205128411747,LIVE,OOF,0
TR-000121,TR-C06075,2023-09-13,0,central,1,weighted,0.23219010460723333,LIVE,OOF,0
TR-001578,TR-C01994,2023-09-13,0,central,1,weighted,0.026814104312411775,LIVE,OOF,0
TR-001648,TR-C04218,2023-09-13,0,western,1,weighted,0.32991377410513156,LIVE,OOF,0
TR-002677,TR-C03600,2023-09-13,0,central,1,weighted,0.011142687014222363,LIVE,OOF,0
TR-003184,TR-C04390,2023-09-13,0,central,1,weighted,0.8423310176869623,LIVE,OOF,1
TR-003710,TR-C02488,2023-09-13,0,central,1,weighted,0.4253457105858329,LIVE,OOF,0
TR-003772,TR-C02984,2023-09-13,0,western,1,weighted,0.10793409406954557,LIVE,OOF,0
TR-006455,TR-C01459,2023-09-13,0,central,1,weighted,0.10097114796545216,LIVE,OOF,0
TR-000918,TR-C06127,2023-09-14,0,central,1,weighted,0.255033526460541,LIVE,OOF,0
TR-001781,TR-C04655,2023-09-14,0,other,1,weighted,0.033819909455879336,LIVE,OOF,0
TR-003520,TR-C05211,2023-09-14,0,central,1,weighted,0.006846334586600729,LIVE,OOF,0
TR-004011,TR-C03540,2023-09-14,0,eastern,1,weighted,0.050552570184880255,LIVE,OOF,0
TR-005513,TR-C02014,2023-09-14,0,central,1,weighted,0.1286157662004411,LIVE,OOF,0
TR-007514,TR-C04004,2023-09-14,0,western,1,weighted,0.27010850054582675,LIVE,OOF,0
TR-009776,TR-C01763,2023-09-14,0,eastern,1,weighted,0.09222548776267514,LIVE,OOF,0
TR-009885,TR-C04979,2023-09-14,0,western,1,weighted,0.2185196874614407,LIVE,OOF,0
TR-009996,TR-C00287,2023-09-14,0,western,1,weighted,0.5017895907788938,LIVE,OOF,0
TR-000106,TR-C06431,2023-09-15,0,other,1,weighted,0.05318691831625929,LIVE,OOF,0
TR-000811,TR-C03573,2023-09-15,1,western,1,weighted,0.327634981464378,LIVE,OOF,0
TR-002466,TR-C01713,2023-09-15,0,central,1,weighted,0.7286034239283627,LIVE,OOF,1
TR-002770,TR-C01084,2023-09-15,0,other,1,weighted,0.02554078379374142,LIVE,OOF,0
TR-002912,TR-C03480,2023-09-15,0,other,1,weighted,0.1548756784566834,LIVE,OOF,0
TR-003829,TR-C06071,2023-09-15,0,eastern,1,weighted,0.10958855092297555,LIVE,OOF,0
TR-005155,TR-C03503,2023-09-15,0,central,1,weighted,0.22167186011899423,LIVE,OOF,0
TR-008448,TR-C03983,2023-09-15,0,other,1,weighted,0.10192740079384295,LIVE,OOF,0
TR-009059,TR-C01142,2023-09-15,0,western,1,weighted,0.6499202644835408,LIVE,OOF,0
TR-000735,TR-C05083,2023-09-16,0,other,1,weighted,0.28185056091929217,LIVE,OOF,0
TR-000963,TR-C00293,2023-09-16,0,western,1,weighted,0.07578464006328592,LIVE,OOF,0
TR-001130,TR-C02360,2023-09-16,0,western,1,weighted,0.13038313741721175,LIVE,OOF,0
TR-005279,TR-C05729,2023-09-16,0,other,1,weighted,0.047473380060745876,LIVE,OOF,0
TR-005650,TR-C01453,2023-09-16,0,other,1,weighted,0.009532327645329937,LIVE,OOF,0
TR-006546,TR-C00623,2023-09-16,0,other,1,weighted,0.23228431233509697,LIVE,OOF,0
TR-007161,TR-C03478,2023-09-16,0,western,1,weighted,0.29001122025105913,LIVE,OOF,0
TR-008860,TR-C03213,2023-09-16,0,western,1,weighted,0.127375110565261,LIVE,OOF,0
TR-009299,TR-C01815,2023-09-16,0,western,1,weighted,0.6290481453548159,LIVE,OOF,0
TR-000156,TR-C02846,2023-09-17,0,other,1,weighted,0.1037192421208932,LIVE,OOF,0
TR-000278,TR-C06385,2023-09-17,0,central,1,weighted,0.27963990726216037,LIVE,OOF,0
TR-004191,TR-C04237,2023-09-17,0,central,1,weighted,0.284737474330333,LIVE,OOF,0
TR-006599,TR-C02341,2023-09-17,0,other,1,weighted,0.11118805477485699,LIVE,OOF,0
TR-006607,TR-C05015,2023-09-17,0,central,1,weighted,0.10075526605128267,LIVE,OOF,0
TR-007881,TR-C03856,2023-09-17,0,eastern,1,weighted,0.06818545555399863,LIVE,OOF,0
TR-009138,TR-C06235,2023-09-17,0,other,1,weighted,0.05220971590350439,LIVE,OOF,0
TR-009915,TR-C03862,2023-09-17,0,western,1,weighted,0.5594045706661407,LIVE,OOF,0
TR-000698,TR-C03258,2023-09-18,0,central,1,weighted,0.7666391003538737,LIVE,OOF,1
TR-003324,TR-C00351,2023-09-18,0,central,1,weighted,0.1742813907729485,LIVE,OOF,0
TR-004725,TR-C03053,2023-09-18,0,eastern,1,weighted,0.23305124738983599,LIVE,OOF,0
TR-006151,TR-C04256,2023-09-18,0,other,1,weighted,0.17705202956308203,LIVE,OOF,0
TR-007427,TR-C05664,2023-09-18,0,western,1,weighted,0.6373047675545612,LIVE,OOF,0
TR-007812,TR-C04704,2023-09-18,0,eastern,1,weighted,0.2685394877030038,LIVE,OOF,0
TR-009162,TR-C03383,2023-09-18,0,western,1,weighted,0.01964664555264251,LIVE,OOF,0
TR-000456,TR-C00191,2023-09-19,0,central,1,weighted,0.30854959485938993,LIVE,OOF,0
TR-000877,TR-C06311,2023-09-19,0,central,1,weighted,0.05304708837539015,LIVE,OOF,0
TR-001031,TR-C05021,2023-09-19,0,central,1,weighted,0.2500836845039753,LIVE,OOF,0
TR-002196,TR-C06251,2023-09-19,0,eastern,1,weighted,0.04087201982540898,LIVE,OOF,0
TR-002642,TR-C01670,2023-09-19,0,central,1,weighted,0.030850885352862845,LIVE,OOF,0
TR-004007,TR-C02114,2023-09-19,0,western,1,weighted,0.04856178349058361,LIVE,OOF,0
TR-004325,TR-C06269,2023-09-19,0,central,1,weighted,0.25568727287890186,LIVE,OOF,0
TR-004374,TR-C05493,2023-09-19,0,western,1,weighted,0.30502320916369013,LIVE,OOF,0
TR-004732,TR-C02715,2023-09-19,0,central,1,weighted,0.06237423283319327,LIVE,OOF,0
TR-007682,TR-C06322,2023-09-19,0,western,1,weighted,0.17716030882870518,LIVE,OOF,0
TR-007791,TR-C01801,2023-09-19,0,other,1,weighted,0.10944002009621304,LIVE,OOF,0
TR-008417,TR-C01445,2023-09-19,0,western,1,weighted,0.153525289398654,LIVE,OOF,0
TR-008732,TR-C03019,2023-09-19,0,western,1,weighted,0.2598796969268518,LIVE,OOF,0
TR-009652,TR-C02846,2023-09-19,0,other,1,weighted,0.4591862821055418,LIVE,OOF,0
TR-009772,TR-C01330,2023-09-19,0,western,1,weighted,0.3183753160213574,LIVE,OOF,0
TR-009917,TR-C01838,2023-09-19,0,central,1,weighted,0.7224548333857148,LIVE,OOF,1
TR-000588,TR-C04076,2023-09-20,0,western,1,weighted,0.08729052121625164,LIVE,OOF,0
TR-000940,TR-C00710,2023-09-20,0,other,1,weighted,0.08372464566346728,LIVE,OOF,0
TR-002731,TR-C04657,2023-09-20,0,central,1,weighted,0.08460468728298717,LIVE,OOF,0
TR-003580,TR-C03330,2023-09-20,0,other,1,weighted,0.1530800165077866,LIVE,OOF,0
TR-003659,TR-C00621,2023-09-20,0,eastern,1,weighted,0.20374707888313062,LIVE,OOF,0
TR-003662,TR-C00776,2023-09-20,0,western,1,weighted,0.2597132334213554,LIVE,OOF,0
TR-004233,TR-C04776,2023-09-20,0,other,1,weighted,0.321473015294182,LIVE,OOF,0
TR-004425,TR-C02433,2023-09-20,0,eastern,1,weighted,0.7790352544367333,LIVE,OOF,1
TR-004925,TR-C00025,2023-09-20,0,western,1,weighted,0.5100439664211529,LIVE,OOF,0
TR-005225,TR-C03201,2023-09-20,0,other,1,weighted,0.034289273439373054,LIVE,OOF,0
TR-005452,TR-C00491,2023-09-20,0,central,1,weighted,0.10403534600494928,LIVE,OOF,0
TR-006973,TR-C05658,2023-09-20,0,eastern,1,weighted,0.1765271066659187,LIVE,OOF,0
TR-000815,TR-C02645,2023-09-21,0,western,1,weighted,0.7089375474522818,LIVE,OOF,1
TR-003058,TR-C01466,2023-09-21,0,western,1,weighted,0.030560622010999305,LIVE,OOF,0
TR-003856,TR-C05398,2023-09-21,0,central,1,weighted,0.039657732205659865,LIVE,OOF,0
TR-004459,TR-C04086,2023-09-21,0,other,1,weighted,0.3469532020802768,LIVE,OOF,0
TR-005720,TR-C03169,2023-09-21,0,western,1,weighted,0.7697249328042123,LIVE,OOF,1
TR-006108,TR-C00541,2023-09-21,0,central,1,weighted,0.22400670548113136,LIVE,OOF,0
TR-009609,TR-C06421,2023-09-21,0,central,1,weighted,0.09350287803017462,LIVE,OOF,0
TR-000308,TR-C00648,2023-09-22,0,other,1,weighted,0.13309295495638745,LIVE,OOF,0
TR-003559,TR-C02202,2023-09-22,0,central,1,weighted,0.09275228794594263,LIVE,OOF,0
TR-003748,TR-C02560,2023-09-22,0,eastern,1,weighted,0.6002277598707223,LIVE,OOF,0
TR-003841,TR-C06180,2023-09-22,0,western,1,weighted,0.010900591357355105,LIVE,OOF,0
TR-003883,TR-C06096,2023-09-22,0,eastern,1,weighted,0.09073999339111086,LIVE,OOF,0
TR-006800,TR-C06206,2023-09-22,0,other,1,weighted,0.3298534945071855,LIVE,OOF,0
TR-006840,TR-C05042,2023-09-22,0,central,1,weighted,0.15926845852406302,LIVE,OOF,0
TR-007900,TR-C04019,2023-09-22,0,central,1,weighted,0.05902263419017003,LIVE,OOF,0
TR-008050,TR-C06129,2023-09-22,0,western,1,weighted,0.578394680769646,LIVE,OOF,0
TR-009450,TR-C04986,2023-09-22,0,eastern,1,weighted,0.16764947405953487,LIVE,OOF,0
TR-001389,TR-C05932,2023-09-23,0,eastern,1,weighted,0.18675331292025152,LIVE,OOF,0
TR-001873,TR-C00345,2023-09-23,0,western,1,weighted,0.6541822927732286,LIVE,OOF,0
TR-002122,TR-C03344,2023-09-23,0,other,1,weighted,0.08880669866645459,LIVE,OOF,0
TR-003426,TR-C02804,2023-09-23,0,western,1,weighted,0.00740725057747217,LIVE,OOF,0
TR-003718,TR-C00309,2023-09-23,0,eastern,1,weighted,0.20733850005295423,LIVE,OOF,0
TR-005669,TR-C02255,2023-09-23,0,western,1,weighted,0.1422294975804722,LIVE,OOF,0
TR-006812,TR-C01839,2023-09-23,0,other,1,weighted,0.15806711257695566,LIVE,OOF,0
TR-007039,TR-C04908,2023-09-23,0,western,1,weighted,0.009698713204442686,LIVE,OOF,0
TR-009816,TR-C00350,2023-09-23,0,central,1,weighted,0.08693298608949784,LIVE,OOF,0
TR-001501,TR-C00435,2023-09-24,0,eastern,1,weighted,0.48177297461725116,LIVE,OOF,0
TR-003187,TR-C00960,2023-09-24,0,western,1,weighted,0.6062773724638771,LIVE,OOF,0
TR-003569,TR-C03722,2023-09-24,0,eastern,1,weighted,0.30293356195179133,LIVE,OOF,0
TR-005982,TR-C02554,2023-09-24,0,western,1,weighted,0.02111204552201344,LIVE,OOF,0
TR-008388,TR-C02469,2023-09-24,0,central,1,weighted,0.030295532580053502,LIVE,OOF,0
TR-009198,TR-C05258,2023-09-24,0,other,1,weighted,0.1604760284069603,LIVE,OOF,0
TR-002142,TR-C00527,2023-09-25,0,western,1,weighted,0.06819907733975292,LIVE,OOF,0
TR-002658,TR-C02923,2023-09-25,0,western,1,weighted,0.022407741832844514,LIVE,OOF,0
TR-004018,TR-C00872,2023-09-25,0,eastern,1,weighted,0.014326060166827621,LIVE,OOF,0
TR-005236,TR-C02877,2023-09-25,1,central,1,weighted,0.6810273637773451,LIVE,OOF,1
TR-005512,TR-C00902,2023-09-25,0,eastern,1,weighted,0.16952992557498814,LIVE,OOF,0
TR-005902,TR-C06474,2023-09-25,0,eastern,1,weighted,0.12297381677671694,LIVE,OOF,0
TR-006416,TR-C01542,2023-09-25,0,eastern,1,weighted,0.3467503809905719,LIVE,OOF,0
TR-006579,TR-C01539,2023-09-25,0,eastern,1,weighted,0.4230374670194438,LIVE,OOF,0
TR-007279,TR-C00662,2023-09-25,0,eastern,1,weighted,0.08823055306304717,LIVE,OOF,0
TR-009942,TR-C06416,2023-09-25,0,other,1,weighted,0.053332201834556836,LIVE,OOF,0
TR-001730,TR-C03971,2023-09-26,0,central,1,weighted,0.37988802894293516,LIVE,OOF,0
TR-002147,TR-C04854,2023-09-26,0,other,1,weighted,0.0075166113850361335,LIVE,OOF,0
TR-004402,TR-C04133,2023-09-26,1,central,1,weighted,0.7881047157994889,LIVE,OOF,1
TR-005235,TR-C03697,2023-09-26,0,other,1,weighted,0.11495352066677823,LIVE,OOF,0
TR-005597,TR-C00911,2023-09-26,0,eastern,1,weighted,0.09888424942081273,LIVE,OOF,0
TR-003073,TR-C05659,2023-09-27,0,eastern,1,weighted,0.01132089062074325,LIVE,OOF,0
TR-003141,TR-C00427,2023-09-27,0,other,1,weighted,0.5430178862909073,LIVE,OOF,0
TR-005100,TR-C05046,2023-09-27,1,western,1,weighted,0.040232791299949146,LIVE,OOF,0
TR-008301,TR-C05757,2023-09-27,0,other,1,weighted,0.07520320992931288,LIVE,OOF,0
TR-008673,TR-C03102,2023-09-27,0,other,1,weighted,0.4972513913293488,LIVE,OOF,0
TR-000059,TR-C06313,2023-09-28,0,central,1,weighted,0.21278425806576146,LIVE,OOF,0
TR-000739,TR-C04923,2023-09-28,0,central,1,weighted,0.013014323438578734,LIVE,OOF,0
TR-000889,TR-C03576,2023-09-28,0,western,1,weighted,0.2700230246774438,LIVE,OOF,0
TR-000922,TR-C04796,2023-09-28,0,central,1,weighted,0.37105039588747246,LIVE,OOF,0
TR-001039,TR-C04458,2023-09-28,0,western,1,weighted,0.19990615937434827,LIVE,OOF,0
TR-001148,TR-C04415,2023-09-28,0,central,1,weighted,0.1481973743442695,LIVE,OOF,0
TR-001620,TR-C01622,2023-09-28,0,eastern,1,weighted,0.09401909760308454,LIVE,OOF,0
TR-002626,TR-C01929,2023-09-28,0,other,1,weighted,0.01445196868060467,LIVE,OOF,0
TR-004038,TR-C01584,2023-09-28,0,central,1,weighted,0.11488954253856225,LIVE,OOF,0
TR-007929,TR-C00626,2023-09-28,0,central,1,weighted,0.16420915117366017,LIVE,OOF,0
TR-009537,TR-C04862,2023-09-28,0,other,1,weighted,0.7976234222550747,LIVE,OOF,1
TR-000096,TR-C03829,2023-09-29,0,central,1,weighted,0.16389796342702007,LIVE,OOF,0
TR-000783,TR-C00023,2023-09-29,0,western,1,weighted,0.049248391288535025,LIVE,OOF,0
TR-000876,TR-C03685,2023-09-29,1,central,1,weighted,0.6945304058963323,LIVE,OOF,1
TR-003030,TR-C03041,2023-09-29,0,eastern,1,weighted,0.011141767970275976,LIVE,OOF,0
TR-003689,TR-C01162,2023-09-29,0,other,1,weighted,0.05968295663725033,LIVE,OOF,0
TR-003870,TR-C00728,2023-09-29,0,other,1,weighted,0.058044074307467775,LIVE,OOF,0
TR-004911,TR-C02268,2023-09-29,0,eastern,1,weighted,0.013513738024592591,LIVE,OOF,0
TR-009049,TR-C03204,2023-09-29,1,western,1,weighted,0.7409609302660111,LIVE,OOF,1
TR-009156,TR-C05007,2023-09-29,0,eastern,1,weighted,0.457882054298095,LIVE,OOF,0
TR-000113,TR-C01852,2023-09-30,0,western,1,weighted,0.24873157312284766,LIVE,OOF,0
TR-000521,TR-C04495,2023-09-30,0,eastern,1,weighted,0.04216663611115796,LIVE,OOF,0
TR-000990,TR-C03558,2023-09-30,0,other,1,weighted,0.06396443851644379,LIVE,OOF,0
TR-001083,TR-C02686,2023-09-30,0,western,1,weighted,0.13992501279852668,LIVE,OOF,0
TR-001347,TR-C05723,2023-09-30,0,central,1,weighted,0.0484714587169733,LIVE,OOF,0
TR-002810,TR-C03614,2023-09-30,0,eastern,1,weighted,0.027449449692732133,LIVE,OOF,0
TR-002820,TR-C03514,2023-09-30,0,other,1,weighted,0.1614906465866915,LIVE,OOF,0
TR-003626,TR-C01643,2023-09-30,0,western,1,weighted,0.46874890168837474,LIVE,OOF,0
TR-004241,TR-C03467,2023-09-30,0,eastern,1,weighted,0.10400796505292115,LIVE,OOF,0
TR-005603,TR-C03072,2023-09-30,0,eastern,1,weighted,0.04038492982869235,LIVE,OOF,0
TR-006107,TR-C01600,2023-09-30,0,other,1,weighted,0.05296416877433926,LIVE,OOF,0
TR-009101,TR-C01597,2023-09-30,0,central,1,weighted,0.5434877810986917,LIVE,OOF,0
TR-000847,TR-C05865,2023-10-01,0,other,1,weighted,0.06574754734469482,LIVE,OOF,0
TR-001451,TR-C03587,2023-10-01,0,eastern,1,weighted,0.051099181954649374,LIVE,OOF,0
TR-004542,TR-C02617,2023-10-01,0,eastern,1,weighted,0.32112690377811187,LIVE,OOF,0
TR-005411,TR-C05447,2023-10-01,0,central,1,weighted,0.08868275520070693,LIVE,OOF,0
TR-005530,TR-C06345,2023-10-01,0,central,1,weighted,0.16510088282893204,LIVE,OOF,0
TR-006448,TR-C02902,2023-10-01,0,other,1,weighted,0.022986548944841693,LIVE,OOF,0
TR-009171,TR-C06095,2023-10-01,0,western,1,weighted,0.027603925694540694,LIVE,OOF,0
TR-000057,TR-C04036,2023-10-02,0,western,1,weighted,0.043192774146566755,LIVE,OOF,0
TR-001249,TR-C05653,2023-10-02,0,western,1,weighted,0.5022009299648362,LIVE,OOF,0
TR-002016,TR-C00438,2023-10-02,0,western,1,weighted,0.3598829918312396,LIVE,OOF,0
TR-002163,TR-C02383,2023-10-02,1,eastern,1,weighted,0.8488005510307197,LIVE,OOF,1
TR-002169,TR-C05547,2023-10-02,0,western,1,weighted,0.2962038601493511,LIVE,OOF,0
TR-003025,TR-C03332,2023-10-02,0,other,1,weighted,0.10362544251849731,LIVE,OOF,0
TR-003422,TR-C02268,2023-10-02,0,eastern,1,weighted,0.011522208200719367,LIVE,OOF,0
TR-005059,TR-C01317,2023-10-02,0,other,1,weighted,0.016545589272186113,LIVE,OOF,0
TR-005635,TR-C00684,2023-10-02,0,central,1,weighted,0.16792449156668424,LIVE,OOF,0
TR-005706,TR-C06478,2023-10-02,0,western,1,weighted,0.06549940184126245,LIVE,OOF,0
TR-006016,TR-C02815,2023-10-02,0,central,1,weighted,0.01948666191566245,LIVE,OOF,0
TR-007886,TR-C02448,2023-10-02,0,other,1,weighted,0.2269999634702242,LIVE,OOF,0
TR-008803,TR-C02427,2023-10-02,0,other,1,weighted,0.025227809378271623,LIVE,OOF,0
TR-002590,TR-C01079,2023-10-03,0,central,1,weighted,0.29066108265721113,LIVE,OOF,0
TR-002926,TR-C01909,2023-10-03,0,eastern,1,weighted,0.4090586114691446,LIVE,OOF,0
TR-003515,TR-C06252,2023-10-03,0,western,1,weighted,0.11789405708684669,LIVE,OOF,0
TR-007371,TR-C04583,2023-10-03,0,western,1,weighted,0.15114490551454043,LIVE,OOF,0
TR-008760,TR-C05653,2023-10-03,0,western,1,weighted,0.023369644757885263,LIVE,OOF,0
TR-008949,TR-C04027,2023-10-03,0,eastern,1,weighted,0.10025361766564687,LIVE,OOF,0
TR-000303,TR-C03724,2023-10-04,0,central,1,weighted,0.012009979220625256,LIVE,OOF,0
TR-000571,TR-C00644,2023-10-04,0,central,1,weighted,0.15955109240058174,LIVE,OOF,0
TR-003481,TR-C03758,2023-10-04,0,central,1,weighted,0.5014652828756054,LIVE,OOF,0
TR-004225,TR-C03789,2023-10-04,0,eastern,1,weighted,0.6184688989932818,LIVE,OOF,0
TR-005127,TR-C02028,2023-10-04,0,central,1,weighted,0.07964568730885788,LIVE,OOF,0
TR-005444,TR-C03832,2023-10-04,0,other,1,weighted,0.675424143295862,LIVE,OOF,1
TR-005463,TR-C06209,2023-10-04,0,western,1,weighted,0.8059720222321861,LIVE,OOF,1
TR-005684,TR-C01278,2023-10-04,0,western,1,weighted,0.40730810170914156,LIVE,OOF,0
TR-008596,TR-C01311,2023-10-04,0,western,1,weighted,0.3159662628675326,LIVE,OOF,0
TR-003458,TR-C02036,2023-10-05,0,eastern,1,weighted,0.7381975160884481,LIVE,OOF,1
TR-004124,TR-C05949,2023-10-05,0,eastern,1,weighted,0.011050886190237877,LIVE,OOF,0
TR-004366,TR-C04166,2023-10-05,0,western,1,weighted,0.04432568738615706,LIVE,OOF,0
TR-006675,TR-C04727,2023-10-05,0,eastern,1,weighted,0.11922003536038643,LIVE,OOF,0
TR-008474,TR-C04837,2023-10-05,0,western,1,weighted,0.026061753508357145,LIVE,OOF,0
TR-009286,TR-C03724,2023-10-05,0,central,1,weighted,0.16673921891721555,LIVE,OOF,0
TR-009708,TR-C01727,2023-10-05,1,central,1,weighted,0.12944756910329258,LIVE,OOF,0
TR-000481,TR-C06118,2023-10-06,0,central,1,weighted,0.0465923162482473,LIVE,OOF,0
TR-001164,TR-C03833,2023-10-06,0,other,1,weighted,0.012570454066967936,LIVE,OOF,0
TR-005377,TR-C00921,2023-10-06,1,central,1,weighted,0.571759275229027,LIVE,OOF,0
TR-006164,TR-C05825,2023-10-06,0,central,1,weighted,0.16744451740230393,LIVE,OOF,0
TR-006926,TR-C01221,2023-10-06,0,eastern,1,weighted,0.05191985371050845,LIVE,OOF,0
TR-008181,TR-C03455,2023-10-06,0,western,1,weighted,0.16707848300822323,LIVE,OOF,0
TR-009581,TR-C00559,2023-10-06,0,central,1,weighted,0.055617408530255624,LIVE,OOF,0
TR-009631,TR-C03907,2023-10-06,0,other,1,weighted,0.37061700696984134,LIVE,OOF,0
TR-009669,TR-C01781,2023-10-06,0,central,1,weighted,0.15499927287840895,LIVE,OOF,0
TR-002939,TR-C03545,2023-10-07,0,western,1,weighted,0.07193474368413107,LIVE,OOF,0
TR-003162,TR-C05869,2023-10-07,0,eastern,1,weighted,0.5456455915685485,LIVE,OOF,0
TR-004113,TR-C01040,2023-10-07,0,central,1,weighted,0.03389143814281806,LIVE,OOF,0
TR-005509,TR-C04542,2023-10-07,0,eastern,1,weighted,0.027659726245260856,LIVE,OOF,0
TR-006267,TR-C02850,2023-10-07,0,eastern,1,weighted,0.5818355786205184,LIVE,OOF,0
TR-006441,TR-C03504,2023-10-07,0,other,1,weighted,0.7735524122530811,LIVE,OOF,1
TR-008093,TR-C04545,2023-10-07,0,other,1,weighted,0.10228011257091536,LIVE,OOF,0
TR-009340,TR-C06274,2023-10-07,0,central,1,weighted,0.4859863245360562,LIVE,OOF,0
TR-002909,TR-C04937,2023-10-08,0,central,1,weighted,0.6207677464880812,LIVE,OOF,0
TR-005131,TR-C02721,2023-10-08,0,central,1,weighted,0.1465129693467089,LIVE,OOF,0
TR-005443,TR-C01908,2023-10-08,0,central,1,weighted,0.21719522361254134,LIVE,OOF,0
TR-005974,TR-C02773,2023-10-08,0,other,1,weighted,0.29897296086963143,LIVE,OOF,0
TR-007862,TR-C06385,2023-10-08,0,central,1,weighted,0.07749524761979616,LIVE,OOF,0
TR-009532,TR-C01221,2023-10-08,0,eastern,1,weighted,0.05265711833544013,LIVE,OOF,0
TR-009706,TR-C03918,2023-10-08,0,other,1,weighted,0.13192685180406816,LIVE,OOF,0
TR-001085,TR-C00208,2023-10-09,0,western,1,weighted,0.31661162667332976,LIVE,OOF,0
TR-003175,TR-C04594,2023-10-09,0,central,1,weighted,0.045741621434947394,LIVE,OOF,0
TR-003214,TR-C04721,2023-10-09,0,other,1,weighted,0.2910126294886035,LIVE,OOF,0
TR-003944,TR-C01186,2023-10-09,0,western,1,weighted,0.797712315788952,LIVE,OOF,1
TR-004377,TR-C05581,2023-10-09,0,eastern,1,weighted,0.20015411966194496,LIVE,OOF,0
TR-004496,TR-C00164,2023-10-09,0,other,1,weighted,0.011049858174841895,LIVE,OOF,0
TR-004942,TR-C01033,2023-10-09,0,central,1,weighted,0.7021764011972746,LIVE,OOF,1
TR-005828,TR-C01421,2023-10-09,0,western,1,weighted,0.05724692773374891,LIVE,OOF,0
TR-006913,TR-C01553,2023-10-09,0,central,1,weighted,0.6904428398852088,LIVE,OOF,1
TR-007379,TR-C04236,2023-10-09,0,other,1,weighted,0.4465620598758579,LIVE,OOF,0
TR-007808,TR-C02371,2023-10-09,0,other,1,weighted,0.7661182416935624,LIVE,OOF,1
TR-008057,TR-C03077,2023-10-09,0,eastern,1,weighted,0.08454489320999257,LIVE,OOF,0
TR-008185,TR-C05937,2023-10-09,0,eastern,1,weighted,0.07700068258411608,LIVE,OOF,0
TR-008661,TR-C04815,2023-10-09,0,eastern,1,weighted,0.04739479909613359,LIVE,OOF,0
TR-008994,TR-C05763,2023-10-09,0,central,1,weighted,0.18682512400444048,LIVE,OOF,0
TR-009504,TR-C04135,2023-10-09,0,western,1,weighted,0.04859037215647183,LIVE,OOF,0
TR-000017,TR-C03137,2023-10-10,0,western,1,weighted,0.34221052530521456,LIVE,OOF,0
TR-000027,TR-C02295,2023-10-10,0,western,1,weighted,0.20264053187108358,LIVE,OOF,0
TR-001877,TR-C00923,2023-10-10,0,eastern,1,weighted,0.10348509249750691,LIVE,OOF,0
TR-006770,TR-C00521,2023-10-10,0,central,1,weighted,0.5680780645883089,LIVE,OOF,0
TR-007939,TR-C05275,2023-10-10,1,eastern,1,weighted,0.00772410931910317,LIVE,OOF,0
TR-008899,TR-C00457,2023-10-10,1,other,1,weighted,0.789412644021986,LIVE,OOF,1
TR-008902,TR-C02515,2023-10-10,1,other,1,weighted,0.7493374586586917,LIVE,OOF,1
TR-001740,TR-C04338,2023-10-11,0,eastern,1,weighted,0.051032452786290754,LIVE,OOF,0
TR-005172,TR-C06295,2023-10-11,0,western,1,weighted,0.2940743777630621,LIVE,OOF,0
TR-005475,TR-C04701,2023-10-11,0,central,1,weighted,0.13037296070944784,LIVE,OOF,0
TR-005759,TR-C03402,2023-10-11,0,other,1,weighted,0.00989833312968629,LIVE,OOF,0
TR-005936,TR-C00049,2023-10-11,0,eastern,1,weighted,0.7539918999538242,LIVE,OOF,1
TR-006773,TR-C01680,2023-10-11,0,western,1,weighted,0.17390363998411018,LIVE,OOF,0
TR-008280,TR-C05048,2023-10-11,0,central,1,weighted,0.4032971608549217,LIVE,OOF,0
TR-009853,TR-C01828,2023-10-11,1,western,1,weighted,0.6942818302026004,LIVE,OOF,1
TR-000396,TR-C02261,2023-10-12,0,eastern,1,weighted,0.39639943121835053,LIVE,OOF,0
TR-000520,TR-C02667,2023-10-12,0,western,1,weighted,0.08029266507260843,LIVE,OOF,0
TR-000699,TR-C03688,2023-10-12,0,other,1,weighted,0.028141872170323327,LIVE,OOF,0
TR-001191,TR-C01356,2023-10-12,0,western,1,weighted,0.253936026976174,LIVE,OOF,0
TR-001396,TR-C00026,2023-10-12,0,other,1,weighted,0.12709951426622645,LIVE,OOF,0
TR-001550,TR-C05666,2023-10-12,1,other,1,weighted,0.1359498233520935,LIVE,OOF,0
TR-001585,TR-C02588,2023-10-12,0,eastern,1,weighted,0.3427061102910798,LIVE,OOF,0
TR-002056,TR-C06239,2023-10-12,0,other,1,weighted,0.11510138025891237,LIVE,OOF,0
TR-004546,TR-C04404,2023-10-12,0,western,1,weighted,0.30815164324438726,LIVE,OOF,0
TR-005595,TR-C04238,2023-10-12,0,western,1,weighted,0.3498648603253591,LIVE,OOF,0
TR-005723,TR-C05279,2023-10-12,0,central,1,weighted,0.039014850400665685,LIVE,OOF,0
TR-006112,TR-C00997,2023-10-12,0,central,1,weighted,0.24866919138239957,LIVE,OOF,0
TR-007395,TR-C02519,2023-10-12,0,eastern,1,weighted,0.12756538781142915,LIVE,OOF,0
TR-000190,TR-C05442,2023-10-13,0,other,1,weighted,0.23097948165886817,LIVE,OOF,0
TR-000689,TR-C00849,2023-10-13,0,other,1,weighted,0.07079412492943957,LIVE,OOF,0
TR-001107,TR-C02073,2023-10-13,0,western,1,weighted,0.041348173800338235,LIVE,OOF,0
TR-002384,TR-C01654,2023-10-13,0,western,1,weighted,0.047164806900033725,LIVE,OOF,0
TR-004277,TR-C03844,2023-10-13,0,eastern,1,weighted,0.14152267694421997,LIVE,OOF,0
TR-004606,TR-C01189,2023-10-13,0,western,1,weighted,0.5782170934979856,LIVE,OOF,0
TR-005707,TR-C00582,2023-10-13,0,central,1,weighted,0.11713376612473485,LIVE,OOF,0
TR-006047,TR-C03088,2023-10-13,0,other,1,weighted,0.021481498112237794,LIVE,OOF,0
TR-006417,TR-C04672,2023-10-13,0,other,1,weighted,0.10966003776498642,LIVE,OOF,0
TR-006443,TR-C00109,2023-10-13,0,central,1,weighted,0.02933322142586636,LIVE,OOF,0
TR-007690,TR-C01251,2023-10-13,0,eastern,1,weighted,0.27037640989237566,LIVE,OOF,0
TR-008633,TR-C04611,2023-10-13,0,western,1,weighted,0.7057146949129613,LIVE,OOF,1
TR-008778,TR-C04023,2023-10-13,0,western,1,weighted,0.10604707118159636,LIVE,OOF,0
TR-000037,TR-C04879,2023-10-14,1,central,1,weighted,0.7837513008366153,LIVE,OOF,1
TR-000355,TR-C01058,2023-10-14,1,eastern,1,weighted,0.2976778222037529,LIVE,OOF,0
TR-001457,TR-C02303,2023-10-14,0,western,1,weighted,0.08170471293734034,LIVE,OOF,0
TR-001774,TR-C01888,2023-10-14,1,eastern,1,weighted,0.8875684723551572,LIVE,OOF,1
TR-002803,TR-C03999,2023-10-14,0,central,1,weighted,0.07362174447532153,LIVE,OOF,0
TR-004438,TR-C04209,2023-10-14,0,eastern,1,weighted,0.1399066264720212,LIVE,OOF,0
TR-005106,TR-C01246,2023-10-14,0,eastern,1,weighted,0.19956066955477358,LIVE,OOF,0
TR-006616,TR-C06346,2023-10-14,0,western,1,weighted,0.09940404987988781,LIVE,OOF,0
TR-009544,TR-C05666,2023-10-14,0,other,1,weighted,0.13857965719619966,LIVE,OOF,0
TR-000259,TR-C00799,2023-10-15,0,western,1,weighted,0.6745731974958051,LIVE,OOF,1
TR-000790,TR-C05112,2023-10-15,0,other,1,weighted,0.21534822223104846,LIVE,OOF,0
TR-001052,TR-C03759,2023-10-15,0,eastern,1,weighted,0.008207084961976967,LIVE,OOF,0
TR-001765,TR-C05717,2023-10-15,0,eastern,1,weighted,0.6202951192162087,LIVE,OOF,0
TR-002607,TR-C02569,2023-10-15,1,western,1,weighted,0.6383649761437522,LIVE,OOF,0
TR-005438,TR-C00479,2023-10-15,0,western,1,weighted,0.32513353975783865,LIVE,OOF,0
TR-005511,TR-C00020,2023-10-15,0,eastern,1,weighted,0.7194307222831854,LIVE,OOF,1
TR-005861,TR-C00521,2023-10-15,0,central,1,weighted,0.0813913807266541,LIVE,OOF,0
TR-007049,TR-C05637,2023-10-15,0,eastern,1,weighted,0.030624804676590796,LIVE,OOF,0
TR-007657,TR-C05720,2023-10-15,0,central,1,weighted,0.1088166512631083,LIVE,OOF,0
TR-009795,TR-C00247,2023-10-15,0,other,1,weighted,0.5757946267500121,LIVE,OOF,0
TR-000828,TR-C00909,2023-10-16,0,other,1,weighted,0.25774819543173466,LIVE,OOF,0
TR-001690,TR-C01407,2023-10-16,0,other,1,weighted,0.618522873728487,LIVE,OOF,0
TR-002106,TR-C01447,2023-10-16,0,other,1,weighted,0.10768273860567061,LIVE,OOF,0
TR-003599,TR-C03122,2023-10-16,0,other,1,weighted,0.16899647058566392,LIVE,OOF,0
TR-004106,TR-C03486,2023-10-16,1,eastern,1,weighted,0.5881773405766395,LIVE,OOF,0
TR-004483,TR-C05906,2023-10-16,0,central,1,weighted,0.48471452609435184,LIVE,OOF,0
TR-000988,TR-C04221,2023-10-17,0,western,1,weighted,0.028342647034498847,LIVE,OOF,0
TR-001472,TR-C05747,2023-10-17,0,other,1,weighted,0.4179209388981109,LIVE,OOF,0
TR-001806,TR-C04094,2023-10-17,0,eastern,1,weighted,0.09901612129589604,LIVE,OOF,0
TR-002652,TR-C01641,2023-10-17,0,central,1,weighted,0.10953239354590193,LIVE,OOF,0
TR-002993,TR-C03204,2023-10-17,0,western,1,weighted,0.2059032779820586,LIVE,OOF,0
TR-004249,TR-C02625,2023-10-17,0,other,1,weighted,0.12853656149855067,LIVE,OOF,0
TR-006404,TR-C01594,2023-10-17,0,central,1,weighted,0.37320256273313235,LIVE,OOF,0
TR-008539,TR-C00513,2023-10-17,0,other,1,weighted,0.03606504214152908,LIVE,OOF,0
TR-000339,TR-C03253,2023-10-18,0,other,1,weighted,0.3256781646660462,LIVE,OOF,0
TR-000616,TR-C05646,2023-10-18,0,eastern,1,weighted,0.07010663110588602,LIVE,OOF,0
TR-000645,TR-C05359,2023-10-18,0,eastern,1,weighted,0.5341483308830999,LIVE,OOF,0
TR-003123,TR-C02971,2023-10-18,0,other,1,weighted,0.008538883731223624,LIVE,OOF,0
TR-004238,TR-C00498,2023-10-18,0,eastern,1,weighted,0.06033073007909292,LIVE,OOF,0
TR-007002,TR-C04888,2023-10-18,0,central,1,weighted,0.029876143557830456,LIVE,OOF,0
TR-008249,TR-C04746,2023-10-18,0,other,1,weighted,0.6237970641029684,LIVE,OOF,0
TR-008504,TR-C03264,2023-10-18,0,eastern,1,weighted,0.24637426823197223,LIVE,OOF,0
TR-009014,TR-C04036,2023-10-18,0,western,1,weighted,0.0677935791963009,LIVE,OOF,0
TR-001467,TR-C03885,2023-10-19,0,eastern,1,weighted,0.16859425297709787,LIVE,OOF,0
TR-002046,TR-C05582,2023-10-19,0,central,1,weighted,0.5959618535004191,LIVE,OOF,0
TR-003521,TR-C01976,2023-10-19,0,eastern,1,weighted,0.05693732047236476,LIVE,OOF,0
TR-004083,TR-C01382,2023-10-19,0,eastern,1,weighted,0.12224523295516275,LIVE,OOF,0
TR-004622,TR-C04909,2023-10-19,0,other,1,weighted,0.2578684642766498,LIVE,OOF,0
TR-005896,TR-C05212,2023-10-19,0,other,1,weighted,0.03127017254117833,LIVE,OOF,0
TR-007721,TR-C00271,2023-10-19,0,eastern,1,weighted,0.12875223116692885,LIVE,OOF,0
TR-008653,TR-C01438,2023-10-19,0,central,1,weighted,0.027023782299912463,LIVE,OOF,0
TR-009511,TR-C01782,2023-10-19,0,central,1,weighted,0.46965791772585963,LIVE,OOF,0
TR-001065,TR-C06009,2023-10-20,0,other,1,weighted,0.4223966992116944,LIVE,OOF,0
TR-001152,TR-C06265,2023-10-20,0,other,1,weighted,0.5388394392605497,LIVE,OOF,0
TR-002654,TR-C01601,2023-10-20,0,eastern,1,weighted,0.11552067694294951,LIVE,OOF,0
TR-004151,TR-C02003,2023-10-20,0,other,1,weighted,0.39868577929779137,LIVE,OOF,0
TR-004398,TR-C05825,2023-10-20,0,central,1,weighted,0.03916717240891681,LIVE,OOF,0
TR-005518,TR-C00876,2023-10-20,0,central,1,weighted,0.09116985702115737,LIVE,OOF,0
TR-007076,TR-C00460,2023-10-20,1,eastern,1,weighted,0.20283240781322268,LIVE,OOF,0
TR-007851,TR-C05644,2023-10-20,0,other,1,weighted,0.18595388843689245,LIVE,OOF,0
TR-007993,TR-C03668,2023-10-20,0,eastern,1,weighted,0.11229208959007629,LIVE,OOF,0
TR-001919,TR-C01108,2023-10-21,0,western,1,weighted,0.2815649169711709,LIVE,OOF,0
TR-004305,TR-C06335,2023-10-21,0,eastern,1,weighted,0.03368600525982932,LIVE,OOF,0
TR-006573,TR-C00354,2023-10-21,0,western,1,weighted,0.29008862420993065,LIVE,OOF,0
TR-007737,TR-C03412,2023-10-21,0,central,1,weighted,0.01350320232961642,LIVE,OOF,0
TR-008952,TR-C02384,2023-10-21,0,central,1,weighted,0.1222773552518465,LIVE,OOF,0
TR-002232,TR-C01779,2023-10-22,0,other,1,weighted,0.7500527688524236,LIVE,OOF,1
TR-003762,TR-C05278,2023-10-22,0,western,1,weighted,0.2910900300090986,LIVE,OOF,0
TR-004329,TR-C03592,2023-10-22,0,other,1,weighted,0.29432839385236587,LIVE,OOF,0
TR-004347,TR-C03012,2023-10-22,0,western,1,weighted,0.27060793802589256,LIVE,OOF,0
TR-004499,TR-C04394,2023-10-22,0,eastern,1,weighted,0.019511155329057766,LIVE,OOF,0
TR-005450,TR-C05031,2023-10-22,0,western,1,weighted,0.5123210829938556,LIVE,OOF,0
TR-006285,TR-C03878,2023-10-22,0,other,1,weighted,0.1198756861565027,LIVE,OOF,0
TR-009188,TR-C06370,2023-10-22,0,eastern,1,weighted,0.055049017123314226,LIVE,OOF,0
TR-009497,TR-C05166,2023-10-22,0,central,1,weighted,0.7758307265767401,LIVE,OOF,1
TR-009553,TR-C02786,2023-10-22,1,other,1,weighted,0.762879455765549,LIVE,OOF,1
TR-009593,TR-C02340,2023-10-22,0,other,1,weighted,0.22637546540220652,LIVE,OOF,0
TR-000800,TR-C06220,2023-10-23,0,other,1,weighted,0.05970296551930158,LIVE,OOF,0
TR-003163,TR-C06113,2023-10-23,0,central,1,weighted,0.19434503748245988,LIVE,OOF,0
TR-003555,TR-C00251,2023-10-23,0,central,1,weighted,0.059480402443020185,LIVE,OOF,0
TR-003817,TR-C04515,2023-10-23,0,western,1,weighted,0.22939848762359785,LIVE,OOF,0
TR-003910,TR-C06473,2023-10-23,0,eastern,1,weighted,0.09693702279683847,LIVE,OOF,0
TR-005781,TR-C05639,2023-10-23,0,central,1,weighted,0.8171244251393645,LIVE,OOF,1
TR-009163,TR-C01827,2023-10-23,0,eastern,1,weighted,0.46201583234289806,LIVE,OOF,0
TR-001353,TR-C04838,2023-10-24,0,other,1,weighted,0.646131955582718,LIVE,OOF,0
TR-002700,TR-C01630,2023-10-24,0,eastern,1,weighted,0.21023605694303935,LIVE,OOF,0
TR-003946,TR-C05289,2023-10-24,0,eastern,1,weighted,0.8275629062484612,LIVE,OOF,1
TR-004160,TR-C00804,2023-10-24,0,central,1,weighted,0.8517128029768402,LIVE,OOF,1
TR-006229,TR-C02916,2023-10-24,0,central,1,weighted,0.06321593949603223,LIVE,OOF,0
TR-007117,TR-C00930,2023-10-24,0,western,1,weighted,0.7319999471114452,LIVE,OOF,1
TR-009989,TR-C01214,2023-10-24,1,central,1,weighted,0.22627356785814445,LIVE,OOF,0
TR-000424,TR-C04125,2023-10-25,0,central,1,weighted,0.6305355895961111,LIVE,OOF,0
TR-000495,TR-C02518,2023-10-25,1,eastern,1,weighted,0.6586645470095822,LIVE,OOF,1
TR-001304,TR-C05982,2023-10-25,0,eastern,1,weighted,0.06718566419879664,LIVE,OOF,0
TR-002538,TR-C00985,2023-10-25,0,western,1,weighted,0.040753962823831,LIVE,OOF,0
TR-003002,TR-C05083,2023-10-25,0,other,1,weighted,0.41270351131409605,LIVE,OOF,0
TR-003003,TR-C03981,2023-10-25,0,other,1,weighted,0.08499596380087972,LIVE,OOF,0
TR-003787,TR-C05845,2023-10-25,0,western,1,weighted,0.5766674103739917,LIVE,OOF,0
TR-004395,TR-C05295,2023-10-25,0,central,1,weighted,0.0683909468309141,LIVE,OOF,0
TR-005022,TR-C05847,2023-10-25,0,central,1,weighted,0.10304473347739021,LIVE,OOF,0
TR-005969,TR-C03856,2023-10-25,0,eastern,1,weighted,0.03413764011507219,LIVE,OOF,0
TR-008808,TR-C02434,2023-10-25,0,central,1,weighted,0.08792721563421303,LIVE,OOF,0
TR-009978,TR-C04786,2023-10-25,0,western,1,weighted,0.24473006246059092,LIVE,OOF,0
TR-003951,TR-C04942,2023-10-26,0,central,1,weighted,0.0658861267603501,LIVE,OOF,0
TR-004294,TR-C05742,2023-10-26,0,other,1,weighted,0.6371812831455562,LIVE,OOF,0
TR-004899,TR-C06378,2023-10-26,0,eastern,1,weighted,0.7267906300887466,LIVE,OOF,1
TR-005727,TR-C00897,2023-10-26,0,central,1,weighted,0.08470540753865101,LIVE,OOF,0
TR-006256,TR-C02081,2023-10-26,0,western,1,weighted,0.016553397126432078,LIVE,OOF,0
TR-007544,TR-C01300,2023-10-26,0,central,1,weighted,0.11325120054719152,LIVE,OOF,0
TR-001178,TR-C01652,2023-10-27,0,other,1,weighted,0.15890168502234817,LIVE,OOF,0
TR-001335,TR-C02355,2023-10-27,0,western,1,weighted,0.013803646099905071,LIVE,OOF,0
TR-001973,TR-C02095,2023-10-27,0,western,1,weighted,0.19618151060731856,LIVE,OOF,0
TR-003001,TR-C02621,2023-10-27,0,western,1,weighted,0.16266882417413012,LIVE,OOF,0
TR-003360,TR-C05094,2023-10-27,0,eastern,1,weighted,0.040524210531795196,LIVE,OOF,0
TR-004222,TR-C00858,2023-10-27,0,western,1,weighted,0.06796524664560898,LIVE,OOF,0
TR-006326,TR-C00108,2023-10-27,0,eastern,1,weighted,0.32178154750314747,LIVE,OOF,0
TR-008165,TR-C01052,2023-10-27,0,central,1,weighted,0.6043241108541468,LIVE,OOF,0
TR-009939,TR-C06370,2023-10-27,0,eastern,1,weighted,0.515998227120645,LIVE,OOF,0
TR-000376,TR-C00820,2023-10-28,0,central,1,weighted,0.015384980758133823,LIVE,OOF,0
TR-004745,TR-C01649,2023-10-28,0,central,1,weighted,0.8298163248129955,LIVE,OOF,1
TR-008188,TR-C03754,2023-10-28,0,central,1,weighted,0.20197933007482693,LIVE,OOF,0
TR-008821,TR-C02671,2023-10-28,0,eastern,1,weighted,0.19152804609170734,LIVE,OOF,0
TR-000955,TR-C05686,2023-10-29,0,other,1,weighted,0.010241888382294317,LIVE,OOF,0
TR-001119,TR-C03193,2023-10-29,0,central,1,weighted,0.461719819543689,LIVE,OOF,0
TR-001932,TR-C03349,2023-10-29,0,eastern,1,weighted,0.03178031358426529,LIVE,OOF,0
TR-002483,TR-C05039,2023-10-29,0,eastern,1,weighted,0.0719667196776562,LIVE,OOF,0
TR-002520,TR-C01093,2023-10-29,1,other,1,weighted,0.8688030459201805,LIVE,OOF,1
TR-003248,TR-C00606,2023-10-29,1,western,1,weighted,0.7727684475826964,LIVE,OOF,1
TR-003503,TR-C00692,2023-10-29,0,western,1,weighted,0.618322722008278,LIVE,OOF,0
TR-004540,TR-C04035,2023-10-29,1,eastern,1,weighted,0.47952970273014955,LIVE,OOF,0
TR-004934,TR-C04751,2023-10-29,0,central,1,weighted,0.4157459785058864,LIVE,OOF,0
TR-005389,TR-C03560,2023-10-29,0,central,1,weighted,0.2020191347272707,LIVE,OOF,0
TR-006564,TR-C03080,2023-10-29,0,western,1,weighted,0.046142483091368085,LIVE,OOF,0
TR-007085,TR-C01335,2023-10-29,0,central,1,weighted,0.01724143003513322,LIVE,OOF,0
TR-007535,TR-C02244,2023-10-29,0,western,1,weighted,0.06796222871148312,LIVE,OOF,0
TR-002346,TR-C02435,2023-10-30,0,other,1,weighted,0.13910894243436978,LIVE,OOF,0
TR-003074,TR-C02300,2023-10-30,0,central,1,weighted,0.05696915173587319,LIVE,OOF,0
TR-003437,TR-C00879,2023-10-30,0,other,1,weighted,0.3016737046640516,LIVE,OOF,0
TR-003824,TR-C03538,2023-10-30,0,eastern,1,weighted,0.12922106046739712,LIVE,OOF,0
TR-004159,TR-C06449,2023-10-30,0,other,1,weighted,0.2960976944640749,LIVE,OOF,0
TR-006043,TR-C01729,2023-10-30,0,western,1,weighted,0.20382449120569546,LIVE,OOF,0
TR-009720,TR-C02604,2023-10-30,0,eastern,1,weighted,0.6524435415931726,LIVE,OOF,0
TR-009956,TR-C03379,2023-10-30,0,western,1,weighted,0.021645003992234717,LIVE,OOF,0
TR-009970,TR-C05918,2023-10-30,0,eastern,1,weighted,0.1677104159600249,LIVE,OOF,0
TR-000713,TR-C05031,2023-10-31,0,western,1,weighted,0.08982174498283962,LIVE,OOF,0
TR-000897,TR-C02357,2023-10-31,0,eastern,1,weighted,0.03274420827815918,LIVE,OOF,0
TR-001663,TR-C04174,2023-10-31,0,other,1,weighted,0.43249076675682274,LIVE,OOF,0
TR-001795,TR-C05493,2023-10-31,0,western,1,weighted,0.013562235976448567,LIVE,OOF,0
TR-002940,TR-C03795,2023-10-31,0,other,1,weighted,0.04893505829144654,LIVE,OOF,0
TR-007195,TR-C04564,2023-10-31,1,eastern,1,weighted,0.8491306250511654,LIVE,OOF,1
TR-007249,TR-C06301,2023-10-31,0,central,1,weighted,0.014080213225976352,LIVE,OOF,0
TR-001424,TR-C00152,2023-11-01,0,western,1,weighted,0.04248382863263363,LIVE,OOF,0
TR-003584,TR-C04935,2023-11-01,0,western,1,weighted,0.16738746357122858,LIVE,OOF,0
TR-004212,TR-C00521,2023-11-01,0,central,1,weighted,0.38613806281942253,LIVE,OOF,0
TR-004502,TR-C06054,2023-11-01,0,western,1,weighted,0.390488438391968,LIVE,OOF,0
TR-009115,TR-C03046,2023-11-01,0,eastern,1,weighted,0.03084085956380312,LIVE,OOF,0
TR-009211,TR-C03101,2023-11-01,0,western,1,weighted,0.07165273286759037,LIVE,OOF,0
TR-009305,TR-C03163,2023-11-01,0,eastern,1,weighted,0.016295648306667455,LIVE,OOF,0
TR-009685,TR-C01365,2023-11-01,0,western,1,weighted,0.05504842421400339,LIVE,OOF,0
TR-000031,TR-C00884,2023-11-02,0,central,1,weighted,0.4933697652477707,LIVE,OOF,0
TR-001681,TR-C05590,2023-11-02,1,central,1,weighted,0.8132429646185099,LIVE,OOF,1
TR-001724,TR-C03591,2023-11-02,0,western,1,weighted,0.06747191492189761,LIVE,OOF,0
TR-002028,TR-C01082,2023-11-02,0,central,1,weighted,0.05783142843540327,LIVE,OOF,0
TR-002699,TR-C03749,2023-11-02,0,western,1,weighted,0.0555615635562664,LIVE,OOF,0
TR-005066,TR-C03907,2023-11-02,0,other,1,weighted,0.22740287905852977,LIVE,OOF,0
TR-005777,TR-C05202,2023-11-02,0,eastern,1,weighted,0.023179362808633863,LIVE,OOF,0
TR-006484,TR-C06238,2023-11-02,0,eastern,1,weighted,0.28861233654199075,LIVE,OOF,0
TR-007832,TR-C03828,2023-11-02,0,eastern,1,weighted,0.12266040581544495,LIVE,OOF,0
TR-009125,TR-C00866,2023-11-02,0,eastern,1,weighted,0.01912612334962742,LIVE,OOF,0
TR-000030,TR-C03597,2023-11-03,0,central,1,weighted,0.18767517748611404,LIVE,OOF,0
TR-000103,TR-C00555,2023-11-03,0,eastern,1,weighted,0.38376615384076684,LIVE,OOF,0
TR-001194,TR-C00125,2023-11-03,0,central,1,weighted,0.11411032418805728,LIVE,OOF,0
TR-001497,TR-C03165,2023-11-03,0,other,1,weighted,0.10516733853364663,LIVE,OOF,0
TR-001770,TR-C03401,2023-11-03,0,other,1,weighted,0.4767026890368501,LIVE,OOF,0
TR-001851,TR-C03434,2023-11-03,0,western,1,weighted,0.3703704759657825,LIVE,OOF,0
TR-001978,TR-C04475,2023-11-03,0,eastern,1,weighted,0.01567807997718039,LIVE,OOF,0
TR-002210,TR-C04825,2023-11-03,0,other,1,weighted,0.036796334990882265,LIVE,OOF,0
TR-002307,TR-C01082,2023-11-03,0,central,1,weighted,0.1412860785368307,LIVE,OOF,0
TR-003645,TR-C01061,2023-11-03,0,western,1,weighted,0.32462633379762346,LIVE,OOF,0
TR-005035,TR-C04641,2023-11-03,0,other,1,weighted,0.02199866136177996,LIVE,OOF,0
TR-007156,TR-C06388,2023-11-03,0,other,1,weighted,0.18477969368939828,LIVE,OOF,0
TR-008290,TR-C06160,2023-11-03,0,other,1,weighted,0.07897284554810541,LIVE,OOF,0
TR-000553,TR-C00162,2023-11-04,0,central,1,weighted,0.08427066576840966,LIVE,OOF,0
TR-002130,TR-C04908,2023-11-04,0,western,1,weighted,0.16086295712162094,LIVE,OOF,0
TR-004590,TR-C00589,2023-11-04,0,eastern,1,weighted,0.08221978755687234,LIVE,OOF,0
TR-005293,TR-C01522,2023-11-04,0,central,1,weighted,0.07561224994116993,LIVE,OOF,0
TR-007131,TR-C04371,2023-11-04,1,other,1,weighted,0.06680132547233736,LIVE,OOF,0
TR-007607,TR-C02639,2023-11-04,0,other,1,weighted,0.13210188882707852,LIVE,OOF,0
TR-009931,TR-C06133,2023-11-04,0,other,1,weighted,0.4562493500291187,LIVE,OOF,0
TR-000066,TR-C05280,2023-11-05,0,other,1,weighted,0.006720692357653451,LIVE,OOF,0
TR-001719,TR-C03727,2023-11-05,0,central,1,weighted,0.0846791141997817,LIVE,OOF,0
TR-001793,TR-C04565,2023-11-05,0,central,1,weighted,0.06884477113723295,LIVE,OOF,0
TR-003105,TR-C00041,2023-11-05,0,eastern,1,weighted,0.03660804198038032,LIVE,OOF,0
TR-003448,TR-C01228,2023-11-05,0,western,1,weighted,0.18916029045101806,LIVE,OOF,0
TR-003518,TR-C05139,2023-11-05,0,eastern,1,weighted,0.3109202541979512,LIVE,OOF,0
TR-004527,TR-C04980,2023-11-05,0,central,1,weighted,0.11546968234601684,LIVE,OOF,0
TR-005552,TR-C06412,2023-11-05,0,western,1,weighted,0.3098877678679774,LIVE,OOF,0
TR-007162,TR-C05596,2023-11-05,0,western,1,weighted,0.07165086905542513,LIVE,OOF,0
TR-007196,TR-C01205,2023-11-05,0,other,1,weighted,0.4820334989815712,LIVE,OOF,0
TR-007831,TR-C05684,2023-11-05,0,eastern,1,weighted,0.13076335628478727,LIVE,OOF,0
TR-001507,TR-C06476,2023-11-06,0,central,1,weighted,0.19446318267539478,LIVE,OOF,0
TR-002828,TR-C00042,2023-11-06,0,eastern,1,weighted,0.3128998139184902,LIVE,OOF,0
TR-005008,TR-C06028,2023-11-06,0,western,1,weighted,0.47885589032644127,LIVE,OOF,0
TR-009781,TR-C05005,2023-11-06,0,other,1,weighted,0.5726879956307396,LIVE,OOF,0
TR-000394,TR-C04780,2023-11-07,0,western,1,weighted,0.43362225360160916,LIVE,OOF,0
TR-002657,TR-C04629,2023-11-07,0,other,1,weighted,0.048508027770239014,LIVE,OOF,0
TR-003292,TR-C02424,2023-11-07,0,eastern,1,weighted,0.14219242508032323,LIVE,OOF,0
TR-003513,TR-C01663,2023-11-07,0,western,1,weighted,0.09403735351225531,LIVE,OOF,0
TR-004104,TR-C00029,2023-11-07,0,eastern,1,weighted,0.5075334855714764,LIVE,OOF,0
TR-004239,TR-C04296,2023-11-07,0,western,1,weighted,0.08191093921916737,LIVE,OOF,0
TR-004921,TR-C04044,2023-11-07,0,central,1,weighted,0.07567125953904348,LIVE,OOF,0
TR-005244,TR-C05647,2023-11-07,0,western,1,weighted,0.13517786822828382,LIVE,OOF,0
TR-007921,TR-C05650,2023-11-07,0,other,1,weighted,0.012335936121226633,LIVE,OOF,0
TR-000084,TR-C00678,2023-11-08,0,western,1,weighted,0.07832246946941458,LIVE,OOF,0
TR-000350,TR-C00694,2023-11-08,0,other,1,weighted,0.021148563329824982,LIVE,OOF,0
TR-003395,TR-C06272,2023-11-08,0,western,1,weighted,0.05074089707643694,LIVE,OOF,0
TR-004855,TR-C05651,2023-11-08,0,central,1,weighted,0.15037677308838585,LIVE,OOF,0
TR-005398,TR-C00295,2023-11-08,1,western,1,weighted,0.6020709180628402,LIVE,OOF,0
TR-008800,TR-C06420,2023-11-08,0,other,1,weighted,0.02592165063950635,LIVE,OOF,0
TR-008918,TR-C05555,2023-11-08,1,western,1,weighted,0.015492709408349601,LIVE,OOF,0
TR-001990,TR-C05209,2023-11-09,0,eastern,1,weighted,0.2598005948603197,LIVE,OOF,0
TR-002472,TR-C04621,2023-11-09,0,other,1,weighted,0.11606915224718255,LIVE,OOF,0
TR-003483,TR-C03447,2023-11-09,0,eastern,1,weighted,0.2558957155826793,LIVE,OOF,0
TR-004440,TR-C02809,2023-11-09,0,other,1,weighted,0.1778959250089698,LIVE,OOF,0
TR-008182,TR-C02572,2023-11-09,1,other,1,weighted,0.8988415051635342,LIVE,OOF,1
TR-008951,TR-C01107,2023-11-09,0,western,1,weighted,0.10624404149848135,LIVE,OOF,0
TR-008981,TR-C04758,2023-11-09,0,eastern,1,weighted,0.7703822059251563,LIVE,OOF,1
TR-000756,TR-C02660,2023-11-10,0,western,1,weighted,0.06643464556622558,LIVE,OOF,0
TR-000858,TR-C01333,2023-11-10,0,central,1,weighted,0.05936779707999036,LIVE,OOF,0
TR-002093,TR-C01943,2023-11-10,0,eastern,1,weighted,0.07067081865259668,LIVE,OOF,0
TR-002203,TR-C02064,2023-11-10,0,central,1,weighted,0.2917982889898392,LIVE,OOF,0
TR-002501,TR-C01197,2023-11-10,0,eastern,1,weighted,0.11431362796841613,LIVE,OOF,0
TR-003702,TR-C03410,2023-11-10,0,eastern,1,weighted,0.008582802625128581,LIVE,OOF,0
TR-007233,TR-C02868,2023-11-10,0,eastern,1,weighted,0.0509027982112552,LIVE,OOF,0
TR-007286,TR-C04834,2023-11-10,0,western,1,weighted,0.3434882947910735,LIVE,OOF,0
TR-007694,TR-C00238,2023-11-10,0,central,1,weighted,0.04188505746392206,LIVE,OOF,0
TR-000077,TR-C01140,2023-11-11,0,western,1,weighted,0.06078576870569709,LIVE,OOF,0
TR-001741,TR-C05402,2023-11-11,0,western,1,weighted,0.05684341226735202,LIVE,OOF,0
TR-002687,TR-C02711,2023-11-11,0,other,1,weighted,0.014433092894299724,LIVE,OOF,0
TR-003925,TR-C03817,2023-11-11,0,eastern,1,weighted,0.4042255308363768,LIVE,OOF,0
TR-004248,TR-C00239,2023-11-11,0,central,1,weighted,0.0959816397728007,LIVE,OOF,0
TR-004683,TR-C01156,2023-11-11,0,eastern,1,weighted,0.25485527730545454,LIVE,OOF,0
TR-006074,TR-C02402,2023-11-11,0,western,1,weighted,0.7967471273035597,LIVE,OOF,1
TR-009518,TR-C01087,2023-11-11,0,western,1,weighted,0.43043416068154433,LIVE,OOF,0
TR-000764,TR-C05054,2023-11-12,0,western,1,weighted,0.04159369959012418,LIVE,OOF,0
TR-002751,TR-C02252,2023-11-12,1,other,1,weighted,0.11857398390064937,LIVE,OOF,0
TR-002764,TR-C02581,2023-11-12,0,eastern,1,weighted,0.052085844806957486,LIVE,OOF,0
TR-003274,TR-C04188,2023-11-12,0,eastern,1,weighted,0.16895309825313368,LIVE,OOF,0
TR-003873,TR-C01106,2023-11-12,0,western,1,weighted,0.3252447183723869,LIVE,OOF,0
TR-005455,TR-C01411,2023-11-12,1,western,1,weighted,0.5713734185090914,LIVE,OOF,0
TR-005580,TR-C02940,2023-11-12,0,eastern,1,weighted,0.5493648936182726,LIVE,OOF,0
TR-006929,TR-C03853,2023-11-12,0,other,1,weighted,0.288265726967301,LIVE,OOF,0
TR-007576,TR-C06258,2023-11-12,0,western,1,weighted,0.01769168698776934,LIVE,OOF,0
TR-009691,TR-C04658,2023-11-12,0,other,1,weighted,0.025685663217387553,LIVE,OOF,0
TR-002958,TR-C03660,2023-11-13,0,eastern,1,weighted,0.0334733187670918,LIVE,OOF,0
TR-003219,TR-C05034,2023-11-13,0,eastern,1,weighted,0.6306113741500131,LIVE,OOF,0
TR-003239,TR-C02874,2023-11-13,1,western,1,weighted,0.2632153502812248,LIVE,OOF,0
TR-003245,TR-C04621,2023-11-13,0,other,1,weighted,0.07953569358267083,LIVE,OOF,0
TR-003546,TR-C05661,2023-11-13,0,eastern,1,weighted,0.014539125693486848,LIVE,OOF,0
TR-004299,TR-C06447,2023-11-13,0,eastern,1,weighted,0.2810117106727381,LIVE,OOF,0
TR-005651,TR-C04838,2023-11-13,0,other,1,weighted,0.6188327921652597,LIVE,OOF,0
TR-008988,TR-C04603,2023-11-13,0,central,1,weighted,0.03532840603366748,LIVE,OOF,0
TR-009506,TR-C00694,2023-11-13,0,other,1,weighted,0.11682235140935522,LIVE,OOF,0
TR-000137,TR-C02178,2023-11-14,0,western,1,weighted,0.09949587927166693,LIVE,OOF,0
TR-002299,TR-C05305,2023-11-14,0,other,1,weighted,0.09360948046557001,LIVE,OOF,0
TR-002536,TR-C04971,2023-11-14,0,eastern,1,weighted,0.22347460304728142,LIVE,OOF,0
TR-002641,TR-C03079,2023-11-14,1,central,1,weighted,0.5388323240225021,LIVE,OOF,0
TR-002892,TR-C04115,2023-11-14,0,eastern,1,weighted,0.04009258448518055,LIVE,OOF,0
TR-003721,TR-C01456,2023-11-14,0,other,1,weighted,0.2581788957905022,LIVE,OOF,0
TR-003771,TR-C00298,2023-11-14,1,eastern,1,weighted,0.46633514480525434,LIVE,OOF,0
TR-004062,TR-C00545,2023-11-14,0,central,1,weighted,0.023933975682399567,LIVE,OOF,0
TR-005916,TR-C06199,2023-11-14,0,western,1,weighted,0.16726697574464297,LIVE,OOF,0
TR-006173,TR-C05890,2023-11-14,0,eastern,1,weighted,0.7678285466424628,LIVE,OOF,1
TR-007550,TR-C02722,2023-11-14,0,other,1,weighted,0.017782242609773607,LIVE,OOF,0
TR-008566,TR-C06423,2023-11-14,0,other,1,weighted,0.5151666620177783,LIVE,OOF,0
TR-008625,TR-C05768,2023-11-14,1,eastern,1,weighted,0.46253607467716373,LIVE,OOF,0
TR-000244,TR-C01510,2023-11-15,0,western,1,weighted,0.03008952103279693,LIVE,OOF,0
TR-000962,TR-C00378,2023-11-15,0,central,1,weighted,0.2350255775271135,LIVE,OOF,0
TR-001199,TR-C06334,2023-11-15,0,eastern,1,weighted,0.13021531385692742,LIVE,OOF,0
TR-002048,TR-C04565,2023-11-15,0,central,1,weighted,0.07086008034675546,LIVE,OOF,0
TR-004787,TR-C01718,2023-11-15,0,central,1,weighted,0.40729534640858156,LIVE,OOF,0
TR-005108,TR-C02757,2023-11-15,0,other,1,weighted,0.7242265444441528,LIVE,OOF,1
TR-005160,TR-C03649,2023-11-15,0,central,1,weighted,0.023086028762256676,LIVE,OOF,0
TR-005841,TR-C04164,2023-11-15,0,western,1,weighted,0.10558007328062419,LIVE,OOF,0
TR-006330,TR-C03813,2023-11-15,0,eastern,1,weighted,0.09057288646238243,LIVE,OOF,0
TR-006667,TR-C01397,2023-11-15,0,other,1,weighted,0.25641831760976175,LIVE,OOF,0
TR-007894,TR-C01294,2023-11-15,0,other,1,weighted,0.10347566088545712,LIVE,OOF,0
TR-007895,TR-C04485,2023-11-15,1,other,1,weighted,0.1204827224602262,LIVE,OOF,0
TR-008094,TR-C01155,2023-11-15,0,central,1,weighted,0.16135160614601873,LIVE,OOF,0
TR-009753,TR-C01324,2023-11-15,0,other,1,weighted,0.04280880888641061,LIVE,OOF,0
TR-000081,TR-C03653,2023-11-16,0,central,1,weighted,0.05841717931099062,LIVE,OOF,0
TR-001135,TR-C03765,2023-11-16,0,eastern,1,weighted,0.11692164173407005,LIVE,OOF,0
TR-002035,TR-C03579,2023-11-16,0,eastern,1,weighted,0.09910294979983272,LIVE,OOF,0
TR-004927,TR-C05907,2023-11-16,1,western,1,weighted,0.6851985709675719,LIVE,OOF,1
TR-008420,TR-C00520,2023-11-16,0,eastern,1,weighted,0.0559402123632811,LIVE,OOF,0
TR-008976,TR-C05975,2023-11-16,0,eastern,1,weighted,0.4964219420566642,LIVE,OOF,0
TR-003663,TR-C01413,2023-11-17,0,western,1,weighted,0.028069287792270418,LIVE,OOF,0
TR-003786,TR-C05116,2023-11-17,0,other,1,weighted,0.077552964827113,LIVE,OOF,0
TR-004531,TR-C03241,2023-11-17,0,eastern,1,weighted,0.028178698277650432,LIVE,OOF,0
TR-004560,TR-C04358,2023-11-17,0,central,1,weighted,0.2770226347520025,LIVE,OOF,0
TR-006539,TR-C03619,2023-11-17,0,other,1,weighted,0.2670213874791429,LIVE,OOF,0
TR-008904,TR-C05663,2023-11-17,0,eastern,1,weighted,0.17045530924246274,LIVE,OOF,0
TR-009189,TR-C01769,2023-11-17,0,eastern,1,weighted,0.7216865585293468,LIVE,OOF,1
TR-009982,TR-C04517,2023-11-17,0,other,1,weighted,0.018149746892715698,LIVE,OOF,0
TR-001675,TR-C02573,2023-11-18,0,other,1,weighted,0.0555738242981457,LIVE,OOF,0
TR-002795,TR-C00091,2023-11-18,0,central,1,weighted,0.07025353774879053,LIVE,OOF,0
TR-003834,TR-C03467,2023-11-18,0,eastern,1,weighted,0.15478606044227644,LIVE,OOF,0
TR-005547,TR-C03195,2023-11-18,0,western,1,weighted,0.0969769587806831,LIVE,OOF,0
TR-006204,TR-C00282,2023-11-18,0,eastern,1,weighted,0.25565406544828573,LIVE,OOF,0
TR-007787,TR-C04939,2023-11-18,0,central,1,weighted,0.17247263234778148,LIVE,OOF,0
TR-008838,TR-C00917,2023-11-18,0,western,1,weighted,0.08680915324782008,LIVE,OOF,0
TR-009159,TR-C06178,2023-11-18,0,other,1,weighted,0.031967730687253886,LIVE,OOF,0
TR-009452,TR-C01617,2023-11-18,0,central,1,weighted,0.1125211279669794,LIVE,OOF,0
TR-000569,TR-C05549,2023-11-19,0,other,1,weighted,0.08712852447596112,LIVE,OOF,0
TR-002332,TR-C04952,2023-11-19,0,central,1,weighted,0.2269617745589136,LIVE,OOF,0
TR-006154,TR-C01177,2023-11-19,0,central,1,weighted,0.3474399748237673,LIVE,OOF,0
TR-007337,TR-C06471,2023-11-19,0,other,1,weighted,0.1774896790214529,LIVE,OOF,0
TR-000685,TR-C04077,2023-11-20,1,eastern,1,weighted,0.6469888011335782,LIVE,OOF,0
TR-002285,TR-C05664,2023-11-20,0,western,1,weighted,0.13735498694525622,LIVE,OOF,0
TR-002292,TR-C05713,2023-11-20,0,central,1,weighted,0.057464036596738564,LIVE,OOF,0
TR-002896,TR-C02125,2023-11-20,0,western,1,weighted,0.15587535033054647,LIVE,OOF,0
TR-003765,TR-C00857,2023-11-20,0,other,1,weighted,0.7768299145123542,LIVE,OOF,1
TR-006272,TR-C04609,2023-11-20,0,eastern,1,weighted,0.04049960262012723,LIVE,OOF,0
TR-006450,TR-C01175,2023-11-20,0,other,1,weighted,0.18390311983402388,LIVE,OOF,0
TR-008604,TR-C02249,2023-11-20,0,other,1,weighted,0.052684743524122,LIVE,OOF,0
TR-009135,TR-C00376,2023-11-20,0,other,1,weighted,0.06054905617329217,LIVE,OOF,0
TR-004617,TR-C00832,2023-11-21,0,eastern,1,weighted,0.8240138247575535,LIVE,OOF,1
TR-007507,TR-C03990,2023-11-21,0,central,1,weighted,0.7010441503098882,LIVE,OOF,1
TR-007695,TR-C05986,2023-11-21,0,western,1,weighted,0.22682864773806347,LIVE,OOF,0
TR-008565,TR-C00062,2023-11-21,1,other,1,weighted,0.3655128143443997,LIVE,OOF,0
TR-009065,TR-C02753,2023-11-21,0,eastern,1,weighted,0.3336042122682085,LIVE,OOF,0
TR-002024,TR-C00934,2023-11-22,0,western,1,weighted,0.005757214366624048,LIVE,OOF,0
TR-002842,TR-C03253,2023-11-22,0,other,1,weighted,0.15840360407278162,LIVE,OOF,0
TR-003923,TR-C05898,2023-11-22,1,central,1,weighted,0.8706022514704964,LIVE,OOF,1
TR-005214,TR-C03176,2023-11-22,0,western,1,weighted,0.2344527290869144,LIVE,OOF,0
TR-008735,TR-C04670,2023-11-22,0,eastern,1,weighted,0.0889347137656277,LIVE,OOF,0
TR-008884,TR-C02280,2023-11-22,0,other,1,weighted,0.17458972822039776,LIVE,OOF,0
TR-009216,TR-C05651,2023-11-22,0,central,1,weighted,0.04842896817421262,LIVE,OOF,0
TR-000761,TR-C03374,2023-11-23,0,western,1,weighted,0.7027234139510841,LIVE,OOF,1
TR-001800,TR-C00412,2023-11-23,0,other,1,weighted,0.07582998172873896,LIVE,OOF,0
TR-002049,TR-C04916,2023-11-23,0,central,1,weighted,0.7188680421283831,LIVE,OOF,1
TR-003222,TR-C04623,2023-11-23,0,eastern,1,weighted,0.11970524204001198,LIVE,OOF,0
TR-003979,TR-C00209,2023-11-23,0,other,1,weighted,0.06977057195512808,LIVE,OOF,0
TR-004322,TR-C01922,2023-11-23,0,western,1,weighted,0.038656040984169325,LIVE,OOF,0
TR-005085,TR-C05701,2023-11-23,0,other,1,weighted,0.4021182521328711,LIVE,OOF,0
TR-005277,TR-C03114,2023-11-23,0,central,1,weighted,0.2662779682460202,LIVE,OOF,0
TR-007424,TR-C01701,2023-11-23,0,other,1,weighted,0.2405564316721309,LIVE,OOF,0
TR-007556,TR-C00013,2023-11-23,0,eastern,1,weighted,0.618835506513544,LIVE,OOF,0
TR-008299,TR-C06473,2023-11-23,0,eastern,1,weighted,0.2165294687110333,LIVE,OOF,0
TR-000413,TR-C05385,2023-11-24,0,other,1,weighted,0.19442339727089294,LIVE,OOF,0
TR-001203,TR-C03824,2023-11-24,0,other,1,weighted,0.04061206602627848,LIVE,OOF,0
TR-003543,TR-C04890,2023-11-24,0,eastern,1,weighted,0.6503880967299663,LIVE,OOF,0
TR-005002,TR-C06278,2023-11-24,0,western,1,weighted,0.26121505853588056,LIVE,OOF,0
TR-005017,TR-C00687,2023-11-24,0,western,1,weighted,0.03906341965266743,LIVE,OOF,0
TR-005408,TR-C03088,2023-11-24,0,other,1,weighted,0.28466492326723264,LIVE,OOF,0
TR-005569,TR-C02613,2023-11-24,0,other,1,weighted,0.016387272996432042,LIVE,OOF,0
TR-005912,TR-C03831,2023-11-24,0,western,1,weighted,0.11159597459068923,LIVE,OOF,0
TR-007317,TR-C02629,2023-11-24,0,other,1,weighted,0.16113199607253711,LIVE,OOF,0
TR-008801,TR-C02974,2023-11-24,0,other,1,weighted,0.26674654369434647,LIVE,OOF,0
TR-008966,TR-C02880,2023-11-24,0,eastern,1,weighted,0.045267758469704635,LIVE,OOF,0
TR-001462,TR-C05849,2023-11-25,0,western,1,weighted,0.20854992180182141,LIVE,OOF,0
TR-002353,TR-C05440,2023-11-25,1,western,1,weighted,0.17715686653674598,LIVE,OOF,0
TR-004052,TR-C01549,2023-11-25,0,eastern,1,weighted,0.032648448360364554,LIVE,OOF,0
TR-005675,TR-C01312,2023-11-25,0,central,1,weighted,0.03423229125760244,LIVE,OOF,0
TR-005795,TR-C02503,2023-11-25,0,western,1,weighted,0.35104359259079876,LIVE,OOF,0
TR-008820,TR-C02688,2023-11-25,0,central,1,weighted,0.1375673321173903,LIVE,OOF,0
TR-003726,TR-C02075,2023-11-26,0,other,1,weighted,0.3046616203646627,LIVE,OOF,0
TR-005005,TR-C05292,2023-11-26,0,eastern,1,weighted,0.6776056882961324,LIVE,OOF,1
TR-005426,TR-C03638,2023-11-26,0,western,1,weighted,0.24239820365932743,LIVE,OOF,0
TR-005824,TR-C04143,2023-11-26,0,western,1,weighted,0.06972609997464507,LIVE,OOF,0
TR-009121,TR-C00730,2023-11-26,0,central,1,weighted,0.12731327887636879,LIVE,OOF,0
TR-009316,TR-C01842,2023-11-26,0,central,1,weighted,0.008325534735096571,LIVE,OOF,0
TR-000078,TR-C02378,2023-11-27,0,other,1,weighted,0.11490157079832881,LIVE,OOF,0
TR-001738,TR-C05813,2023-11-27,0,other,1,weighted,0.16810936487431283,LIVE,OOF,0
TR-002603,TR-C02480,2023-11-27,0,eastern,1,weighted,0.02991124395539312,LIVE,OOF,0
TR-005295,TR-C03850,2023-11-27,0,western,1,weighted,0.015172320309033052,LIVE,OOF,0
TR-006193,TR-C00704,2023-11-27,0,other,1,weighted,0.23608608116335097,LIVE,OOF,0
TR-007190,TR-C02368,2023-11-27,0,central,1,weighted,0.09061356649119713,LIVE,OOF,0
TR-007315,TR-C02098,2023-11-27,1,central,1,weighted,0.9069743317987642,LIVE,OOF,1
TR-007674,TR-C01148,2023-11-27,0,eastern,1,weighted,0.035391257737956046,LIVE,OOF,0
TR-008559,TR-C01941,2023-11-27,1,eastern,1,weighted,0.7603951072490487,LIVE,OOF,1
TR-009007,TR-C06365,2023-11-27,0,western,1,weighted,0.34698265925691535,LIVE,OOF,0
TR-001394,TR-C05738,2023-11-28,0,western,1,weighted,0.031245634335259138,LIVE,OOF,0
TR-001953,TR-C04998,2023-11-28,1,central,1,weighted,0.26096802482632925,LIVE,OOF,0
TR-003318,TR-C04420,2023-11-28,0,other,1,weighted,0.2147295691107642,LIVE,OOF,0
TR-005514,TR-C03946,2023-11-28,0,western,1,weighted,0.08432564586895394,LIVE,OOF,0
TR-006843,TR-C02493,2023-11-28,0,western,1,weighted,0.2623215008198556,LIVE,OOF,0
TR-008029,TR-C01340,2023-11-28,0,other,1,weighted,0.03668303621813136,LIVE,OOF,0
TR-000663,TR-C03152,2023-11-29,0,western,1,weighted,0.130174675048181,LIVE,OOF,0
TR-001216,TR-C02445,2023-11-29,0,other,1,weighted,0.754117418761592,LIVE,OOF,1
TR-001388,TR-C03359,2023-11-29,0,other,1,weighted,0.06392559938331056,LIVE,OOF,0
TR-002057,TR-C03730,2023-11-29,0,other,1,weighted,0.33470775104484085,LIVE,OOF,0
TR-005478,TR-C03074,2023-11-29,0,other,1,weighted,0.045679152854639596,LIVE,OOF,0
TR-005800,TR-C00684,2023-11-29,1,central,1,weighted,0.3428951247706399,LIVE,OOF,0
TR-006085,TR-C00422,2023-11-29,0,other,1,weighted,0.033502107682515506,LIVE,OOF,0
TR-006931,TR-C05036,2023-11-29,1,other,1,weighted,0.5341093792292967,LIVE,OOF,0
TR-006989,TR-C04093,2023-11-29,0,eastern,1,weighted,0.015582275249632106,LIVE,OOF,0
TR-000149,TR-C00363,2023-11-30,0,central,1,weighted,0.23235680752870014,LIVE,OOF,0
TR-000778,TR-C05419,2023-11-30,0,eastern,1,weighted,0.2077135015098488,LIVE,OOF,0
TR-002997,TR-C00794,2023-11-30,0,central,1,weighted,0.26116182822022754,LIVE,OOF,0
TR-003445,TR-C05060,2023-11-30,0,western,1,weighted,0.16926497994756937,LIVE,OOF,0
TR-004128,TR-C00717,2023-11-30,0,eastern,1,weighted,0.4455025821466961,LIVE,OOF,0
TR-004265,TR-C05523,2023-11-30,0,other,1,weighted,0.6758774363136456,LIVE,OOF,1
TR-006531,TR-C01153,2023-11-30,0,eastern,1,weighted,0.4117431715151746,LIVE,OOF,0
TR-006909,TR-C03154,2023-11-30,0,western,1,weighted,0.17207960591795327,LIVE,OOF,0
TR-007833,TR-C02811,2023-11-30,0,central,1,weighted,0.0467617489527087,LIVE,OOF,0
TR-009878,TR-C01552,2023-11-30,0,central,1,weighted,0.026998447707168922,LIVE,OOF,0
TR-000194,TR-C02588,2023-12-01,0,eastern,1,weighted,0.020901244748246495,LIVE,OOF,0
TR-000765,TR-C00016,2023-12-01,0,eastern,1,weighted,0.11425550282921733,LIVE,OOF,0
TR-002204,TR-C01874,2023-12-01,0,central,1,weighted,0.011770221837315159,LIVE,OOF,0
TR-002901,TR-C05353,2023-12-01,0,western,1,weighted,0.7404361056835267,LIVE,OOF,1
TR-003375,TR-C00452,2023-12-01,0,western,1,weighted,0.01107756540740303,LIVE,OOF,0
TR-003381,TR-C01606,2023-12-01,0,eastern,1,weighted,0.34676911659657705,LIVE,OOF,0
TR-005310,TR-C01499,2023-12-01,0,western,1,weighted,0.4048080840527855,LIVE,OOF,0
TR-006766,TR-C01384,2023-12-01,0,eastern,1,weighted,0.6237742799397746,LIVE,OOF,0
TR-006911,TR-C05823,2023-12-01,0,western,1,weighted,0.12320346806664366,LIVE,OOF,0
TR-006928,TR-C02466,2023-12-01,0,central,1,weighted,0.05119485199802352,LIVE,OOF,0
TR-009062,TR-C02217,2023-12-01,0,central,1,weighted,0.018526415976740877,LIVE,OOF,0
TR-001117,TR-C03899,2023-12-02,0,other,1,weighted,0.10744388482098507,LIVE,OOF,0
TR-002250,TR-C01411,2023-12-02,0,western,1,weighted,0.42090601448329706,LIVE,OOF,0
TR-003121,TR-C00219,2023-12-02,0,other,1,weighted,0.20511074964185,LIVE,OOF,0
TR-003297,TR-C02426,2023-12-02,0,western,1,weighted,0.02894384150190872,LIVE,OOF,0
TR-004822,TR-C05334,2023-12-02,0,western,1,weighted,0.6902145948780496,LIVE,OOF,1
TR-006597,TR-C01951,2023-12-02,0,western,1,weighted,0.6574976300963958,LIVE,OOF,0
TR-007172,TR-C03584,2023-12-02,0,other,1,weighted,0.09081610205336134,LIVE,OOF,0
TR-008521,TR-C00207,2023-12-02,0,central,1,weighted,0.2538207445973556,LIVE,OOF,0
TR-009093,TR-C02893,2023-12-02,0,eastern,1,weighted,0.410841008334192,LIVE,OOF,0
TR-009107,TR-C01594,2023-12-02,0,central,1,weighted,0.34209141129886,LIVE,OOF,0
TR-009123,TR-C02190,2023-12-02,0,western,1,weighted,0.04159013346966468,LIVE,OOF,0
TR-009366,TR-C03073,2023-12-02,0,central,1,weighted,0.03610183837261105,LIVE,OOF,0
TR-001630,TR-C02453,2023-12-03,0,western,1,weighted,0.08411959513485023,LIVE,OOF,0
TR-001683,TR-C02322,2023-12-03,0,central,1,weighted,0.6822650055221919,LIVE,OOF,1
TR-001967,TR-C03965,2023-12-03,0,western,1,weighted,0.018711403325114777,LIVE,OOF,0
TR-003962,TR-C02669,2023-12-03,0,eastern,1,weighted,0.064446218820034,LIVE,OOF,0
TR-004431,TR-C00354,2023-12-03,0,western,1,weighted,0.5815191616092629,LIVE,OOF,0
TR-004881,TR-C03054,2023-12-03,0,eastern,1,weighted,0.6743940266135375,LIVE,OOF,1
TR-006181,TR-C03807,2023-12-03,0,other,1,weighted,0.23268205691506194,LIVE,OOF,0
TR-006634,TR-C01261,2023-12-03,0,central,1,weighted,0.1520679162262542,LIVE,OOF,0
TR-007101,TR-C00604,2023-12-03,0,eastern,1,weighted,0.08078335983560522,LIVE,OOF,0
TR-007321,TR-C00428,2023-12-03,0,western,1,weighted,0.008687643738343803,LIVE,OOF,0
TR-007951,TR-C01619,2023-12-03,0,eastern,1,weighted,0.357658998282858,LIVE,OOF,0
TR-008256,TR-C04494,2023-12-03,0,other,1,weighted,0.21519684229763106,LIVE,OOF,0
TR-000702,TR-C04675,2023-12-04,0,western,1,weighted,0.19638199344085022,LIVE,OOF,0
TR-001047,TR-C06368,2023-12-04,0,western,1,weighted,0.0277482215237344,LIVE,OOF,0
TR-002643,TR-C01088,2023-12-04,0,western,1,weighted,0.15800576791540685,LIVE,OOF,0
TR-007467,TR-C06159,2023-12-04,0,western,1,weighted,0.21041307471045337,LIVE,OOF,0
TR-007734,TR-C00245,2023-12-04,0,eastern,1,weighted,0.4148558904022586,LIVE,OOF,0
TR-009744,TR-C00595,2023-12-04,0,central,1,weighted,0.012495446274627309,LIVE,OOF,0
TR-000089,TR-C03010,2023-12-05,0,eastern,1,weighted,0.8630063387225613,LIVE,OOF,1
TR-000289,TR-C02399,2023-12-05,0,western,1,weighted,0.15741157991893323,LIVE,OOF,0
TR-000465,TR-C04855,2023-12-05,0,other,1,weighted,0.22538629423525844,LIVE,OOF,0
TR-000485,TR-C01454,2023-12-05,1,central,1,weighted,0.8790392503025451,LIVE,OOF,1
TR-002777,TR-C02294,2023-12-05,0,other,1,weighted,0.014592968558278923,LIVE,OOF,0
TR-003337,TR-C03907,2023-12-05,0,other,1,weighted,0.5234946563115023,LIVE,OOF,0
TR-004632,TR-C02151,2023-12-05,0,western,1,weighted,0.04447390831093198,LIVE,OOF,0
TR-005083,TR-C04313,2023-12-05,0,eastern,1,weighted,0.10987710378485775,LIVE,OOF,0
TR-006715,TR-C05858,2023-12-05,0,western,1,weighted,0.38453495388075865,LIVE,OOF,0
TR-009697,TR-C02058,2023-12-05,0,eastern,1,weighted,0.2018934515421214,LIVE,OOF,0
TR-000659,TR-C01381,2023-12-06,0,western,1,weighted,0.257120805173134,LIVE,OOF,0
TR-001766,TR-C01567,2023-12-06,0,other,1,weighted,0.36727892054735006,LIVE,OOF,0
TR-004582,TR-C00299,2023-12-06,0,eastern,1,weighted,0.11689212166564324,LIVE,OOF,0
TR-005803,TR-C00767,2023-12-06,0,eastern,1,weighted,0.3436775810180296,LIVE,OOF,0
TR-006818,TR-C03345,2023-12-06,0,eastern,1,weighted,0.2858535122188143,LIVE,OOF,0
TR-008482,TR-C01880,2023-12-06,0,central,1,weighted,0.11177077700276676,LIVE,OOF,0
TR-008985,TR-C02567,2023-12-06,0,central,1,weighted,0.025338318541123558,LIVE,OOF,0
TR-009279,TR-C03347,2023-12-06,0,central,1,weighted,0.014966140722330363,LIVE,OOF,0
TR-000129,TR-C02401,2023-12-07,0,eastern,1,weighted,0.07275560436658926,LIVE,OOF,0
TR-000262,TR-C03359,2023-12-07,0,other,1,weighted,0.3307440794076291,LIVE,OOF,0
TR-002116,TR-C01869,2023-12-07,0,western,1,weighted,0.3322832404998495,LIVE,OOF,0
TR-003250,TR-C02654,2023-12-07,0,central,1,weighted,0.12967372016092,LIVE,OOF,0
TR-007376,TR-C04793,2023-12-07,0,central,1,weighted,0.5876213573553171,LIVE,OOF,0
TR-007494,TR-C01982,2023-12-07,0,other,1,weighted,0.08654019276534107,LIVE,OOF,0
TR-008210,TR-C00250,2023-12-07,0,western,1,weighted,0.13292119352796775,LIVE,OOF,0
TR-009528,TR-C04707,2023-12-07,0,other,1,weighted,0.003964731988281026,LIVE,OOF,0
TR-001282,TR-C03016,2023-12-08,0,eastern,1,weighted,0.11781204590406597,LIVE,OOF,0
TR-001490,TR-C06209,2023-12-08,1,western,1,weighted,0.7407548459943315,LIVE,OOF,1
TR-001553,TR-C03711,2023-12-08,0,central,1,weighted,0.2613905889799668,LIVE,OOF,0
TR-002421,TR-C02951,2023-12-08,0,central,1,weighted,0.17283103818758133,LIVE,OOF,0
TR-004812,TR-C02861,2023-12-08,0,eastern,1,weighted,0.11194406382670931,LIVE,OOF,0
TR-008199,TR-C01452,2023-12-08,0,western,1,weighted,0.08172279273219307,LIVE,OOF,0
TR-008781,TR-C06245,2023-12-08,0,other,1,weighted,0.18053664949143589,LIVE,OOF,0
TR-009435,TR-C02907,2023-12-08,0,other,1,weighted,0.673602534240653,LIVE,OOF,1
TR-001671,TR-C01327,2023-12-09,0,eastern,1,weighted,0.05478020733699314,LIVE,OOF,0
TR-001763,TR-C03019,2023-12-09,0,western,1,weighted,0.2129103028670619,LIVE,OOF,0
TR-002217,TR-C00430,2023-12-09,0,other,1,weighted,0.10725290616688671,LIVE,OOF,0
TR-007325,TR-C04417,2023-12-09,0,western,1,weighted,0.7964980811493421,LIVE,OOF,1
TR-007393,TR-C05797,2023-12-09,0,western,1,weighted,0.06982778535614179,LIVE,OOF,0
TR-001255,TR-C06189,2023-12-10,1,eastern,1,weighted,0.15770410991054,LIVE,OOF,0
TR-002178,TR-C06176,2023-12-10,0,central,1,weighted,0.2632269362414445,LIVE,OOF,0
TR-004001,TR-C05881,2023-12-10,0,eastern,1,weighted,0.05246686422987296,LIVE,OOF,0
TR-004932,TR-C04658,2023-12-10,0,other,1,weighted,0.033220745271571914,LIVE,OOF,0
TR-006775,TR-C02240,2023-12-10,0,central,1,weighted,0.6234147722304704,LIVE,OOF,0
TR-007022,TR-C00963,2023-12-10,0,western,1,weighted,0.05039996424810877,LIVE,OOF,0
TR-008200,TR-C01918,2023-12-10,0,eastern,1,weighted,0.022709621647052293,LIVE,OOF,0
TR-008266,TR-C06041,2023-12-10,0,western,1,weighted,0.12412574517352319,LIVE,OOF,0
TR-008468,TR-C00294,2023-12-10,0,eastern,1,weighted,0.39905429464125425,LIVE,OOF,0
TR-008595,TR-C05277,2023-12-10,1,other,1,weighted,0.6141659700095536,LIVE,OOF,0
TR-009110,TR-C05393,2023-12-10,0,western,1,weighted,0.03288316736903103,LIVE,OOF,0
TR-000284,TR-C05472,2023-12-11,0,eastern,1,weighted,0.030158223113205974,LIVE,OOF,0
TR-001330,TR-C04244,2023-12-11,0,eastern,1,weighted,0.19458897433424338,LIVE,OOF,0
TR-001368,TR-C05204,2023-12-11,0,eastern,1,weighted,0.22482753107205308,LIVE,OOF,0
TR-003370,TR-C01973,2023-12-11,0,other,1,weighted,0.17153691296316176,LIVE,OOF,0
TR-006091,TR-C05551,2023-12-11,0,central,1,weighted,0.7352665550343132,LIVE,OOF,1
TR-006637,TR-C00562,2023-12-11,0,western,1,weighted,0.05841958048172904,LIVE,OOF,0
TR-006724,TR-C02165,2023-12-11,0,other,1,weighted,0.19878218899689626,LIVE,OOF,0
TR-007246,TR-C01318,2023-12-11,0,western,1,weighted,0.37688372083098265,LIVE,OOF,0
TR-009056,TR-C05160,2023-12-11,0,central,1,weighted,0.037288628891177275,LIVE,OOF,0
TR-009223,TR-C03950,2023-12-11,0,central,1,weighted,0.1159456516683578,LIVE,OOF,0
TR-003109,TR-C01396,2023-12-12,0,other,1,weighted,0.03604258164432673,LIVE,OOF,0
TR-004364,TR-C04045,2023-12-12,0,other,1,weighted,0.025928704566749387,LIVE,OOF,0
TR-004584,TR-C05580,2023-12-12,0,other,1,weighted,0.3885115878495298,LIVE,OOF,0
TR-005535,TR-C03376,2023-12-12,0,western,1,weighted,0.11746496636507243,LIVE,OOF,0
TR-006320,TR-C02842,2023-12-12,0,other,1,weighted,0.32103644119847907,LIVE,OOF,0
TR-007747,TR-C00407,2023-12-12,0,western,1,weighted,0.11182393794953532,LIVE,OOF,0
TR-008065,TR-C02058,2023-12-12,0,eastern,1,weighted,0.17105055553977688,LIVE,OOF,0
TR-008106,TR-C01013,2023-12-12,0,eastern,1,weighted,0.8734070724131674,LIVE,OOF,1
TR-008756,TR-C04666,2023-12-12,0,western,1,weighted,0.02940198757149081,LIVE,OOF,0
TR-000627,TR-C04069,2023-12-13,0,eastern,1,weighted,0.07005563168027105,LIVE,OOF,0
TR-000716,TR-C02481,2023-12-13,0,western,1,weighted,0.427403162427169,LIVE,OOF,0
TR-001033,TR-C02328,2023-12-13,0,central,1,weighted,0.09876301756618495,LIVE,OOF,0
TR-001857,TR-C01332,2023-12-13,0,central,1,weighted,0.1914013157134688,LIVE,OOF,0
TR-002331,TR-C01023,2023-12-13,0,other,1,weighted,0.44436619355321316,LIVE,OOF,0
TR-002367,TR-C04909,2023-12-13,0,other,1,weighted,0.8024945980692134,LIVE,OOF,1
TR-002391,TR-C04909,2023-12-13,0,other,1,weighted,0.29276534518229924,LIVE,OOF,0
TR-003167,TR-C05546,2023-12-13,1,eastern,1,weighted,0.17315214601028192,LIVE,OOF,0
TR-004758,TR-C04897,2023-12-13,0,central,1,weighted,0.326166458681648,LIVE,OOF,0
TR-005885,TR-C01656,2023-12-13,0,eastern,1,weighted,0.03404909184165416,LIVE,OOF,0
TR-007853,TR-C04114,2023-12-13,0,other,1,weighted,0.18634924919149007,LIVE,OOF,0
TR-007902,TR-C02226,2023-12-13,0,eastern,1,weighted,0.21827081369958765,LIVE,OOF,0
TR-008715,TR-C02879,2023-12-13,0,other,1,weighted,0.1438873063287137,LIVE,OOF,0
TR-002373,TR-C02054,2023-12-14,0,western,1,weighted,0.2485075952718285,LIVE,OOF,0
TR-003154,TR-C01535,2023-12-14,0,other,1,weighted,0.415370719976727,LIVE,OOF,0
TR-003364,TR-C03673,2023-12-14,0,central,1,weighted,0.2886466634758653,LIVE,OOF,0
TR-003709,TR-C04818,2023-12-14,0,western,1,weighted,0.11887493372052808,LIVE,OOF,0
TR-004764,TR-C01643,2023-12-14,0,western,1,weighted,0.13907628506017156,LIVE,OOF,0
TR-005294,TR-C05506,2023-12-14,0,western,1,weighted,0.15918543519639,LIVE,OOF,0
TR-005778,TR-C04649,2023-12-14,0,central,1,weighted,0.06955663980401479,LIVE,OOF,0
TR-006496,TR-C01467,2023-12-14,0,central,1,weighted,0.5195206360593839,LIVE,OOF,0
TR-000049,TR-C01039,2023-12-15,0,other,1,weighted,0.5901252242252385,LIVE,OOF,0
TR-001258,TR-C00715,2023-12-15,0,central,1,weighted,0.18516778781598836,LIVE,OOF,0
TR-003933,TR-C01696,2023-12-15,0,central,1,weighted,0.1586774449934911,LIVE,OOF,0
TR-005339,TR-C04620,2023-12-15,0,eastern,1,weighted,0.12967062792583067,LIVE,OOF,0
TR-008568,TR-C01341,2023-12-15,0,eastern,1,weighted,0.07505827405837759,LIVE,OOF,0
TR-009924,TR-C04990,2023-12-15,0,western,1,weighted,0.13425406630402853,LIVE,OOF,0
TR-000116,TR-C00166,2023-12-16,0,central,1,weighted,0.021316562148487702,LIVE,OOF,0
TR-000744,TR-C01608,2023-12-16,0,central,1,weighted,0.13992849986368758,LIVE,OOF,0
TR-001589,TR-C06320,2023-12-16,0,western,1,weighted,0.13817792645332788,LIVE,OOF,0
TR-001596,TR-C02359,2023-12-16,0,eastern,1,weighted,0.06472615818425174,LIVE,OOF,0
TR-002481,TR-C02021,2023-12-16,0,central,1,weighted,0.07981131657947826,LIVE,OOF,0
TR-002920,TR-C01944,2023-12-16,0,central,1,weighted,0.013983494166275773,LIVE,OOF,0
TR-003044,TR-C05591,2023-12-16,0,eastern,1,weighted,0.021872954488139824,LIVE,OOF,0
TR-004254,TR-C00104,2023-12-16,0,other,1,weighted,0.1731898055910488,LIVE,OOF,0
TR-004924,TR-C05943,2023-12-16,0,eastern,1,weighted,0.029170876084728528,LIVE,OOF,0
TR-000272,TR-C04266,2023-12-17,0,other,1,weighted,0.19302058216175846,LIVE,OOF,0
TR-000936,TR-C06173,2023-12-17,0,central,1,weighted,0.49591230912074974,LIVE,OOF,0
TR-001915,TR-C03366,2023-12-17,0,central,1,weighted,0.11975445994573593,LIVE,OOF,0
TR-004228,TR-C05218,2023-12-17,0,central,1,weighted,0.18195502767494148,LIVE,OOF,0
TR-008192,TR-C02112,2023-12-17,0,central,1,weighted,0.08206203662273213,LIVE,OOF,0
TR-008382,TR-C05360,2023-12-17,0,central,1,weighted,0.05101582549716973,LIVE,OOF,0
TR-009467,TR-C06314,2023-12-17,0,eastern,1,weighted,0.6527446428199418,LIVE,OOF,0
TR-000088,TR-C03345,2023-12-18,0,eastern,1,weighted,0.027794571755449294,LIVE,OOF,0
TR-001197,TR-C04417,2023-12-18,0,western,1,weighted,0.29411378027637114,LIVE,OOF,0
TR-001807,TR-C03004,2023-12-18,0,western,1,weighted,0.01783191309256556,LIVE,OOF,0
TR-001887,TR-C06214,2023-12-18,0,eastern,1,weighted,0.39699960730769324,LIVE,OOF,0
TR-002417,TR-C03589,2023-12-18,0,eastern,1,weighted,0.0930096049690571,LIVE,OOF,0
TR-004466,TR-C00586,2023-12-18,0,eastern,1,weighted,0.04880336744536733,LIVE,OOF,0
TR-004763,TR-C05764,2023-12-18,0,eastern,1,weighted,0.20295208661857475,LIVE,OOF,0
TR-006635,TR-C02195,2023-12-18,0,western,1,weighted,0.05432388238809994,LIVE,OOF,0
TR-007248,TR-C04899,2023-12-18,0,western,1,weighted,0.03199336192296832,LIVE,OOF,0
TR-008701,TR-C02223,2023-12-18,0,other,1,weighted,0.013714950278969209,LIVE,OOF,0
TR-009515,TR-C06337,2023-12-18,0,eastern,1,weighted,0.070479529638087,LIVE,OOF,0
TR-001378,TR-C05508,2023-12-19,0,eastern,1,weighted,0.06185086011604708,LIVE,OOF,0
TR-003104,TR-C02170,2023-12-19,0,western,1,weighted,0.17442098133379133,LIVE,OOF,0
TR-003341,TR-C04925,2023-12-19,0,central,1,weighted,0.34641083561563857,LIVE,OOF,0
TR-006526,TR-C04722,2023-12-19,0,central,1,weighted,0.485896433870628,LIVE,OOF,0
TR-007436,TR-C03924,2023-12-19,0,western,1,weighted,0.09563386851236054,LIVE,OOF,0
TR-007903,TR-C03376,2023-12-19,0,western,1,weighted,0.1701472677489933,LIVE,OOF,0
TR-009660,TR-C01594,2023-12-19,0,central,1,weighted,0.5704352045289851,LIVE,OOF,0
TR-000378,TR-C02626,2023-12-20,0,eastern,1,weighted,0.7170121669989955,LIVE,OOF,1
TR-001313,TR-C02093,2023-12-20,0,western,1,weighted,0.7188156538347612,LIVE,OOF,1
TR-004435,TR-C03285,2023-12-20,0,western,1,weighted,0.12845560695013897,LIVE,OOF,0
TR-004596,TR-C00886,2023-12-20,1,other,1,weighted,0.11244904765320607,LIVE,OOF,0
TR-004710,TR-C04589,2023-12-20,0,western,1,weighted,0.24522083977440196,LIVE,OOF,0
TR-004821,TR-C03111,2023-12-20,1,western,1,weighted,0.24837228331936556,LIVE,OOF,0
TR-004875,TR-C05844,2023-12-20,1,other,1,weighted,0.9127232299709646,LIVE,OOF,1
TR-006804,TR-C03623,2023-12-20,0,other,1,weighted,0.11392484936959006,LIVE,OOF,0
TR-000219,TR-C05107,2023-12-21,0,western,1,weighted,0.4597993264476487,LIVE,OOF,0
TR-000312,TR-C03758,2023-12-21,0,central,1,weighted,0.23357759060439875,LIVE,OOF,0
TR-001584,TR-C04069,2023-12-21,0,eastern,1,weighted,0.07495633570867061,LIVE,OOF,0
TR-002456,TR-C05237,2023-12-21,0,central,1,weighted,0.042872372116167276,LIVE,OOF,0
TR-002758,TR-C02465,2023-12-21,0,eastern,1,weighted,0.051822302763255584,LIVE,OOF,0
TR-003310,TR-C00292,2023-12-21,0,western,1,weighted,0.5095509411741838,LIVE,OOF,0
TR-005676,TR-C00344,2023-12-21,0,eastern,1,weighted,0.45433986877300914,LIVE,OOF,0
TR-005831,TR-C04925,2023-12-21,0,central,1,weighted,0.10834738411610743,LIVE,OOF,0
TR-006114,TR-C02540,2023-12-21,0,other,1,weighted,0.1743381795885431,LIVE,OOF,0
TR-007079,TR-C01431,2023-12-21,0,central,1,weighted,0.5188363394980977,LIVE,OOF,0
TR-008018,TR-C00813,2023-12-21,0,eastern,1,weighted,0.2936128084297102,LIVE,OOF,0
TR-000068,TR-C06150,2023-12-22,0,other,1,weighted,0.4988714245778118,LIVE,OOF,0
TR-000620,TR-C03754,2023-12-22,0,central,1,weighted,0.21358016468588698,LIVE,OOF,0
TR-002606,TR-C01064,2023-12-22,0,western,1,weighted,0.32480775431915315,LIVE,OOF,0
TR-002653,TR-C04489,2023-12-22,0,western,1,weighted,0.6391595597679707,LIVE,OOF,0
TR-004426,TR-C03433,2023-12-22,0,central,1,weighted,0.16867155400241182,LIVE,OOF,0
TR-005602,TR-C02211,2023-12-22,0,central,1,weighted,0.09667014165536225,LIVE,OOF,0
TR-005680,TR-C02662,2023-12-22,0,other,1,weighted,0.03477364976997029,LIVE,OOF,0
TR-007035,TR-C03990,2023-12-22,0,central,1,weighted,0.4994365716439176,LIVE,OOF,0
TR-008929,TR-C04492,2023-12-22,0,central,1,weighted,0.22173276682289475,LIVE,OOF,0
TR-009015,TR-C05288,2023-12-22,1,eastern,1,weighted,0.24045951086240677,LIVE,OOF,0
TR-009393,TR-C05592,2023-12-22,0,other,1,weighted,0.24780704349779845,LIVE,OOF,0
TR-009694,TR-C04856,2023-12-22,0,central,1,weighted,0.019857445851055568,LIVE,OOF,0
TR-002205,TR-C03891,2023-12-23,0,other,1,weighted,0.06762476397263716,LIVE,OOF,0
TR-003330,TR-C01812,2023-12-23,0,other,1,weighted,0.6676458467885259,LIVE,OOF,1
TR-003464,TR-C05747,2023-12-23,0,other,1,weighted,0.05274068976412634,LIVE,OOF,0
TR-004010,TR-C00417,2023-12-23,0,other,1,weighted,0.503878215927297,LIVE,OOF,0
TR-004739,TR-C01123,2023-12-23,0,western,1,weighted,0.3269028515220436,LIVE,OOF,0
TR-004859,TR-C03563,2023-12-23,0,eastern,1,weighted,0.6416569007214757,LIVE,OOF,0
TR-005769,TR-C02754,2023-12-23,0,central,1,weighted,0.506713422301078,LIVE,OOF,0
TR-006375,TR-C00188,2023-12-23,0,western,1,weighted,0.03682489397342794,LIVE,OOF,0
TR-002808,TR-C06162,2023-12-24,0,other,1,weighted,0.01788322010314652,LIVE,OOF,0
TR-003988,TR-C02558,2023-12-24,0,western,1,weighted,0.037155202566167576,LIVE,OOF,0
TR-004918,TR-C02482,2023-12-24,0,other,1,weighted,0.03259671750419754,LIVE,OOF,0
TR-006759,TR-C01851,2023-12-24,0,western,1,weighted,0.6497533585334233,LIVE,OOF,0
TR-006879,TR-C00993,2023-12-24,1,central,1,weighted,0.38418521820145246,LIVE,OOF,0
TR-007126,TR-C03643,2023-12-24,0,western,1,weighted,0.43729016900463286,LIVE,OOF,0
TR-008670,TR-C05265,2023-12-24,0,eastern,1,weighted,0.2806851126979322,LIVE,OOF,0
TR-009732,TR-C00400,2023-12-24,0,western,1,weighted,0.09793858485486967,LIVE,OOF,0
TR-003650,TR-C00105,2023-12-25,0,central,1,weighted,0.24531327764497396,LIVE,OOF,0
TR-004555,TR-C02920,2023-12-25,0,eastern,1,weighted,0.593167668015812,LIVE,OOF,0
TR-005618,TR-C02802,2023-12-25,0,central,1,weighted,0.25992432539764326,LIVE,OOF,0
TR-008253,TR-C01700,2023-12-25,0,eastern,1,weighted,0.1918563843530504,LIVE,OOF,0
TR-009793,TR-C04316,2023-12-25,0,eastern,1,weighted,0.06546314679342984,LIVE,OOF,0
TR-001161,TR-C04181,2023-12-26,0,eastern,1,weighted,0.46976294128714663,LIVE,OOF,0
TR-001634,TR-C01510,2023-12-26,0,western,1,weighted,0.07231319175716756,LIVE,OOF,0
TR-003126,TR-C02868,2023-12-26,0,eastern,1,weighted,0.1813552516064645,LIVE,OOF,0
TR-004353,TR-C02474,2023-12-26,0,central,1,weighted,0.11216846941405594,LIVE,OOF,0
TR-006801,TR-C02276,2023-12-26,0,eastern,1,weighted,0.03282703647018508,LIVE,OOF,0
TR-006883,TR-C04254,2023-12-26,0,western,1,weighted,0.10142644813553953,LIVE,OOF,0
TR-007149,TR-C00186,2023-12-26,0,western,1,weighted,0.022302763439658747,LIVE,OOF,0
TR-008816,TR-C01019,2023-12-26,0,other,1,weighted,0.23021094596336142,LIVE,OOF,0
TR-009808,TR-C05527,2023-12-26,0,central,1,weighted,0.11235434255892501,LIVE,OOF,0
TR-001208,TR-C01774,2023-12-27,0,western,1,weighted,0.24529809336973843,LIVE,OOF,0
TR-001268,TR-C01309,2023-12-27,1,eastern,1,weighted,0.07982547331708871,LIVE,OOF,0
TR-001720,TR-C06431,2023-12-27,0,other,1,weighted,0.02518227763693308,LIVE,OOF,0
TR-002091,TR-C01711,2023-12-27,0,eastern,1,weighted,0.2512394205487229,LIVE,OOF,0
TR-004444,TR-C02405,2023-12-27,0,eastern,1,weighted,0.058499601798277276,LIVE,OOF,0
TR-004800,TR-C00503,2023-12-27,0,eastern,1,weighted,0.13488465627070828,LIVE,OOF,0
TR-007905,TR-C02268,2023-12-27,0,eastern,1,weighted,0.03050616294616032,LIVE,OOF,0
TR-008908,TR-C05186,2023-12-27,0,other,1,weighted,0.1004845546408795,LIVE,OOF,0
TR-009209,TR-C03061,2023-12-27,0,eastern,1,weighted,0.08980737090469638,LIVE,OOF,0
TR-009684,TR-C01999,2023-12-27,0,eastern,1,weighted,0.36777923958021475,LIVE,OOF,0
TR-009765,TR-C04519,2023-12-27,0,other,1,weighted,0.022011898940403733,LIVE,OOF,0
TR-009944,TR-C03901,2023-12-27,1,central,1,weighted,0.827335737957181,LIVE,OOF,1
TR-002348,TR-C04282,2023-12-28,0,other,1,weighted,0.06089609491208542,LIVE,OOF,0
TR-004137,TR-C02071,2023-12-28,0,eastern,1,weighted,0.7860908803542541,LIVE,OOF,1
TR-004533,TR-C00394,2023-12-28,1,eastern,1,weighted,0.10327219239413975,LIVE,OOF,0
TR-005859,TR-C01926,2023-12-28,0,western,1,weighted,0.051763109385580236,LIVE,OOF,0
TR-006665,TR-C01658,2023-12-28,0,eastern,1,weighted,0.07718577119540113,LIVE,OOF,0
TR-007454,TR-C03959,2023-12-28,0,other,1,weighted,0.4076677100762241,LIVE,OOF,0
TR-007764,TR-C01436,2023-12-28,0,eastern,1,weighted,0.31519345773301277,LIVE,OOF,0
TR-008841,TR-C04441,2023-12-28,0,central,1,weighted,0.1873575314047923,LIVE,OOF,0
TR-009259,TR-C00519,2023-12-28,1,western,1,weighted,0.34274722306189703,LIVE,OOF,0
TR-002310,TR-C03335,2023-12-29,0,eastern,1,weighted,0.4221090836363784,LIVE,OOF,0
TR-002568,TR-C04593,2023-12-29,0,eastern,1,weighted,0.48119428017136084,LIVE,OOF,0
TR-003471,TR-C02296,2023-12-29,0,western,1,weighted,0.17945941254678394,LIVE,OOF,0
TR-004901,TR-C02666,2023-12-29,0,eastern,1,weighted,0.15806953767584034,LIVE,OOF,0
TR-004946,TR-C04357,2023-12-29,0,central,1,weighted,0.22026429149592758,LIVE,OOF,0
TR-005606,TR-C05702,2023-12-29,0,other,1,weighted,0.2501477913833592,LIVE,OOF,0
TR-007130,TR-C04544,2023-12-29,0,eastern,1,weighted,0.20979370357106378,LIVE,OOF,0
TR-009642,TR-C01207,2023-12-29,0,central,1,weighted,0.0655097398624105,LIVE,OOF,0
TR-009742,TR-C01637,2023-12-29,0,other,1,weighted,0.1290137283978052,LIVE,OOF,0
TR-000210,TR-C05827,2023-12-30,0,western,1,weighted,0.5397614364542155,LIVE,OOF,0
TR-002017,TR-C06069,2023-12-30,0,eastern,1,weighted,0.20214241364722207,LIVE,OOF,0
TR-002521,TR-C01462,2023-12-30,0,other,1,weighted,0.1689389382350024,LIVE,OOF,0
TR-002754,TR-C02230,2023-12-30,0,central,1,weighted,0.39678238507767355,LIVE,OOF,0
TR-002990,TR-C04611,2023-12-30,0,western,1,weighted,0.6527746167583747,LIVE,OOF,0
TR-003111,TR-C03063,2023-12-30,0,central,1,weighted,0.28779807800061075,LIVE,OOF,0
TR-005326,TR-C03146,2023-12-30,0,other,1,weighted,0.2409171070071045,LIVE,OOF,0
TR-006183,TR-C03831,2023-12-30,0,western,1,weighted,0.22320880944953986,LIVE,OOF,0
TR-007665,TR-C02620,2023-12-30,0,western,1,weighted,0.09846119395390113,LIVE,OOF,0
TR-008263,TR-C03884,2023-12-30,0,other,1,weighted,0.056335175692062464,LIVE,OOF,0
TR-003069,TR-C03159,2023-12-31,0,eastern,1,weighted,0.05137764532428553,LIVE,OOF,0
TR-003654,TR-C06375,2023-12-31,0,other,1,weighted,0.29969255883487766,LIVE,OOF,0
TR-007369,TR-C01302,2023-12-31,0,eastern,1,weighted,0.01323673788670451,LIVE,OOF,0
TR-000410,TR-C00173,2024-01-01,0,western,2,weighted,0.5393879088422407,LIVE,OOF,0
TR-001829,TR-C01062,2024-01-01,0,eastern,2,weighted,0.22098470066995363,LIVE,OOF,0
TR-002668,TR-C02839,2024-01-01,0,eastern,2,weighted,0.437727358001077,LIVE,OOF,0
TR-003491,TR-C02422,2024-01-01,0,central,2,weighted,0.3012285039884185,LIVE,OOF,0
TR-005371,TR-C05135,2024-01-01,0,other,2,weighted,0.26453518956739996,LIVE,OOF,0
TR-005465,TR-C06152,2024-01-01,0,central,2,weighted,0.21475359922753315,LIVE,OOF,0
TR-005883,TR-C02587,2024-01-01,0,other,2,weighted,0.7227487372622471,LIVE,OOF,1
TR-007009,TR-C05862,2024-01-01,0,other,2,weighted,0.35331816818182216,LIVE,OOF,0
TR-007400,TR-C06071,2024-01-01,0,eastern,2,weighted,0.04805186333328952,LIVE,OOF,0
TR-008220,TR-C05436,2024-01-01,0,central,2,weighted,0.031650992663644496,LIVE,OOF,0
TR-009670,TR-C04690,2024-01-01,0,western,2,weighted,0.05414463169551676,LIVE,OOF,0
TR-000182,TR-C00495,2024-01-02,0,eastern,2,weighted,0.01245260243525235,LIVE,OOF,0
TR-000222,TR-C03892,2024-01-02,0,other,2,weighted,0.6168261081812082,LIVE,OOF,0
TR-000975,TR-C02769,2024-01-02,0,central,2,weighted,0.5332698233514528,LIVE,OOF,0
TR-002840,TR-C00818,2024-01-02,0,western,2,weighted,0.18971725238230178,LIVE,OOF,0
TR-003217,TR-C02863,2024-01-02,0,eastern,2,weighted,0.02409623644675133,LIVE,OOF,0
TR-003340,TR-C05419,2024-01-02,0,eastern,2,weighted,0.19301534986402025,LIVE,OOF,0
TR-003907,TR-C01536,2024-01-02,0,other,2,weighted,0.1638927469602615,LIVE,OOF,0
TR-005785,TR-C02638,2024-01-02,0,western,2,weighted,0.06703704066485994,LIVE,OOF,0
TR-006811,TR-C05459,2024-01-02,0,other,2,weighted,0.14877365130497944,LIVE,OOF,0
TR-007174,TR-C00955,2024-01-02,0,other,2,weighted,0.16563893612268094,LIVE,OOF,0
TR-007735,TR-C02269,2024-01-02,0,central,2,weighted,0.0853772696926133,LIVE,OOF,0
TR-007800,TR-C00309,2024-01-02,0,eastern,2,weighted,0.04648340676355751,LIVE,OOF,0
TR-009337,TR-C04865,2024-01-02,0,central,2,weighted,0.45072670150913446,LIVE,OOF,0
TR-000867,TR-C00915,2024-01-03,1,western,2,weighted,0.0900057530761914,LIVE,OOF,0
TR-000912,TR-C00133,2024-01-03,0,central,2,weighted,0.01700313251907373,LIVE,OOF,0
TR-001956,TR-C00937,2024-01-03,0,eastern,2,weighted,0.04762388273904309,LIVE,OOF,0
TR-002118,TR-C02666,2024-01-03,0,eastern,2,weighted,0.09303407616999558,LIVE,OOF,0
TR-002167,TR-C02376,2024-01-03,0,western,2,weighted,0.05075514474661747,LIVE,OOF,0
TR-002430,TR-C00644,2024-01-03,0,central,2,weighted,0.09364229543840527,LIVE,OOF,0
TR-003243,TR-C04572,2024-01-03,0,eastern,2,weighted,0.170496828085307,LIVE,OOF,0
TR-004838,TR-C03696,2024-01-03,0,other,2,weighted,0.03398084612949463,LIVE,OOF,0
TR-006358,TR-C03345,2024-01-03,0,eastern,2,weighted,0.6960814991484164,LIVE,OOF,1
TR-006598,TR-C03707,2024-01-03,0,western,2,weighted,0.05998820995603107,LIVE,OOF,0
TR-006718,TR-C03791,2024-01-03,0,other,2,weighted,0.39862124435417995,LIVE,OOF,0
TR-007813,TR-C06319,2024-01-03,0,western,2,weighted,0.08790877052407038,LIVE,OOF,0
TR-000025,TR-C03478,2024-01-04,0,western,2,weighted,0.02010601814020777,LIVE,OOF,0
TR-000640,TR-C06470,2024-01-04,0,eastern,2,weighted,0.026810420542557212,LIVE,OOF,0
TR-001223,TR-C01968,2024-01-04,0,other,2,weighted,0.44087798116565474,LIVE,OOF,0
TR-001626,TR-C00351,2024-01-04,0,central,2,weighted,0.09655180958803586,LIVE,OOF,0
TR-002925,TR-C06238,2024-01-04,0,eastern,2,weighted,0.026858407075940758,LIVE,OOF,0
TR-003261,TR-C01974,2024-01-04,0,western,2,weighted,0.06158345264565844,LIVE,OOF,0
TR-003293,TR-C04076,2024-01-04,0,western,2,weighted,0.2887297517209219,LIVE,OOF,0
TR-004291,TR-C01216,2024-01-04,0,other,2,weighted,0.11538914001180246,LIVE,OOF,0
TR-006659,TR-C05654,2024-01-04,0,western,2,weighted,0.6840232535616729,LIVE,OOF,1
TR-007118,TR-C00555,2024-01-04,0,eastern,2,weighted,0.02929508754762634,LIVE,OOF,0
TR-007889,TR-C02104,2024-01-04,0,central,2,weighted,0.13568055754270292,LIVE,OOF,0
TR-000343,TR-C03547,2024-01-05,0,central,2,weighted,0.572303258843624,LIVE,OOF,0
TR-007680,TR-C02782,2024-01-05,1,western,2,weighted,0.9006331566298966,LIVE,OOF,1
TR-008672,TR-C03860,2024-01-05,0,western,2,weighted,0.054279247779738374,LIVE,OOF,0
TR-009282,TR-C01048,2024-01-05,0,western,2,weighted,0.1930964053953244,LIVE,OOF,0
TR-002103,TR-C00024,2024-01-06,0,eastern,2,weighted,0.05390946465861644,LIVE,OOF,0
TR-003055,TR-C04553,2024-01-06,0,other,2,weighted,0.5023245116611234,LIVE,OOF,0
TR-003647,TR-C04563,2024-01-06,0,central,2,weighted,0.06956960620094849,LIVE,OOF,0
TR-005156,TR-C02832,2024-01-06,1,central,2,weighted,0.4450440971125552,LIVE,OOF,0
TR-006831,TR-C00893,2024-01-06,0,central,2,weighted,0.11901785569035991,LIVE,OOF,0
TR-008799,TR-C02602,2024-01-06,0,eastern,2,weighted,0.2021722087828307,LIVE,OOF,0
TR-001159,TR-C01895,2024-01-07,0,eastern,2,weighted,0.19347180957829951,LIVE,OOF,0
TR-001632,TR-C02218,2024-01-07,0,western,2,weighted,0.18103142518509774,LIVE,OOF,0
TR-004164,TR-C05389,2024-01-07,0,western,2,weighted,0.020451843027510703,LIVE,OOF,0
TR-004714,TR-C05492,2024-01-07,0,western,2,weighted,0.3094683784229789,LIVE,OOF,0
TR-005139,TR-C02672,2024-01-07,0,central,2,weighted,0.24633684637283038,LIVE,OOF,0
TR-006143,TR-C01266,2024-01-07,0,eastern,2,weighted,0.056183214536383946,LIVE,OOF,0
TR-007602,TR-C03051,2024-01-07,0,eastern,2,weighted,0.32974885213688865,LIVE,OOF,0
TR-009193,TR-C03396,2024-01-07,0,central,2,weighted,0.03241174544075821,LIVE,OOF,0
TR-009714,TR-C02820,2024-01-07,0,other,2,weighted,0.2512404701130713,LIVE,OOF,0
TR-000736,TR-C03139,2024-01-08,0,eastern,2,weighted,0.09208175947173781,LIVE,OOF,0
TR-002597,TR-C03042,2024-01-08,1,western,2,weighted,0.8230412934843558,LIVE,OOF,1
TR-004359,TR-C04824,2024-01-08,0,other,2,weighted,0.14499735748159315,LIVE,OOF,0
TR-009158,TR-C04915,2024-01-08,0,other,2,weighted,0.028437703824785096,LIVE,OOF,0
TR-000372,TR-C04190,2024-01-09,0,eastern,2,weighted,0.37616579190211513,LIVE,OOF,0
TR-004194,TR-C01931,2024-01-09,0,central,2,weighted,0.7480855983626181,LIVE,OOF,1
TR-004473,TR-C03927,2024-01-09,0,eastern,2,weighted,0.15197695816574253,LIVE,OOF,0
TR-006937,TR-C05172,2024-01-09,0,eastern,2,weighted,0.33729129695408305,LIVE,OOF,0
TR-007526,TR-C01351,2024-01-09,0,other,2,weighted,0.41445590575448493,LIVE,OOF,0
TR-007944,TR-C04919,2024-01-09,0,other,2,weighted,0.018523672242428606,LIVE,OOF,0
TR-009865,TR-C06020,2024-01-09,0,eastern,2,weighted,0.7810383243276556,LIVE,OOF,1
TR-000148,TR-C05252,2024-01-10,1,other,2,weighted,0.8498693011240421,LIVE,OOF,1
TR-003266,TR-C03443,2024-01-10,0,eastern,2,weighted,0.10055802984008594,LIVE,OOF,0
TR-003482,TR-C01997,2024-01-10,0,eastern,2,weighted,0.1191202640715097,LIVE,OOF,0
TR-004131,TR-C00342,2024-01-10,0,central,2,weighted,0.029881315022701947,LIVE,OOF,0
TR-006581,TR-C00639,2024-01-10,0,eastern,2,weighted,0.6946786873006107,LIVE,OOF,1
TR-007212,TR-C00034,2024-01-10,0,western,2,weighted,0.5853824466382247,LIVE,OOF,0
TR-007422,TR-C02402,2024-01-10,0,western,2,weighted,0.16085024051127628,LIVE,OOF,0
TR-007772,TR-C02025,2024-01-10,0,western,2,weighted,0.014125064741478408,LIVE,OOF,0
TR-008313,TR-C00232,2024-01-10,0,other,2,weighted,0.6189505166830399,LIVE,OOF,0
TR-008585,TR-C00658,2024-01-10,0,other,2,weighted,0.09776090466351937,LIVE,OOF,0
TR-009650,TR-C03938,2024-01-10,0,western,2,weighted,0.13582899723163702,LIVE,OOF,0
TR-001250,TR-C01414,2024-01-11,0,western,2,weighted,0.7744136098153058,LIVE,OOF,1
TR-002012,TR-C03038,2024-01-11,0,central,2,weighted,0.5832137835963503,LIVE,OOF,0
TR-003193,TR-C03431,2024-01-11,0,eastern,2,weighted,0.1195894271295524,LIVE,OOF,0
TR-003474,TR-C03808,2024-01-11,0,central,2,weighted,0.5873480304741061,LIVE,OOF,0
TR-004619,TR-C03399,2024-01-11,0,other,2,weighted,0.728272116491025,LIVE,OOF,1
TR-005555,TR-C03919,2024-01-11,0,western,2,weighted,0.2171840172560731,LIVE,OOF,0
TR-005814,TR-C01669,2024-01-11,0,central,2,weighted,0.030212535682704,LIVE,OOF,0
TR-005874,TR-C01200,2024-01-11,0,western,2,weighted,0.25636056066584656,LIVE,OOF,0
TR-006468,TR-C03657,2024-01-11,0,other,2,weighted,0.0840080555268017,LIVE,OOF,0
TR-007057,TR-C04323,2024-01-11,0,other,2,weighted,0.21174260536727482,LIVE,OOF,0
TR-008693,TR-C05697,2024-01-11,0,other,2,weighted,0.40991365951196346,LIVE,OOF,0
TR-000525,TR-C01406,2024-01-12,0,eastern,2,weighted,0.34064709957830935,LIVE,OOF,0
TR-001949,TR-C00326,2024-01-12,0,western,2,weighted,0.6851212536047173,LIVE,OOF,1
TR-004202,TR-C03049,2024-01-12,0,central,2,weighted,0.0476658850148038,LIVE,OOF,0
TR-005190,TR-C03042,2024-01-12,0,western,2,weighted,0.17264302363521858,LIVE,OOF,0
TR-009638,TR-C04503,2024-01-12,0,other,2,weighted,0.2817533512724066,LIVE,OOF,0
TR-009662,TR-C00697,2024-01-12,0,western,2,weighted,0.02392673359157083,LIVE,OOF,0
TR-000329,TR-C00575,2024-01-13,0,eastern,2,weighted,0.4372968972623736,LIVE,OOF,0
TR-001658,TR-C00026,2024-01-13,0,other,2,weighted,0.632008257377911,LIVE,OOF,0
TR-002579,TR-C04948,2024-01-13,1,western,2,weighted,0.9081266119032304,LIVE,OOF,1
TR-005166,TR-C00525,2024-01-13,0,central,2,weighted,0.4618231561252193,LIVE,OOF,0
TR-006308,TR-C03245,2024-01-13,0,central,2,weighted,0.11976508588543863,LIVE,OOF,0
TR-006471,TR-C05830,2024-01-13,0,eastern,2,weighted,0.3178653257215322,LIVE,OOF,0
TR-006771,TR-C05318,2024-01-13,0,other,2,weighted,0.16592943727979448,LIVE,OOF,0
TR-006790,TR-C03445,2024-01-13,0,western,2,weighted,0.05368591105202348,LIVE,OOF,0
TR-007354,TR-C04986,2024-01-13,0,eastern,2,weighted,0.05339654506668486,LIVE,OOF,0
TR-008958,TR-C02067,2024-01-13,0,western,2,weighted,0.02994531782759896,LIVE,OOF,0
TR-009678,TR-C00261,2024-01-13,0,central,2,weighted,0.014378604618299462,LIVE,OOF,0
TR-002198,TR-C00624,2024-01-14,0,central,2,weighted,0.02295352965107462,LIVE,OOF,0
TR-002724,TR-C06112,2024-01-14,0,western,2,weighted,0.1002538413134916,LIVE,OOF,0
TR-006444,TR-C02352,2024-01-14,0,eastern,2,weighted,0.2730195939768574,LIVE,OOF,0
TR-007108,TR-C01147,2024-01-14,0,central,2,weighted,0.030350381536327645,LIVE,OOF,0
TR-007326,TR-C04962,2024-01-14,0,other,2,weighted,0.1370833962195849,LIVE,OOF,0
TR-007656,TR-C04295,2024-01-14,0,western,2,weighted,0.5831215016553344,LIVE,OOF,0
TR-008009,TR-C01638,2024-01-14,0,eastern,2,weighted,0.3939621717924549,LIVE,OOF,0
TR-009424,TR-C04454,2024-01-14,0,western,2,weighted,0.14631078529958605,LIVE,OOF,0
TR-001432,TR-C03944,2024-01-15,0,eastern,2,weighted,0.17979803935929692,LIVE,OOF,0
TR-001727,TR-C00105,2024-01-15,0,central,2,weighted,0.6084231174457013,LIVE,OOF,0
TR-002201,TR-C05829,2024-01-15,0,other,2,weighted,0.17520851237445773,LIVE,OOF,0
TR-004647,TR-C01713,2024-01-15,0,central,2,weighted,0.1494203503197547,LIVE,OOF,0
TR-005184,TR-C00545,2024-01-15,0,central,2,weighted,0.043441553017367816,LIVE,OOF,0
TR-006048,TR-C05712,2024-01-15,0,central,2,weighted,0.7327415168989545,LIVE,OOF,1
TR-006998,TR-C01146,2024-01-15,0,other,2,weighted,0.03259928946167487,LIVE,OOF,0
TR-007937,TR-C04195,2024-01-15,1,central,2,weighted,0.7545251668568238,LIVE,OOF,1
TR-009493,TR-C02744,2024-01-15,0,western,2,weighted,0.11348262909352164,LIVE,OOF,0
TR-009545,TR-C06267,2024-01-15,0,other,2,weighted,0.03013439435541629,LIVE,OOF,0
TR-003831,TR-C06347,2024-01-16,0,eastern,2,weighted,0.09295048318896769,LIVE,OOF,0
TR-003996,TR-C01326,2024-01-16,0,western,2,weighted,0.030295100848722608,LIVE,OOF,0
TR-004965,TR-C01595,2024-01-16,0,eastern,2,weighted,0.3874866919736192,LIVE,OOF,0
TR-006249,TR-C03598,2024-01-16,0,eastern,2,weighted,0.6656632999769999,LIVE,OOF,1
TR-007963,TR-C00916,2024-01-16,0,western,2,weighted,0.7690149992253289,LIVE,OOF,1
TR-009100,TR-C02641,2024-01-16,0,eastern,2,weighted,0.1457270913440013,LIVE,OOF,0
TR-009977,TR-C04293,2024-01-16,0,western,2,weighted,0.1545346473664701,LIVE,OOF,0
TR-001387,TR-C01581,2024-01-17,0,western,2,weighted,0.26294779581081357,LIVE,OOF,0
TR-003128,TR-C06385,2024-01-17,0,central,2,weighted,0.04464933495309837,LIVE,OOF,0
TR-004379,TR-C02808,2024-01-17,0,other,2,weighted,0.09077516316538843,LIVE,OOF,0
TR-005848,TR-C05519,2024-01-17,0,western,2,weighted,0.02676320737331618,LIVE,OOF,0
TR-007188,TR-C06035,2024-01-17,0,other,2,weighted,0.22989378107017616,LIVE,OOF,0
TR-008075,TR-C03886,2024-01-17,0,other,2,weighted,0.5490721853808234,LIVE,OOF,0
TR-002275,TR-C05836,2024-01-18,0,other,2,weighted,0.8696715711026467,LIVE,OOF,1
TR-004695,TR-C01279,2024-01-18,0,central,2,weighted,0.3306966585708207,LIVE,OOF,0
TR-004722,TR-C02055,2024-01-18,0,central,2,weighted,0.19705042832026098,LIVE,OOF,0
TR-005786,TR-C05814,2024-01-18,0,eastern,2,weighted,0.10920291111328484,LIVE,OOF,0
TR-005965,TR-C00949,2024-01-18,0,western,2,weighted,0.22840405081222978,LIVE,OOF,0
TR-006709,TR-C03466,2024-01-18,0,other,2,weighted,0.03522202095492284,LIVE,OOF,0
TR-007309,TR-C01456,2024-01-18,0,other,2,weighted,0.05314997189378079,LIVE,OOF,0
TR-007646,TR-C02522,2024-01-18,0,other,2,weighted,0.3727848615390834,LIVE,OOF,0
TR-008279,TR-C02914,2024-01-18,0,central,2,weighted,0.15352609985400004,LIVE,OOF,0
TR-008432,TR-C01010,2024-01-18,0,eastern,2,weighted,0.046138894277096894,LIVE,OOF,0
TR-008876,TR-C00546,2024-01-18,1,central,2,weighted,0.6646709363999641,LIVE,OOF,1
TR-000224,TR-C04309,2024-01-19,1,western,2,weighted,0.34017101124539645,LIVE,OOF,0
TR-000706,TR-C01666,2024-01-19,0,central,2,weighted,0.09962711105138725,LIVE,OOF,0
TR-003421,TR-C04244,2024-01-19,0,eastern,2,weighted,0.7183684774120698,LIVE,OOF,1
TR-003451,TR-C00773,2024-01-19,0,western,2,weighted,0.10110458060808583,LIVE,OOF,0
TR-003666,TR-C02721,2024-01-19,0,central,2,weighted,0.1896266457075888,LIVE,OOF,0
TR-005617,TR-C04941,2024-01-19,0,western,2,weighted,0.32689753862270704,LIVE,OOF,0
TR-005783,TR-C05742,2024-01-19,0,other,2,weighted,0.14540781339274028,LIVE,OOF,0
TR-006021,TR-C01399,2024-01-19,0,eastern,2,weighted,0.0917539666455721,LIVE,OOF,0
TR-007165,TR-C06020,2024-01-19,0,eastern,2,weighted,0.12226362088878104,LIVE,OOF,0
TR-009445,TR-C04890,2024-01-19,0,eastern,2,weighted,0.09117939831582741,LIVE,OOF,0
TR-009718,TR-C00990,2024-01-19,0,eastern,2,weighted,0.27350042284322973,LIVE,OOF,0
TR-001527,TR-C02231,2024-01-20,0,other,2,weighted,0.1566167784419284,LIVE,OOF,0
TR-005243,TR-C04946,2024-01-20,0,western,2,weighted,0.22774388180229538,LIVE,OOF,0
TR-006431,TR-C02505,2024-01-20,0,western,2,weighted,0.08609083123803674,LIVE,OOF,0
TR-007996,TR-C05357,2024-01-20,0,eastern,2,weighted,0.09844224120385899,LIVE,OOF,0
TR-008109,TR-C04802,2024-01-20,0,western,2,weighted,0.039112606684838985,LIVE,OOF,0
TR-000316,TR-C00271,2024-01-21,0,eastern,2,weighted,0.5258135841105458,LIVE,OOF,0
TR-000385,TR-C02828,2024-01-21,0,central,2,weighted,0.6569106729383626,LIVE,OOF,0
TR-001373,TR-C03999,2024-01-21,0,central,2,weighted,0.019362042789022753,LIVE,OOF,0
TR-001410,TR-C05755,2024-01-21,0,western,2,weighted,0.02072105916759958,LIVE,OOF,0
TR-002544,TR-C02480,2024-01-21,0,eastern,2,weighted,0.8179885245526015,LIVE,OOF,1
TR-004068,TR-C05267,2024-01-21,0,western,2,weighted,0.1946829393534197,LIVE,OOF,0
TR-004845,TR-C02659,2024-01-21,0,eastern,2,weighted,0.0873058339648793,LIVE,OOF,0
TR-005663,TR-C03723,2024-01-21,0,western,2,weighted,0.16001225968292235,LIVE,OOF,0
TR-006701,TR-C05049,2024-01-21,0,other,2,weighted,0.06632318059787629,LIVE,OOF,0
TR-007835,TR-C04801,2024-01-21,0,western,2,weighted,0.2237138380906398,LIVE,OOF,0
TR-009099,TR-C02584,2024-01-21,1,central,2,weighted,0.5824363034268599,LIVE,OOF,0
TR-009550,TR-C01730,2024-01-21,0,central,2,weighted,0.14553659916973674,LIVE,OOF,0
TR-009838,TR-C03297,2024-01-21,0,western,2,weighted,0.13197327662872518,LIVE,OOF,0
TR-001063,TR-C03625,2024-01-22,0,western,2,weighted,0.06145610191573501,LIVE,OOF,0
TR-002243,TR-C02514,2024-01-22,0,eastern,2,weighted,0.6690475956861776,LIVE,OOF,1
TR-002351,TR-C06229,2024-01-22,0,other,2,weighted,0.5327988075489164,LIVE,OOF,0
TR-003119,TR-C02528,2024-01-22,0,other,2,weighted,0.08541541793938313,LIVE,OOF,0
TR-005948,TR-C03360,2024-01-22,1,central,2,weighted,0.8170388395153685,LIVE,OOF,1
TR-005975,TR-C01273,2024-01-22,0,other,2,weighted,0.11678873762218826,LIVE,OOF,0
TR-007430,TR-C01520,2024-01-22,0,eastern,2,weighted,0.13669714136656363,LIVE,OOF,0
TR-008489,TR-C01059,2024-01-22,1,eastern,2,weighted,0.705325398968294,LIVE,OOF,1
TR-009349,TR-C02457,2024-01-22,0,western,2,weighted,0.1333433559570901,LIVE,OOF,0
TR-009817,TR-C03004,2024-01-22,0,western,2,weighted,0.2711035394543762,LIVE,OOF,0
TR-001008,TR-C01292,2024-01-23,0,other,2,weighted,0.3440663892929606,LIVE,OOF,0
TR-003632,TR-C02156,2024-01-23,0,eastern,2,weighted,0.0450067702217123,LIVE,OOF,0
TR-005735,TR-C05287,2024-01-23,0,western,2,weighted,0.6808869486604783,LIVE,OOF,1
TR-006519,TR-C03183,2024-01-23,0,other,2,weighted,0.4227710670655813,LIVE,OOF,0
TR-009520,TR-C00042,2024-01-23,0,eastern,2,weighted,0.4468663307994255,LIVE,OOF,0
TR-002246,TR-C03143,2024-01-24,0,eastern,2,weighted,0.03261968183474823,LIVE,OOF,0
TR-002377,TR-C01735,2024-01-24,0,other,2,weighted,0.2347602529117599,LIVE,OOF,0
TR-003673,TR-C04467,2024-01-24,0,western,2,weighted,0.818910934067243,LIVE,OOF,1
TR-004583,TR-C06317,2024-01-24,0,western,2,weighted,0.1626630123126407,LIVE,OOF,0
TR-005666,TR-C04574,2024-01-24,0,other,2,weighted,0.8031595971140014,LIVE,OOF,1
TR-005808,TR-C02955,2024-01-24,0,other,2,weighted,0.15207224030727434,LIVE,OOF,0
TR-006060,TR-C04561,2024-01-24,0,other,2,weighted,0.6198305172631139,LIVE,OOF,0
TR-007784,TR-C03814,2024-01-24,0,western,2,weighted,0.07027812390615563,LIVE,OOF,0
TR-009586,TR-C04616,2024-01-24,0,central,2,weighted,0.6290203200177599,LIVE,OOF,0
TR-009801,TR-C01320,2024-01-24,0,western,2,weighted,0.548152840719213,LIVE,OOF,0
TR-009835,TR-C01471,2024-01-24,1,western,2,weighted,0.5013951496287126,LIVE,OOF,0
TR-009837,TR-C03929,2024-01-24,0,other,2,weighted,0.07591250059703912,LIVE,OOF,0
TR-000722,TR-C03907,2024-01-25,0,other,2,weighted,0.8195099004174681,LIVE,OOF,1
TR-000893,TR-C03140,2024-01-25,1,other,2,weighted,0.7704232755045866,LIVE,OOF,1
TR-001726,TR-C02623,2024-01-25,0,eastern,2,weighted,0.14565811779805365,LIVE,OOF,0
TR-002189,TR-C05565,2024-01-25,0,other,2,weighted,0.5743080731815285,LIVE,OOF,0
TR-002396,TR-C05907,2024-01-25,0,western,2,weighted,0.6454423459732253,LIVE,OOF,0
TR-002497,TR-C01483,2024-01-25,0,western,2,weighted,0.10785455701852269,LIVE,OOF,0
TR-000498,TR-C00845,2024-01-26,1,eastern,2,weighted,0.6189893997604333,LIVE,OOF,0
TR-000915,TR-C02964,2024-01-26,0,central,2,weighted,0.06039768999184926,LIVE,OOF,0
TR-001649,TR-C01172,2024-01-26,0,western,2,weighted,0.24160513961058033,LIVE,OOF,0
TR-003641,TR-C06138,2024-01-26,0,western,2,weighted,0.1357099265742644,LIVE,OOF,0
TR-006924,TR-C00247,2024-01-26,0,other,2,weighted,0.0934484771634366,LIVE,OOF,0
TR-007080,TR-C06002,2024-01-26,0,central,2,weighted,0.11602557077473083,LIVE,OOF,0
TR-007773,TR-C02390,2024-01-26,0,western,2,weighted,0.01610206361290134,LIVE,OOF,0
TR-007979,TR-C03736,2024-01-26,0,western,2,weighted,0.16067816686393058,LIVE,OOF,0
TR-008699,TR-C02323,2024-01-26,0,eastern,2,weighted,0.27010181756901774,LIVE,OOF,0
TR-009762,TR-C03401,2024-01-26,0,other,2,weighted,0.10118117281125312,LIVE,OOF,0
TR-000494,TR-C02915,2024-01-27,0,western,2,weighted,0.16682431362941533,LIVE,OOF,0
TR-002599,TR-C01796,2024-01-27,0,eastern,2,weighted,0.14573731628109093,LIVE,OOF,0
TR-003099,TR-C02248,2024-01-27,0,central,2,weighted,0.02654470431215193,LIVE,OOF,0
TR-004726,TR-C00661,2024-01-27,0,eastern,2,weighted,0.03520431364520271,LIVE,OOF,0
TR-005343,TR-C01709,2024-01-27,0,eastern,2,weighted,0.21742972244486194,LIVE,OOF,0
TR-005658,TR-C02534,2024-01-27,0,eastern,2,weighted,0.060404964109016156,LIVE,OOF,0
TR-007720,TR-C05822,2024-01-27,0,central,2,weighted,0.3505700357000616,LIVE,OOF,0
TR-008785,TR-C06030,2024-01-27,0,western,2,weighted,0.1972679220179975,LIVE,OOF,0
TR-009876,TR-C00918,2024-01-27,0,central,2,weighted,0.1319829358830459,LIVE,OOF,0
TR-002052,TR-C05672,2024-01-28,0,eastern,2,weighted,0.8883843575040928,LIVE,OOF,1
TR-002823,TR-C01629,2024-01-28,0,other,2,weighted,0.5654891074274475,LIVE,OOF,0
TR-002844,TR-C03979,2024-01-28,0,central,2,weighted,0.46086778235115894,LIVE,OOF,0
TR-003270,TR-C04967,2024-01-28,0,western,2,weighted,0.055339144557712244,LIVE,OOF,0
TR-004247,TR-C00574,2024-01-28,1,other,2,weighted,0.3571014940793429,LIVE,OOF,0
TR-004361,TR-C04905,2024-01-28,0,eastern,2,weighted,0.021548311700995377,LIVE,OOF,0
TR-004652,TR-C06251,2024-01-28,0,eastern,2,weighted,0.07472699570809806,LIVE,OOF,0
TR-005733,TR-C06092,2024-01-28,0,western,2,weighted,0.25425649417500007,LIVE,OOF,0
TR-005993,TR-C05415,2024-01-28,1,central,2,weighted,0.7499682748190124,LIVE,OOF,1
TR-007693,TR-C04878,2024-01-28,0,central,2,weighted,0.10023508796099805,LIVE,OOF,0
TR-008304,TR-C04301,2024-01-28,0,eastern,2,weighted,0.24851647965312484,LIVE,OOF,0
TR-009654,TR-C04505,2024-01-28,0,other,2,weighted,0.24923908234000103,LIVE,OOF,0
TR-000405,TR-C00641,2024-01-29,0,western,2,weighted,0.13703899199377156,LIVE,OOF,0
TR-000622,TR-C00538,2024-01-29,0,eastern,2,weighted,0.15536582651965555,LIVE,OOF,0
TR-000693,TR-C04173,2024-01-29,0,central,2,weighted,0.0859531055898071,LIVE,OOF,0
TR-001504,TR-C00545,2024-01-29,0,central,2,weighted,0.11926070329781105,LIVE,OOF,0
TR-002222,TR-C01033,2024-01-29,0,central,2,weighted,0.09979345472244654,LIVE,OOF,0
TR-003839,TR-C04943,2024-01-29,0,eastern,2,weighted,0.029428284349609292,LIVE,OOF,0
TR-004339,TR-C03247,2024-01-29,0,central,2,weighted,0.07056672639987996,LIVE,OOF,0
TR-004923,TR-C05478,2024-01-29,0,other,2,weighted,0.278899463634671,LIVE,OOF,0
TR-005966,TR-C02972,2024-01-29,0,eastern,2,weighted,0.07697652923041051,LIVE,OOF,0
TR-008659,TR-C06467,2024-01-29,0,central,2,weighted,0.4267564949907734,LIVE,OOF,0
TR-009899,TR-C03983,2024-01-29,0,other,2,weighted,0.27628508240569644,LIVE,OOF,0
TR-004543,TR-C00143,2024-01-30,0,other,2,weighted,0.07403251153358512,LIVE,OOF,0
TR-005024,TR-C02498,2024-01-30,0,eastern,2,weighted,0.1557148511930144,LIVE,OOF,0
TR-005274,TR-C02451,2024-01-30,0,western,2,weighted,0.018459693673797465,LIVE,OOF,0
TR-006789,TR-C02023,2024-01-30,0,central,2,weighted,0.06950193094026312,LIVE,OOF,0
TR-007034,TR-C01749,2024-01-30,0,western,2,weighted,0.7438274892986073,LIVE,OOF,1
TR-007578,TR-C01029,2024-01-30,0,central,2,weighted,0.6602731642323598,LIVE,OOF,1
TR-007955,TR-C04453,2024-01-30,0,eastern,2,weighted,0.48967510097074535,LIVE,OOF,0
TR-008348,TR-C05802,2024-01-30,0,western,2,weighted,0.20782821793504935,LIVE,OOF,0
TR-008544,TR-C00788,2024-01-30,0,eastern,2,weighted,0.06273077619979807,LIVE,OOF,0
TR-009425,TR-C01872,2024-01-30,0,western,2,weighted,0.03872645122857961,LIVE,OOF,0
TR-009862,TR-C03291,2024-01-30,0,other,2,weighted,0.01674348556394481,LIVE,OOF,0
TR-000931,TR-C01028,2024-01-31,0,central,2,weighted,0.06157654373694585,LIVE,OOF,0
TR-001731,TR-C03052,2024-01-31,0,other,2,weighted,0.2694522802799254,LIVE,OOF,0
TR-003917,TR-C00273,2024-01-31,0,other,2,weighted,0.012714612089867988,LIVE,OOF,0
TR-003929,TR-C04203,2024-01-31,1,western,2,weighted,0.45274703996439175,LIVE,OOF,0
TR-004439,TR-C03411,2024-01-31,0,eastern,2,weighted,0.11522971873943468,LIVE,OOF,0
TR-004665,TR-C01204,2024-01-31,0,eastern,2,weighted,0.030670816446554082,LIVE,OOF,0
TR-005852,TR-C06439,2024-01-31,0,other,2,weighted,0.12077038018628436,LIVE,OOF,0
TR-006069,TR-C05815,2024-01-31,0,central,2,weighted,0.44466352910488904,LIVE,OOF,0
TR-007197,TR-C03763,2024-01-31,0,eastern,2,weighted,0.7094002135186068,LIVE,OOF,1
TR-007285,TR-C03558,2024-01-31,0,other,2,weighted,0.3155914710403749,LIVE,OOF,0
TR-000005,TR-C03679,2024-02-01,0,eastern,2,weighted,0.10071615151235162,LIVE,OOF,0
TR-003307,TR-C00494,2024-02-01,0,eastern,2,weighted,0.0673930202425327,LIVE,OOF,0
TR-003346,TR-C03897,2024-02-01,0,central,2,weighted,0.5974672740714573,LIVE,OOF,0
TR-004941,TR-C02479,2024-02-01,0,central,2,weighted,0.4218130750214914,LIVE,OOF,0
TR-009054,TR-C06418,2024-02-01,0,western,2,weighted,0.05324826608591318,LIVE,OOF,0
TR-009064,TR-C04938,2024-02-01,1,central,2,weighted,0.26660832910271853,LIVE,OOF,0
TR-009429,TR-C02080,2024-02-01,0,other,2,weighted,0.012530844984601422,LIVE,OOF,0
TR-004158,TR-C05749,2024-02-02,0,eastern,2,weighted,0.2091845363932968,LIVE,OOF,0
TR-005232,TR-C03782,2024-02-02,0,central,2,weighted,0.9115647078847668,LIVE,OOF,1
TR-006497,TR-C00016,2024-02-02,0,eastern,2,weighted,0.027227381546718325,LIVE,OOF,0
TR-006639,TR-C05136,2024-02-02,0,eastern,2,weighted,0.032919617611011316,LIVE,OOF,0
TR-006995,TR-C05978,2024-02-02,0,western,2,weighted,0.7645126951783414,LIVE,OOF,1
TR-000165,TR-C02900,2024-02-03,0,central,2,weighted,0.34539749654631025,LIVE,OOF,0
TR-000364,TR-C03742,2024-02-03,0,eastern,2,weighted,0.5686638490674637,LIVE,OOF,0
TR-002005,TR-C04674,2024-02-03,0,other,2,weighted,0.2676121295667143,LIVE,OOF,0
TR-002281,TR-C02349,2024-02-03,0,western,2,weighted,0.03599558738580744,LIVE,OOF,0
TR-003059,TR-C05172,2024-02-03,0,eastern,2,weighted,0.09099297143240807,LIVE,OOF,0
TR-004575,TR-C06081,2024-02-03,0,central,2,weighted,0.027482506030320708,LIVE,OOF,0
TR-005064,TR-C02109,2024-02-03,0,eastern,2,weighted,0.27243406582862006,LIVE,OOF,0
TR-006875,TR-C04894,2024-02-03,0,western,2,weighted,0.27178018104402574,LIVE,OOF,0
TR-008267,TR-C04844,2024-02-03,0,other,2,weighted,0.29001733089166043,LIVE,OOF,0
TR-009639,TR-C01000,2024-02-03,0,central,2,weighted,0.472161893778124,LIVE,OOF,0
TR-000305,TR-C05988,2024-02-04,0,eastern,2,weighted,0.18935066905248688,LIVE,OOF,0
TR-003603,TR-C01502,2024-02-04,0,western,2,weighted,0.33193937267301576,LIVE,OOF,0
TR-005074,TR-C04491,2024-02-04,0,eastern,2,weighted,0.13976833463826752,LIVE,OOF,0
TR-006662,TR-C03031,2024-02-04,0,other,2,weighted,0.5704857558985789,LIVE,OOF,0
TR-006768,TR-C02885,2024-02-04,0,western,2,weighted,0.01803548518770584,LIVE,OOF,0
TR-006993,TR-C06430,2024-02-04,0,other,2,weighted,0.19462969749702294,LIVE,OOF,0
TR-007804,TR-C04870,2024-02-04,1,western,2,weighted,0.07707865273472206,LIVE,OOF,0
TR-008198,TR-C00262,2024-02-04,0,western,2,weighted,0.07069990425222178,LIVE,OOF,0
TR-008393,TR-C02754,2024-02-04,0,central,2,weighted,0.2898724094989846,LIVE,OOF,0
TR-008886,TR-C01877,2024-02-04,0,eastern,2,weighted,0.4696015307758571,LIVE,OOF,0
TR-009966,TR-C05344,2024-02-04,0,other,2,weighted,0.21746209805750072,LIVE,OOF,0
TR-002327,TR-C01207,2024-02-05,0,central,2,weighted,0.3606090293480957,LIVE,OOF,0
TR-003260,TR-C02875,2024-02-05,0,other,2,weighted,0.21479634414725815,LIVE,OOF,0
TR-004376,TR-C01250,2024-02-05,0,eastern,2,weighted,0.31532294082264783,LIVE,OOF,0
TR-004468,TR-C04079,2024-02-05,0,central,2,weighted,0.1581932388713715,LIVE,OOF,0
TR-005032,TR-C00069,2024-02-05,0,other,2,weighted,0.7122557405423264,LIVE,OOF,1
TR-005208,TR-C01258,2024-02-05,0,eastern,2,weighted,0.1863761154170416,LIVE,OOF,0
TR-006203,TR-C00644,2024-02-05,0,central,2,weighted,0.04157188131696158,LIVE,OOF,0
TR-006903,TR-C00253,2024-02-05,0,central,2,weighted,0.3510679485146765,LIVE,OOF,0
TR-007462,TR-C06481,2024-02-05,0,western,2,weighted,0.06084156575783937,LIVE,OOF,0
TR-008163,TR-C04079,2024-02-05,0,central,2,weighted,0.14496112403064085,LIVE,OOF,0
TR-000816,TR-C00413,2024-02-06,0,other,2,weighted,0.2944255418899749,LIVE,OOF,0
TR-003047,TR-C03835,2024-02-06,1,central,2,weighted,0.17990018038633235,LIVE,OOF,0
TR-004196,TR-C03220,2024-02-06,1,eastern,2,weighted,0.10240121462342289,LIVE,OOF,0
TR-005104,TR-C06060,2024-02-06,0,western,2,weighted,0.15479604429653657,LIVE,OOF,0
TR-005685,TR-C00901,2024-02-06,0,eastern,2,weighted,0.031304335421033246,LIVE,OOF,0
TR-005708,TR-C05982,2024-02-06,0,eastern,2,weighted,0.022840552633855996,LIVE,OOF,0
TR-006733,TR-C04214,2024-02-06,0,central,2,weighted,0.5247593970350489,LIVE,OOF,0
TR-007491,TR-C01764,2024-02-06,0,eastern,2,weighted,0.10570033666428054,LIVE,OOF,0
TR-008509,TR-C03970,2024-02-06,1,western,2,weighted,0.1846685200965448,LIVE,OOF,0
TR-008561,TR-C00249,2024-02-06,0,central,2,weighted,0.10060820357035732,LIVE,OOF,0
TR-008695,TR-C03925,2024-02-06,0,western,2,weighted,0.831538131389093,LIVE,OOF,1
TR-009812,TR-C02268,2024-02-06,0,eastern,2,weighted,0.02263096988016689,LIVE,OOF,0
TR-001600,TR-C05138,2024-02-07,0,other,2,weighted,0.12445068355105689,LIVE,OOF,0
TR-005519,TR-C03588,2024-02-07,0,eastern,2,weighted,0.033417372993359555,LIVE,OOF,0
TR-005807,TR-C03069,2024-02-07,1,eastern,2,weighted,0.7016373761509573,LIVE,OOF,1
TR-006512,TR-C00898,2024-02-07,0,other,2,weighted,0.06554585579207305,LIVE,OOF,0
TR-008414,TR-C04235,2024-02-07,0,eastern,2,weighted,0.3720861413883985,LIVE,OOF,0
TR-009785,TR-C00331,2024-02-07,0,western,2,weighted,0.5573555696479385,LIVE,OOF,0
TR-009923,TR-C04682,2024-02-07,0,western,2,weighted,0.034898225402695146,LIVE,OOF,0
TR-000643,TR-C02664,2024-02-08,0,eastern,2,weighted,0.7538489209087444,LIVE,OOF,1
TR-000809,TR-C04221,2024-02-08,0,western,2,weighted,0.030488021039951786,LIVE,OOF,0
TR-000984,TR-C04818,2024-02-08,0,western,2,weighted,0.19466754167859018,LIVE,OOF,0
TR-001760,TR-C00571,2024-02-08,0,eastern,2,weighted,0.07208888812279268,LIVE,OOF,0
TR-002381,TR-C01418,2024-02-08,0,eastern,2,weighted,0.15152609873370745,LIVE,OOF,0
TR-002545,TR-C02779,2024-02-08,0,western,2,weighted,0.8584355495203218,LIVE,OOF,1
TR-003097,TR-C03198,2024-02-08,0,other,2,weighted,0.16716691828721408,LIVE,OOF,0
TR-005639,TR-C00370,2024-02-08,0,western,2,weighted,0.6077112481556256,LIVE,OOF,0
TR-006210,TR-C03406,2024-02-08,0,other,2,weighted,0.13077422245772763,LIVE,OOF,0
TR-007091,TR-C01201,2024-02-08,0,central,2,weighted,0.04196889815179376,LIVE,OOF,0
TR-008571,TR-C05379,2024-02-08,0,other,2,weighted,0.2586412126974255,LIVE,OOF,0
TR-009230,TR-C02818,2024-02-08,0,eastern,2,weighted,0.0694307558155847,LIVE,OOF,0
TR-009297,TR-C05896,2024-02-08,0,western,2,weighted,0.269138329725425,LIVE,OOF,0
TR-000328,TR-C00849,2024-02-09,0,other,2,weighted,0.015121371452330718,LIVE,OOF,0
TR-001557,TR-C04220,2024-02-09,0,eastern,2,weighted,0.04244913112580359,LIVE,OOF,0
TR-002324,TR-C04215,2024-02-09,0,other,2,weighted,0.09811865504172124,LIVE,OOF,0
TR-003148,TR-C04716,2024-02-09,0,central,2,weighted,0.07594353924224559,LIVE,OOF,0
TR-005029,TR-C01175,2024-02-09,0,other,2,weighted,0.351890457054289,LIVE,OOF,0
TR-008080,TR-C01613,2024-02-09,0,eastern,2,weighted,0.055950081935383915,LIVE,OOF,0
TR-008305,TR-C01062,2024-02-09,0,eastern,2,weighted,0.43517097330741045,LIVE,OOF,0
TR-006977,TR-C05750,2024-02-10,1,eastern,2,weighted,0.8926503852713494,LIVE,OOF,1
TR-007609,TR-C03257,2024-02-10,0,eastern,2,weighted,0.14960875626658085,LIVE,OOF,0
TR-007918,TR-C04805,2024-02-10,0,central,2,weighted,0.20536647387203824,LIVE,OOF,0
TR-007938,TR-C06079,2024-02-10,0,central,2,weighted,0.1668131370451967,LIVE,OOF,0
TR-008360,TR-C02724,2024-02-10,0,central,2,weighted,0.1383689070652328,LIVE,OOF,0
TR-001040,TR-C01701,2024-02-11,0,other,2,weighted,0.03785943997706694,LIVE,OOF,0
TR-001575,TR-C00012,2024-02-11,0,other,2,weighted,0.04287403999836967,LIVE,OOF,0
TR-001802,TR-C00486,2024-02-11,0,western,2,weighted,0.09783357254947792,LIVE,OOF,0
TR-001831,TR-C03706,2024-02-11,0,eastern,2,weighted,0.03666225200502898,LIVE,OOF,0
TR-001849,TR-C03440,2024-02-11,0,eastern,2,weighted,0.5971356452678965,LIVE,OOF,0
TR-002370,TR-C02199,2024-02-11,0,other,2,weighted,0.26754209159248865,LIVE,OOF,0
TR-006984,TR-C06494,2024-02-11,0,other,2,weighted,0.289972928698377,LIVE,OOF,0
TR-007175,TR-C02318,2024-02-11,0,other,2,weighted,0.22696773903367548,LIVE,OOF,0
TR-007906,TR-C00932,2024-02-11,0,central,2,weighted,0.024783864343155635,LIVE,OOF,0
TR-009146,TR-C05534,2024-02-11,0,western,2,weighted,0.12272161150673591,LIVE,OOF,0
TR-000512,TR-C03662,2024-02-12,0,central,2,weighted,0.0712662855052067,LIVE,OOF,0
TR-002959,TR-C01949,2024-02-12,0,western,2,weighted,0.14423467945463161,LIVE,OOF,0
TR-003767,TR-C01867,2024-02-12,0,other,2,weighted,0.597615749104755,LIVE,OOF,0
TR-004676,TR-C01901,2024-02-12,0,eastern,2,weighted,0.1471393201035875,LIVE,OOF,0
TR-009239,TR-C02260,2024-02-12,0,other,2,weighted,0.2790456154226894,LIVE,OOF,0
TR-009726,TR-C05808,2024-02-12,0,other,2,weighted,0.03494187004601525,LIVE,OOF,0
TR-002119,TR-C01303,2024-02-13,0,other,2,weighted,0.18179936932948554,LIVE,OOF,0
TR-004067,TR-C04774,2024-02-13,0,central,2,weighted,0.23136244188591448,LIVE,OOF,0
TR-005656,TR-C01732,2024-02-13,0,central,2,weighted,0.01574555002663855,LIVE,OOF,0
TR-009963,TR-C01599,2024-02-13,0,central,2,weighted,0.13810017964835777,LIVE,OOF,0
TR-000174,TR-C02649,2024-02-14,0,western,2,weighted,0.11906060856702025,LIVE,OOF,0
TR-003015,TR-C03143,2024-02-14,0,eastern,2,weighted,0.06133012159534775,LIVE,OOF,0
TR-005351,TR-C05287,2024-02-14,0,western,2,weighted,0.04208542821317372,LIVE,OOF,0
TR-006148,TR-C04519,2024-02-14,0,other,2,weighted,0.06840570219340622,LIVE,OOF,0
TR-006226,TR-C02416,2024-02-14,1,central,2,weighted,0.5835847659025684,LIVE,OOF,0
TR-006651,TR-C02990,2024-02-14,1,eastern,2,weighted,0.38349166522575495,LIVE,OOF,0
TR-006935,TR-C04801,2024-02-14,0,western,2,weighted,0.14008942236310487,LIVE,OOF,0
TR-007573,TR-C00938,2024-02-14,1,other,2,weighted,0.17822154614966496,LIVE,OOF,0
TR-000070,TR-C04745,2024-02-15,1,western,2,weighted,0.8470778652319098,LIVE,OOF,1
TR-002871,TR-C02112,2024-02-15,0,central,2,weighted,0.0706271361692757,LIVE,OOF,0
TR-006264,TR-C00674,2024-02-15,0,central,2,weighted,0.19062374913874813,LIVE,OOF,0
TR-006978,TR-C01253,2024-02-15,0,eastern,2,weighted,0.043314129489193984,LIVE,OOF,0
TR-001962,TR-C06461,2024-02-16,0,central,2,weighted,0.41338128900946564,LIVE,OOF,0
TR-002187,TR-C03736,2024-02-16,0,western,2,weighted,0.03237677462715309,LIVE,OOF,0
TR-002306,TR-C05735,2024-02-16,0,central,2,weighted,0.1943173948429986,LIVE,OOF,0
TR-003235,TR-C00092,2024-02-16,0,other,2,weighted,0.10315012503254954,LIVE,OOF,0
TR-003638,TR-C03021,2024-02-16,0,eastern,2,weighted,0.33684378373671814,LIVE,OOF,0
TR-004650,TR-C00941,2024-02-16,0,western,2,weighted,0.14863156555799245,LIVE,OOF,0
TR-004896,TR-C01292,2024-02-17,0,other,2,weighted,0.6506298948828477,LIVE,OOF,0
TR-005488,TR-C06484,2024-02-17,0,other,2,weighted,0.38852608008405193,LIVE,OOF,0
TR-005545,TR-C02661,2024-02-17,0,eastern,2,weighted,0.06788326137695373,LIVE,OOF,0
TR-005892,TR-C01972,2024-02-17,0,eastern,2,weighted,0.47010163466133587,LIVE,OOF,0
TR-006156,TR-C04332,2024-02-17,0,eastern,2,weighted,0.07963001452107638,LIVE,OOF,0
TR-006262,TR-C04392,2024-02-17,0,central,2,weighted,0.1274048272023284,LIVE,OOF,0
TR-008796,TR-C01417,2024-02-17,0,eastern,2,weighted,0.17860415341175817,LIVE,OOF,0
TR-008921,TR-C06423,2024-02-17,0,other,2,weighted,0.5076598729245246,LIVE,OOF,0
TR-009400,TR-C00417,2024-02-17,0,other,2,weighted,0.5821148980741986,LIVE,OOF,0
TR-000998,TR-C04099,2024-02-18,1,western,2,weighted,0.45744820215803467,LIVE,OOF,0
TR-001440,TR-C01461,2024-02-18,0,eastern,2,weighted,0.03087585110580337,LIVE,OOF,0
TR-003430,TR-C02238,2024-02-18,0,western,2,weighted,0.11567895137560623,LIVE,OOF,0
TR-003827,TR-C00294,2024-02-18,0,eastern,2,weighted,0.5972378871547116,LIVE,OOF,0
TR-004049,TR-C06319,2024-02-18,0,western,2,weighted,0.03277701099023967,LIVE,OOF,0
TR-006611,TR-C04459,2024-02-18,0,eastern,2,weighted,0.2987810460820641,LIVE,OOF,0
TR-000825,TR-C06139,2024-02-19,0,western,2,weighted,0.8095759304635121,LIVE,OOF,1
TR-001974,TR-C01825,2024-02-19,0,eastern,2,weighted,0.5407376236488484,LIVE,OOF,0
TR-003259,TR-C04501,2024-02-19,0,western,2,weighted,0.08816809111978327,LIVE,OOF,0
TR-003798,TR-C03915,2024-02-19,0,western,2,weighted,0.3915440387388662,LIVE,OOF,0
TR-004653,TR-C04063,2024-02-19,0,central,2,weighted,0.2907613128052844,LIVE,OOF,0
TR-005542,TR-C03468,2024-02-19,0,central,2,weighted,0.24093612713199244,LIVE,OOF,0
TR-006563,TR-C03755,2024-02-19,0,other,2,weighted,0.739991196901622,LIVE,OOF,1
TR-001284,TR-C03030,2024-02-20,0,eastern,2,weighted,0.07338661508548527,LIVE,OOF,0
TR-004784,TR-C01892,2024-02-20,0,western,2,weighted,0.7093494557112263,LIVE,OOF,1
TR-004810,TR-C05546,2024-02-20,0,eastern,2,weighted,0.05480812751982061,LIVE,OOF,0
TR-007848,TR-C01813,2024-02-20,0,western,2,weighted,0.07281056840658989,LIVE,OOF,0
TR-000238,TR-C00242,2024-02-21,0,central,2,weighted,0.12199865346831615,LIVE,OOF,0
TR-000479,TR-C04208,2024-02-21,1,eastern,2,weighted,0.8238695920731623,LIVE,OOF,1
TR-002385,TR-C02106,2024-02-21,0,eastern,2,weighted,0.07272398619783894,LIVE,OOF,0
TR-005285,TR-C06306,2024-02-21,0,eastern,2,weighted,0.10247947823201768,LIVE,OOF,0
TR-006494,TR-C06388,2024-02-21,0,other,2,weighted,0.3299199754720907,LIVE,OOF,0
TR-006557,TR-C01314,2024-02-21,0,western,2,weighted,0.37791605290192526,LIVE,OOF,0
TR-006859,TR-C04732,2024-02-21,0,eastern,2,weighted,0.027668002379040556,LIVE,OOF,0
TR-007549,TR-C00102,2024-02-21,0,western,2,weighted,0.01778717183564863,LIVE,OOF,0
TR-008132,TR-C02898,2024-02-21,1,central,2,weighted,0.8593744360913358,LIVE,OOF,1
TR-009076,TR-C01783,2024-02-21,0,eastern,2,weighted,0.05374928665049379,LIVE,OOF,0
TR-002089,TR-C02392,2024-02-22,0,other,2,weighted,0.0676778649092515,LIVE,OOF,0
TR-004819,TR-C01710,2024-02-22,0,central,2,weighted,0.2581109982956382,LIVE,OOF,0
TR-005252,TR-C05961,2024-02-22,0,other,2,weighted,0.3990305007747804,LIVE,OOF,0
TR-009715,TR-C02484,2024-02-22,0,eastern,2,weighted,0.08533614394688181,LIVE,OOF,0
TR-002115,TR-C04607,2024-02-23,0,central,2,weighted,0.02447083279790009,LIVE,OOF,0
TR-002315,TR-C02162,2024-02-23,0,other,2,weighted,0.11153639073837016,LIVE,OOF,0
TR-006018,TR-C01573,2024-02-23,0,central,2,weighted,0.25676821434999575,LIVE,OOF,0
TR-007715,TR-C05013,2024-02-23,0,western,2,weighted,0.060014234459307376,LIVE,OOF,0
TR-008019,TR-C04506,2024-02-23,0,other,2,weighted,0.2969399949950638,LIVE,OOF,0
TR-008938,TR-C00376,2024-02-23,0,other,2,weighted,0.07338808097755398,LIVE,OOF,0
TR-009287,TR-C01183,2024-02-23,0,eastern,2,weighted,0.06479051566065569,LIVE,OOF,0
TR-003891,TR-C03162,2024-02-24,0,eastern,2,weighted,0.11049247305550201,LIVE,OOF,0
TR-005292,TR-C00687,2024-02-24,0,western,2,weighted,0.11002984763974163,LIVE,OOF,0
TR-005621,TR-C04207,2024-02-24,0,eastern,2,weighted,0.06939364235175458,LIVE,OOF,0
TR-006391,TR-C01661,2024-02-24,1,western,2,weighted,0.7567003320355714,LIVE,OOF,1
TR-007232,TR-C06221,2024-02-24,0,western,2,weighted,0.057210717971042144,LIVE,OOF,0
TR-007333,TR-C03585,2024-02-24,1,western,2,weighted,0.6875989680006014,LIVE,OOF,1
TR-008302,TR-C00058,2024-02-24,0,other,2,weighted,0.4073192883818453,LIVE,OOF,0
TR-009417,TR-C01644,2024-02-24,0,other,2,weighted,0.011918790756522359,LIVE,OOF,0
TR-009600,TR-C00497,2024-02-24,0,central,2,weighted,0.2839466347417308,LIVE,OOF,0
TR-000311,TR-C05499,2024-02-25,0,central,2,weighted,0.12250765815150645,LIVE,OOF,0
TR-000949,TR-C06029,2024-02-25,0,other,2,weighted,0.05849328392367717,LIVE,OOF,0
TR-001542,TR-C01368,2024-02-25,0,central,2,weighted,0.19748444032941964,LIVE,OOF,0
TR-002574,TR-C01365,2024-02-25,0,western,2,weighted,0.1982761548750553,LIVE,OOF,0
TR-005337,TR-C02110,2024-02-25,0,eastern,2,weighted,0.0361411275788697,LIVE,OOF,0
TR-007961,TR-C05335,2024-02-25,0,central,2,weighted,0.8503577351720482,LIVE,OOF,1
TR-008180,TR-C05964,2024-02-25,0,eastern,2,weighted,0.06384649328117847,LIVE,OOF,0
TR-008771,TR-C04687,2024-02-25,1,central,2,weighted,0.646504386911345,LIVE,OOF,0
TR-001005,TR-C00094,2024-02-26,0,other,2,weighted,0.3375200496924543,LIVE,OOF,0
TR-001312,TR-C01556,2024-02-26,0,central,2,weighted,0.32002930253039785,LIVE,OOF,0
TR-001363,TR-C01949,2024-02-26,0,western,2,weighted,0.07858663861630101,LIVE,OOF,0
TR-001532,TR-C02758,2024-02-26,0,central,2,weighted,0.023218315601431998,LIVE,OOF,0
TR-002293,TR-C04545,2024-02-26,1,other,2,weighted,0.13612740568803924,LIVE,OOF,0
TR-004208,TR-C02280,2024-02-26,0,other,2,weighted,0.07563420208065023,LIVE,OOF,0
TR-007065,TR-C03858,2024-02-26,0,eastern,2,weighted,0.24904818093082914,LIVE,OOF,0
TR-007738,TR-C01568,2024-02-26,0,western,2,weighted,0.04079861861421917,LIVE,OOF,0
TR-000414,TR-C03591,2024-02-27,0,western,2,weighted,0.08945902242452308,LIVE,OOF,0
TR-000605,TR-C06362,2024-02-27,0,western,2,weighted,0.12906832151995004,LIVE,OOF,0
TR-003034,TR-C06437,2024-02-27,0,other,2,weighted,0.3786519725336075,LIVE,OOF,0
TR-003416,TR-C03086,2024-02-27,0,eastern,2,weighted,0.138758270171551,LIVE,OOF,0
TR-005019,TR-C05209,2024-02-27,1,eastern,2,weighted,0.31774752630413416,LIVE,OOF,0
TR-005392,TR-C04790,2024-02-27,0,western,2,weighted,0.11281533293174129,LIVE,OOF,0
TR-007513,TR-C04293,2024-02-27,0,western,2,weighted,0.12587597505407286,LIVE,OOF,0
TR-000134,TR-C04209,2024-02-28,0,eastern,2,weighted,0.23091383875647026,LIVE,OOF,0
TR-000959,TR-C01067,2024-02-28,0,central,2,weighted,0.4879316666818449,LIVE,OOF,0
TR-001010,TR-C00529,2024-02-28,0,central,2,weighted,0.6531924253903885,LIVE,OOF,0
TR-003830,TR-C01472,2024-02-28,0,eastern,2,weighted,0.15410309228911706,LIVE,OOF,0
TR-004681,TR-C00404,2024-02-28,0,western,2,weighted,0.06297121310806841,LIVE,OOF,0
TR-004866,TR-C00608,2024-02-28,0,eastern,2,weighted,0.06548097148470182,LIVE,OOF,0
TR-005711,TR-C02003,2024-02-28,0,other,2,weighted,0.13164372414149814,LIVE,OOF,0
TR-006474,TR-C03651,2024-02-28,0,central,2,weighted,0.010464812986574508,LIVE,OOF,0
TR-006552,TR-C03401,2024-02-28,0,other,2,weighted,0.23378082703109235,LIVE,OOF,0
TR-007008,TR-C04712,2024-02-28,1,eastern,2,weighted,0.7642341960468988,LIVE,OOF,1
TR-007803,TR-C02188,2024-02-28,0,other,2,weighted,0.7277896586817433,LIVE,OOF,1
TR-009122,TR-C04050,2024-02-28,0,other,2,weighted,0.07011345779350973,LIVE,OOF,0
TR-001087,TR-C00724,2024-02-29,0,central,2,weighted,0.10167699967266498,LIVE,OOF,0
TR-003392,TR-C03372,2024-02-29,1,other,2,weighted,0.21462523881554513,LIVE,OOF,0
TR-004563,TR-C01535,2024-02-29,0,other,2,weighted,0.1447398855641268,LIVE,OOF,0
TR-004664,TR-C01120,2024-02-29,0,eastern,2,weighted,0.0528359385511277,LIVE,OOF,0
TR-005501,TR-C02071,2024-02-29,0,eastern,2,weighted,0.3865329310351736,LIVE,OOF,0
TR-007565,TR-C05816,2024-02-29,0,western,2,weighted,0.34477481095062457,LIVE,OOF,0
TR-007815,TR-C05814,2024-02-29,0,eastern,2,weighted,0.2726466391479256,LIVE,OOF,0
TR-008378,TR-C03720,2024-02-29,0,central,2,weighted,0.13030758072040455,LIVE,OOF,0
TR-008478,TR-C00116,2024-02-29,0,central,2,weighted,0.05849191813372386,LIVE,OOF,0
TR-000966,TR-C00427,2024-03-01,0,other,2,weighted,0.2540447194915689,LIVE,OOF,0
TR-003734,TR-C01167,2024-03-01,0,western,2,weighted,0.24400186891771544,LIVE,OOF,0
TR-006106,TR-C06486,2024-03-01,0,other,2,weighted,0.6541370208516915,LIVE,OOF,0
TR-007291,TR-C01572,2024-03-01,0,eastern,2,weighted,0.03467372165852863,LIVE,OOF,0
TR-000317,TR-C04653,2024-03-02,0,central,2,weighted,0.4060880330739524,LIVE,OOF,0
TR-001546,TR-C01001,2024-03-02,1,western,2,weighted,0.5713026479175604,LIVE,OOF,0
TR-001655,TR-C01971,2024-03-02,1,eastern,2,weighted,0.8219230437733867,LIVE,OOF,1
TR-001922,TR-C03128,2024-03-02,0,other,2,weighted,0.42421813191721186,LIVE,OOF,0
TR-002748,TR-C03252,2024-03-02,0,eastern,2,weighted,0.24971412179977465,LIVE,OOF,0
TR-003201,TR-C03424,2024-03-02,0,eastern,2,weighted,0.6625732199972424,LIVE,OOF,1
TR-004071,TR-C00599,2024-03-02,1,eastern,2,weighted,0.4095679884526988,LIVE,OOF,0
TR-005128,TR-C00022,2024-03-02,0,other,2,weighted,0.1119617468318438,LIVE,OOF,0
TR-008248,TR-C05464,2024-03-02,1,other,2,weighted,0.800885627530825,LIVE,OOF,1
TR-008712,TR-C05365,2024-03-02,0,western,2,weighted,0.6292259568903802,LIVE,OOF,0
TR-001613,TR-C00014,2024-03-03,0,other,2,weighted,0.05219911855968303,LIVE,OOF,0
TR-002360,TR-C00528,2024-03-03,0,central,2,weighted,0.14565406415583748,LIVE,OOF,0
TR-004112,TR-C05331,2024-03-03,0,other,2,weighted,0.19880047390321415,LIVE,OOF,0
TR-004537,TR-C01376,2024-03-03,0,eastern,2,weighted,0.2735613205481693,LIVE,OOF,0
TR-005812,TR-C03651,2024-03-03,0,central,2,weighted,0.01348996909151919,LIVE,OOF,0
TR-006785,TR-C04036,2024-03-03,0,western,2,weighted,0.7682578826041179,LIVE,OOF,1
TR-007958,TR-C04543,2024-03-03,0,other,2,weighted,0.12561275724997084,LIVE,OOF,0
TR-008873,TR-C02314,2024-03-03,0,central,2,weighted,0.07897458998717859,LIVE,OOF,0
TR-009489,TR-C01298,2024-03-03,0,eastern,2,weighted,0.25279802492830405,LIVE,OOF,0
TR-001073,TR-C01111,2024-03-04,0,central,2,weighted,0.09304397134811496,LIVE,OOF,0
TR-001382,TR-C01966,2024-03-04,0,central,2,weighted,0.2805327410259943,LIVE,OOF,0
TR-001577,TR-C01053,2024-03-04,0,eastern,2,weighted,0.145755971107716,LIVE,OOF,0
TR-002738,TR-C02446,2024-03-04,0,other,2,weighted,0.33893184934949927,LIVE,OOF,0
TR-003006,TR-C02684,2024-03-04,0,western,2,weighted,0.8257975168614167,LIVE,OOF,1
TR-005549,TR-C01774,2024-03-04,1,western,2,weighted,0.4773720921593837,LIVE,OOF,0
TR-006280,TR-C06492,2024-03-04,0,other,2,weighted,0.5646082898245955,LIVE,OOF,0
TR-006294,TR-C04017,2024-03-04,0,other,2,weighted,0.3952412573684619,LIVE,OOF,0
TR-006966,TR-C00971,2024-03-04,0,other,2,weighted,0.16571834586143125,LIVE,OOF,0
TR-007529,TR-C02153,2024-03-04,0,other,2,weighted,0.6555512801739984,LIVE,OOF,0
TR-007614,TR-C05590,2024-03-04,0,central,2,weighted,0.20896454575129053,LIVE,OOF,0
TR-007878,TR-C05581,2024-03-04,0,eastern,2,weighted,0.18979663344827674,LIVE,OOF,0
TR-001217,TR-C05558,2024-03-05,0,eastern,2,weighted,0.13166519718463443,LIVE,OOF,0
TR-001703,TR-C05417,2024-03-05,0,other,2,weighted,0.24563922239532932,LIVE,OOF,0
TR-002402,TR-C01317,2024-03-05,0,other,2,weighted,0.03135035859121381,LIVE,OOF,0
TR-005101,TR-C00400,2024-03-05,1,western,2,weighted,0.21625178027827943,LIVE,OOF,0
TR-005318,TR-C02801,2024-03-05,1,central,2,weighted,0.8140028775600867,LIVE,OOF,1
TR-005594,TR-C04466,2024-03-05,1,eastern,2,weighted,0.29210654831461835,LIVE,OOF,0
TR-005937,TR-C06409,2024-03-05,0,other,2,weighted,0.029150312487259255,LIVE,OOF,0
TR-005957,TR-C05745,2024-03-05,0,western,2,weighted,0.18110009190101256,LIVE,OOF,0
TR-006530,TR-C03143,2024-03-05,0,eastern,2,weighted,0.026870708773500302,LIVE,OOF,0
TR-008171,TR-C05732,2024-03-05,0,other,2,weighted,0.3728730193403162,LIVE,OOF,0
TR-009008,TR-C02996,2024-03-05,0,eastern,2,weighted,0.044023934826287574,LIVE,OOF,0
TR-009126,TR-C03236,2024-03-05,0,central,2,weighted,0.015223936338317649,LIVE,OOF,0
TR-009201,TR-C00017,2024-03-05,0,other,2,weighted,0.47086610927473893,LIVE,OOF,0
TR-000567,TR-C02937,2024-03-06,0,other,2,weighted,0.12563055686657973,LIVE,OOF,0
TR-000592,TR-C02354,2024-03-06,0,other,2,weighted,0.020405462594516848,LIVE,OOF,0
TR-001729,TR-C05961,2024-03-06,0,other,2,weighted,0.22932096364822474,LIVE,OOF,0
TR-002611,TR-C02204,2024-03-06,0,eastern,2,weighted,0.689084787474018,LIVE,OOF,1
TR-007042,TR-C02115,2024-03-06,1,eastern,2,weighted,0.6923201429554772,LIVE,OOF,1
TR-007193,TR-C05934,2024-03-06,0,central,2,weighted,0.2399019610662604,LIVE,OOF,0
TR-007380,TR-C01076,2024-03-06,0,central,2,weighted,0.4901018528763871,LIVE,OOF,0
TR-008344,TR-C04290,2024-03-06,1,central,2,weighted,0.4014756780893232,LIVE,OOF,0
TR-008351,TR-C04049,2024-03-06,0,central,2,weighted,0.24453886175019496,LIVE,OOF,0
TR-008970,TR-C03195,2024-03-06,0,western,2,weighted,0.20496032646036072,LIVE,OOF,0
TR-009888,TR-C04224,2024-03-06,0,central,2,weighted,0.0241739209370203,LIVE,OOF,0
TR-001723,TR-C03693,2024-03-07,0,other,2,weighted,0.6288018349398615,LIVE,OOF,0
TR-002546,TR-C02459,2024-03-07,0,other,2,weighted,0.25966979340033614,LIVE,OOF,0
TR-003328,TR-C02040,2024-03-07,0,western,2,weighted,0.7292735356041384,LIVE,OOF,1
TR-003731,TR-C00246,2024-03-07,0,western,2,weighted,0.33719461017916574,LIVE,OOF,0
TR-004335,TR-C04648,2024-03-07,0,other,2,weighted,0.5471610252389287,LIVE,OOF,0
TR-006420,TR-C02917,2024-03-07,0,eastern,2,weighted,0.1459834205437169,LIVE,OOF,0
TR-006438,TR-C03405,2024-03-07,0,eastern,2,weighted,0.061153236897270674,LIVE,OOF,0
TR-007399,TR-C04134,2024-03-07,0,other,2,weighted,0.12347521939192345,LIVE,OOF,0
TR-008953,TR-C01764,2024-03-07,0,eastern,2,weighted,0.3367974532043175,LIVE,OOF,0
TR-000429,TR-C03973,2024-03-08,0,western,2,weighted,0.029135759897795623,LIVE,OOF,0
TR-000499,TR-C05559,2024-03-08,0,western,2,weighted,0.8505409504304512,LIVE,OOF,1
TR-000873,TR-C02219,2024-03-08,0,western,2,weighted,0.04106945045773989,LIVE,OOF,0
TR-000887,TR-C02001,2024-03-08,0,central,2,weighted,0.7447609683233184,LIVE,OOF,1
TR-001366,TR-C04938,2024-03-08,0,central,2,weighted,0.04914100053067551,LIVE,OOF,0
TR-001441,TR-C05871,2024-03-08,0,western,2,weighted,0.08947762970477477,LIVE,OOF,0
TR-002197,TR-C05769,2024-03-08,0,western,2,weighted,0.03141961413226197,LIVE,OOF,0
TR-007972,TR-C04245,2024-03-08,0,other,2,weighted,0.03172771664874746,LIVE,OOF,0
TR-000753,TR-C03902,2024-03-09,0,western,2,weighted,0.019573270541888118,LIVE,OOF,0
TR-001020,TR-C00142,2024-03-09,0,central,2,weighted,0.2692731109476707,LIVE,OOF,0
TR-001385,TR-C00930,2024-03-09,0,western,2,weighted,0.19271213321864153,LIVE,OOF,0
TR-007608,TR-C00137,2024-03-09,0,central,2,weighted,0.32529379335189645,LIVE,OOF,0
TR-007998,TR-C05540,2024-03-09,0,other,2,weighted,0.6501167065734854,LIVE,OOF,0
TR-009345,TR-C05626,2024-03-09,0,eastern,2,weighted,0.511968430461564,LIVE,OOF,0
TR-009350,TR-C04644,2024-03-09,0,central,2,weighted,0.8295174007034377,LIVE,OOF,1
TR-000526,TR-C05493,2024-03-10,0,western,2,weighted,0.19333632427832428,LIVE,OOF,0
TR-000971,TR-C00250,2024-03-10,0,western,2,weighted,0.047681868018769,LIVE,OOF,0
TR-001933,TR-C05652,2024-03-10,0,other,2,weighted,0.1337176986611004,LIVE,OOF,0
TR-003398,TR-C03740,2024-03-10,0,central,2,weighted,0.10180047788635953,LIVE,OOF,0
TR-004702,TR-C06177,2024-03-10,0,other,2,weighted,0.24111037305272962,LIVE,OOF,0
TR-007464,TR-C01703,2024-03-10,0,other,2,weighted,0.0553416664633005,LIVE,OOF,0
TR-007893,TR-C04931,2024-03-10,0,western,2,weighted,0.016659788205142016,LIVE,OOF,0
TR-008387,TR-C00152,2024-03-10,1,western,2,weighted,0.4306283346766936,LIVE,OOF,0
TR-008948,TR-C03422,2024-03-10,0,eastern,2,weighted,0.14893962112800785,LIVE,OOF,0
TR-000704,TR-C02622,2024-03-11,0,central,2,weighted,0.05240924765008853,LIVE,OOF,0
TR-001292,TR-C04567,2024-03-11,0,western,2,weighted,0.09348139107698263,LIVE,OOF,0
TR-002137,TR-C00622,2024-03-11,0,eastern,2,weighted,0.08450552199388324,LIVE,OOF,0
TR-002900,TR-C01574,2024-03-11,0,western,2,weighted,0.7984012516144662,LIVE,OOF,1
TR-003060,TR-C06046,2024-03-11,0,central,2,weighted,0.04979878836698213,LIVE,OOF,0
TR-003095,TR-C06020,2024-03-11,1,eastern,2,weighted,0.3570042982650232,LIVE,OOF,0
TR-003835,TR-C05293,2024-03-11,0,western,2,weighted,0.15399694259865124,LIVE,OOF,0
TR-006919,TR-C04143,2024-03-11,0,western,2,weighted,0.26720770572878405,LIVE,OOF,0
TR-008214,TR-C01351,2024-03-11,0,other,2,weighted,0.8902403553836143,LIVE,OOF,1
TR-009477,TR-C03152,2024-03-11,0,western,2,weighted,0.055674496666701226,LIVE,OOF,0
TR-000598,TR-C02322,2024-03-12,1,central,2,weighted,0.07638474107020932,LIVE,OOF,0
TR-002498,TR-C00234,2024-03-12,0,western,2,weighted,0.06293411409962019,LIVE,OOF,0
TR-004192,TR-C02268,2024-03-12,0,eastern,2,weighted,0.17792028840302113,LIVE,OOF,0
TR-004251,TR-C02359,2024-03-12,0,eastern,2,weighted,0.03858680745824424,LIVE,OOF,0
TR-004817,TR-C05376,2024-03-12,0,western,2,weighted,0.15063533357320247,LIVE,OOF,0
TR-006798,TR-C00938,2024-03-12,0,other,2,weighted,0.054031739217615476,LIVE,OOF,0
TR-008656,TR-C02139,2024-03-12,0,eastern,2,weighted,0.11067692158909753,LIVE,OOF,0
TR-009111,TR-C00665,2024-03-12,0,central,2,weighted,0.718059030938944,LIVE,OOF,1
TR-009734,TR-C06443,2024-03-12,0,western,2,weighted,0.4860912983541122,LIVE,OOF,0
TR-001907,TR-C00670,2024-03-13,0,eastern,2,weighted,0.1492690599095308,LIVE,OOF,0
TR-001969,TR-C02827,2024-03-13,1,eastern,2,weighted,0.6536832860643925,LIVE,OOF,0
TR-002683,TR-C04045,2024-03-13,0,other,2,weighted,0.00904780593373208,LIVE,OOF,0
TR-003007,TR-C06175,2024-03-13,0,western,2,weighted,0.16078194630677675,LIVE,OOF,0
TR-004053,TR-C00277,2024-03-13,0,eastern,2,weighted,0.06427903230337802,LIVE,OOF,0
TR-004615,TR-C01493,2024-03-13,0,other,2,weighted,0.20338400769926598,LIVE,OOF,0
TR-004779,TR-C03163,2024-03-13,0,eastern,2,weighted,0.2579013547661271,LIVE,OOF,0
TR-006130,TR-C05378,2024-03-13,0,central,2,weighted,0.1643973663867347,LIVE,OOF,0
TR-006202,TR-C06273,2024-03-13,0,western,2,weighted,0.3046180938861765,LIVE,OOF,0
TR-006370,TR-C00867,2024-03-13,0,western,2,weighted,0.052451829932655195,LIVE,OOF,0
TR-009481,TR-C05615,2024-03-13,0,central,2,weighted,0.2659966045682856,LIVE,OOF,0
TR-002242,TR-C00935,2024-03-14,0,eastern,2,weighted,0.03242003378515697,LIVE,OOF,0
TR-002328,TR-C02936,2024-03-14,0,other,2,weighted,0.8089375397932044,LIVE,OOF,1
TR-004224,TR-C04744,2024-03-14,0,eastern,2,weighted,0.27031543456045026,LIVE,OOF,0
TR-004668,TR-C01902,2024-03-14,1,eastern,2,weighted,0.4003052259616207,LIVE,OOF,0
TR-006784,TR-C02311,2024-03-14,0,central,2,weighted,0.42501462682672436,LIVE,OOF,0
TR-008193,TR-C05479,2024-03-14,1,central,2,weighted,0.17133448047559166,LIVE,OOF,0
TR-009090,TR-C05989,2024-03-14,0,eastern,2,weighted,0.01295690239332076,LIVE,OOF,0
TR-000799,TR-C03292,2024-03-15,0,other,2,weighted,0.4930072593376698,LIVE,OOF,0
TR-002272,TR-C03079,2024-03-15,0,central,2,weighted,0.8730208770388991,LIVE,OOF,1
TR-003570,TR-C03172,2024-03-15,0,other,2,weighted,0.29784894405144846,LIVE,OOF,0
TR-004493,TR-C02747,2024-03-15,0,western,2,weighted,0.35211039870502425,LIVE,OOF,0
TR-006507,TR-C03652,2024-03-15,0,western,2,weighted,0.1303158130107036,LIVE,OOF,0
TR-006863,TR-C01100,2024-03-15,0,other,2,weighted,0.05035550389160494,LIVE,OOF,0
TR-007664,TR-C00419,2024-03-15,1,central,2,weighted,0.4157072435673484,LIVE,OOF,0
TR-009182,TR-C01434,2024-03-15,0,other,2,weighted,0.307705087681565,LIVE,OOF,0
TR-000418,TR-C00524,2024-03-16,0,eastern,2,weighted,0.02111248390775094,LIVE,OOF,0
TR-001393,TR-C03329,2024-03-16,0,western,2,weighted,0.07284888562964315,LIVE,OOF,0
TR-003492,TR-C00373,2024-03-16,1,eastern,2,weighted,0.4641108113910968,LIVE,OOF,0
TR-003967,TR-C05215,2024-03-16,0,central,2,weighted,0.20243424207682023,LIVE,OOF,0
TR-004957,TR-C06159,2024-03-16,0,western,2,weighted,0.14937986449009447,LIVE,OOF,0
TR-005531,TR-C05049,2024-03-16,0,other,2,weighted,0.3147502381562223,LIVE,OOF,0
TR-005939,TR-C00560,2024-03-16,0,other,2,weighted,0.47157491805043966,LIVE,OOF,0
TR-006690,TR-C01779,2024-03-16,0,other,2,weighted,0.1590200910437102,LIVE,OOF,0
TR-007582,TR-C05427,2024-03-16,0,central,2,weighted,0.21440234814033307,LIVE,OOF,0
TR-008888,TR-C06459,2024-03-16,0,eastern,2,weighted,0.09860113754830593,LIVE,OOF,0
TR-001222,TR-C06269,2024-03-17,0,central,2,weighted,0.4299050164498639,LIVE,OOF,0
TR-003276,TR-C02357,2024-03-17,1,eastern,2,weighted,0.3434964062638492,LIVE,OOF,0
TR-004085,TR-C02563,2024-03-17,0,central,2,weighted,0.6998614116298546,LIVE,OOF,1
TR-004553,TR-C03077,2024-03-17,0,eastern,2,weighted,0.8503635093528155,LIVE,OOF,1
TR-008296,TR-C03356,2024-03-17,0,eastern,2,weighted,0.41942453464561125,LIVE,OOF,0
TR-008628,TR-C05648,2024-03-17,0,central,2,weighted,0.09123700853325255,LIVE,OOF,0
TR-009686,TR-C02307,2024-03-17,0,eastern,2,weighted,0.0157008144126758,LIVE,OOF,0
TR-000426,TR-C03493,2024-03-18,0,other,2,weighted,0.079465664968969,LIVE,OOF,0
TR-000888,TR-C01748,2024-03-18,0,other,2,weighted,0.05058040442634516,LIVE,OOF,0
TR-001326,TR-C03521,2024-03-18,0,central,2,weighted,0.07893532680697064,LIVE,OOF,0
TR-001679,TR-C04759,2024-03-18,0,other,2,weighted,0.6452262371475932,LIVE,OOF,0
TR-002659,TR-C00688,2024-03-18,0,eastern,2,weighted,0.10578309875617735,LIVE,OOF,0
TR-004561,TR-C00681,2024-03-18,0,eastern,2,weighted,0.046782234556683816,LIVE,OOF,0
TR-004704,TR-C05267,2024-03-18,0,western,2,weighted,0.05246464519775981,LIVE,OOF,0
TR-005570,TR-C01550,2024-03-18,0,eastern,2,weighted,0.044639124216537214,LIVE,OOF,0
TR-007563,TR-C02845,2024-03-18,0,eastern,2,weighted,0.3317658836423926,LIVE,OOF,0
TR-007671,TR-C04987,2024-03-18,0,eastern,2,weighted,0.02563271550968295,LIVE,OOF,0
TR-008143,TR-C05901,2024-03-18,1,western,2,weighted,0.27547809441733256,LIVE,OOF,0
TR-000243,TR-C03740,2024-03-19,0,central,2,weighted,0.04800276035386064,LIVE,OOF,0
TR-000903,TR-C06171,2024-03-19,0,western,2,weighted,0.26641707648235896,LIVE,OOF,0
TR-000930,TR-C04600,2024-03-19,0,western,2,weighted,0.086529244454609,LIVE,OOF,0
TR-001149,TR-C01281,2024-03-19,0,other,2,weighted,0.700142387599053,LIVE,OOF,1
TR-003311,TR-C04149,2024-03-19,1,western,2,weighted,0.7165550406925865,LIVE,OOF,1
TR-003411,TR-C00722,2024-03-19,0,central,2,weighted,0.05978366504315834,LIVE,OOF,0
TR-005364,TR-C03928,2024-03-19,0,central,2,weighted,0.7713088260780409,LIVE,OOF,1
TR-000296,TR-C06445,2024-03-20,0,western,2,weighted,0.06977269798579261,LIVE,OOF,0
TR-000449,TR-C00536,2024-03-20,0,other,2,weighted,0.11448920009287768,LIVE,OOF,0
TR-002625,TR-C06410,2024-03-20,0,western,2,weighted,0.3911812136030304,LIVE,OOF,0
TR-005031,TR-C05094,2024-03-20,1,eastern,2,weighted,0.1557764381340197,LIVE,OOF,0
TR-005170,TR-C06104,2024-03-20,0,other,2,weighted,0.7123600583983418,LIVE,OOF,1
TR-000985,TR-C06454,2024-03-21,0,other,2,weighted,0.05847057448314662,LIVE,OOF,0
TR-002006,TR-C01815,2024-03-21,0,western,2,weighted,0.44019338605331615,LIVE,OOF,0
TR-003078,TR-C04462,2024-03-21,0,eastern,2,weighted,0.09921662652771525,LIVE,OOF,0
TR-003949,TR-C03182,2024-03-21,0,western,2,weighted,0.03342223957714111,LIVE,OOF,0
TR-006153,TR-C02629,2024-03-21,0,other,2,weighted,0.7887267354607644,LIVE,OOF,1
TR-008515,TR-C03943,2024-03-21,0,other,2,weighted,0.01689091072571048,LIVE,OOF,0
TR-009087,TR-C06089,2024-03-21,0,western,2,weighted,0.01814013321721106,LIVE,OOF,0
TR-000534,TR-C03960,2024-03-22,0,central,2,weighted,0.05017627050427709,LIVE,OOF,0
TR-002392,TR-C02090,2024-03-22,0,central,2,weighted,0.5316892393371456,LIVE,OOF,0
TR-003013,TR-C05487,2024-03-22,0,other,2,weighted,0.5340482771957136,LIVE,OOF,0
TR-004320,TR-C00004,2024-03-22,0,other,2,weighted,0.8754271734423857,LIVE,OOF,1
TR-005054,TR-C04906,2024-03-22,0,other,2,weighted,0.01620931495349439,LIVE,OOF,0
TR-005701,TR-C02876,2024-03-22,1,western,2,weighted,0.21548506188535654,LIVE,OOF,0
TR-005955,TR-C05366,2024-03-22,0,other,2,weighted,0.2225440661370422,LIVE,OOF,0
TR-006220,TR-C02337,2024-03-22,0,eastern,2,weighted,0.1984701657719264,LIVE,OOF,0
TR-006802,TR-C02247,2024-03-22,0,other,2,weighted,0.18979963126706847,LIVE,OOF,0
TR-007296,TR-C05069,2024-03-22,0,central,2,weighted,0.0770796809823898,LIVE,OOF,0
TR-007610,TR-C04894,2024-03-22,0,western,2,weighted,0.01520519748953741,LIVE,OOF,0
TR-009382,TR-C04804,2024-03-22,1,other,2,weighted,0.7812241466646661,LIVE,OOF,1
TR-009576,TR-C02313,2024-03-22,0,eastern,2,weighted,0.13835347757685842,LIVE,OOF,0
TR-001174,TR-C06167,2024-03-23,0,other,2,weighted,0.053015804515761766,LIVE,OOF,0
TR-001321,TR-C04917,2024-03-23,0,central,2,weighted,0.12992211697995784,LIVE,OOF,0
TR-001736,TR-C02182,2024-03-23,0,other,2,weighted,0.4478027491251319,LIVE,OOF,0
TR-002074,TR-C01730,2024-03-23,0,central,2,weighted,0.3401188109241726,LIVE,OOF,0
TR-002425,TR-C02857,2024-03-23,1,other,2,weighted,0.8006096280007985,LIVE,OOF,1
TR-002686,TR-C02679,2024-03-23,1,central,2,weighted,0.5281515138875681,LIVE,OOF,0
TR-002765,TR-C00991,2024-03-23,0,eastern,2,weighted,0.13358939498628247,LIVE,OOF,0
TR-004969,TR-C04307,2024-03-23,0,eastern,2,weighted,0.09684983510963849,LIVE,OOF,0
TR-005110,TR-C02919,2024-03-23,0,central,2,weighted,0.07563287891289838,LIVE,OOF,0
TR-005151,TR-C04370,2024-03-23,1,western,2,weighted,0.2707817408003375,LIVE,OOF,0
TR-005421,TR-C01652,2024-03-23,0,other,2,weighted,0.05589179113340136,LIVE,OOF,0
TR-005517,TR-C02054,2024-03-23,0,western,2,weighted,0.2602095219628868,LIVE,OOF,0
TR-005994,TR-C03373,2024-03-23,0,central,2,weighted,0.09813607347314099,LIVE,OOF,0
TR-006589,TR-C03631,2024-03-23,0,western,2,weighted,0.4578871710483479,LIVE,OOF,0
TR-007100,TR-C05021,2024-03-23,0,central,2,weighted,0.03911938245907392,LIVE,OOF,0
TR-007350,TR-C01739,2024-03-23,0,western,2,weighted,0.05248195636386592,LIVE,OOF,0
TR-008250,TR-C00569,2024-03-23,0,eastern,2,weighted,0.5208328370746033,LIVE,OOF,0
TR-008704,TR-C02009,2024-03-23,0,eastern,2,weighted,0.03103996305513466,LIVE,OOF,0
TR-000647,TR-C03464,2024-03-24,0,central,2,weighted,0.19317337543271493,LIVE,OOF,0
TR-003472,TR-C05576,2024-03-24,0,other,2,weighted,0.023182531834893435,LIVE,OOF,0
TR-004315,TR-C02366,2024-03-24,0,other,2,weighted,0.08941759180639779,LIVE,OOF,0
TR-006764,TR-C01124,2024-03-24,0,other,2,weighted,0.26441353316452587,LIVE,OOF,0
TR-008436,TR-C06357,2024-03-24,0,other,2,weighted,0.28481931817204703,LIVE,OOF,0
TR-008500,TR-C02969,2024-03-24,0,other,2,weighted,0.13083116329538425,LIVE,OOF,0
TR-001684,TR-C05893,2024-03-25,1,other,2,weighted,0.5439175600646603,LIVE,OOF,0
TR-001792,TR-C05918,2024-03-25,0,eastern,2,weighted,0.08314846491096628,LIVE,OOF,0
TR-002705,TR-C02480,2024-03-25,0,eastern,2,weighted,0.17629503561539742,LIVE,OOF,0
TR-003112,TR-C05695,2024-03-25,0,other,2,weighted,0.40404929269513595,LIVE,OOF,0
TR-003144,TR-C03561,2024-03-25,0,other,2,weighted,0.31760488359943906,LIVE,OOF,0
TR-003711,TR-C00184,2024-03-25,0,other,2,weighted,0.026637639790321528,LIVE,OOF,0
TR-003758,TR-C01455,2024-03-25,0,central,2,weighted,0.5566560764449608,LIVE,OOF,0
TR-003778,TR-C01638,2024-03-25,0,eastern,2,weighted,0.039154252552181065,LIVE,OOF,0
TR-005724,TR-C00629,2024-03-25,0,western,2,weighted,0.15722671268782654,LIVE,OOF,0
TR-006028,TR-C01342,2024-03-25,0,central,2,weighted,0.22812030192977775,LIVE,OOF,0
TR-006184,TR-C03835,2024-03-25,0,central,2,weighted,0.11568429674490636,LIVE,OOF,0
TR-007618,TR-C00380,2024-03-25,0,eastern,2,weighted,0.2372621831476381,LIVE,OOF,0
TR-007822,TR-C04310,2024-03-25,0,western,2,weighted,0.3145544757210259,LIVE,OOF,0
TR-008294,TR-C03737,2024-03-25,0,central,2,weighted,0.19378493907899344,LIVE,OOF,0
TR-008576,TR-C04211,2024-03-25,0,other,2,weighted,0.24854780442793095,LIVE,OOF,0
TR-008666,TR-C00780,2024-03-25,0,western,2,weighted,0.12685384621783102,LIVE,OOF,0
TR-008759,TR-C01348,2024-03-25,0,eastern,2,weighted,0.1080356265794186,LIVE,OOF,0
TR-009646,TR-C00767,2024-03-25,0,eastern,2,weighted,0.031802013548327256,LIVE,OOF,0
TR-000072,TR-C00523,2024-03-26,0,western,2,weighted,0.3647544492036249,LIVE,OOF,0
TR-001670,TR-C03044,2024-03-26,0,central,2,weighted,0.06659656553826515,LIVE,OOF,0
TR-001994,TR-C01104,2024-03-26,1,central,2,weighted,0.48282794519342065,LIVE,OOF,0
TR-002937,TR-C03173,2024-03-26,0,western,2,weighted,0.04143536463809252,LIVE,OOF,0
TR-003845,TR-C04831,2024-03-26,0,eastern,2,weighted,0.28379912863373097,LIVE,OOF,0
TR-004780,TR-C03962,2024-03-26,0,eastern,2,weighted,0.1787669795314326,LIVE,OOF,0
TR-006339,TR-C05559,2024-03-26,1,western,2,weighted,0.6546763161856817,LIVE,OOF,0
TR-007120,TR-C05405,2024-03-26,0,western,2,weighted,0.18447451051048933,LIVE,OOF,0
TR-008030,TR-C02222,2024-03-26,1,eastern,2,weighted,0.4906998167230812,LIVE,OOF,0
TR-008213,TR-C03013,2024-03-26,0,other,2,weighted,0.0822211776083478,LIVE,OOF,0
TR-008963,TR-C01592,2024-03-26,0,western,2,weighted,0.09091109105790009,LIVE,OOF,0
TR-008972,TR-C05869,2024-03-26,0,eastern,2,weighted,0.5429619996141433,LIVE,OOF,0
TR-009026,TR-C06436,2024-03-26,1,central,2,weighted,0.6868141291604623,LIVE,OOF,1
TR-001307,TR-C05320,2024-03-27,0,other,2,weighted,0.3954151558317766,LIVE,OOF,0
TR-003374,TR-C01224,2024-03-27,0,western,2,weighted,0.06560820618650645,LIVE,OOF,0
TR-004282,TR-C03488,2024-03-27,0,eastern,2,weighted,0.030611105889953066,LIVE,OOF,0
TR-005210,TR-C03862,2024-03-27,0,western,2,weighted,0.2904646894680408,LIVE,OOF,0
TR-005816,TR-C05999,2024-03-27,0,other,2,weighted,0.2720647106114242,LIVE,OOF,0
TR-006517,TR-C02175,2024-03-27,1,central,2,weighted,0.647765386638487,LIVE,OOF,0
TR-008111,TR-C03899,2024-03-27,0,other,2,weighted,0.16420731016945214,LIVE,OOF,0
TR-009411,TR-C05842,2024-03-27,0,central,2,weighted,0.38193400152952495,LIVE,OOF,0
TR-002050,TR-C05329,2024-03-28,0,central,2,weighted,0.25146957749826215,LIVE,OOF,0
TR-002867,TR-C05565,2024-03-28,0,other,2,weighted,0.7707694548900218,LIVE,OOF,1
TR-002886,TR-C04555,2024-03-28,0,other,2,weighted,0.17334991735996802,LIVE,OOF,0
TR-003715,TR-C00913,2024-03-28,0,western,2,weighted,0.0786799633384932,LIVE,OOF,0
TR-004126,TR-C02140,2024-03-28,0,eastern,2,weighted,0.1322753876165912,LIVE,OOF,0
TR-004598,TR-C02755,2024-03-28,0,central,2,weighted,0.3934423578015781,LIVE,OOF,0
TR-004738,TR-C04473,2024-03-28,0,other,2,weighted,0.09730146421406234,LIVE,OOF,0
TR-005299,TR-C01135,2024-03-28,0,other,2,weighted,0.1449202741892512,LIVE,OOF,0
TR-005806,TR-C00621,2024-03-28,1,eastern,2,weighted,0.490858953882997,LIVE,OOF,0
TR-007640,TR-C04369,2024-03-28,0,western,2,weighted,0.30698987139322703,LIVE,OOF,0
TR-009231,TR-C03070,2024-03-28,0,eastern,2,weighted,0.029275048489043904,LIVE,OOF,0
TR-001261,TR-C06122,2024-03-29,0,western,2,weighted,0.026446437061530916,LIVE,OOF,0
TR-002618,TR-C04503,2024-03-29,0,other,2,weighted,0.1080079978503858,LIVE,OOF,0
TR-002831,TR-C03918,2024-03-29,0,other,2,weighted,0.14061385536030402,LIVE,OOF,0
TR-005287,TR-C04465,2024-03-29,0,eastern,2,weighted,0.1596501563036966,LIVE,OOF,0
TR-005668,TR-C05350,2024-03-29,0,other,2,weighted,0.10663999265709626,LIVE,OOF,0
TR-006246,TR-C02957,2024-03-29,0,other,2,weighted,0.03012784407251538,LIVE,OOF,0
TR-006456,TR-C00518,2024-03-29,0,eastern,2,weighted,0.027566994225091318,LIVE,OOF,0
TR-008039,TR-C02666,2024-03-29,1,eastern,2,weighted,0.8409210766547492,LIVE,OOF,1
TR-000650,TR-C03898,2024-03-30,0,other,2,weighted,0.03588232651899652,LIVE,OOF,0
TR-000654,TR-C01097,2024-03-30,0,central,2,weighted,0.07799870348455132,LIVE,OOF,0
TR-001272,TR-C04032,2024-03-30,0,other,2,weighted,0.3251589435746025,LIVE,OOF,0
TR-005766,TR-C01472,2024-03-30,0,eastern,2,weighted,0.6255312169554109,LIVE,OOF,0
TR-006311,TR-C00283,2024-03-30,0,other,2,weighted,0.099443349281828,LIVE,OOF,0
TR-007270,TR-C03369,2024-03-30,0,central,2,weighted,0.05846152153266798,LIVE,OOF,0
TR-008326,TR-C06136,2024-03-30,0,other,2,weighted,0.3559031029781275,LIVE,OOF,0
TR-008340,TR-C06042,2024-03-30,0,eastern,2,weighted,0.07200577603279719,LIVE,OOF,0
TR-002822,TR-C05591,2024-03-31,0,eastern,2,weighted,0.15505395077250622,LIVE,OOF,0
TR-004200,TR-C03446,2024-03-31,0,eastern,2,weighted,0.4709527368256475,LIVE,OOF,0
TR-007146,TR-C00660,2024-03-31,0,central,2,weighted,0.20268074145258183,LIVE,OOF,0
TR-009494,TR-C02461,2024-03-31,0,other,2,weighted,0.08390219348668083,LIVE,OOF,0
TR-000582,TR-C03947,2024-04-01,0,central,2,weighted,0.6119654553711087,LIVE,OOF,0
TR-001076,TR-C05028,2024-04-01,0,other,2,weighted,0.4509184223259185,LIVE,OOF,0
TR-001508,TR-C00273,2024-04-01,0,other,2,weighted,0.43502614225766995,LIVE,OOF,0
TR-002476,TR-C00008,2024-04-01,0,western,2,weighted,0.33550910934549644,LIVE,OOF,0
TR-003564,TR-C00687,2024-04-01,0,western,2,weighted,0.0309932315756611,LIVE,OOF,0
TR-004517,TR-C00832,2024-04-01,0,eastern,2,weighted,0.7826956001720548,LIVE,OOF,1
TR-005040,TR-C01705,2024-04-01,1,western,2,weighted,0.1470369535640044,LIVE,OOF,0
TR-005796,TR-C01567,2024-04-01,0,other,2,weighted,0.06114652061444987,LIVE,OOF,0
TR-006814,TR-C03853,2024-04-01,0,other,2,weighted,0.020849902979539432,LIVE,OOF,0
TR-007320,TR-C05715,2024-04-01,0,western,2,weighted,0.12432204392942964,LIVE,OOF,0
TR-007987,TR-C03145,2024-04-01,0,central,2,weighted,0.376342048866131,LIVE,OOF,0
TR-008956,TR-C03051,2024-04-01,0,eastern,2,weighted,0.43461154893947324,LIVE,OOF,0
TR-009702,TR-C02372,2024-04-01,0,eastern,2,weighted,0.09939856126175718,LIVE,OOF,0
TR-009711,TR-C06177,2024-04-01,0,other,2,weighted,0.43793526777150404,LIVE,OOF,0
TR-005262,TR-C01292,2024-04-02,0,other,2,weighted,0.7489865157092505,LIVE,OOF,1
TR-005855,TR-C02175,2024-04-02,0,central,2,weighted,0.4910207896872125,LIVE,OOF,0
TR-008652,TR-C00927,2024-04-02,0,western,2,weighted,0.31087455455043866,LIVE,OOF,0
TR-008973,TR-C04166,2024-04-02,0,western,2,weighted,0.07314290850051573,LIVE,OOF,0
TR-009988,TR-C06033,2024-04-02,0,eastern,2,weighted,0.10153450884777362,LIVE,OOF,0
TR-000810,TR-C04713,2024-04-03,0,western,2,weighted,0.5550223560905336,LIVE,OOF,0
TR-000978,TR-C03635,2024-04-03,0,eastern,2,weighted,0.3538481268727045,LIVE,OOF,0
TR-001783,TR-C06384,2024-04-03,0,other,2,weighted,0.048409401813140344,LIVE,OOF,0
TR-002302,TR-C03946,2024-04-03,0,western,2,weighted,0.016349309485919963,LIVE,OOF,0
TR-002451,TR-C00235,2024-04-03,0,central,2,weighted,0.3259646540963031,LIVE,OOF,0
TR-002671,TR-C00436,2024-04-03,0,other,2,weighted,0.20072474811681376,LIVE,OOF,0
TR-005751,TR-C06436,2024-04-03,0,central,2,weighted,0.06625554693533527,LIVE,OOF,0
TR-006283,TR-C01844,2024-04-03,1,other,2,weighted,0.8037161023564852,LIVE,OOF,1
TR-007224,TR-C02020,2024-04-03,0,central,2,weighted,0.3597858478889321,LIVE,OOF,0
TR-008960,TR-C01355,2024-04-03,0,central,2,weighted,0.024168791417368225,LIVE,OOF,0
TR-009105,TR-C02795,2024-04-03,0,western,2,weighted,0.13916411241323964,LIVE,OOF,0
TR-000967,TR-C06284,2024-04-04,0,other,2,weighted,0.04482852034432307,LIVE,OOF,0
TR-001384,TR-C03970,2024-04-04,0,western,2,weighted,0.44599010430233077,LIVE,OOF,0
TR-002266,TR-C00799,2024-04-04,0,western,2,weighted,0.2349994899749673,LIVE,OOF,0
TR-002715,TR-C02127,2024-04-04,0,other,2,weighted,0.5583631657337884,LIVE,OOF,0
TR-003810,TR-C05617,2024-04-04,0,eastern,2,weighted,0.12920685633107287,LIVE,OOF,0
TR-004857,TR-C06191,2024-04-04,0,western,2,weighted,0.8355106045528627,LIVE,OOF,1
TR-005565,TR-C06349,2024-04-04,0,central,2,weighted,0.27612870882328067,LIVE,OOF,0
TR-005699,TR-C02425,2024-04-04,0,central,2,weighted,0.6184162292566124,LIVE,OOF,0
TR-006666,TR-C04846,2024-04-04,0,central,2,weighted,0.72786592752655,LIVE,OOF,1
TR-009240,TR-C03364,2024-04-04,0,other,2,weighted,0.14297208634238973,LIVE,OOF,0
TR-000935,TR-C03243,2024-04-05,0,western,2,weighted,0.6776153120689312,LIVE,OOF,1
TR-001188,TR-C06313,2024-04-05,0,central,2,weighted,0.5491844287715509,LIVE,OOF,0
TR-001491,TR-C05973,2024-04-05,0,other,2,weighted,0.1824055962983964,LIVE,OOF,0
TR-004206,TR-C04972,2024-04-05,0,eastern,2,weighted,0.585378151447744,LIVE,OOF,0
TR-006385,TR-C01675,2024-04-05,0,central,2,weighted,0.6264456891946732,LIVE,OOF,0
TR-006807,TR-C00389,2024-04-05,0,other,2,weighted,0.02730730351794297,LIVE,OOF,0
TR-007155,TR-C04312,2024-04-05,0,western,2,weighted,0.2064307311520303,LIVE,OOF,0
TR-001583,TR-C00005,2024-04-06,0,central,2,weighted,0.11093366438672816,LIVE,OOF,0
TR-002849,TR-C01893,2024-04-06,0,eastern,2,weighted,0.09935879803248435,LIVE,OOF,0
TR-005546,TR-C01063,2024-04-06,0,other,2,weighted,0.11352418837964172,LIVE,OOF,0
TR-006100,TR-C04824,2024-04-06,0,other,2,weighted,0.311907915258581,LIVE,OOF,0
TR-006540,TR-C04689,2024-04-06,0,western,2,weighted,0.16038407206325916,LIVE,OOF,0
TR-007186,TR-C03565,2024-04-06,1,eastern,2,weighted,0.7527915395707591,LIVE,OOF,1
TR-007215,TR-C03772,2024-04-06,0,central,2,weighted,0.12575742274307555,LIVE,OOF,0
TR-007957,TR-C02331,2024-04-06,0,western,2,weighted,0.7870516766398266,LIVE,OOF,1
TR-008524,TR-C02165,2024-04-06,0,other,2,weighted,0.3809623606570513,LIVE,OOF,0
TR-008763,TR-C02239,2024-04-06,0,central,2,weighted,0.02074295113926467,LIVE,OOF,0
TR-009627,TR-C04573,2024-04-06,0,eastern,2,weighted,0.09812222671469151,LIVE,OOF,0
TR-000373,TR-C01476,2024-04-07,0,western,2,weighted,0.25846252782351403,LIVE,OOF,0
TR-001331,TR-C01201,2024-04-07,0,central,2,weighted,0.2516315817545541,LIVE,OOF,0
TR-001361,TR-C06454,2024-04-07,0,other,2,weighted,0.20962319996841056,LIVE,OOF,0
TR-001581,TR-C02938,2024-04-07,0,other,2,weighted,0.7671842412550605,LIVE,OOF,1
TR-002406,TR-C03554,2024-04-07,0,other,2,weighted,0.2290197141334566,LIVE,OOF,0
TR-002763,TR-C00773,2024-04-07,0,western,2,weighted,0.4763982422179779,LIVE,OOF,0
TR-003011,TR-C06190,2024-04-07,0,eastern,2,weighted,0.09712199545659769,LIVE,OOF,0
TR-003065,TR-C03929,2024-04-07,0,other,2,weighted,0.6234267945304286,LIVE,OOF,0
TR-004489,TR-C02281,2024-04-07,0,western,2,weighted,0.07718344337304711,LIVE,OOF,0
TR-005349,TR-C03683,2024-04-07,0,western,2,weighted,0.839934796803455,LIVE,OOF,1
TR-006065,TR-C06222,2024-04-07,0,central,2,weighted,0.12125270887141673,LIVE,OOF,0
TR-006207,TR-C01899,2024-04-07,0,other,2,weighted,0.03216297636057801,LIVE,OOF,0
TR-007045,TR-C05860,2024-04-07,0,western,2,weighted,0.14920085289284798,LIVE,OOF,0
TR-007243,TR-C05896,2024-04-07,0,western,2,weighted,0.24538080424156258,LIVE,OOF,0
TR-009584,TR-C01019,2024-04-07,1,other,2,weighted,0.7907634318664389,LIVE,OOF,1
TR-009733,TR-C06476,2024-04-07,0,central,2,weighted,0.21804657270796302,LIVE,OOF,0
TR-009866,TR-C00530,2024-04-07,0,eastern,2,weighted,0.10360447944940823,LIVE,OOF,0
TR-001202,TR-C04546,2024-04-08,0,eastern,2,weighted,0.06255884279379123,LIVE,OOF,0
TR-001230,TR-C01390,2024-04-08,0,eastern,2,weighted,0.2066596621292469,LIVE,OOF,0
TR-002123,TR-C01850,2024-04-08,0,other,2,weighted,0.05785692823516183,LIVE,OOF,0
TR-002773,TR-C03948,2024-04-08,0,central,2,weighted,0.4967957004006838,LIVE,OOF,0
TR-003012,TR-C01725,2024-04-08,0,other,2,weighted,0.0316328827140073,LIVE,OOF,0
TR-003070,TR-C04854,2024-04-08,0,other,2,weighted,0.1711022234490741,LIVE,OOF,0
TR-004935,TR-C00476,2024-04-08,0,central,2,weighted,0.0845055610752473,LIVE,OOF,0
TR-005880,TR-C04112,2024-04-08,0,western,2,weighted,0.06242371012598618,LIVE,OOF,0
TR-007017,TR-C06256,2024-04-08,0,central,2,weighted,0.10377506391486573,LIVE,OOF,0
TR-008337,TR-C03492,2024-04-08,0,eastern,2,weighted,0.18253091924142473,LIVE,OOF,0
TR-009174,TR-C00832,2024-04-08,1,eastern,2,weighted,0.3425736950190644,LIVE,OOF,0
TR-000211,TR-C01911,2024-04-09,0,western,2,weighted,0.6872169412514394,LIVE,OOF,1
TR-001799,TR-C04516,2024-04-09,0,other,2,weighted,0.14030310337845,LIVE,OOF,0
TR-002059,TR-C00891,2024-04-09,0,western,2,weighted,0.021672315647117787,LIVE,OOF,0
TR-005123,TR-C01366,2024-04-09,0,other,2,weighted,0.09577166404912124,LIVE,OOF,0
TR-005491,TR-C00022,2024-04-09,0,other,2,weighted,0.48539932523386525,LIVE,OOF,0
TR-006010,TR-C03570,2024-04-09,0,other,2,weighted,0.1817894429178722,LIVE,OOF,0
TR-006281,TR-C04597,2024-04-09,0,eastern,2,weighted,0.08453577332914056,LIVE,OOF,0
TR-007106,TR-C04033,2024-04-09,0,other,2,weighted,0.06228825924297557,LIVE,OOF,0
TR-007247,TR-C03687,2024-04-09,0,eastern,2,weighted,0.11340897840434856,LIVE,OOF,0
TR-007705,TR-C02861,2024-04-09,0,eastern,2,weighted,0.04715407578913237,LIVE,OOF,0
TR-001370,TR-C01501,2024-04-10,0,other,2,weighted,0.16356615084398027,LIVE,OOF,0
TR-001662,TR-C01788,2024-04-10,0,eastern,2,weighted,0.024057969341839885,LIVE,OOF,0
TR-001882,TR-C05957,2024-04-10,0,other,2,weighted,0.06346188952749157,LIVE,OOF,0
TR-004674,TR-C02719,2024-04-10,0,western,2,weighted,0.18777139918005417,LIVE,OOF,0
TR-005704,TR-C06035,2024-04-10,0,other,2,weighted,0.06089727090876533,LIVE,OOF,0
TR-006839,TR-C00340,2024-04-10,0,central,2,weighted,0.30724386761561573,LIVE,OOF,0
TR-008491,TR-C03294,2024-04-10,0,central,2,weighted,0.18744859606113384,LIVE,OOF,0
TR-001012,TR-C01782,2024-04-11,1,central,2,weighted,0.7864295220558067,LIVE,OOF,1
TR-001876,TR-C02023,2024-04-11,0,central,2,weighted,0.11531959689981733,LIVE,OOF,0
TR-002063,TR-C02797,2024-04-11,0,central,2,weighted,0.7661905939083244,LIVE,OOF,1
TR-002760,TR-C00741,2024-04-11,0,other,2,weighted,0.2706357904581838,LIVE,OOF,0
TR-003454,TR-C05016,2024-04-11,0,other,2,weighted,0.08300701213451657,LIVE,OOF,0
TR-003456,TR-C00635,2024-04-11,0,western,2,weighted,0.06036671197702241,LIVE,OOF,0
TR-003489,TR-C03930,2024-04-11,0,eastern,2,weighted,0.025205765644356275,LIVE,OOF,0
TR-004475,TR-C00383,2024-04-11,0,western,2,weighted,0.06298781492000378,LIVE,OOF,0
TR-005164,TR-C04487,2024-04-11,0,other,2,weighted,0.05334848096737432,LIVE,OOF,0
TR-006044,TR-C02148,2024-04-11,0,western,2,weighted,0.0654009510061355,LIVE,OOF,0
TR-006235,TR-C03380,2024-04-11,0,central,2,weighted,0.4523332719295476,LIVE,OOF,0
TR-008437,TR-C03348,2024-04-11,0,other,2,weighted,0.3912971645797869,LIVE,OOF,0
TR-003317,TR-C02616,2024-04-12,0,western,2,weighted,0.3712047808930469,LIVE,OOF,0
TR-003920,TR-C05504,2024-04-12,0,eastern,2,weighted,0.04477709199001065,LIVE,OOF,0
TR-005346,TR-C06434,2024-04-12,0,eastern,2,weighted,0.16707117505835697,LIVE,OOF,0
TR-005376,TR-C04846,2024-04-12,0,central,2,weighted,0.45844425450441806,LIVE,OOF,0
TR-006393,TR-C01555,2024-04-12,0,central,2,weighted,0.3193004660147032,LIVE,OOF,0
TR-009102,TR-C02704,2024-04-12,0,eastern,2,weighted,0.10204065748717109,LIVE,OOF,0
TR-009413,TR-C03445,2024-04-12,1,western,2,weighted,0.39097160626431743,LIVE,OOF,0
TR-002672,TR-C03244,2024-04-13,0,eastern,2,weighted,0.16753236261581889,LIVE,OOF,0
TR-003706,TR-C00592,2024-04-13,0,other,2,weighted,0.03851314908966314,LIVE,OOF,0
TR-003816,TR-C02917,2024-04-13,0,eastern,2,weighted,0.014941625736411588,LIVE,OOF,0
TR-004963,TR-C01694,2024-04-13,0,other,2,weighted,0.023334930403477377,LIVE,OOF,0
TR-006201,TR-C03798,2024-04-13,0,western,2,weighted,0.35917422327018367,LIVE,OOF,0
TR-007435,TR-C02474,2024-04-13,0,central,2,weighted,0.10122345565864606,LIVE,OOF,0
TR-007883,TR-C02835,2024-04-13,0,central,2,weighted,0.15875132443049356,LIVE,OOF,0
TR-009215,TR-C00140,2024-04-13,0,central,2,weighted,0.06392890699960828,LIVE,OOF,0
TR-001989,TR-C06140,2024-04-14,0,other,2,weighted,0.05942439594478285,LIVE,OOF,0
TR-004077,TR-C02761,2024-04-14,0,western,2,weighted,0.051683799450492396,LIVE,OOF,0
TR-004888,TR-C02926,2024-04-14,1,other,2,weighted,0.7233016145716231,LIVE,OOF,1
TR-005435,TR-C01992,2024-04-14,0,other,2,weighted,0.17479164043051398,LIVE,OOF,0
TR-005747,TR-C03885,2024-04-14,0,eastern,2,weighted,0.037480145657375966,LIVE,OOF,0
TR-006950,TR-C04492,2024-04-14,0,central,2,weighted,0.559298645636631,LIVE,OOF,0
TR-008840,TR-C02022,2024-04-14,0,central,2,weighted,0.2326366446182072,LIVE,OOF,0
TR-009523,TR-C04020,2024-04-14,0,western,2,weighted,0.37492402754486304,LIVE,OOF,0
TR-000101,TR-C05118,2024-04-15,0,western,2,weighted,0.08229000185071561,LIVE,OOF,0
TR-000321,TR-C00452,2024-04-15,0,western,2,weighted,0.08646616682436604,LIVE,OOF,0
TR-002499,TR-C05022,2024-04-15,0,western,2,weighted,0.18409393111298136,LIVE,OOF,0
TR-002898,TR-C04406,2024-04-15,0,western,2,weighted,0.18669064640206895,LIVE,OOF,0
TR-004659,TR-C01759,2024-04-15,0,western,2,weighted,0.08284870420848942,LIVE,OOF,0
TR-005423,TR-C01730,2024-04-15,0,central,2,weighted,0.08196419589741598,LIVE,OOF,0
TR-001086,TR-C02819,2024-04-16,0,central,2,weighted,0.0959541605164736,LIVE,OOF,0
TR-001769,TR-C00804,2024-04-16,0,central,2,weighted,0.4426142642436604,LIVE,OOF,0
TR-001797,TR-C06304,2024-04-16,0,central,2,weighted,0.3737330377706289,LIVE,OOF,0
TR-002453,TR-C01285,2024-04-16,0,central,2,weighted,0.29171430293668915,LIVE,OOF,0
TR-006083,TR-C05897,2024-04-16,0,central,2,weighted,0.057097159936998515,LIVE,OOF,0
TR-007623,TR-C06181,2024-04-16,0,western,2,weighted,0.41708093582481676,LIVE,OOF,0
TR-007670,TR-C00104,2024-04-16,0,other,2,weighted,0.6761617137738518,LIVE,OOF,1
TR-008626,TR-C02558,2024-04-16,0,western,2,weighted,0.04473276441917937,LIVE,OOF,0
TR-008691,TR-C06485,2024-04-16,0,eastern,2,weighted,0.25615045316948626,LIVE,OOF,0
TR-008773,TR-C05206,2024-04-16,0,other,2,weighted,0.027335546416471485,LIVE,OOF,0
TR-009132,TR-C03080,2024-04-16,0,western,2,weighted,0.054417971285416616,LIVE,OOF,0
TR-009257,TR-C05383,2024-04-16,0,eastern,2,weighted,0.5459968234381718,LIVE,OOF,0
TR-002882,TR-C01039,2024-04-17,0,other,2,weighted,0.21521545069240405,LIVE,OOF,0
TR-004514,TR-C05417,2024-04-17,0,other,2,weighted,0.7221138339670577,LIVE,OOF,1
TR-004716,TR-C03935,2024-04-17,0,other,2,weighted,0.6676859128197474,LIVE,OOF,1
TR-005051,TR-C00174,2024-04-17,0,western,2,weighted,0.3468601344220299,LIVE,OOF,0
TR-005653,TR-C01419,2024-04-17,0,eastern,2,weighted,0.058606491241222525,LIVE,OOF,0
TR-005820,TR-C06063,2024-04-17,0,central,2,weighted,0.08868878592146356,LIVE,OOF,0
TR-005923,TR-C00700,2024-04-17,0,western,2,weighted,0.31568108876420836,LIVE,OOF,0
TR-006340,TR-C05318,2024-04-17,0,other,2,weighted,0.04943360771659773,LIVE,OOF,0
TR-009398,TR-C05049,2024-04-17,0,other,2,weighted,0.1857126162152539,LIVE,OOF,0
TR-009405,TR-C00576,2024-04-17,0,western,2,weighted,0.07122177568997369,LIVE,OOF,0
TR-000309,TR-C00678,2024-04-18,0,western,2,weighted,0.07924758787614934,LIVE,OOF,0
TR-003358,TR-C05740,2024-04-18,0,other,2,weighted,0.19539929603731543,LIVE,OOF,0
TR-007858,TR-C04118,2024-04-18,0,other,2,weighted,0.24437648023199313,LIVE,OOF,0
TR-007899,TR-C02612,2024-04-18,0,eastern,2,weighted,0.013583338343604987,LIVE,OOF,0
TR-009952,TR-C03207,2024-04-18,0,western,2,weighted,0.44430956852671655,LIVE,OOF,0
TR-009971,TR-C01018,2024-04-18,0,western,2,weighted,0.030577497610195684,LIVE,OOF,0
TR-001048,TR-C06451,2024-04-19,1,central,2,weighted,0.7852052553579337,LIVE,OOF,1
TR-002078,TR-C04402,2024-04-19,0,central,2,weighted,0.6432169370298835,LIVE,OOF,0
TR-002670,TR-C02204,2024-04-19,0,eastern,2,weighted,0.23113653525689234,LIVE,OOF,0
TR-003150,TR-C05859,2024-04-19,1,eastern,2,weighted,0.2243349919448289,LIVE,OOF,0
TR-004303,TR-C02593,2024-04-19,0,eastern,2,weighted,0.026225998937522685,LIVE,OOF,0
TR-005577,TR-C00008,2024-04-19,0,western,2,weighted,0.23496482577776015,LIVE,OOF,0
TR-005917,TR-C02969,2024-04-19,0,other,2,weighted,0.11286944487828166,LIVE,OOF,0
TR-007959,TR-C02031,2024-04-19,0,other,2,weighted,0.32313929193812024,LIVE,OOF,0
TR-007971,TR-C04948,2024-04-19,0,western,2,weighted,0.6446759537731351,LIVE,OOF,0
TR-008729,TR-C03952,2024-04-19,0,western,2,weighted,0.027239866811527354,LIVE,OOF,0
TR-000443,TR-C01918,2024-04-20,0,eastern,2,weighted,0.029702820431683964,LIVE,OOF,0
TR-001895,TR-C04113,2024-04-20,0,western,2,weighted,0.6056844198590765,LIVE,OOF,0
TR-002778,TR-C02658,2024-04-20,0,central,2,weighted,0.0682132826928982,LIVE,OOF,0
TR-003202,TR-C00505,2024-04-20,0,eastern,2,weighted,0.12101571089931977,LIVE,OOF,0
TR-004446,TR-C06339,2024-04-20,1,central,2,weighted,0.3971111224896504,LIVE,OOF,0
TR-005842,TR-C00366,2024-04-20,0,central,2,weighted,0.5427484571365471,LIVE,OOF,0
TR-006779,TR-C02739,2024-04-20,1,central,2,weighted,0.9079919719151535,LIVE,OOF,1
TR-007496,TR-C03290,2024-04-20,0,central,2,weighted,0.34878344660539773,LIVE,OOF,0
TR-008367,TR-C01631,2024-04-20,0,western,2,weighted,0.12456765155475655,LIVE,OOF,0
TR-000973,TR-C05475,2024-04-21,0,western,2,weighted,0.22690064776019486,LIVE,OOF,0
TR-001592,TR-C02373,2024-04-21,0,western,2,weighted,0.6645555304203449,LIVE,OOF,1
TR-002085,TR-C04549,2024-04-21,0,eastern,2,weighted,0.08826446064338564,LIVE,OOF,0
TR-003039,TR-C01231,2024-04-21,0,western,2,weighted,0.05042478205696911,LIVE,OOF,0
TR-004342,TR-C06031,2024-04-21,0,western,2,weighted,0.40909001211064827,LIVE,OOF,0
TR-004358,TR-C01469,2024-04-21,0,western,2,weighted,0.01447530476556767,LIVE,OOF,0
TR-004485,TR-C00940,2024-04-21,0,other,2,weighted,0.1404370402530845,LIVE,OOF,0
TR-006757,TR-C05337,2024-04-21,0,western,2,weighted,0.12861619321427767,LIVE,OOF,0
TR-006885,TR-C05597,2024-04-21,0,western,2,weighted,0.05228649710314432,LIVE,OOF,0
TR-006897,TR-C05410,2024-04-21,0,central,2,weighted,0.08716512165647097,LIVE,OOF,0
TR-007375,TR-C03094,2024-04-21,0,other,2,weighted,0.1663787816660198,LIVE,OOF,0
TR-007536,TR-C02267,2024-04-21,0,western,2,weighted,0.58891669641967,LIVE,OOF,0
TR-008162,TR-C02559,2024-04-21,0,central,2,weighted,0.052340124394382355,LIVE,OOF,0
TR-008262,TR-C04486,2024-04-21,0,other,2,weighted,0.1067929872887447,LIVE,OOF,0
TR-008593,TR-C04247,2024-04-21,0,eastern,2,weighted,0.5918773812771508,LIVE,OOF,0
TR-000012,TR-C06149,2024-04-22,0,other,2,weighted,0.025995400469691843,LIVE,OOF,0
TR-000697,TR-C05924,2024-04-22,0,eastern,2,weighted,0.11798379958438301,LIVE,OOF,0
TR-001434,TR-C05502,2024-04-22,0,other,2,weighted,0.08885412388427837,LIVE,OOF,0
TR-001664,TR-C01894,2024-04-22,0,other,2,weighted,0.5223520654485388,LIVE,OOF,0
TR-001685,TR-C05247,2024-04-22,0,western,2,weighted,0.10612304007312283,LIVE,OOF,0
TR-001892,TR-C00066,2024-04-22,0,other,2,weighted,0.042852931906466024,LIVE,OOF,0
TR-004273,TR-C04254,2024-04-22,0,western,2,weighted,0.19294047005292198,LIVE,OOF,0
TR-005384,TR-C02599,2024-04-22,0,other,2,weighted,0.28135920877776527,LIVE,OOF,0
TR-005729,TR-C02868,2024-04-22,1,eastern,2,weighted,0.11187149038039902,LIVE,OOF,0
TR-006449,TR-C03343,2024-04-22,0,central,2,weighted,0.4284295689928947,LIVE,OOF,0
TR-008208,TR-C01164,2024-04-22,0,other,2,weighted,0.030088860392924105,LIVE,OOF,0
TR-009777,TR-C01084,2024-04-22,0,other,2,weighted,0.013770997327929769,LIVE,OOF,0
TR-000725,TR-C00156,2024-04-23,0,other,2,weighted,0.17386871750709135,LIVE,OOF,0
TR-006953,TR-C02402,2024-04-23,0,western,2,weighted,0.3713091825925279,LIVE,OOF,0
TR-009396,TR-C03684,2024-04-23,0,central,2,weighted,0.025914783659719134,LIVE,OOF,0
TR-009727,TR-C02309,2024-04-23,1,western,2,weighted,0.6887170725126653,LIVE,OOF,1
TR-009873,TR-C05804,2024-04-23,0,central,2,weighted,0.017938130156313792,LIVE,OOF,0
TR-002963,TR-C05637,2024-04-24,0,eastern,2,weighted,0.05959768839414111,LIVE,OOF,0
TR-003927,TR-C06494,2024-04-24,0,other,2,weighted,0.8921642899468916,LIVE,OOF,1
TR-004856,TR-C04760,2024-04-24,0,other,2,weighted,0.6995929206473297,LIVE,OOF,1
TR-005449,TR-C04374,2024-04-24,0,eastern,2,weighted,0.47926106517452083,LIVE,OOF,0
TR-009384,TR-C02397,2024-04-24,0,central,2,weighted,0.0996800359453212,LIVE,OOF,0
TR-009471,TR-C05178,2024-04-24,0,western,2,weighted,0.10249091069064084,LIVE,OOF,0
TR-009543,TR-C04162,2024-04-24,0,other,2,weighted,0.06473779481995239,LIVE,OOF,0
TR-009813,TR-C02512,2024-04-24,0,other,2,weighted,0.7039471827738262,LIVE,OOF,1
TR-000556,TR-C03580,2024-04-25,0,eastern,2,weighted,0.07639824285653467,LIVE,OOF,0
TR-001227,TR-C00812,2024-04-25,0,central,2,weighted,0.6547356661228915,LIVE,OOF,0
TR-002766,TR-C04244,2024-04-25,0,eastern,2,weighted,0.6021779415040348,LIVE,OOF,0
TR-002780,TR-C00803,2024-04-25,0,eastern,2,weighted,0.026212136934097668,LIVE,OOF,0
TR-002917,TR-C06033,2024-04-25,1,eastern,2,weighted,0.28752304245483884,LIVE,OOF,0
TR-003076,TR-C04353,2024-04-25,0,central,2,weighted,0.18316278035705216,LIVE,OOF,0
TR-005368,TR-C06007,2024-04-25,0,eastern,2,weighted,0.2674698003712427,LIVE,OOF,0
TR-005457,TR-C03012,2024-04-25,0,western,2,weighted,0.1372426204911306,LIVE,OOF,0
TR-005695,TR-C01288,2024-04-25,1,western,2,weighted,0.34716634406545405,LIVE,OOF,0
TR-005753,TR-C02561,2024-04-25,0,eastern,2,weighted,0.059139601258405165,LIVE,OOF,0
TR-005981,TR-C04233,2024-04-25,0,central,2,weighted,0.05316437155222755,LIVE,OOF,0
TR-009551,TR-C02250,2024-04-25,1,central,2,weighted,0.5033504162681656,LIVE,OOF,0
TR-000287,TR-C02126,2024-04-26,0,eastern,2,weighted,0.10996801824821696,LIVE,OOF,0
TR-000505,TR-C02905,2024-04-26,1,eastern,2,weighted,0.7262280175861678,LIVE,OOF,1
TR-000607,TR-C04087,2024-04-26,0,western,2,weighted,0.018307284996033853,LIVE,OOF,0
TR-000989,TR-C02466,2024-04-26,0,central,2,weighted,0.06192930141115984,LIVE,OOF,0
TR-001992,TR-C02936,2024-04-26,0,other,2,weighted,0.8264223345609509,LIVE,OOF,1
TR-003344,TR-C02577,2024-04-26,1,western,2,weighted,0.09040652206731861,LIVE,OOF,0
TR-007770,TR-C00142,2024-04-26,0,central,2,weighted,0.34029999875073574,LIVE,OOF,0
TR-008887,TR-C05162,2024-04-26,0,central,2,weighted,0.023945677696287034,LIVE,OOF,0
TR-000613,TR-C06306,2024-04-27,0,eastern,2,weighted,0.31625662280176187,LIVE,OOF,0
TR-000767,TR-C01922,2024-04-27,0,western,2,weighted,0.28094758697635197,LIVE,OOF,0
TR-001607,TR-C01592,2024-04-27,0,western,2,weighted,0.12459628988114267,LIVE,OOF,0
TR-002094,TR-C03419,2024-04-27,0,western,2,weighted,0.3910260908297831,LIVE,OOF,0
TR-002248,TR-C05422,2024-04-27,0,eastern,2,weighted,0.05807787892648742,LIVE,OOF,0
TR-002638,TR-C00474,2024-04-27,0,central,2,weighted,0.5458228963806585,LIVE,OOF,0
TR-005638,TR-C01557,2024-04-27,0,western,2,weighted,0.05625297195786202,LIVE,OOF,0
TR-005943,TR-C04026,2024-04-27,0,central,2,weighted,0.42810415104134086,LIVE,OOF,0
TR-006873,TR-C04107,2024-04-27,0,eastern,2,weighted,0.7778173259213669,LIVE,OOF,1
TR-007242,TR-C00156,2024-04-27,0,other,2,weighted,0.2458027559671293,LIVE,OOF,0
TR-007541,TR-C00671,2024-04-27,0,eastern,2,weighted,0.01230677350846588,LIVE,OOF,0
TR-007687,TR-C04749,2024-04-27,1,eastern,2,weighted,0.625200419287216,LIVE,OOF,0
TR-000127,TR-C00348,2024-04-28,0,other,2,weighted,0.2217527574812592,LIVE,OOF,0
TR-001046,TR-C05055,2024-04-28,0,eastern,2,weighted,0.08303261351050449,LIVE,OOF,0
TR-002129,TR-C03595,2024-04-28,0,western,2,weighted,0.12600144393552784,LIVE,OOF,0
TR-002915,TR-C05639,2024-04-28,0,central,2,weighted,0.07288759812785911,LIVE,OOF,0
TR-002955,TR-C04842,2024-04-28,0,central,2,weighted,0.16441779657894107,LIVE,OOF,0
TR-003414,TR-C02633,2024-04-28,0,western,2,weighted,0.10632456023178047,LIVE,OOF,0
TR-003444,TR-C06336,2024-04-28,0,other,2,weighted,0.04328106224500599,LIVE,OOF,0
TR-004296,TR-C03944,2024-04-28,0,eastern,2,weighted,0.017121296849037355,LIVE,OOF,0
TR-005211,TR-C06457,2024-04-28,1,eastern,2,weighted,0.779174804565791,LIVE,OOF,1
TR-005361,TR-C06476,2024-04-28,0,central,2,weighted,0.38009280592173217,LIVE,OOF,0
TR-005572,TR-C01533,2024-04-28,0,other,2,weighted,0.06247887083889992,LIVE,OOF,0
TR-006712,TR-C02098,2024-04-28,0,central,2,weighted,0.6457774753961656,LIVE,OOF,0
TR-008408,TR-C02341,2024-04-28,0,other,2,weighted,0.06228127449805527,LIVE,OOF,0
TR-000051,TR-C06149,2024-04-29,0,other,2,weighted,0.017535005313492502,LIVE,OOF,0
TR-002589,TR-C02196,2024-04-29,0,eastern,2,weighted,0.10667667229494433,LIVE,OOF,0
TR-003052,TR-C05291,2024-04-29,0,central,2,weighted,0.037462549416452114,LIVE,OOF,0
TR-003134,TR-C05223,2024-04-29,0,western,2,weighted,0.18527295007132577,LIVE,OOF,0
TR-003881,TR-C02985,2024-04-29,0,other,2,weighted,0.6573685217195319,LIVE,OOF,0
TR-004056,TR-C03781,2024-04-29,0,other,2,weighted,0.34563657106498585,LIVE,OOF,0
TR-005144,TR-C06485,2024-04-29,0,eastern,2,weighted,0.06694104592036298,LIVE,OOF,0
TR-005327,TR-C03893,2024-04-29,0,western,2,weighted,0.1328884846659902,LIVE,OOF,0
TR-005403,TR-C05067,2024-04-29,0,central,2,weighted,0.2516241860148891,LIVE,OOF,0
TR-005688,TR-C00010,2024-04-29,0,other,2,weighted,0.5675487741084341,LIVE,OOF,0
TR-005827,TR-C04747,2024-04-29,0,eastern,2,weighted,0.014363586808958188,LIVE,OOF,0
TR-008113,TR-C03677,2024-04-29,0,central,2,weighted,0.06557525395078694,LIVE,OOF,0
TR-008923,TR-C00921,2024-04-29,1,central,2,weighted,0.8987475484032046,LIVE,OOF,1
TR-001421,TR-C03995,2024-04-30,0,western,2,weighted,0.6315391856526398,LIVE,OOF,0
TR-002102,TR-C02059,2024-04-30,0,other,2,weighted,0.1494144817012861,LIVE,OOF,0
TR-005088,TR-C03798,2024-04-30,0,western,2,weighted,0.2627474127895845,LIVE,OOF,0
TR-005665,TR-C03925,2024-04-30,0,western,2,weighted,0.023497465125341337,LIVE,OOF,0
TR-005989,TR-C03073,2024-04-30,0,central,2,weighted,0.033591669218305704,LIVE,OOF,0
TR-009612,TR-C03184,2024-04-30,0,western,2,weighted,0.31520739416485766,LIVE,OOF,0
TR-002864,TR-C05616,2024-05-01,0,eastern,2,weighted,0.10752922708607543,LIVE,OOF,0
TR-002914,TR-C02355,2024-05-01,0,western,2,weighted,0.06336711182842433,LIVE,OOF,0
TR-004219,TR-C00399,2024-05-01,0,other,2,weighted,0.16670682385026528,LIVE,OOF,0
TR-005316,TR-C04854,2024-05-01,0,other,2,weighted,0.19178805890129394,LIVE,OOF,0
TR-005897,TR-C05700,2024-05-01,0,western,2,weighted,0.017939432640050393,LIVE,OOF,0
TR-007281,TR-C05215,2024-05-01,0,central,2,weighted,0.1299716514957141,LIVE,OOF,0
TR-008283,TR-C00577,2024-05-01,0,other,2,weighted,0.029032951576761716,LIVE,OOF,0
TR-008685,TR-C05445,2024-05-01,0,western,2,weighted,0.3955005056957845,LIVE,OOF,0
TR-009104,TR-C03778,2024-05-01,0,other,2,weighted,0.017607712004264885,LIVE,OOF,0
TR-000714,TR-C04640,2024-05-02,0,other,2,weighted,0.2034353920446478,LIVE,OOF,0
TR-001375,TR-C00443,2024-05-02,0,central,2,weighted,0.6604119221904605,LIVE,OOF,1
TR-002271,TR-C03354,2024-05-02,0,western,2,weighted,0.047482054755141306,LIVE,OOF,0
TR-005679,TR-C02577,2024-05-02,0,western,2,weighted,0.16508657122396062,LIVE,OOF,0
TR-006658,TR-C00317,2024-05-02,0,western,2,weighted,0.02840668338660169,LIVE,OOF,0
TR-007338,TR-C00646,2024-05-02,0,central,2,weighted,0.0741848974308217,LIVE,OOF,0
TR-008768,TR-C01990,2024-05-02,0,eastern,2,weighted,0.0497529727808708,LIVE,OOF,0
TR-009534,TR-C01149,2024-05-02,0,western,2,weighted,0.037659716628294884,LIVE,OOF,0
TR-001145,TR-C00208,2024-05-03,0,western,2,weighted,0.16565094937531424,LIVE,OOF,0
TR-002750,TR-C04898,2024-05-03,0,western,2,weighted,0.190060863940853,LIVE,OOF,0
TR-003117,TR-C02934,2024-05-03,0,eastern,2,weighted,0.8710150293599296,LIVE,OOF,1
TR-003914,TR-C05953,2024-05-03,1,eastern,2,weighted,0.8989359365371342,LIVE,OOF,1
TR-004954,TR-C02425,2024-05-03,1,central,2,weighted,0.4502477723835071,LIVE,OOF,0
TR-006191,TR-C04950,2024-05-03,0,eastern,2,weighted,0.6082360350727067,LIVE,OOF,0
TR-006219,TR-C05503,2024-05-03,0,other,2,weighted,0.16519036954114932,LIVE,OOF,0
TR-007984,TR-C01367,2024-05-03,0,eastern,2,weighted,0.02776183233988832,LIVE,OOF,0
TR-009072,TR-C05108,2024-05-03,0,eastern,2,weighted,0.2732457755773067,LIVE,OOF,0
TR-009325,TR-C03637,2024-05-03,0,western,2,weighted,0.6735989972936044,LIVE,OOF,1
TR-001226,TR-C06401,2024-05-04,0,other,2,weighted,0.5137679210277454,LIVE,OOF,0
TR-002408,TR-C04272,2024-05-04,0,western,2,weighted,0.6834383752884163,LIVE,OOF,1
TR-002465,TR-C01172,2024-05-04,0,western,2,weighted,0.6381429919505087,LIVE,OOF,0
TR-003646,TR-C00575,2024-05-04,1,eastern,2,weighted,0.22790889784615115,LIVE,OOF,0
TR-005117,TR-C00354,2024-05-04,0,western,2,weighted,0.12499465206987614,LIVE,OOF,0
TR-006312,TR-C06193,2024-05-04,0,eastern,2,weighted,0.3336479899746713,LIVE,OOF,0
TR-006511,TR-C03548,2024-05-04,0,other,2,weighted,0.7483020853058676,LIVE,OOF,1
TR-006578,TR-C01136,2024-05-04,0,central,2,weighted,0.6703139954739662,LIVE,OOF,1
TR-007177,TR-C05784,2024-05-04,0,eastern,2,weighted,0.48385562313836744,LIVE,OOF,0
TR-008869,TR-C06351,2024-05-04,0,other,2,weighted,0.1321974659075648,LIVE,OOF,0
TR-009352,TR-C05236,2024-05-04,0,eastern,2,weighted,0.03844018866827521,LIVE,OOF,0
TR-009990,TR-C00465,2024-05-04,0,eastern,2,weighted,0.06702759639123303,LIVE,OOF,0
TR-000276,TR-C01781,2024-05-05,0,central,2,weighted,0.17842996792994692,LIVE,OOF,0
TR-000703,TR-C02321,2024-05-05,0,other,2,weighted,0.055681606251381674,LIVE,OOF,0
TR-005485,TR-C03353,2024-05-05,0,western,2,weighted,0.01804082783543538,LIVE,OOF,0
TR-008207,TR-C05859,2024-05-05,0,eastern,2,weighted,0.3380358209032502,LIVE,OOF,0
TR-008429,TR-C01304,2024-05-05,0,other,2,weighted,0.3134569234863106,LIVE,OOF,0
TR-000071,TR-C01340,2024-05-06,0,other,2,weighted,0.09818974003271139,LIVE,OOF,0
TR-000310,TR-C01074,2024-05-06,0,western,2,weighted,0.048415702432020924,LIVE,OOF,0
TR-000695,TR-C05000,2024-05-06,0,other,2,weighted,0.16151495987311454,LIVE,OOF,0
TR-000872,TR-C00503,2024-05-06,0,eastern,2,weighted,0.21495427620096463,LIVE,OOF,0
TR-001466,TR-C01832,2024-05-06,1,eastern,2,weighted,0.7026141424097018,LIVE,OOF,1
TR-003391,TR-C04207,2024-05-06,0,eastern,2,weighted,0.03138591466953871,LIVE,OOF,0
TR-003764,TR-C05548,2024-05-06,0,western,2,weighted,0.39964008959684666,LIVE,OOF,0
TR-004461,TR-C00035,2024-05-06,0,central,2,weighted,0.09915451928916248,LIVE,OOF,0
TR-001126,TR-C03593,2024-05-07,0,eastern,2,weighted,0.701734450568409,LIVE,OOF,1
TR-004357,TR-C02358,2024-05-07,0,eastern,2,weighted,0.2160207018789483,LIVE,OOF,0
TR-004675,TR-C01874,2024-05-07,0,central,2,weighted,0.031655142572348346,LIVE,OOF,0
TR-006232,TR-C02152,2024-05-07,0,eastern,2,weighted,0.14089056302997768,LIVE,OOF,0
TR-006560,TR-C01961,2024-05-07,0,eastern,2,weighted,0.33456906507278467,LIVE,OOF,0
TR-008473,TR-C03634,2024-05-07,0,other,2,weighted,0.05546747801313147,LIVE,OOF,0
TR-009540,TR-C02934,2024-05-07,0,eastern,2,weighted,0.38693894902464543,LIVE,OOF,0
TR-000580,TR-C02111,2024-05-08,0,western,2,weighted,0.6008031937979585,LIVE,OOF,0
TR-000597,TR-C03391,2024-05-08,0,other,2,weighted,0.14382828711511225,LIVE,OOF,0
TR-000692,TR-C06327,2024-05-08,0,eastern,2,weighted,0.25050151181607244,LIVE,OOF,0
TR-002620,TR-C01598,2024-05-08,0,central,2,weighted,0.584496015193436,LIVE,OOF,0
TR-003469,TR-C02363,2024-05-08,0,eastern,2,weighted,0.3912976974250706,LIVE,OOF,0
TR-007598,TR-C05570,2024-05-08,0,eastern,2,weighted,0.0709470057680396,LIVE,OOF,0
TR-007661,TR-C00583,2024-05-08,0,western,2,weighted,0.0823168701385655,LIVE,OOF,0
TR-001433,TR-C05757,2024-05-09,0,other,2,weighted,0.12670048943159493,LIVE,OOF,0
TR-003155,TR-C05317,2024-05-09,0,central,2,weighted,0.03579333720700034,LIVE,OOF,0
TR-006571,TR-C05455,2024-05-09,0,other,2,weighted,0.11070971391905382,LIVE,OOF,0
TR-006946,TR-C03742,2024-05-09,0,eastern,2,weighted,0.06844884883869441,LIVE,OOF,0
TR-006968,TR-C04338,2024-05-09,1,eastern,2,weighted,0.7157437419105268,LIVE,OOF,1
TR-009884,TR-C04055,2024-05-09,1,eastern,2,weighted,0.19286112650361448,LIVE,OOF,0
TR-009974,TR-C03757,2024-05-09,0,other,2,weighted,0.041344656750649515,LIVE,OOF,0
TR-000483,TR-C02405,2024-05-10,0,eastern,2,weighted,0.10590745826446041,LIVE,OOF,0
TR-001442,TR-C05373,2024-05-10,0,other,2,weighted,0.03778666837865075,LIVE,OOF,0
TR-001883,TR-C00552,2024-05-10,0,eastern,2,weighted,0.015732897712646292,LIVE,OOF,0
TR-003198,TR-C00835,2024-05-10,0,western,2,weighted,0.6232835809101274,LIVE,OOF,0
TR-004171,TR-C01752,2024-05-10,0,western,2,weighted,0.023057185979765017,LIVE,OOF,0
TR-006920,TR-C03991,2024-05-10,0,central,2,weighted,0.2972360409302884,LIVE,OOF,0
TR-007031,TR-C06495,2024-05-10,1,other,2,weighted,0.8611539532710201,LIVE,OOF,1
TR-007444,TR-C03835,2024-05-10,0,central,2,weighted,0.10801861951330195,LIVE,OOF,0
TR-008916,TR-C01527,2024-05-10,1,central,2,weighted,0.7452762320058172,LIVE,OOF,1
TR-008959,TR-C00966,2024-05-10,0,central,2,weighted,0.47147856948982797,LIVE,OOF,0
TR-009936,TR-C06018,2024-05-10,0,other,2,weighted,0.07948063976783988,LIVE,OOF,0
TR-000092,TR-C06247,2024-05-11,0,eastern,2,weighted,0.27004553550669363,LIVE,OOF,0
TR-000332,TR-C03567,2024-05-11,0,central,2,weighted,0.19574693042523258,LIVE,OOF,0
TR-000803,TR-C02610,2024-05-11,0,central,2,weighted,0.07953632379630463,LIVE,OOF,0
TR-000833,TR-C02037,2024-05-11,0,eastern,2,weighted,0.08061388485509827,LIVE,OOF,0
TR-001804,TR-C01809,2024-05-11,1,central,2,weighted,0.5818267056721643,LIVE,OOF,0
TR-008089,TR-C00719,2024-05-11,0,eastern,2,weighted,0.7254220916183768,LIVE,OOF,1
TR-008244,TR-C01310,2024-05-11,0,western,2,weighted,0.007879077942070616,LIVE,OOF,0
TR-008598,TR-C01581,2024-05-11,0,western,2,weighted,0.14227418595070493,LIVE,OOF,0
TR-000293,TR-C02669,2024-05-12,0,eastern,2,weighted,0.051671897963783665,LIVE,OOF,0
TR-002690,TR-C01311,2024-05-12,0,western,2,weighted,0.13092197938895847,LIVE,OOF,0
TR-003242,TR-C00312,2024-05-12,0,other,2,weighted,0.5408641493735996,LIVE,OOF,0
TR-003808,TR-C03568,2024-05-12,0,eastern,2,weighted,0.1712904577144022,LIVE,OOF,0
TR-004782,TR-C03576,2024-05-12,0,western,2,weighted,0.043156697078189,LIVE,OOF,0
TR-008147,TR-C02045,2024-05-12,1,other,2,weighted,0.37670928651853103,LIVE,OOF,0
TR-008992,TR-C04659,2024-05-12,0,central,2,weighted,0.21756030462109127,LIVE,OOF,0
TR-009735,TR-C05453,2024-05-12,0,western,2,weighted,0.7075956874980218,LIVE,OOF,1
TR-000186,TR-C02187,2024-05-13,0,eastern,2,weighted,0.0975295674262611,LIVE,OOF,0
TR-001120,TR-C00468,2024-05-13,0,eastern,2,weighted,0.04922274437388201,LIVE,OOF,0
TR-003300,TR-C04293,2024-05-13,0,western,2,weighted,0.030459072620048516,LIVE,OOF,0
TR-003627,TR-C05417,2024-05-13,0,other,2,weighted,0.4017847152239199,LIVE,OOF,0
TR-003823,TR-C02926,2024-05-13,0,other,2,weighted,0.5089080205729968,LIVE,OOF,0
TR-004041,TR-C05704,2024-05-13,0,western,2,weighted,0.13654714805974572,LIVE,OOF,0
TR-005480,TR-C06133,2024-05-13,0,other,2,weighted,0.3100680466067201,LIVE,OOF,0
TR-007871,TR-C04164,2024-05-13,0,western,2,weighted,0.016139321045479195,LIVE,OOF,0
TR-008603,TR-C00631,2024-05-13,0,central,2,weighted,0.3953915236817659,LIVE,OOF,0
TR-008900,TR-C01005,2024-05-13,0,western,2,weighted,0.21223189973865503,LIVE,OOF,0
TR-009172,TR-C05570,2024-05-13,0,eastern,2,weighted,0.05066247707600225,LIVE,OOF,0
TR-009902,TR-C02287,2024-05-13,0,eastern,2,weighted,0.6165553065364726,LIVE,OOF,0
TR-000425,TR-C00371,2024-05-14,0,eastern,2,weighted,0.1631140646102203,LIVE,OOF,0
TR-000805,TR-C04674,2024-05-14,0,other,2,weighted,0.051885151359151935,LIVE,OOF,0
TR-001077,TR-C05943,2024-05-14,0,eastern,2,weighted,0.27758747594490485,LIVE,OOF,0
TR-001210,TR-C02403,2024-05-14,0,central,2,weighted,0.3446927047379444,LIVE,OOF,0
TR-002455,TR-C03281,2024-05-14,1,western,2,weighted,0.6499280255876947,LIVE,OOF,0
TR-004101,TR-C05834,2024-05-14,0,western,2,weighted,0.08426886004300227,LIVE,OOF,0
TR-008149,TR-C02801,2024-05-14,0,central,2,weighted,0.4310433421201703,LIVE,OOF,0
TR-008352,TR-C06138,2024-05-14,0,western,2,weighted,0.6809786055136207,LIVE,OOF,1
TR-009490,TR-C02148,2024-05-14,0,western,2,weighted,0.24377278976163452,LIVE,OOF,0
TR-000241,TR-C01677,2024-05-15,0,central,2,weighted,0.015342354152966827,LIVE,OOF,0
TR-000370,TR-C04805,2024-05-15,0,central,2,weighted,0.5656328510886448,LIVE,OOF,0
TR-001003,TR-C00352,2024-05-15,0,other,2,weighted,0.3401035220085034,LIVE,OOF,0
TR-001297,TR-C02433,2024-05-15,0,eastern,2,weighted,0.856109993408858,LIVE,OOF,1
TR-002830,TR-C00761,2024-05-15,0,eastern,2,weighted,0.3677393182432609,LIVE,OOF,0
TR-003321,TR-C00016,2024-05-15,0,eastern,2,weighted,0.11796355839222121,LIVE,OOF,0
TR-004252,TR-C02011,2024-05-15,0,central,2,weighted,0.866438007628881,LIVE,OOF,1
TR-006077,TR-C03211,2024-05-15,1,eastern,2,weighted,0.8440768821135997,LIVE,OOF,1
TR-006631,TR-C01297,2024-05-15,0,other,2,weighted,0.04834419189794042,LIVE,OOF,0
TR-006655,TR-C06169,2024-05-15,0,other,2,weighted,0.13877457500886295,LIVE,OOF,0
TR-008928,TR-C02610,2024-05-15,0,central,2,weighted,0.11216929368915884,LIVE,OOF,0
TR-000242,TR-C04080,2024-05-16,0,other,2,weighted,0.44200378498484316,LIVE,OOF,0
TR-001248,TR-C06048,2024-05-16,0,western,2,weighted,0.028282990935540483,LIVE,OOF,0
TR-002148,TR-C02582,2024-05-16,0,other,2,weighted,0.3927926627052307,LIVE,OOF,0
TR-007056,TR-C02576,2024-05-16,0,western,2,weighted,0.4134018418922009,LIVE,OOF,0
TR-007405,TR-C03616,2024-05-16,0,eastern,2,weighted,0.10331653768106354,LIVE,OOF,0
TR-007591,TR-C00969,2024-05-16,0,eastern,2,weighted,0.3269910689040727,LIVE,OOF,0
TR-007973,TR-C02133,2024-05-16,0,central,2,weighted,0.0664243904818502,LIVE,OOF,0
TR-008643,TR-C04723,2024-05-16,0,eastern,2,weighted,0.04396437898995919,LIVE,OOF,0
TR-009000,TR-C03408,2024-05-16,1,western,2,weighted,0.9069116210820443,LIVE,OOF,1
TR-000516,TR-C03024,2024-05-17,0,eastern,2,weighted,0.5165182991394132,LIVE,OOF,0
TR-000723,TR-C00620,2024-05-17,0,eastern,2,weighted,0.02280672511512373,LIVE,OOF,0
TR-005381,TR-C04698,2024-05-17,0,eastern,2,weighted,0.08527767705726177,LIVE,OOF,0
TR-005677,TR-C00447,2024-05-17,0,eastern,2,weighted,0.06393084831636474,LIVE,OOF,0
TR-007178,TR-C00528,2024-05-17,0,central,2,weighted,0.16912266468888926,LIVE,OOF,0
TR-008120,TR-C05920,2024-05-17,0,western,2,weighted,0.16100766061430025,LIVE,OOF,0
TR-008369,TR-C00667,2024-05-17,0,other,2,weighted,0.03991116939144619,LIVE,OOF,0
TR-008441,TR-C00756,2024-05-17,1,western,2,weighted,0.030982349917300537,LIVE,OOF,0
TR-008717,TR-C03958,2024-05-17,0,central,2,weighted,0.3941542694673665,LIVE,OOF,0
TR-008987,TR-C05783,2024-05-17,0,western,2,weighted,0.17033571240607867,LIVE,OOF,0
TR-002693,TR-C06049,2024-05-18,0,other,2,weighted,0.36457983490826157,LIVE,OOF,0
TR-002702,TR-C00991,2024-05-18,0,eastern,2,weighted,0.07938153507380473,LIVE,OOF,0
TR-003102,TR-C05044,2024-05-18,0,central,2,weighted,0.4276021841544485,LIVE,OOF,0
TR-003604,TR-C01657,2024-05-18,0,eastern,2,weighted,0.0844612796770506,LIVE,OOF,0
TR-004995,TR-C03300,2024-05-18,0,western,2,weighted,0.06062485756702696,LIVE,OOF,0
TR-006782,TR-C04683,2024-05-18,1,other,2,weighted,0.8506589103759735,LIVE,OOF,1
TR-007419,TR-C03304,2024-05-18,0,western,2,weighted,0.043756146613033384,LIVE,OOF,0
TR-008798,TR-C06263,2024-05-18,0,other,2,weighted,0.26887792303969504,LIVE,OOF,0
TR-004629,TR-C00409,2024-05-19,0,eastern,2,weighted,0.5019900635191022,LIVE,OOF,0
TR-004793,TR-C00319,2024-05-19,0,other,2,weighted,0.5864450332265146,LIVE,OOF,0
TR-005016,TR-C06334,2024-05-19,0,eastern,2,weighted,0.08112615299198099,LIVE,OOF,0
TR-006046,TR-C03803,2024-05-19,0,eastern,2,weighted,0.5779888301171471,LIVE,OOF,0
TR-007192,TR-C04654,2024-05-19,0,central,2,weighted,0.18491078763918797,LIVE,OOF,0
TR-008416,TR-C04009,2024-05-19,0,western,2,weighted,0.06752737231690417,LIVE,OOF,0
TR-000488,TR-C00061,2024-05-20,0,central,2,weighted,0.6942889114833329,LIVE,OOF,1
TR-000841,TR-C03485,2024-05-20,0,eastern,2,weighted,0.07799064534103943,LIVE,OOF,0
TR-001097,TR-C05560,2024-05-20,0,eastern,2,weighted,0.360009674278051,LIVE,OOF,0
TR-001193,TR-C01340,2024-05-20,0,other,2,weighted,0.09631609891297854,LIVE,OOF,0
TR-001477,TR-C03703,2024-05-20,0,central,2,weighted,0.15854187422896374,LIVE,OOF,0
TR-002043,TR-C05138,2024-05-20,0,other,2,weighted,0.1838746413112033,LIVE,OOF,0
TR-003049,TR-C04999,2024-05-20,0,western,2,weighted,0.13489417672542017,LIVE,OOF,0
TR-005837,TR-C03244,2024-05-20,0,eastern,2,weighted,0.04376708667138097,LIVE,OOF,0
TR-007043,TR-C04570,2024-05-20,0,other,2,weighted,0.08662602983998587,LIVE,OOF,0
TR-007907,TR-C03754,2024-05-20,0,central,2,weighted,0.1848049048485658,LIVE,OOF,0
TR-008940,TR-C00274,2024-05-20,0,other,2,weighted,0.06983372236963828,LIVE,OOF,0
TR-009597,TR-C02289,2024-05-20,0,western,2,weighted,0.027935467602292614,LIVE,OOF,0
TR-009814,TR-C00821,2024-05-20,0,eastern,2,weighted,0.12721423864020603,LIVE,OOF,0
TR-000541,TR-C01766,2024-05-21,0,other,2,weighted,0.04058440400390896,LIVE,OOF,0
TR-000683,TR-C05221,2024-05-21,0,western,2,weighted,0.13405532829701525,LIVE,OOF,0
TR-001059,TR-C01504,2024-05-21,0,other,2,weighted,0.030501468097456026,LIVE,OOF,0
TR-001139,TR-C06366,2024-05-21,0,western,2,weighted,0.6770706585867409,LIVE,OOF,1
TR-002558,TR-C06412,2024-05-21,0,western,2,weighted,0.6196218315044772,LIVE,OOF,0
TR-004231,TR-C00776,2024-05-21,0,western,2,weighted,0.08962334940335766,LIVE,OOF,0
TR-004255,TR-C04219,2024-05-21,0,central,2,weighted,0.07643401062658225,LIVE,OOF,0
TR-004824,TR-C01383,2024-05-21,0,western,2,weighted,0.20862621937580622,LIVE,OOF,0
TR-005439,TR-C01916,2024-05-21,0,other,2,weighted,0.04544356212290434,LIVE,OOF,0
TR-006475,TR-C05207,2024-05-21,0,eastern,2,weighted,0.353779684177012,LIVE,OOF,0
TR-008392,TR-C02647,2024-05-21,0,western,2,weighted,0.05280842130577966,LIVE,OOF,0
TR-008456,TR-C03054,2024-05-21,0,eastern,2,weighted,0.7078792203644221,LIVE,OOF,1
TR-008817,TR-C01996,2024-05-21,0,other,2,weighted,0.02061054327288063,LIVE,OOF,0
TR-000271,TR-C03389,2024-05-22,0,central,2,weighted,0.06192616375039278,LIVE,OOF,0
TR-000326,TR-C03810,2024-05-22,0,other,2,weighted,0.10235550812086197,LIVE,OOF,0
TR-000882,TR-C00948,2024-05-22,0,central,2,weighted,0.3344038851117512,LIVE,OOF,0
TR-002259,TR-C02852,2024-05-22,0,other,2,weighted,0.06097240908897487,LIVE,OOF,0
TR-003113,TR-C03320,2024-05-22,0,eastern,2,weighted,0.0481090648220202,LIVE,OOF,0
TR-006514,TR-C04363,2024-05-22,0,central,2,weighted,0.03033790839671329,LIVE,OOF,0
TR-007533,TR-C01548,2024-05-22,0,eastern,2,weighted,0.06676121587256474,LIVE,OOF,0
TR-000455,TR-C06231,2024-05-23,0,other,2,weighted,0.0746571871545471,LIVE,OOF,0
TR-000914,TR-C00575,2024-05-23,0,eastern,2,weighted,0.3276892810883234,LIVE,OOF,0
TR-003652,TR-C01642,2024-05-23,0,other,2,weighted,0.034254718529424064,LIVE,OOF,0
TR-004736,TR-C03021,2024-05-23,0,eastern,2,weighted,0.34488717114963563,LIVE,OOF,0
TR-006853,TR-C03544,2024-05-23,0,western,2,weighted,0.559795693641785,LIVE,OOF,0
TR-007096,TR-C03217,2024-05-23,0,other,2,weighted,0.07825675879214314,LIVE,OOF,0
TR-007099,TR-C01125,2024-05-23,1,western,2,weighted,0.031007584464985232,LIVE,OOF,0
TR-007581,TR-C04458,2024-05-23,0,western,2,weighted,0.0418233875435319,LIVE,OOF,0
TR-007820,TR-C02746,2024-05-23,0,central,2,weighted,0.7164245246457022,LIVE,OOF,1
TR-008911,TR-C04994,2024-05-23,0,central,2,weighted,0.021999273744044732,LIVE,OOF,0
TR-009069,TR-C02231,2024-05-23,0,other,2,weighted,0.06386701667495567,LIVE,OOF,0
TR-009187,TR-C01378,2024-05-23,0,other,2,weighted,0.3327185927827892,LIVE,OOF,0
TR-000501,TR-C03601,2024-05-24,0,eastern,2,weighted,0.08902156481110046,LIVE,OOF,0
TR-001923,TR-C01030,2024-05-24,1,western,2,weighted,0.8516479215090416,LIVE,OOF,1
TR-002510,TR-C02273,2024-05-24,0,western,2,weighted,0.3559725807212875,LIVE,OOF,0
TR-003402,TR-C05228,2024-05-24,0,eastern,2,weighted,0.09692583456161051,LIVE,OOF,0
TR-003552,TR-C02902,2024-05-24,0,other,2,weighted,0.048697077626077175,LIVE,OOF,0
TR-006428,TR-C04360,2024-05-24,1,other,2,weighted,0.6535210782294955,LIVE,OOF,0
TR-006687,TR-C03307,2024-05-24,0,western,2,weighted,0.7162907850185485,LIVE,OOF,1
TR-006891,TR-C02880,2024-05-24,0,eastern,2,weighted,0.4613725681894192,LIVE,OOF,0
TR-007145,TR-C00789,2024-05-24,0,western,2,weighted,0.04977091984637208,LIVE,OOF,0
TR-001942,TR-C00465,2024-05-25,0,eastern,2,weighted,0.09881176131578473,LIVE,OOF,0
TR-002703,TR-C06015,2024-05-25,0,other,2,weighted,0.16576187739528883,LIVE,OOF,0
TR-003931,TR-C03977,2024-05-25,0,western,2,weighted,0.027471073985261916,LIVE,OOF,0
TR-005162,TR-C01252,2024-05-25,0,eastern,2,weighted,0.2823613476643885,LIVE,OOF,0
TR-006677,TR-C05280,2024-05-25,0,other,2,weighted,0.035274353197487736,LIVE,OOF,0
TR-006679,TR-C05876,2024-05-25,1,western,2,weighted,0.9001018865179176,LIVE,OOF,1
TR-007498,TR-C00629,2024-05-25,0,western,2,weighted,0.6876117382937517,LIVE,OOF,1
TR-008740,TR-C01850,2024-05-25,0,other,2,weighted,0.031585265224764396,LIVE,OOF,0
TR-009330,TR-C05639,2024-05-25,0,central,2,weighted,0.7951089545971538,LIVE,OOF,1
TR-000018,TR-C03539,2024-05-26,0,central,2,weighted,0.27649719679155715,LIVE,OOF,0
TR-002124,TR-C04638,2024-05-26,0,western,2,weighted,0.5088536405179747,LIVE,OOF,0
TR-003195,TR-C02137,2024-05-26,0,central,2,weighted,0.02215514788658329,LIVE,OOF,0
TR-004488,TR-C05707,2024-05-26,0,central,2,weighted,0.3555445257167989,LIVE,OOF,0
TR-006439,TR-C05616,2024-05-26,0,eastern,2,weighted,0.04134109868939145,LIVE,OOF,0
TR-007294,TR-C06156,2024-05-26,0,other,2,weighted,0.5408460693797913,LIVE,OOF,0
TR-007313,TR-C04995,2024-05-26,0,central,2,weighted,0.024507846946786475,LIVE,OOF,0
TR-007731,TR-C00344,2024-05-26,0,eastern,2,weighted,0.04748250785310442,LIVE,OOF,0
TR-008475,TR-C04241,2024-05-26,0,western,2,weighted,0.032586336910613016,LIVE,OOF,0
TR-009194,TR-C02154,2024-05-26,0,western,2,weighted,0.11305578064520613,LIVE,OOF,0
TR-009767,TR-C04660,2024-05-26,0,other,2,weighted,0.3450627948739581,LIVE,OOF,0
TR-000595,TR-C06369,2024-05-27,0,central,2,weighted,0.2416477793848065,LIVE,OOF,0
TR-000960,TR-C02597,2024-05-27,0,central,2,weighted,0.14231047733560734,LIVE,OOF,0
TR-001236,TR-C04346,2024-05-27,0,western,2,weighted,0.08368060368432255,LIVE,OOF,0
TR-001710,TR-C02119,2024-05-27,0,other,2,weighted,0.05307518754585532,LIVE,OOF,0
TR-004967,TR-C01596,2024-05-27,0,central,2,weighted,0.0440724564144573,LIVE,OOF,0
TR-008172,TR-C02479,2024-05-27,0,central,2,weighted,0.2678867517045801,LIVE,OOF,0
TR-009141,TR-C04453,2024-05-27,0,eastern,2,weighted,0.1752148048506343,LIVE,OOF,0
TR-009749,TR-C00755,2024-05-27,0,other,2,weighted,0.17317712315984,LIVE,OOF,0
TR-009967,TR-C06451,2024-05-27,0,central,2,weighted,0.1950845955726103,LIVE,OOF,0
TR-000146,TR-C02666,2024-05-28,0,eastern,2,weighted,0.11413488504741263,LIVE,OOF,0
TR-001209,TR-C05802,2024-05-28,0,western,2,weighted,0.06518601438465915,LIVE,OOF,0
TR-002507,TR-C06173,2024-05-28,0,central,2,weighted,0.04192033917902197,LIVE,OOF,0
TR-002815,TR-C00937,2024-05-28,0,eastern,2,weighted,0.587637460037937,LIVE,OOF,0
TR-003522,TR-C05116,2024-05-28,0,other,2,weighted,0.14586060537630322,LIVE,OOF,0
TR-003769,TR-C04102,2024-05-28,0,eastern,2,weighted,0.02689729967417044,LIVE,OOF,0
TR-005125,TR-C01815,2024-05-28,0,western,2,weighted,0.4503821110790161,LIVE,OOF,0
TR-005323,TR-C05783,2024-05-28,0,western,2,weighted,0.6224836679029413,LIVE,OOF,0
TR-006133,TR-C01195,2024-05-28,0,western,2,weighted,0.07743216994976018,LIVE,OOF,0
TR-007280,TR-C04957,2024-05-28,0,eastern,2,weighted,0.13805253107051452,LIVE,OOF,0
TR-008748,TR-C06290,2024-05-28,1,central,2,weighted,0.8800331046461113,LIVE,OOF,1
TR-009280,TR-C05696,2024-05-28,0,western,2,weighted,0.10798272963250563,LIVE,OOF,0
TR-009285,TR-C04886,2024-05-28,0,eastern,2,weighted,0.014465412901043874,LIVE,OOF,0
TR-009728,TR-C04001,2024-05-28,0,eastern,2,weighted,0.15071678211726394,LIVE,OOF,0
TR-001096,TR-C05988,2024-05-29,1,eastern,2,weighted,0.16616499545681046,LIVE,OOF,0
TR-003334,TR-C02181,2024-05-29,0,central,2,weighted,0.02399828366406578,LIVE,OOF,0
TR-004898,TR-C03882,2024-05-29,0,western,2,weighted,0.540913369312812,LIVE,OOF,0
TR-005657,TR-C00729,2024-05-29,0,central,2,weighted,0.06433817277031553,LIVE,OOF,0
TR-006587,TR-C00376,2024-05-29,0,other,2,weighted,0.15781306360657596,LIVE,OOF,0
TR-007975,TR-C00887,2024-05-29,1,eastern,2,weighted,0.6757847661545672,LIVE,OOF,1
TR-008975,TR-C04717,2024-05-29,0,western,2,weighted,0.40148943975524404,LIVE,OOF,0
TR-009241,TR-C05301,2024-05-29,0,western,2,weighted,0.6803494108382184,LIVE,OOF,1
TR-000511,TR-C01778,2024-05-30,0,western,2,weighted,0.0471926198191042,LIVE,OOF,0
TR-000675,TR-C03982,2024-05-30,0,western,2,weighted,0.37126072748262534,LIVE,OOF,0
TR-000969,TR-C00938,2024-05-30,0,other,2,weighted,0.021816340624744315,LIVE,OOF,0
TR-002023,TR-C05906,2024-05-30,0,central,2,weighted,0.11016176730844271,LIVE,OOF,0
TR-002194,TR-C06433,2024-05-30,0,eastern,2,weighted,0.11525157719000666,LIVE,OOF,0
TR-002584,TR-C02904,2024-05-30,0,central,2,weighted,0.761382229915802,LIVE,OOF,1
TR-002674,TR-C03629,2024-05-30,0,western,2,weighted,0.5938958453484531,LIVE,OOF,0
TR-003125,TR-C00650,2024-05-30,0,other,2,weighted,0.011055993434177297,LIVE,OOF,0
TR-003267,TR-C05937,2024-05-30,0,eastern,2,weighted,0.24375452627751118,LIVE,OOF,0
TR-003290,TR-C05295,2024-05-30,0,central,2,weighted,0.7428322896375911,LIVE,OOF,1
TR-004354,TR-C00359,2024-05-30,0,central,2,weighted,0.10408849352958886,LIVE,OOF,0
TR-004541,TR-C04829,2024-05-30,0,other,2,weighted,0.043578372409606554,LIVE,OOF,0
TR-005745,TR-C03076,2024-05-30,0,other,2,weighted,0.3987008871320821,LIVE,OOF,0
TR-006603,TR-C00999,2024-05-30,0,western,2,weighted,0.0726788024402531,LIVE,OOF,0
TR-008819,TR-C04605,2024-05-30,1,western,2,weighted,0.8019460394395791,LIVE,OOF,1
TR-009547,TR-C05603,2024-05-30,0,eastern,2,weighted,0.03049321396396822,LIVE,OOF,0
TR-009823,TR-C03782,2024-05-30,0,central,2,weighted,0.12144056179990344,LIVE,OOF,0
TR-009945,TR-C00560,2024-05-30,0,other,2,weighted,0.6122488684293528,LIVE,OOF,0
TR-001493,TR-C04278,2024-05-31,0,eastern,2,weighted,0.040153035958713425,LIVE,OOF,0
TR-003597,TR-C00694,2024-05-31,0,other,2,weighted,0.1933654249802702,LIVE,OOF,0
TR-003992,TR-C02760,2024-05-31,0,central,2,weighted,0.13290017754661484,LIVE,OOF,0
TR-004920,TR-C04910,2024-05-31,0,eastern,2,weighted,0.7608277672459437,LIVE,OOF,1
TR-005601,TR-C04618,2024-05-31,0,central,2,weighted,0.06992509347375814,LIVE,OOF,0
TR-007202,TR-C01332,2024-05-31,0,central,2,weighted,0.24035487143551454,LIVE,OOF,0
TR-008174,TR-C02992,2024-05-31,0,other,2,weighted,0.10121783066564376,LIVE,OOF,0
TR-008655,TR-C02001,2024-05-31,0,central,2,weighted,0.7828263000341423,LIVE,OOF,1
TR-008710,TR-C04166,2024-05-31,0,western,2,weighted,0.42836426673567357,LIVE,OOF,0
TR-009538,TR-C02214,2024-05-31,0,eastern,2,weighted,0.27365319276602473,LIVE,OOF,0
TR-001328,TR-C03573,2024-06-01,0,western,2,weighted,0.030240340438140917,LIVE,OOF,0
TR-003004,TR-C04733,2024-06-01,0,central,2,weighted,0.12850685589199357,LIVE,OOF,0
TR-004375,TR-C02136,2024-06-01,0,eastern,2,weighted,0.0834154181198533,LIVE,OOF,0
TR-004477,TR-C03138,2024-06-01,0,western,2,weighted,0.03593835432729925,LIVE,OOF,0
TR-006298,TR-C02823,2024-06-01,0,other,2,weighted,0.11522610146892572,LIVE,OOF,0
TR-006693,TR-C02173,2024-06-01,0,central,2,weighted,0.39297195649507427,LIVE,OOF,0
TR-007081,TR-C03054,2024-06-01,0,eastern,2,weighted,0.6659977116911447,LIVE,OOF,1
TR-009725,TR-C03806,2024-06-01,0,eastern,2,weighted,0.1837880320632543,LIVE,OOF,0
TR-001131,TR-C05771,2024-06-02,0,western,2,weighted,0.019218083495576986,LIVE,OOF,0
TR-002527,TR-C02294,2024-06-02,0,other,2,weighted,0.11963660388650847,LIVE,OOF,0
TR-004521,TR-C05527,2024-06-02,0,central,2,weighted,0.4462146692253352,LIVE,OOF,0
TR-004747,TR-C06417,2024-06-02,0,eastern,2,weighted,0.021577947384309074,LIVE,OOF,0
TR-004943,TR-C00755,2024-06-02,0,other,2,weighted,0.6969250437587163,LIVE,OOF,1
TR-006364,TR-C02262,2024-06-02,0,western,2,weighted,0.7285378077011861,LIVE,OOF,1
TR-006437,TR-C00427,2024-06-02,0,other,2,weighted,0.2987974579030749,LIVE,OOF,0
TR-009591,TR-C00755,2024-06-02,1,other,2,weighted,0.8868657101244366,LIVE,OOF,1
TR-009993,TR-C00908,2024-06-02,0,other,2,weighted,0.8124239466349973,LIVE,OOF,1
TR-001524,TR-C05675,2024-06-03,0,other,2,weighted,0.4127957174079008,LIVE,OOF,0
TR-001879,TR-C02728,2024-06-03,0,other,2,weighted,0.07051658241711341,LIVE,OOF,0
TR-004289,TR-C02452,2024-06-03,0,central,2,weighted,0.18843235514877216,LIVE,OOF,0
TR-004310,TR-C05011,2024-06-03,0,eastern,2,weighted,0.40079049330696015,LIVE,OOF,0
TR-005058,TR-C05088,2024-06-03,0,western,2,weighted,0.3095450727370482,LIVE,OOF,0
TR-007994,TR-C02497,2024-06-03,0,western,2,weighted,0.060881237048014084,LIVE,OOF,0
TR-009750,TR-C01624,2024-06-03,0,other,2,weighted,0.28147804409864846,LIVE,OOF,0
TR-009985,TR-C03993,2024-06-03,0,eastern,2,weighted,0.016260796251907097,LIVE,OOF,0
TR-000032,TR-C01134,2024-06-04,0,western,2,weighted,0.6199303285119043,LIVE,OOF,0
TR-001026,TR-C00486,2024-06-04,0,western,2,weighted,0.33784447052871996,LIVE,OOF,0
TR-001721,TR-C02087,2024-06-04,0,eastern,2,weighted,0.06319792297788646,LIVE,OOF,0
TR-002934,TR-C03813,2024-06-04,0,eastern,2,weighted,0.19793518288402068,LIVE,OOF,0
TR-006721,TR-C05312,2024-06-04,0,central,2,weighted,0.17652199530495005,LIVE,OOF,0
TR-008323,TR-C03691,2024-06-04,0,other,2,weighted,0.18112494407972962,LIVE,OOF,0
TR-000377,TR-C01108,2024-06-05,0,western,2,weighted,0.4050637392707746,LIVE,OOF,0
TR-001355,TR-C02217,2024-06-05,0,central,2,weighted,0.06497656329514934,LIVE,OOF,0
TR-001482,TR-C00016,2024-06-05,0,eastern,2,weighted,0.021334118432628175,LIVE,OOF,0
TR-002171,TR-C03968,2024-06-05,0,western,2,weighted,0.2870802468713735,LIVE,OOF,0
TR-002394,TR-C04007,2024-06-05,0,eastern,2,weighted,0.23222287934808994,LIVE,OOF,0
TR-002458,TR-C04313,2024-06-05,0,eastern,2,weighted,0.5988486354844936,LIVE,OOF,0
TR-006743,TR-C03378,2024-06-05,0,other,2,weighted,0.6518896136930067,LIVE,OOF,0
TR-008003,TR-C03375,2024-06-05,0,eastern,2,weighted,0.05752861609262301,LIVE,OOF,0
TR-009052,TR-C01466,2024-06-05,0,western,2,weighted,0.03355629047382557,LIVE,OOF,0
TR-009165,TR-C02613,2024-06-05,0,other,2,weighted,0.012097076982452574,LIVE,OOF,0
TR-003390,TR-C01125,2024-06-06,0,western,2,weighted,0.039662288384879854,LIVE,OOF,0
TR-003528,TR-C01766,2024-06-06,0,other,2,weighted,0.11155225310730621,LIVE,OOF,0
TR-003887,TR-C01554,2024-06-06,0,central,2,weighted,0.14237950371908653,LIVE,OOF,0
TR-004084,TR-C02099,2024-06-06,1,central,2,weighted,0.7597828454997048,LIVE,OOF,1
TR-004292,TR-C00841,2024-06-06,0,western,2,weighted,0.6182487158951655,LIVE,OOF,0
TR-004442,TR-C00563,2024-06-06,0,central,2,weighted,0.22456371275879636,LIVE,OOF,0
TR-004975,TR-C01285,2024-06-06,0,central,2,weighted,0.2211587886166867,LIVE,OOF,0
TR-005255,TR-C04443,2024-06-06,0,central,2,weighted,0.36082512438494824,LIVE,OOF,0
TR-005500,TR-C05867,2024-06-06,0,eastern,2,weighted,0.13388259340003666,LIVE,OOF,0
TR-005913,TR-C05935,2024-06-06,0,eastern,2,weighted,0.14148787648623215,LIVE,OOF,0
TR-007465,TR-C04730,2024-06-06,0,central,2,weighted,0.40305528644390204,LIVE,OOF,0
TR-008138,TR-C04051,2024-06-06,0,eastern,2,weighted,0.01596128739547506,LIVE,OOF,0
TR-008261,TR-C01336,2024-06-06,0,eastern,2,weighted,0.17000092539049771,LIVE,OOF,0
TR-008630,TR-C04761,2024-06-06,0,other,2,weighted,0.22532501618941497,LIVE,OOF,0
TR-008719,TR-C02017,2024-06-06,0,eastern,2,weighted,0.14012170856992168,LIVE,OOF,0
TR-009173,TR-C02223,2024-06-06,0,other,2,weighted,0.0792637587224144,LIVE,OOF,0
TR-000600,TR-C06290,2024-06-07,0,central,2,weighted,0.11364694926800413,LIVE,OOF,0
TR-000909,TR-C04810,2024-06-07,0,other,2,weighted,0.17573598944580204,LIVE,OOF,0
TR-001761,TR-C01906,2024-06-07,0,other,2,weighted,0.16724986542206757,LIVE,OOF,0
TR-002061,TR-C01267,2024-06-07,0,western,2,weighted,0.3281638866678145,LIVE,OOF,0
TR-002224,TR-C00926,2024-06-07,0,eastern,2,weighted,0.09160403828551658,LIVE,OOF,0
TR-002291,TR-C05965,2024-06-07,0,western,2,weighted,0.8114027986855893,LIVE,OOF,1
TR-002757,TR-C02193,2024-06-07,0,western,2,weighted,0.5576025590727951,LIVE,OOF,0
TR-003609,TR-C06266,2024-06-07,0,eastern,2,weighted,0.01632915364665854,LIVE,OOF,0
TR-007857,TR-C03755,2024-06-07,0,other,2,weighted,0.012051144335657023,LIVE,OOF,0
TR-001029,TR-C05816,2024-06-08,0,western,2,weighted,0.6911163869982383,LIVE,OOF,1
TR-001032,TR-C01361,2024-06-08,0,eastern,2,weighted,0.22712862861684058,LIVE,OOF,0
TR-001072,TR-C03729,2024-06-08,0,western,2,weighted,0.5711127178176164,LIVE,OOF,0
TR-001755,TR-C04383,2024-06-08,0,other,2,weighted,0.056078028866485864,LIVE,OOF,0
TR-004148,TR-C05633,2024-06-08,0,central,2,weighted,0.1901625412295093,LIVE,OOF,0
TR-004609,TR-C02060,2024-06-08,0,eastern,2,weighted,0.4463557773004868,LIVE,OOF,0
TR-004752,TR-C06296,2024-06-08,0,western,2,weighted,0.23445149173149893,LIVE,OOF,0
TR-004770,TR-C06459,2024-06-08,0,eastern,2,weighted,0.035105913402011045,LIVE,OOF,0
TR-004886,TR-C05215,2024-06-08,0,central,2,weighted,0.08251783075735764,LIVE,OOF,0
TR-005302,TR-C02249,2024-06-08,0,other,2,weighted,0.08259438430425983,LIVE,OOF,0
TR-006577,TR-C01150,2024-06-08,0,central,2,weighted,0.33843323132026537,LIVE,OOF,0
TR-007616,TR-C01899,2024-06-08,0,other,2,weighted,0.05583183960215083,LIVE,OOF,0
TR-009535,TR-C04161,2024-06-08,0,central,2,weighted,0.03072978457352894,LIVE,OOF,0
TR-009606,TR-C00272,2024-06-08,0,eastern,2,weighted,0.22818226437188407,LIVE,OOF,0
TR-000926,TR-C00130,2024-06-09,0,other,2,weighted,0.028826020855787702,LIVE,OOF,0
TR-001570,TR-C02117,2024-06-09,0,other,2,weighted,0.14034657660562982,LIVE,OOF,0
TR-004217,TR-C00531,2024-06-09,0,eastern,2,weighted,0.507221556274697,LIVE,OOF,0
TR-004341,TR-C06235,2024-06-09,0,other,2,weighted,0.16859957855581378,LIVE,OOF,0
TR-005135,TR-C03588,2024-06-09,0,eastern,2,weighted,0.05097806966001053,LIVE,OOF,0
TR-005342,TR-C00946,2024-06-09,0,eastern,2,weighted,0.021364318835227797,LIVE,OOF,0
TR-006495,TR-C05648,2024-06-09,0,central,2,weighted,0.7528172279941379,LIVE,OOF,1
TR-006663,TR-C03009,2024-06-09,1,central,2,weighted,0.4622026553151532,LIVE,OOF,0
TR-007644,TR-C03909,2024-06-09,0,eastern,2,weighted,0.49098357692203604,LIVE,OOF,0
TR-008356,TR-C00731,2024-06-09,1,western,2,weighted,0.6498938916118568,LIVE,OOF,0
TR-009094,TR-C03815,2024-06-09,0,eastern,2,weighted,0.7095792853911228,LIVE,OOF,1
TR-009213,TR-C00266,2024-06-09,0,western,2,weighted,0.029746826478037645,LIVE,OOF,0
TR-000529,TR-C02785,2024-06-10,0,eastern,2,weighted,0.1159324797604237,LIVE,OOF,0
TR-000572,TR-C02019,2024-06-10,0,eastern,2,weighted,0.41150512888177776,LIVE,OOF,0
TR-000750,TR-C02204,2024-06-10,0,eastern,2,weighted,0.4433953064156013,LIVE,OOF,0
TR-001657,TR-C05089,2024-06-10,0,central,2,weighted,0.08287274682611802,LIVE,OOF,0
TR-004086,TR-C01036,2024-06-10,0,other,2,weighted,0.07143971031062482,LIVE,OOF,0
TR-007158,TR-C00625,2024-06-10,0,western,2,weighted,0.15234339583832282,LIVE,OOF,0
TR-008511,TR-C05501,2024-06-10,0,western,2,weighted,0.020950890089313244,LIVE,OOF,0
TR-008939,TR-C04522,2024-06-10,0,central,2,weighted,0.08188895439208112,LIVE,OOF,0
TR-000589,TR-C05377,2024-06-11,0,other,2,weighted,0.15473036655987854,LIVE,OOF,0
TR-000814,TR-C00524,2024-06-11,0,eastern,2,weighted,0.25468249214192507,LIVE,OOF,0
TR-002616,TR-C01089,2024-06-11,0,western,2,weighted,0.6331444466745976,LIVE,OOF,0
TR-003640,TR-C04386,2024-06-11,0,other,2,weighted,0.6939377364110844,LIVE,OOF,1
TR-003643,TR-C05726,2024-06-11,0,other,2,weighted,0.523528494925941,LIVE,OOF,0
TR-006988,TR-C02455,2024-06-11,0,central,2,weighted,0.21020983864513335,LIVE,OOF,0
TR-000635,TR-C06031,2024-06-12,0,western,2,weighted,0.33946560113879504,LIVE,OOF,0
TR-001951,TR-C06172,2024-06-12,0,other,2,weighted,0.032493740576180076,LIVE,OOF,0
TR-002235,TR-C01811,2024-06-12,0,eastern,2,weighted,0.15725061431894052,LIVE,OOF,0
TR-002380,TR-C05809,2024-06-12,0,central,2,weighted,0.09621409734363136,LIVE,OOF,0
TR-002972,TR-C02349,2024-06-12,0,western,2,weighted,0.15579678808387667,LIVE,OOF,0
TR-003224,TR-C06044,2024-06-12,0,other,2,weighted,0.5240865393328825,LIVE,OOF,0
TR-003296,TR-C05726,2024-06-12,0,other,2,weighted,0.22906335599662223,LIVE,OOF,0
TR-003661,TR-C04181,2024-06-12,0,eastern,2,weighted,0.024080650955715016,LIVE,OOF,0
TR-004579,TR-C05409,2024-06-12,0,western,2,weighted,0.013354268501975379,LIVE,OOF,0
TR-004612,TR-C03578,2024-06-12,0,western,2,weighted,0.0921204901867572,LIVE,OOF,0
TR-004720,TR-C04077,2024-06-12,1,eastern,2,weighted,0.5022659501655313,LIVE,OOF,0
TR-006472,TR-C04322,2024-06-12,0,eastern,2,weighted,0.07155811335337038,LIVE,OOF,0
TR-006553,TR-C01164,2024-06-12,0,other,2,weighted,0.07544386727853727,LIVE,OOF,0
TR-007259,TR-C00755,2024-06-12,1,other,2,weighted,0.865178187023295,LIVE,OOF,1
TR-007478,TR-C01807,2024-06-12,0,other,2,weighted,0.09481211853745045,LIVE,OOF,0
TR-007510,TR-C02858,2024-06-12,0,other,2,weighted,0.2098594144312041,LIVE,OOF,0
TR-007522,TR-C05726,2024-06-12,1,other,2,weighted,0.8044491056929142,LIVE,OOF,1
TR-007752,TR-C00795,2024-06-12,0,other,2,weighted,0.18736607498980318,LIVE,OOF,0
TR-007754,TR-C02395,2024-06-12,0,western,2,weighted,0.032977642342933815,LIVE,OOF,0
TR-008124,TR-C04492,2024-06-12,0,central,2,weighted,0.6486523747390068,LIVE,OOF,0
TR-009855,TR-C05306,2024-06-12,0,other,2,weighted,0.08520291498316923,LIVE,OOF,0
TR-002802,TR-C03938,2024-06-13,0,western,2,weighted,0.27459412552717544,LIVE,OOF,0
TR-002853,TR-C00840,2024-06-13,1,central,2,weighted,0.7591842419659955,LIVE,OOF,1
TR-003837,TR-C01384,2024-06-13,0,eastern,2,weighted,0.0942760134916499,LIVE,OOF,0
TR-004568,TR-C01827,2024-06-13,0,eastern,2,weighted,0.26639053569223525,LIVE,OOF,0
TR-005642,TR-C04908,2024-06-13,0,western,2,weighted,0.2046496407303781,LIVE,OOF,0
TR-006506,TR-C03866,2024-06-13,0,central,2,weighted,0.07212987254910587,LIVE,OOF,0
TR-007003,TR-C01081,2024-06-13,0,eastern,2,weighted,0.6653621096102127,LIVE,OOF,1
TR-008718,TR-C05058,2024-06-13,0,other,2,weighted,0.016397574932244457,LIVE,OOF,0
TR-009629,TR-C05875,2024-06-13,0,other,2,weighted,0.018478009842470104,LIVE,OOF,0
TR-001224,TR-C01432,2024-06-14,0,western,2,weighted,0.1451135710168649,LIVE,OOF,0
TR-002146,TR-C01492,2024-06-14,0,other,2,weighted,0.347645192980842,LIVE,OOF,0
TR-002697,TR-C01307,2024-06-14,0,eastern,2,weighted,0.027399800845570945,LIVE,OOF,0
TR-002788,TR-C00330,2024-06-14,0,western,2,weighted,0.591260214076611,LIVE,OOF,0
TR-004308,TR-C05239,2024-06-14,0,central,2,weighted,0.3034910804789119,LIVE,OOF,0
TR-004727,TR-C00153,2024-06-14,0,other,2,weighted,0.6943396994295367,LIVE,OOF,1
TR-005587,TR-C02048,2024-06-14,0,western,2,weighted,0.15704592976967854,LIVE,OOF,0
TR-005895,TR-C04451,2024-06-14,0,eastern,2,weighted,0.7171282798675331,LIVE,OOF,1
TR-006917,TR-C02994,2024-06-14,0,eastern,2,weighted,0.1412844096282822,LIVE,OOF,0
TR-007829,TR-C02322,2024-06-14,0,central,2,weighted,0.2666692557944189,LIVE,OOF,0
TR-009516,TR-C00061,2024-06-14,0,central,2,weighted,0.7565179767211178,LIVE,OOF,1
TR-000970,TR-C04551,2024-06-15,0,eastern,2,weighted,0.1410899393965425,LIVE,OOF,0
TR-000976,TR-C04382,2024-06-15,0,eastern,2,weighted,0.0503907076899283,LIVE,OOF,0
TR-001115,TR-C06409,2024-06-15,0,other,2,weighted,0.07540470035745035,LIVE,OOF,0
TR-001737,TR-C02598,2024-06-15,0,western,2,weighted,0.03759551676366466,LIVE,OOF,0
TR-002215,TR-C04858,2024-06-15,0,other,2,weighted,0.10587357463766084,LIVE,OOF,0
TR-002615,TR-C02225,2024-06-15,0,eastern,2,weighted,0.031446285252181114,LIVE,OOF,0
TR-002727,TR-C02602,2024-06-15,0,eastern,2,weighted,0.4054555851884639,LIVE,OOF,0
TR-006955,TR-C02845,2024-06-15,0,eastern,2,weighted,0.12160885878360797,LIVE,OOF,0
TR-000170,TR-C04630,2024-06-16,0,central,2,weighted,0.049180602947650025,LIVE,OOF,0
TR-000274,TR-C02360,2024-06-16,0,western,2,weighted,0.011749988518164377,LIVE,OOF,0
TR-000870,TR-C04359,2024-06-16,0,western,2,weighted,0.3405077948858603,LIVE,OOF,0
TR-001860,TR-C04549,2024-06-16,0,eastern,2,weighted,0.08340058997764027,LIVE,OOF,0
TR-003108,TR-C02025,2024-06-16,0,western,2,weighted,0.08845183779280513,LIVE,OOF,0
TR-003678,TR-C01740,2024-06-16,0,central,2,weighted,0.01693974072494622,LIVE,OOF,0
TR-005523,TR-C04676,2024-06-16,0,western,2,weighted,0.29828770947261485,LIVE,OOF,0
TR-005961,TR-C03277,2024-06-16,1,eastern,2,weighted,0.18594510081336502,LIVE,OOF,0
TR-006486,TR-C00905,2024-06-16,0,other,2,weighted,0.009202158312078655,LIVE,OOF,0
TR-006582,TR-C03596,2024-06-16,0,eastern,2,weighted,0.08280687120756859,LIVE,OOF,0
TR-006908,TR-C05525,2024-06-16,0,central,2,weighted,0.06755304800592751,LIVE,OOF,0
TR-007636,TR-C02253,2024-06-16,0,eastern,2,weighted,0.02497467583635828,LIVE,OOF,0
TR-008660,TR-C03698,2024-06-16,0,central,2,weighted,0.06937360585874194,LIVE,OOF,0
TR-009088,TR-C02614,2024-06-16,0,other,2,weighted,0.01260056421079404,LIVE,OOF,0
TR-000894,TR-C03241,2024-06-17,0,eastern,2,weighted,0.7058519458475606,LIVE,OOF,1
TR-001100,TR-C00575,2024-06-17,0,eastern,2,weighted,0.3403829620955595,LIVE,OOF,0
TR-002624,TR-C03713,2024-06-17,0,other,2,weighted,0.30837249606678985,LIVE,OOF,0
TR-004902,TR-C02143,2024-06-17,0,other,2,weighted,0.5195768977986324,LIVE,OOF,0
TR-005442,TR-C05531,2024-06-17,0,central,2,weighted,0.577412792071295,LIVE,OOF,0
TR-006938,TR-C04069,2024-06-17,0,eastern,2,weighted,0.014492550042415144,LIVE,OOF,0
TR-007511,TR-C06205,2024-06-17,0,other,2,weighted,0.182083913481523,LIVE,OOF,0
TR-008275,TR-C05359,2024-06-17,0,eastern,2,weighted,0.3939495842160928,LIVE,OOF,0
TR-008893,TR-C01410,2024-06-17,0,other,2,weighted,0.5274109368350591,LIVE,OOF,0
TR-001080,TR-C04890,2024-06-18,0,eastern,2,weighted,0.3286508897841268,LIVE,OOF,0
TR-004380,TR-C02183,2024-06-18,0,eastern,2,weighted,0.213095352972548,LIVE,OOF,0
TR-006454,TR-C05680,2024-06-18,1,eastern,2,weighted,0.062495282440218514,LIVE,OOF,0
TR-006562,TR-C00906,2024-06-18,0,eastern,2,weighted,0.2713166937988311,LIVE,OOF,0
TR-006646,TR-C03862,2024-06-18,0,western,2,weighted,0.33519921494224136,LIVE,OOF,0
TR-000408,TR-C02302,2024-06-19,0,western,2,weighted,0.03552693689451544,LIVE,OOF,0
TR-001464,TR-C04827,2024-06-19,0,central,2,weighted,0.3662628112904552,LIVE,OOF,0
TR-002552,TR-C03160,2024-06-19,0,other,2,weighted,0.04716056544207044,LIVE,OOF,0
TR-003139,TR-C00740,2024-06-19,0,eastern,2,weighted,0.06126230364580385,LIVE,OOF,0
TR-003550,TR-C00734,2024-06-19,0,eastern,2,weighted,0.5408649126061496,LIVE,OOF,0
TR-004699,TR-C02272,2024-06-19,0,central,2,weighted,0.39495285690829773,LIVE,OOF,0
TR-005204,TR-C03572,2024-06-19,0,central,2,weighted,0.4542095918318661,LIVE,OOF,0
TR-005659,TR-C05318,2024-06-19,0,other,2,weighted,0.041876024289913584,LIVE,OOF,0
TR-007641,TR-C01423,2024-06-19,0,other,2,weighted,0.7250015291031704,LIVE,OOF,1
TR-007778,TR-C06236,2024-06-19,0,eastern,2,weighted,0.30954108883476383,LIVE,OOF,0
TR-009025,TR-C02614,2024-06-19,0,other,2,weighted,0.6244662749951708,LIVE,OOF,0
TR-009779,TR-C06385,2024-06-19,0,central,2,weighted,0.16351651888886243,LIVE,OOF,0
TR-001452,TR-C00087,2024-06-20,0,other,2,weighted,0.17034371776869883,LIVE,OOF,0
TR-003864,TR-C02009,2024-06-20,0,eastern,2,weighted,0.11844757533343178,LIVE,OOF,0
TR-004263,TR-C01734,2024-06-20,0,western,2,weighted,0.8294420160321082,LIVE,OOF,1
TR-004711,TR-C05675,2024-06-20,1,other,2,weighted,0.6514651906276289,LIVE,OOF,0
TR-006945,TR-C00154,2024-06-20,0,other,2,weighted,0.023145743029821107,LIVE,OOF,0
TR-008226,TR-C00818,2024-06-20,0,western,2,weighted,0.16041092632205436,LIVE,OOF,0
TR-009270,TR-C03049,2024-06-20,0,central,2,weighted,0.1258214388241724,LIVE,OOF,0
TR-002921,TR-C01768,2024-06-21,0,eastern,2,weighted,0.7552598459370187,LIVE,OOF,1
TR-003079,TR-C01608,2024-06-21,0,central,2,weighted,0.38659684862656063,LIVE,OOF,0
TR-004434,TR-C05536,2024-06-21,0,central,2,weighted,0.12131572803004971,LIVE,OOF,0
TR-004549,TR-C04537,2024-06-21,0,other,2,weighted,0.08769592421186637,LIVE,OOF,0
TR-005419,TR-C04772,2024-06-21,0,western,2,weighted,0.1598295944032098,LIVE,OOF,0
TR-007347,TR-C05642,2024-06-21,0,central,2,weighted,0.45453312681397423,LIVE,OOF,0
TR-009751,TR-C05338,2024-06-21,0,eastern,2,weighted,0.7038712638324767,LIVE,OOF,1
TR-002649,TR-C01815,2024-06-22,0,western,2,weighted,0.5826855083475315,LIVE,OOF,0
TR-002954,TR-C02035,2024-06-22,0,central,2,weighted,0.16320432596008874,LIVE,OOF,0
TR-004060,TR-C03410,2024-06-22,0,eastern,2,weighted,0.04203506864858699,LIVE,OOF,0
TR-004823,TR-C01933,2024-06-22,0,western,2,weighted,0.4046169301064734,LIVE,OOF,0
TR-007005,TR-C05814,2024-06-22,0,eastern,2,weighted,0.17849803039173565,LIVE,OOF,0
TR-007204,TR-C03759,2024-06-22,0,eastern,2,weighted,0.05178527739616482,LIVE,OOF,0
TR-007420,TR-C01597,2024-06-22,0,central,2,weighted,0.1138463050010353,LIVE,OOF,0
TR-007888,TR-C02033,2024-06-22,0,western,2,weighted,0.04060354081970836,LIVE,OOF,0
TR-009693,TR-C02124,2024-06-22,0,western,2,weighted,0.013317292780276945,LIVE,OOF,0
TR-000883,TR-C05763,2024-06-23,0,central,2,weighted,0.10399686485837045,LIVE,OOF,0
TR-001314,TR-C02377,2024-06-23,0,central,2,weighted,0.15265438148108246,LIVE,OOF,0
TR-002998,TR-C04705,2024-06-23,0,western,2,weighted,0.6385091803044984,LIVE,OOF,0
TR-003362,TR-C03380,2024-06-23,0,central,2,weighted,0.5770063465734501,LIVE,OOF,0
TR-005661,TR-C00122,2024-06-23,0,western,2,weighted,0.23286263409766242,LIVE,OOF,0
TR-006958,TR-C03087,2024-06-23,0,other,2,weighted,0.3359445667265952,LIVE,OOF,0
TR-007621,TR-C01391,2024-06-23,1,western,2,weighted,0.5323387547607262,LIVE,OOF,0
TR-009696,TR-C04785,2024-06-23,0,eastern,2,weighted,0.8280664124205263,LIVE,OOF,1
TR-009851,TR-C03549,2024-06-23,0,central,2,weighted,0.41414399560840987,LIVE,OOF,0
TR-000707,TR-C06239,2024-06-24,0,other,2,weighted,0.11686869962650796,LIVE,OOF,0
TR-000732,TR-C01020,2024-06-24,0,eastern,2,weighted,0.7840526700824462,LIVE,OOF,1
TR-002903,TR-C06168,2024-06-24,0,central,2,weighted,0.1426531888817398,LIVE,OOF,0
TR-003537,TR-C02907,2024-06-24,1,other,2,weighted,0.40279006081225277,LIVE,OOF,0
TR-004088,TR-C00883,2024-06-24,0,eastern,2,weighted,0.3460021432006507,LIVE,OOF,0
TR-005003,TR-C01825,2024-06-24,0,eastern,2,weighted,0.783106001022454,LIVE,OOF,1
TR-006559,TR-C02965,2024-06-24,0,other,2,weighted,0.13956884862171018,LIVE,OOF,0
TR-007252,TR-C03921,2024-06-24,0,western,2,weighted,0.24378673069087803,LIVE,OOF,0
TR-007301,TR-C01556,2024-06-24,0,central,2,weighted,0.2516222699042286,LIVE,OOF,0
TR-008264,TR-C02172,2024-06-24,0,eastern,2,weighted,0.2693389643329102,LIVE,OOF,0
TR-008370,TR-C04690,2024-06-24,1,western,2,weighted,0.41866472679132644,LIVE,OOF,0
TR-008488,TR-C04326,2024-06-24,0,western,2,weighted,0.015028483307575275,LIVE,OOF,0
TR-001707,TR-C05074,2024-06-25,0,western,2,weighted,0.6348165630094693,LIVE,OOF,0
TR-001987,TR-C00664,2024-06-25,0,other,2,weighted,0.8200233114080738,LIVE,OOF,1
TR-004750,TR-C02626,2024-06-25,0,eastern,2,weighted,0.5433623614400477,LIVE,OOF,0
TR-005915,TR-C01660,2024-06-25,0,western,2,weighted,0.44466080984104034,LIVE,OOF,0
TR-006059,TR-C02256,2024-06-25,0,other,2,weighted,0.03963744070417835,LIVE,OOF,0
TR-007449,TR-C00406,2024-06-25,0,western,2,weighted,0.4772095107925903,LIVE,OOF,0
TR-007743,TR-C06209,2024-06-25,1,western,2,weighted,0.7133647132967074,LIVE,OOF,1
TR-007887,TR-C05346,2024-06-25,0,central,2,weighted,0.06684238696482703,LIVE,OOF,0
TR-009261,TR-C03869,2024-06-25,0,other,2,weighted,0.164024972546814,LIVE,OOF,0
TR-001606,TR-C05397,2024-06-26,0,eastern,2,weighted,0.054260909200938574,LIVE,OOF,0
TR-001777,TR-C06412,2024-06-26,0,western,2,weighted,0.3611101550855242,LIVE,OOF,0
TR-002221,TR-C04255,2024-06-26,0,western,2,weighted,0.09056739283936674,LIVE,OOF,0
TR-003601,TR-C00525,2024-06-26,0,central,2,weighted,0.2625986849873052,LIVE,OOF,0
TR-004288,TR-C05221,2024-06-26,0,western,2,weighted,0.762894564034479,LIVE,OOF,1
TR-006669,TR-C06328,2024-06-26,0,other,2,weighted,0.07534248184331584,LIVE,OOF,0
TR-006921,TR-C01982,2024-06-26,0,other,2,weighted,0.14457285687421742,LIVE,OOF,0
TR-008254,TR-C03448,2024-06-26,0,eastern,2,weighted,0.2884833873126112,LIVE,OOF,0
TR-009582,TR-C02499,2024-06-26,0,other,2,weighted,0.8553179658763508,LIVE,OOF,1
TR-009845,TR-C02100,2024-06-26,0,central,2,weighted,0.01770405640460116,LIVE,OOF,0
TR-009987,TR-C04169,2024-06-26,0,other,2,weighted,0.03008149201414666,LIVE,OOF,0
TR-003164,TR-C05603,2024-06-27,0,eastern,2,weighted,0.3088007661820626,LIVE,OOF,0
TR-007239,TR-C00018,2024-06-27,1,western,2,weighted,0.7018132125760304,LIVE,OOF,1
TR-007811,TR-C03044,2024-06-27,0,central,2,weighted,0.20434136792482568,LIVE,OOF,0
TR-002948,TR-C01587,2024-06-28,0,other,2,weighted,0.509373908451279,LIVE,OOF,0
TR-004519,TR-C06415,2024-06-28,0,western,2,weighted,0.2447997472607608,LIVE,OOF,0
TR-005440,TR-C03175,2024-06-28,0,central,2,weighted,0.6490213625982051,LIVE,OOF,0
TR-006054,TR-C02213,2024-06-28,0,other,2,weighted,0.7709641772222856,LIVE,OOF,1
TR-008931,TR-C06415,2024-06-28,0,western,2,weighted,0.0732714746022589,LIVE,OOF,0
TR-000533,TR-C01962,2024-06-29,0,eastern,2,weighted,0.5331636630105175,LIVE,OOF,0
TR-002109,TR-C01262,2024-06-29,0,western,2,weighted,0.1996970752538396,LIVE,OOF,0
TR-006199,TR-C01676,2024-06-29,0,other,2,weighted,0.8418714873184395,LIVE,OOF,1
TR-007066,TR-C06069,2024-06-29,0,eastern,2,weighted,0.06268572023188951,LIVE,OOF,0
TR-009324,TR-C06460,2024-06-29,0,central,2,weighted,0.05676109468048475,LIVE,OOF,0
TR-009503,TR-C00207,2024-06-29,0,central,2,weighted,0.17649236387944564,LIVE,OOF,0
TR-000163,TR-C02015,2024-06-30,0,other,2,weighted,0.11596017388160917,LIVE,OOF,0
TR-000686,TR-C02594,2024-06-30,0,other,2,weighted,0.3552707856024249,LIVE,OOF,0
TR-003118,TR-C03984,2024-06-30,0,central,2,weighted,0.21963587832875336,LIVE,OOF,0
TR-003606,TR-C00253,2024-06-30,0,central,2,weighted,0.03757894661722317,LIVE,OOF,0
TR-003608,TR-C04675,2024-06-30,0,western,2,weighted,0.02525996520109819,LIVE,OOF,0
TR-004108,TR-C05912,2024-06-30,0,eastern,2,weighted,0.09402603326400988,LIVE,OOF,0
TR-004456,TR-C06333,2024-06-30,0,other,2,weighted,0.29533213328740693,LIVE,OOF,0
TR-004672,TR-C04914,2024-06-30,0,other,2,weighted,0.24306557814839658,LIVE,OOF,0
TR-007825,TR-C05608,2024-06-30,0,eastern,2,weighted,0.046193238904631784,LIVE,OOF,0
TR-000342,TR-C04277,2024-07-01,0,central,3,weighted,0.151661483107891,LIVE,OOF,0
TR-001448,TR-C06100,2024-07-01,0,other,3,weighted,0.15246991589857692,LIVE,OOF,0
TR-002468,TR-C04031,2024-07-01,0,western,3,weighted,0.156424666068044,LIVE,OOF,0
TR-002800,TR-C01796,2024-07-01,0,eastern,3,weighted,0.030079207044268523,LIVE,OOF,0
TR-004910,TR-C00767,2024-07-01,0,eastern,3,weighted,0.04226237928787847,LIVE,OOF,0
TR-005140,TR-C02444,2024-07-01,0,central,3,weighted,0.4657560748634975,LIVE,OOF,0
TR-007077,TR-C04843,2024-07-01,0,eastern,3,weighted,0.015023405169249512,LIVE,OOF,0
TR-007470,TR-C06033,2024-07-01,0,eastern,3,weighted,0.5123065357734924,LIVE,OOF,0
TR-008464,TR-C03929,2024-07-01,0,other,3,weighted,0.7863667616402819,LIVE,OOF,1
TR-000676,TR-C00176,2024-07-02,0,other,3,weighted,0.3865765020801065,LIVE,OOF,0
TR-000957,TR-C04379,2024-07-02,0,other,3,weighted,0.5537659303822342,LIVE,OOF,0
TR-001212,TR-C01704,2024-07-02,1,western,3,weighted,0.1267794075691455,LIVE,OOF,0
TR-001644,TR-C03392,2024-07-02,0,central,3,weighted,0.10128130998623942,LIVE,OOF,0
TR-002247,TR-C01781,2024-07-02,0,central,3,weighted,0.06697039900235782,LIVE,OOF,0
TR-002278,TR-C03930,2024-07-02,0,eastern,3,weighted,0.053783395521693825,LIVE,OOF,0
TR-004309,TR-C05868,2024-07-02,0,western,3,weighted,0.0324936019807975,LIVE,OOF,0
TR-005951,TR-C05950,2024-07-02,0,other,3,weighted,0.20468511027929515,LIVE,OOF,0
TR-006549,TR-C01803,2024-07-02,0,central,3,weighted,0.2740501761526406,LIVE,OOF,0
TR-009433,TR-C00036,2024-07-02,0,eastern,3,weighted,0.2863076277187125,LIVE,OOF,0
TR-009810,TR-C01779,2024-07-02,0,other,3,weighted,0.20597372862946123,LIVE,OOF,0
TR-000968,TR-C01465,2024-07-03,0,eastern,3,weighted,0.10257211335602774,LIVE,OOF,0
TR-001017,TR-C02363,2024-07-03,0,eastern,3,weighted,0.08305217778467729,LIVE,OOF,0
TR-001823,TR-C06242,2024-07-03,0,eastern,3,weighted,0.37419882606691846,LIVE,OOF,0
TR-002424,TR-C04218,2024-07-03,0,western,3,weighted,0.5000519454567308,LIVE,OOF,0
TR-003080,TR-C01895,2024-07-03,0,eastern,3,weighted,0.15372206736768002,LIVE,OOF,0
TR-003083,TR-C01658,2024-07-03,0,eastern,3,weighted,0.5977358966376319,LIVE,OOF,0
TR-003273,TR-C02475,2024-07-03,0,central,3,weighted,0.02899835451213163,LIVE,OOF,0
TR-005107,TR-C02425,2024-07-03,0,central,3,weighted,0.2734380622347204,LIVE,OOF,0
TR-005956,TR-C02248,2024-07-03,0,central,3,weighted,0.1534052193360033,LIVE,OOF,0
TR-007708,TR-C00711,2024-07-03,0,other,3,weighted,0.11003442136046598,LIVE,OOF,0
TR-008447,TR-C01396,2024-07-03,0,other,3,weighted,0.1743651758649672,LIVE,OOF,0
TR-008542,TR-C01602,2024-07-03,0,central,3,weighted,0.06517685279397213,LIVE,OOF,0
TR-009539,TR-C05532,2024-07-03,0,eastern,3,weighted,0.22062455187971172,LIVE,OOF,0
TR-009668,TR-C04017,2024-07-03,0,other,3,weighted,0.25125778928311854,LIVE,OOF,0
TR-009969,TR-C00562,2024-07-03,0,western,3,weighted,0.05581596128337079,LIVE,OOF,0
TR-000082,TR-C05161,2024-07-04,0,western,3,weighted,0.23979158211097645,LIVE,OOF,0
TR-003008,TR-C01682,2024-07-04,0,other,3,weighted,0.5646068868473536,LIVE,OOF,0
TR-003763,TR-C03787,2024-07-04,0,other,3,weighted,0.5921998140496818,LIVE,OOF,0
TR-004657,TR-C00792,2024-07-04,0,central,3,weighted,0.709889186791431,LIVE,OOF,1
TR-006144,TR-C01421,2024-07-04,0,western,3,weighted,0.1250637374606298,LIVE,OOF,0
TR-006299,TR-C00996,2024-07-04,0,western,3,weighted,0.28729634613139216,LIVE,OOF,0
TR-006547,TR-C02544,2024-07-04,1,other,3,weighted,0.6512543900483712,LIVE,OOF,0
TR-007208,TR-C03824,2024-07-04,0,other,3,weighted,0.25921148457387394,LIVE,OOF,0
TR-007960,TR-C01217,2024-07-04,0,eastern,3,weighted,0.3557886836491269,LIVE,OOF,0
TR-008135,TR-C01832,2024-07-04,0,eastern,3,weighted,0.20283099013016767,LIVE,OOF,0
TR-008229,TR-C01167,2024-07-04,0,western,3,weighted,0.04466106740065335,LIVE,OOF,0
TR-008463,TR-C05964,2024-07-04,0,eastern,3,weighted,0.07735882418331042,LIVE,OOF,0
TR-000842,TR-C04834,2024-07-05,0,western,3,weighted,0.32308962022043847,LIVE,OOF,0
TR-001698,TR-C02396,2024-07-05,0,eastern,3,weighted,0.08886725547816611,LIVE,OOF,0
TR-002139,TR-C00499,2024-07-05,0,western,3,weighted,0.5890888683551212,LIVE,OOF,0
TR-002600,TR-C04747,2024-07-05,0,eastern,3,weighted,0.025931704352109848,LIVE,OOF,0
TR-004415,TR-C04106,2024-07-05,0,other,3,weighted,0.7226836535827188,LIVE,OOF,1
TR-004624,TR-C03366,2024-07-05,0,central,3,weighted,0.07088963543876001,LIVE,OOF,0
TR-007336,TR-C02317,2024-07-05,0,eastern,3,weighted,0.04039971367315568,LIVE,OOF,0
TR-008074,TR-C00377,2024-07-05,0,other,3,weighted,0.04878362599542359,LIVE,OOF,0
TR-009740,TR-C04590,2024-07-05,1,other,3,weighted,0.20830102813618112,LIVE,OOF,0
TR-000808,TR-C06060,2024-07-06,1,western,3,weighted,0.2158944945827116,LIVE,OOF,0
TR-003107,TR-C01542,2024-07-06,0,eastern,3,weighted,0.41733468386612016,LIVE,OOF,0
TR-004966,TR-C05501,2024-07-06,0,western,3,weighted,0.23240361515324676,LIVE,OOF,0
TR-006369,TR-C06045,2024-07-06,0,western,3,weighted,0.1291481061692682,LIVE,OOF,0
TR-007113,TR-C02728,2024-07-06,0,other,3,weighted,0.42219076869952377,LIVE,OOF,0
TR-007756,TR-C05653,2024-07-06,1,western,3,weighted,0.25412324167821276,LIVE,OOF,0
TR-008164,TR-C04223,2024-07-06,0,western,3,weighted,0.5002242765577491,LIVE,OOF,0
TR-008495,TR-C06270,2024-07-06,0,central,3,weighted,0.09330403401111219,LIVE,OOF,0
TR-000392,TR-C04887,2024-07-07,0,western,3,weighted,0.2354203330552516,LIVE,OOF,0
TR-000819,TR-C01496,2024-07-07,1,eastern,3,weighted,0.24166358870484095,LIVE,OOF,0
TR-001294,TR-C01711,2024-07-07,0,eastern,3,weighted,0.007454341060766152,LIVE,OOF,0
TR-002847,TR-C03727,2024-07-07,0,central,3,weighted,0.16800636844500236,LIVE,OOF,0
TR-003090,TR-C04346,2024-07-07,0,western,3,weighted,0.28837539669367335,LIVE,OOF,0
TR-004515,TR-C03027,2024-07-07,0,other,3,weighted,0.1609848461590921,LIVE,OOF,0
TR-004753,TR-C05278,2024-07-07,0,western,3,weighted,0.26341981047201507,LIVE,OOF,0
TR-004840,TR-C05154,2024-07-07,0,eastern,3,weighted,0.0741792692687754,LIVE,OOF,0
TR-007082,TR-C05042,2024-07-07,0,central,3,weighted,0.375639502146052,LIVE,OOF,0
TR-008322,TR-C03684,2024-07-07,0,central,3,weighted,0.021586097767188773,LIVE,OOF,0
TR-008454,TR-C01234,2024-07-07,0,eastern,3,weighted,0.10775074566207887,LIVE,OOF,0
TR-009248,TR-C02986,2024-07-07,0,eastern,3,weighted,0.0335474847494638,LIVE,OOF,0
TR-001549,TR-C03737,2024-07-08,1,central,3,weighted,0.37486481543495087,LIVE,OOF,0
TR-001554,TR-C06420,2024-07-08,0,other,3,weighted,0.025262114796474312,LIVE,OOF,0
TR-002218,TR-C05891,2024-07-08,0,western,3,weighted,0.5414254975770235,LIVE,OOF,0
TR-004170,TR-C05720,2024-07-08,0,central,3,weighted,0.3254102916225977,LIVE,OOF,0
TR-004755,TR-C02941,2024-07-08,0,central,3,weighted,0.11928387706448598,LIVE,OOF,0
TR-005532,TR-C01679,2024-07-08,1,other,3,weighted,0.544515372724234,LIVE,OOF,0
TR-006543,TR-C03217,2024-07-08,0,other,3,weighted,0.1701656653233247,LIVE,OOF,0
TR-001668,TR-C03006,2024-07-09,0,other,3,weighted,0.21756062642598975,LIVE,OOF,0
TR-002462,TR-C05567,2024-07-09,0,central,3,weighted,0.12147696577044398,LIVE,OOF,0
TR-002680,TR-C03464,2024-07-09,0,central,3,weighted,0.37703489810540985,LIVE,OOF,0
TR-003598,TR-C00433,2024-07-09,0,central,3,weighted,0.11675299914299563,LIVE,OOF,0
TR-004314,TR-C02445,2024-07-09,1,other,3,weighted,0.5734012307144473,LIVE,OOF,0
TR-004746,TR-C05034,2024-07-09,0,eastern,3,weighted,0.125880165236425,LIVE,OOF,0
TR-005441,TR-C04000,2024-07-09,0,eastern,3,weighted,0.10356121095951416,LIVE,OOF,0
TR-005484,TR-C00173,2024-07-09,1,western,3,weighted,0.315525241635313,LIVE,OOF,0
TR-007258,TR-C03408,2024-07-09,0,western,3,weighted,0.19038694474960344,LIVE,OOF,0
TR-009730,TR-C02988,2024-07-09,0,central,3,weighted,0.5011151608105383,LIVE,OOF,0
TR-000431,TR-C02264,2024-07-10,0,eastern,3,weighted,0.057126099733604656,LIVE,OOF,0
TR-000540,TR-C02293,2024-07-10,1,western,3,weighted,0.5684462766310867,LIVE,OOF,0
TR-001004,TR-C04122,2024-07-10,0,eastern,3,weighted,0.6648069394149951,LIVE,OOF,1
TR-002851,TR-C00068,2024-07-10,0,eastern,3,weighted,0.42542610250474083,LIVE,OOF,0
TR-003733,TR-C02517,2024-07-10,0,western,3,weighted,0.6764700799825362,LIVE,OOF,1
TR-004327,TR-C02601,2024-07-10,0,eastern,3,weighted,0.6874795949734868,LIVE,OOF,1
TR-004557,TR-C02760,2024-07-10,0,central,3,weighted,0.1888668058083705,LIVE,OOF,0
TR-006900,TR-C04915,2024-07-10,0,other,3,weighted,0.02908533083803579,LIVE,OOF,0
TR-007209,TR-C04199,2024-07-10,0,central,3,weighted,0.2122046440226899,LIVE,OOF,0
TR-007413,TR-C05047,2024-07-10,0,eastern,3,weighted,0.02218416703667697,LIVE,OOF,0
TR-009103,TR-C05412,2024-07-10,1,central,3,weighted,0.6243766708289267,LIVE,OOF,0
TR-000568,TR-C04312,2024-07-11,0,western,3,weighted,0.06005773757865634,LIVE,OOF,0
TR-001173,TR-C01413,2024-07-11,1,western,3,weighted,0.7955589113630075,LIVE,OOF,1
TR-001692,TR-C01334,2024-07-11,0,eastern,3,weighted,0.549648798114761,LIVE,OOF,0
TR-002722,TR-C01289,2024-07-11,1,eastern,3,weighted,0.37340538616595254,LIVE,OOF,0
TR-005683,TR-C05634,2024-07-11,0,other,3,weighted,0.43650475491373486,LIVE,OOF,0
TR-008151,TR-C01669,2024-07-11,0,central,3,weighted,0.4514666481352966,LIVE,OOF,0
TR-001640,TR-C04340,2024-07-12,0,eastern,3,weighted,0.07944952763542772,LIVE,OOF,0
TR-003560,TR-C00330,2024-07-12,0,western,3,weighted,0.5874764873362515,LIVE,OOF,0
TR-004682,TR-C04665,2024-07-12,1,central,3,weighted,0.2755001067517615,LIVE,OOF,0
TR-006011,TR-C05692,2024-07-12,0,western,3,weighted,0.5178048306712871,LIVE,OOF,0
TR-009184,TR-C02652,2024-07-12,0,western,3,weighted,0.08529212114320935,LIVE,OOF,0
TR-000603,TR-C04526,2024-07-13,0,central,3,weighted,0.1076316932666545,LIVE,OOF,0
TR-000726,TR-C03183,2024-07-13,0,other,3,weighted,0.5603793273496404,LIVE,OOF,0
TR-004603,TR-C04096,2024-07-13,0,other,3,weighted,0.054395033332575934,LIVE,OOF,0
TR-005476,TR-C04263,2024-07-13,0,other,3,weighted,0.8044393348027261,LIVE,OOF,1
TR-006022,TR-C00217,2024-07-13,0,central,3,weighted,0.045447602730322945,LIVE,OOF,0
TR-001018,TR-C01028,2024-07-14,0,central,3,weighted,0.05831090252775457,LIVE,OOF,0
TR-001354,TR-C02337,2024-07-14,0,eastern,3,weighted,0.2504510328257192,LIVE,OOF,0
TR-002987,TR-C01116,2024-07-14,0,central,3,weighted,0.04844773621128588,LIVE,OOF,0
TR-004680,TR-C00541,2024-07-14,0,central,3,weighted,0.6185801961200518,LIVE,OOF,0
TR-005266,TR-C00110,2024-07-14,0,other,3,weighted,0.1898039144117833,LIVE,OOF,0
TR-006694,TR-C02754,2024-07-14,0,central,3,weighted,0.6486681706296679,LIVE,OOF,0
TR-008433,TR-C05427,2024-07-14,0,central,3,weighted,0.26943031598889966,LIVE,OOF,0
TR-008461,TR-C01967,2024-07-14,0,western,3,weighted,0.06630769127337878,LIVE,OOF,0
TR-001711,TR-C02287,2024-07-15,0,eastern,3,weighted,0.1165029472120479,LIVE,OOF,0
TR-002053,TR-C01341,2024-07-15,0,eastern,3,weighted,0.09350654997309976,LIVE,OOF,0
TR-002100,TR-C05018,2024-07-15,0,other,3,weighted,0.8945273773960848,LIVE,OOF,1
TR-003776,TR-C03506,2024-07-15,0,eastern,3,weighted,0.6696512955326831,LIVE,OOF,1
TR-005813,TR-C04512,2024-07-15,0,eastern,3,weighted,0.7653729424323918,LIVE,OOF,1
TR-008167,TR-C05042,2024-07-15,1,central,3,weighted,0.534313127815112,LIVE,OOF,0
TR-000782,TR-C03986,2024-07-16,0,eastern,3,weighted,0.08483687944568555,LIVE,OOF,0
TR-002018,TR-C04936,2024-07-16,0,other,3,weighted,0.179809275378263,LIVE,OOF,0
TR-002712,TR-C06131,2024-07-16,0,central,3,weighted,0.5732735338585535,LIVE,OOF,0
TR-003037,TR-C03213,2024-07-16,0,western,3,weighted,0.24228344876879684,LIVE,OOF,0
TR-005819,TR-C02617,2024-07-16,1,eastern,3,weighted,0.3549389744544825,LIVE,OOF,0
TR-008764,TR-C05877,2024-07-16,0,eastern,3,weighted,0.04554115343590072,LIVE,OOF,0
TR-009167,TR-C04901,2024-07-16,0,eastern,3,weighted,0.29945650590838657,LIVE,OOF,0
TR-000171,TR-C02235,2024-07-17,0,eastern,3,weighted,0.14164161181065768,LIVE,OOF,0
TR-000710,TR-C00953,2024-07-17,0,eastern,3,weighted,0.6967468698299404,LIVE,OOF,1
TR-001339,TR-C04209,2024-07-17,0,eastern,3,weighted,0.09229476775620708,LIVE,OOF,0
TR-002529,TR-C05183,2024-07-17,0,western,3,weighted,0.5402215100209083,LIVE,OOF,0
TR-002588,TR-C06161,2024-07-17,0,other,3,weighted,0.10258381894337948,LIVE,OOF,0
TR-003230,TR-C03277,2024-07-17,0,eastern,3,weighted,0.7744187889480576,LIVE,OOF,1
TR-004220,TR-C05590,2024-07-17,0,central,3,weighted,0.5987482594918423,LIVE,OOF,0
TR-004928,TR-C03894,2024-07-17,0,other,3,weighted,0.047687606582173823,LIVE,OOF,0
TR-006135,TR-C05842,2024-07-17,0,central,3,weighted,0.8334816910985653,LIVE,OOF,1
TR-007537,TR-C02326,2024-07-17,0,eastern,3,weighted,0.10541283754219122,LIVE,OOF,0
TR-007896,TR-C02725,2024-07-17,0,other,3,weighted,0.3079415482367892,LIVE,OOF,0
TR-002066,TR-C04548,2024-07-18,0,other,3,weighted,0.260160842887501,LIVE,OOF,0
TR-002791,TR-C02288,2024-07-18,0,other,3,weighted,0.3478114671881608,LIVE,OOF,0
TR-003633,TR-C03872,2024-07-18,0,western,3,weighted,0.4358455219456694,LIVE,OOF,0
TR-000128,TR-C03759,2024-07-19,0,eastern,3,weighted,0.05620270973375517,LIVE,OOF,0
TR-001050,TR-C02533,2024-07-19,0,western,3,weighted,0.2226640847565315,LIVE,OOF,0
TR-001609,TR-C04988,2024-07-19,0,other,3,weighted,0.04136110668839398,LIVE,OOF,0
TR-002200,TR-C00836,2024-07-19,0,eastern,3,weighted,0.03896632114671788,LIVE,OOF,0
TR-005378,TR-C00000,2024-07-19,1,eastern,3,weighted,0.3583825611788359,LIVE,OOF,0
TR-005710,TR-C04372,2024-07-19,0,central,3,weighted,0.5070501549083962,LIVE,OOF,0
TR-008055,TR-C00651,2024-07-19,0,eastern,3,weighted,0.059398937928141236,LIVE,OOF,0
TR-009329,TR-C03177,2024-07-19,0,other,3,weighted,0.05832607755511667,LIVE,OOF,0
TR-009602,TR-C01300,2024-07-19,0,central,3,weighted,0.06825269896191107,LIVE,OOF,0
TR-000561,TR-C02784,2024-07-20,0,eastern,3,weighted,0.11639903373008285,LIVE,OOF,0
TR-002025,TR-C02630,2024-07-20,0,other,3,weighted,0.2711731278121503,LIVE,OOF,0
TR-005305,TR-C06189,2024-07-20,0,eastern,3,weighted,0.1802442005694841,LIVE,OOF,0
TR-005554,TR-C05496,2024-07-20,0,other,3,weighted,0.12703898041895015,LIVE,OOF,0
TR-007287,TR-C03179,2024-07-20,0,western,3,weighted,0.3531229515728498,LIVE,OOF,0
TR-007801,TR-C00684,2024-07-20,1,central,3,weighted,0.6972744770672467,LIVE,OOF,1
TR-008311,TR-C01830,2024-07-20,0,central,3,weighted,0.23352290111809532,LIVE,OOF,0
TR-009563,TR-C00919,2024-07-20,0,eastern,3,weighted,0.22102400466345523,LIVE,OOF,0
TR-000507,TR-C05930,2024-07-21,0,eastern,3,weighted,0.8360775481384851,LIVE,OOF,1
TR-000527,TR-C05233,2024-07-21,0,central,3,weighted,0.1984083991057259,LIVE,OOF,0
TR-001311,TR-C01999,2024-07-21,0,eastern,3,weighted,0.18599819126614062,LIVE,OOF,0
TR-001521,TR-C01238,2024-07-21,0,western,3,weighted,0.11672948597654899,LIVE,OOF,0
TR-002096,TR-C01199,2024-07-21,0,other,3,weighted,0.4787174950242418,LIVE,OOF,0
TR-002108,TR-C05321,2024-07-21,0,central,3,weighted,0.13070645028312408,LIVE,OOF,0
TR-002341,TR-C00804,2024-07-21,0,central,3,weighted,0.32545726054747004,LIVE,OOF,0
TR-003936,TR-C03458,2024-07-21,0,central,3,weighted,0.3648891628840415,LIVE,OOF,0
TR-004105,TR-C05499,2024-07-21,0,central,3,weighted,0.015049298246689912,LIVE,OOF,0
TR-004633,TR-C01525,2024-07-21,1,central,3,weighted,0.13201142935673424,LIVE,OOF,0
TR-005414,TR-C06143,2024-07-21,0,western,3,weighted,0.19547799417880693,LIVE,OOF,0
TR-006965,TR-C02206,2024-07-21,0,other,3,weighted,0.6228405229746803,LIVE,OOF,0
TR-009003,TR-C02930,2024-07-21,0,other,3,weighted,0.08941222971488318,LIVE,OOF,0
TR-009039,TR-C06084,2024-07-21,0,central,3,weighted,0.07871164775440605,LIVE,OOF,0
TR-000167,TR-C04767,2024-07-22,0,eastern,3,weighted,0.043626481600535755,LIVE,OOF,0
TR-000545,TR-C02532,2024-07-22,0,other,3,weighted,0.12088057475364859,LIVE,OOF,0
TR-000549,TR-C03874,2024-07-22,1,central,3,weighted,0.8860041349134897,LIVE,OOF,1
TR-002891,TR-C02450,2024-07-22,0,western,3,weighted,0.04697776807672414,LIVE,OOF,0
TR-003072,TR-C05863,2024-07-22,0,other,3,weighted,0.11815197827529543,LIVE,OOF,0
TR-003875,TR-C02384,2024-07-22,0,central,3,weighted,0.5975752068169657,LIVE,OOF,0
TR-004931,TR-C04627,2024-07-22,0,eastern,3,weighted,0.21724695065646532,LIVE,OOF,0
TR-005363,TR-C00204,2024-07-22,0,central,3,weighted,0.4161090278103804,LIVE,OOF,0
TR-005674,TR-C01859,2024-07-22,0,central,3,weighted,0.32882316041191556,LIVE,OOF,0
TR-006328,TR-C01750,2024-07-22,0,central,3,weighted,0.12612001925438338,LIVE,OOF,0
TR-006991,TR-C02566,2024-07-22,0,eastern,3,weighted,0.33490891854564214,LIVE,OOF,0
TR-009409,TR-C06054,2024-07-22,1,western,3,weighted,0.8094514694804238,LIVE,OOF,1
TR-001912,TR-C05847,2024-07-23,0,central,3,weighted,0.02784603967986484,LIVE,OOF,0
TR-001986,TR-C02885,2024-07-23,0,western,3,weighted,0.03667099758240939,LIVE,OOF,0
TR-002319,TR-C04311,2024-07-23,0,western,3,weighted,0.18681428049132326,LIVE,OOF,0
TR-002714,TR-C04316,2024-07-23,0,eastern,3,weighted,0.07801048019961675,LIVE,OOF,0
TR-004211,TR-C05763,2024-07-23,0,central,3,weighted,0.5474794446927083,LIVE,OOF,0
TR-004356,TR-C02443,2024-07-23,0,other,3,weighted,0.4779673123025465,LIVE,OOF,0
TR-005576,TR-C01994,2024-07-23,0,central,3,weighted,0.5717710645715182,LIVE,OOF,0
TR-009712,TR-C01471,2024-07-23,0,western,3,weighted,0.2518729737039014,LIVE,OOF,0
TR-000466,TR-C04655,2024-07-24,0,other,3,weighted,0.31618206425506173,LIVE,OOF,0
TR-000718,TR-C02056,2024-07-24,0,central,3,weighted,0.5076267106093518,LIVE,OOF,0
TR-002230,TR-C03600,2024-07-24,0,central,3,weighted,0.5274837262807248,LIVE,OOF,0
TR-002678,TR-C04537,2024-07-24,0,other,3,weighted,0.1936667780880475,LIVE,OOF,0
TR-003024,TR-C00004,2024-07-24,0,other,3,weighted,0.24845768989212658,LIVE,OOF,0
TR-007745,TR-C01890,2024-07-24,0,other,3,weighted,0.11446775031533446,LIVE,OOF,0
TR-008922,TR-C00786,2024-07-24,0,eastern,3,weighted,0.7208211042975791,LIVE,OOF,1
TR-009827,TR-C04316,2024-07-24,0,eastern,3,weighted,0.04509319011219267,LIVE,OOF,0
TR-003223,TR-C01769,2024-07-25,0,eastern,3,weighted,0.38391940945579495,LIVE,OOF,0
TR-003939,TR-C03851,2024-07-25,0,western,3,weighted,0.477176559534748,LIVE,OOF,0
TR-007628,TR-C04587,2024-07-25,0,western,3,weighted,0.5181089969722573,LIVE,OOF,0
TR-007856,TR-C05106,2024-07-25,0,western,3,weighted,0.20692323179506303,LIVE,OOF,0
TR-000313,TR-C00599,2024-07-26,0,eastern,3,weighted,0.12411101932321178,LIVE,OOF,0
TR-001269,TR-C00649,2024-07-26,1,western,3,weighted,0.5571860188708164,LIVE,OOF,0
TR-003690,TR-C03875,2024-07-26,0,eastern,3,weighted,0.23606989084712499,LIVE,OOF,0
TR-006269,TR-C04715,2024-07-26,0,eastern,3,weighted,0.6716092237791791,LIVE,OOF,1
TR-006461,TR-C03112,2024-07-26,1,central,3,weighted,0.48406656472828824,LIVE,OOF,0
TR-009222,TR-C05045,2024-07-26,0,other,3,weighted,0.051438808872098125,LIVE,OOF,0
TR-009628,TR-C05444,2024-07-26,0,western,3,weighted,0.08218136525653762,LIVE,OOF,0
TR-000544,TR-C02044,2024-07-27,1,eastern,3,weighted,0.057562383415584444,LIVE,OOF,0
TR-001118,TR-C00327,2024-07-27,0,central,3,weighted,0.34369192513703584,LIVE,OOF,0
TR-001502,TR-C01172,2024-07-27,0,western,3,weighted,0.7454906778217704,LIVE,OOF,1
TR-002366,TR-C04378,2024-07-27,1,other,3,weighted,0.8354510217810318,LIVE,OOF,1
TR-002793,TR-C03885,2024-07-27,0,eastern,3,weighted,0.027678531164642972,LIVE,OOF,0
TR-003600,TR-C03424,2024-07-27,0,eastern,3,weighted,0.6168819030614837,LIVE,OOF,0
TR-004369,TR-C02403,2024-07-27,0,central,3,weighted,0.6754934236589923,LIVE,OOF,1
TR-004417,TR-C01897,2024-07-27,1,eastern,3,weighted,0.8253152354158557,LIVE,OOF,1
TR-004592,TR-C02850,2024-07-27,0,eastern,3,weighted,0.7992126075562573,LIVE,OOF,1
TR-005355,TR-C03639,2024-07-27,0,central,3,weighted,0.2367490050750925,LIVE,OOF,0
TR-005529,TR-C01782,2024-07-27,0,central,3,weighted,0.09436557984851116,LIVE,OOF,0
TR-006356,TR-C06243,2024-07-27,0,eastern,3,weighted,0.14633927101230212,LIVE,OOF,0
TR-000416,TR-C06319,2024-07-28,0,western,3,weighted,0.16547422832534645,LIVE,OOF,0
TR-000435,TR-C02406,2024-07-28,0,western,3,weighted,0.258676668341097,LIVE,OOF,0
TR-001352,TR-C05076,2024-07-28,0,other,3,weighted,0.2922707245774959,LIVE,OOF,0
TR-002113,TR-C04245,2024-07-28,0,other,3,weighted,0.16801868299115236,LIVE,OOF,0
TR-004042,TR-C04448,2024-07-28,0,other,3,weighted,0.020274486274141416,LIVE,OOF,0
TR-004295,TR-C04871,2024-07-28,0,central,3,weighted,0.16456837008515252,LIVE,OOF,0
TR-005095,TR-C00581,2024-07-28,1,western,3,weighted,0.21390812756333683,LIVE,OOF,0
TR-005494,TR-C05647,2024-07-28,0,western,3,weighted,0.08171963887598926,LIVE,OOF,0
TR-007137,TR-C06475,2024-07-28,0,eastern,3,weighted,0.12377741329971809,LIVE,OOF,0
TR-001423,TR-C01602,2024-07-29,0,central,3,weighted,0.31410418920934197,LIVE,OOF,0
TR-004050,TR-C03724,2024-07-29,0,central,3,weighted,0.15673342235910676,LIVE,OOF,0
TR-004261,TR-C03484,2024-07-29,0,other,3,weighted,0.19468554098327523,LIVE,OOF,0
TR-004820,TR-C00688,2024-07-29,0,eastern,3,weighted,0.26044513818928305,LIVE,OOF,0
TR-008146,TR-C03403,2024-07-29,0,central,3,weighted,0.10150377702780351,LIVE,OOF,0
TR-009317,TR-C05602,2024-07-29,0,central,3,weighted,0.07381891341540457,LIVE,OOF,0
TR-000147,TR-C02280,2024-07-30,0,other,3,weighted,0.180435699089323,LIVE,OOF,0
TR-000411,TR-C03877,2024-07-30,0,eastern,3,weighted,0.10159600844040523,LIVE,OOF,0
TR-000807,TR-C05562,2024-07-30,0,eastern,3,weighted,0.13634500021224438,LIVE,OOF,0
TR-002505,TR-C02514,2024-07-30,0,eastern,3,weighted,0.07049390844652047,LIVE,OOF,0
TR-005280,TR-C01664,2024-07-30,0,western,3,weighted,0.04003203211725464,LIVE,OOF,0
TR-006056,TR-C00933,2024-07-30,0,other,3,weighted,0.020408826421736505,LIVE,OOF,0
TR-007143,TR-C02067,2024-07-30,0,western,3,weighted,0.6258484420328637,LIVE,OOF,0
TR-007991,TR-C04865,2024-07-30,0,central,3,weighted,0.4071093647821321,LIVE,OOF,0
TR-008269,TR-C03274,2024-07-30,1,eastern,3,weighted,0.7320412931856125,LIVE,OOF,1
TR-008336,TR-C03198,2024-07-30,0,other,3,weighted,0.08530121798270433,LIVE,OOF,0
TR-009281,TR-C02005,2024-07-30,0,other,3,weighted,0.7887373144133416,LIVE,OOF,1
TR-009918,TR-C03160,2024-07-30,0,other,3,weighted,0.42562423331673344,LIVE,OOF,0
TR-000438,TR-C05906,2024-07-31,0,central,3,weighted,0.17510964620488365,LIVE,OOF,0
TR-000772,TR-C02072,2024-07-31,0,central,3,weighted,0.3529031464563048,LIVE,OOF,0
TR-001281,TR-C03156,2024-07-31,0,other,3,weighted,0.42027672251222303,LIVE,OOF,0
TR-001299,TR-C05008,2024-07-31,0,western,3,weighted,0.5534265079671116,LIVE,OOF,0
TR-001303,TR-C00224,2024-07-31,0,eastern,3,weighted,0.1657111307902678,LIVE,OOF,0
TR-001610,TR-C06110,2024-07-31,0,central,3,weighted,0.7901555833273014,LIVE,OOF,1
TR-002238,TR-C01479,2024-07-31,1,eastern,3,weighted,0.6583471436014694,LIVE,OOF,1
TR-004165,TR-C04724,2024-07-31,0,other,3,weighted,0.03205661638362894,LIVE,OOF,0
TR-004423,TR-C05751,2024-07-31,0,central,3,weighted,0.19321238139475483,LIVE,OOF,0
TR-004581,TR-C03100,2024-07-31,1,western,3,weighted,0.25670702065667445,LIVE,OOF,0
TR-007127,TR-C05919,2024-07-31,0,western,3,weighted,0.16341184563762887,LIVE,OOF,0
TR-008499,TR-C06299,2024-07-31,0,other,3,weighted,0.2991618016303577,LIVE,OOF,0
TR-009886,TR-C01673,2024-07-31,0,western,3,weighted,0.14489199121956486,LIVE,OOF,0
TR-001637,TR-C06103,2024-08-01,0,eastern,3,weighted,0.1938644573593068,LIVE,OOF,0
TR-001902,TR-C03363,2024-08-01,0,other,3,weighted,0.10257424006371364,LIVE,OOF,0
TR-002587,TR-C05241,2024-08-01,0,western,3,weighted,0.2514683859858564,LIVE,OOF,0
TR-004713,TR-C02738,2024-08-01,0,central,3,weighted,0.357236918094464,LIVE,OOF,0
TR-006070,TR-C01419,2024-08-01,0,eastern,3,weighted,0.146102051446322,LIVE,OOF,0
TR-000083,TR-C06152,2024-08-02,0,central,3,weighted,0.6911578233282109,LIVE,OOF,1
TR-000267,TR-C01278,2024-08-02,0,western,3,weighted,0.01589472194351043,LIVE,OOF,0
TR-000436,TR-C03809,2024-08-02,0,western,3,weighted,0.2553316663188436,LIVE,OOF,0
TR-003026,TR-C03381,2024-08-02,0,western,3,weighted,0.36791027629719797,LIVE,OOF,0
TR-003534,TR-C06353,2024-08-02,0,central,3,weighted,0.21237206625627006,LIVE,OOF,0
TR-007331,TR-C02022,2024-08-02,0,central,3,weighted,0.04730452661019676,LIVE,OOF,0
TR-007589,TR-C04518,2024-08-02,1,western,3,weighted,0.4729423634064675,LIVE,OOF,0
TR-007637,TR-C03006,2024-08-02,0,other,3,weighted,0.19763474989720886,LIVE,OOF,0
TR-008170,TR-C00217,2024-08-02,0,central,3,weighted,0.10032193079149652,LIVE,OOF,0
TR-008381,TR-C00781,2024-08-02,0,other,3,weighted,0.12339665462380962,LIVE,OOF,0
TR-009391,TR-C04583,2024-08-02,0,western,3,weighted,0.373225389607225,LIVE,OOF,0
TR-001489,TR-C01053,2024-08-03,0,eastern,3,weighted,0.35012756524639554,LIVE,OOF,0
TR-003368,TR-C00529,2024-08-03,0,central,3,weighted,0.19872584742977328,LIVE,OOF,0
TR-004096,TR-C03431,2024-08-03,0,eastern,3,weighted,0.368774010472208,LIVE,OOF,0
TR-004688,TR-C05947,2024-08-03,0,other,3,weighted,0.12094479419859797,LIVE,OOF,0
TR-006970,TR-C02424,2024-08-03,0,eastern,3,weighted,0.3892780687406708,LIVE,OOF,0
TR-007849,TR-C02250,2024-08-03,1,central,3,weighted,0.8691973122731074,LIVE,OOF,1
TR-000217,TR-C01148,2024-08-04,0,eastern,3,weighted,0.1522564691889297,LIVE,OOF,0
TR-000987,TR-C02463,2024-08-04,0,central,3,weighted,0.2456373521399248,LIVE,OOF,0
TR-001189,TR-C03561,2024-08-04,0,other,3,weighted,0.10836811767758335,LIVE,OOF,0
TR-003745,TR-C04495,2024-08-04,0,eastern,3,weighted,0.517740261800041,LIVE,OOF,0
TR-007001,TR-C00558,2024-08-04,0,eastern,3,weighted,0.38424131267807765,LIVE,OOF,0
TR-008812,TR-C03079,2024-08-04,0,central,3,weighted,0.11593119410913821,LIVE,OOF,0
TR-009598,TR-C06326,2024-08-04,0,other,3,weighted,0.7932284988770089,LIVE,OOF,1
TR-000754,TR-C06134,2024-08-05,0,western,3,weighted,0.030310967993490385,LIVE,OOF,0
TR-003984,TR-C02717,2024-08-05,0,eastern,3,weighted,0.1552044936608096,LIVE,OOF,0
TR-005070,TR-C00962,2024-08-05,1,western,3,weighted,0.8364640564664201,LIVE,OOF,1
TR-005424,TR-C05042,2024-08-05,0,central,3,weighted,0.7065776612635272,LIVE,OOF,1
TR-005497,TR-C01858,2024-08-05,0,other,3,weighted,0.26994925623811217,LIVE,OOF,0
TR-006094,TR-C04720,2024-08-05,0,central,3,weighted,0.07732638099877139,LIVE,OOF,0
TR-006614,TR-C03949,2024-08-05,0,central,3,weighted,0.3687618664505972,LIVE,OOF,0
TR-009723,TR-C05986,2024-08-05,0,western,3,weighted,0.2289492143660546,LIVE,OOF,0
TR-000560,TR-C03395,2024-08-06,0,other,3,weighted,0.15084026023855304,LIVE,OOF,0
TR-003143,TR-C02954,2024-08-06,0,other,3,weighted,0.1601485088879842,LIVE,OOF,0
TR-003313,TR-C00756,2024-08-06,0,western,3,weighted,0.19833767999241633,LIVE,OOF,0
TR-005887,TR-C01515,2024-08-06,1,central,3,weighted,0.27093591259322264,LIVE,OOF,0
TR-006542,TR-C02587,2024-08-06,0,other,3,weighted,0.12837453158657544,LIVE,OOF,0
TR-007290,TR-C01362,2024-08-06,0,other,3,weighted,0.6367024313702785,LIVE,OOF,0
TR-008005,TR-C03479,2024-08-06,0,western,3,weighted,0.23455818999463718,LIVE,OOF,0
TR-008688,TR-C00939,2024-08-06,0,eastern,3,weighted,0.8955086459855783,LIVE,OOF,1
TR-001551,TR-C05055,2024-08-07,0,eastern,3,weighted,0.09467176812938508,LIVE,OOF,0
TR-002460,TR-C00523,2024-08-07,1,western,3,weighted,0.7208225815199021,LIVE,OOF,1
TR-003051,TR-C02921,2024-08-07,0,central,3,weighted,0.09975453459841761,LIVE,OOF,0
TR-004312,TR-C02415,2024-08-07,1,other,3,weighted,0.7180712770068118,LIVE,OOF,1
TR-004648,TR-C03692,2024-08-07,0,central,3,weighted,0.021873591469634673,LIVE,OOF,0
TR-005237,TR-C00545,2024-08-07,0,central,3,weighted,0.24017441664796543,LIVE,OOF,0
TR-006425,TR-C04669,2024-08-07,0,eastern,3,weighted,0.40736232266053174,LIVE,OOF,0
TR-006912,TR-C01224,2024-08-07,0,western,3,weighted,0.1161620680777332,LIVE,OOF,0
TR-006922,TR-C03202,2024-08-07,0,western,3,weighted,0.06197489717939733,LIVE,OOF,0
TR-007070,TR-C01960,2024-08-07,0,western,3,weighted,0.7828484129009864,LIVE,OOF,1
TR-007289,TR-C00833,2024-08-07,0,eastern,3,weighted,0.026520652264138415,LIVE,OOF,0
TR-008453,TR-C02924,2024-08-07,0,western,3,weighted,0.1427351100212687,LIVE,OOF,0
TR-008601,TR-C01893,2024-08-07,1,eastern,3,weighted,0.08050515808459063,LIVE,OOF,0
TR-009085,TR-C02069,2024-08-07,0,other,3,weighted,0.7544796788539645,LIVE,OOF,1
TR-000228,TR-C03353,2024-08-08,0,western,3,weighted,0.19578738167247675,LIVE,OOF,0
TR-001749,TR-C04468,2024-08-08,0,eastern,3,weighted,0.01585407170474583,LIVE,OOF,0
TR-002528,TR-C00914,2024-08-08,1,other,3,weighted,0.2507780845517621,LIVE,OOF,0
TR-002756,TR-C04574,2024-08-08,0,other,3,weighted,0.28458991664526023,LIVE,OOF,0
TR-003930,TR-C04737,2024-08-08,0,central,3,weighted,0.3537596371748652,LIVE,OOF,0
TR-004317,TR-C00895,2024-08-08,0,central,3,weighted,0.38027855321744053,LIVE,OOF,0
TR-004718,TR-C00933,2024-08-08,0,other,3,weighted,0.06944493382996075,LIVE,OOF,0
TR-005055,TR-C02163,2024-08-08,0,eastern,3,weighted,0.043540745255530734,LIVE,OOF,0
TR-005836,TR-C03755,2024-08-08,0,other,3,weighted,0.014623528493742207,LIVE,OOF,0
TR-006230,TR-C06063,2024-08-08,0,central,3,weighted,0.08455945788848516,LIVE,OOF,0
TR-007486,TR-C04817,2024-08-08,0,central,3,weighted,0.056631876074879434,LIVE,OOF,0
TR-007540,TR-C01692,2024-08-08,0,other,3,weighted,0.05524422022885448,LIVE,OOF,0
TR-007865,TR-C05296,2024-08-08,0,eastern,3,weighted,0.8407155701557081,LIVE,OOF,1
TR-001291,TR-C01461,2024-08-09,0,eastern,3,weighted,0.00934862795955434,LIVE,OOF,0
TR-003116,TR-C06170,2024-08-09,0,other,3,weighted,0.5958715032326962,LIVE,OOF,0
TR-005690,TR-C00861,2024-08-09,0,other,3,weighted,0.19808478346213204,LIVE,OOF,0
TR-006967,TR-C05378,2024-08-09,0,central,3,weighted,0.13402684180815694,LIVE,OOF,0
TR-007073,TR-C03080,2024-08-09,0,western,3,weighted,0.1070590164879792,LIVE,OOF,0
TR-008386,TR-C01448,2024-08-09,0,western,3,weighted,0.26864511662440443,LIVE,OOF,0
TR-008830,TR-C01271,2024-08-09,0,eastern,3,weighted,0.13254628289879447,LIVE,OOF,0
TR-009361,TR-C00413,2024-08-09,0,other,3,weighted,0.7588262011440112,LIVE,OOF,1
TR-000026,TR-C02632,2024-08-10,0,other,3,weighted,0.29003801798783224,LIVE,OOF,0
TR-004748,TR-C05689,2024-08-10,0,western,3,weighted,0.5368433840897634,LIVE,OOF,0
TR-005063,TR-C05402,2024-08-10,0,western,3,weighted,0.6712180942163798,LIVE,OOF,1
TR-005632,TR-C01451,2024-08-10,0,western,3,weighted,0.4393184756636292,LIVE,OOF,0
TR-007269,TR-C01308,2024-08-10,0,eastern,3,weighted,0.15212734043002274,LIVE,OOF,0
TR-009843,TR-C02024,2024-08-10,0,other,3,weighted,0.8682436949861886,LIVE,OOF,1
TR-000913,TR-C03449,2024-08-11,0,eastern,3,weighted,0.1789654838951723,LIVE,OOF,0
TR-003308,TR-C01838,2024-08-11,1,central,3,weighted,0.7828133607892306,LIVE,OOF,1
TR-007713,TR-C06499,2024-08-11,0,central,3,weighted,0.21969765297593682,LIVE,OOF,0
TR-008097,TR-C02052,2024-08-11,0,central,3,weighted,0.04625453036300353,LIVE,OOF,0
TR-008579,TR-C06004,2024-08-11,0,central,3,weighted,0.482119784886945,LIVE,OOF,0
TR-009220,TR-C00331,2024-08-11,0,western,3,weighted,0.35271142905839215,LIVE,OOF,0
TR-001651,TR-C02830,2024-08-12,0,western,3,weighted,0.10740683401897605,LIVE,OOF,0
TR-002261,TR-C03889,2024-08-12,1,other,3,weighted,0.4548720699562896,LIVE,OOF,0
TR-003204,TR-C04978,2024-08-12,0,other,3,weighted,0.5421712003157007,LIVE,OOF,0
TR-003750,TR-C03254,2024-08-12,0,other,3,weighted,0.18003457938306358,LIVE,OOF,0
TR-005099,TR-C01362,2024-08-12,0,other,3,weighted,0.4884194419850175,LIVE,OOF,0
TR-005644,TR-C00516,2024-08-12,0,western,3,weighted,0.29373660592674194,LIVE,OOF,0
TR-008156,TR-C05359,2024-08-12,0,eastern,3,weighted,0.330044884546373,LIVE,OOF,0
TR-000838,TR-C00185,2024-08-13,1,central,3,weighted,0.6461649919449419,LIVE,OOF,0
TR-001496,TR-C05663,2024-08-13,0,eastern,3,weighted,0.24532705017936135,LIVE,OOF,0
TR-002860,TR-C05795,2024-08-13,0,other,3,weighted,0.0893448800194266,LIVE,OOF,0
TR-007028,TR-C06233,2024-08-13,0,central,3,weighted,0.05158180150574272,LIVE,OOF,0
TR-000041,TR-C02320,2024-08-14,0,other,3,weighted,0.07134253123951946,LIVE,OOF,0
TR-000327,TR-C00144,2024-08-14,0,eastern,3,weighted,0.8164872930304213,LIVE,OOF,1
TR-000892,TR-C00562,2024-08-14,0,western,3,weighted,0.05581025348015679,LIVE,OOF,0
TR-001844,TR-C04250,2024-08-14,0,other,3,weighted,0.19228665749640889,LIVE,OOF,0
TR-003231,TR-C00822,2024-08-14,0,central,3,weighted,0.19864780842597243,LIVE,OOF,0
TR-006030,TR-C05787,2024-08-14,0,eastern,3,weighted,0.1157470870734993,LIVE,OOF,0
TR-008194,TR-C00838,2024-08-14,0,other,3,weighted,0.0755244709521461,LIVE,OOF,0
TR-008910,TR-C01521,2024-08-14,0,other,3,weighted,0.8139764928747788,LIVE,OOF,1
TR-009268,TR-C06145,2024-08-14,0,central,3,weighted,0.16642698728831296,LIVE,OOF,0
TR-009333,TR-C04877,2024-08-14,0,other,3,weighted,0.3757235669323452,LIVE,OOF,0
TR-009419,TR-C06368,2024-08-14,0,western,3,weighted,0.04669447445341391,LIVE,OOF,0
TR-003042,TR-C01901,2024-08-15,0,eastern,3,weighted,0.09707199113835623,LIVE,OOF,0
TR-003194,TR-C04544,2024-08-15,0,eastern,3,weighted,0.4784639262905539,LIVE,OOF,0
TR-003343,TR-C03734,2024-08-15,0,other,3,weighted,0.1864322353241418,LIVE,OOF,0
TR-003794,TR-C03252,2024-08-15,0,eastern,3,weighted,0.6262071134490361,LIVE,OOF,0
TR-004807,TR-C02818,2024-08-15,0,eastern,3,weighted,0.04074992259104251,LIVE,OOF,0
TR-005189,TR-C01576,2024-08-15,0,other,3,weighted,0.1213571811327325,LIVE,OOF,0
TR-005586,TR-C04508,2024-08-15,0,western,3,weighted,0.18096510681704434,LIVE,OOF,0
TR-005862,TR-C04644,2024-08-15,0,central,3,weighted,0.6205607359077753,LIVE,OOF,0
TR-006099,TR-C03399,2024-08-15,0,other,3,weighted,0.049836851795585974,LIVE,OOF,0
TR-008895,TR-C02024,2024-08-15,0,other,3,weighted,0.5997142105689267,LIVE,OOF,0
TR-009238,TR-C03688,2024-08-15,0,other,3,weighted,0.3497432579466763,LIVE,OOF,0
TR-009512,TR-C04565,2024-08-15,0,central,3,weighted,0.27264101107138083,LIVE,OOF,0
TR-009616,TR-C05018,2024-08-15,1,other,3,weighted,0.5693511029500429,LIVE,OOF,0
TR-000667,TR-C05896,2024-08-16,0,western,3,weighted,0.30424424886356505,LIVE,OOF,0
TR-000752,TR-C00065,2024-08-16,0,other,3,weighted,0.31370513511478354,LIVE,OOF,0
TR-001316,TR-C04969,2024-08-16,0,eastern,3,weighted,0.361168095506866,LIVE,OOF,0
TR-001580,TR-C03695,2024-08-16,0,other,3,weighted,0.09042335048934985,LIVE,OOF,0
TR-002807,TR-C00125,2024-08-16,0,central,3,weighted,0.16594624594063268,LIVE,OOF,0
TR-003382,TR-C00751,2024-08-16,0,central,3,weighted,0.5932849166341598,LIVE,OOF,0
TR-005087,TR-C06239,2024-08-16,0,other,3,weighted,0.06591793202535927,LIVE,OOF,0
TR-005120,TR-C00222,2024-08-16,0,eastern,3,weighted,0.04983714049869897,LIVE,OOF,0
TR-006387,TR-C04353,2024-08-16,1,central,3,weighted,0.7291526242918519,LIVE,OOF,1
TR-006491,TR-C01800,2024-08-16,0,central,3,weighted,0.21361416748451362,LIVE,OOF,0
TR-008058,TR-C00955,2024-08-16,0,other,3,weighted,0.3395490092432029,LIVE,OOF,0
TR-009522,TR-C06175,2024-08-16,0,western,3,weighted,0.11525713803160582,LIVE,OOF,0
TR-000543,TR-C04050,2024-08-17,0,other,3,weighted,0.14226134365171786,LIVE,OOF,0
TR-002199,TR-C01400,2024-08-17,0,other,3,weighted,0.5749208652580458,LIVE,OOF,0
TR-003548,TR-C01589,2024-08-17,1,eastern,3,weighted,0.23988874901974677,LIVE,OOF,0
TR-005247,TR-C05672,2024-08-17,0,eastern,3,weighted,0.17401734668262842,LIVE,OOF,0
TR-005919,TR-C00484,2024-08-17,0,western,3,weighted,0.044492175122499186,LIVE,OOF,0
TR-006075,TR-C04928,2024-08-17,0,eastern,3,weighted,0.12269652235256136,LIVE,OOF,0
TR-008582,TR-C03739,2024-08-17,0,other,3,weighted,0.891812250778652,LIVE,OOF,1
TR-001449,TR-C01570,2024-08-18,1,eastern,3,weighted,0.8363616342801591,LIVE,OOF,1
TR-003507,TR-C00407,2024-08-18,0,western,3,weighted,0.08304341300319149,LIVE,OOF,0
TR-003813,TR-C05118,2024-08-18,0,western,3,weighted,0.029867059478477877,LIVE,OOF,0
TR-004258,TR-C06218,2024-08-18,0,western,3,weighted,0.726419348193667,LIVE,OOF,1
TR-005242,TR-C04623,2024-08-18,0,eastern,3,weighted,0.036923650744108624,LIVE,OOF,0
TR-007390,TR-C05448,2024-08-18,0,central,3,weighted,0.0466473722040908,LIVE,OOF,0
TR-008733,TR-C00103,2024-08-18,0,other,3,weighted,0.011312462005126084,LIVE,OOF,0
TR-009310,TR-C01778,2024-08-18,0,western,3,weighted,0.33284155060314446,LIVE,OOF,0
TR-001074,TR-C02138,2024-08-19,0,eastern,3,weighted,0.48327490849718596,LIVE,OOF,0
TR-001786,TR-C04408,2024-08-19,0,western,3,weighted,0.5836769961384161,LIVE,OOF,0
TR-002333,TR-C02937,2024-08-19,1,other,3,weighted,0.8909729827726123,LIVE,OOF,1
TR-002344,TR-C03829,2024-08-19,0,central,3,weighted,0.2744090657189949,LIVE,OOF,0
TR-002947,TR-C01473,2024-08-19,0,western,3,weighted,0.6003162962518402,LIVE,OOF,0
TR-005496,TR-C03666,2024-08-19,0,western,3,weighted,0.5597191766797214,LIVE,OOF,0
TR-005686,TR-C00169,2024-08-19,0,other,3,weighted,0.04036456158801939,LIVE,OOF,0
TR-006434,TR-C01554,2024-08-19,1,central,3,weighted,0.7941029059497827,LIVE,OOF,1
TR-006861,TR-C01224,2024-08-19,0,western,3,weighted,0.12632527055443202,LIVE,OOF,0
TR-007473,TR-C00380,2024-08-19,0,eastern,3,weighted,0.747871651658364,LIVE,OOF,1
TR-007624,TR-C00976,2024-08-19,0,western,3,weighted,0.2881928361337129,LIVE,OOF,0
TR-008287,TR-C00408,2024-08-19,0,eastern,3,weighted,0.2611483651041486,LIVE,OOF,0
TR-009075,TR-C03874,2024-08-19,0,central,3,weighted,0.2703825252957864,LIVE,OOF,0
TR-009338,TR-C00599,2024-08-19,0,eastern,3,weighted,0.2535758079710848,LIVE,OOF,0
TR-001562,TR-C03738,2024-08-20,0,eastern,3,weighted,0.5155076993586138,LIVE,OOF,0
TR-002055,TR-C01828,2024-08-20,0,western,3,weighted,0.6910864531463164,LIVE,OOF,1
TR-003387,TR-C02610,2024-08-20,0,central,3,weighted,0.1386664131430042,LIVE,OOF,0
TR-003425,TR-C00249,2024-08-20,0,central,3,weighted,0.4440004768525452,LIVE,OOF,0
TR-004512,TR-C03538,2024-08-20,0,eastern,3,weighted,0.1772497207692448,LIVE,OOF,0
TR-006940,TR-C05740,2024-08-20,0,other,3,weighted,0.844564444354109,LIVE,OOF,1
TR-007160,TR-C01324,2024-08-20,0,other,3,weighted,0.13370270801488626,LIVE,OOF,0
TR-008809,TR-C00644,2024-08-20,0,central,3,weighted,0.5825562011073564,LIVE,OOF,0
TR-000624,TR-C05262,2024-08-21,1,western,3,weighted,0.3119144959268711,LIVE,OOF,0
TR-003708,TR-C03046,2024-08-21,0,eastern,3,weighted,0.5953053367277149,LIVE,OOF,0
TR-004776,TR-C05696,2024-08-21,0,western,3,weighted,0.05272586029531594,LIVE,OOF,0
TR-006936,TR-C01158,2024-08-21,0,other,3,weighted,0.755391029225842,LIVE,OOF,1
TR-008782,TR-C04004,2024-08-21,1,western,3,weighted,0.8138735386638638,LIVE,OOF,1
TR-009700,TR-C05219,2024-08-21,0,western,3,weighted,0.837968610387534,LIVE,OOF,1
TR-000482,TR-C01980,2024-08-22,0,central,3,weighted,0.6197350615344457,LIVE,OOF,0
TR-002317,TR-C04384,2024-08-22,0,western,3,weighted,0.5078248419836079,LIVE,OOF,0
TR-002911,TR-C01031,2024-08-22,0,eastern,3,weighted,0.046803431161244184,LIVE,OOF,0
TR-003218,TR-C01940,2024-08-22,0,central,3,weighted,0.16935961669497585,LIVE,OOF,0
TR-004235,TR-C01777,2024-08-22,0,other,3,weighted,0.0715986226840858,LIVE,OOF,0
TR-005221,TR-C06176,2024-08-22,1,central,3,weighted,0.5953893501608287,LIVE,OOF,0
TR-008532,TR-C00734,2024-08-22,0,eastern,3,weighted,0.10207327678603581,LIVE,OOF,0
TR-009358,TR-C01631,2024-08-22,0,western,3,weighted,0.19504037608401675,LIVE,OOF,0
TR-009941,TR-C06437,2024-08-22,0,other,3,weighted,0.16845422689346998,LIVE,OOF,0
TR-000980,TR-C00015,2024-08-23,0,western,3,weighted,0.28339441541151317,LIVE,OOF,0
TR-001266,TR-C04295,2024-08-23,0,western,3,weighted,0.03513346936141001,LIVE,OOF,0
TR-001398,TR-C02338,2024-08-23,0,central,3,weighted,0.05918039473926397,LIVE,OOF,0
TR-001672,TR-C06342,2024-08-23,0,eastern,3,weighted,0.16907453597967753,LIVE,OOF,0
TR-003036,TR-C05161,2024-08-23,0,western,3,weighted,0.08915281225479348,LIVE,OOF,0
TR-003389,TR-C03206,2024-08-23,0,western,3,weighted,0.0764863595866606,LIVE,OOF,0
TR-008663,TR-C06147,2024-08-23,0,other,3,weighted,0.18042000471868297,LIVE,OOF,0
TR-008678,TR-C04595,2024-08-23,0,western,3,weighted,0.08217995664774763,LIVE,OOF,0
TR-009898,TR-C01429,2024-08-23,0,other,3,weighted,0.01918097004488464,LIVE,OOF,0
TR-000063,TR-C06458,2024-08-24,0,western,3,weighted,0.08148666249694311,LIVE,OOF,0
TR-001631,TR-C00065,2024-08-24,0,other,3,weighted,0.09270414726076104,LIVE,OOF,0
TR-002202,TR-C04966,2024-08-24,0,eastern,3,weighted,0.14611317483198738,LIVE,OOF,0
TR-005334,TR-C00118,2024-08-24,0,central,3,weighted,0.6202011090428637,LIVE,OOF,0
TR-005383,TR-C06424,2024-08-24,0,eastern,3,weighted,0.4001438270745159,LIVE,OOF,0
TR-006231,TR-C02328,2024-08-24,0,central,3,weighted,0.19734508940934767,LIVE,OOF,0
TR-006492,TR-C00034,2024-08-24,0,western,3,weighted,0.10081383964628833,LIVE,OOF,0
TR-006513,TR-C00238,2024-08-24,0,central,3,weighted,0.1112222492565758,LIVE,OOF,0
TR-006736,TR-C05156,2024-08-24,0,eastern,3,weighted,0.18780549937096352,LIVE,OOF,0
TR-006858,TR-C02506,2024-08-24,0,central,3,weighted,0.050119403809108405,LIVE,OOF,0
TR-007884,TR-C06338,2024-08-24,0,western,3,weighted,0.2112208609667975,LIVE,OOF,0
TR-008062,TR-C05431,2024-08-24,0,central,3,weighted,0.16868712040303338,LIVE,OOF,0
TR-009250,TR-C05990,2024-08-24,0,other,3,weighted,0.21977782719435426,LIVE,OOF,0
TR-007867,TR-C00963,2024-08-25,1,western,3,weighted,0.6714554045709197,LIVE,OOF,1
TR-008088,TR-C04535,2024-08-25,0,other,3,weighted,0.18715830276725484,LIVE,OOF,0
TR-009114,TR-C00856,2024-08-25,0,eastern,3,weighted,0.1555349457742845,LIVE,OOF,0
TR-003096,TR-C00851,2024-08-26,0,western,3,weighted,0.194133694408749,LIVE,OOF,0
TR-004985,TR-C01886,2024-08-26,0,other,3,weighted,0.06474563057064908,LIVE,OOF,0
TR-006273,TR-C05392,2024-08-26,0,western,3,weighted,0.07771309541709123,LIVE,OOF,0
TR-006657,TR-C01033,2024-08-26,0,central,3,weighted,0.06928373115820621,LIVE,OOF,0
TR-008784,TR-C05561,2024-08-26,0,eastern,3,weighted,0.26404206694502397,LIVE,OOF,0
TR-009245,TR-C01811,2024-08-26,0,eastern,3,weighted,0.07992465980842368,LIVE,OOF,0
TR-000336,TR-C06318,2024-08-27,0,western,3,weighted,0.24401014005629487,LIVE,OOF,0
TR-001179,TR-C05430,2024-08-27,0,central,3,weighted,0.06372458202154789,LIVE,OOF,0
TR-002368,TR-C05110,2024-08-27,1,eastern,3,weighted,0.44918441489836636,LIVE,OOF,0
TR-003225,TR-C02418,2024-08-27,0,eastern,3,weighted,0.15297221094907656,LIVE,OOF,0
TR-003677,TR-C00278,2024-08-27,0,western,3,weighted,0.14512348392083937,LIVE,OOF,0
TR-003982,TR-C01096,2024-08-27,0,eastern,3,weighted,0.7945961808596549,LIVE,OOF,1
TR-005829,TR-C00745,2024-08-27,0,central,3,weighted,0.07026573082287603,LIVE,OOF,0
TR-006128,TR-C05969,2024-08-27,0,eastern,3,weighted,0.031506148287271336,LIVE,OOF,0
TR-007134,TR-C01910,2024-08-27,0,other,3,weighted,0.06932557237303491,LIVE,OOF,0
TR-007221,TR-C05405,2024-08-27,0,western,3,weighted,0.4696570628750011,LIVE,OOF,0
TR-007597,TR-C06222,2024-08-27,0,central,3,weighted,0.36724429475389364,LIVE,OOF,0
TR-008687,TR-C04740,2024-08-27,0,other,3,weighted,0.0753446348193429,LIVE,OOF,0
TR-009607,TR-C05587,2024-08-27,0,other,3,weighted,0.8067009083633765,LIVE,OOF,1
TR-000430,TR-C01840,2024-08-28,0,central,3,weighted,0.07680471638418866,LIVE,OOF,0
TR-001528,TR-C02281,2024-08-28,0,western,3,weighted,0.23543961385972217,LIVE,OOF,0
TR-003443,TR-C05553,2024-08-28,0,other,3,weighted,0.08302708065531059,LIVE,OOF,0
TR-005179,TR-C04299,2024-08-28,0,western,3,weighted,0.521969618965972,LIVE,OOF,0
TR-005297,TR-C02893,2024-08-28,0,eastern,3,weighted,0.17108191082814286,LIVE,OOF,0
TR-006360,TR-C01284,2024-08-28,1,western,3,weighted,0.3147968779054533,LIVE,OOF,0
TR-006833,TR-C04234,2024-08-28,0,other,3,weighted,0.5277502249357612,LIVE,OOF,0
TR-007011,TR-C00397,2024-08-28,0,central,3,weighted,0.3857580112982578,LIVE,OOF,0
TR-007365,TR-C02732,2024-08-28,0,central,3,weighted,0.268037747931016,LIVE,OOF,0
TR-008040,TR-C05186,2024-08-28,0,other,3,weighted,0.43757159797326567,LIVE,OOF,0
TR-008682,TR-C02950,2024-08-28,0,other,3,weighted,0.7690110063071399,LIVE,OOF,1
TR-008720,TR-C06421,2024-08-28,0,central,3,weighted,0.1574295466580039,LIVE,OOF,0
TR-009074,TR-C00191,2024-08-28,0,central,3,weighted,0.3873553517784212,LIVE,OOF,0
TR-009166,TR-C01646,2024-08-28,0,eastern,3,weighted,0.06790623545906091,LIVE,OOF,0
TR-000531,TR-C03271,2024-08-29,0,western,3,weighted,0.22112265694522257,LIVE,OOF,0
TR-000738,TR-C04177,2024-08-29,0,eastern,3,weighted,0.061225806958517606,LIVE,OOF,0
TR-001184,TR-C05096,2024-08-29,0,western,3,weighted,0.22651166579002224,LIVE,OOF,0
TR-001359,TR-C01910,2024-08-29,0,other,3,weighted,0.25158512601622846,LIVE,OOF,0
TR-002857,TR-C01455,2024-08-29,0,central,3,weighted,0.6432156653081715,LIVE,OOF,0
TR-002951,TR-C05838,2024-08-29,0,western,3,weighted,0.26603669155901977,LIVE,OOF,0
TR-004389,TR-C05201,2024-08-29,0,eastern,3,weighted,0.05204055834652404,LIVE,OOF,0
TR-005219,TR-C01795,2024-08-29,0,western,3,weighted,0.13333169607777742,LIVE,OOF,0
TR-006469,TR-C04483,2024-08-29,0,western,3,weighted,0.04823219589501343,LIVE,OOF,0
TR-008350,TR-C06080,2024-08-29,0,other,3,weighted,0.07256053815873179,LIVE,OOF,0
TR-009154,TR-C00479,2024-08-29,0,western,3,weighted,0.11380098925160032,LIVE,OOF,0
TR-000044,TR-C01277,2024-08-30,0,western,3,weighted,0.22779993050168076,LIVE,OOF,0
TR-000102,TR-C02850,2024-08-30,0,eastern,3,weighted,0.165839420429307,LIVE,OOF,0
TR-000145,TR-C01976,2024-08-30,0,eastern,3,weighted,0.2595104502448462,LIVE,OOF,0
TR-001478,TR-C05605,2024-08-30,1,eastern,3,weighted,0.1972735833415688,LIVE,OOF,0
TR-001505,TR-C03205,2024-08-30,0,other,3,weighted,0.4673977727493166,LIVE,OOF,0
TR-002295,TR-C03366,2024-08-30,0,central,3,weighted,0.054839593461363384,LIVE,OOF,0
TR-003637,TR-C01128,2024-08-30,0,central,3,weighted,0.019261983514560356,LIVE,OOF,0
TR-003911,TR-C03096,2024-08-30,0,western,3,weighted,0.2908307836640499,LIVE,OOF,0
TR-005648,TR-C01709,2024-08-30,0,eastern,3,weighted,0.08462872375013913,LIVE,OOF,0
TR-009296,TR-C01517,2024-08-30,0,eastern,3,weighted,0.30401716347800634,LIVE,OOF,0
TR-001045,TR-C01695,2024-08-31,0,other,3,weighted,0.1655922683480045,LIVE,OOF,0
TR-004836,TR-C02886,2024-08-31,0,other,3,weighted,0.20681398315465363,LIVE,OOF,0
TR-007852,TR-C05822,2024-08-31,0,central,3,weighted,0.1861440508849901,LIVE,OOF,0
TR-009710,TR-C00545,2024-08-31,0,central,3,weighted,0.1902098236683613,LIVE,OOF,0
TR-000011,TR-C04560,2024-09-01,0,eastern,3,weighted,0.3709765999260866,LIVE,OOF,0
TR-000395,TR-C04147,2024-09-01,0,western,3,weighted,0.30508801534953933,LIVE,OOF,0
TR-001165,TR-C02988,2024-09-01,0,central,3,weighted,0.7048059961709775,LIVE,OOF,1
TR-001519,TR-C02218,2024-09-01,0,western,3,weighted,0.14205296048673108,LIVE,OOF,0
TR-003244,TR-C01039,2024-09-01,0,other,3,weighted,0.06115274564077004,LIVE,OOF,0
TR-004259,TR-C04826,2024-09-01,0,eastern,3,weighted,0.136612508714598,LIVE,OOF,0
TR-005470,TR-C05710,2024-09-01,0,eastern,3,weighted,0.0668444457896675,LIVE,OOF,0
TR-005505,TR-C00510,2024-09-01,0,central,3,weighted,0.782336328079198,LIVE,OOF,1
TR-006714,TR-C06373,2024-09-01,0,western,3,weighted,0.16045389453819212,LIVE,OOF,0
TR-007114,TR-C01550,2024-09-01,0,eastern,3,weighted,0.37703574155457537,LIVE,OOF,0
TR-007266,TR-C04112,2024-09-01,0,western,3,weighted,0.3453584251216922,LIVE,OOF,0
TR-007568,TR-C02293,2024-09-01,0,western,3,weighted,0.3796851006170608,LIVE,OOF,0
TR-009235,TR-C01934,2024-09-01,0,eastern,3,weighted,0.7604665000645083,LIVE,OOF,1
TR-009269,TR-C06420,2024-09-01,0,other,3,weighted,0.6241867708052922,LIVE,OOF,0
TR-000550,TR-C05746,2024-09-02,0,eastern,3,weighted,0.8790738064319034,LIVE,OOF,1
TR-002190,TR-C02412,2024-09-02,0,western,3,weighted,0.6228116918559404,LIVE,OOF,0
TR-002339,TR-C05226,2024-09-02,0,western,3,weighted,0.10699372464220594,LIVE,OOF,0
TR-003322,TR-C02552,2024-09-02,0,central,3,weighted,0.3229730745167296,LIVE,OOF,0
TR-005298,TR-C03654,2024-09-02,0,other,3,weighted,0.6917401781725281,LIVE,OOF,1
TR-005949,TR-C00678,2024-09-02,0,western,3,weighted,0.11193267841321305,LIVE,OOF,0
TR-008554,TR-C06454,2024-09-02,0,other,3,weighted,0.0643170631560238,LIVE,OOF,0
TR-009318,TR-C04405,2024-09-02,0,western,3,weighted,0.032749759481294265,LIVE,OOF,0
TR-009585,TR-C03207,2024-09-02,1,western,3,weighted,0.8177984498476386,LIVE,OOF,1
TR-002902,TR-C01010,2024-09-03,0,eastern,3,weighted,0.5105285024205705,LIVE,OOF,0
TR-007892,TR-C03068,2024-09-03,0,other,3,weighted,0.585172124349406,LIVE,OOF,0
TR-008345,TR-C02382,2024-09-03,0,central,3,weighted,0.025531276221427614,LIVE,OOF,0
TR-008458,TR-C01156,2024-09-03,0,eastern,3,weighted,0.12577092967173695,LIVE,OOF,0
TR-009572,TR-C05758,2024-09-03,0,western,3,weighted,0.14978623754535544,LIVE,OOF,0
TR-002233,TR-C06273,2024-09-04,0,western,3,weighted,0.2502629935216585,LIVE,OOF,0
TR-003226,TR-C02718,2024-09-04,0,eastern,3,weighted,0.3817265187509844,LIVE,OOF,0
TR-004556,TR-C04986,2024-09-04,0,eastern,3,weighted,0.1135604486834428,LIVE,OOF,0
TR-005050,TR-C05799,2024-09-04,0,western,3,weighted,0.7224234656324356,LIVE,OOF,1
TR-005741,TR-C00841,2024-09-04,0,western,3,weighted,0.12794744881521944,LIVE,OOF,0
TR-006126,TR-C00072,2024-09-04,0,central,3,weighted,0.26643810008058666,LIVE,OOF,0
TR-006197,TR-C05371,2024-09-04,0,eastern,3,weighted,0.15854162642801692,LIVE,OOF,0
TR-006218,TR-C00085,2024-09-04,0,central,3,weighted,0.12869444031723462,LIVE,OOF,0
TR-006638,TR-C04728,2024-09-04,0,central,3,weighted,0.09341673422423531,LIVE,OOF,0
TR-006661,TR-C03825,2024-09-04,1,central,3,weighted,0.8933462482236445,LIVE,OOF,1
TR-009486,TR-C02198,2024-09-04,0,other,3,weighted,0.5937335818097489,LIVE,OOF,0
TR-000742,TR-C01597,2024-09-05,0,central,3,weighted,0.05166535146277434,LIVE,OOF,0
TR-000748,TR-C04838,2024-09-05,0,other,3,weighted,0.03407353115118582,LIVE,OOF,0
TR-001488,TR-C02201,2024-09-05,0,central,3,weighted,0.034861468559454725,LIVE,OOF,0
TR-003517,TR-C02427,2024-09-05,0,other,3,weighted,0.05646960793968998,LIVE,OOF,0
TR-005020,TR-C03779,2024-09-05,0,western,3,weighted,0.2139295665618468,LIVE,OOF,0
TR-005698,TR-C01242,2024-09-05,0,central,3,weighted,0.5837344106911592,LIVE,OOF,0
TR-006366,TR-C01130,2024-09-05,0,other,3,weighted,0.11157763519855705,LIVE,OOF,0
TR-000952,TR-C01664,2024-09-06,1,western,3,weighted,0.5610461208035844,LIVE,OOF,0
TR-001141,TR-C03693,2024-09-06,0,other,3,weighted,0.060650699551605416,LIVE,OOF,0
TR-001812,TR-C02145,2024-09-06,0,central,3,weighted,0.46316468939724775,LIVE,OOF,0
TR-002838,TR-C02497,2024-09-06,0,western,3,weighted,0.11886189286781568,LIVE,OOF,0
TR-003524,TR-C03244,2024-09-06,1,eastern,3,weighted,0.5658887604750068,LIVE,OOF,0
TR-003791,TR-C02733,2024-09-06,0,central,3,weighted,0.22443259746792277,LIVE,OOF,0
TR-004864,TR-C04505,2024-09-06,0,other,3,weighted,0.1263598646935635,LIVE,OOF,0
TR-005096,TR-C01111,2024-09-06,0,central,3,weighted,0.1346055871990516,LIVE,OOF,0
TR-006407,TR-C00296,2024-09-06,0,central,3,weighted,0.03489032156796351,LIVE,OOF,0
TR-008607,TR-C05142,2024-09-06,0,other,3,weighted,0.19007361300977244,LIVE,OOF,0
TR-009462,TR-C03563,2024-09-06,0,eastern,3,weighted,0.3170879427739732,LIVE,OOF,0
TR-000390,TR-C00623,2024-09-07,0,other,3,weighted,0.06735555392748747,LIVE,OOF,0
TR-000446,TR-C05868,2024-09-07,0,western,3,weighted,0.06881129035806532,LIVE,OOF,0
TR-000874,TR-C03506,2024-09-07,0,eastern,3,weighted,0.46479109348008574,LIVE,OOF,0
TR-002586,TR-C06263,2024-09-07,0,other,3,weighted,0.6067512103181447,LIVE,OOF,0
TR-002645,TR-C00003,2024-09-07,0,central,3,weighted,0.1410005256882735,LIVE,OOF,0
TR-004977,TR-C06246,2024-09-07,0,western,3,weighted,0.8836123077685101,LIVE,OOF,1
TR-005691,TR-C02312,2024-09-07,0,eastern,3,weighted,0.1750807240675897,LIVE,OOF,0
TR-006147,TR-C04434,2024-09-07,0,central,3,weighted,0.0704037275146205,LIVE,OOF,0
TR-006161,TR-C01331,2024-09-07,0,central,3,weighted,0.5709921880086403,LIVE,OOF,0
TR-007353,TR-C04744,2024-09-07,1,eastern,3,weighted,0.3998357400665129,LIVE,OOF,0
TR-007652,TR-C05187,2024-09-07,0,central,3,weighted,0.32840931262913214,LIVE,OOF,0
TR-007683,TR-C01775,2024-09-07,0,eastern,3,weighted,0.19865689441886267,LIVE,OOF,0
TR-000401,TR-C02203,2024-09-08,0,western,3,weighted,0.08597406622656634,LIVE,OOF,0
TR-001840,TR-C03857,2024-09-08,0,other,3,weighted,0.7060588735529002,LIVE,OOF,1
TR-004240,TR-C03004,2024-09-08,0,western,3,weighted,0.13426213699549006,LIVE,OOF,0
TR-004421,TR-C00624,2024-09-08,0,central,3,weighted,0.26989275857157213,LIVE,OOF,0
TR-004562,TR-C05670,2024-09-08,0,central,3,weighted,0.34117137804031394,LIVE,OOF,0
TR-005797,TR-C04938,2024-09-08,0,central,3,weighted,0.08107121035160582,LIVE,OOF,0
TR-007157,TR-C04069,2024-09-08,0,eastern,3,weighted,0.03449527875986622,LIVE,OOF,0
TR-007171,TR-C04620,2024-09-08,0,eastern,3,weighted,0.5370256454418967,LIVE,OOF,0
TR-009437,TR-C06152,2024-09-08,0,central,3,weighted,0.060212961242865466,LIVE,OOF,0
TR-001916,TR-C02918,2024-09-09,0,central,3,weighted,0.07131822574632027,LIVE,OOF,0
TR-003751,TR-C02624,2024-09-09,0,western,3,weighted,0.036726447914526575,LIVE,OOF,0
TR-004141,TR-C00999,2024-09-09,0,western,3,weighted,0.5980542931875948,LIVE,OOF,0
TR-004703,TR-C04340,2024-09-09,0,eastern,3,weighted,0.07622038563169298,LIVE,OOF,0
TR-005230,TR-C04972,2024-09-09,0,eastern,3,weighted,0.798837280671882,LIVE,OOF,1
TR-007989,TR-C03885,2024-09-09,0,eastern,3,weighted,0.011847165228245207,LIVE,OOF,0
TR-009082,TR-C00339,2024-09-09,0,eastern,3,weighted,0.061662504143658335,LIVE,OOF,0
TR-000775,TR-C05057,2024-09-10,0,other,3,weighted,0.2191798828796687,LIVE,OOF,0
TR-003822,TR-C03561,2024-09-10,1,other,3,weighted,0.5751667057917781,LIVE,OOF,0
TR-008276,TR-C05222,2024-09-10,0,eastern,3,weighted,0.15608356358465644,LIVE,OOF,0
TR-009831,TR-C01351,2024-09-10,0,other,3,weighted,0.6844347537793897,LIVE,OOF,1
TR-000565,TR-C04206,2024-09-11,0,other,3,weighted,0.13937099563271121,LIVE,OOF,0
TR-001377,TR-C03451,2024-09-11,0,western,3,weighted,0.49819711806737305,LIVE,OOF,0
TR-001611,TR-C03803,2024-09-11,1,eastern,3,weighted,0.1557442503310227,LIVE,OOF,0
TR-006115,TR-C03812,2024-09-11,1,eastern,3,weighted,0.1504140438310724,LIVE,OOF,0
TR-006992,TR-C05605,2024-09-11,0,eastern,3,weighted,0.1653945120228919,LIVE,OOF,0
TR-008642,TR-C04659,2024-09-11,0,central,3,weighted,0.10673157334179632,LIVE,OOF,0
TR-009334,TR-C03465,2024-09-11,0,eastern,3,weighted,0.7384627605078399,LIVE,OOF,1
TR-000004,TR-C04828,2024-09-12,1,central,3,weighted,0.15797894424315048,LIVE,OOF,0
TR-000345,TR-C02757,2024-09-12,0,other,3,weighted,0.4362029398318902,LIVE,OOF,0
TR-000575,TR-C02700,2024-09-12,0,other,3,weighted,0.042672052359457605,LIVE,OOF,0
TR-001369,TR-C00000,2024-09-12,0,eastern,3,weighted,0.21822588258129863,LIVE,OOF,0
TR-004097,TR-C06076,2024-09-12,1,eastern,3,weighted,0.6095717313641623,LIVE,OOF,0
TR-004393,TR-C05995,2024-09-12,0,other,3,weighted,0.25181265856621315,LIVE,OOF,0
TR-004407,TR-C01809,2024-09-12,0,central,3,weighted,0.19032385728999957,LIVE,OOF,0
TR-006470,TR-C00306,2024-09-12,0,western,3,weighted,0.8402477158608749,LIVE,OOF,1
TR-007119,TR-C01083,2024-09-12,0,other,3,weighted,0.6373355651657432,LIVE,OOF,0
TR-007911,TR-C05234,2024-09-12,0,other,3,weighted,0.5081998010090217,LIVE,OOF,0
TR-008769,TR-C03399,2024-09-12,0,other,3,weighted,0.11409060051714429,LIVE,OOF,0
TR-008905,TR-C02541,2024-09-12,0,western,3,weighted,0.3064523596885114,LIVE,OOF,0
TR-009937,TR-C01075,2024-09-12,0,western,3,weighted,0.6091797489414222,LIVE,OOF,0
TR-000016,TR-C02179,2024-09-13,0,western,3,weighted,0.7479897706441891,LIVE,OOF,1
TR-002928,TR-C01635,2024-09-13,0,eastern,3,weighted,0.11120456560196115,LIVE,OOF,0
TR-004511,TR-C04780,2024-09-13,0,western,3,weighted,0.16892187014066776,LIVE,OOF,0
TR-004570,TR-C06195,2024-09-13,0,other,3,weighted,0.10690585563393833,LIVE,OOF,0
TR-005181,TR-C00120,2024-09-13,1,eastern,3,weighted,0.525373619381098,LIVE,OOF,0
TR-007717,TR-C04564,2024-09-13,0,eastern,3,weighted,0.8357580804472597,LIVE,OOF,1
TR-008549,TR-C00716,2024-09-13,1,eastern,3,weighted,0.7433352572162306,LIVE,OOF,1
TR-001317,TR-C05910,2024-09-14,0,central,3,weighted,0.3904852575680263,LIVE,OOF,0
TR-001629,TR-C02882,2024-09-14,0,other,3,weighted,0.2630870966768926,LIVE,OOF,0
TR-001837,TR-C00687,2024-09-14,0,western,3,weighted,0.024521764629035273,LIVE,OOF,0
TR-002960,TR-C01149,2024-09-14,0,western,3,weighted,0.06673825784021112,LIVE,OOF,0
TR-005738,TR-C01322,2024-09-14,0,eastern,3,weighted,0.14497218718233498,LIVE,OOF,0
TR-006288,TR-C03228,2024-09-14,0,eastern,3,weighted,0.18851123788233876,LIVE,OOF,0
TR-006934,TR-C06082,2024-09-14,1,central,3,weighted,0.8601706695200654,LIVE,OOF,1
TR-007490,TR-C01164,2024-09-14,0,other,3,weighted,0.28602384755856,LIVE,OOF,0
TR-007515,TR-C02774,2024-09-14,0,central,3,weighted,0.04913602451653099,LIVE,OOF,0
TR-008186,TR-C01356,2024-09-14,0,western,3,weighted,0.3407912051692921,LIVE,OOF,0
TR-008494,TR-C04306,2024-09-14,0,central,3,weighted,0.22434652249316908,LIVE,OOF,0
TR-008991,TR-C02848,2024-09-14,0,eastern,3,weighted,0.4260386990736971,LIVE,OOF,0
TR-009615,TR-C03053,2024-09-14,0,eastern,3,weighted,0.02291554830725283,LIVE,OOF,0
TR-000608,TR-C03408,2024-09-15,0,western,3,weighted,0.5895212426563026,LIVE,OOF,0
TR-000844,TR-C02240,2024-09-15,0,central,3,weighted,0.2959999296725045,LIVE,OOF,0
TR-001635,TR-C03912,2024-09-15,1,central,3,weighted,0.33054812592725996,LIVE,OOF,0
TR-003168,TR-C00692,2024-09-15,1,western,3,weighted,0.5786310028693459,LIVE,OOF,0
TR-003886,TR-C03530,2024-09-15,0,eastern,3,weighted,0.6497876966522375,LIVE,OOF,0
TR-004297,TR-C04636,2024-09-15,0,western,3,weighted,0.6733165380502588,LIVE,OOF,1
TR-005459,TR-C05587,2024-09-15,0,other,3,weighted,0.5057186719517774,LIVE,OOF,0
TR-008744,TR-C02671,2024-09-15,0,eastern,3,weighted,0.21822285429086805,LIVE,OOF,0
TR-009070,TR-C04603,2024-09-15,0,central,3,weighted,0.050424057561082876,LIVE,OOF,0
TR-009253,TR-C02676,2024-09-15,0,eastern,3,weighted,0.03070871819953183,LIVE,OOF,0
TR-009459,TR-C06428,2024-09-15,0,other,3,weighted,0.4583984786374239,LIVE,OOF,0
TR-000285,TR-C06118,2024-09-16,0,central,3,weighted,0.20905092399371902,LIVE,OOF,0
TR-001426,TR-C04064,2024-09-16,0,eastern,3,weighted,0.20544432397733883,LIVE,OOF,0
TR-004089,TR-C04761,2024-09-16,0,other,3,weighted,0.09050329237302529,LIVE,OOF,0
TR-004168,TR-C01268,2024-09-16,0,central,3,weighted,0.4495696241936239,LIVE,OOF,0
TR-004319,TR-C01987,2024-09-16,0,central,3,weighted,0.6135411699119567,LIVE,OOF,0
TR-005412,TR-C02517,2024-09-16,0,western,3,weighted,0.19907891261059374,LIVE,OOF,0
TR-005600,TR-C05168,2024-09-16,0,eastern,3,weighted,0.2904296324451863,LIVE,OOF,0
TR-006255,TR-C05958,2024-09-16,0,western,3,weighted,0.46655944695647583,LIVE,OOF,0
TR-007194,TR-C01532,2024-09-16,0,eastern,3,weighted,0.057268436486444536,LIVE,OOF,0
TR-008092,TR-C04945,2024-09-16,0,western,3,weighted,0.06844213780678286,LIVE,OOF,0
TR-009983,TR-C00929,2024-09-16,0,western,3,weighted,0.096534741982733,LIVE,OOF,0
TR-000188,TR-C04538,2024-09-17,0,western,3,weighted,0.2576214401799197,LIVE,OOF,0
TR-001140,TR-C04909,2024-09-17,0,other,3,weighted,0.11779825076423743,LIVE,OOF,0
TR-001324,TR-C01990,2024-09-17,0,eastern,3,weighted,0.12706394669014698,LIVE,OOF,0
TR-002729,TR-C00372,2024-09-17,0,central,3,weighted,0.23309302648168578,LIVE,OOF,0
TR-002755,TR-C02422,2024-09-17,0,central,3,weighted,0.42868411153753283,LIVE,OOF,0
TR-004055,TR-C00736,2024-09-17,0,eastern,3,weighted,0.6431132873030284,LIVE,OOF,0
TR-004628,TR-C06344,2024-09-17,1,eastern,3,weighted,0.6953572098074123,LIVE,OOF,1
TR-004846,TR-C05995,2024-09-17,0,other,3,weighted,0.14296805701169277,LIVE,OOF,0
TR-005920,TR-C00958,2024-09-17,0,other,3,weighted,0.3198119163127875,LIVE,OOF,0
TR-006613,TR-C06056,2024-09-17,0,central,3,weighted,0.5752747564006544,LIVE,OOF,0
TR-007025,TR-C02363,2024-09-17,0,eastern,3,weighted,0.6135214237459753,LIVE,OOF,0
TR-008512,TR-C04466,2024-09-17,0,eastern,3,weighted,0.6751171649718555,LIVE,OOF,1
TR-009370,TR-C02899,2024-09-17,0,eastern,3,weighted,0.1153285584012957,LIVE,OOF,0
TR-009426,TR-C03663,2024-09-17,0,eastern,3,weighted,0.11906691397181685,LIVE,OOF,0
TR-009626,TR-C05116,2024-09-17,0,other,3,weighted,0.11974816461024843,LIVE,OOF,0
TR-000857,TR-C00761,2024-09-18,0,eastern,3,weighted,0.31661984589974845,LIVE,OOF,0
TR-001904,TR-C03694,2024-09-18,0,eastern,3,weighted,0.08540680513909472,LIVE,OOF,0
TR-003432,TR-C05621,2024-09-18,0,other,3,weighted,0.2896296071906051,LIVE,OOF,0
TR-005973,TR-C00577,2024-09-18,0,other,3,weighted,0.030365160324557272,LIVE,OOF,0
TR-007547,TR-C02877,2024-09-18,1,central,3,weighted,0.6200249793702536,LIVE,OOF,0
TR-008298,TR-C03259,2024-09-18,0,central,3,weighted,0.2743151514478092,LIVE,OOF,0
TR-008783,TR-C06344,2024-09-18,0,eastern,3,weighted,0.2413075502025864,LIVE,OOF,0
TR-009822,TR-C02446,2024-09-18,1,other,3,weighted,0.8356643274469248,LIVE,OOF,1
TR-000053,TR-C01406,2024-09-19,0,eastern,3,weighted,0.11798783984356355,LIVE,OOF,0
TR-000503,TR-C04515,2024-09-19,0,western,3,weighted,0.12891725158762962,LIVE,OOF,0
TR-000636,TR-C03962,2024-09-19,0,eastern,3,weighted,0.14453890485824702,LIVE,OOF,0
TR-000673,TR-C01234,2024-09-19,0,eastern,3,weighted,0.008347289971711034,LIVE,OOF,0
TR-001972,TR-C02718,2024-09-19,0,eastern,3,weighted,0.12073126018807248,LIVE,OOF,0
TR-002002,TR-C00943,2024-09-19,0,western,3,weighted,0.06998843680296814,LIVE,OOF,0
TR-002464,TR-C01351,2024-09-19,0,other,3,weighted,0.6300936082723514,LIVE,OOF,0
TR-002930,TR-C00439,2024-09-19,0,other,3,weighted,0.3740877182235753,LIVE,OOF,0
TR-003413,TR-C04265,2024-09-19,0,western,3,weighted,0.6476868938357587,LIVE,OOF,0
TR-004381,TR-C05225,2024-09-19,0,eastern,3,weighted,0.6295359850326585,LIVE,OOF,0
TR-005719,TR-C03314,2024-09-19,0,central,3,weighted,0.3282930291772385,LIVE,OOF,0
TR-005971,TR-C03587,2024-09-19,0,eastern,3,weighted,0.18957895029420974,LIVE,OOF,0
TR-006314,TR-C05709,2024-09-19,1,other,3,weighted,0.7257118040332272,LIVE,OOF,1
TR-007330,TR-C03745,2024-09-19,0,other,3,weighted,0.2912609869640811,LIVE,OOF,0
TR-009363,TR-C02432,2024-09-19,0,other,3,weighted,0.07695474323652525,LIVE,OOF,0
TR-004313,TR-C01885,2024-09-20,0,other,3,weighted,0.0636942594094782,LIVE,OOF,0
TR-004567,TR-C05459,2024-09-20,0,other,3,weighted,0.3900747481513677,LIVE,OOF,0
TR-006082,TR-C00464,2024-09-20,0,other,3,weighted,0.41213267752044824,LIVE,OOF,0
TR-006119,TR-C01108,2024-09-20,0,western,3,weighted,0.21553860533006058,LIVE,OOF,0
TR-006981,TR-C04376,2024-09-20,0,other,3,weighted,0.11474510123462885,LIVE,OOF,0
TR-000734,TR-C04463,2024-09-21,0,central,3,weighted,0.2723993485419093,LIVE,OOF,0
TR-002576,TR-C05807,2024-09-21,0,central,3,weighted,0.3978786237444503,LIVE,OOF,0
TR-002929,TR-C01830,2024-09-21,0,central,3,weighted,0.07884367821180466,LIVE,OOF,0
TR-003138,TR-C00603,2024-09-21,0,western,3,weighted,0.6892409253233531,LIVE,OOF,1
TR-003174,TR-C03332,2024-09-21,0,other,3,weighted,0.23122900893708903,LIVE,OOF,0
TR-006381,TR-C03469,2024-09-21,0,western,3,weighted,0.09953921128895322,LIVE,OOF,0
TR-008103,TR-C03481,2024-09-21,0,central,3,weighted,0.7280181360690678,LIVE,OOF,1
TR-009640,TR-C05976,2024-09-21,0,eastern,3,weighted,0.37215151713195577,LIVE,OOF,0
TR-009997,TR-C01945,2024-09-21,0,other,3,weighted,0.16515549625657452,LIVE,OOF,0
TR-002305,TR-C02241,2024-09-22,0,eastern,3,weighted,0.512285846279694,LIVE,OOF,0
TR-004176,TR-C06301,2024-09-22,0,central,3,weighted,0.07968912400148928,LIVE,OOF,0
TR-004594,TR-C02385,2024-09-22,0,other,3,weighted,0.0550935644783894,LIVE,OOF,0
TR-005240,TR-C02977,2024-09-22,0,other,3,weighted,0.048702172121240395,LIVE,OOF,0
TR-005410,TR-C01844,2024-09-22,0,other,3,weighted,0.11290451610821428,LIVE,OOF,0
TR-006808,TR-C03011,2024-09-22,0,western,3,weighted,0.20399845957003826,LIVE,OOF,0
TR-007583,TR-C00115,2024-09-22,0,other,3,weighted,0.13302174513418583,LIVE,OOF,0
TR-009368,TR-C03723,2024-09-22,0,western,3,weighted,0.11857392109824531,LIVE,OOF,0
TR-001456,TR-C00160,2024-09-23,1,eastern,3,weighted,0.20261848409820069,LIVE,OOF,0
TR-001959,TR-C06462,2024-09-23,0,eastern,3,weighted,0.2921921938684491,LIVE,OOF,0
TR-002814,TR-C01691,2024-09-23,1,central,3,weighted,0.7662883463641369,LIVE,OOF,1
TR-002962,TR-C04270,2024-09-23,0,central,3,weighted,0.027142101592681198,LIVE,OOF,0
TR-003688,TR-C03976,2024-09-23,0,western,3,weighted,0.5549986449947945,LIVE,OOF,0
TR-004973,TR-C00136,2024-09-23,0,eastern,3,weighted,0.2922852327462526,LIVE,OOF,0
TR-005317,TR-C03597,2024-09-23,0,central,3,weighted,0.49268176768374633,LIVE,OOF,0
TR-006656,TR-C01765,2024-09-23,0,eastern,3,weighted,0.30037314365354945,LIVE,OOF,0
TR-007457,TR-C03517,2024-09-23,0,other,3,weighted,0.19449535805336948,LIVE,OOF,0
TR-007711,TR-C03767,2024-09-23,0,eastern,3,weighted,0.4424741197610127,LIVE,OOF,0
TR-008380,TR-C00631,2024-09-23,0,central,3,weighted,0.187968366817347,LIVE,OOF,0
TR-008600,TR-C00400,2024-09-23,0,western,3,weighted,0.04259261629732215,LIVE,OOF,0
TR-008780,TR-C06095,2024-09-23,0,western,3,weighted,0.1836064052641533,LIVE,OOF,0
TR-009605,TR-C05629,2024-09-23,0,western,3,weighted,0.6718548307545769,LIVE,OOF,1
TR-000937,TR-C05811,2024-09-24,0,central,3,weighted,0.2294349833021294,LIVE,OOF,0
TR-004663,TR-C05960,2024-09-24,1,western,3,weighted,0.5239337926486434,LIVE,OOF,0
TR-004811,TR-C05413,2024-09-24,0,central,3,weighted,0.3594743946868092,LIVE,OOF,0
TR-004862,TR-C04762,2024-09-24,0,western,3,weighted,0.05565603875771633,LIVE,OOF,0
TR-005188,TR-C02693,2024-09-24,0,western,3,weighted,0.7961637623839468,LIVE,OOF,1
TR-005358,TR-C02299,2024-09-24,0,eastern,3,weighted,0.11599308860290683,LIVE,OOF,0
TR-005764,TR-C05828,2024-09-24,0,western,3,weighted,0.4987346218479219,LIVE,OOF,0
TR-007795,TR-C01313,2024-09-24,1,other,3,weighted,0.8969074245117157,LIVE,OOF,1
TR-008098,TR-C05967,2024-09-24,0,other,3,weighted,0.15507714749314574,LIVE,OOF,0
TR-008158,TR-C03231,2024-09-24,0,other,3,weighted,0.056982610367952616,LIVE,OOF,0
TR-002260,TR-C03419,2024-09-25,0,western,3,weighted,0.04006806996216099,LIVE,OOF,0
TR-002512,TR-C03507,2024-09-25,0,other,3,weighted,0.77401375379435,LIVE,OOF,1
TR-004036,TR-C02869,2024-09-25,0,other,3,weighted,0.28299776624082945,LIVE,OOF,0
TR-005904,TR-C00945,2024-09-25,0,western,3,weighted,0.34855679655999744,LIVE,OOF,0
TR-007094,TR-C03331,2024-09-25,0,central,3,weighted,0.38754871597762597,LIVE,OOF,0
TR-007620,TR-C01175,2024-09-25,0,other,3,weighted,0.17881150233720117,LIVE,OOF,0
TR-008502,TR-C03238,2024-09-25,0,eastern,3,weighted,0.617578859527175,LIVE,OOF,0
TR-009656,TR-C04298,2024-09-25,0,central,3,weighted,0.3461708371362,LIVE,OOF,0
TR-009698,TR-C04644,2024-09-25,0,central,3,weighted,0.8477340281121019,LIVE,OOF,1
TR-000412,TR-C05237,2024-09-26,0,central,3,weighted,0.7040059558235261,LIVE,OOF,1
TR-000916,TR-C01531,2024-09-26,0,other,3,weighted,0.07625817125346412,LIVE,OOF,0
TR-004544,TR-C00317,2024-09-26,0,western,3,weighted,0.04775916288206073,LIVE,OOF,0
TR-004970,TR-C01045,2024-09-26,0,central,3,weighted,0.13373192332957182,LIVE,OOF,0
TR-004986,TR-C05086,2024-09-26,0,western,3,weighted,0.044032152702385884,LIVE,OOF,0
TR-005248,TR-C05212,2024-09-26,0,other,3,weighted,0.379921275704605,LIVE,OOF,0
TR-006185,TR-C05938,2024-09-26,0,western,3,weighted,0.8850254994908876,LIVE,OOF,1
TR-006974,TR-C03657,2024-09-26,0,other,3,weighted,0.028701448595422827,LIVE,OOF,0
TR-008671,TR-C03120,2024-09-26,0,other,3,weighted,0.3196092945203215,LIVE,OOF,0
TR-000504,TR-C00955,2024-09-27,0,other,3,weighted,0.07192639448975241,LIVE,OOF,0
TR-001136,TR-C00993,2024-09-27,0,central,3,weighted,0.1694219876569761,LIVE,OOF,0
TR-001776,TR-C03470,2024-09-27,0,other,3,weighted,0.1771363444634252,LIVE,OOF,0
TR-002666,TR-C01216,2024-09-27,0,other,3,weighted,0.05603957704801375,LIVE,OOF,0
TR-007293,TR-C01905,2024-09-27,0,eastern,3,weighted,0.6825538414914157,LIVE,OOF,1
TR-007418,TR-C00801,2024-09-27,0,western,3,weighted,0.3007780612103793,LIVE,OOF,0
TR-007548,TR-C03370,2024-09-27,0,eastern,3,weighted,0.277022215259337,LIVE,OOF,0
TR-008935,TR-C05030,2024-09-27,0,central,3,weighted,0.08668218571631063,LIVE,OOF,0
TR-008964,TR-C05516,2024-09-27,0,western,3,weighted,0.1133664280272558,LIVE,OOF,0
TR-000381,TR-C02096,2024-09-28,0,other,3,weighted,0.2047461276891383,LIVE,OOF,0
TR-002467,TR-C04803,2024-09-28,0,western,3,weighted,0.130460468423654,LIVE,OOF,0
TR-004671,TR-C03404,2024-09-28,0,western,3,weighted,0.3295756626928088,LIVE,OOF,0
TR-004760,TR-C06084,2024-09-28,0,central,3,weighted,0.1079647177863355,LIVE,OOF,0
TR-005062,TR-C03412,2024-09-28,0,central,3,weighted,0.2649721593127731,LIVE,OOF,0
TR-006601,TR-C05951,2024-09-28,0,other,3,weighted,0.12474910845188895,LIVE,OOF,0
TR-008459,TR-C05456,2024-09-28,0,other,3,weighted,0.43086495727084184,LIVE,OOF,0
TR-008736,TR-C00360,2024-09-28,0,other,3,weighted,0.05776349276101171,LIVE,OOF,0
TR-008747,TR-C06020,2024-09-28,0,eastern,3,weighted,0.7053015136092814,LIVE,OOF,1
TR-000124,TR-C00503,2024-09-29,0,eastern,3,weighted,0.13506137637683777,LIVE,OOF,0
TR-001169,TR-C05502,2024-09-29,0,other,3,weighted,0.060598081034401965,LIVE,OOF,0
TR-003749,TR-C04047,2024-09-29,0,eastern,3,weighted,0.8042563106756837,LIVE,OOF,1
TR-005380,TR-C01796,2024-09-29,0,eastern,3,weighted,0.06019037039363265,LIVE,OOF,0
TR-007538,TR-C00628,2024-09-29,0,other,3,weighted,0.09961827589243649,LIVE,OOF,0
TR-008680,TR-C03133,2024-09-29,0,eastern,3,weighted,0.15254793543963743,LIVE,OOF,0
TR-008750,TR-C00295,2024-09-29,0,western,3,weighted,0.5734593093432881,LIVE,OOF,0
TR-002082,TR-C04540,2024-09-30,0,eastern,3,weighted,0.22644430855790748,LIVE,OOF,0
TR-002270,TR-C02004,2024-09-30,0,other,3,weighted,0.12799179153305765,LIVE,OOF,0
TR-003040,TR-C01954,2024-09-30,0,other,3,weighted,0.07405484932962536,LIVE,OOF,0
TR-003674,TR-C02918,2024-09-30,0,central,3,weighted,0.06732624637180307,LIVE,OOF,0
TR-003724,TR-C06215,2024-09-30,0,western,3,weighted,0.04103896234619928,LIVE,OOF,0
TR-007492,TR-C05457,2024-09-30,0,western,3,weighted,0.15154414208519523,LIVE,OOF,0
TR-009263,TR-C00210,2024-09-30,0,western,3,weighted,0.2878620873491617,LIVE,OOF,0
TR-000661,TR-C00709,2024-10-01,0,western,3,weighted,0.1721497554240187,LIVE,OOF,0
TR-001386,TR-C06263,2024-10-01,0,other,3,weighted,0.29796922029773093,LIVE,OOF,0
TR-001998,TR-C00418,2024-10-01,0,central,3,weighted,0.6787185065284539,LIVE,OOF,1
TR-002134,TR-C04455,2024-10-01,0,western,3,weighted,0.06841663898128617,LIVE,OOF,0
TR-005325,TR-C01278,2024-10-01,0,western,3,weighted,0.07561674123872196,LIVE,OOF,0
TR-006463,TR-C04508,2024-10-01,0,western,3,weighted,0.13736597708060289,LIVE,OOF,0
TR-006997,TR-C06281,2024-10-01,0,other,3,weighted,0.30596136196012613,LIVE,OOF,0
TR-007948,TR-C05140,2024-10-01,0,other,3,weighted,0.6952648145480185,LIVE,OOF,1
TR-008998,TR-C05707,2024-10-01,0,central,3,weighted,0.02421130381108386,LIVE,OOF,0
TR-009348,TR-C01974,2024-10-01,0,western,3,weighted,0.0642041113155978,LIVE,OOF,0
TR-001323,TR-C00764,2024-10-02,0,eastern,3,weighted,0.09380674141196088,LIVE,OOF,0
TR-001500,TR-C03111,2024-10-02,0,western,3,weighted,0.5004787287595891,LIVE,OOF,0
TR-001808,TR-C04448,2024-10-02,0,other,3,weighted,0.07573612923364048,LIVE,OOF,0
TR-004260,TR-C02889,2024-10-02,0,western,3,weighted,0.1263914217410967,LIVE,OOF,0
TR-008110,TR-C06125,2024-10-02,0,other,3,weighted,0.7667760872048732,LIVE,OOF,1
TR-008611,TR-C06179,2024-10-02,0,western,3,weighted,0.10529380175337279,LIVE,OOF,0
TR-000403,TR-C00560,2024-10-03,0,other,3,weighted,0.14283367725972546,LIVE,OOF,0
TR-001267,TR-C02004,2024-10-03,0,other,3,weighted,0.0424535112555367,LIVE,OOF,0
TR-001383,TR-C04701,2024-10-03,0,central,3,weighted,0.1693416757671664,LIVE,OOF,0
TR-002004,TR-C01001,2024-10-03,0,western,3,weighted,0.40761129694541404,LIVE,OOF,0
TR-002090,TR-C05389,2024-10-03,0,western,3,weighted,0.08764955764032496,LIVE,OOF,0
TR-002414,TR-C02354,2024-10-03,0,other,3,weighted,0.01269650028374898,LIVE,OOF,0
TR-002676,TR-C04307,2024-10-03,0,eastern,3,weighted,0.04794575386028106,LIVE,OOF,0
TR-003190,TR-C05733,2024-10-03,0,other,3,weighted,0.1662926532398504,LIVE,OOF,0
TR-003625,TR-C02550,2024-10-03,0,central,3,weighted,0.13784900053082086,LIVE,OOF,0
TR-004887,TR-C06182,2024-10-03,1,other,3,weighted,0.21049247664288895,LIVE,OOF,0
TR-006650,TR-C03736,2024-10-03,0,western,3,weighted,0.07415568401629279,LIVE,OOF,0
TR-007999,TR-C04010,2024-10-03,0,eastern,3,weighted,0.19909982224758882,LIVE,OOF,0
TR-008944,TR-C04748,2024-10-03,0,eastern,3,weighted,0.12499167190917901,LIVE,OOF,0
TR-000073,TR-C03430,2024-10-04,0,central,3,weighted,0.03158923771835078,LIVE,OOF,0
TR-001859,TR-C05392,2024-10-04,0,western,3,weighted,0.6380410134070562,LIVE,OOF,0
TR-002042,TR-C04554,2024-10-04,0,other,3,weighted,0.02823976770645129,LIVE,OOF,0
TR-003959,TR-C05443,2024-10-04,0,other,3,weighted,0.31248135059597415,LIVE,OOF,0
TR-004383,TR-C04825,2024-10-04,0,other,3,weighted,0.50902669772431,LIVE,OOF,0
TR-004834,TR-C01833,2024-10-04,0,other,3,weighted,0.035303317936256295,LIVE,OOF,0
TR-006138,TR-C01509,2024-10-04,0,eastern,3,weighted,0.12854405396855795,LIVE,OOF,0
TR-006394,TR-C03680,2024-10-04,0,other,3,weighted,0.38773721674809286,LIVE,OOF,0
TR-006704,TR-C06475,2024-10-04,0,eastern,3,weighted,0.03399794735567392,LIVE,OOF,0
TR-007709,TR-C04606,2024-10-04,0,western,3,weighted,0.2144853279056735,LIVE,OOF,0
TR-008021,TR-C00094,2024-10-04,0,other,3,weighted,0.5538681918277031,LIVE,OOF,0
TR-009920,TR-C02334,2024-10-04,0,other,3,weighted,0.0854318178210448,LIVE,OOF,0
TR-000793,TR-C02638,2024-10-05,0,western,3,weighted,0.2622633849843943,LIVE,OOF,0
TR-003505,TR-C02265,2024-10-05,0,eastern,3,weighted,0.6534159979459248,LIVE,OOF,0
TR-004003,TR-C00721,2024-10-05,0,eastern,3,weighted,0.2795681389841267,LIVE,OOF,0
TR-004250,TR-C02928,2024-10-05,0,central,3,weighted,0.1878089423780451,LIVE,OOF,0
TR-005776,TR-C04310,2024-10-05,0,western,3,weighted,0.11027932437789316,LIVE,OOF,0
TR-006359,TR-C05107,2024-10-05,0,western,3,weighted,0.19106485812152318,LIVE,OOF,0
TR-006403,TR-C05539,2024-10-05,0,central,3,weighted,0.7430074335741967,LIVE,OOF,1
TR-007185,TR-C05592,2024-10-05,0,other,3,weighted,0.014442401036790314,LIVE,OOF,0
TR-007225,TR-C00433,2024-10-05,0,central,3,weighted,0.0683506473323545,LIVE,OOF,0
TR-008490,TR-C06029,2024-10-05,1,other,3,weighted,0.14480178647255124,LIVE,OOF,0
TR-009739,TR-C05245,2024-10-05,0,western,3,weighted,0.0375257235546945,LIVE,OOF,0
TR-001151,TR-C01625,2024-10-06,0,central,3,weighted,0.07182207146796254,LIVE,OOF,0
TR-001535,TR-C02114,2024-10-06,0,western,3,weighted,0.25698462167712205,LIVE,OOF,0
TR-003460,TR-C00738,2024-10-06,0,western,3,weighted,0.47088981823384435,LIVE,OOF,0
TR-004301,TR-C02916,2024-10-06,0,central,3,weighted,0.40573187104861314,LIVE,OOF,0
TR-004643,TR-C04040,2024-10-06,0,central,3,weighted,0.42617032837347996,LIVE,OOF,0
TR-006002,TR-C00407,2024-10-06,0,western,3,weighted,0.050551443530427405,LIVE,OOF,0
TR-006647,TR-C06224,2024-10-06,0,western,3,weighted,0.061786575017536344,LIVE,OOF,0
TR-006713,TR-C02728,2024-10-06,0,other,3,weighted,0.03831568293191159,LIVE,OOF,0
TR-007755,TR-C01468,2024-10-06,0,western,3,weighted,0.3231446635246532,LIVE,OOF,0
TR-008407,TR-C03674,2024-10-06,0,other,3,weighted,0.06123049323185193,LIVE,OOF,0
TR-009036,TR-C02011,2024-10-06,0,central,3,weighted,0.25190087349697016,LIVE,OOF,0
TR-009309,TR-C02326,2024-10-06,0,eastern,3,weighted,0.25593784327818275,LIVE,OOF,0
TR-000668,TR-C01759,2024-10-07,0,western,3,weighted,0.11498078564521927,LIVE,OOF,0
TR-001175,TR-C04238,2024-10-07,1,western,3,weighted,0.8176996780086184,LIVE,OOF,1
TR-001686,TR-C03449,2024-10-07,0,eastern,3,weighted,0.771293602888458,LIVE,OOF,1
TR-002609,TR-C05147,2024-10-07,0,eastern,3,weighted,0.24338524536672315,LIVE,OOF,0
TR-003264,TR-C05020,2024-10-07,0,other,3,weighted,0.26524953453520056,LIVE,OOF,0
TR-004368,TR-C00967,2024-10-07,0,eastern,3,weighted,0.10667062500775436,LIVE,OOF,0
TR-005466,TR-C02031,2024-10-07,0,other,3,weighted,0.4114933009202756,LIVE,OOF,0
TR-006189,TR-C06292,2024-10-07,0,eastern,3,weighted,0.015388651962684876,LIVE,OOF,0
TR-006479,TR-C05551,2024-10-07,0,central,3,weighted,0.6552127837928146,LIVE,OOF,0
TR-007689,TR-C02051,2024-10-07,0,central,3,weighted,0.07716416464388726,LIVE,OOF,0
TR-008584,TR-C01412,2024-10-07,0,eastern,3,weighted,0.20098959169452799,LIVE,OOF,0
TR-008679,TR-C00226,2024-10-07,0,western,3,weighted,0.3290280799698747,LIVE,OOF,0
TR-008797,TR-C04402,2024-10-07,0,central,3,weighted,0.6934167254343839,LIVE,OOF,1
TR-000152,TR-C00439,2024-10-08,0,other,3,weighted,0.04139723327741966,LIVE,OOF,0
TR-003115,TR-C05490,2024-10-08,0,western,3,weighted,0.1372521271411888,LIVE,OOF,0
TR-004445,TR-C02266,2024-10-08,0,western,3,weighted,0.1322004794428329,LIVE,OOF,0
TR-005713,TR-C06320,2024-10-08,1,western,3,weighted,0.44863935722081005,LIVE,OOF,0
TR-005942,TR-C03424,2024-10-08,0,eastern,3,weighted,0.034827725455223196,LIVE,OOF,0
TR-006302,TR-C05822,2024-10-08,0,central,3,weighted,0.34520636690892315,LIVE,OOF,0
TR-006745,TR-C00117,2024-10-08,0,other,3,weighted,0.08894208659041876,LIVE,OOF,0
TR-007551,TR-C03194,2024-10-08,0,eastern,3,weighted,0.2594213613285259,LIVE,OOF,0
TR-007863,TR-C06381,2024-10-08,0,western,3,weighted,0.7226279566389796,LIVE,OOF,1
TR-000854,TR-C06466,2024-10-09,0,eastern,3,weighted,0.711637749807435,LIVE,OOF,1
TR-003759,TR-C03761,2024-10-09,0,western,3,weighted,0.16399455452568326,LIVE,OOF,0
TR-006954,TR-C00437,2024-10-09,0,central,3,weighted,0.2711099619575003,LIVE,OOF,0
TR-007051,TR-C02194,2024-10-09,0,central,3,weighted,0.30225409825744926,LIVE,OOF,0
TR-008917,TR-C04306,2024-10-09,0,central,3,weighted,0.6694216305309089,LIVE,OOF,1
TR-009335,TR-C02163,2024-10-09,0,eastern,3,weighted,0.20067013797021996,LIVE,OOF,0
TR-000325,TR-C03651,2024-10-10,0,central,3,weighted,0.18611830625454404,LIVE,OOF,0
TR-000773,TR-C06000,2024-10-10,0,eastern,3,weighted,0.21033767392759362,LIVE,OOF,0
TR-001523,TR-C00331,2024-10-10,0,western,3,weighted,0.6644860374622581,LIVE,OOF,1
TR-006338,TR-C01416,2024-10-10,0,other,3,weighted,0.14499974093823376,LIVE,OOF,0
TR-007990,TR-C03641,2024-10-10,0,eastern,3,weighted,0.5635501995431759,LIVE,OOF,0
TR-008543,TR-C02856,2024-10-10,0,western,3,weighted,0.5201488020876496,LIVE,OOF,0
TR-009002,TR-C04410,2024-10-10,0,eastern,3,weighted,0.052713965220012406,LIVE,OOF,0
TR-009891,TR-C01099,2024-10-10,0,central,3,weighted,0.05003825664033359,LIVE,OOF,0
TR-000458,TR-C02747,2024-10-11,1,western,3,weighted,0.6591412411015101,LIVE,OOF,1
TR-000462,TR-C06483,2024-10-11,1,central,3,weighted,0.48590851765369886,LIVE,OOF,0
TR-000539,TR-C03437,2024-10-11,0,eastern,3,weighted,0.4766209682923857,LIVE,OOF,0
TR-001253,TR-C05148,2024-10-11,0,other,3,weighted,0.5580063229079186,LIVE,OOF,0
TR-001563,TR-C05978,2024-10-11,0,western,3,weighted,0.06987492931013654,LIVE,OOF,0
TR-002376,TR-C05463,2024-10-11,0,central,3,weighted,0.09532347906753333,LIVE,OOF,0
TR-002592,TR-C00007,2024-10-11,0,eastern,3,weighted,0.3183443196871656,LIVE,OOF,0
TR-003035,TR-C02485,2024-10-11,0,central,3,weighted,0.8062029005216089,LIVE,OOF,1
TR-003703,TR-C00038,2024-10-11,0,central,3,weighted,0.274879321734196,LIVE,OOF,0
TR-004865,TR-C04569,2024-10-11,0,western,3,weighted,0.5192248772816997,LIVE,OOF,0
TR-005533,TR-C00328,2024-10-11,1,other,3,weighted,0.25764047948573615,LIVE,OOF,0
TR-006561,TR-C02881,2024-10-11,0,other,3,weighted,0.4315816337729187,LIVE,OOF,0
TR-006837,TR-C05794,2024-10-11,0,other,3,weighted,0.09087043204676024,LIVE,OOF,0
TR-007500,TR-C03290,2024-10-11,0,central,3,weighted,0.09165678197814273,LIVE,OOF,0
TR-007742,TR-C02007,2024-10-11,0,western,3,weighted,0.5187380843359555,LIVE,OOF,0
TR-008242,TR-C04711,2024-10-11,0,western,3,weighted,0.1915096301411198,LIVE,OOF,0
TR-008658,TR-C03797,2024-10-11,0,other,3,weighted,0.062111669991385246,LIVE,OOF,0
TR-009108,TR-C06172,2024-10-11,0,other,3,weighted,0.1535178607621922,LIVE,OOF,0
TR-009784,TR-C03834,2024-10-11,0,central,3,weighted,0.46056300024340274,LIVE,OOF,0
TR-000487,TR-C02349,2024-10-12,0,western,3,weighted,0.08641856311067397,LIVE,OOF,0
TR-004025,TR-C03125,2024-10-12,0,eastern,3,weighted,0.2566792932533243,LIVE,OOF,0
TR-004507,TR-C03833,2024-10-12,0,other,3,weighted,0.1489288665364867,LIVE,OOF,0
TR-005721,TR-C03624,2024-10-12,0,eastern,3,weighted,0.2522674446065529,LIVE,OOF,0
TR-007142,TR-C00887,2024-10-12,1,eastern,3,weighted,0.5520434235456311,LIVE,OOF,0
TR-007245,TR-C00477,2024-10-12,0,western,3,weighted,0.1214662640933527,LIVE,OOF,0
TR-007579,TR-C01043,2024-10-12,0,central,3,weighted,0.3746510509686916,LIVE,OOF,0
TR-007956,TR-C03280,2024-10-12,0,western,3,weighted,0.4170963746991274,LIVE,OOF,0
TR-008251,TR-C00110,2024-10-12,0,other,3,weighted,0.12109478061366409,LIVE,OOF,0
TR-000108,TR-C01840,2024-10-13,0,central,3,weighted,0.25841469919114085,LIVE,OOF,0
TR-001109,TR-C05633,2024-10-13,0,central,3,weighted,0.38721902106610995,LIVE,OOF,0
TR-001821,TR-C02515,2024-10-13,0,other,3,weighted,0.7167733966994695,LIVE,OOF,1
TR-002157,TR-C06302,2024-10-13,0,other,3,weighted,0.13996917340628132,LIVE,OOF,0
TR-002573,TR-C02208,2024-10-13,0,western,3,weighted,0.205117569244121,LIVE,OOF,0
TR-002913,TR-C03594,2024-10-13,0,central,3,weighted,0.07270931194074506,LIVE,OOF,0
TR-003961,TR-C03139,2024-10-13,0,eastern,3,weighted,0.37556770027714825,LIVE,OOF,0
TR-005801,TR-C03009,2024-10-13,0,central,3,weighted,0.6984070855412143,LIVE,OOF,1
TR-006000,TR-C05582,2024-10-13,0,central,3,weighted,0.020852804757912825,LIVE,OOF,0
TR-006899,TR-C06289,2024-10-13,0,western,3,weighted,0.16772331108667277,LIVE,OOF,0
TR-008315,TR-C03212,2024-10-13,0,other,3,weighted,0.051703579761222654,LIVE,OOF,0
TR-009633,TR-C01364,2024-10-13,0,central,3,weighted,0.04887095358616845,LIVE,OOF,0
TR-000209,TR-C02632,2024-10-14,0,other,3,weighted,0.5974021209231632,LIVE,OOF,0
TR-000609,TR-C02748,2024-10-14,0,eastern,3,weighted,0.7976431417433716,LIVE,OOF,1
TR-000801,TR-C00414,2024-10-14,0,western,3,weighted,0.6524443160364716,LIVE,OOF,0
TR-001104,TR-C02901,2024-10-14,0,eastern,3,weighted,0.058989799280793176,LIVE,OOF,0
TR-001622,TR-C03687,2024-10-14,0,eastern,3,weighted,0.7849492797844533,LIVE,OOF,1
TR-004974,TR-C00753,2024-10-14,0,central,3,weighted,0.07150632883760819,LIVE,OOF,0
TR-005671,TR-C01264,2024-10-14,0,western,3,weighted,0.3801981864050684,LIVE,OOF,0
TR-006756,TR-C03081,2024-10-14,0,other,3,weighted,0.30238817377469834,LIVE,OOF,0
TR-007718,TR-C04577,2024-10-14,0,other,3,weighted,0.21961113838934893,LIVE,OOF,0
TR-007760,TR-C02922,2024-10-14,0,other,3,weighted,0.09302522631796865,LIVE,OOF,0
TR-000444,TR-C04023,2024-10-15,1,western,3,weighted,0.4398211810792111,LIVE,OOF,0
TR-001337,TR-C05943,2024-10-15,0,eastern,3,weighted,0.0625259296605178,LIVE,OOF,0
TR-001526,TR-C02073,2024-10-15,0,western,3,weighted,0.10243435107947742,LIVE,OOF,0
TR-002284,TR-C02672,2024-10-15,0,central,3,weighted,0.6985496097475061,LIVE,OOF,1
TR-002843,TR-C02968,2024-10-15,0,western,3,weighted,0.7139364202028056,LIVE,OOF,1
TR-003279,TR-C01293,2024-10-15,0,eastern,3,weighted,0.24223135142632649,LIVE,OOF,0
TR-003636,TR-C01708,2024-10-15,0,other,3,weighted,0.520324408038816,LIVE,OOF,0
TR-007714,TR-C01496,2024-10-15,0,eastern,3,weighted,0.386724831265833,LIVE,OOF,0
TR-008706,TR-C03428,2024-10-15,0,western,3,weighted,0.3896270701691055,LIVE,OOF,0
TR-009018,TR-C03232,2024-10-15,0,central,3,weighted,0.06572674847796155,LIVE,OOF,0
TR-002440,TR-C02817,2024-10-16,0,central,3,weighted,0.15342145475331398,LIVE,OOF,0
TR-004441,TR-C06295,2024-10-16,0,western,3,weighted,0.07160833334960474,LIVE,OOF,0
TR-006032,TR-C05370,2024-10-16,0,other,3,weighted,0.10850090471029514,LIVE,OOF,0
TR-006223,TR-C05361,2024-10-16,0,central,3,weighted,0.442046533633059,LIVE,OOF,0
TR-007874,TR-C04126,2024-10-16,0,central,3,weighted,0.17563510120609546,LIVE,OOF,0
TR-009456,TR-C01300,2024-10-16,0,central,3,weighted,0.060962230886927,LIVE,OOF,0
TR-000923,TR-C01167,2024-10-17,0,western,3,weighted,0.07197076577584978,LIVE,OOF,0
TR-001748,TR-C02918,2024-10-17,1,central,3,weighted,0.07758914615812415,LIVE,OOF,0
TR-002506,TR-C03162,2024-10-17,0,eastern,3,weighted,0.04900404252921455,LIVE,OOF,0
TR-005998,TR-C01843,2024-10-17,0,eastern,3,weighted,0.17093578000193507,LIVE,OOF,0
TR-009228,TR-C00722,2024-10-17,0,central,3,weighted,0.0615156574078672,LIVE,OOF,0
TR-001470,TR-C05527,2024-10-18,0,central,3,weighted,0.1741757122817603,LIVE,OOF,0
TR-001975,TR-C04751,2024-10-18,0,central,3,weighted,0.04612731696597803,LIVE,OOF,0
TR-003045,TR-C04722,2024-10-18,0,central,3,weighted,0.8220115387311234,LIVE,OOF,1
TR-003325,TR-C01519,2024-10-18,1,eastern,3,weighted,0.6946612026173461,LIVE,OOF,1
TR-004816,TR-C04804,2024-10-18,0,other,3,weighted,0.5163274702511739,LIVE,OOF,0
TR-005873,TR-C04418,2024-10-18,0,other,3,weighted,0.2127786136399036,LIVE,OOF,0
TR-005976,TR-C06484,2024-10-18,0,other,3,weighted,0.21814268331159262,LIVE,OOF,0
TR-007625,TR-C01242,2024-10-18,0,central,3,weighted,0.6733885270622793,LIVE,OOF,1
TR-000687,TR-C02421,2024-10-19,0,western,3,weighted,0.24311325677828133,LIVE,OOF,0
TR-002753,TR-C00889,2024-10-19,0,other,3,weighted,0.11806344546192372,LIVE,OOF,0
TR-003285,TR-C02195,2024-10-19,0,western,3,weighted,0.1555226465738564,LIVE,OOF,0
TR-003410,TR-C03529,2024-10-19,0,eastern,3,weighted,0.10768186133316059,LIVE,OOF,0
TR-003747,TR-C04819,2024-10-19,0,western,3,weighted,0.2762375388616123,LIVE,OOF,0
TR-005328,TR-C01526,2024-10-19,0,western,3,weighted,0.6288486445654032,LIVE,OOF,0
TR-006737,TR-C03371,2024-10-19,0,western,3,weighted,0.12980248325055246,LIVE,OOF,0
TR-008044,TR-C05826,2024-10-19,0,central,3,weighted,0.2758095025849217,LIVE,OOF,0
TR-008980,TR-C00344,2024-10-19,0,eastern,3,weighted,0.04569557054070478,LIVE,OOF,0
TR-009068,TR-C05509,2024-10-19,0,other,3,weighted,0.10545954091894555,LIVE,OOF,0
TR-009948,TR-C01627,2024-10-19,1,central,3,weighted,0.4658375583903686,LIVE,OOF,0
TR-002183,TR-C02577,2024-10-20,0,western,3,weighted,0.17296275532597927,LIVE,OOF,0
TR-002549,TR-C05347,2024-10-20,1,other,3,weighted,0.6092317817161826,LIVE,OOF,0
TR-003320,TR-C01200,2024-10-20,0,western,3,weighted,0.10239397766702865,LIVE,OOF,0
TR-003553,TR-C02595,2024-10-20,0,central,3,weighted,0.7948816868446289,LIVE,OOF,1
TR-004009,TR-C01568,2024-10-20,0,western,3,weighted,0.24210557448272668,LIVE,OOF,0
TR-007728,TR-C00743,2024-10-20,0,other,3,weighted,0.05063264974329861,LIVE,OOF,0
TR-008105,TR-C05802,2024-10-20,1,western,3,weighted,0.5337243451677762,LIVE,OOF,0
TR-008235,TR-C04546,2024-10-20,0,eastern,3,weighted,0.044611283977763434,LIVE,OOF,0
TR-009766,TR-C00737,2024-10-20,0,eastern,3,weighted,0.2602381280595697,LIVE,OOF,0
TR-009897,TR-C06467,2024-10-20,0,central,3,weighted,0.18904455627092068,LIVE,OOF,0
TR-000022,TR-C05337,2024-10-21,0,western,3,weighted,0.41809242339483454,LIVE,OOF,0
TR-001841,TR-C02335,2024-10-21,0,eastern,3,weighted,0.29312818706971966,LIVE,OOF,0
TR-003756,TR-C00379,2024-10-21,0,eastern,3,weighted,0.14381374264081628,LIVE,OOF,0
TR-004843,TR-C04032,2024-10-21,0,other,3,weighted,0.025992522697809887,LIVE,OOF,0
TR-005152,TR-C00484,2024-10-21,0,western,3,weighted,0.070710238220174,LIVE,OOF,0
TR-007159,TR-C05573,2024-10-21,0,western,3,weighted,0.22213307949944858,LIVE,OOF,0
TR-007590,TR-C01476,2024-10-21,0,western,3,weighted,0.1284072759615408,LIVE,OOF,0
TR-007922,TR-C02120,2024-10-21,0,western,3,weighted,0.2976682624523091,LIVE,OOF,0
TR-008041,TR-C05717,2024-10-21,0,eastern,3,weighted,0.7077264830847326,LIVE,OOF,1
TR-008081,TR-C04276,2024-10-21,0,western,3,weighted,0.0543857107068887,LIVE,OOF,0
TR-008391,TR-C01174,2024-10-21,0,other,3,weighted,0.09205258853975694,LIVE,OOF,0
TR-008879,TR-C04913,2024-10-21,0,other,3,weighted,0.21830796494595117,LIVE,OOF,0
TR-009385,TR-C01526,2024-10-21,0,western,3,weighted,0.760081561258983,LIVE,OOF,1
TR-009423,TR-C03335,2024-10-21,0,eastern,3,weighted,0.4129839057811679,LIVE,OOF,0
TR-009487,TR-C02153,2024-10-21,0,other,3,weighted,0.4314120928762395,LIVE,OOF,0
TR-009508,TR-C05443,2024-10-21,0,other,3,weighted,0.030958990898608037,LIVE,OOF,0
TR-001310,TR-C04253,2024-10-22,0,eastern,3,weighted,0.5567777017177421,LIVE,OOF,0
TR-003361,TR-C02986,2024-10-22,0,eastern,3,weighted,0.06332294296865047,LIVE,OOF,0
TR-004344,TR-C02657,2024-10-22,0,central,3,weighted,0.02514975616698956,LIVE,OOF,0
TR-005972,TR-C03205,2024-10-22,0,other,3,weighted,0.0770652901437412,LIVE,OOF,0
TR-006141,TR-C03041,2024-10-22,0,eastern,3,weighted,0.06097552127967606,LIVE,OOF,0
TR-008850,TR-C02001,2024-10-22,0,central,3,weighted,0.48889275133450427,LIVE,OOF,0
TR-008941,TR-C04139,2024-10-22,0,western,3,weighted,0.12432280906485407,LIVE,OOF,0
TR-009341,TR-C03150,2024-10-22,0,other,3,weighted,0.01643281680690306,LIVE,OOF,0
TR-001696,TR-C05617,2024-10-23,0,eastern,3,weighted,0.05641694983198946,LIVE,OOF,0
TR-003965,TR-C04566,2024-10-23,0,eastern,3,weighted,0.020264658330671606,LIVE,OOF,0
TR-004580,TR-C00229,2024-10-23,0,eastern,3,weighted,0.1366283712476346,LIVE,OOF,0
TR-004853,TR-C05521,2024-10-23,0,central,3,weighted,0.21544099197769262,LIVE,OOF,0
TR-004891,TR-C04500,2024-10-23,0,western,3,weighted,0.603386993180409,LIVE,OOF,0
TR-007793,TR-C06092,2024-10-23,0,western,3,weighted,0.5212729653089531,LIVE,OOF,0
TR-009422,TR-C01977,2024-10-23,0,central,3,weighted,0.1311177077464061,LIVE,OOF,0
TR-001758,TR-C05830,2024-10-24,0,eastern,3,weighted,0.5537057739502862,LIVE,OOF,0
TR-002141,TR-C03039,2024-10-24,0,western,3,weighted,0.12634749855028007,LIVE,OOF,0
TR-002355,TR-C02130,2024-10-24,0,other,3,weighted,0.0236287153078445,LIVE,OOF,0
TR-003356,TR-C03437,2024-10-24,0,eastern,3,weighted,0.2563440724523778,LIVE,OOF,0
TR-003901,TR-C01092,2024-10-24,0,other,3,weighted,0.35432925161513623,LIVE,OOF,0
TR-005526,TR-C05795,2024-10-24,0,other,3,weighted,0.41821746240499896,LIVE,OOF,0
TR-006003,TR-C01423,2024-10-24,0,other,3,weighted,0.12382730030254342,LIVE,OOF,0
TR-008177,TR-C02811,2024-10-24,0,central,3,weighted,0.1055672880904615,LIVE,OOF,0
TR-001514,TR-C01231,2024-10-25,0,western,3,weighted,0.09310991145082308,LIVE,OOF,0
TR-003536,TR-C02125,2024-10-25,1,western,3,weighted,0.7296436047318847,LIVE,OOF,1
TR-004618,TR-C00764,2024-10-25,0,eastern,3,weighted,0.047319996381507246,LIVE,OOF,0
TR-004982,TR-C02423,2024-10-25,0,central,3,weighted,0.09736328942196687,LIVE,OOF,0
TR-005338,TR-C06404,2024-10-25,0,eastern,3,weighted,0.06949632283639441,LIVE,OOF,0
TR-005373,TR-C01496,2024-10-25,0,eastern,3,weighted,0.017564045337359294,LIVE,OOF,0
TR-005471,TR-C02769,2024-10-25,0,central,3,weighted,0.7949256940587376,LIVE,OOF,1
TR-007969,TR-C01351,2024-10-25,0,other,3,weighted,0.12760486899068765,LIVE,OOF,0
TR-008446,TR-C05239,2024-10-25,0,central,3,weighted,0.6834427684550273,LIVE,OOF,1
TR-008867,TR-C00587,2024-10-25,0,western,3,weighted,0.1185519681790615,LIVE,OOF,0
TR-010000,TR-C03283,2024-10-25,0,other,3,weighted,0.22611483144608369,LIVE,OOF,0
TR-005447,TR-C02422,2024-10-26,0,central,3,weighted,0.3448051683636823,LIVE,OOF,0
TR-007724,TR-C06294,2024-10-26,0,central,3,weighted,0.2062186963609179,LIVE,OOF,0
TR-008897,TR-C00412,2024-10-26,0,other,3,weighted,0.1493861541613077,LIVE,OOF,0
TR-009940,TR-C06262,2024-10-26,0,other,3,weighted,0.10444395494070097,LIVE,OOF,0
TR-000471,TR-C04639,2024-10-27,0,eastern,3,weighted,0.09152342747334069,LIVE,OOF,0
TR-000514,TR-C01700,2024-10-27,0,eastern,3,weighted,0.16454941596292705,LIVE,OOF,0
TR-001594,TR-C01784,2024-10-27,0,eastern,3,weighted,0.13103423087596677,LIVE,OOF,0
TR-002283,TR-C06150,2024-10-27,0,other,3,weighted,0.14706438515042483,LIVE,OOF,0
TR-002542,TR-C00984,2024-10-27,0,western,3,weighted,0.09242591502158108,LIVE,OOF,0
TR-003046,TR-C05632,2024-10-27,0,other,3,weighted,0.45091788496584867,LIVE,OOF,0
TR-003583,TR-C06185,2024-10-27,0,western,3,weighted,0.24663553313543968,LIVE,OOF,0
TR-003998,TR-C05502,2024-10-27,0,other,3,weighted,0.2165488120417681,LIVE,OOF,0
TR-005838,TR-C00034,2024-10-27,0,western,3,weighted,0.13967588158301744,LIVE,OOF,0
TR-007222,TR-C03393,2024-10-27,0,western,3,weighted,0.09558785593754354,LIVE,OOF,0
TR-009127,TR-C03980,2024-10-27,1,eastern,3,weighted,0.8416474023014968,LIVE,OOF,1
TR-000045,TR-C05093,2024-10-28,0,central,3,weighted,0.8109762269339549,LIVE,OOF,1
TR-000830,TR-C01606,2024-10-28,0,eastern,3,weighted,0.49633327537159,LIVE,OOF,0
TR-001155,TR-C02111,2024-10-28,1,western,3,weighted,0.2512516740510152,LIVE,OOF,0
TR-004826,TR-C01960,2024-10-28,0,western,3,weighted,0.09930214615101765,LIVE,OOF,0
TR-005752,TR-C02780,2024-10-28,0,central,3,weighted,0.09301769986666922,LIVE,OOF,0
TR-006042,TR-C05739,2024-10-28,0,other,3,weighted,0.31827848169159606,LIVE,OOF,0
TR-007348,TR-C03913,2024-10-28,0,eastern,3,weighted,0.04373144738898541,LIVE,OOF,0
TR-009353,TR-C02977,2024-10-28,0,other,3,weighted,0.19078625160515594,LIVE,OOF,0
TR-009867,TR-C02409,2024-10-28,0,western,3,weighted,0.18085155159246435,LIVE,OOF,0
TR-006260,TR-C05550,2024-10-29,0,other,3,weighted,0.08785058174488798,LIVE,OOF,0
TR-006316,TR-C03160,2024-10-29,0,other,3,weighted,0.22655163364131828,LIVE,OOF,0
TR-008505,TR-C01317,2024-10-29,0,other,3,weighted,0.14195070616944716,LIVE,OOF,0
TR-008535,TR-C04923,2024-10-29,0,central,3,weighted,0.03845305549773502,LIVE,OOF,0
TR-008645,TR-C03516,2024-10-29,0,western,3,weighted,0.4140210780710381,LIVE,OOF,0
TR-009935,TR-C00520,2024-10-29,0,eastern,3,weighted,0.1329798626352613,LIVE,OOF,0
TR-000441,TR-C01816,2024-10-30,0,eastern,3,weighted,0.12100455700847486,LIVE,OOF,0
TR-001747,TR-C04471,2024-10-30,0,central,3,weighted,0.0699353519378051,LIVE,OOF,0
TR-001817,TR-C04341,2024-10-30,0,central,3,weighted,0.11931002202853151,LIVE,OOF,0
TR-002865,TR-C00727,2024-10-30,0,other,3,weighted,0.543086323095469,LIVE,OOF,0
TR-003525,TR-C00885,2024-10-30,0,central,3,weighted,0.2769156195039143,LIVE,OOF,0
TR-005697,TR-C02718,2024-10-30,0,eastern,3,weighted,0.11905068948591788,LIVE,OOF,0
TR-007966,TR-C01902,2024-10-30,1,eastern,3,weighted,0.8225571654122265,LIVE,OOF,1
TR-008195,TR-C03128,2024-10-30,0,other,3,weighted,0.20569060449813145,LIVE,OOF,0
TR-009980,TR-C02361,2024-10-30,0,central,3,weighted,0.5837075328774272,LIVE,OOF,0
TR-000997,TR-C01810,2024-10-31,0,eastern,3,weighted,0.3401029066505774,LIVE,OOF,0
TR-001201,TR-C03067,2024-10-31,0,eastern,3,weighted,0.0780752248661228,LIVE,OOF,0
TR-004014,TR-C04744,2024-10-31,0,eastern,3,weighted,0.6161371657924636,LIVE,OOF,0
TR-004815,TR-C03312,2024-10-31,0,western,3,weighted,0.7243158804660701,LIVE,OOF,1
TR-005175,TR-C02142,2024-10-31,1,central,3,weighted,0.6127132927748077,LIVE,OOF,0
TR-005678,TR-C04804,2024-10-31,0,other,3,weighted,0.35310043158943577,LIVE,OOF,0
TR-006371,TR-C05410,2024-10-31,0,central,3,weighted,0.10965376786167011,LIVE,OOF,0
TR-006521,TR-C04874,2024-10-31,0,other,3,weighted,0.6338683685580383,LIVE,OOF,0
TR-007257,TR-C03898,2024-10-31,0,other,3,weighted,0.08925487855582073,LIVE,OOF,0
TR-008270,TR-C01187,2024-10-31,0,central,3,weighted,0.15003710150713068,LIVE,OOF,0
TR-009414,TR-C04442,2024-10-31,0,central,3,weighted,0.10558660192208479,LIVE,OOF,0
TR-001674,TR-C03083,2024-11-01,0,western,3,weighted,0.6986710889517411,LIVE,OOF,1
TR-005033,TR-C06097,2024-11-01,0,eastern,3,weighted,0.23300392608877327,LIVE,OOF,0
TR-007425,TR-C06017,2024-11-01,1,eastern,3,weighted,0.7861444105028118,LIVE,OOF,1
TR-008154,TR-C04605,2024-11-01,0,western,3,weighted,0.15971799788284766,LIVE,OOF,0
TR-008961,TR-C05491,2024-11-01,0,other,3,weighted,0.2715698939226968,LIVE,OOF,0
TR-000820,TR-C02008,2024-11-02,0,eastern,3,weighted,0.35831127584797906,LIVE,OOF,0
TR-001409,TR-C06019,2024-11-02,0,eastern,3,weighted,0.14647369565950605,LIVE,OOF,0
TR-002149,TR-C03621,2024-11-02,0,western,3,weighted,0.12300589315917086,LIVE,OOF,0
TR-003192,TR-C00657,2024-11-02,0,central,3,weighted,0.02584614556750216,LIVE,OOF,0
TR-004403,TR-C02896,2024-11-02,0,western,3,weighted,0.10406939427379566,LIVE,OOF,0
TR-008239,TR-C04977,2024-11-02,0,other,3,weighted,0.24480592719500818,LIVE,OOF,0
TR-000184,TR-C02442,2024-11-03,0,central,3,weighted,0.5423842860002531,LIVE,OOF,0
TR-002741,TR-C01765,2024-11-03,0,eastern,3,weighted,0.18668869949685374,LIVE,OOF,0
TR-003801,TR-C03705,2024-11-03,0,eastern,3,weighted,0.30880107879046786,LIVE,OOF,0
TR-005009,TR-C05544,2024-11-03,0,western,3,weighted,0.7444009734668608,LIVE,OOF,1
TR-005133,TR-C05008,2024-11-03,0,western,3,weighted,0.13951205205315184,LIVE,OOF,0
TR-005583,TR-C02677,2024-11-03,0,western,3,weighted,0.11192879668190486,LIVE,OOF,0
TR-006653,TR-C00489,2024-11-03,0,other,3,weighted,0.2254634617870575,LIVE,OOF,0
TR-007528,TR-C03693,2024-11-03,0,other,3,weighted,0.07562675131281768,LIVE,OOF,0
TR-007847,TR-C00377,2024-11-03,0,other,3,weighted,0.1296934213291452,LIVE,OOF,0
TR-008134,TR-C05102,2024-11-03,0,other,3,weighted,0.13929611196231864,LIVE,OOF,0
TR-008578,TR-C04279,2024-11-03,0,central,3,weighted,0.1589449734123926,LIVE,OOF,0
TR-009339,TR-C06114,2024-11-03,0,western,3,weighted,0.41599885054579716,LIVE,OOF,0
TR-001573,TR-C04550,2024-11-04,0,other,3,weighted,0.15329721456512715,LIVE,OOF,0
TR-005454,TR-C00655,2024-11-04,0,other,3,weighted,0.27440041433346407,LIVE,OOF,0
TR-005495,TR-C01844,2024-11-04,0,other,3,weighted,0.08189597660136923,LIVE,OOF,0
TR-005616,TR-C04481,2024-11-04,0,central,3,weighted,0.4935194741075624,LIVE,OOF,0
TR-006335,TR-C00719,2024-11-04,0,eastern,3,weighted,0.38599391649658843,LIVE,OOF,0
TR-007505,TR-C05729,2024-11-04,0,other,3,weighted,0.26587409549851515,LIVE,OOF,0
TR-001403,TR-C01428,2024-11-05,1,eastern,3,weighted,0.7031757273844936,LIVE,OOF,1
TR-002441,TR-C00805,2024-11-05,0,western,3,weighted,0.6669242192714674,LIVE,OOF,1
TR-004743,TR-C00254,2024-11-05,0,other,3,weighted,0.13278727749714794,LIVE,OOF,0
TR-007179,TR-C02599,2024-11-05,0,other,3,weighted,0.11872537471581895,LIVE,OOF,0
TR-007446,TR-C00212,2024-11-05,0,central,3,weighted,0.5104652871945685,LIVE,OOF,0
TR-008713,TR-C03156,2024-11-05,0,other,3,weighted,0.14795237885947984,LIVE,OOF,0
TR-001900,TR-C01109,2024-11-06,0,central,3,weighted,0.6697161639096905,LIVE,OOF,1
TR-002107,TR-C02331,2024-11-06,0,western,3,weighted,0.867239955898772,LIVE,OOF,1
TR-002227,TR-C05324,2024-11-06,0,central,3,weighted,0.11055823759924316,LIVE,OOF,0
TR-002813,TR-C03880,2024-11-06,0,eastern,3,weighted,0.11574987462552647,LIVE,OOF,0
TR-003863,TR-C06119,2024-11-06,1,central,3,weighted,0.7055488592294149,LIVE,OOF,1
TR-006815,TR-C05055,2024-11-06,0,eastern,3,weighted,0.062015082960099846,LIVE,OOF,0
TR-007343,TR-C03526,2024-11-06,0,eastern,3,weighted,0.10392379632577578,LIVE,OOF,0
TR-009010,TR-C02016,2024-11-06,0,western,3,weighted,0.678836411978171,LIVE,OOF,1
TR-009314,TR-C00839,2024-11-06,0,western,3,weighted,0.2294664603406826,LIVE,OOF,0
TR-003048,TR-C02153,2024-11-07,0,other,3,weighted,0.23396339885313364,LIVE,OOF,0
TR-003582,TR-C02146,2024-11-07,0,western,3,weighted,0.019358347746036588,LIVE,OOF,0
TR-004103,TR-C03833,2024-11-07,0,other,3,weighted,0.12906174150833075,LIVE,OOF,0
TR-004670,TR-C02564,2024-11-07,0,central,3,weighted,0.07356236107768935,LIVE,OOF,0
TR-005393,TR-C01212,2024-11-07,0,central,3,weighted,0.17073652405351214,LIVE,OOF,0
TR-005464,TR-C00855,2024-11-07,0,other,3,weighted,0.8095819722494675,LIVE,OOF,1
TR-005643,TR-C05088,2024-11-07,0,western,3,weighted,0.7307720780008424,LIVE,OOF,1
TR-005790,TR-C00143,2024-11-07,0,other,3,weighted,0.267016564532119,LIVE,OOF,0
TR-008792,TR-C02035,2024-11-07,0,central,3,weighted,0.36180348440202786,LIVE,OOF,0
TR-000120,TR-C04580,2024-11-08,0,western,3,weighted,0.5803858092901151,LIVE,OOF,0
TR-001454,TR-C02261,2024-11-08,0,eastern,3,weighted,0.14197586150195232,LIVE,OOF,0
TR-002058,TR-C03621,2024-11-08,0,western,3,weighted,0.13671453225148728,LIVE,OOF,0
TR-003088,TR-C02713,2024-11-08,0,eastern,3,weighted,0.39927886095624204,LIVE,OOF,0
TR-006157,TR-C04374,2024-11-08,0,eastern,3,weighted,0.8182549567444264,LIVE,OOF,1
TR-008102,TR-C05065,2024-11-08,0,central,3,weighted,0.03248205397445136,LIVE,OOF,0
TR-008317,TR-C04279,2024-11-08,0,central,3,weighted,0.190313252658749,LIVE,OOF,0
TR-008828,TR-C03568,2024-11-08,0,eastern,3,weighted,0.7233124718681239,LIVE,OOF,1
TR-009066,TR-C03205,2024-11-08,0,other,3,weighted,0.1514012541509833,LIVE,OOF,0
TR-009086,TR-C01539,2024-11-08,0,eastern,3,weighted,0.057844509979505944,LIVE,OOF,0
TR-000733,TR-C05060,2024-11-09,0,western,3,weighted,0.3564640878862304,LIVE,OOF,0
TR-000911,TR-C04329,2024-11-09,1,other,3,weighted,0.10266516764221427,LIVE,OOF,0
TR-001279,TR-C06319,2024-11-09,0,western,3,weighted,0.13406982653459498,LIVE,OOF,0
TR-001473,TR-C01638,2024-11-09,1,eastern,3,weighted,0.37533673385137617,LIVE,OOF,0
TR-001561,TR-C05789,2024-11-09,0,eastern,3,weighted,0.06653099323122585,LIVE,OOF,0
TR-003299,TR-C01684,2024-11-09,0,western,3,weighted,0.23343419155714343,LIVE,OOF,0
TR-006168,TR-C00658,2024-11-09,0,other,3,weighted,0.07478942607725185,LIVE,OOF,0
TR-006252,TR-C01680,2024-11-09,0,western,3,weighted,0.2505675786295467,LIVE,OOF,0
TR-006345,TR-C02425,2024-11-09,0,central,3,weighted,0.8356303023464994,LIVE,OOF,1
TR-006625,TR-C00684,2024-11-09,1,central,3,weighted,0.834513642745719,LIVE,OOF,1
TR-006767,TR-C01986,2024-11-09,0,western,3,weighted,0.5090892984494393,LIVE,OOF,0
TR-007062,TR-C03577,2024-11-09,0,western,3,weighted,0.3771832223965327,LIVE,OOF,0
TR-007539,TR-C00616,2024-11-09,0,eastern,3,weighted,0.11910180895896515,LIVE,OOF,0
TR-007719,TR-C04425,2024-11-09,0,eastern,3,weighted,0.18791560563395604,LIVE,OOF,0
TR-008426,TR-C05033,2024-11-09,0,eastern,3,weighted,0.5581220506379151,LIVE,OOF,0
TR-008483,TR-C03669,2024-11-09,0,eastern,3,weighted,0.4997260461594162,LIVE,OOF,0
TR-009046,TR-C06116,2024-11-09,0,central,3,weighted,0.12156911007666359,LIVE,OOF,0
TR-009807,TR-C01164,2024-11-09,1,other,3,weighted,0.7695334591565229,LIVE,OOF,1
TR-001158,TR-C04099,2024-11-10,0,western,3,weighted,0.12491892803485023,LIVE,OOF,0
TR-002060,TR-C04377,2024-11-10,0,central,3,weighted,0.8093089614816992,LIVE,OOF,1
TR-002805,TR-C00996,2024-11-10,0,western,3,weighted,0.7435697885937554,LIVE,OOF,1
TR-004311,TR-C04937,2024-11-10,0,central,3,weighted,0.13066239606168262,LIVE,OOF,0
TR-004474,TR-C02364,2024-11-10,0,eastern,3,weighted,0.09685566618077775,LIVE,OOF,0
TR-006865,TR-C02180,2024-11-10,0,other,3,weighted,0.2885844729390934,LIVE,OOF,0
TR-007342,TR-C02915,2024-11-10,0,western,3,weighted,0.6489593641806787,LIVE,OOF,0
TR-009057,TR-C01031,2024-11-10,0,eastern,3,weighted,0.017809974523382142,LIVE,OOF,0
TR-001163,TR-C02493,2024-11-11,1,western,3,weighted,0.35523949737310484,LIVE,OOF,0
TR-001750,TR-C01222,2024-11-11,0,eastern,3,weighted,0.615752690720355,LIVE,OOF,0
TR-003435,TR-C01857,2024-11-11,1,other,3,weighted,0.8938931413798739,LIVE,OOF,1
TR-003511,TR-C02662,2024-11-11,0,other,3,weighted,0.06451981307000403,LIVE,OOF,0
TR-004443,TR-C06355,2024-11-11,0,central,3,weighted,0.08265869712130447,LIVE,OOF,0
TR-005619,TR-C05950,2024-11-11,1,other,3,weighted,0.05530676173204229,LIVE,OOF,0
TR-006464,TR-C01732,2024-11-11,0,central,3,weighted,0.03911750311330478,LIVE,OOF,0
TR-006695,TR-C05927,2024-11-11,0,western,3,weighted,0.711047013744034,LIVE,OOF,1
TR-007310,TR-C03174,2024-11-11,0,western,3,weighted,0.4366884974665114,LIVE,OOF,0
TR-009383,TR-C04536,2024-11-11,0,western,3,weighted,0.3226061162910221,LIVE,OOF,0
TR-000768,TR-C00553,2024-11-12,0,eastern,3,weighted,0.34030731957936305,LIVE,OOF,0
TR-001599,TR-C00482,2024-11-12,0,eastern,3,weighted,0.02564960894393569,LIVE,OOF,0
TR-002216,TR-C04971,2024-11-12,0,eastern,3,weighted,0.16925723752095945,LIVE,OOF,0
TR-002245,TR-C01446,2024-11-12,0,western,3,weighted,0.5365073964935292,LIVE,OOF,0
TR-002735,TR-C03261,2024-11-12,0,eastern,3,weighted,0.41477205019374364,LIVE,OOF,0
TR-004585,TR-C02432,2024-11-12,0,other,3,weighted,0.03522427854165955,LIVE,OOF,0
TR-004903,TR-C04532,2024-11-12,0,other,3,weighted,0.5462966081617361,LIVE,OOF,0
TR-005231,TR-C04202,2024-11-12,0,other,3,weighted,0.04148637781782335,LIVE,OOF,0
TR-006208,TR-C04288,2024-11-12,0,western,3,weighted,0.4209005079208353,LIVE,OOF,0
TR-006884,TR-C05982,2024-11-12,0,eastern,3,weighted,0.13773598349339686,LIVE,OOF,0
TR-006932,TR-C05623,2024-11-12,0,eastern,3,weighted,0.05947506950669458,LIVE,OOF,0
TR-007029,TR-C03147,2024-11-12,0,eastern,3,weighted,0.5486113635092743,LIVE,OOF,0
TR-007050,TR-C02001,2024-11-12,0,central,3,weighted,0.678986887730326,LIVE,OOF,1
TR-007153,TR-C03454,2024-11-12,0,central,3,weighted,0.03784715270406163,LIVE,OOF,0
TR-008033,TR-C01869,2024-11-12,0,western,3,weighted,0.4393000043955114,LIVE,OOF,0
TR-009557,TR-C00042,2024-11-12,0,eastern,3,weighted,0.23504153241250594,LIVE,OOF,0
TR-009754,TR-C06283,2024-11-12,0,western,3,weighted,0.034822064180487854,LIVE,OOF,0
TR-000175,TR-C01402,2024-11-13,0,eastern,3,weighted,0.6736949944428281,LIVE,OOF,1
TR-003029,TR-C00054,2024-11-13,0,other,3,weighted,0.23052203149560213,LIVE,OOF,0
TR-003338,TR-C04880,2024-11-13,0,western,3,weighted,0.01857102879587966,LIVE,OOF,0
TR-004919,TR-C05441,2024-11-13,1,western,3,weighted,0.8507884679014384,LIVE,OOF,1
TR-005890,TR-C03169,2024-11-13,0,western,3,weighted,0.299870460952921,LIVE,OOF,0
TR-007617,TR-C02061,2024-11-13,0,eastern,3,weighted,0.03913387128703754,LIVE,OOF,0
TR-008100,TR-C02281,2024-11-13,0,western,3,weighted,0.16762368616099382,LIVE,OOF,0
TR-009152,TR-C04278,2024-11-13,0,eastern,3,weighted,0.2517196862982678,LIVE,OOF,0
TR-009277,TR-C01734,2024-11-13,0,western,3,weighted,0.8941055264117369,LIVE,OOF,1
TR-009454,TR-C01900,2024-11-13,0,eastern,3,weighted,0.3767516223967267,LIVE,OOF,0
TR-001341,TR-C01260,2024-11-14,0,central,3,weighted,0.2232210627733806,LIVE,OOF,0
TR-001418,TR-C04365,2024-11-14,0,central,3,weighted,0.6419885827853826,LIVE,OOF,0
TR-001918,TR-C03026,2024-11-14,0,eastern,3,weighted,0.3335899468965217,LIVE,OOF,0
TR-002393,TR-C03530,2024-11-14,0,eastern,3,weighted,0.7121750432370164,LIVE,OOF,1
TR-002398,TR-C00720,2024-11-14,0,other,3,weighted,0.010291185427673929,LIVE,OOF,0
TR-003246,TR-C02371,2024-11-14,0,other,3,weighted,0.1519152736819315,LIVE,OOF,0
TR-004281,TR-C01697,2024-11-14,0,central,3,weighted,0.6620924063481465,LIVE,OOF,1
TR-005103,TR-C04238,2024-11-14,1,western,3,weighted,0.8157886673523853,LIVE,OOF,1
TR-006753,TR-C05578,2024-11-14,0,eastern,3,weighted,0.5159293622145708,LIVE,OOF,0
TR-007012,TR-C05951,2024-11-14,0,other,3,weighted,0.5589488495978909,LIVE,OOF,0
TR-007059,TR-C05485,2024-11-14,0,central,3,weighted,0.3489027430482486,LIVE,OOF,0
TR-007167,TR-C00032,2024-11-14,0,other,3,weighted,0.45049698962507795,LIVE,OOF,0
TR-007788,TR-C05192,2024-11-14,0,eastern,3,weighted,0.07278937949290015,LIVE,OOF,0
TR-007915,TR-C04214,2024-11-14,1,central,3,weighted,0.22103995967098114,LIVE,OOF,0
TR-008032,TR-C05028,2024-11-14,0,other,3,weighted,0.4162888683432528,LIVE,OOF,0
TR-000132,TR-C02336,2024-11-15,0,eastern,3,weighted,0.7349059176308866,LIVE,OOF,1
TR-000330,TR-C04365,2024-11-15,1,central,3,weighted,0.2894758729741252,LIVE,OOF,0
TR-001897,TR-C00976,2024-11-15,0,western,3,weighted,0.09446291386594918,LIVE,OOF,0
TR-002003,TR-C01370,2024-11-15,0,central,3,weighted,0.15527911715651962,LIVE,OOF,0
TR-002475,TR-C03867,2024-11-15,1,western,3,weighted,0.046835303184126945,LIVE,OOF,0
TR-002776,TR-C05776,2024-11-15,0,other,3,weighted,0.41211389616096655,LIVE,OOF,0
TR-002919,TR-C04489,2024-11-15,0,western,3,weighted,0.5106407687261423,LIVE,OOF,0
TR-003754,TR-C03031,2024-11-15,0,other,3,weighted,0.2085014816510318,LIVE,OOF,0
TR-005687,TR-C05007,2024-11-15,0,eastern,3,weighted,0.032207172547295174,LIVE,OOF,0
TR-005805,TR-C05939,2024-11-15,0,central,3,weighted,0.5680561004389688,LIVE,OOF,0
TR-007615,TR-C00112,2024-11-15,0,eastern,3,weighted,0.25249257905240935,LIVE,OOF,0
TR-008059,TR-C04538,2024-11-15,0,western,3,weighted,0.1817654162650178,LIVE,OOF,0
TR-008772,TR-C02570,2024-11-15,0,eastern,3,weighted,0.04516426426368989,LIVE,OOF,0
TR-009418,TR-C00400,2024-11-15,0,western,3,weighted,0.06346601111605996,LIVE,OOF,0
TR-000766,TR-C04665,2024-11-16,0,central,3,weighted,0.46642230963031883,LIVE,OOF,0
TR-003463,TR-C04065,2024-11-16,0,central,3,weighted,0.19243083520512091,LIVE,OOF,0
TR-004253,TR-C03280,2024-11-16,0,western,3,weighted,0.1892330171968923,LIVE,OOF,0
TR-005018,TR-C01821,2024-11-16,0,central,3,weighted,0.15540409922290863,LIVE,OOF,0
TR-005399,TR-C06433,2024-11-16,0,eastern,3,weighted,0.12262546544801343,LIVE,OOF,0
TR-005588,TR-C00207,2024-11-16,0,central,3,weighted,0.18693645016688698,LIVE,OOF,0
TR-006395,TR-C04870,2024-11-16,0,western,3,weighted,0.6473308241642369,LIVE,OOF,0
TR-007074,TR-C04783,2024-11-16,0,other,3,weighted,0.1698875004692948,LIVE,OOF,0
TR-007203,TR-C03935,2024-11-16,0,other,3,weighted,0.09894153293376683,LIVE,OOF,0
TR-007357,TR-C00878,2024-11-16,0,western,3,weighted,0.24981846524722506,LIVE,OOF,0
TR-007384,TR-C00328,2024-11-16,0,other,3,weighted,0.12648331705167107,LIVE,OOF,0
TR-008627,TR-C03812,2024-11-16,0,eastern,3,weighted,0.20102105196847864,LIVE,OOF,0
TR-009509,TR-C01398,2024-11-16,0,central,3,weighted,0.038385699295247225,LIVE,OOF,0
TR-000823,TR-C01856,2024-11-17,0,other,3,weighted,0.10379855400608579,LIVE,OOF,0
TR-001351,TR-C05044,2024-11-17,0,central,3,weighted,0.6370280727084014,LIVE,OOF,0
TR-002008,TR-C00278,2024-11-17,0,western,3,weighted,0.656586713567611,LIVE,OOF,0
TR-002014,TR-C02883,2024-11-17,0,other,3,weighted,0.3767851517283005,LIVE,OOF,0
TR-002219,TR-C00422,2024-11-17,0,other,3,weighted,0.03114153715823482,LIVE,OOF,0
TR-004095,TR-C00786,2024-11-17,0,eastern,3,weighted,0.053171906362915584,LIVE,OOF,0
TR-007004,TR-C05532,2024-11-17,0,eastern,3,weighted,0.4311841025121809,LIVE,OOF,0
TR-007733,TR-C02058,2024-11-17,0,eastern,3,weighted,0.25301882807704995,LIVE,OOF,0
TR-000532,TR-C06195,2024-11-18,0,other,3,weighted,0.2884755127905609,LIVE,OOF,0
TR-001240,TR-C05672,2024-11-18,0,eastern,3,weighted,0.37941213964853476,LIVE,OOF,0
TR-003278,TR-C04671,2024-11-18,0,other,3,weighted,0.08351175407928468,LIVE,OOF,0
TR-003523,TR-C02114,2024-11-18,0,western,3,weighted,0.1400003804591327,LIVE,OOF,0
TR-006622,TR-C01302,2024-11-18,0,eastern,3,weighted,0.2985122701065983,LIVE,OOF,0
TR-006788,TR-C00429,2024-11-18,0,central,3,weighted,0.5761064922413234,LIVE,OOF,0
TR-006888,TR-C00446,2024-11-18,0,western,3,weighted,0.026898200226661995,LIVE,OOF,0
TR-007545,TR-C00243,2024-11-18,0,western,3,weighted,0.6953348005496687,LIVE,OOF,1
TR-008462,TR-C05287,2024-11-18,0,western,3,weighted,0.5250348595716955,LIVE,OOF,0
TR-009775,TR-C03687,2024-11-18,1,eastern,3,weighted,0.8602892481690447,LIVE,OOF,1
TR-009933,TR-C04110,2024-11-18,0,western,3,weighted,0.09259822225500249,LIVE,OOF,0
TR-001007,TR-C04434,2024-11-19,0,central,3,weighted,0.16872429304331243,LIVE,OOF,0
TR-001067,TR-C04854,2024-11-19,0,other,3,weighted,0.11679821686509892,LIVE,OOF,0
TR-001568,TR-C01694,2024-11-19,0,other,3,weighted,0.3171342374058938,LIVE,OOF,0
TR-002631,TR-C03057,2024-11-19,0,central,3,weighted,0.46284762056201484,LIVE,OOF,0
TR-005460,TR-C00492,2024-11-19,0,eastern,3,weighted,0.6402064046369835,LIVE,OOF,0
TR-006036,TR-C06430,2024-11-19,0,other,3,weighted,0.08209729260951266,LIVE,OOF,0
TR-006838,TR-C04564,2024-11-19,0,eastern,3,weighted,0.1362496060091121,LIVE,OOF,0
TR-009722,TR-C00766,2024-11-19,0,central,3,weighted,0.08075659480384291,LIVE,OOF,0
TR-009748,TR-C01397,2024-11-19,0,other,3,weighted,0.6377982905845163,LIVE,OOF,0
TR-001811,TR-C01070,2024-11-20,0,eastern,3,weighted,0.6316983075949871,LIVE,OOF,0
TR-001875,TR-C03693,2024-11-20,0,other,3,weighted,0.0895424727030902,LIVE,OOF,0
TR-002076,TR-C00809,2024-11-20,0,eastern,3,weighted,0.7960899809287234,LIVE,OOF,1
TR-003181,TR-C05531,2024-11-20,0,central,3,weighted,0.16770714631714534,LIVE,OOF,0
TR-009047,TR-C05201,2024-11-20,1,eastern,3,weighted,0.14924096167905118,LIVE,OOF,0
TR-009254,TR-C05939,2024-11-20,0,central,3,weighted,0.22387001226281927,LIVE,OOF,0
TR-009580,TR-C02348,2024-11-20,0,central,3,weighted,0.1484620804034985,LIVE,OOF,0
TR-002792,TR-C02385,2024-11-21,0,other,3,weighted,0.13683190455920982,LIVE,OOF,0
TR-004999,TR-C00658,2024-11-21,0,other,3,weighted,0.08014368092771366,LIVE,OOF,0
TR-006171,TR-C04831,2024-11-21,0,eastern,3,weighted,0.1319026568139553,LIVE,OOF,0
TR-006816,TR-C02168,2024-11-21,0,other,3,weighted,0.4899160793896556,LIVE,OOF,0
TR-000199,TR-C04106,2024-11-22,0,other,3,weighted,0.21965107735854092,LIVE,OOF,0
TR-001036,TR-C03253,2024-11-22,0,other,3,weighted,0.34338538038016764,LIVE,OOF,0
TR-003018,TR-C00413,2024-11-22,0,other,3,weighted,0.6517621989078487,LIVE,OOF,0
TR-003283,TR-C05356,2024-11-22,0,eastern,3,weighted,0.49064623197963586,LIVE,OOF,0
TR-003304,TR-C02216,2024-11-22,0,western,3,weighted,0.26928713400446347,LIVE,OOF,0
TR-003449,TR-C05865,2024-11-22,0,other,3,weighted,0.020063145823414032,LIVE,OOF,0
TR-003547,TR-C02212,2024-11-22,0,other,3,weighted,0.1320635466533372,LIVE,OOF,0
TR-005057,TR-C01303,2024-11-22,0,other,3,weighted,0.1449813750607614,LIVE,OOF,0
TR-007210,TR-C02131,2024-11-22,0,other,3,weighted,0.02268361427442566,LIVE,OOF,0
TR-008121,TR-C03853,2024-11-22,0,other,3,weighted,0.06711372652923757,LIVE,OOF,0
TR-008779,TR-C00453,2024-11-22,0,eastern,3,weighted,0.23514948199425256,LIVE,OOF,0
TR-008802,TR-C05931,2024-11-22,0,other,3,weighted,0.05442893473326928,LIVE,OOF,0
TR-009444,TR-C04503,2024-11-22,0,other,3,weighted,0.2996857547043369,LIVE,OOF,0
TR-001211,TR-C05870,2024-11-23,0,other,3,weighted,0.3368611210302931,LIVE,OOF,0
TR-003696,TR-C00238,2024-11-23,0,central,3,weighted,0.049233353641424775,LIVE,OOF,0
TR-003746,TR-C03351,2024-11-23,0,other,3,weighted,0.12375957017142959,LIVE,OOF,0
TR-004890,TR-C00017,2024-11-23,0,other,3,weighted,0.7874650102936601,LIVE,OOF,1
TR-006538,TR-C04082,2024-11-23,0,other,3,weighted,0.06364954085537768,LIVE,OOF,0
TR-007668,TR-C00678,2024-11-23,1,western,3,weighted,0.1919105270090015,LIVE,OOF,0
TR-008141,TR-C06357,2024-11-23,0,other,3,weighted,0.024376224526237326,LIVE,OOF,0
TR-008211,TR-C00433,2024-11-23,0,central,3,weighted,0.04482429481681351,LIVE,OOF,0
TR-008606,TR-C01188,2024-11-23,0,eastern,3,weighted,0.23905889838441208,LIVE,OOF,0
TR-009427,TR-C06200,2024-11-23,0,other,3,weighted,0.07681953524073325,LIVE,OOF,0
TR-009579,TR-C05444,2024-11-23,0,western,3,weighted,0.2750475166096662,LIVE,OOF,0
TR-002375,TR-C02456,2024-11-24,0,other,3,weighted,0.08397963775872123,LIVE,OOF,0
TR-006152,TR-C05412,2024-11-24,0,central,3,weighted,0.0985046384441453,LIVE,OOF,0
TR-007023,TR-C03042,2024-11-24,0,western,3,weighted,0.04932339942588111,LIVE,OOF,0
TR-007725,TR-C00209,2024-11-24,0,other,3,weighted,0.34849942909542014,LIVE,OOF,0
TR-008631,TR-C03032,2024-11-24,0,central,3,weighted,0.5281272819217079,LIVE,OOF,0
TR-009243,TR-C04143,2024-11-24,0,western,3,weighted,0.147470374063596,LIVE,OOF,0
TR-009404,TR-C00945,2024-11-24,0,western,3,weighted,0.22213080885642264,LIVE,OOF,0
TR-000288,TR-C03140,2024-11-25,0,other,3,weighted,0.04460452451020699,LIVE,OOF,0
TR-002223,TR-C00386,2024-11-25,0,western,3,weighted,0.10178477693239474,LIVE,OOF,0
TR-004405,TR-C01983,2024-11-25,0,central,3,weighted,0.05552252738148878,LIVE,OOF,0
TR-005301,TR-C01537,2024-11-25,0,central,3,weighted,0.1729646264171547,LIVE,OOF,0
TR-005401,TR-C05553,2024-11-25,0,other,3,weighted,0.03419491677977315,LIVE,OOF,0
TR-005773,TR-C02403,2024-11-25,0,central,3,weighted,0.16466874402885665,LIVE,OOF,0
TR-006762,TR-C05504,2024-11-25,0,eastern,3,weighted,0.10667317353263793,LIVE,OOF,0
TR-006795,TR-C04650,2024-11-25,0,western,3,weighted,0.01694553478637289,LIVE,OOF,0
TR-006956,TR-C04648,2024-11-25,0,other,3,weighted,0.3239449303304158,LIVE,OOF,0
TR-008409,TR-C00486,2024-11-25,0,western,3,weighted,0.032978085663909945,LIVE,OOF,0
TR-009323,TR-C02326,2024-11-25,0,eastern,3,weighted,0.4401445838509812,LIVE,OOF,0
TR-009914,TR-C02415,2024-11-25,0,other,3,weighted,0.4939370127529252,LIVE,OOF,0
TR-000770,TR-C00856,2024-11-26,0,eastern,3,weighted,0.0834319953816229,LIVE,OOF,0
TR-001181,TR-C06250,2024-11-26,0,western,3,weighted,0.3356489598961556,LIVE,OOF,0
TR-005023,TR-C00790,2024-11-26,0,other,3,weighted,0.15377261332819184,LIVE,OOF,0
TR-005620,TR-C04494,2024-11-26,0,other,3,weighted,0.8085826152765629,LIVE,OOF,1
TR-005672,TR-C04539,2024-11-26,1,eastern,3,weighted,0.057607923350211976,LIVE,OOF,0
TR-005934,TR-C00673,2024-11-26,0,western,3,weighted,0.6055053698477505,LIVE,OOF,0
TR-008259,TR-C00298,2024-11-26,0,eastern,3,weighted,0.047876609946796655,LIVE,OOF,0
TR-009028,TR-C05252,2024-11-26,0,other,3,weighted,0.6518107152083109,LIVE,OOF,0
TR-000257,TR-C03879,2024-11-27,0,central,3,weighted,0.7017154065372951,LIVE,OOF,1
TR-001709,TR-C05287,2024-11-27,0,western,3,weighted,0.08711148596454202,LIVE,OOF,0
TR-002907,TR-C04218,2024-11-27,1,western,3,weighted,0.5031266738141489,LIVE,OOF,0
TR-002927,TR-C01875,2024-11-27,0,eastern,3,weighted,0.06540624470680095,LIVE,OOF,0
TR-003476,TR-C04696,2024-11-27,0,eastern,3,weighted,0.4650490003991911,LIVE,OOF,0
TR-003611,TR-C01833,2024-11-27,0,other,3,weighted,0.22228538136422485,LIVE,OOF,0
TR-004578,TR-C03713,2024-11-27,0,other,3,weighted,0.2287804539577139,LIVE,OOF,0
TR-004980,TR-C02160,2024-11-27,0,western,3,weighted,0.6370484739690191,LIVE,OOF,0
TR-007861,TR-C02722,2024-11-27,0,other,3,weighted,0.07246041552421606,LIVE,OOF,0
TR-009573,TR-C03094,2024-11-27,0,other,3,weighted,0.6503993772876621,LIVE,OOF,0
TR-000290,TR-C06186,2024-11-28,0,western,3,weighted,0.5573932249323763,LIVE,OOF,0
TR-000480,TR-C02193,2024-11-28,0,western,3,weighted,0.044225611478222286,LIVE,OOF,0
TR-001075,TR-C04967,2024-11-28,0,western,3,weighted,0.20785089750055616,LIVE,OOF,0
TR-001735,TR-C00891,2024-11-28,0,western,3,weighted,0.16062549363471118,LIVE,OOF,0
TR-006258,TR-C02674,2024-11-28,0,other,3,weighted,0.4887840896045242,LIVE,OOF,0
TR-007964,TR-C03824,2024-11-28,0,other,3,weighted,0.3958749290203359,LIVE,OOF,0
TR-008890,TR-C03233,2024-11-28,0,central,3,weighted,0.20478984659081115,LIVE,OOF,0
TR-009529,TR-C02111,2024-11-28,0,western,3,weighted,0.44878741316089643,LIVE,OOF,0
TR-001856,TR-C03399,2024-11-29,0,other,3,weighted,0.6500131119756738,LIVE,OOF,0
TR-002874,TR-C00098,2024-11-29,0,western,3,weighted,0.05148904780490666,LIVE,OOF,0
TR-005163,TR-C06279,2024-11-29,0,other,3,weighted,0.03486457830227873,LIVE,OOF,0
TR-005370,TR-C02391,2024-11-29,1,central,3,weighted,0.6006245243485623,LIVE,OOF,0
TR-005626,TR-C03966,2024-11-29,0,central,3,weighted,0.44657009889277016,LIVE,OOF,0
TR-005867,TR-C05301,2024-11-29,0,western,3,weighted,0.22541673674919202,LIVE,OOF,0
TR-006402,TR-C06359,2024-11-29,0,other,3,weighted,0.07033963412102431,LIVE,OOF,0
TR-007183,TR-C00693,2024-11-29,1,central,3,weighted,0.6974948574640728,LIVE,OOF,1
TR-008525,TR-C04887,2024-11-29,0,western,3,weighted,0.23537595246257004,LIVE,OOF,0
TR-009912,TR-C00903,2024-11-29,0,other,3,weighted,0.7443803355518898,LIVE,OOF,1
TR-000802,TR-C02516,2024-11-30,0,eastern,3,weighted,0.6307718794069271,LIVE,OOF,0
TR-002379,TR-C03174,2024-11-30,1,western,3,weighted,0.6266436797564122,LIVE,OOF,0
TR-004455,TR-C06003,2024-11-30,1,central,3,weighted,0.7905875071979491,LIVE,OOF,1
TR-005048,TR-C02438,2024-11-30,0,western,3,weighted,0.13507645729786918,LIVE,OOF,0
TR-009953,TR-C05514,2024-11-30,0,central,3,weighted,0.1750203546268132,LIVE,OOF,0
TR-000476,TR-C02454,2024-12-01,0,eastern,3,weighted,0.08949005077044585,LIVE,OOF,0
TR-003384,TR-C05417,2024-12-01,0,other,3,weighted,0.08242935647212372,LIVE,OOF,0
TR-004593,TR-C03068,2024-12-01,0,other,3,weighted,0.45487440368410353,LIVE,OOF,0
TR-004961,TR-C01675,2024-12-01,0,central,3,weighted,0.6647800464925745,LIVE,OOF,1
TR-005557,TR-C03431,2024-12-01,0,eastern,3,weighted,0.21844310579551088,LIVE,OOF,0
TR-006013,TR-C05397,2024-12-01,0,eastern,3,weighted,0.21667568412122762,LIVE,OOF,0
TR-006066,TR-C01541,2024-12-01,0,central,3,weighted,0.7843152735623795,LIVE,OOF,1
TR-000557,TR-C02175,2024-12-02,0,central,3,weighted,0.5817580692079342,LIVE,OOF,0
TR-001533,TR-C00059,2024-12-02,0,other,3,weighted,0.08724837213299004,LIVE,OOF,0
TR-001825,TR-C01038,2024-12-02,0,central,3,weighted,0.3627161183846104,LIVE,OOF,0
TR-002079,TR-C01597,2024-12-02,0,central,3,weighted,0.05421945467921236,LIVE,OOF,0
TR-003531,TR-C02994,2024-12-02,0,eastern,3,weighted,0.6320176415160209,LIVE,OOF,0
TR-003716,TR-C01936,2024-12-02,0,central,3,weighted,0.1142433900629744,LIVE,OOF,0
TR-004414,TR-C03269,2024-12-02,0,central,3,weighted,0.6071378626852537,LIVE,OOF,0
TR-004447,TR-C05466,2024-12-02,0,central,3,weighted,0.11630186039777617,LIVE,OOF,0
TR-004504,TR-C03604,2024-12-02,0,central,3,weighted,0.055213166644599604,LIVE,OOF,0
TR-004799,TR-C04118,2024-12-02,0,other,3,weighted,0.07598789162771166,LIVE,OOF,0
TR-004926,TR-C00808,2024-12-02,0,central,3,weighted,0.8033375922264778,LIVE,OOF,1
TR-005877,TR-C01808,2024-12-02,0,other,3,weighted,0.338484807840278,LIVE,OOF,0
TR-007223,TR-C05560,2024-12-02,0,eastern,3,weighted,0.19385364325800744,LIVE,OOF,0
TR-008047,TR-C04885,2024-12-02,0,western,3,weighted,0.24497365109235195,LIVE,OOF,0
TR-008844,TR-C02515,2024-12-02,1,other,3,weighted,0.5427215659049542,LIVE,OOF,0
TR-009402,TR-C01867,2024-12-02,0,other,3,weighted,0.402880484860483,LIVE,OOF,0
TR-009799,TR-C03426,2024-12-02,0,central,3,weighted,0.06849792524912188,LIVE,OOF,0
TR-000577,TR-C05340,2024-12-03,0,western,3,weighted,0.48543203755088626,LIVE,OOF,0
TR-000846,TR-C02751,2024-12-03,0,western,3,weighted,0.05964125818263952,LIVE,OOF,0
TR-003736,TR-C03846,2024-12-03,0,western,3,weighted,0.29878023172464946,LIVE,OOF,0
TR-004759,TR-C01189,2024-12-03,0,western,3,weighted,0.4681819786409896,LIVE,OOF,0
TR-006886,TR-C01393,2024-12-03,0,other,3,weighted,0.8303486168417515,LIVE,OOF,1
TR-007351,TR-C02937,2024-12-03,0,other,3,weighted,0.7222534674117869,LIVE,OOF,1
TR-008856,TR-C05440,2024-12-03,0,western,3,weighted,0.14837837763656403,LIVE,OOF,0
TR-009432,TR-C04419,2024-12-03,0,other,3,weighted,0.11007598909597581,LIVE,OOF,0
TR-000335,TR-C01786,2024-12-04,0,eastern,3,weighted,0.14015702467521707,LIVE,OOF,0
TR-001853,TR-C03092,2024-12-04,0,eastern,3,weighted,0.6550934279254413,LIVE,OOF,0
TR-002435,TR-C03754,2024-12-04,0,central,3,weighted,0.023948845422746667,LIVE,OOF,0
TR-004107,TR-C06499,2024-12-04,0,central,3,weighted,0.39404420748799385,LIVE,OOF,0
TR-004422,TR-C02950,2024-12-04,0,other,3,weighted,0.7931914281395068,LIVE,OOF,1
TR-004883,TR-C03308,2024-12-04,0,western,3,weighted,0.3277059840529507,LIVE,OOF,0
TR-005599,TR-C04720,2024-12-04,0,central,3,weighted,0.03157576674149316,LIVE,OOF,0
TR-005926,TR-C04618,2024-12-04,0,central,3,weighted,0.07250709384445671,LIVE,OOF,0
TR-006227,TR-C02794,2024-12-04,0,other,3,weighted,0.3689067976801118,LIVE,OOF,0
TR-006772,TR-C05788,2024-12-04,0,other,3,weighted,0.421215948469214,LIVE,OOF,0
TR-006781,TR-C04135,2024-12-04,0,western,3,weighted,0.1061349229481244,LIVE,OOF,0
TR-008026,TR-C04710,2024-12-04,0,central,3,weighted,0.2258458928024072,LIVE,OOF,0
TR-008874,TR-C04505,2024-12-04,0,other,3,weighted,0.1365653906580355,LIVE,OOF,0
TR-009160,TR-C06032,2024-12-04,0,other,3,weighted,0.619460142553029,LIVE,OOF,0
TR-009183,TR-C05635,2024-12-04,0,other,3,weighted,0.07723128504975485,LIVE,OOF,0
TR-000993,TR-C02980,2024-12-05,0,other,3,weighted,0.17196984114210853,LIVE,OOF,0
TR-001265,TR-C03068,2024-12-05,0,other,3,weighted,0.13813102044888018,LIVE,OOF,0
TR-001733,TR-C05750,2024-12-05,1,eastern,3,weighted,0.7353323601762907,LIVE,OOF,1
TR-001745,TR-C01789,2024-12-05,0,central,3,weighted,0.29841049925490215,LIVE,OOF,0
TR-002694,TR-C06417,2024-12-05,0,eastern,3,weighted,0.13109273684183753,LIVE,OOF,0
TR-002895,TR-C04378,2024-12-05,0,other,3,weighted,0.6626542482192856,LIVE,OOF,1
TR-004324,TR-C02855,2024-12-05,0,central,3,weighted,0.2493989835971271,LIVE,OOF,0
TR-005202,TR-C02576,2024-12-05,0,western,3,weighted,0.6667619463048753,LIVE,OOF,1
TR-000470,TR-C01297,2024-12-06,0,other,3,weighted,0.47977025880117596,LIVE,OOF,0
TR-000694,TR-C04969,2024-12-06,1,eastern,3,weighted,0.7639088763687244,LIVE,OOF,1
TR-001572,TR-C03064,2024-12-06,0,other,3,weighted,0.0798928023129177,LIVE,OOF,0
TR-001858,TR-C03794,2024-12-06,0,eastern,3,weighted,0.5485945031264279,LIVE,OOF,0
TR-001928,TR-C03302,2024-12-06,0,central,3,weighted,0.712324437238386,LIVE,OOF,1
TR-002029,TR-C04745,2024-12-06,0,western,3,weighted,0.6805228067710066,LIVE,OOF,1
TR-002428,TR-C05422,2024-12-06,0,eastern,3,weighted,0.4198934391315584,LIVE,OOF,0
TR-002796,TR-C01600,2024-12-06,0,other,3,weighted,0.10012053538640374,LIVE,OOF,0
TR-005052,TR-C00372,2024-12-06,0,central,3,weighted,0.060816718455832676,LIVE,OOF,0
TR-005860,TR-C01035,2024-12-06,0,western,3,weighted,0.5772707717980228,LIVE,OOF,0
TR-007129,TR-C00415,2024-12-06,0,western,3,weighted,0.03258958295634688,LIVE,OOF,0
TR-009051,TR-C00072,2024-12-06,0,central,3,weighted,0.027595295108456586,LIVE,OOF,0
TR-009741,TR-C04300,2024-12-06,0,other,3,weighted,0.1609905258570529,LIVE,OOF,0
TR-000221,TR-C03645,2024-12-07,0,eastern,3,weighted,0.09688713543602555,LIVE,OOF,0
TR-001809,TR-C02291,2024-12-07,0,central,3,weighted,0.08383347258091434,LIVE,OOF,0
TR-004571,TR-C06177,2024-12-07,0,other,3,weighted,0.16203410624014639,LIVE,OOF,0
TR-006250,TR-C03262,2024-12-07,0,western,3,weighted,0.19267266159809865,LIVE,OOF,0
TR-006460,TR-C05419,2024-12-07,0,eastern,3,weighted,0.5799589673371575,LIVE,OOF,0
TR-006604,TR-C03734,2024-12-07,0,other,3,weighted,0.7739831361322204,LIVE,OOF,1
TR-006751,TR-C03143,2024-12-07,0,eastern,3,weighted,0.12009961172091763,LIVE,OOF,0
TR-007103,TR-C02059,2024-12-07,0,other,3,weighted,0.06767416639627927,LIVE,OOF,0
TR-007235,TR-C06251,2024-12-07,0,eastern,3,weighted,0.25839288120646364,LIVE,OOF,0
TR-008846,TR-C05287,2024-12-07,0,western,3,weighted,0.4978101642101175,LIVE,OOF,0
TR-008996,TR-C06471,2024-12-07,0,other,3,weighted,0.613876413419161,LIVE,OOF,0
TR-009676,TR-C04792,2024-12-07,0,central,3,weighted,0.44187729674336,LIVE,OOF,0
TR-000176,TR-C02738,2024-12-08,0,central,3,weighted,0.1101649052540177,LIVE,OOF,0
TR-003061,TR-C04366,2024-12-08,0,eastern,3,weighted,0.027297405154817385,LIVE,OOF,0
TR-004150,TR-C06452,2024-12-08,1,eastern,3,weighted,0.6353095029568177,LIVE,OOF,0
TR-004178,TR-C02217,2024-12-08,0,central,3,weighted,0.014623246501064993,LIVE,OOF,0
TR-004523,TR-C01029,2024-12-08,0,central,3,weighted,0.06263914997104388,LIVE,OOF,0
TR-008152,TR-C06090,2024-12-08,0,other,3,weighted,0.1660119275373577,LIVE,OOF,0
TR-008550,TR-C01511,2024-12-08,0,eastern,3,weighted,0.453253724464681,LIVE,OOF,0
TR-009151,TR-C02098,2024-12-08,0,central,3,weighted,0.8004321294783057,LIVE,OOF,1
TR-002884,TR-C05206,2024-12-09,0,other,3,weighted,0.013145066695359179,LIVE,OOF,0
TR-003166,TR-C06434,2024-12-09,0,eastern,3,weighted,0.277251592179111,LIVE,OOF,0
TR-004051,TR-C00301,2024-12-09,0,western,3,weighted,0.010160042795790055,LIVE,OOF,0
TR-005157,TR-C05069,2024-12-09,1,central,3,weighted,0.32585419326978154,LIVE,OOF,0
TR-005550,TR-C01930,2024-12-09,0,western,3,weighted,0.1430228830109607,LIVE,OOF,0
TR-006849,TR-C05124,2024-12-09,0,eastern,3,weighted,0.08653953987469352,LIVE,OOF,0
TR-007322,TR-C01121,2024-12-09,0,other,3,weighted,0.5820924073133744,LIVE,OOF,0
TR-008724,TR-C00242,2024-12-09,0,central,3,weighted,0.09730962321134004,LIVE,OOF,0
TR-009118,TR-C05837,2024-12-09,0,other,3,weighted,0.09638926771946402,LIVE,OOF,0
TR-000523,TR-C06403,2024-12-10,0,western,3,weighted,0.710763434438789,LIVE,OOF,1
TR-002480,TR-C00147,2024-12-10,0,western,3,weighted,0.39206639408660804,LIVE,OOF,0
TR-002554,TR-C02657,2024-12-10,0,central,3,weighted,0.02776160562134275,LIVE,OOF,0
TR-002872,TR-C06244,2024-12-10,0,western,3,weighted,0.018754822858013394,LIVE,OOF,0
TR-004193,TR-C02262,2024-12-10,0,western,3,weighted,0.31490807047742553,LIVE,OOF,0
TR-004791,TR-C01876,2024-12-10,0,eastern,3,weighted,0.007589306855497566,LIVE,OOF,0
TR-006379,TR-C02542,2024-12-10,0,eastern,3,weighted,0.23333343284294103,LIVE,OOF,0
TR-007450,TR-C04630,2024-12-10,0,central,3,weighted,0.26569233533328973,LIVE,OOF,0
TR-009249,TR-C01867,2024-12-10,0,other,3,weighted,0.33863067895445054,LIVE,OOF,0
TR-000420,TR-C01212,2024-12-11,0,central,3,weighted,0.41984434007393456,LIVE,OOF,0
TR-000528,TR-C01485,2024-12-11,0,other,3,weighted,0.039736907348068055,LIVE,OOF,0
TR-002322,TR-C02927,2024-12-11,1,other,3,weighted,0.35204807572651164,LIVE,OOF,0
TR-003146,TR-C01196,2024-12-11,0,western,3,weighted,0.5960893739535076,LIVE,OOF,0
TR-004174,TR-C02740,2024-12-11,0,central,3,weighted,0.8017925560005963,LIVE,OOF,1
TR-004436,TR-C05864,2024-12-11,0,central,3,weighted,0.23768190140598194,LIVE,OOF,0
TR-004437,TR-C06354,2024-12-11,0,western,3,weighted,0.5590894700927059,LIVE,OOF,0
TR-005510,TR-C00148,2024-12-11,0,eastern,3,weighted,0.8584831796692739,LIVE,OOF,1
TR-006322,TR-C00493,2024-12-11,0,other,3,weighted,0.09899634684071848,LIVE,OOF,0
TR-007567,TR-C02845,2024-12-11,0,eastern,3,weighted,0.10024488470838433,LIVE,OOF,0
TR-008725,TR-C04417,2024-12-11,1,western,3,weighted,0.46634752746593316,LIVE,OOF,0
TR-008813,TR-C02957,2024-12-11,0,other,3,weighted,0.648132297001813,LIVE,OOF,0
TR-000337,TR-C01871,2024-12-12,0,other,3,weighted,0.6548586878097422,LIVE,OOF,0
TR-002852,TR-C04153,2024-12-12,0,eastern,3,weighted,0.2535188439373187,LIVE,OOF,0
TR-003269,TR-C03907,2024-12-12,0,other,3,weighted,0.5863229174550012,LIVE,OOF,0
TR-003892,TR-C03162,2024-12-12,0,eastern,3,weighted,0.047148389459214575,LIVE,OOF,0
TR-003941,TR-C03079,2024-12-12,0,central,3,weighted,0.32758070988050714,LIVE,OOF,0
TR-004023,TR-C00760,2024-12-12,0,other,3,weighted,0.07578389295302819,LIVE,OOF,0
TR-005774,TR-C00294,2024-12-12,0,eastern,3,weighted,0.10510942730630847,LIVE,OOF,0
TR-007075,TR-C02041,2024-12-12,0,central,3,weighted,0.12409765040723036,LIVE,OOF,0
TR-009147,TR-C01276,2024-12-12,0,western,3,weighted,0.01585000445608683,LIVE,OOF,0
TR-000249,TR-C05030,2024-12-13,0,central,3,weighted,0.33075447192086077,LIVE,OOF,0
TR-004246,TR-C03005,2024-12-13,0,western,3,weighted,0.29537039421353495,LIVE,OOF,0
TR-004968,TR-C06266,2024-12-13,0,eastern,3,weighted,0.028643711237406694,LIVE,OOF,0
TR-005354,TR-C01349,2024-12-13,0,eastern,3,weighted,0.09983255633968609,LIVE,OOF,0
TR-006746,TR-C02358,2024-12-13,0,eastern,3,weighted,0.10451093036084237,LIVE,OOF,0
TR-009687,TR-C01110,2024-12-13,0,eastern,3,weighted,0.6334982856835896,LIVE,OOF,0
TR-009819,TR-C03047,2024-12-13,0,western,3,weighted,0.3639316618514314,LIVE,OOF,0
TR-009925,TR-C01293,2024-12-13,0,eastern,3,weighted,0.06333725401126668,LIVE,OOF,0
TR-000794,TR-C03115,2024-12-14,0,western,3,weighted,0.5458419237719909,LIVE,OOF,0
TR-001333,TR-C01847,2024-12-14,0,other,3,weighted,0.08232888308916296,LIVE,OOF,0
TR-005641,TR-C04649,2024-12-14,1,central,3,weighted,0.887325440419955,LIVE,OOF,1
TR-006052,TR-C06320,2024-12-14,0,western,3,weighted,0.5267899243624306,LIVE,OOF,0
TR-009655,TR-C02730,2024-12-14,0,central,3,weighted,0.022794264247578605,LIVE,OOF,0
TR-001429,TR-C00627,2024-12-15,0,central,3,weighted,0.032332360628428175,LIVE,OOF,0
TR-001940,TR-C02920,2024-12-15,0,eastern,3,weighted,0.44625826333909585,LIVE,OOF,0
TR-002404,TR-C03657,2024-12-15,0,other,3,weighted,0.07374630911630149,LIVE,OOF,0
TR-002595,TR-C02228,2024-12-15,1,other,3,weighted,0.8092795120573537,LIVE,OOF,1
TR-002636,TR-C06261,2024-12-15,0,eastern,3,weighted,0.7332834805477265,LIVE,OOF,1
TR-005864,TR-C01886,2024-12-15,0,other,3,weighted,0.1356392995684161,LIVE,OOF,0
TR-006654,TR-C02729,2024-12-15,0,eastern,3,weighted,0.3514657263277573,LIVE,OOF,0
TR-007182,TR-C00943,2024-12-15,0,western,3,weighted,0.12301926201993574,LIVE,OOF,0
TR-007251,TR-C04588,2024-12-15,0,other,3,weighted,0.3748880119058798,LIVE,OOF,0
TR-007845,TR-C00155,2024-12-15,0,western,3,weighted,0.7206515415052608,LIVE,OOF,1
TR-008310,TR-C05453,2024-12-15,0,western,3,weighted,0.6814465290061316,LIVE,OOF,1
TR-008355,TR-C01566,2024-12-15,0,eastern,3,weighted,0.2963187709400786,LIVE,OOF,0
TR-000902,TR-C01829,2024-12-16,0,eastern,3,weighted,0.5030750439308175,LIVE,OOF,0
TR-000921,TR-C04663,2024-12-16,0,other,3,weighted,0.8092234984273345,LIVE,OOF,1
TR-001274,TR-C02051,2024-12-16,0,central,3,weighted,0.09331440302189979,LIVE,OOF,0
TR-001280,TR-C01726,2024-12-16,0,eastern,3,weighted,0.36803827216449037,LIVE,OOF,0
TR-002211,TR-C04293,2024-12-16,0,western,3,weighted,0.14166969931141216,LIVE,OOF,0
TR-003777,TR-C00427,2024-12-16,0,other,3,weighted,0.37790899034544373,LIVE,OOF,0
TR-008486,TR-C03542,2024-12-16,0,central,3,weighted,0.21086954741236638,LIVE,OOF,0
TR-001146,TR-C03043,2024-12-17,0,eastern,3,weighted,0.36353679720565574,LIVE,OOF,0
TR-001289,TR-C02755,2024-12-17,0,central,3,weighted,0.11571402314901087,LIVE,OOF,0
TR-002289,TR-C05422,2024-12-17,0,eastern,3,weighted,0.205134667260214,LIVE,OOF,0
TR-002605,TR-C03927,2024-12-17,0,eastern,3,weighted,0.8852044556252959,LIVE,OOF,1
TR-005044,TR-C02919,2024-12-17,0,central,3,weighted,0.1397991053523002,LIVE,OOF,0
TR-006194,TR-C01700,2024-12-17,0,eastern,3,weighted,0.3419273916792964,LIVE,OOF,0
TR-007109,TR-C05345,2024-12-17,0,other,3,weighted,0.13684427267721697,LIVE,OOF,0
TR-007383,TR-C05885,2024-12-17,0,other,3,weighted,0.5049405865872774,LIVE,OOF,0
TR-007409,TR-C02693,2024-12-17,0,western,3,weighted,0.6059725299991039,LIVE,OOF,0
TR-007696,TR-C05946,2024-12-17,0,western,3,weighted,0.13578501268330426,LIVE,OOF,0
TR-009500,TR-C03189,2024-12-17,0,eastern,3,weighted,0.2004256474945487,LIVE,OOF,0
TR-000157,TR-C04256,2024-12-18,0,other,3,weighted,0.04472580661440938,LIVE,OOF,0
TR-000632,TR-C02034,2024-12-18,0,central,3,weighted,0.06570079543442989,LIVE,OOF,0
TR-000982,TR-C05301,2024-12-18,0,western,3,weighted,0.7334224240567786,LIVE,OOF,1
TR-001539,TR-C06308,2024-12-18,0,other,3,weighted,0.1931225526152585,LIVE,OOF,0
TR-002570,TR-C02602,2024-12-18,0,eastern,3,weighted,0.15590212600234699,LIVE,OOF,0
TR-003124,TR-C03160,2024-12-18,0,other,3,weighted,0.2959932745148039,LIVE,OOF,0
TR-003508,TR-C00704,2024-12-18,0,other,3,weighted,0.5333723178317586,LIVE,OOF,0
TR-006588,TR-C01442,2024-12-18,0,other,3,weighted,0.08243936873663413,LIVE,OOF,0
TR-006960,TR-C05358,2024-12-18,0,western,3,weighted,0.37961461315463396,LIVE,OOF,0
TR-007786,TR-C02040,2024-12-18,0,western,3,weighted,0.12757946196222486,LIVE,OOF,0
TR-008513,TR-C01647,2024-12-18,0,other,3,weighted,0.13213478204687662,LIVE,OOF,0
TR-000379,TR-C06132,2024-12-19,0,central,3,weighted,0.791941668043434,LIVE,OOF,1
TR-000397,TR-C01134,2024-12-19,0,western,3,weighted,0.2546098726227278,LIVE,OOF,0
TR-001395,TR-C04263,2024-12-19,0,other,3,weighted,0.06987086899603995,LIVE,OOF,0
TR-001608,TR-C05859,2024-12-19,0,eastern,3,weighted,0.8384769301451047,LIVE,OOF,1
TR-002296,TR-C01889,2024-12-19,0,western,3,weighted,0.7338460359564539,LIVE,OOF,1
TR-003366,TR-C03397,2024-12-19,0,central,3,weighted,0.3112458698066407,LIVE,OOF,0
TR-003919,TR-C04048,2024-12-19,0,other,3,weighted,0.5321128770708201,LIVE,OOF,0
TR-005870,TR-C06238,2024-12-19,0,eastern,3,weighted,0.8496218742048365,LIVE,OOF,1
TR-007288,TR-C04772,2024-12-19,1,western,3,weighted,0.4919810514966975,LIVE,OOF,0
TR-009355,TR-C03409,2024-12-19,0,western,3,weighted,0.36853653777089873,LIVE,OOF,0
TR-009860,TR-C01004,2024-12-19,0,eastern,3,weighted,0.1656969411066033,LIVE,OOF,0
TR-001796,TR-C01723,2024-12-20,0,other,3,weighted,0.4132267274961707,LIVE,OOF,0
TR-001813,TR-C00324,2024-12-20,0,central,3,weighted,0.10425979858966106,LIVE,OOF,0
TR-004031,TR-C00390,2024-12-20,0,other,3,weighted,0.8651858017686548,LIVE,OOF,1
TR-005129,TR-C02689,2024-12-20,0,eastern,3,weighted,0.02068975435626038,LIVE,OOF,0
TR-005561,TR-C06299,2024-12-20,0,other,3,weighted,0.058885035255548675,LIVE,OOF,0
TR-005990,TR-C02519,2024-12-20,0,eastern,3,weighted,0.4175458963069171,LIVE,OOF,0
TR-006584,TR-C04436,2024-12-20,0,central,3,weighted,0.07973514941716855,LIVE,OOF,0
TR-006680,TR-C01463,2024-12-20,0,other,3,weighted,0.5338401758361632,LIVE,OOF,0
TR-008669,TR-C03909,2024-12-20,0,eastern,3,weighted,0.6202027967382742,LIVE,OOF,0
TR-000069,TR-C00591,2024-12-21,1,other,3,weighted,0.29125845966751474,LIVE,OOF,0
TR-001263,TR-C06444,2024-12-21,0,eastern,3,weighted,0.16836896906631882,LIVE,OOF,0
TR-003898,TR-C00354,2024-12-21,0,western,3,weighted,0.14313249125014857,LIVE,OOF,0
TR-003966,TR-C00057,2024-12-21,0,other,3,weighted,0.7333283236031707,LIVE,OOF,1
TR-004316,TR-C03163,2024-12-21,1,eastern,3,weighted,0.20878076423958308,LIVE,OOF,0
TR-005331,TR-C03439,2024-12-21,0,eastern,3,weighted,0.5101299841420849,LIVE,OOF,0
TR-005596,TR-C03165,2024-12-21,1,other,3,weighted,0.7941828103745708,LIVE,OOF,1
TR-005850,TR-C06492,2024-12-21,1,other,3,weighted,0.8885358683445803,LIVE,OOF,1
TR-007741,TR-C03824,2024-12-21,0,other,3,weighted,0.6011857033130373,LIVE,OOF,0
TR-007799,TR-C00778,2024-12-21,0,central,3,weighted,0.04579446415262633,LIVE,OOF,0
TR-008257,TR-C03486,2024-12-21,0,eastern,3,weighted,0.19922799411708414,LIVE,OOF,0
TR-009266,TR-C01337,2024-12-21,0,other,3,weighted,0.6606886865489482,LIVE,OOF,1
TR-009416,TR-C00937,2024-12-21,0,eastern,3,weighted,0.14856136352221427,LIVE,OOF,0
TR-000932,TR-C03158,2024-12-22,0,central,3,weighted,0.4067628497683968,LIVE,OOF,0
TR-002742,TR-C03223,2024-12-22,0,western,3,weighted,0.09743386189186236,LIVE,OOF,0
TR-004940,TR-C01693,2024-12-22,0,other,3,weighted,0.09434986612763484,LIVE,OOF,0
TR-005427,TR-C06378,2024-12-22,0,eastern,3,weighted,0.6277381752776221,LIVE,OOF,0
TR-005905,TR-C02021,2024-12-22,0,central,3,weighted,0.1893760581104059,LIVE,OOF,0
TR-006941,TR-C04278,2024-12-22,0,eastern,3,weighted,0.20295750643476404,LIVE,OOF,0
TR-007592,TR-C03323,2024-12-22,0,eastern,3,weighted,0.2376749243732916,LIVE,OOF,0
TR-009372,TR-C06200,2024-12-22,0,other,3,weighted,0.015067184453443558,LIVE,OOF,0
TR-000986,TR-C04281,2024-12-23,0,western,3,weighted,0.5691713669743153,LIVE,OOF,0
TR-001468,TR-C05779,2024-12-23,0,eastern,3,weighted,0.0715897616479812,LIVE,OOF,0
TR-002422,TR-C01944,2024-12-23,0,central,3,weighted,0.03560447440914986,LIVE,OOF,0
TR-002979,TR-C05288,2024-12-23,0,eastern,3,weighted,0.28779394441655365,LIVE,OOF,0
TR-005622,TR-C03581,2024-12-23,0,central,3,weighted,0.0791207961180732,LIVE,OOF,0
TR-005703,TR-C03365,2024-12-23,0,western,3,weighted,0.49056943621703547,LIVE,OOF,0
TR-007300,TR-C01240,2024-12-23,0,other,3,weighted,0.2717053791120179,LIVE,OOF,0
TR-009140,TR-C01266,2024-12-23,0,eastern,3,weighted,0.05283302892303552,LIVE,OOF,0
TR-000098,TR-C06121,2024-12-24,0,central,3,weighted,0.3165668276975138,LIVE,OOF,0
TR-000196,TR-C01424,2024-12-24,1,other,3,weighted,0.8361646492696173,LIVE,OOF,1
TR-000318,TR-C01009,2024-12-24,0,western,3,weighted,0.45462396930327376,LIVE,OOF,0
TR-000651,TR-C01533,2024-12-24,0,other,3,weighted,0.21776599850252357,LIVE,OOF,0
TR-002685,TR-C02277,2024-12-24,0,western,3,weighted,0.33444221376562494,LIVE,OOF,0
TR-003335,TR-C03992,2024-12-24,0,central,3,weighted,0.604538124297475,LIVE,OOF,0
TR-008353,TR-C04479,2024-12-24,0,other,3,weighted,0.7181346757249037,LIVE,OOF,1
TR-008815,TR-C01216,2024-12-24,0,other,3,weighted,0.09019251228409232,LIVE,OOF,0
TR-009381,TR-C05458,2024-12-24,0,central,3,weighted,0.17211354647074956,LIVE,OOF,0
TR-009895,TR-C04151,2024-12-24,0,other,3,weighted,0.2534343794637337,LIVE,OOF,0
TR-000920,TR-C03151,2024-12-25,0,central,3,weighted,0.11369208786503575,LIVE,OOF,0
TR-002286,TR-C05910,2024-12-25,0,central,3,weighted,0.28558051339907725,LIVE,OOF,0
TR-003203,TR-C06436,2024-12-25,0,central,3,weighted,0.0886267021520823,LIVE,OOF,0
TR-003629,TR-C06301,2024-12-25,0,central,3,weighted,0.08908622831824975,LIVE,OOF,0
TR-004154,TR-C00229,2024-12-25,0,eastern,3,weighted,0.25171872481939894,LIVE,OOF,0
TR-005097,TR-C04700,2024-12-25,0,other,3,weighted,0.2509488125656922,LIVE,OOF,0
TR-005171,TR-C04123,2024-12-25,0,other,3,weighted,0.12384716306183435,LIVE,OOF,0
TR-006697,TR-C01756,2024-12-25,0,western,3,weighted,0.14149709608126387,LIVE,OOF,0
TR-008577,TR-C01882,2024-12-25,0,other,3,weighted,0.18142681010463912,LIVE,OOF,0
TR-000050,TR-C04766,2024-12-26,0,other,3,weighted,0.33832497837653785,LIVE,OOF,0
TR-000904,TR-C00188,2024-12-26,0,western,3,weighted,0.17546526848003083,LIVE,OOF,0
TR-001225,TR-C00763,2024-12-26,1,other,3,weighted,0.8426513574986183,LIVE,OOF,1
TR-001517,TR-C01911,2024-12-26,0,western,3,weighted,0.1637730603009088,LIVE,OOF,0
TR-007722,TR-C03231,2024-12-26,0,other,3,weighted,0.05710845944054222,LIVE,OOF,0
TR-008028,TR-C05647,2024-12-26,0,western,3,weighted,0.22747023032324715,LIVE,OOF,0
TR-008361,TR-C03486,2024-12-26,0,eastern,3,weighted,0.04732640706539609,LIVE,OOF,0
TR-008919,TR-C04915,2024-12-26,0,other,3,weighted,0.07311220367709376,LIVE,OOF,0
TR-009644,TR-C00323,2024-12-26,0,other,3,weighted,0.21363369962022996,LIVE,OOF,0
TR-009667,TR-C00280,2024-12-26,0,western,3,weighted,0.08025259813756717,LIVE,OOF,0
TR-009957,TR-C00800,2024-12-26,0,other,3,weighted,0.09108246889127847,LIVE,OOF,0
TR-000910,TR-C05319,2024-12-27,0,eastern,3,weighted,0.14890141648721192,LIVE,OOF,0
TR-001183,TR-C04298,2024-12-27,0,central,3,weighted,0.5590205121207897,LIVE,OOF,0
TR-002383,TR-C05207,2024-12-27,0,eastern,3,weighted,0.07649248653127223,LIVE,OOF,0
TR-002571,TR-C06187,2024-12-27,0,central,3,weighted,0.12051029390551769,LIVE,OOF,0
TR-002602,TR-C01725,2024-12-27,0,other,3,weighted,0.0844283287443318,LIVE,OOF,0
TR-002630,TR-C04170,2024-12-27,0,central,3,weighted,0.6381111044400375,LIVE,OOF,0
TR-003529,TR-C04155,2024-12-27,0,central,3,weighted,0.24547503000186724,LIVE,OOF,0
TR-005303,TR-C04426,2024-12-27,0,eastern,3,weighted,0.5734668982980274,LIVE,OOF,0
TR-006525,TR-C05707,2024-12-27,0,central,3,weighted,0.3822670615183887,LIVE,OOF,0
TR-008716,TR-C04903,2024-12-27,0,central,3,weighted,0.076078961325854,LIVE,OOF,0
TR-008804,TR-C02820,2024-12-27,0,other,3,weighted,0.7079737988272672,LIVE,OOF,1
TR-000445,TR-C01272,2024-12-28,0,other,3,weighted,0.12190512473612264,LIVE,OOF,0
TR-000657,TR-C04864,2024-12-28,0,eastern,3,weighted,0.023868254309313146,LIVE,OOF,0
TR-001247,TR-C03430,2024-12-28,0,central,3,weighted,0.10248915305574703,LIVE,OOF,0
TR-004016,TR-C05685,2024-12-28,0,central,3,weighted,0.11717164589708053,LIVE,OOF,0
TR-005265,TR-C04527,2024-12-28,0,other,3,weighted,0.21565184101906457,LIVE,OOF,0
TR-005322,TR-C02608,2024-12-28,0,other,3,weighted,0.15780000403296432,LIVE,OOF,0
TR-005567,TR-C00546,2024-12-28,0,central,3,weighted,0.3151155180014409,LIVE,OOF,0
TR-006906,TR-C04401,2024-12-28,0,other,3,weighted,0.08397723203030032,LIVE,OOF,0
TR-007626,TR-C06199,2024-12-28,0,western,3,weighted,0.13055874060490072,LIVE,OOF,0
TR-008675,TR-C02453,2024-12-28,0,western,3,weighted,0.2485709082412876,LIVE,OOF,0
TR-009027,TR-C05613,2024-12-28,0,western,3,weighted,0.3916243728900758,LIVE,OOF,0
TR-009258,TR-C05371,2024-12-28,0,eastern,3,weighted,0.24343724981743609,LIVE,OOF,0
TR-009649,TR-C02967,2024-12-28,1,eastern,3,weighted,0.5658058061178685,LIVE,OOF,0
TR-000578,TR-C00368,2024-12-29,0,central,3,weighted,0.38843333169419664,LIVE,OOF,0
TR-002309,TR-C02776,2024-12-29,0,eastern,3,weighted,0.27437487196206795,LIVE,OOF,0
TR-003212,TR-C03529,2024-12-29,0,eastern,3,weighted,0.23228236746090475,LIVE,OOF,0
TR-003616,TR-C01705,2024-12-29,0,western,3,weighted,0.07308679893240529,LIVE,OOF,0
TR-005670,TR-C00572,2024-12-29,0,other,3,weighted,0.26637769995193195,LIVE,OOF,0
TR-005692,TR-C04136,2024-12-29,0,western,3,weighted,0.35865006572981334,LIVE,OOF,0
TR-006007,TR-C05690,2024-12-29,0,central,3,weighted,0.1547831511381085,LIVE,OOF,0
TR-007686,TR-C00514,2024-12-29,0,other,3,weighted,0.28466298548997854,LIVE,OOF,0
TR-009179,TR-C03390,2024-12-29,0,other,3,weighted,0.2073268857972017,LIVE,OOF,0
TR-009501,TR-C01395,2024-12-29,0,eastern,3,weighted,0.030962700144524485,LIVE,OOF,0
TR-001438,TR-C00983,2024-12-30,0,central,3,weighted,0.10804323462278789,LIVE,OOF,0
TR-002073,TR-C05159,2024-12-30,1,other,3,weighted,0.8705647299198552,LIVE,OOF,1
TR-005021,TR-C04599,2024-12-30,0,western,3,weighted,0.05957989710724816,LIVE,OOF,0
TR-005791,TR-C00251,2024-12-30,0,central,3,weighted,0.14240681862565122,LIVE,OOF,0
TR-006916,TR-C03618,2024-12-30,0,western,3,weighted,0.048672696260907505,LIVE,OOF,0
TR-000251,TR-C01382,2024-12-31,0,eastern,3,weighted,0.07585126643130999,LIVE,OOF,0
TR-002906,TR-C01347,2024-12-31,0,western,3,weighted,0.4682345792758996,LIVE,OOF,0
TR-003861,TR-C05398,2024-12-31,0,central,3,weighted,0.058859871772021344,LIVE,OOF,0
TR-004412,TR-C03084,2024-12-31,0,western,3,weighted,0.38613677486555,LIVE,OOF,0
TR-004453,TR-C01245,2024-12-31,0,eastern,3,weighted,0.02846893013036581,LIVE,OOF,0
TR-007585,TR-C03378,2024-12-31,0,other,3,weighted,0.15351756985927556,LIVE,OOF,0
TR-008027,TR-C05584,2024-12-31,0,eastern,3,weighted,0.21523627753676794,LIVE,OOF,0
