application_id,customer_id,application_date,default_within_90d,role,raw_probability,calibrated_probability,source,risk_flag,near_threshold,candidate_review,period
TR-000342,TR-C04277,2024-07-01,0,evaluation,0.043241382177883834,0.015916403119990867,LIVE,False,False,False,2024Q3
TR-001448,TR-C06100,2024-07-01,0,evaluation,0.02191929803584163,0.014420158946549803,LIVE,False,False,False,2024Q3
TR-002468,TR-C04031,2024-07-01,0,evaluation,0.05556889410622003,0.01685010328148117,LIVE,False,False,False,2024Q3
TR-002800,TR-C01796,2024-07-01,0,evaluation,0.03506539697740408,0.015325414147384581,LIVE,False,False,False,2024Q3
TR-004910,TR-C00767,2024-07-01,0,evaluation,0.005329952346125473,0.013352685357544495,LIVE,False,False,False,2024Q3
TR-005140,TR-C02444,2024-07-01,0,evaluation,0.31035499957607604,0.05372936916474716,LIVE,False,False,False,2024Q3
TR-007077,TR-C04843,2024-07-01,0,evaluation,0.009681656031021118,0.01362491899528895,LIVE,False,False,False,2024Q3
TR-007470,TR-C06033,2024-07-01,0,evaluation,0.43150789440716136,0.09120681242280265,LIVE,False,False,False,2024Q3
TR-008464,TR-C03929,2024-07-01,0,evaluation,0.7363655489013811,0.29613969020209596,LIVE,True,False,True,2024Q3
TR-000676,TR-C00176,2024-07-02,0,evaluation,0.36648332600328126,0.0688371553158582,LIVE,False,False,False,2024Q3
TR-000957,TR-C04379,2024-07-02,0,evaluation,0.5015930940829892,0.12244328461153181,LIVE,False,False,False,2024Q3
TR-001212,TR-C01704,2024-07-02,1,evaluation,0.11465723241003285,0.022126367046001977,LIVE,False,False,False,2024Q3
TR-001644,TR-C03392,2024-07-02,0,evaluation,0.03962855418480869,0.01565253969464083,LIVE,False,False,False,2024Q3
TR-002247,TR-C01781,2024-07-02,0,evaluation,0.017789046042576577,0.014146776398965492,LIVE,False,False,False,2024Q3
TR-002278,TR-C03930,2024-07-02,0,evaluation,0.042912501074847016,0.015892203283787952,LIVE,False,False,False,2024Q3
TR-004309,TR-C05868,2024-07-02,0,evaluation,0.024325031207295875,0.014581787462172733,LIVE,False,False,False,2024Q3
TR-005951,TR-C05950,2024-07-02,0,evaluation,0.09356577962543007,0.02007956881233146,LIVE,False,False,False,2024Q3
TR-006549,TR-C01803,2024-07-02,0,evaluation,0.10010455259402966,0.02069344859690115,LIVE,False,False,False,2024Q3
TR-009433,TR-C00036,2024-07-02,0,evaluation,0.21662922335802026,0.03525673201475336,LIVE,False,False,False,2024Q3
TR-009810,TR-C01779,2024-07-02,0,evaluation,0.03848647672341383,0.015570026879093958,LIVE,False,False,False,2024Q3
TR-000968,TR-C01465,2024-07-03,0,evaluation,0.12422397221808922,0.023120718032093982,LIVE,False,False,False,2024Q3
TR-001017,TR-C02363,2024-07-03,0,evaluation,0.009172860022972178,0.0135928093028809,LIVE,False,False,False,2024Q3
TR-001823,TR-C06242,2024-07-03,0,evaluation,0.3140213568985181,0.05461250252817906,LIVE,False,False,False,2024Q3
TR-002424,TR-C04218,2024-07-03,0,evaluation,0.2131155394289018,0.03469915235602073,LIVE,False,False,False,2024Q3
TR-003080,TR-C01895,2024-07-03,0,evaluation,0.09784682443710728,0.020479437224923052,LIVE,False,False,False,2024Q3
TR-003083,TR-C01658,2024-07-03,0,evaluation,0.2327948188141818,0.037935082718331646,LIVE,False,False,False,2024Q3
TR-003273,TR-C02475,2024-07-03,0,evaluation,0.016786786222923872,0.014081210537212051,LIVE,False,False,False,2024Q3
TR-005107,TR-C02425,2024-07-03,0,evaluation,0.32254770620428264,0.05671943770136968,LIVE,False,False,False,2024Q3
TR-005956,TR-C02248,2024-07-03,0,evaluation,0.047885735657357015,0.01626204089708606,LIVE,False,False,False,2024Q3
TR-007708,TR-C00711,2024-07-03,0,evaluation,0.03218860191253337,0.015122649917383026,LIVE,False,False,False,2024Q3
TR-008447,TR-C01396,2024-07-03,0,evaluation,0.14610109796163476,0.025561298350456677,LIVE,False,False,False,2024Q3
TR-008542,TR-C01602,2024-07-03,0,evaluation,0.009742927271097305,0.013628790815191206,LIVE,False,False,False,2024Q3
TR-009539,TR-C05532,2024-07-03,0,evaluation,0.23902778218245238,0.039019135985560775,LIVE,False,False,False,2024Q3
TR-009668,TR-C04017,2024-07-03,0,evaluation,0.07574289117992031,0.018495484318826645,LIVE,False,False,False,2024Q3
TR-009969,TR-C00562,2024-07-03,0,evaluation,0.04859684017498717,0.01631560971121299,LIVE,False,False,False,2024Q3
TR-000082,TR-C05161,2024-07-04,0,evaluation,0.29700533875630486,0.05062635621024908,LIVE,False,False,False,2024Q3
TR-003008,TR-C01682,2024-07-04,0,evaluation,0.5289215933386341,0.13693151971362158,LIVE,False,False,False,2024Q3
TR-003763,TR-C03787,2024-07-04,0,evaluation,0.39796315041160546,0.07895046501008839,LIVE,False,False,False,2024Q3
TR-004657,TR-C00792,2024-07-04,0,evaluation,0.43265931138977326,0.0916564966184465,LIVE,False,False,False,2024Q3
TR-006144,TR-C01421,2024-07-04,0,evaluation,0.37371463648584,0.07104850694425552,LIVE,False,False,False,2024Q3
TR-006299,TR-C00996,2024-07-04,0,evaluation,0.07400532937941821,0.01834777340191288,LIVE,False,False,False,2024Q3
TR-006547,TR-C02544,2024-07-04,1,evaluation,0.4134790107072763,0.08442042834610916,LIVE,False,False,False,2024Q3
TR-007208,TR-C03824,2024-07-04,0,evaluation,0.06768550133543434,0.017820221251719864,LIVE,False,False,False,2024Q3
TR-007960,TR-C01217,2024-07-04,0,evaluation,0.2432722519722718,0.039774291409158204,LIVE,False,False,False,2024Q3
TR-008135,TR-C01832,2024-07-04,0,evaluation,0.29326392246801,0.04978758973953195,LIVE,False,False,False,2024Q3
TR-008229,TR-C01167,2024-07-04,0,evaluation,0.10057212870562833,0.020738043282628692,LIVE,False,False,False,2024Q3
TR-008463,TR-C05964,2024-07-04,0,evaluation,0.037147083251540744,0.015473803682706252,LIVE,False,False,False,2024Q3
TR-000842,TR-C04834,2024-07-05,0,evaluation,0.05641561033243639,0.016916175257315997,LIVE,False,False,False,2024Q3
TR-001698,TR-C02396,2024-07-05,0,evaluation,0.012163782220167934,0.01378263961051473,LIVE,False,False,False,2024Q3
TR-002139,TR-C00499,2024-07-05,0,evaluation,0.19052714999786993,0.03131263480392289,LIVE,False,False,False,2024Q3
TR-002600,TR-C04747,2024-07-05,0,evaluation,0.010140032542950076,0.013653910800184611,LIVE,False,False,False,2024Q3
TR-004415,TR-C04106,2024-07-05,0,evaluation,0.7279876379375094,0.28799618278713607,LIVE,True,False,True,2024Q3
TR-004624,TR-C03366,2024-07-05,0,evaluation,0.022097348920856814,0.014432060513461705,LIVE,False,False,False,2024Q3
TR-007336,TR-C02317,2024-07-05,0,evaluation,0.008663803454389586,0.013560757856221222,LIVE,False,False,False,2024Q3
TR-008074,TR-C00377,2024-07-05,0,evaluation,0.04731543665673523,0.01621920424403881,LIVE,False,False,False,2024Q3
TR-009740,TR-C04590,2024-07-05,1,evaluation,0.07930753338636229,0.018802177416838803,LIVE,False,False,False,2024Q3
TR-000808,TR-C06060,2024-07-06,1,evaluation,0.09591574952662972,0.020298110096239264,LIVE,False,False,False,2024Q3
TR-003107,TR-C01542,2024-07-06,0,evaluation,0.39633606785417386,0.07839600498826653,LIVE,False,False,False,2024Q3
TR-004966,TR-C05501,2024-07-06,0,evaluation,0.11676778411192601,0.02234207742846822,LIVE,False,False,False,2024Q3
TR-006369,TR-C06045,2024-07-06,0,evaluation,0.07394705820151125,0.018342839856545768,LIVE,False,False,False,2024Q3
TR-007113,TR-C02728,2024-07-06,0,evaluation,0.5992577633527214,0.18088857598313865,LIVE,True,True,True,2024Q3
TR-007756,TR-C05653,2024-07-06,1,evaluation,0.2322709116653192,0.03784529289025729,LIVE,False,False,False,2024Q3
TR-008164,TR-C04223,2024-07-06,0,evaluation,0.33408165069663176,0.0596913079639547,LIVE,False,False,False,2024Q3
TR-008495,TR-C06270,2024-07-06,0,evaluation,0.06046730414431003,0.017235882566419992,LIVE,False,False,False,2024Q3
TR-000392,TR-C04887,2024-07-07,0,evaluation,0.0835229851492928,0.019171305962921763,LIVE,False,False,False,2024Q3
TR-000819,TR-C01496,2024-07-07,1,evaluation,0.26669664400680076,0.044200097355545025,LIVE,False,False,False,2024Q3
TR-001294,TR-C01711,2024-07-07,0,evaluation,0.0056797586286407116,0.013374368757654307,LIVE,False,False,False,2024Q3
TR-002847,TR-C03727,2024-07-07,0,evaluation,0.12340311554748805,0.02303371545728213,LIVE,False,False,False,2024Q3
TR-003090,TR-C04346,2024-07-07,0,evaluation,0.24726532585614117,0.04049749463994746,LIVE,False,False,False,2024Q3
TR-004515,TR-C03027,2024-07-07,0,evaluation,0.06321004015288838,0.017455665679534382,LIVE,False,False,False,2024Q3
TR-004753,TR-C05278,2024-07-07,0,evaluation,0.29095053451426806,0.04927557050372936,LIVE,False,False,False,2024Q3
TR-004840,TR-C05154,2024-07-07,0,evaluation,0.07550123703758822,0.018474871551226284,LIVE,False,False,False,2024Q3
TR-007082,TR-C05042,2024-07-07,0,evaluation,0.42920014926569994,0.09031149789734877,LIVE,False,False,False,2024Q3
TR-008322,TR-C03684,2024-07-07,0,evaluation,0.021315513696055034,0.014379871771273102,LIVE,False,False,False,2024Q3
TR-008454,TR-C01234,2024-07-07,0,evaluation,0.08526468752619841,0.019325885232782978,LIVE,False,False,False,2024Q3
TR-009248,TR-C02986,2024-07-07,0,evaluation,0.05106885105205785,0.016503184441334456,LIVE,False,False,False,2024Q3
TR-001549,TR-C03737,2024-07-08,1,evaluation,0.27891224677554566,0.046690811553855474,LIVE,False,False,False,2024Q3
TR-001554,TR-C06420,2024-07-08,0,evaluation,0.03723427740651102,0.015480049936180974,LIVE,False,False,False,2024Q3
TR-002218,TR-C05891,2024-07-08,0,evaluation,0.5363199189467698,0.14109425411685864,LIVE,False,False,False,2024Q3
TR-004170,TR-C05720,2024-07-08,0,evaluation,0.06860696565554984,0.017896203416264682,LIVE,False,False,False,2024Q3
TR-004755,TR-C02941,2024-07-08,0,evaluation,0.06872979383411608,0.0179063555850182,LIVE,False,False,False,2024Q3
TR-005532,TR-C01679,2024-07-08,1,evaluation,0.6007067108284714,0.18190008971308347,LIVE,True,True,True,2024Q3
TR-006543,TR-C03217,2024-07-08,0,evaluation,0.16232914029375664,0.02753198797500074,LIVE,False,False,False,2024Q3
TR-001668,TR-C03006,2024-07-09,0,evaluation,0.08472715297408666,0.019278048154909504,LIVE,False,False,False,2024Q3
TR-002462,TR-C05567,2024-07-09,0,evaluation,0.05322230416773765,0.016668314104633892,LIVE,False,False,False,2024Q3
TR-002680,TR-C03464,2024-07-09,0,evaluation,0.5754918827205823,0.16491954065380973,LIVE,False,True,True,2024Q3
TR-003598,TR-C00433,2024-07-09,0,evaluation,0.15420130937813709,0.02652717199608696,LIVE,False,False,False,2024Q3
TR-004314,TR-C02445,2024-07-09,1,evaluation,0.5206371475661982,0.13239334331243843,LIVE,False,False,False,2024Q3
TR-004746,TR-C05034,2024-07-09,0,evaluation,0.054646197325917106,0.016778391093794413,LIVE,False,False,False,2024Q3
TR-005441,TR-C04000,2024-07-09,0,evaluation,0.040663363691413615,0.015727674117546414,LIVE,False,False,False,2024Q3
TR-005484,TR-C00173,2024-07-09,1,evaluation,0.525685070774701,0.13514318846297632,LIVE,False,False,False,2024Q3
TR-007258,TR-C03408,2024-07-09,0,evaluation,0.0824165517954264,0.01907373830515068,LIVE,False,False,False,2024Q3
TR-009730,TR-C02988,2024-07-09,0,evaluation,0.33490460942581224,0.05990883895850941,LIVE,False,False,False,2024Q3
TR-000431,TR-C02264,2024-07-10,0,evaluation,0.018906678968546923,0.014220244641853346,LIVE,False,False,False,2024Q3
TR-000540,TR-C02293,2024-07-10,1,evaluation,0.3381789759519466,0.06078171661186435,LIVE,False,False,False,2024Q3
TR-001004,TR-C04122,2024-07-10,0,evaluation,0.6955641957459042,0.2577741707393767,LIVE,True,False,True,2024Q3
TR-002851,TR-C00068,2024-07-10,0,evaluation,0.6138912027300825,0.19130665629867258,LIVE,True,True,True,2024Q3
TR-003733,TR-C02517,2024-07-10,0,evaluation,0.27839960547474135,0.04658365321412909,LIVE,False,False,False,2024Q3
TR-004327,TR-C02601,2024-07-10,0,evaluation,0.5456123007774879,0.14647195630940732,LIVE,False,False,False,2024Q3
TR-004557,TR-C02760,2024-07-10,0,evaluation,0.22055948417032106,0.03589064528880905,LIVE,False,False,False,2024Q3
TR-006900,TR-C04915,2024-07-10,0,evaluation,0.010762907900070225,0.01369340449764735,LIVE,False,False,False,2024Q3
TR-007209,TR-C04199,2024-07-10,0,evaluation,0.20346963849838798,0.03321183215534803,LIVE,False,False,False,2024Q3
TR-007413,TR-C05047,2024-07-10,0,evaluation,0.010852769852202923,0.013699111526410698,LIVE,False,False,False,2024Q3
TR-009103,TR-C05412,2024-07-10,1,evaluation,0.738475218022575,0.29821123576173053,LIVE,True,False,True,2024Q3
TR-000568,TR-C04312,2024-07-11,0,evaluation,0.03138570062194741,0.015066532309738964,LIVE,False,False,False,2024Q3
TR-001173,TR-C01413,2024-07-11,1,evaluation,0.7886858793938778,0.34983307852640033,LIVE,True,False,True,2024Q3
TR-001692,TR-C01334,2024-07-11,0,evaluation,0.18213798541496823,0.030138187351934284,LIVE,False,False,False,2024Q3
TR-002722,TR-C01289,2024-07-11,1,evaluation,0.1633226709025509,0.02765732357735436,LIVE,False,False,False,2024Q3
TR-005683,TR-C05634,2024-07-11,0,evaluation,0.527785823416937,0.13630169674467157,LIVE,False,False,False,2024Q3
TR-008151,TR-C01669,2024-07-11,0,evaluation,0.2646382529437458,0.04379306875322511,LIVE,False,False,False,2024Q3
TR-001640,TR-C04340,2024-07-12,0,evaluation,0.045814494006629326,0.0161069941986102,LIVE,False,False,False,2024Q3
TR-003560,TR-C00330,2024-07-12,0,evaluation,0.513229590419488,0.12844406507641457,LIVE,False,False,False,2024Q3
TR-004682,TR-C04665,2024-07-12,1,evaluation,0.2849479201996958,0.04797020932362366,LIVE,False,False,False,2024Q3
TR-006011,TR-C05692,2024-07-12,0,evaluation,0.2846722506616142,0.04791105613945194,LIVE,False,False,False,2024Q3
TR-009184,TR-C02652,2024-07-12,0,evaluation,0.03423260774798656,0.015266443246391918,LIVE,False,False,False,2024Q3
TR-000603,TR-C04526,2024-07-13,0,evaluation,0.122749002710391,0.0229646149922079,LIVE,False,False,False,2024Q3
TR-000726,TR-C03183,2024-07-13,0,evaluation,0.3142363688689313,0.05466471589697913,LIVE,False,False,False,2024Q3
TR-004603,TR-C04096,2024-07-13,0,evaluation,0.06324659531797876,0.01745861345870766,LIVE,False,False,False,2024Q3
TR-005476,TR-C04263,2024-07-13,0,evaluation,0.8292618861161122,0.394362417884084,LIVE,True,False,True,2024Q3
TR-006022,TR-C00217,2024-07-13,0,evaluation,0.023816199824715202,0.014547453602771217,LIVE,False,False,False,2024Q3
TR-001018,TR-C01028,2024-07-14,0,evaluation,0.016602587068856815,0.014069193216893892,LIVE,False,False,False,2024Q3
TR-001354,TR-C02337,2024-07-14,0,evaluation,0.03922358454123502,0.015623232321942007,LIVE,False,False,False,2024Q3
TR-002987,TR-C01116,2024-07-14,0,evaluation,0.025473210036053035,0.014659555456860452,LIVE,False,False,False,2024Q3
TR-004680,TR-C00541,2024-07-14,0,evaluation,0.3544383205733256,0.06529483645433322,LIVE,False,False,False,2024Q3
TR-005266,TR-C00110,2024-07-14,0,evaluation,0.11913992604002062,0.022586976919533878,LIVE,False,False,False,2024Q3
TR-006694,TR-C02754,2024-07-14,0,evaluation,0.3691154174439776,0.06963457855075308,LIVE,False,False,False,2024Q3
TR-008433,TR-C05427,2024-07-14,0,evaluation,0.18699791281152298,0.030813254305162175,LIVE,False,False,False,2024Q3
TR-008461,TR-C01967,2024-07-14,0,evaluation,0.010926205141424032,0.013703777058288985,LIVE,False,False,False,2024Q3
TR-001711,TR-C02287,2024-07-15,0,evaluation,0.013952141775680762,0.013897390997050233,LIVE,False,False,False,2024Q3
TR-002053,TR-C01341,2024-07-15,0,evaluation,0.11562399670888993,0.022224922035585598,LIVE,False,False,False,2024Q3
TR-002100,TR-C05018,2024-07-15,0,evaluation,0.8922416801363133,0.4668183310673673,LIVE,True,False,True,2024Q3
TR-003776,TR-C03506,2024-07-15,0,evaluation,0.4955689285668615,0.11943249312525107,LIVE,False,False,False,2024Q3
TR-005813,TR-C04512,2024-07-15,0,evaluation,0.5493763260458049,0.14869813745755814,LIVE,False,False,False,2024Q3
TR-008167,TR-C05042,2024-07-15,1,evaluation,0.4275200498166967,0.08966467261756196,LIVE,False,False,False,2024Q3
TR-000782,TR-C03986,2024-07-16,0,evaluation,0.058073923556493594,0.01704631724837852,LIVE,False,False,False,2024Q3
TR-002018,TR-C04936,2024-07-16,0,evaluation,0.04018958253639385,0.015693230339645536,LIVE,False,False,False,2024Q3
TR-002712,TR-C06131,2024-07-16,0,evaluation,0.3775372570437596,0.07224381516580389,LIVE,False,False,False,2024Q3
TR-003037,TR-C03213,2024-07-16,0,evaluation,0.08893214371971621,0.019655384255765494,LIVE,False,False,False,2024Q3
TR-005819,TR-C02617,2024-07-16,1,evaluation,0.1283358566476543,0.023561387829405308,LIVE,False,False,False,2024Q3
TR-008764,TR-C05877,2024-07-16,0,evaluation,0.01997598029763501,0.014290887724770834,LIVE,False,False,False,2024Q3
TR-009167,TR-C04901,2024-07-16,0,evaluation,0.07857659625720673,0.018738885480855463,LIVE,False,False,False,2024Q3
TR-000171,TR-C02235,2024-07-17,0,evaluation,0.023189744599308577,0.01450529234659599,LIVE,False,False,False,2024Q3
TR-000710,TR-C00953,2024-07-17,0,evaluation,0.5997675408966665,0.1812439523128303,LIVE,True,True,True,2024Q3
TR-001339,TR-C04209,2024-07-17,0,evaluation,0.03168406774147877,0.015087362259458264,LIVE,False,False,False,2024Q3
TR-002529,TR-C05183,2024-07-17,0,evaluation,0.35527375700559016,0.06553495741898058,LIVE,False,False,False,2024Q3
TR-002588,TR-C06161,2024-07-17,0,evaluation,0.047275504857137246,0.016216209022620633,LIVE,False,False,False,2024Q3
TR-003230,TR-C03277,2024-07-17,0,evaluation,0.7280987787737769,0.28810333778313574,LIVE,True,False,True,2024Q3
TR-004220,TR-C05590,2024-07-17,0,evaluation,0.4157584231571438,0.08525242663663239,LIVE,False,False,False,2024Q3
TR-004928,TR-C03894,2024-07-17,0,evaluation,0.009206020579013516,0.013594899762583738,LIVE,False,False,False,2024Q3
TR-006135,TR-C05842,2024-07-17,0,evaluation,0.7110647901027911,0.2719609694392561,LIVE,True,False,True,2024Q3
TR-007537,TR-C02326,2024-07-17,0,evaluation,0.2117182444588789,0.03447978891686554,LIVE,False,False,False,2024Q3
TR-007896,TR-C02725,2024-07-17,0,evaluation,0.5491697625403033,0.14857524757057497,LIVE,False,False,False,2024Q3
TR-002066,TR-C04548,2024-07-18,0,evaluation,0.26528860293399664,0.04392128169879733,LIVE,False,False,False,2024Q3
TR-002791,TR-C02288,2024-07-18,0,evaluation,0.32465149254087583,0.05725093462648682,LIVE,False,False,False,2024Q3
TR-003633,TR-C03872,2024-07-18,0,evaluation,0.3737165062028753,0.0710490871033768,LIVE,False,False,False,2024Q3
TR-000128,TR-C03759,2024-07-19,0,evaluation,0.021248569126474427,0.014375411768131166,LIVE,False,False,False,2024Q3
TR-001050,TR-C02533,2024-07-19,0,evaluation,0.15258806629339605,0.02633201803430752,LIVE,False,False,False,2024Q3
TR-001609,TR-C04988,2024-07-19,0,evaluation,0.02528412074785313,0.01464672009018828,LIVE,False,False,False,2024Q3
TR-002200,TR-C00836,2024-07-19,0,evaluation,0.00664229846260357,0.013434213041701566,LIVE,False,False,False,2024Q3
TR-005378,TR-C00000,2024-07-19,1,evaluation,0.1187461658519914,0.022546144429564822,LIVE,False,False,False,2024Q3
TR-005710,TR-C04372,2024-07-19,0,evaluation,0.17923350915144465,0.029741606061407022,LIVE,False,False,False,2024Q3
TR-008055,TR-C00651,2024-07-19,0,evaluation,0.10940667375854843,0.02159852357274239,LIVE,False,False,False,2024Q3
TR-009329,TR-C03177,2024-07-19,0,evaluation,0.06951445226803421,0.01797134384548099,LIVE,False,False,False,2024Q3
TR-009602,TR-C01300,2024-07-19,0,evaluation,0.035719154916526726,0.015371864672426273,LIVE,False,False,False,2024Q3
TR-000561,TR-C02784,2024-07-20,0,evaluation,0.12585137058413254,0.023294155542572914,LIVE,False,False,False,2024Q3
TR-002025,TR-C02630,2024-07-20,0,evaluation,0.05023130678456816,0.016439395777652143,LIVE,False,False,False,2024Q3
TR-005305,TR-C06189,2024-07-20,0,evaluation,0.10004434150502868,0.02068771284047459,LIVE,False,False,False,2024Q3
TR-005554,TR-C05496,2024-07-20,0,evaluation,0.09999303545743485,0.02068282661344084,LIVE,False,False,False,2024Q3
TR-007287,TR-C03179,2024-07-20,0,evaluation,0.02502405478482438,0.014629084915064252,LIVE,False,False,False,2024Q3
TR-007801,TR-C00684,2024-07-20,1,evaluation,0.6824349029009098,0.246142092645011,LIVE,True,False,True,2024Q3
TR-008311,TR-C01830,2024-07-20,0,evaluation,0.17600115356036883,0.029306202743304,LIVE,False,False,False,2024Q3
TR-009563,TR-C00919,2024-07-20,0,evaluation,0.14820260899535007,0.02580854343877269,LIVE,False,False,False,2024Q3
TR-000507,TR-C05930,2024-07-21,0,evaluation,0.8350510201265405,0.40088120961067847,LIVE,True,False,True,2024Q3
TR-000527,TR-C05233,2024-07-21,0,evaluation,0.2035237565385274,0.03322000248180646,LIVE,False,False,False,2024Q3
TR-001311,TR-C01999,2024-07-21,0,evaluation,0.055273001602010555,0.016827073701669144,LIVE,False,False,False,2024Q3
TR-001521,TR-C01238,2024-07-21,0,evaluation,0.03745389027344136,0.015495793155387728,LIVE,False,False,False,2024Q3
TR-002096,TR-C01199,2024-07-21,0,evaluation,0.3323431002129096,0.05923419042113736,LIVE,False,False,False,2024Q3
TR-002108,TR-C05321,2024-07-21,0,evaluation,0.09674022056433583,0.020375334451119324,LIVE,False,False,False,2024Q3
TR-002341,TR-C00804,2024-07-21,0,evaluation,0.12679961118298377,0.02339579775668208,LIVE,False,False,False,2024Q3
TR-003936,TR-C03458,2024-07-21,0,evaluation,0.2774745509962852,0.0463908790496051,LIVE,False,False,False,2024Q3
TR-004105,TR-C05499,2024-07-21,0,evaluation,0.011503830906873944,0.01374052977601106,LIVE,False,False,False,2024Q3
TR-004633,TR-C01525,2024-07-21,1,evaluation,0.07331357251568894,0.018289289549577453,LIVE,False,False,False,2024Q3
TR-005414,TR-C06143,2024-07-21,0,evaluation,0.1321619785623605,0.02397878780112063,LIVE,False,False,False,2024Q3
TR-006965,TR-C02206,2024-07-21,0,evaluation,0.5756606962222427,0.16502887200435906,LIVE,False,True,True,2024Q3
TR-009003,TR-C02930,2024-07-21,0,evaluation,0.060970652787988494,0.01727601260309435,LIVE,False,False,False,2024Q3
TR-009039,TR-C06084,2024-07-21,0,evaluation,0.07184286359043314,0.018165557308409325,LIVE,False,False,False,2024Q3
TR-000167,TR-C04767,2024-07-22,0,evaluation,0.04624790835511439,0.016139317487384466,LIVE,False,False,False,2024Q3
TR-000545,TR-C02532,2024-07-22,0,evaluation,0.015788447769449467,0.014016199006402379,LIVE,False,False,False,2024Q3
TR-000549,TR-C03874,2024-07-22,1,evaluation,0.8438446568432714,0.4108499423978861,LIVE,True,False,True,2024Q3
TR-002891,TR-C02450,2024-07-22,0,evaluation,0.29377251049804226,0.04990082901901852,LIVE,False,False,False,2024Q3
TR-003072,TR-C05863,2024-07-22,0,evaluation,0.008165471825782535,0.013529453879894423,LIVE,False,False,False,2024Q3
TR-003875,TR-C02384,2024-07-22,0,evaluation,0.43449417250652983,0.09237721893990303,LIVE,False,False,False,2024Q3
TR-004931,TR-C04627,2024-07-22,0,evaluation,0.15922774842548582,0.027144282486531147,LIVE,False,False,False,2024Q3
TR-005363,TR-C00204,2024-07-22,0,evaluation,0.18778395006796467,0.03092380537072476,LIVE,False,False,False,2024Q3
TR-005674,TR-C01859,2024-07-22,0,evaluation,0.04055353079306008,0.015719682674029675,LIVE,False,False,False,2024Q3
TR-006328,TR-C01750,2024-07-22,0,evaluation,0.047431956190657855,0.016227947301443304,LIVE,False,False,False,2024Q3
TR-006991,TR-C02566,2024-07-22,0,evaluation,0.07574025261152222,0.018495259130754962,LIVE,False,False,False,2024Q3
TR-009409,TR-C06054,2024-07-22,1,evaluation,0.7799583078806817,0.34055896296299193,LIVE,True,False,True,2024Q3
TR-001912,TR-C05847,2024-07-23,0,evaluation,0.041041198063476274,0.015755195895543625,LIVE,False,False,False,2024Q3
TR-001986,TR-C02885,2024-07-23,0,evaluation,0.0174266833555646,0.014123036688866594,LIVE,False,False,False,2024Q3
TR-002319,TR-C04311,2024-07-23,0,evaluation,0.11299203427022962,0.02195761212235107,LIVE,False,False,False,2024Q3
TR-002714,TR-C04316,2024-07-23,0,evaluation,0.06948847307720327,0.017969188452939985,LIVE,False,False,False,2024Q3
TR-004211,TR-C05763,2024-07-23,0,evaluation,0.21136339277976124,0.034424293490654484,LIVE,False,False,False,2024Q3
TR-004356,TR-C02443,2024-07-23,0,evaluation,0.3656541005563818,0.06858768846066478,LIVE,False,False,False,2024Q3
TR-005576,TR-C01994,2024-07-23,0,evaluation,0.6685478039254951,0.23422918242105695,LIVE,True,False,True,2024Q3
TR-009712,TR-C01471,2024-07-23,0,evaluation,0.05740259321165004,0.016993514118223106,LIVE,False,False,False,2024Q3
TR-000466,TR-C04655,2024-07-24,0,evaluation,0.09332892521957578,0.020057670219975864,LIVE,False,False,False,2024Q3
TR-000718,TR-C02056,2024-07-24,0,evaluation,0.2519031466218364,0.04135328145546258,LIVE,False,False,False,2024Q3
TR-002230,TR-C03600,2024-07-24,0,evaluation,0.4233443780579591,0.08807512884814646,LIVE,False,False,False,2024Q3
TR-002678,TR-C04537,2024-07-24,0,evaluation,0.02743792671192901,0.014793577694622655,LIVE,False,False,False,2024Q3
TR-003024,TR-C00004,2024-07-24,0,evaluation,0.0931886741809407,0.02004471421012122,LIVE,False,False,False,2024Q3
TR-007745,TR-C01890,2024-07-24,0,evaluation,0.024644893764403368,0.014603411331861387,LIVE,False,False,False,2024Q3
TR-008922,TR-C00786,2024-07-24,0,evaluation,0.7090079675083789,0.2700505897007054,LIVE,True,False,True,2024Q3
TR-009827,TR-C04316,2024-07-24,0,evaluation,0.037972264091259395,0.015533015946919897,LIVE,False,False,False,2024Q3
TR-003223,TR-C01769,2024-07-25,0,evaluation,0.15406280450480903,0.02651036200200655,LIVE,False,False,False,2024Q3
TR-003939,TR-C03851,2024-07-25,0,evaluation,0.08574836588092202,0.019369028907787276,LIVE,False,False,False,2024Q3
TR-007628,TR-C04587,2024-07-25,0,evaluation,0.48905447362483034,0.11624889206185461,LIVE,False,False,False,2024Q3
TR-007856,TR-C05106,2024-07-25,0,evaluation,0.1487674721967171,0.0258753962518559,LIVE,False,False,False,2024Q3
TR-000313,TR-C00599,2024-07-26,0,evaluation,0.05173158850841942,0.016553831966008146,LIVE,False,False,False,2024Q3
TR-001269,TR-C00649,2024-07-26,1,evaluation,0.4745969201039789,0.10944606240590932,LIVE,False,False,False,2024Q3
TR-003690,TR-C03875,2024-07-26,0,evaluation,0.08656260410006665,0.01944187156692271,LIVE,False,False,False,2024Q3
TR-006269,TR-C04715,2024-07-26,0,evaluation,0.47871130285459934,0.11134568081960484,LIVE,False,False,False,2024Q3
TR-006461,TR-C03112,2024-07-26,1,evaluation,0.4527580175730169,0.09983278378041338,LIVE,False,False,False,2024Q3
TR-009222,TR-C05045,2024-07-26,0,evaluation,0.0984265575218794,0.020534182793556233,LIVE,False,False,False,2024Q3
TR-009628,TR-C05444,2024-07-26,0,evaluation,0.07196598180011644,0.0181758837815028,LIVE,False,False,False,2024Q3
TR-000544,TR-C02044,2024-07-27,1,evaluation,0.04670346982668851,0.01617336124555978,LIVE,False,False,False,2024Q3
TR-001118,TR-C00327,2024-07-27,0,evaluation,0.08351280831680828,0.019170406322200517,LIVE,False,False,False,2024Q3
TR-001502,TR-C01172,2024-07-27,0,evaluation,0.4138406565630506,0.08455193738797813,LIVE,False,False,False,2024Q3
TR-002366,TR-C04378,2024-07-27,1,evaluation,0.753095604840913,0.3127927754531376,LIVE,True,False,True,2024Q3
TR-002793,TR-C03885,2024-07-27,0,evaluation,0.02629423756746722,0.014715415370649422,LIVE,False,False,False,2024Q3
TR-003600,TR-C03424,2024-07-27,0,evaluation,0.26768237415636353,0.04439629211605878,LIVE,False,False,False,2024Q3
TR-004369,TR-C02403,2024-07-27,0,evaluation,0.7154984042907896,0.276107588833938,LIVE,True,False,True,2024Q3
TR-004417,TR-C01897,2024-07-27,1,evaluation,0.721793139795738,0.28206155938197486,LIVE,True,False,True,2024Q3
TR-004592,TR-C02850,2024-07-27,0,evaluation,0.86542120663779,0.43560605777389055,LIVE,True,False,True,2024Q3
TR-005355,TR-C03639,2024-07-27,0,evaluation,0.05592887523083178,0.016878162708544524,LIVE,False,False,False,2024Q3
TR-005529,TR-C01782,2024-07-27,0,evaluation,0.03796718014503021,0.015532650457783407,LIVE,False,False,False,2024Q3
TR-006356,TR-C06243,2024-07-27,0,evaluation,0.1664390546898316,0.028054067378749423,LIVE,False,False,False,2024Q3
TR-000416,TR-C06319,2024-07-28,0,evaluation,0.09847628071447159,0.020538884938371898,LIVE,False,False,False,2024Q3
TR-000435,TR-C02406,2024-07-28,0,evaluation,0.03985098155555361,0.015668659621103552,LIVE,False,False,False,2024Q3
TR-001352,TR-C05076,2024-07-28,0,evaluation,0.10906863187067883,0.021564965027024936,LIVE,False,False,False,2024Q3
TR-002113,TR-C04245,2024-07-28,0,evaluation,0.13739724036745227,0.02456161878296335,LIVE,False,False,False,2024Q3
TR-004042,TR-C04448,2024-07-28,0,evaluation,0.01069157874437039,0.013688876134530351,LIVE,False,False,False,2024Q3
TR-004295,TR-C04871,2024-07-28,0,evaluation,0.04255980361462019,0.015866291211427686,LIVE,False,False,False,2024Q3
TR-005095,TR-C00581,2024-07-28,1,evaluation,0.0932534989992473,0.020050701531533145,LIVE,False,False,False,2024Q3
TR-005494,TR-C05647,2024-07-28,0,evaluation,0.030859499466594824,0.015029865536128733,LIVE,False,False,False,2024Q3
TR-007137,TR-C06475,2024-07-28,0,evaluation,0.08127081446913183,0.018973217903294516,LIVE,False,False,False,2024Q3
TR-001423,TR-C01602,2024-07-29,0,evaluation,0.047950328416135175,0.0162668996377586,LIVE,False,False,False,2024Q3
TR-004050,TR-C03724,2024-07-29,0,evaluation,0.14585260676208758,0.025532216009524517,LIVE,False,False,False,2024Q3
TR-004261,TR-C03484,2024-07-29,0,evaluation,0.08923076300103223,0.019682454530303158,LIVE,False,False,False,2024Q3
TR-004820,TR-C00688,2024-07-29,0,evaluation,0.13300966452591434,0.024072235190868714,LIVE,False,False,False,2024Q3
TR-008146,TR-C03403,2024-07-29,0,evaluation,0.02842017792760274,0.014861033300624327,LIVE,False,False,False,2024Q3
TR-009317,TR-C05602,2024-07-29,0,evaluation,0.01468068946695276,0.013944408357718041,LIVE,False,False,False,2024Q3
TR-000147,TR-C02280,2024-07-30,0,evaluation,0.03940071901934405,0.0156360447709791,LIVE,False,False,False,2024Q3
TR-000411,TR-C03877,2024-07-30,0,evaluation,0.0342813999325475,0.015269892115946569,LIVE,False,False,False,2024Q3
TR-000807,TR-C05562,2024-07-30,0,evaluation,0.13617570908864404,0.024424405020939666,LIVE,False,False,False,2024Q3
TR-002505,TR-C02514,2024-07-30,0,evaluation,0.13149070163612184,0.023905038567911416,LIVE,False,False,False,2024Q3
TR-005280,TR-C01664,2024-07-30,0,evaluation,0.023437229467922382,0.014521933996699097,LIVE,False,False,False,2024Q3
TR-006056,TR-C00933,2024-07-30,0,evaluation,0.011181670812713942,0.01372001965598126,LIVE,False,False,False,2024Q3
TR-007143,TR-C02067,2024-07-30,0,evaluation,0.5947075543664105,0.17774056667452742,LIVE,True,True,True,2024Q3
TR-007991,TR-C04865,2024-07-30,0,evaluation,0.14394103363734348,0.025309568568951772,LIVE,False,False,False,2024Q3
TR-008269,TR-C03274,2024-07-30,1,evaluation,0.6634773396443574,0.22998058139722383,LIVE,True,False,True,2024Q3
TR-008336,TR-C03198,2024-07-30,0,evaluation,0.008122536024365098,0.013526760094918903,LIVE,False,False,False,2024Q3
TR-009281,TR-C02005,2024-07-30,0,evaluation,0.8339079008314003,0.39959115088376224,LIVE,True,False,True,2024Q3
TR-009918,TR-C03160,2024-07-30,0,evaluation,0.03681040125802389,0.015449708355987102,LIVE,False,False,False,2024Q3
TR-000438,TR-C05906,2024-07-31,0,evaluation,0.15416039321571226,0.026522205023807456,LIVE,False,False,False,2024Q3
TR-000772,TR-C02072,2024-07-31,0,evaluation,0.057638353387551515,0.017012039371623967,LIVE,False,False,False,2024Q3
TR-001281,TR-C03156,2024-07-31,0,evaluation,0.49793122412477764,0.12060543361317456,LIVE,False,False,False,2024Q3
TR-001299,TR-C05008,2024-07-31,0,evaluation,0.553409114442292,0.15111418434920365,LIVE,False,False,False,2024Q3
TR-001303,TR-C00224,2024-07-31,0,evaluation,0.08056649248212418,0.018911682773333258,LIVE,False,False,False,2024Q3
TR-001610,TR-C06110,2024-07-31,0,evaluation,0.5039836682134644,0.12365604826189906,LIVE,False,False,False,2024Q3
TR-002238,TR-C01479,2024-07-31,1,evaluation,0.7898472138204018,0.3510759315972401,LIVE,True,False,True,2024Q3
TR-004165,TR-C04724,2024-07-31,0,evaluation,0.025277496184024428,0.014646270616077532,LIVE,False,False,False,2024Q3
TR-004423,TR-C05751,2024-07-31,0,evaluation,0.16412687199671636,0.027759180728295176,LIVE,False,False,False,2024Q3
TR-004581,TR-C03100,2024-07-31,1,evaluation,0.3222611835894383,0.05664741092060519,LIVE,False,False,False,2024Q3
TR-007127,TR-C05919,2024-07-31,0,evaluation,0.10419906323089484,0.021087168371620772,LIVE,False,False,False,2024Q3
TR-008499,TR-C06299,2024-07-31,0,evaluation,0.25502061007792687,0.041938223614042584,LIVE,False,False,False,2024Q3
TR-009886,TR-C01673,2024-07-31,0,evaluation,0.10463330439188602,0.021129351574641245,LIVE,False,False,False,2024Q3
TR-001637,TR-C06103,2024-08-01,0,evaluation,0.061265275422671295,0.017299544297386747,LIVE,False,False,False,2024Q3
TR-001902,TR-C03363,2024-08-01,0,evaluation,0.198077466544523,0.03240742197513879,LIVE,False,False,False,2024Q3
TR-002587,TR-C05241,2024-08-01,0,evaluation,0.060628177506175954,0.017248698408408456,LIVE,False,False,False,2024Q3
TR-004713,TR-C02738,2024-08-01,0,evaluation,0.14269094284940767,0.02516499015611059,LIVE,False,False,False,2024Q3
TR-006070,TR-C01419,2024-08-01,0,evaluation,0.025670211176800635,0.014672939665305586,LIVE,False,False,False,2024Q3
TR-000083,TR-C06152,2024-08-02,0,evaluation,0.4960041198037523,0.11964783329032294,LIVE,False,False,False,2024Q3
TR-000267,TR-C01278,2024-08-02,0,evaluation,0.011528021495422801,0.013742071074402737,LIVE,False,False,False,2024Q3
TR-000436,TR-C03809,2024-08-02,0,evaluation,0.14960174613807092,0.025974442863655772,LIVE,False,False,False,2024Q3
TR-003026,TR-C03381,2024-08-02,0,evaluation,0.1597873916954882,0.027213848977217462,LIVE,False,False,False,2024Q3
TR-003534,TR-C06353,2024-08-02,0,evaluation,0.2135842446791091,0.03477303600221925,LIVE,False,False,False,2024Q3
TR-007331,TR-C02022,2024-08-02,0,evaluation,0.03208040667702269,0.015115075788619203,LIVE,False,False,False,2024Q3
TR-007589,TR-C04518,2024-08-02,1,evaluation,0.2708227730599698,0.04502689244412656,LIVE,False,False,False,2024Q3
TR-007637,TR-C03006,2024-08-02,0,evaluation,0.08407652257670094,0.019220301552230278,LIVE,False,False,False,2024Q3
TR-008170,TR-C00217,2024-08-02,0,evaluation,0.047146884680447795,0.016206565123356494,LIVE,False,False,False,2024Q3
TR-008381,TR-C00781,2024-08-02,0,evaluation,0.07315452808798094,0.018275869194302182,LIVE,False,False,False,2024Q3
TR-009391,TR-C04583,2024-08-02,0,evaluation,0.07580388581543862,0.018500690643239153,LIVE,False,False,False,2024Q3
TR-001489,TR-C01053,2024-08-03,0,evaluation,0.14278101771753582,0.025175380752056945,LIVE,False,False,False,2024Q3
TR-003368,TR-C00529,2024-08-03,0,evaluation,0.03517047717790028,0.015332870929283288,LIVE,False,False,False,2024Q3
TR-004096,TR-C03431,2024-08-03,0,evaluation,0.0940483708152148,0.020124259717270873,LIVE,False,False,False,2024Q3
TR-004688,TR-C05947,2024-08-03,0,evaluation,0.03798616998780531,0.015534015696666206,LIVE,False,False,False,2024Q3
TR-006970,TR-C02424,2024-08-03,0,evaluation,0.2136511948506661,0.03478360196204895,LIVE,False,False,False,2024Q3
TR-007849,TR-C02250,2024-08-03,1,evaluation,0.8474830223507843,0.4149965148535645,LIVE,True,False,True,2024Q3
TR-000217,TR-C01148,2024-08-04,0,evaluation,0.08368010548608518,0.01918520078949097,LIVE,False,False,False,2024Q3
TR-000987,TR-C02463,2024-08-04,0,evaluation,0.07138197941654709,0.018126951998245565,LIVE,False,False,False,2024Q3
TR-001189,TR-C03561,2024-08-04,0,evaluation,0.03388675555778908,0.015242018700962558,LIVE,False,False,False,2024Q3
TR-003745,TR-C04495,2024-08-04,0,evaluation,0.2574931553538271,0.04240777500207254,LIVE,False,False,False,2024Q3
TR-007001,TR-C00558,2024-08-04,0,evaluation,0.14005063302719928,0.024862266354528872,LIVE,False,False,False,2024Q3
TR-008812,TR-C03079,2024-08-04,0,evaluation,0.08413632713747393,0.019225602411649636,LIVE,False,False,False,2024Q3
TR-009598,TR-C06326,2024-08-04,0,evaluation,0.7771157606071716,0.3375641703154919,LIVE,True,False,True,2024Q3
TR-000754,TR-C06134,2024-08-05,0,evaluation,0.02759237920702488,0.014804164623839048,LIVE,False,False,False,2024Q3
TR-003984,TR-C02717,2024-08-05,0,evaluation,0.026584334761524026,0.014735202683384562,LIVE,False,False,False,2024Q3
TR-005070,TR-C00962,2024-08-05,1,evaluation,0.8115640674391827,0.3746744491748303,LIVE,True,False,True,2024Q3
TR-005424,TR-C05042,2024-08-05,0,evaluation,0.4487134247144755,0.0981369327850725,LIVE,False,False,False,2024Q3
TR-005497,TR-C01858,2024-08-05,0,evaluation,0.1048772397005972,0.021153084226909057,LIVE,False,False,False,2024Q3
TR-006094,TR-C04720,2024-08-05,0,evaluation,0.22664265078839266,0.036893485891631064,LIVE,False,False,False,2024Q3
TR-006614,TR-C03949,2024-08-05,0,evaluation,0.14514159428662043,0.025449180056766333,LIVE,False,False,False,2024Q3
TR-009723,TR-C05986,2024-08-05,0,evaluation,0.03787731168690732,0.015526191136398108,LIVE,False,False,False,2024Q3
TR-000560,TR-C03395,2024-08-06,0,evaluation,0.22155359193944354,0.036052716131654165,LIVE,False,False,False,2024Q3
TR-003143,TR-C02954,2024-08-06,0,evaluation,0.06696701601087601,0.01776119619580507,LIVE,False,False,False,2024Q3
TR-003313,TR-C00756,2024-08-06,0,evaluation,0.07878883215069382,0.018757241451354024,LIVE,False,False,False,2024Q3
TR-005887,TR-C01515,2024-08-06,1,evaluation,0.012005358658026198,0.013772519408971574,LIVE,False,False,False,2024Q3
TR-006542,TR-C02587,2024-08-06,0,evaluation,0.03344697831328798,0.01521101659823024,LIVE,False,False,False,2024Q3
TR-007290,TR-C01362,2024-08-06,0,evaluation,0.582772136301591,0.16968753001358425,LIVE,False,True,True,2024Q3
TR-008005,TR-C03479,2024-08-06,0,evaluation,0.16500969542110797,0.027871415489273507,LIVE,False,False,False,2024Q3
TR-008688,TR-C00939,2024-08-06,0,evaluation,0.8767048728776158,0.4486898007042537,LIVE,True,False,True,2024Q3
TR-001551,TR-C05055,2024-08-07,0,evaluation,0.12301157635287277,0.022992328912590523,LIVE,False,False,False,2024Q3
TR-002460,TR-C00523,2024-08-07,1,evaluation,0.7237049057502847,0.28388518650801187,LIVE,True,False,True,2024Q3
TR-003051,TR-C02921,2024-08-07,0,evaluation,0.00848737348816464,0.013549666796511905,LIVE,False,False,False,2024Q3
TR-004312,TR-C02415,2024-08-07,1,evaluation,0.4284341824879426,0.09001608695690624,LIVE,False,False,False,2024Q3
TR-004648,TR-C03692,2024-08-07,0,evaluation,0.039768416846132804,0.015662674022632828,LIVE,False,False,False,2024Q3
TR-005237,TR-C00545,2024-08-07,0,evaluation,0.16613890428982642,0.028015616233773667,LIVE,False,False,False,2024Q3
TR-006425,TR-C04669,2024-08-07,0,evaluation,0.2266459226494087,0.03689403245882642,LIVE,False,False,False,2024Q3
TR-006912,TR-C01224,2024-08-07,0,evaluation,0.02206337055408646,0.014429788529132886,LIVE,False,False,False,2024Q3
TR-006922,TR-C03202,2024-08-07,0,evaluation,0.059505187448329964,0.017159431398721652,LIVE,False,False,False,2024Q3
TR-007070,TR-C01960,2024-08-07,0,evaluation,0.7051280669756738,0.2664700352101741,LIVE,True,False,True,2024Q3
TR-007289,TR-C00833,2024-08-07,0,evaluation,0.009301678420868311,0.013600931862268446,LIVE,False,False,False,2024Q3
TR-008453,TR-C02924,2024-08-07,0,evaluation,0.06848400046930189,0.017886045583851783,LIVE,False,False,False,2024Q3
TR-008601,TR-C01893,2024-08-07,1,evaluation,0.02792927318151439,0.014827282882014313,LIVE,False,False,False,2024Q3
TR-009085,TR-C02069,2024-08-07,0,evaluation,0.7983202094382702,0.36020401931901597,LIVE,True,False,True,2024Q3
TR-000228,TR-C03353,2024-08-08,0,evaluation,0.08203925866188626,0.019040579241562924,LIVE,False,False,False,2024Q3
TR-001749,TR-C04468,2024-08-08,0,evaluation,0.0348441033026304,0.015309722209364059,LIVE,False,False,False,2024Q3
TR-002528,TR-C00914,2024-08-08,1,evaluation,0.262071888072092,0.043290601102156816,LIVE,False,False,False,2024Q3
TR-002756,TR-C04574,2024-08-08,0,evaluation,0.1798498714183518,0.02982533997360293,LIVE,False,False,False,2024Q3
TR-003930,TR-C04737,2024-08-08,0,evaluation,0.1746660531024399,0.029128172110806465,LIVE,False,False,False,2024Q3
TR-004317,TR-C00895,2024-08-08,0,evaluation,0.5790015227001175,0.16720452122145918,LIVE,False,True,True,2024Q3
TR-004718,TR-C00933,2024-08-08,0,evaluation,0.02301819602528102,0.014493767916350271,LIVE,False,False,False,2024Q3
TR-005055,TR-C02163,2024-08-08,0,evaluation,0.033864546881355505,0.015240451609645241,LIVE,False,False,False,2024Q3
TR-005836,TR-C03755,2024-08-08,0,evaluation,0.013486178429695666,0.013867401695649982,LIVE,False,False,False,2024Q3
TR-006230,TR-C06063,2024-08-08,0,evaluation,0.022689894722151147,0.014471738170465579,LIVE,False,False,False,2024Q3
TR-007486,TR-C04817,2024-08-08,0,evaluation,0.01394728635990969,0.013897078174106101,LIVE,False,False,False,2024Q3
TR-007540,TR-C01692,2024-08-08,0,evaluation,0.04290741929483215,0.015891829638739464,LIVE,False,False,False,2024Q3
TR-007865,TR-C05296,2024-08-08,0,evaluation,0.7675443605926774,0.3275765591483436,LIVE,True,False,True,2024Q3
TR-001291,TR-C01461,2024-08-09,0,evaluation,0.018276903891254567,0.01417879989106439,LIVE,False,False,False,2024Q3
TR-003116,TR-C06170,2024-08-09,0,evaluation,0.46509046189066533,0.10516536584881118,LIVE,False,False,False,2024Q3
TR-005690,TR-C00861,2024-08-09,0,evaluation,0.5052815408174729,0.12431878450449273,LIVE,False,False,False,2024Q3
TR-006967,TR-C05378,2024-08-09,0,evaluation,0.05335321789690641,0.01667840495371067,LIVE,False,False,False,2024Q3
TR-007073,TR-C03080,2024-08-09,0,evaluation,0.05039838241284087,0.016452101128262515,LIVE,False,False,False,2024Q3
TR-008386,TR-C01448,2024-08-09,0,evaluation,0.1637439147670798,0.027710631406487007,LIVE,False,False,False,2024Q3
TR-008830,TR-C01271,2024-08-09,0,evaluation,0.027832313031263954,0.014820625663810766,LIVE,False,False,False,2024Q3
TR-009361,TR-C00413,2024-08-09,0,evaluation,0.7207367205405945,0.28105690124640786,LIVE,True,False,True,2024Q3
TR-000026,TR-C02632,2024-08-10,0,evaluation,0.21875635082632436,0.035598466203400875,LIVE,False,False,False,2024Q3
TR-004748,TR-C05689,2024-08-10,0,evaluation,0.43612421951818436,0.09302175710967588,LIVE,False,False,False,2024Q3
TR-005063,TR-C05402,2024-08-10,0,evaluation,0.625876420583449,0.20017586920423963,LIVE,True,False,True,2024Q3
TR-005632,TR-C01451,2024-08-10,0,evaluation,0.476907099307817,0.1105091510084028,LIVE,False,False,False,2024Q3
TR-007269,TR-C01308,2024-08-10,0,evaluation,0.06002845837705437,0.01720096983433968,LIVE,False,False,False,2024Q3
TR-009843,TR-C02024,2024-08-10,0,evaluation,0.8574266821073414,0.42638905587591197,LIVE,True,False,True,2024Q3
TR-000913,TR-C03449,2024-08-11,0,evaluation,0.058565211104643224,0.01708506134260299,LIVE,False,False,False,2024Q3
TR-003308,TR-C01838,2024-08-11,1,evaluation,0.737628925740845,0.2973792358255191,LIVE,True,False,True,2024Q3
TR-007713,TR-C06499,2024-08-11,0,evaluation,0.22950573723264572,0.03737475630353339,LIVE,False,False,False,2024Q3
TR-008097,TR-C02052,2024-08-11,0,evaluation,0.03829464709293794,0.015556209624344609,LIVE,False,False,False,2024Q3
TR-008579,TR-C06004,2024-08-11,0,evaluation,0.43732243394889014,0.09349811483866247,LIVE,False,False,False,2024Q3
TR-009220,TR-C00331,2024-08-11,0,evaluation,0.4552337543200827,0.1008836442131256,LIVE,False,False,False,2024Q3
TR-001651,TR-C02830,2024-08-12,0,evaluation,0.06892208177850774,0.017922260196182583,LIVE,False,False,False,2024Q3
TR-002261,TR-C03889,2024-08-12,1,evaluation,0.64612504949588,0.215852834012224,LIVE,True,False,True,2024Q3
TR-003204,TR-C04978,2024-08-12,0,evaluation,0.6162353362380933,0.1930174335604426,LIVE,True,True,True,2024Q3
TR-003750,TR-C03254,2024-08-12,0,evaluation,0.11499853485032673,0.022161111612434833,LIVE,False,False,False,2024Q3
TR-005099,TR-C01362,2024-08-12,0,evaluation,0.3073465471879197,0.05301478722877199,LIVE,False,False,False,2024Q3
TR-005644,TR-C00516,2024-08-12,0,evaluation,0.15814691809705186,0.027010418808328072,LIVE,False,False,False,2024Q3
TR-008156,TR-C05359,2024-08-12,0,evaluation,0.12224093542193247,0.022911082492230617,LIVE,False,False,False,2024Q3
TR-000838,TR-C00185,2024-08-13,1,evaluation,0.5486884779350861,0.14828924434504467,LIVE,False,False,False,2024Q3
TR-001496,TR-C05663,2024-08-13,0,evaluation,0.18361950323884413,0.030342444534973995,LIVE,False,False,False,2024Q3
TR-002860,TR-C05795,2024-08-13,0,evaluation,0.029932618730718667,0.014965492185855016,LIVE,False,False,False,2024Q3
TR-007028,TR-C06233,2024-08-13,0,evaluation,0.023260723297043723,0.014510063251710378,LIVE,False,False,False,2024Q3
TR-000041,TR-C02320,2024-08-14,0,evaluation,0.06091825274537454,0.017271830673918718,LIVE,False,False,False,2024Q3
TR-000327,TR-C00144,2024-08-14,0,evaluation,0.8027192507246385,0.364983840229537,LIVE,True,False,True,2024Q3
TR-000892,TR-C00562,2024-08-14,0,evaluation,0.02484746947951433,0.014617122521638347,LIVE,False,False,False,2024Q3
TR-001844,TR-C04250,2024-08-14,0,evaluation,0.031741615006064476,0.015091383076388024,LIVE,False,False,False,2024Q3
TR-003231,TR-C00822,2024-08-14,0,evaluation,0.05101567021269828,0.016499126880781402,LIVE,False,False,False,2024Q3
TR-006030,TR-C05787,2024-08-14,0,evaluation,0.1424816089358471,0.025140858554468775,LIVE,False,False,False,2024Q3
TR-008194,TR-C00838,2024-08-14,0,evaluation,0.019270263860278698,0.014244226071265726,LIVE,False,False,False,2024Q3
TR-008910,TR-C01521,2024-08-14,0,evaluation,0.7744952955604847,0.3348148430931344,LIVE,True,False,True,2024Q3
TR-009268,TR-C06145,2024-08-14,0,evaluation,0.08253318475863809,0.01908400024892894,LIVE,False,False,False,2024Q3
TR-009333,TR-C04877,2024-08-14,0,evaluation,0.29537327666933155,0.05025884115351164,LIVE,False,False,False,2024Q3
TR-009419,TR-C06368,2024-08-14,0,evaluation,0.08203676005221044,0.01904035983542571,LIVE,False,False,False,2024Q3
TR-003042,TR-C01901,2024-08-15,0,evaluation,0.03943037055407051,0.015638190528870312,LIVE,False,False,False,2024Q3
TR-003194,TR-C04544,2024-08-15,0,evaluation,0.1396544074029622,0.024817144545554205,LIVE,False,False,False,2024Q3
TR-003343,TR-C03734,2024-08-15,0,evaluation,0.06258122652579111,0.017405035121169837,LIVE,False,False,False,2024Q3
TR-003794,TR-C03252,2024-08-15,0,evaluation,0.42994038083353636,0.09059781293607327,LIVE,False,False,False,2024Q3
TR-004807,TR-C02818,2024-08-15,0,evaluation,0.04190885046420293,0.015818575923397502,LIVE,False,False,False,2024Q3
TR-005189,TR-C01576,2024-08-15,0,evaluation,0.08788997891005557,0.019561196044366378,LIVE,False,False,False,2024Q3
TR-005586,TR-C04508,2024-08-15,0,evaluation,0.182885489360299,0.030241078816192257,LIVE,False,False,False,2024Q3
TR-005862,TR-C04644,2024-08-15,0,evaluation,0.43033371194171477,0.0907502822339952,LIVE,False,False,False,2024Q3
TR-006099,TR-C03399,2024-08-15,0,evaluation,0.02430845701252447,0.01458066784650027,LIVE,False,False,False,2024Q3
TR-008895,TR-C02024,2024-08-15,0,evaluation,0.36104998889299894,0.06721774665797836,LIVE,False,False,False,2024Q3
TR-009238,TR-C03688,2024-08-15,0,evaluation,0.23019568718177252,0.03749163265019712,LIVE,False,False,False,2024Q3
TR-009512,TR-C04565,2024-08-15,0,evaluation,0.05216153221869367,0.01658677069174293,LIVE,False,False,False,2024Q3
TR-009616,TR-C05018,2024-08-15,1,evaluation,0.4591260704707511,0.10255564957446987,LIVE,False,False,False,2024Q3
TR-000667,TR-C05896,2024-08-16,0,evaluation,0.3358712876811979,0.0601653069516055,LIVE,False,False,False,2024Q3
TR-000752,TR-C00065,2024-08-16,0,evaluation,0.015072916247435722,0.013969785905071716,LIVE,False,False,False,2024Q3
TR-001316,TR-C04969,2024-08-16,0,evaluation,0.13229768916757154,0.023993724471014954,LIVE,False,False,False,2024Q3
TR-001580,TR-C03695,2024-08-16,0,evaluation,0.07117627009988398,0.01810974705215571,LIVE,False,False,False,2024Q3
TR-002807,TR-C00125,2024-08-16,0,evaluation,0.1876977835856838,0.030911667896921187,LIVE,False,False,False,2024Q3
TR-003382,TR-C00751,2024-08-16,0,evaluation,0.517982710297391,0.13096645587685035,LIVE,False,False,False,2024Q3
TR-005087,TR-C06239,2024-08-16,0,evaluation,0.04029090828474718,0.015700590452081015,LIVE,False,False,False,2024Q3
TR-005120,TR-C00222,2024-08-16,0,evaluation,0.02540201628917928,0.014654721530595289,LIVE,False,False,False,2024Q3
TR-006387,TR-C04353,2024-08-16,1,evaluation,0.5957990952879055,0.17849180010525698,LIVE,True,True,True,2024Q3
TR-006491,TR-C01800,2024-08-16,0,evaluation,0.07989690829965011,0.018853364118137456,LIVE,False,False,False,2024Q3
TR-008058,TR-C00955,2024-08-16,0,evaluation,0.138170860910454,0.024648907393310736,LIVE,False,False,False,2024Q3
TR-009522,TR-C06175,2024-08-16,0,evaluation,0.02852437400518414,0.014868206661812829,LIVE,False,False,False,2024Q3
TR-000543,TR-C04050,2024-08-17,0,evaluation,0.0782823335515862,0.018713464280300914,LIVE,False,False,False,2024Q3
TR-002199,TR-C01400,2024-08-17,0,evaluation,0.3079629300094628,0.05316045884924365,LIVE,False,False,False,2024Q3
TR-003548,TR-C01589,2024-08-17,1,evaluation,0.22028618529542413,0.03584621204135245,LIVE,False,False,False,2024Q3
TR-005247,TR-C05672,2024-08-17,0,evaluation,0.033141835552318366,0.015189542047091343,LIVE,False,False,False,2024Q3
TR-005919,TR-C00484,2024-08-17,0,evaluation,0.09236390458155484,0.019968689923745425,LIVE,False,False,False,2024Q3
TR-006075,TR-C04928,2024-08-17,0,evaluation,0.2499306283855993,0.04098721084924386,LIVE,False,False,False,2024Q3
TR-008582,TR-C03739,2024-08-17,0,evaluation,0.8991311867433188,0.47488811383736634,LIVE,True,False,True,2024Q3
TR-001449,TR-C01570,2024-08-18,1,evaluation,0.806803829037191,0.3694459611317171,LIVE,True,False,True,2024Q3
TR-003507,TR-C00407,2024-08-18,0,evaluation,0.0445529134106228,0.016013269713259507,LIVE,False,False,False,2024Q3
TR-003813,TR-C05118,2024-08-18,0,evaluation,0.035009017292898945,0.015321414760599571,LIVE,False,False,False,2024Q3
TR-004258,TR-C06218,2024-08-18,0,evaluation,0.7068592562112926,0.2680639174410707,LIVE,True,False,True,2024Q3
TR-005242,TR-C04623,2024-08-18,0,evaluation,0.009662474816635952,0.013623707129064494,LIVE,False,False,False,2024Q3
TR-007390,TR-C05448,2024-08-18,0,evaluation,0.060116640505318966,0.01720797965275607,LIVE,False,False,False,2024Q3
TR-008733,TR-C00103,2024-08-18,0,evaluation,0.009523820330442174,0.013614950120529897,LIVE,False,False,False,2024Q3
TR-009310,TR-C01778,2024-08-18,0,evaluation,0.27112678003064794,0.04508838898566938,LIVE,False,False,False,2024Q3
TR-001074,TR-C02138,2024-08-19,0,evaluation,0.42710068784282196,0.08950387408642065,LIVE,False,False,False,2024Q3
TR-001786,TR-C04408,2024-08-19,0,evaluation,0.7328949103474695,0.292749982243905,LIVE,True,False,True,2024Q3
TR-002333,TR-C02937,2024-08-19,1,evaluation,0.8950870318237821,0.47014927258591455,LIVE,True,False,True,2024Q3
TR-002344,TR-C03829,2024-08-19,0,evaluation,0.08590030502406218,0.01938260122011917,LIVE,False,False,False,2024Q3
TR-002947,TR-C01473,2024-08-19,0,evaluation,0.33126119788789227,0.05895138342192888,LIVE,False,False,False,2024Q3
TR-005496,TR-C03666,2024-08-19,0,evaluation,0.23421748906113238,0.03817994050146011,LIVE,False,False,False,2024Q3
TR-005686,TR-C00169,2024-08-19,0,evaluation,0.009135850457215433,0.013590476573832624,LIVE,False,False,False,2024Q3
TR-006434,TR-C01554,2024-08-19,1,evaluation,0.6836846112839142,0.24723391669051084,LIVE,True,False,True,2024Q3
TR-006861,TR-C01224,2024-08-19,0,evaluation,0.0453422719254661,0.016071849178649893,LIVE,False,False,False,2024Q3
TR-007473,TR-C00380,2024-08-19,0,evaluation,0.7377542191731401,0.29750232882708666,LIVE,True,False,True,2024Q3
TR-007624,TR-C00976,2024-08-19,0,evaluation,0.1793020268318297,0.029750903040955404,LIVE,False,False,False,2024Q3
TR-008287,TR-C00408,2024-08-19,0,evaluation,0.07028830634525272,0.0180356640189122,LIVE,False,False,False,2024Q3
TR-009075,TR-C03874,2024-08-19,0,evaluation,0.14753811727155838,0.0257301146031443,LIVE,False,False,False,2024Q3
TR-009338,TR-C00599,2024-08-19,0,evaluation,0.08124494314978041,0.018970954110698064,LIVE,False,False,False,2024Q3
TR-001562,TR-C03738,2024-08-20,0,evaluation,0.3963429660829087,0.07839834815621817,LIVE,False,False,False,2024Q3
TR-002055,TR-C01828,2024-08-20,0,evaluation,0.7137055442747027,0.2744260806568336,LIVE,True,False,True,2024Q3
TR-003387,TR-C02610,2024-08-20,0,evaluation,0.12485845898929596,0.023188187036087736,LIVE,False,False,False,2024Q3
TR-003425,TR-C00249,2024-08-20,0,evaluation,0.18739143931798632,0.030868553353814665,LIVE,False,False,False,2024Q3
TR-004512,TR-C03538,2024-08-20,0,evaluation,0.05364270419710395,0.0167007399259407,LIVE,False,False,False,2024Q3
TR-006940,TR-C05740,2024-08-20,0,evaluation,0.8289964286302557,0.3940643826462768,LIVE,True,False,True,2024Q3
TR-007160,TR-C01324,2024-08-20,0,evaluation,0.14888109616756862,0.025888864251341195,LIVE,False,False,False,2024Q3
TR-008809,TR-C00644,2024-08-20,0,evaluation,0.40635274423887996,0.08186665584547631,LIVE,False,False,False,2024Q3
TR-000624,TR-C05262,2024-08-21,1,evaluation,0.3030915480782903,0.052019425521147696,LIVE,False,False,False,2024Q3
TR-003708,TR-C03046,2024-08-21,0,evaluation,0.7924473430195431,0.3538658878651384,LIVE,True,False,True,2024Q3
TR-004776,TR-C05696,2024-08-21,0,evaluation,0.020864810820065492,0.014349871187795443,LIVE,False,False,False,2024Q3
TR-006936,TR-C01158,2024-08-21,0,evaluation,0.733400855382552,0.29324271193588247,LIVE,True,False,True,2024Q3
TR-008782,TR-C04004,2024-08-21,1,evaluation,0.6637059263195106,0.23017094826537102,LIVE,True,False,True,2024Q3
TR-009700,TR-C05219,2024-08-21,0,evaluation,0.8716372031676094,0.4428037901549793,LIVE,True,False,True,2024Q3
TR-000482,TR-C01980,2024-08-22,0,evaluation,0.5341287251156124,0.13985045379048214,LIVE,False,False,False,2024Q3
TR-002317,TR-C04384,2024-08-22,0,evaluation,0.4601203857989242,0.10298669167928959,LIVE,False,False,False,2024Q3
TR-002911,TR-C01031,2024-08-22,0,evaluation,0.05771456455993193,0.017018032036437276,LIVE,False,False,False,2024Q3
TR-003218,TR-C01940,2024-08-22,0,evaluation,0.17750006955845565,0.029507335046829054,LIVE,False,False,False,2024Q3
TR-004235,TR-C01777,2024-08-22,0,evaluation,0.03978222975206407,0.01566367524417727,LIVE,False,False,False,2024Q3
TR-005221,TR-C06176,2024-08-22,1,evaluation,0.4418339135978064,0.09531135962088365,LIVE,False,False,False,2024Q3
TR-008532,TR-C00734,2024-08-22,0,evaluation,0.26375403494887945,0.04361932277523929,LIVE,False,False,False,2024Q3
TR-009358,TR-C01631,2024-08-22,0,evaluation,0.22322528297704297,0.03632684393903721,LIVE,False,False,False,2024Q3
TR-009941,TR-C06437,2024-08-22,0,evaluation,0.12249905667255072,0.022938264186455247,LIVE,False,False,False,2024Q3
TR-000980,TR-C00015,2024-08-23,0,evaluation,0.06986442086324803,0.01800040413067411,LIVE,False,False,False,2024Q3
TR-001266,TR-C04295,2024-08-23,0,evaluation,0.09611596212447596,0.020316836684761405,LIVE,False,False,False,2024Q3
TR-001398,TR-C02338,2024-08-23,0,evaluation,0.014272860320943211,0.013918069515360149,LIVE,False,False,False,2024Q3
TR-001672,TR-C06342,2024-08-23,0,evaluation,0.056373308466501855,0.016912868272989903,LIVE,False,False,False,2024Q3
TR-003036,TR-C05161,2024-08-23,0,evaluation,0.09537408946070355,0.02024753141011855,LIVE,False,False,False,2024Q3
TR-003389,TR-C03206,2024-08-23,0,evaluation,0.14789046571860942,0.02577167275262929,LIVE,False,False,False,2024Q3
TR-008663,TR-C06147,2024-08-23,0,evaluation,0.056168146310096055,0.016896838558253625,LIVE,False,False,False,2024Q3
TR-008678,TR-C04595,2024-08-23,0,evaluation,0.0314211668902465,0.015069006838026418,LIVE,False,False,False,2024Q3
TR-009898,TR-C01429,2024-08-23,0,evaluation,0.05656255408822015,0.016927667648903248,LIVE,False,False,False,2024Q3
TR-000063,TR-C06458,2024-08-24,0,evaluation,0.03412922767687079,0.015259138372414622,LIVE,False,False,False,2024Q3
TR-001631,TR-C00065,2024-08-24,0,evaluation,0.010594815423942772,0.013682735432553328,LIVE,False,False,False,2024Q3
TR-002202,TR-C04966,2024-08-24,0,evaluation,0.4567168044320329,0.10151783883691866,LIVE,False,False,False,2024Q3
TR-005334,TR-C00118,2024-08-24,0,evaluation,0.34048336277694974,0.061403134408353814,LIVE,False,False,False,2024Q3
TR-005383,TR-C06424,2024-08-24,0,evaluation,0.22518376949971058,0.03665055283657187,LIVE,False,False,False,2024Q3
TR-006231,TR-C02328,2024-08-24,0,evaluation,0.08224568119698153,0.019058714035976008,LIVE,False,False,False,2024Q3
TR-006492,TR-C00034,2024-08-24,0,evaluation,0.09489242358927957,0.0202026585045974,LIVE,False,False,False,2024Q3
TR-006513,TR-C00238,2024-08-24,0,evaluation,0.07593555283785496,0.018511934259412065,LIVE,False,False,False,2024Q3
TR-006736,TR-C05156,2024-08-24,0,evaluation,0.07337501727149554,0.018294476919638106,LIVE,False,False,False,2024Q3
TR-006858,TR-C02506,2024-08-24,0,evaluation,0.014713927364250463,0.013946557126221466,LIVE,False,False,False,2024Q3
TR-007884,TR-C06338,2024-08-24,0,evaluation,0.1439032352016396,0.025305185177597087,LIVE,False,False,False,2024Q3
TR-008062,TR-C05431,2024-08-24,0,evaluation,0.029521728307835803,0.014937042123849019,LIVE,False,False,False,2024Q3
TR-009250,TR-C05990,2024-08-24,0,evaluation,0.22412134799239847,0.036474607402525686,LIVE,False,False,False,2024Q3
TR-007867,TR-C00963,2024-08-25,1,evaluation,0.5858558107966063,0.17173991426171226,LIVE,False,True,True,2024Q3
TR-008088,TR-C04535,2024-08-25,0,evaluation,0.27413327691249395,0.045700886741650085,LIVE,False,False,False,2024Q3
TR-009114,TR-C00856,2024-08-25,0,evaluation,0.1920907184085898,0.0315363722222639,LIVE,False,False,False,2024Q3
TR-003096,TR-C00851,2024-08-26,0,evaluation,0.23237422781016526,0.0378629835518119,LIVE,False,False,False,2024Q3
TR-004985,TR-C01886,2024-08-26,0,evaluation,0.09968607572175968,0.020653616321037505,LIVE,False,False,False,2024Q3
TR-006273,TR-C05392,2024-08-26,0,evaluation,0.03135407164058944,0.015064325851559156,LIVE,False,False,False,2024Q3
TR-006657,TR-C01033,2024-08-26,0,evaluation,0.021971918406071985,0.014423675275844698,LIVE,False,False,False,2024Q3
TR-008784,TR-C05561,2024-08-26,0,evaluation,0.09599411302008547,0.020305437695355782,LIVE,False,False,False,2024Q3
TR-009245,TR-C01811,2024-08-26,0,evaluation,0.038742817419865815,0.015588509643419445,LIVE,False,False,False,2024Q3
TR-000336,TR-C06318,2024-08-27,0,evaluation,0.13928398278454834,0.024775033117658257,LIVE,False,False,False,2024Q3
TR-001179,TR-C05430,2024-08-27,0,evaluation,0.027886462412495157,0.014824343160574033,LIVE,False,False,False,2024Q3
TR-002368,TR-C05110,2024-08-27,1,evaluation,0.28527895239209017,0.04804133387398292,LIVE,False,False,False,2024Q3
TR-003225,TR-C02418,2024-08-27,0,evaluation,0.07694931080341619,0.018598728247436063,LIVE,False,False,False,2024Q3
TR-003677,TR-C00278,2024-08-27,0,evaluation,0.08709236450008212,0.0194894086353055,LIVE,False,False,False,2024Q3
TR-003982,TR-C01096,2024-08-27,0,evaluation,0.7408784516827216,0.3005811611082994,LIVE,True,False,True,2024Q3
TR-005829,TR-C00745,2024-08-27,0,evaluation,0.06372823599520556,0.017497498268024953,LIVE,False,False,False,2024Q3
TR-006128,TR-C05969,2024-08-27,0,evaluation,0.02505680648064033,0.014631304668611761,LIVE,False,False,False,2024Q3
TR-007134,TR-C01910,2024-08-27,0,evaluation,0.20208280440485815,0.03300311939567463,LIVE,False,False,False,2024Q3
TR-007221,TR-C05405,2024-08-27,0,evaluation,0.19637959088128076,0.03215805195592686,LIVE,False,False,False,2024Q3
TR-007597,TR-C06222,2024-08-27,0,evaluation,0.13508969633727544,0.024303041754213203,LIVE,False,False,False,2024Q3
TR-008687,TR-C04740,2024-08-27,0,evaluation,0.04182832717177454,0.015812683335381664,LIVE,False,False,False,2024Q3
TR-009607,TR-C05587,2024-08-27,0,evaluation,0.8281648956998919,0.39313131237200566,LIVE,True,False,True,2024Q3
TR-000430,TR-C01840,2024-08-28,0,evaluation,0.048156777793678475,0.016282438570125554,LIVE,False,False,False,2024Q3
TR-001528,TR-C02281,2024-08-28,0,evaluation,0.07650556942862335,0.018560687827431574,LIVE,False,False,False,2024Q3
TR-003443,TR-C05553,2024-08-28,0,evaluation,0.05660096811955972,0.016930673254437582,LIVE,False,False,False,2024Q3
TR-005179,TR-C04299,2024-08-28,0,evaluation,0.43076912389404165,0.0909193329219646,LIVE,False,False,False,2024Q3
TR-005297,TR-C02893,2024-08-28,0,evaluation,0.04265880198942979,0.01587356025153223,LIVE,False,False,False,2024Q3
TR-006360,TR-C01284,2024-08-28,1,evaluation,0.20983389124656807,0.03418607826478066,LIVE,False,False,False,2024Q3
TR-006833,TR-C04234,2024-08-28,0,evaluation,0.5250866997865692,0.1348147267949624,LIVE,False,False,False,2024Q3
TR-007011,TR-C00397,2024-08-28,0,evaluation,0.2613154257703557,0.04314354695568196,LIVE,False,False,False,2024Q3
TR-007365,TR-C02732,2024-08-28,0,evaluation,0.27017270211455424,0.04489565985980388,LIVE,False,False,False,2024Q3
TR-008040,TR-C05186,2024-08-28,0,evaluation,0.1306665851731784,0.02381480028725092,LIVE,False,False,False,2024Q3
TR-008682,TR-C02950,2024-08-28,0,evaluation,0.7440458552802838,0.3037210019122275,LIVE,True,False,True,2024Q3
TR-008720,TR-C06421,2024-08-28,0,evaluation,0.06938111355656357,0.01796028394159642,LIVE,False,False,False,2024Q3
TR-009074,TR-C00191,2024-08-28,0,evaluation,0.36076942530973927,0.0671350916401826,LIVE,False,False,False,2024Q3
TR-009166,TR-C01646,2024-08-28,0,evaluation,0.05193873044123799,0.0165696934292353,LIVE,False,False,False,2024Q3
TR-000531,TR-C03271,2024-08-29,0,evaluation,0.10155776318666601,0.02083235571249271,LIVE,False,False,False,2024Q3
TR-000738,TR-C04177,2024-08-29,0,evaluation,0.012548920146678985,0.013807273065751868,LIVE,False,False,False,2024Q3
TR-001184,TR-C05096,2024-08-29,0,evaluation,0.2929001407767291,0.049706741629516465,LIVE,False,False,False,2024Q3
TR-001359,TR-C01910,2024-08-29,0,evaluation,0.16986227865679643,0.028496244879159846,LIVE,False,False,False,2024Q3
TR-002857,TR-C01455,2024-08-29,0,evaluation,0.5043018212198281,0.12381822630519115,LIVE,False,False,False,2024Q3
TR-002951,TR-C05838,2024-08-29,0,evaluation,0.04303585855941539,0.015901275968820162,LIVE,False,False,False,2024Q3
TR-004389,TR-C05201,2024-08-29,0,evaluation,0.1315710033111598,0.023913849174193168,LIVE,False,False,False,2024Q3
TR-005219,TR-C01795,2024-08-29,0,evaluation,0.37231846855613954,0.070616506062026,LIVE,False,False,False,2024Q3
TR-006469,TR-C04483,2024-08-29,0,evaluation,0.09120535730714595,0.019862376085302526,LIVE,False,False,False,2024Q3
TR-008350,TR-C06080,2024-08-29,0,evaluation,0.028228001150383448,0.014847811863205156,LIVE,False,False,False,2024Q3
TR-009154,TR-C00479,2024-08-29,0,evaluation,0.1257843222748621,0.023286984951775672,LIVE,False,False,False,2024Q3
TR-000044,TR-C01277,2024-08-30,0,evaluation,0.22147252681561752,0.036039473626717645,LIVE,False,False,False,2024Q3
TR-000102,TR-C02850,2024-08-30,0,evaluation,0.1800238278851393,0.029849013585365444,LIVE,False,False,False,2024Q3
TR-000145,TR-C01976,2024-08-30,0,evaluation,0.1161619883362177,0.022279952253776283,LIVE,False,False,False,2024Q3
TR-001478,TR-C05605,2024-08-30,1,evaluation,0.2509699641100909,0.04117970809460369,LIVE,False,False,False,2024Q3
TR-001505,TR-C03205,2024-08-30,0,evaluation,0.46283510763737895,0.10417171578300326,LIVE,False,False,False,2024Q3
TR-002295,TR-C03366,2024-08-30,0,evaluation,0.05655347591576315,0.01692695742762256,LIVE,False,False,False,2024Q3
TR-003637,TR-C01128,2024-08-30,0,evaluation,0.018839948518743994,0.014215847540873173,LIVE,False,False,False,2024Q3
TR-003911,TR-C03096,2024-08-30,0,evaluation,0.547158110387967,0.14738284478473607,LIVE,False,False,False,2024Q3
TR-005648,TR-C01709,2024-08-30,0,evaluation,0.15530247472737252,0.02666118711215291,LIVE,False,False,False,2024Q3
TR-009296,TR-C01517,2024-08-30,0,evaluation,0.15313563350871345,0.0263981001174879,LIVE,False,False,False,2024Q3
TR-001045,TR-C01695,2024-08-31,0,evaluation,0.08854346756128535,0.019620204836236322,LIVE,False,False,False,2024Q3
TR-004836,TR-C02886,2024-08-31,0,evaluation,0.28243622395680024,0.04743380301095887,LIVE,False,False,False,2024Q3
TR-007852,TR-C05822,2024-08-31,0,evaluation,0.07374444391293784,0.018325695592493335,LIVE,False,False,False,2024Q3
TR-009710,TR-C00545,2024-08-31,0,evaluation,0.15913551974820503,0.027132834599095802,LIVE,False,False,False,2024Q3
TR-000011,TR-C04560,2024-09-01,0,evaluation,0.018702696490829403,0.014206807740494383,LIVE,False,False,False,2024Q3
TR-000395,TR-C04147,2024-09-01,0,evaluation,0.19313622276747175,0.031686839754732944,LIVE,False,False,False,2024Q3
TR-001165,TR-C02988,2024-09-01,0,evaluation,0.6255493402736401,0.1999297860034503,LIVE,True,False,True,2024Q3
TR-001519,TR-C02218,2024-09-01,0,evaluation,0.023565110604636435,0.014530540490962859,LIVE,False,False,False,2024Q3
TR-003244,TR-C01039,2024-09-01,0,evaluation,0.01577880457981321,0.014015572489513014,LIVE,False,False,False,2024Q3
TR-004259,TR-C04826,2024-09-01,0,evaluation,0.006377874807442604,0.013417746684734626,LIVE,False,False,False,2024Q3
TR-005470,TR-C05710,2024-09-01,0,evaluation,0.03341803761173222,0.01520897860170222,LIVE,False,False,False,2024Q3
TR-005505,TR-C00510,2024-09-01,0,evaluation,0.7216906557763478,0.28196400129852617,LIVE,True,False,True,2024Q3
TR-006714,TR-C06373,2024-09-01,0,evaluation,0.0635948027298426,0.017486717147519048,LIVE,False,False,False,2024Q3
TR-007114,TR-C01550,2024-09-01,0,evaluation,0.25827419861397055,0.0425571413103857,LIVE,False,False,False,2024Q3
TR-007266,TR-C04112,2024-09-01,0,evaluation,0.09461001055475553,0.02017639368095313,LIVE,False,False,False,2024Q3
TR-007568,TR-C02293,2024-09-01,0,evaluation,0.13541111990537597,0.024338899842087383,LIVE,False,False,False,2024Q3
TR-009235,TR-C01934,2024-09-01,0,evaluation,0.7618158578851241,0.3216720986113615,LIVE,True,False,True,2024Q3
TR-009269,TR-C06420,2024-09-01,0,evaluation,0.5348641432634558,0.14026687657450926,LIVE,False,False,False,2024Q3
TR-000550,TR-C05746,2024-09-02,0,evaluation,0.8660968372091173,0.4363871379763199,LIVE,True,False,True,2024Q3
TR-002190,TR-C02412,2024-09-02,0,evaluation,0.5771770409072585,0.16601353452226966,LIVE,False,True,True,2024Q3
TR-002339,TR-C05226,2024-09-02,0,evaluation,0.04899984960492062,0.016346046158497406,LIVE,False,False,False,2024Q3
TR-003322,TR-C02552,2024-09-02,0,evaluation,0.3870706580925238,0.07530603949345462,LIVE,False,False,False,2024Q3
TR-005298,TR-C03654,2024-09-02,0,evaluation,0.8430960384530664,0.4099983053168314,LIVE,True,False,True,2024Q3
TR-005949,TR-C00678,2024-09-02,0,evaluation,0.05415653655083402,0.016740456484260174,LIVE,False,False,False,2024Q3
TR-008554,TR-C06454,2024-09-02,0,evaluation,0.01964533836582228,0.014269007103207646,LIVE,False,False,False,2024Q3
TR-009318,TR-C04405,2024-09-02,0,evaluation,0.02967990796067618,0.01494798817537777,LIVE,False,False,False,2024Q3
TR-009585,TR-C03207,2024-09-02,1,evaluation,0.9030786389041834,0.4795180137876583,LIVE,True,False,True,2024Q3
TR-002902,TR-C01010,2024-09-03,0,evaluation,0.234513494712591,0.038231076862722126,LIVE,False,False,False,2024Q3
TR-007892,TR-C03068,2024-09-03,0,evaluation,0.5796653585694265,0.16763955166628577,LIVE,False,True,True,2024Q3
TR-008345,TR-C02382,2024-09-03,0,evaluation,0.045474073144075096,0.016081650858283125,LIVE,False,False,False,2024Q3
TR-008458,TR-C01156,2024-09-03,0,evaluation,0.024931531760063276,0.014622815938551467,LIVE,False,False,False,2024Q3
TR-009572,TR-C05758,2024-09-03,0,evaluation,0.07155256712446165,0.018141231640011326,LIVE,False,False,False,2024Q3
TR-002233,TR-C06273,2024-09-04,0,evaluation,0.09606724106133269,0.02031227807534827,LIVE,False,False,False,2024Q3
TR-003226,TR-C02718,2024-09-04,0,evaluation,0.561380764992758,0.1559848561857697,LIVE,False,True,True,2024Q3
TR-004556,TR-C04986,2024-09-04,0,evaluation,0.022602329742892,0.014465867941593371,LIVE,False,False,False,2024Q3
TR-005050,TR-C05799,2024-09-04,0,evaluation,0.36179914341032565,0.06743891312195881,LIVE,False,False,False,2024Q3
TR-005741,TR-C00841,2024-09-04,0,evaluation,0.03979426431012823,0.015664547614412515,LIVE,False,False,False,2024Q3
TR-006126,TR-C00072,2024-09-04,0,evaluation,0.07725423238422721,0.01862491245145608,LIVE,False,False,False,2024Q3
TR-006197,TR-C05371,2024-09-04,0,evaluation,0.1697558761480307,0.02848239955385496,LIVE,False,False,False,2024Q3
TR-006218,TR-C00085,2024-09-04,0,evaluation,0.05492597498919622,0.01680010372404533,LIVE,False,False,False,2024Q3
TR-006638,TR-C04728,2024-09-04,0,evaluation,0.08856321304140155,0.019621990528280415,LIVE,False,False,False,2024Q3
TR-006661,TR-C03825,2024-09-04,1,evaluation,0.8389881396654433,0.4053348376731262,LIVE,True,False,True,2024Q3
TR-009486,TR-C02198,2024-09-04,0,evaluation,0.4772265986530207,0.11065688668407506,LIVE,False,False,False,2024Q3
TR-000742,TR-C01597,2024-09-05,0,evaluation,0.06458032925945544,0.017566499690152747,LIVE,False,False,False,2024Q3
TR-000748,TR-C04838,2024-09-05,0,evaluation,0.012800357821890705,0.013823378457471147,LIVE,False,False,False,2024Q3
TR-001488,TR-C02201,2024-09-05,0,evaluation,0.012017662427996165,0.0137733051194043,LIVE,False,False,False,2024Q3
TR-003517,TR-C02427,2024-09-05,0,evaluation,0.009416844409074648,0.013608197630548423,LIVE,False,False,False,2024Q3
TR-005020,TR-C03779,2024-09-05,0,evaluation,0.0792114958024108,0.018793849560900838,LIVE,False,False,False,2024Q3
TR-005698,TR-C01242,2024-09-05,0,evaluation,0.491961272023326,0.11766023344867947,LIVE,False,False,False,2024Q3
TR-006366,TR-C01130,2024-09-05,0,evaluation,0.06169096569233966,0.0173336000713476,LIVE,False,False,False,2024Q3
TR-000952,TR-C01664,2024-09-06,1,evaluation,0.5918772352116075,0.17580419929747004,LIVE,True,True,True,2024Q3
TR-001141,TR-C03693,2024-09-06,0,evaluation,0.06908092836793428,0.01793540925016207,LIVE,False,False,False,2024Q3
TR-001812,TR-C02145,2024-09-06,0,evaluation,0.13018082700985845,0.023761766985631108,LIVE,False,False,False,2024Q3
TR-002838,TR-C02497,2024-09-06,0,evaluation,0.015133730838759357,0.01397372475764755,LIVE,False,False,False,2024Q3
TR-003524,TR-C03244,2024-09-06,1,evaluation,0.3542144960098737,0.06523064397027986,LIVE,False,False,False,2024Q3
TR-003791,TR-C02733,2024-09-06,0,evaluation,0.048077705698363137,0.016276485285634846,LIVE,False,False,False,2024Q3
TR-004864,TR-C04505,2024-09-06,0,evaluation,0.07841980857745662,0.018725336462441625,LIVE,False,False,False,2024Q3
TR-005096,TR-C01111,2024-09-06,0,evaluation,0.03242602925822365,0.015139283946904935,LIVE,False,False,False,2024Q3
TR-006407,TR-C00296,2024-09-06,0,evaluation,0.0279287419268215,0.014827246398403708,LIVE,False,False,False,2024Q3
TR-008607,TR-C05142,2024-09-06,0,evaluation,0.1121614818102668,0.021873912979948486,LIVE,False,False,False,2024Q3
TR-009462,TR-C03563,2024-09-06,0,evaluation,0.18556554230842953,0.030612783851755188,LIVE,False,False,False,2024Q3
TR-000390,TR-C00623,2024-09-07,0,evaluation,0.055648459285998444,0.016856301194172828,LIVE,False,False,False,2024Q3
TR-000446,TR-C05868,2024-09-07,0,evaluation,0.021108666256404018,0.014366095513625271,LIVE,False,False,False,2024Q3
TR-000874,TR-C03506,2024-09-07,0,evaluation,0.42917550476879535,0.09030197965622973,LIVE,False,False,False,2024Q3
TR-002586,TR-C06263,2024-09-07,0,evaluation,0.5310517377253936,0.13811935889953778,LIVE,False,False,False,2024Q3
TR-002645,TR-C00003,2024-09-07,0,evaluation,0.034320410356568076,0.01527265011475813,LIVE,False,False,False,2024Q3
TR-004977,TR-C06246,2024-09-07,0,evaluation,0.906680500207149,0.48374566837991423,LIVE,True,False,True,2024Q3
TR-005691,TR-C02312,2024-09-07,0,evaluation,0.08823816356041918,0.019592614780767303,LIVE,False,False,False,2024Q3
TR-006147,TR-C04434,2024-09-07,0,evaluation,0.0667810725010082,0.017745951847608743,LIVE,False,False,False,2024Q3
TR-006161,TR-C01331,2024-09-07,0,evaluation,0.26195790832076765,0.04326841317720299,LIVE,False,False,False,2024Q3
TR-007353,TR-C04744,2024-09-07,1,evaluation,0.0485556417936208,0.016312501430993435,LIVE,False,False,False,2024Q3
TR-007652,TR-C05187,2024-09-07,0,evaluation,0.1523195222175577,0.026299668165478917,LIVE,False,False,False,2024Q3
TR-007683,TR-C01775,2024-09-07,0,evaluation,0.08498081008392705,0.01930060750562619,LIVE,False,False,False,2024Q3
TR-000401,TR-C02203,2024-09-08,0,evaluation,0.030980497666117525,0.015038289150782785,LIVE,False,False,False,2024Q3
TR-001840,TR-C03857,2024-09-08,0,evaluation,0.588067173303963,0.17322379930599316,LIVE,False,True,True,2024Q3
TR-004240,TR-C03004,2024-09-08,0,evaluation,0.11663781902169829,0.022328735086949963,LIVE,False,False,False,2024Q3
TR-004421,TR-C00624,2024-09-08,0,evaluation,0.12337948267158401,0.023031215349437452,LIVE,False,False,False,2024Q3
TR-004562,TR-C05670,2024-09-08,0,evaluation,0.2580352933236231,0.042511399898678276,LIVE,False,False,False,2024Q3
TR-005797,TR-C04938,2024-09-08,0,evaluation,0.19984810908173312,0.032669469917605005,LIVE,False,False,False,2024Q3
TR-007157,TR-C04069,2024-09-08,0,evaluation,0.056367292966995046,0.016912398057805898,LIVE,False,False,False,2024Q3
TR-007171,TR-C04620,2024-09-08,0,evaluation,0.4582082725975499,0.10215919726062828,LIVE,False,False,False,2024Q3
TR-009437,TR-C06152,2024-09-08,0,evaluation,0.043323796538992966,0.015922473038881124,LIVE,False,False,False,2024Q3
TR-001916,TR-C02918,2024-09-09,0,evaluation,0.01639103651647741,0.014055403938890937,LIVE,False,False,False,2024Q3
TR-003751,TR-C02624,2024-09-09,0,evaluation,0.007594803224531214,0.013493693406108127,LIVE,False,False,False,2024Q3
TR-004141,TR-C00999,2024-09-09,0,evaluation,0.2867947776355071,0.048368300255442254,LIVE,False,False,False,2024Q3
TR-004703,TR-C04340,2024-09-09,0,evaluation,0.00679917321428003,0.013443991464206082,LIVE,False,False,False,2024Q3
TR-005230,TR-C04972,2024-09-09,0,evaluation,0.8104641463963744,0.37346368087434123,LIVE,True,False,True,2024Q3
TR-007989,TR-C03885,2024-09-09,0,evaluation,0.010605710495834695,0.013683426709529637,LIVE,False,False,False,2024Q3
TR-009082,TR-C00339,2024-09-09,0,evaluation,0.05117833212632791,0.01651154065340106,LIVE,False,False,False,2024Q3
TR-000775,TR-C05057,2024-09-10,0,evaluation,0.020871381517616406,0.014350308116309047,LIVE,False,False,False,2024Q3
TR-003822,TR-C03561,2024-09-10,1,evaluation,0.5936522695498531,0.17701664424214533,LIVE,True,True,True,2024Q3
TR-008276,TR-C05222,2024-09-10,0,evaluation,0.16722570009147428,0.028155084907586236,LIVE,False,False,False,2024Q3
TR-009831,TR-C01351,2024-09-10,0,evaluation,0.4830282430554992,0.11336976280338369,LIVE,False,False,False,2024Q3
TR-000565,TR-C04206,2024-09-11,0,evaluation,0.1980390292142996,0.0324017559937939,LIVE,False,False,False,2024Q3
TR-001377,TR-C03451,2024-09-11,0,evaluation,0.1779992713524612,0.029574617157724335,LIVE,False,False,False,2024Q3
TR-001611,TR-C03803,2024-09-11,1,evaluation,0.0777763973874612,0.018669835780997953,LIVE,False,False,False,2024Q3
TR-006115,TR-C03812,2024-09-11,1,evaluation,0.18018925665159793,0.029871543563092635,LIVE,False,False,False,2024Q3
TR-006992,TR-C05605,2024-09-11,0,evaluation,0.061953217159427455,0.017354613304673767,LIVE,False,False,False,2024Q3
TR-008642,TR-C04659,2024-09-11,0,evaluation,0.14093520618360245,0.024963289388192027,LIVE,False,False,False,2024Q3
TR-009334,TR-C03465,2024-09-11,0,evaluation,0.4889874612053677,0.11621652947756624,LIVE,False,False,False,2024Q3
TR-000004,TR-C04828,2024-09-12,1,evaluation,0.14190960694865842,0.025075034197201456,LIVE,False,False,False,2024Q3
TR-000345,TR-C02757,2024-09-12,0,evaluation,0.3202346126646156,0.056140415982854366,LIVE,False,False,False,2024Q3
TR-000575,TR-C02700,2024-09-12,0,evaluation,0.1059602183810705,0.021258763341289524,LIVE,False,False,False,2024Q3
TR-001369,TR-C00000,2024-09-12,0,evaluation,0.19227373975448056,0.031562662396762906,LIVE,False,False,False,2024Q3
TR-004097,TR-C06076,2024-09-12,1,evaluation,0.5863738867877029,0.1720866512755579,LIVE,False,True,True,2024Q3
TR-004393,TR-C05995,2024-09-12,0,evaluation,0.3151351384048879,0.0548834821170626,LIVE,False,False,False,2024Q3
TR-004407,TR-C01809,2024-09-12,0,evaluation,0.16413528663388616,0.02776024841937003,LIVE,False,False,False,2024Q3
TR-006470,TR-C00306,2024-09-12,0,evaluation,0.715526692848233,0.2761341714494138,LIVE,True,False,True,2024Q3
TR-007119,TR-C01083,2024-09-12,0,evaluation,0.5958926772306161,0.17855632172580524,LIVE,True,True,True,2024Q3
TR-007911,TR-C05234,2024-09-12,0,evaluation,0.44001753882393707,0.09457757264828964,LIVE,False,False,False,2024Q3
TR-008769,TR-C03399,2024-09-12,0,evaluation,0.022433859150975503,0.014454580516700516,LIVE,False,False,False,2024Q3
TR-008905,TR-C02541,2024-09-12,0,evaluation,0.3215066203494117,0.056458138037098454,LIVE,False,False,False,2024Q3
TR-009937,TR-C01075,2024-09-12,0,evaluation,0.4174515818357767,0.08587524463355468,LIVE,False,False,False,2024Q3
TR-000016,TR-C02179,2024-09-13,0,evaluation,0.7434219214895238,0.3031010358003095,LIVE,True,False,True,2024Q3
TR-002928,TR-C01635,2024-09-13,0,evaluation,0.027705152566759643,0.014811899374625803,LIVE,False,False,False,2024Q3
TR-004511,TR-C04780,2024-09-13,0,evaluation,0.06927206231000922,0.017951243551557063,LIVE,False,False,False,2024Q3
TR-004570,TR-C06195,2024-09-13,0,evaluation,0.03076098922363218,0.015023010912467027,LIVE,False,False,False,2024Q3
TR-005181,TR-C00120,2024-09-13,1,evaluation,0.45289004049500287,0.09988857619941305,LIVE,False,False,False,2024Q3
TR-007717,TR-C04564,2024-09-13,0,evaluation,0.7041879150515761,0.2656069828689161,LIVE,True,False,True,2024Q3
TR-008549,TR-C00716,2024-09-13,1,evaluation,0.8259563585335783,0.39065689387971747,LIVE,True,False,True,2024Q3
TR-001317,TR-C05910,2024-09-14,0,evaluation,0.38027696024225877,0.07311188173681459,LIVE,False,False,False,2024Q3
TR-001629,TR-C02882,2024-09-14,0,evaluation,0.08945165021225641,0.01970250178241038,LIVE,False,False,False,2024Q3
TR-001837,TR-C00687,2024-09-14,0,evaluation,0.019277428046628988,0.01424469900879256,LIVE,False,False,False,2024Q3
TR-002960,TR-C01149,2024-09-14,0,evaluation,0.04419582558708332,0.015986838744435343,LIVE,False,False,False,2024Q3
TR-005738,TR-C01322,2024-09-14,0,evaluation,0.11403875119829984,0.022063541304016884,LIVE,False,False,False,2024Q3
TR-006288,TR-C03228,2024-09-14,0,evaluation,0.023541893069947844,0.01452897756056627,LIVE,False,False,False,2024Q3
TR-006934,TR-C06082,2024-09-14,1,evaluation,0.8314057640128304,0.3967722620882565,LIVE,True,False,True,2024Q3
TR-007490,TR-C01164,2024-09-14,0,evaluation,0.08768679247513703,0.01954288416515516,LIVE,False,False,False,2024Q3
TR-007515,TR-C02774,2024-09-14,0,evaluation,0.05365966487267263,0.016702049418147166,LIVE,False,False,False,2024Q3
TR-008186,TR-C01356,2024-09-14,0,evaluation,0.3441459086732562,0.06240303267443811,LIVE,False,False,False,2024Q3
TR-008494,TR-C04306,2024-09-14,0,evaluation,0.23789036051869253,0.03881911976360591,LIVE,False,False,False,2024Q3
TR-008991,TR-C02848,2024-09-14,0,evaluation,0.19589541025198381,0.032087280072809435,LIVE,False,False,False,2024Q3
TR-009615,TR-C03053,2024-09-14,0,evaluation,0.009171309272169649,0.013592711550456504,LIVE,False,False,False,2024Q3
TR-000608,TR-C03408,2024-09-15,0,evaluation,0.48417907793726483,0.11391474557196599,LIVE,False,False,False,2024Q3
TR-000844,TR-C02240,2024-09-15,0,evaluation,0.07346120242991977,0.01830175538957279,LIVE,False,False,False,2024Q3
TR-001635,TR-C03912,2024-09-15,1,evaluation,0.14363273157120685,0.025273837113429037,LIVE,False,False,False,2024Q3
TR-003168,TR-C00692,2024-09-15,1,evaluation,0.3948231034032014,0.07788363185148084,LIVE,False,False,False,2024Q3
TR-003886,TR-C03530,2024-09-15,0,evaluation,0.32578350032394554,0.057538855543726064,LIVE,False,False,False,2024Q3
TR-004297,TR-C04636,2024-09-15,0,evaluation,0.6362023447513655,0.20806152669140457,LIVE,True,False,True,2024Q3
TR-005459,TR-C05587,2024-09-15,0,evaluation,0.24125971440053226,0.0394144997103165,LIVE,False,False,False,2024Q3
TR-008744,TR-C02671,2024-09-15,0,evaluation,0.060508136091073625,0.017239134523174278,LIVE,False,False,False,2024Q3
TR-009070,TR-C04603,2024-09-15,0,evaluation,0.012424831770669989,0.013799331626044934,LIVE,False,False,False,2024Q3
TR-009253,TR-C02676,2024-09-15,0,evaluation,0.009997446919302804,0.013644885905230202,LIVE,False,False,False,2024Q3
TR-009459,TR-C06428,2024-09-15,0,evaluation,0.30868725026505117,0.05333212246557479,LIVE,False,False,False,2024Q3
TR-000285,TR-C06118,2024-09-16,0,evaluation,0.14242076046642999,0.025133848292522167,LIVE,False,False,False,2024Q3
TR-001426,TR-C04064,2024-09-16,0,evaluation,0.2660338509136174,0.04406864358176502,LIVE,False,False,False,2024Q3
TR-004089,TR-C04761,2024-09-16,0,evaluation,0.018391869288553173,0.014186356734470171,LIVE,False,False,False,2024Q3
TR-004168,TR-C01268,2024-09-16,0,evaluation,0.385459235507256,0.07478018964732604,LIVE,False,False,False,2024Q3
TR-004319,TR-C01987,2024-09-16,0,evaluation,0.5171380226674036,0.1305151429225571,LIVE,False,False,False,2024Q3
TR-005412,TR-C02517,2024-09-16,0,evaluation,0.057198555935528465,0.01697749754878528,LIVE,False,False,False,2024Q3
TR-005600,TR-C05168,2024-09-16,0,evaluation,0.014283471381245678,0.013918754187923559,LIVE,False,False,False,2024Q3
TR-006255,TR-C05958,2024-09-16,0,evaluation,0.44287717143761424,0.09573511875742188,LIVE,False,False,False,2024Q3
TR-007194,TR-C01532,2024-09-16,0,evaluation,0.03399316629501086,0.015249529469629201,LIVE,False,False,False,2024Q3
TR-008092,TR-C04945,2024-09-16,0,evaluation,0.16181226422968545,0.027467001589221614,LIVE,False,False,False,2024Q3
TR-009983,TR-C00929,2024-09-16,0,evaluation,0.07461461868574096,0.018399437100415666,LIVE,False,False,False,2024Q3
TR-000188,TR-C04538,2024-09-17,0,evaluation,0.21899868510709328,0.035637600311204,LIVE,False,False,False,2024Q3
TR-001140,TR-C04909,2024-09-17,0,evaluation,0.05556196675311851,0.016849563765385486,LIVE,False,False,False,2024Q3
TR-001324,TR-C01990,2024-09-17,0,evaluation,0.05060838621871125,0.016468084669623493,LIVE,False,False,False,2024Q3
TR-002729,TR-C00372,2024-09-17,0,evaluation,0.09836296483695357,0.020528170596242012,LIVE,False,False,False,2024Q3
TR-002755,TR-C02422,2024-09-17,0,evaluation,0.2706015139758847,0.04498218495213333,LIVE,False,False,False,2024Q3
TR-004055,TR-C00736,2024-09-17,0,evaluation,0.6146628356704242,0.19186852191746923,LIVE,True,True,True,2024Q3
TR-004628,TR-C06344,2024-09-17,1,evaluation,0.6227049939285945,0.19779937166160141,LIVE,True,False,True,2024Q3
TR-004846,TR-C05995,2024-09-17,0,evaluation,0.052351310239022494,0.01660133040204596,LIVE,False,False,False,2024Q3
TR-005920,TR-C00958,2024-09-17,0,evaluation,0.07339824763680752,0.01829643848022807,LIVE,False,False,False,2024Q3
TR-006613,TR-C06056,2024-09-17,0,evaluation,0.2128683465902417,0.03466024746348132,LIVE,False,False,False,2024Q3
TR-007025,TR-C02363,2024-09-17,0,evaluation,0.349249306050446,0.063821651347419,LIVE,False,False,False,2024Q3
TR-008512,TR-C04466,2024-09-17,0,evaluation,0.6572454631062085,0.22483327219174712,LIVE,True,False,True,2024Q3
TR-009370,TR-C02899,2024-09-17,0,evaluation,0.03315835871737476,0.015190704107054526,LIVE,False,False,False,2024Q3
TR-009426,TR-C03663,2024-09-17,0,evaluation,0.03687040081910647,0.015453999639760737,LIVE,False,False,False,2024Q3
TR-009626,TR-C05116,2024-09-17,0,evaluation,0.027426169953997947,0.014792772134444009,LIVE,False,False,False,2024Q3
TR-000857,TR-C00761,2024-09-18,0,evaluation,0.2882160431631053,0.048676787708385544,LIVE,False,False,False,2024Q3
TR-001904,TR-C03694,2024-09-18,0,evaluation,0.23277545624190268,0.03793176062516879,LIVE,False,False,False,2024Q3
TR-003432,TR-C05621,2024-09-18,0,evaluation,0.3913462003672202,0.07671776168622084,LIVE,False,False,False,2024Q3
TR-005973,TR-C00577,2024-09-18,0,evaluation,0.033933040696331275,0.015245285188373408,LIVE,False,False,False,2024Q3
TR-007547,TR-C02877,2024-09-18,1,evaluation,0.30632035648970796,0.05277310009616006,LIVE,False,False,False,2024Q3
TR-008298,TR-C03259,2024-09-18,0,evaluation,0.15320462349341815,0.02640643747559507,LIVE,False,False,False,2024Q3
TR-008783,TR-C06344,2024-09-18,0,evaluation,0.15191875212956946,0.02625146174088469,LIVE,False,False,False,2024Q3
TR-009822,TR-C02446,2024-09-18,1,evaluation,0.8727781839117682,0.4441276793308628,LIVE,True,False,True,2024Q3
TR-000053,TR-C01406,2024-09-19,0,evaluation,0.00422979912863459,0.013284716086896648,LIVE,False,False,False,2024Q3
TR-000503,TR-C04515,2024-09-19,0,evaluation,0.04906859268600211,0.01635124340782155,LIVE,False,False,False,2024Q3
TR-000636,TR-C03962,2024-09-19,0,evaluation,0.0917013520065907,0.01990782287587779,LIVE,False,False,False,2024Q3
TR-000673,TR-C01234,2024-09-19,0,evaluation,0.008552854651741491,0.013553782147443917,LIVE,False,False,False,2024Q3
TR-001972,TR-C02718,2024-09-19,0,evaluation,0.06859522371576657,0.01789523320078953,LIVE,False,False,False,2024Q3
TR-002002,TR-C00943,2024-09-19,0,evaluation,0.03693031938486818,0.015458286301443771,LIVE,False,False,False,2024Q3
TR-002464,TR-C01351,2024-09-19,0,evaluation,0.3563309094734425,0.06583998085621201,LIVE,False,False,False,2024Q3
TR-002930,TR-C00439,2024-09-19,0,evaluation,0.20488310671049342,0.0334258645171705,LIVE,False,False,False,2024Q3
TR-003413,TR-C04265,2024-09-19,0,evaluation,0.5700711708839218,0.16143967725135244,LIVE,False,True,True,2024Q3
TR-004381,TR-C05225,2024-09-19,0,evaluation,0.5543947124754084,0.15170954183595767,LIVE,False,False,False,2024Q3
TR-005719,TR-C03314,2024-09-19,0,evaluation,0.23068284749194531,0.03757436825957199,LIVE,False,False,False,2024Q3
TR-005971,TR-C03587,2024-09-19,0,evaluation,0.1907226921105078,0.03134053146936044,LIVE,False,False,False,2024Q3
TR-006314,TR-C05709,2024-09-19,1,evaluation,0.7267947325115064,0.28684755456480204,LIVE,True,False,True,2024Q3
TR-007330,TR-C03745,2024-09-19,0,evaluation,0.25211198434411297,0.041392221343586576,LIVE,False,False,False,2024Q3
TR-009363,TR-C02432,2024-09-19,0,evaluation,0.05216038388770478,0.016586682630370903,LIVE,False,False,False,2024Q3
TR-004313,TR-C01885,2024-09-20,0,evaluation,0.02576500935555266,0.014679384519339221,LIVE,False,False,False,2024Q3
TR-004567,TR-C05459,2024-09-20,0,evaluation,0.23326762358493133,0.038016290001324886,LIVE,False,False,False,2024Q3
TR-006082,TR-C00464,2024-09-20,0,evaluation,0.25713138951929493,0.042338760988131156,LIVE,False,False,False,2024Q3
TR-006119,TR-C01108,2024-09-20,0,evaluation,0.19954245738419546,0.03262408894696478,LIVE,False,False,False,2024Q3
TR-006981,TR-C04376,2024-09-20,0,evaluation,0.03066615506692907,0.015016414989718223,LIVE,False,False,False,2024Q3
TR-000734,TR-C04463,2024-09-21,0,evaluation,0.2027710510893422,0.03310653883039965,LIVE,False,False,False,2024Q3
TR-002576,TR-C05807,2024-09-21,0,evaluation,0.1946509310748539,0.03190606688556587,LIVE,False,False,False,2024Q3
TR-002929,TR-C01830,2024-09-21,0,evaluation,0.046297829960108824,0.016143044649122383,LIVE,False,False,False,2024Q3
TR-003138,TR-C00603,2024-09-21,0,evaluation,0.6999623297573875,0.26175002651782175,LIVE,True,False,True,2024Q3
TR-003174,TR-C03332,2024-09-21,0,evaluation,0.206132646372715,0.03361618266852718,LIVE,False,False,False,2024Q3
TR-006381,TR-C03469,2024-09-21,0,evaluation,0.1707659189069637,0.028614092127583996,LIVE,False,False,False,2024Q3
TR-008103,TR-C03481,2024-09-21,0,evaluation,0.7571673450077944,0.31692222283293014,LIVE,True,False,True,2024Q3
TR-009640,TR-C05976,2024-09-21,0,evaluation,0.15758237676293588,0.026940754271652434,LIVE,False,False,False,2024Q3
TR-009997,TR-C01945,2024-09-21,0,evaluation,0.04651158262640078,0.01615901306166181,LIVE,False,False,False,2024Q3
TR-002305,TR-C02241,2024-09-22,0,evaluation,0.17299469750111365,0.02890678135507823,LIVE,False,False,False,2024Q3
TR-004176,TR-C06301,2024-09-22,0,evaluation,0.040722312770869906,0.015731964902029823,LIVE,False,False,False,2024Q3
TR-004594,TR-C02385,2024-09-22,0,evaluation,0.060990039325756994,0.017277560051014402,LIVE,False,False,False,2024Q3
TR-005240,TR-C02977,2024-09-22,0,evaluation,0.026573217140643285,0.014734443876025335,LIVE,False,False,False,2024Q3
TR-005410,TR-C01844,2024-09-22,0,evaluation,0.04809739299326106,0.01627796732856134,LIVE,False,False,False,2024Q3
TR-006808,TR-C03011,2024-09-22,0,evaluation,0.15593850188721115,0.02673889329810864,LIVE,False,False,False,2024Q3
TR-007583,TR-C00115,2024-09-22,0,evaluation,0.05202307428700053,0.01657615616386832,LIVE,False,False,False,2024Q3
TR-009368,TR-C03723,2024-09-22,0,evaluation,0.15717970167593226,0.026891170847536547,LIVE,False,False,False,2024Q3
TR-001456,TR-C00160,2024-09-23,1,evaluation,0.26985071366284263,0.04483079374210184,LIVE,False,False,False,2024Q3
TR-001959,TR-C06462,2024-09-23,0,evaluation,0.2899165620824275,0.04904834057438612,LIVE,False,False,False,2024Q3
TR-002814,TR-C01691,2024-09-23,1,evaluation,0.8303538836202825,0.3955892530949597,LIVE,True,False,True,2024Q3
TR-002962,TR-C04270,2024-09-23,0,evaluation,0.026879408250610415,0.014755356312776509,LIVE,False,False,False,2024Q3
TR-003688,TR-C03976,2024-09-23,0,evaluation,0.6243133765941937,0.19900194167145702,LIVE,True,False,True,2024Q3
TR-004973,TR-C00136,2024-09-23,0,evaluation,0.17864697382328198,0.029662135819664037,LIVE,False,False,False,2024Q3
TR-005317,TR-C03597,2024-09-23,0,evaluation,0.37256998388851453,0.07069415003753723,LIVE,False,False,False,2024Q3
TR-006656,TR-C01765,2024-09-23,0,evaluation,0.2919116498190465,0.049487683885250294,LIVE,False,False,False,2024Q3
TR-007457,TR-C03517,2024-09-23,0,evaluation,0.03300682603727916,0.015180050222957644,LIVE,False,False,False,2024Q3
TR-007711,TR-C03767,2024-09-23,0,evaluation,0.14774200636777357,0.025754154580627287,LIVE,False,False,False,2024Q3
TR-008380,TR-C00631,2024-09-23,0,evaluation,0.06700914269982734,0.017764651686384858,LIVE,False,False,False,2024Q3
TR-008600,TR-C00400,2024-09-23,0,evaluation,0.06119230546306474,0.017293713209046366,LIVE,False,False,False,2024Q3
TR-008780,TR-C06095,2024-09-23,0,evaluation,0.12248250908829544,0.022936520683659554,LIVE,False,False,False,2024Q3
TR-009605,TR-C05629,2024-09-23,0,evaluation,0.7622180406937152,0.3220848081599105,LIVE,True,False,True,2024Q3
TR-000937,TR-C05811,2024-09-24,0,evaluation,0.09090553196001304,0.01983495312620415,LIVE,False,False,False,2024Q3
TR-004663,TR-C05960,2024-09-24,1,evaluation,0.22232911102036243,0.0361796390757251,LIVE,False,False,False,2024Q3
TR-004811,TR-C05413,2024-09-24,0,evaluation,0.2193124976405617,0.03568833887510463,LIVE,False,False,False,2024Q3
TR-004862,TR-C04762,2024-09-24,0,evaluation,0.1505467157689627,0.02608707722236156,LIVE,False,False,False,2024Q3
TR-005188,TR-C02693,2024-09-24,0,evaluation,0.750041921543708,0.3097151416730164,LIVE,True,False,True,2024Q3
TR-005358,TR-C02299,2024-09-24,0,evaluation,0.06336707659872708,0.017468332434363583,LIVE,False,False,False,2024Q3
TR-005764,TR-C05828,2024-09-24,0,evaluation,0.46147371964041106,0.10357594696559207,LIVE,False,False,False,2024Q3
TR-007795,TR-C01313,2024-09-24,1,evaluation,0.8999280312171455,0.4758223973245043,LIVE,True,False,True,2024Q3
TR-008098,TR-C05967,2024-09-24,0,evaluation,0.06560441569486287,0.017649782562026307,LIVE,False,False,False,2024Q3
TR-008158,TR-C03231,2024-09-24,0,evaluation,0.06696043791942441,0.017760656679793478,LIVE,False,False,False,2024Q3
TR-002260,TR-C03419,2024-09-25,0,evaluation,0.029496371468947624,0.014935288161761795,LIVE,False,False,False,2024Q3
TR-002512,TR-C03507,2024-09-25,0,evaluation,0.7003782551825923,0.26212805932283023,LIVE,True,False,True,2024Q3
TR-004036,TR-C02869,2024-09-25,0,evaluation,0.1264038630575514,0.023353324862058305,LIVE,False,False,False,2024Q3
TR-005904,TR-C00945,2024-09-25,0,evaluation,0.10833702971591791,0.021492510949547586,LIVE,False,False,False,2024Q3
TR-007094,TR-C03331,2024-09-25,0,evaluation,0.18913709890976224,0.031115017075760754,LIVE,False,False,False,2024Q3
TR-007620,TR-C01175,2024-09-25,0,evaluation,0.10106152236111132,0.020784819550470134,LIVE,False,False,False,2024Q3
TR-008502,TR-C03238,2024-09-25,0,evaluation,0.7903822706524702,0.3516492276577213,LIVE,True,False,True,2024Q3
TR-009656,TR-C04298,2024-09-25,0,evaluation,0.33785033338502046,0.06069357312715322,LIVE,False,False,False,2024Q3
TR-009698,TR-C04644,2024-09-25,0,evaluation,0.8247596842818827,0.3893184914179935,LIVE,True,False,True,2024Q3
TR-000412,TR-C05237,2024-09-26,0,evaluation,0.786648723796469,0.34765785404141986,LIVE,True,False,True,2024Q3
TR-000916,TR-C01531,2024-09-26,0,evaluation,0.07621194897131321,0.01853555873300046,LIVE,False,False,False,2024Q3
TR-004544,TR-C00317,2024-09-26,0,evaluation,0.014510403393916875,0.013933404796904117,LIVE,False,False,False,2024Q3
TR-004970,TR-C01045,2024-09-26,0,evaluation,0.05479802787375825,0.016790170741539157,LIVE,False,False,False,2024Q3
TR-004986,TR-C05086,2024-09-26,0,evaluation,0.034210440229572765,0.015264876591450068,LIVE,False,False,False,2024Q3
TR-005248,TR-C05212,2024-09-26,0,evaluation,0.34930425631750367,0.06383708849244515,LIVE,False,False,False,2024Q3
TR-006185,TR-C05938,2024-09-26,0,evaluation,0.8972317930874989,0.47266183540168205,LIVE,True,False,True,2024Q3
TR-006974,TR-C03657,2024-09-26,0,evaluation,0.015271724400239502,0.013982666415543042,LIVE,False,False,False,2024Q3
TR-008671,TR-C03120,2024-09-26,0,evaluation,0.29142979837968813,0.04938123369037107,LIVE,False,False,False,2024Q3
TR-000504,TR-C00955,2024-09-27,0,evaluation,0.02908471530927711,0.014906841785409776,LIVE,False,False,False,2024Q3
TR-001136,TR-C00993,2024-09-27,0,evaluation,0.08924639940309215,0.01968387299916043,LIVE,False,False,False,2024Q3
TR-001776,TR-C03470,2024-09-27,0,evaluation,0.12945024645767642,0.02368222177737834,LIVE,False,False,False,2024Q3
TR-002666,TR-C01216,2024-09-27,0,evaluation,0.019308903879634104,0.01424677704187825,LIVE,False,False,False,2024Q3
TR-007293,TR-C01905,2024-09-27,0,evaluation,0.6323352139223535,0.20508175621388292,LIVE,True,False,True,2024Q3
TR-007418,TR-C00801,2024-09-27,0,evaluation,0.2567810255043637,0.042272024432217496,LIVE,False,False,False,2024Q3
TR-007548,TR-C03370,2024-09-27,0,evaluation,0.05937413659894407,0.01714904372676831,LIVE,False,False,False,2024Q3
TR-008935,TR-C05030,2024-09-27,0,evaluation,0.044128561903475756,0.015981864818813914,LIVE,False,False,False,2024Q3
TR-008964,TR-C05516,2024-09-27,0,evaluation,0.03792190437062817,0.01552939591790063,LIVE,False,False,False,2024Q3
TR-000381,TR-C02096,2024-09-28,0,evaluation,0.21879234904019973,0.03560427686889213,LIVE,False,False,False,2024Q3
TR-002467,TR-C04803,2024-09-28,0,evaluation,0.07596363858779034,0.01851433349042997,LIVE,False,False,False,2024Q3
TR-004671,TR-C03404,2024-09-28,0,evaluation,0.4946608668541848,0.11898424709614785,LIVE,False,False,False,2024Q3
TR-004760,TR-C06084,2024-09-28,0,evaluation,0.0382065146691713,0.015549865599679628,LIVE,False,False,False,2024Q3
TR-005062,TR-C03412,2024-09-28,0,evaluation,0.11172466437271866,0.021830017831288916,LIVE,False,False,False,2024Q3
TR-006601,TR-C05951,2024-09-28,0,evaluation,0.0459686485006946,0.01611848346996516,LIVE,False,False,False,2024Q3
TR-008459,TR-C05456,2024-09-28,0,evaluation,0.4335355810214327,0.09200005719291865,LIVE,False,False,False,2024Q3
TR-008736,TR-C00360,2024-09-28,0,evaluation,0.0698287841291712,0.017997442860724768,LIVE,False,False,False,2024Q3
TR-008747,TR-C06020,2024-09-28,0,evaluation,0.5731898674421723,0.16343444667634474,LIVE,False,True,True,2024Q3
TR-000124,TR-C00503,2024-09-29,0,evaluation,0.066215041902785,0.017699625570198805,LIVE,False,False,False,2024Q3
TR-001169,TR-C05502,2024-09-29,0,evaluation,0.041585534164733075,0.015794929135062162,LIVE,False,False,False,2024Q3
TR-003749,TR-C04047,2024-09-29,0,evaluation,0.8300382052090731,0.3952344594907079,LIVE,True,False,True,2024Q3
TR-005380,TR-C01796,2024-09-29,0,evaluation,0.038629854463011176,0.015580362090146477,LIVE,False,False,False,2024Q3
TR-007538,TR-C00628,2024-09-29,0,evaluation,0.03680028400736984,0.015448984866374062,LIVE,False,False,False,2024Q3
TR-008680,TR-C03133,2024-09-29,0,evaluation,0.047138449911764836,0.016205932884253007,LIVE,False,False,False,2024Q3
TR-008750,TR-C00295,2024-09-29,0,evaluation,0.4238588719059734,0.08826959627329804,LIVE,False,False,False,2024Q3
TR-002082,TR-C04540,2024-09-30,0,evaluation,0.18029694312442718,0.02988621839179084,LIVE,False,False,False,2024Q3
TR-002270,TR-C02004,2024-09-30,0,evaluation,0.030804765216282615,0.015026056590755817,LIVE,False,False,False,2024Q3
TR-003040,TR-C01954,2024-09-30,0,evaluation,0.0753977659921608,0.018466052505973357,LIVE,False,False,False,2024Q3
TR-003674,TR-C02918,2024-09-30,0,evaluation,0.015654121963909702,0.01400747436035283,LIVE,False,False,False,2024Q3
TR-003724,TR-C06215,2024-09-30,0,evaluation,0.006050749623192711,0.013397403285670054,LIVE,False,False,False,2024Q3
TR-007492,TR-C05457,2024-09-30,0,evaluation,0.06286668108024678,0.017428001330634865,LIVE,False,False,False,2024Q3
TR-009263,TR-C00210,2024-09-30,0,evaluation,0.10629629546319791,0.021291663268162658,LIVE,False,False,False,2024Q3
TR-000661,TR-C00709,2024-10-01,0,evaluation,0.052836960925379414,0.016638646612370998,LIVE,False,False,False,2024Q4
TR-001386,TR-C06263,2024-10-01,0,evaluation,0.0476923950640083,0.016247506126263425,LIVE,False,False,False,2024Q4
TR-001998,TR-C00418,2024-10-01,0,evaluation,0.6763512910304649,0.24087358948633894,LIVE,True,False,True,2024Q4
TR-002134,TR-C04455,2024-10-01,0,evaluation,0.010784562527513438,0.013694779543566843,LIVE,False,False,False,2024Q4
TR-005325,TR-C01278,2024-10-01,0,evaluation,0.041447758718702855,0.015784863051953948,LIVE,False,False,False,2024Q4
TR-006463,TR-C04508,2024-10-01,0,evaluation,0.24413645786035185,0.03992975433735049,LIVE,False,False,False,2024Q4
TR-006997,TR-C06281,2024-10-01,0,evaluation,0.40203317528285154,0.0803531369288087,LIVE,False,False,False,2024Q4
TR-007948,TR-C05140,2024-10-01,0,evaluation,0.5313081296531985,0.1382629134843198,LIVE,False,False,False,2024Q4
TR-008998,TR-C05707,2024-10-01,0,evaluation,0.029016750792935822,0.014902150417735524,LIVE,False,False,False,2024Q4
TR-009348,TR-C01974,2024-10-01,0,evaluation,0.09752493056811957,0.02044910175234988,LIVE,False,False,False,2024Q4
TR-001323,TR-C00764,2024-10-02,0,evaluation,0.019686801886250504,0.014271749189197092,LIVE,False,False,False,2024Q4
TR-001500,TR-C03111,2024-10-02,0,evaluation,0.14662612446445433,0.025622851309608667,LIVE,False,False,False,2024Q4
TR-001808,TR-C04448,2024-10-02,0,evaluation,0.04055978062808166,0.01572013730489578,LIVE,False,False,False,2024Q4
TR-004260,TR-C02889,2024-10-02,0,evaluation,0.036211841395845504,0.015406962370897654,LIVE,False,False,False,2024Q4
TR-008110,TR-C06125,2024-10-02,0,evaluation,0.6350190345057621,0.2071463655418822,LIVE,True,False,True,2024Q4
TR-008611,TR-C06179,2024-10-02,0,evaluation,0.029090825381269787,0.01490726361489521,LIVE,False,False,False,2024Q4
TR-000403,TR-C00560,2024-10-03,0,evaluation,0.19409268266340687,0.03182510019019175,LIVE,False,False,False,2024Q4
TR-001267,TR-C02004,2024-10-03,0,evaluation,0.011686952472150368,0.013752201569222232,LIVE,False,False,False,2024Q4
TR-001383,TR-C04701,2024-10-03,0,evaluation,0.04774069827083552,0.01625113621999982,LIVE,False,False,False,2024Q4
TR-002004,TR-C01001,2024-10-03,0,evaluation,0.19992475021248202,0.03268085860379581,LIVE,False,False,False,2024Q4
TR-002090,TR-C05389,2024-10-03,0,evaluation,0.08741927002195547,0.01951879971722119,LIVE,False,False,False,2024Q4
TR-002414,TR-C02354,2024-10-03,0,evaluation,0.004823669466387407,0.013321363865785696,LIVE,False,False,False,2024Q4
TR-002676,TR-C04307,2024-10-03,0,evaluation,0.0377110365396724,0.015514247032355481,LIVE,False,False,False,2024Q4
TR-003190,TR-C05733,2024-10-03,0,evaluation,0.1406744216192306,0.02493346487587059,LIVE,False,False,False,2024Q4
TR-003625,TR-C02550,2024-10-03,0,evaluation,0.06899083337284741,0.017927950175679126,LIVE,False,False,False,2024Q4
TR-004887,TR-C06182,2024-10-03,1,evaluation,0.11599089504485748,0.022262436997670984,LIVE,False,False,False,2024Q4
TR-006650,TR-C03736,2024-10-03,0,evaluation,0.054604172527749975,0.0167751320701489,LIVE,False,False,False,2024Q4
TR-007999,TR-C04010,2024-10-03,0,evaluation,0.07678580421867616,0.018584702499875587,LIVE,False,False,False,2024Q4
TR-008944,TR-C04748,2024-10-03,0,evaluation,0.033754536656990373,0.015232691393530381,LIVE,False,False,False,2024Q4
TR-000073,TR-C03430,2024-10-04,0,evaluation,0.020136992758504196,0.014301554883582373,LIVE,False,False,False,2024Q4
TR-001859,TR-C05392,2024-10-04,0,evaluation,0.3216776705134801,0.056500991679124375,LIVE,False,False,False,2024Q4
TR-002042,TR-C04554,2024-10-04,0,evaluation,0.05812660774980444,0.017050467911787562,LIVE,False,False,False,2024Q4
TR-003959,TR-C05443,2024-10-04,0,evaluation,0.41977663264417303,0.08673721745118915,LIVE,False,False,False,2024Q4
TR-004383,TR-C04825,2024-10-04,0,evaluation,0.4524813633740433,0.09971596055121895,LIVE,False,False,False,2024Q4
TR-004834,TR-C01833,2024-10-04,0,evaluation,0.06035231346326904,0.017226727663741438,LIVE,False,False,False,2024Q4
TR-006138,TR-C01509,2024-10-04,0,evaluation,0.050170928108420255,0.016434806624407022,LIVE,False,False,False,2024Q4
TR-006394,TR-C03680,2024-10-04,0,evaluation,0.5097817075209399,0.12664035742299495,LIVE,False,False,False,2024Q4
TR-006704,TR-C06475,2024-10-04,0,evaluation,0.028540823804312034,0.014869339457082043,LIVE,False,False,False,2024Q4
TR-007709,TR-C04606,2024-10-04,0,evaluation,0.11246541536580981,0.021904505715719717,LIVE,False,False,False,2024Q4
TR-008021,TR-C00094,2024-10-04,0,evaluation,0.46962668730257867,0.10718925892577483,LIVE,False,False,False,2024Q4
TR-009920,TR-C02334,2024-10-04,0,evaluation,0.004142936136120703,0.013279364110237047,LIVE,False,False,False,2024Q4
TR-000793,TR-C02638,2024-10-05,0,evaluation,0.32527359153428576,0.05740899471652448,LIVE,False,False,False,2024Q4
TR-003505,TR-C02265,2024-10-05,0,evaluation,0.41105826931292944,0.08354492100904704,LIVE,False,False,False,2024Q4
TR-004003,TR-C00721,2024-10-05,0,evaluation,0.12192878946112809,0.022878253693521335,LIVE,False,False,False,2024Q4
TR-004250,TR-C02928,2024-10-05,0,evaluation,0.029241402510724587,0.014917662931899216,LIVE,False,False,False,2024Q4
TR-005776,TR-C04310,2024-10-05,0,evaluation,0.06665988304394686,0.017736023196484617,LIVE,False,False,False,2024Q4
TR-006359,TR-C05107,2024-10-05,0,evaluation,0.04277195909649943,0.01588187292165854,LIVE,False,False,False,2024Q4
TR-006403,TR-C05539,2024-10-05,0,evaluation,0.5517905394104377,0.15014064073812294,LIVE,False,False,False,2024Q4
TR-007185,TR-C05592,2024-10-05,0,evaluation,0.008529773554510392,0.013552331409238467,LIVE,False,False,False,2024Q4
TR-007225,TR-C00433,2024-10-05,0,evaluation,0.05279652341040352,0.016635536348077816,LIVE,False,False,False,2024Q4
TR-008490,TR-C06029,2024-10-05,1,evaluation,0.04449743931945197,0.016009160806865014,LIVE,False,False,False,2024Q4
TR-009739,TR-C05245,2024-10-05,0,evaluation,0.006237180379090141,0.013408993388534716,LIVE,False,False,False,2024Q4
TR-001151,TR-C01625,2024-10-06,0,evaluation,0.15070831784528407,0.0261063866977371,LIVE,False,False,False,2024Q4
TR-001535,TR-C02114,2024-10-06,0,evaluation,0.11694512327232877,0.022360295805928923,LIVE,False,False,False,2024Q4
TR-003460,TR-C00738,2024-10-06,0,evaluation,0.3335094060408522,0.05954048395113896,LIVE,False,False,False,2024Q4
TR-004301,TR-C02916,2024-10-06,0,evaluation,0.16941092537857683,0.028437558696007254,LIVE,False,False,False,2024Q4
TR-004643,TR-C04040,2024-10-06,0,evaluation,0.2487376057270393,0.040767310828411625,LIVE,False,False,False,2024Q4
TR-006002,TR-C00407,2024-10-06,0,evaluation,0.026190050788900934,0.014708315258575431,LIVE,False,False,False,2024Q4
TR-006647,TR-C06224,2024-10-06,0,evaluation,0.09584249825533096,0.02029126287151205,LIVE,False,False,False,2024Q4
TR-006713,TR-C02728,2024-10-06,0,evaluation,0.030610332084077416,0.015012533712825077,LIVE,False,False,False,2024Q4
TR-007755,TR-C01468,2024-10-06,0,evaluation,0.06563180053445059,0.017652014923329594,LIVE,False,False,False,2024Q4
TR-008407,TR-C03674,2024-10-06,0,evaluation,0.013873708017489815,0.013892338545305373,LIVE,False,False,False,2024Q4
TR-009036,TR-C02011,2024-10-06,0,evaluation,0.08934880679266906,0.019693165445032038,LIVE,False,False,False,2024Q4
TR-009309,TR-C02326,2024-10-06,0,evaluation,0.2654524216442754,0.0439536340852956,LIVE,False,False,False,2024Q4
TR-000668,TR-C01759,2024-10-07,0,evaluation,0.038555242750380164,0.015574982952731714,LIVE,False,False,False,2024Q4
TR-001175,TR-C04238,2024-10-07,1,evaluation,0.7725368015531843,0.33276732377921675,LIVE,True,False,True,2024Q4
TR-001686,TR-C03449,2024-10-07,0,evaluation,0.7729184322410213,0.33316580980024196,LIVE,True,False,True,2024Q4
TR-002609,TR-C05147,2024-10-07,0,evaluation,0.2094011958355342,0.03411897631211013,LIVE,False,False,False,2024Q4
TR-003264,TR-C05020,2024-10-07,0,evaluation,0.21007080475318723,0.03422287247724918,LIVE,False,False,False,2024Q4
TR-004368,TR-C00967,2024-10-07,0,evaluation,0.09216558593439791,0.01995045179311118,LIVE,False,False,False,2024Q4
TR-005466,TR-C02031,2024-10-07,0,evaluation,0.23373694319034505,0.038097063798005454,LIVE,False,False,False,2024Q4
TR-006189,TR-C06292,2024-10-07,0,evaluation,0.007694403621926331,0.013499928059640919,LIVE,False,False,False,2024Q4
TR-006479,TR-C05551,2024-10-07,0,evaluation,0.374242093166556,0.07121234635561416,LIVE,False,False,False,2024Q4
TR-007689,TR-C02051,2024-10-07,0,evaluation,0.07596051087768674,0.018514066290050056,LIVE,False,False,False,2024Q4
TR-008584,TR-C01412,2024-10-07,0,evaluation,0.15729687668201067,0.026905590039080704,LIVE,False,False,False,2024Q4
TR-008679,TR-C00226,2024-10-07,0,evaluation,0.2541542591353776,0.04177487746407118,LIVE,False,False,False,2024Q4
TR-008797,TR-C04402,2024-10-07,0,evaluation,0.5981319690818024,0.18010568577574812,LIVE,True,True,True,2024Q4
TR-000152,TR-C00439,2024-10-08,0,evaluation,0.04737215806307062,0.016223459762816386,LIVE,False,False,False,2024Q4
TR-003115,TR-C05490,2024-10-08,0,evaluation,0.1517690125094666,0.026233472459648993,LIVE,False,False,False,2024Q4
TR-004445,TR-C02266,2024-10-08,0,evaluation,0.09801533722508432,0.0204953355379178,LIVE,False,False,False,2024Q4
TR-005713,TR-C06320,2024-10-08,1,evaluation,0.3894696117553453,0.07609517550735434,LIVE,False,False,False,2024Q4
TR-005942,TR-C03424,2024-10-08,0,evaluation,0.022926904059193356,0.014487638708442148,LIVE,False,False,False,2024Q4
TR-006302,TR-C05822,2024-10-08,0,evaluation,0.11585871087022041,0.022248914181458097,LIVE,False,False,False,2024Q4
TR-006745,TR-C00117,2024-10-08,0,evaluation,0.0940379944973952,0.020123297782491653,LIVE,False,False,False,2024Q4
TR-007551,TR-C03194,2024-10-08,0,evaluation,0.25564196969006536,0.04205575378945658,LIVE,False,False,False,2024Q4
TR-007863,TR-C06381,2024-10-08,0,evaluation,0.6573466667785277,0.22491620577689378,LIVE,True,False,True,2024Q4
TR-000854,TR-C06466,2024-10-09,0,evaluation,0.5370477798193258,0.1415094548389045,LIVE,False,False,False,2024Q4
TR-003759,TR-C03761,2024-10-09,0,evaluation,0.04498717166774305,0.01604547062320211,LIVE,False,False,False,2024Q4
TR-006954,TR-C00437,2024-10-09,0,evaluation,0.31724928616211306,0.055401334544377685,LIVE,False,False,False,2024Q4
TR-007051,TR-C02194,2024-10-09,0,evaluation,0.6227685675988378,0.19784680088619444,LIVE,True,False,True,2024Q4
TR-008917,TR-C04306,2024-10-09,0,evaluation,0.5530627867024338,0.15090543906834886,LIVE,False,False,False,2024Q4
TR-009335,TR-C02163,2024-10-09,0,evaluation,0.04363846591593375,0.015945669779618577,LIVE,False,False,False,2024Q4
TR-000325,TR-C03651,2024-10-10,0,evaluation,0.04834111451788338,0.016296325473591396,LIVE,False,False,False,2024Q4
TR-000773,TR-C06000,2024-10-10,0,evaluation,0.07799719428211356,0.018688863521633705,LIVE,False,False,False,2024Q4
TR-001523,TR-C00331,2024-10-10,0,evaluation,0.6735066923808223,0.2384366932428003,LIVE,True,False,True,2024Q4
TR-006338,TR-C01416,2024-10-10,0,evaluation,0.030424151928454005,0.014999596064310191,LIVE,False,False,False,2024Q4
TR-007990,TR-C03641,2024-10-10,0,evaluation,0.5694559622873357,0.16104850933128512,LIVE,False,True,True,2024Q4
TR-008543,TR-C02856,2024-10-10,0,evaluation,0.40562292740515293,0.08160912737386168,LIVE,False,False,False,2024Q4
TR-009002,TR-C04410,2024-10-10,0,evaluation,0.037338594152571354,0.015487526046837114,LIVE,False,False,False,2024Q4
TR-009891,TR-C01099,2024-10-10,0,evaluation,0.062226571636611695,0.017376542816404307,LIVE,False,False,False,2024Q4
TR-000458,TR-C02747,2024-10-11,1,evaluation,0.5390648300107739,0.1426653938634742,LIVE,False,False,False,2024Q4
TR-000462,TR-C06483,2024-10-11,1,evaluation,0.40964435509451197,0.0830373769881651,LIVE,False,False,False,2024Q4
TR-000539,TR-C03437,2024-10-11,0,evaluation,0.2799257297812321,0.04690335195850285,LIVE,False,False,False,2024Q4
TR-001253,TR-C05148,2024-10-11,0,evaluation,0.49795971790088783,0.12061964198589581,LIVE,False,False,False,2024Q4
TR-001563,TR-C05978,2024-10-11,0,evaluation,0.052929945925617755,0.016645800751974586,LIVE,False,False,False,2024Q4
TR-002376,TR-C05463,2024-10-11,0,evaluation,0.03393815115813197,0.015245645891939113,LIVE,False,False,False,2024Q4
TR-002592,TR-C00007,2024-10-11,0,evaluation,0.15846552209821296,0.027049811899145137,LIVE,False,False,False,2024Q4
TR-003035,TR-C02485,2024-10-11,0,evaluation,0.7485032888217618,0.3081707832770805,LIVE,True,False,True,2024Q4
TR-003703,TR-C00038,2024-10-11,0,evaluation,0.06822506608474184,0.017864674198012926,LIVE,False,False,False,2024Q4
TR-004865,TR-C04569,2024-10-11,0,evaluation,0.3173693449768571,0.05543088010277597,LIVE,False,False,False,2024Q4
TR-005533,TR-C00328,2024-10-11,1,evaluation,0.10343931844259383,0.02101356310334584,LIVE,False,False,False,2024Q4
TR-006561,TR-C02881,2024-10-11,0,evaluation,0.4740801405266706,0.1092094839390937,LIVE,False,False,False,2024Q4
TR-006837,TR-C05794,2024-10-11,0,evaluation,0.028477180924965016,0.014864957239843985,LIVE,False,False,False,2024Q4
TR-007500,TR-C03290,2024-10-11,0,evaluation,0.02718742230816887,0.01477642275172001,LIVE,False,False,False,2024Q4
TR-007742,TR-C02007,2024-10-11,0,evaluation,0.3030271933799879,0.052004507610726246,LIVE,False,False,False,2024Q4
TR-008242,TR-C04711,2024-10-11,0,evaluation,0.30760601909892,0.05307606302945025,LIVE,False,False,False,2024Q4
TR-008658,TR-C03797,2024-10-11,0,evaluation,0.07387400098070782,0.018336656285936788,LIVE,False,False,False,2024Q4
TR-009108,TR-C06172,2024-10-11,0,evaluation,0.07099779165732856,0.018094832606575365,LIVE,False,False,False,2024Q4
TR-009784,TR-C03834,2024-10-11,0,evaluation,0.33456020074973686,0.0598177119513089,LIVE,False,False,False,2024Q4
TR-000487,TR-C02349,2024-10-12,0,evaluation,0.012323927340808631,0.013792877238757478,LIVE,False,False,False,2024Q4
TR-004025,TR-C03125,2024-10-12,0,evaluation,0.10940479669869896,0.021598337089822728,LIVE,False,False,False,2024Q4
TR-004507,TR-C03833,2024-10-12,0,evaluation,0.039307939855063284,0.015629332601379158,LIVE,False,False,False,2024Q4
TR-005721,TR-C03624,2024-10-12,0,evaluation,0.08766550899920884,0.019540966995493042,LIVE,False,False,False,2024Q4
TR-007142,TR-C00887,2024-10-12,1,evaluation,0.5242909905841345,0.13437898517409236,LIVE,False,False,False,2024Q4
TR-007245,TR-C00477,2024-10-12,0,evaluation,0.16493986749730735,0.027862522123262706,LIVE,False,False,False,2024Q4
TR-007579,TR-C01043,2024-10-12,0,evaluation,0.09638596585525484,0.020342117878236945,LIVE,False,False,False,2024Q4
TR-007956,TR-C03280,2024-10-12,0,evaluation,0.40019215379917894,0.07971586156909996,LIVE,False,False,False,2024Q4
TR-008251,TR-C00110,2024-10-12,0,evaluation,0.09280712843672136,0.020009509522281064,LIVE,False,False,False,2024Q4
TR-000108,TR-C01840,2024-10-13,0,evaluation,0.13142698775190065,0.023898050207779395,LIVE,False,False,False,2024Q4
TR-001109,TR-C05633,2024-10-13,0,evaluation,0.250353055070943,0.041065345136336695,LIVE,False,False,False,2024Q4
TR-001821,TR-C02515,2024-10-13,0,evaluation,0.6061260252741497,0.1857223093674213,LIVE,True,True,True,2024Q4
TR-002157,TR-C06302,2024-10-13,0,evaluation,0.14015371937943374,0.024874018833085283,LIVE,False,False,False,2024Q4
TR-002573,TR-C02208,2024-10-13,0,evaluation,0.15974604135624115,0.02720870299691013,LIVE,False,False,False,2024Q4
TR-002913,TR-C03594,2024-10-13,0,evaluation,0.06693184167327917,0.017758311485522076,LIVE,False,False,False,2024Q4
TR-003961,TR-C03139,2024-10-13,0,evaluation,0.5089002964396006,0.126182749694799,LIVE,False,False,False,2024Q4
TR-005801,TR-C03009,2024-10-13,0,evaluation,0.80039876181796,0.36245910408926163,LIVE,True,False,True,2024Q4
TR-006000,TR-C05582,2024-10-13,0,evaluation,0.008956552668024115,0.013579180944548117,LIVE,False,False,False,2024Q4
TR-006899,TR-C06289,2024-10-13,0,evaluation,0.0601166663738328,0.017207981709520807,LIVE,False,False,False,2024Q4
TR-008315,TR-C03212,2024-10-13,0,evaluation,0.08153859803536974,0.01899666507225018,LIVE,False,False,False,2024Q4
TR-009633,TR-C01364,2024-10-13,0,evaluation,0.0546224421177244,0.01677654880062899,LIVE,False,False,False,2024Q4
TR-000209,TR-C02632,2024-10-14,0,evaluation,0.6170943317044707,0.19364724612452508,LIVE,True,False,True,2024Q4
TR-000609,TR-C02748,2024-10-14,0,evaluation,0.6825861683760975,0.24627407479563534,LIVE,True,False,True,2024Q4
TR-000801,TR-C00414,2024-10-14,0,evaluation,0.6348664390285627,0.20702856633719452,LIVE,True,False,True,2024Q4
TR-001104,TR-C02901,2024-10-14,0,evaluation,0.038958765181539026,0.01560409673854175,LIVE,False,False,False,2024Q4
TR-001622,TR-C03687,2024-10-14,0,evaluation,0.6464876369898407,0.21614150295882537,LIVE,True,False,True,2024Q4
TR-004974,TR-C00753,2024-10-14,0,evaluation,0.026922217732823977,0.014758282470843454,LIVE,False,False,False,2024Q4
TR-005671,TR-C01264,2024-10-14,0,evaluation,0.16546617126167815,0.027929620749211428,LIVE,False,False,False,2024Q4
TR-006756,TR-C03081,2024-10-14,0,evaluation,0.43877273858912935,0.09407761841707364,LIVE,False,False,False,2024Q4
TR-007718,TR-C04577,2024-10-14,0,evaluation,0.04859409081882422,0.01631540226334034,LIVE,False,False,False,2024Q4
TR-007760,TR-C02922,2024-10-14,0,evaluation,0.08145000601249987,0.01898890479792821,LIVE,False,False,False,2024Q4
TR-000444,TR-C04023,2024-10-15,1,evaluation,0.5042871369467182,0.1238107369991637,LIVE,False,False,False,2024Q4
TR-001337,TR-C05943,2024-10-15,0,evaluation,0.06518221043804581,0.017615400240298434,LIVE,False,False,False,2024Q4
TR-001526,TR-C02073,2024-10-15,0,evaluation,0.1027955785209947,0.020951393372541576,LIVE,False,False,False,2024Q4
TR-002284,TR-C02672,2024-10-15,0,evaluation,0.7648104269243599,0.32475169304972346,LIVE,True,False,True,2024Q4
TR-002843,TR-C02968,2024-10-15,0,evaluation,0.4755647009317211,0.10989031569972603,LIVE,False,False,False,2024Q4
TR-003279,TR-C01293,2024-10-15,0,evaluation,0.20501320513571655,0.03344563127345375,LIVE,False,False,False,2024Q4
TR-003636,TR-C01708,2024-10-15,0,evaluation,0.4109188059562448,0.0834947336465617,LIVE,False,False,False,2024Q4
TR-007714,TR-C01496,2024-10-15,0,evaluation,0.3116511579881285,0.054040031133204915,LIVE,False,False,False,2024Q4
TR-008706,TR-C03428,2024-10-15,0,evaluation,0.23323279180226233,0.03801030172398842,LIVE,False,False,False,2024Q4
TR-009018,TR-C03232,2024-10-15,0,evaluation,0.026307692148879902,0.014716332518483857,LIVE,False,False,False,2024Q4
TR-002440,TR-C02817,2024-10-16,0,evaluation,0.040938218997883746,0.015747690118134743,LIVE,False,False,False,2024Q4
TR-004441,TR-C06295,2024-10-16,0,evaluation,0.019412958212342634,0.014253648830867823,LIVE,False,False,False,2024Q4
TR-006032,TR-C05370,2024-10-16,0,evaluation,0.09498580913129473,0.02021135086087951,LIVE,False,False,False,2024Q4
TR-006223,TR-C05361,2024-10-16,0,evaluation,0.2974016534042375,0.05071598328586925,LIVE,False,False,False,2024Q4
TR-007874,TR-C04126,2024-10-16,0,evaluation,0.03010239337482952,0.01497726296007415,LIVE,False,False,False,2024Q4
TR-009456,TR-C01300,2024-10-16,0,evaluation,0.011407164179576981,0.013734372376703947,LIVE,False,False,False,2024Q4
TR-000923,TR-C01167,2024-10-17,0,evaluation,0.14449443486442498,0.02537382988539151,LIVE,False,False,False,2024Q4
TR-001748,TR-C02918,2024-10-17,1,evaluation,0.0082939018861854,0.01353751471904423,LIVE,False,False,False,2024Q4
TR-002506,TR-C03162,2024-10-17,0,evaluation,0.021723186572640794,0.014407061337335275,LIVE,False,False,False,2024Q4
TR-005998,TR-C01843,2024-10-17,0,evaluation,0.12252312896712723,0.02294080074623643,LIVE,False,False,False,2024Q4
TR-009228,TR-C00722,2024-10-17,0,evaluation,0.020173080749235132,0.01430394680786964,LIVE,False,False,False,2024Q4
TR-001470,TR-C05527,2024-10-18,0,evaluation,0.04530813288379982,0.01606931131410777,LIVE,False,False,False,2024Q4
TR-001975,TR-C04751,2024-10-18,0,evaluation,0.027812678720913295,0.01481927794385338,LIVE,False,False,False,2024Q4
TR-003045,TR-C04722,2024-10-18,0,evaluation,0.7530868506943215,0.3127839288507552,LIVE,True,False,True,2024Q4
TR-003325,TR-C01519,2024-10-18,1,evaluation,0.5396687932787129,0.14301304344335614,LIVE,False,False,False,2024Q4
TR-004816,TR-C04804,2024-10-18,0,evaluation,0.5353724514937306,0.140555306845501,LIVE,False,False,False,2024Q4
TR-005873,TR-C04418,2024-10-18,0,evaluation,0.19201156473069225,0.03152500872405573,LIVE,False,False,False,2024Q4
TR-005976,TR-C06484,2024-10-18,0,evaluation,0.16136518069555408,0.027410910407395482,LIVE,False,False,False,2024Q4
TR-007625,TR-C01242,2024-10-18,0,evaluation,0.5420386485551902,0.14438398701049535,LIVE,False,False,False,2024Q4
TR-000687,TR-C02421,2024-10-19,0,evaluation,0.22860443887867463,0.03722260536123969,LIVE,False,False,False,2024Q4
TR-002753,TR-C00889,2024-10-19,0,evaluation,0.02874198170128317,0.014883198826562992,LIVE,False,False,False,2024Q4
TR-003285,TR-C02195,2024-10-19,0,evaluation,0.09616993676006116,0.020321888016902726,LIVE,False,False,False,2024Q4
TR-003410,TR-C03529,2024-10-19,0,evaluation,0.08135494901056242,0.018980581677002457,LIVE,False,False,False,2024Q4
TR-003747,TR-C04819,2024-10-19,0,evaluation,0.1874729812119928,0.030880023777872082,LIVE,False,False,False,2024Q4
TR-005328,TR-C01526,2024-10-19,0,evaluation,0.4287642840456782,0.09014329054258988,LIVE,False,False,False,2024Q4
TR-006737,TR-C03371,2024-10-19,0,evaluation,0.04507013452563134,0.016051629688124014,LIVE,False,False,False,2024Q4
TR-008044,TR-C05826,2024-10-19,0,evaluation,0.12253501267301597,0.022942053063969386,LIVE,False,False,False,2024Q4
TR-008980,TR-C00344,2024-10-19,0,evaluation,0.016872366845575273,0.014086797336848852,LIVE,False,False,False,2024Q4
TR-009068,TR-C05509,2024-10-19,0,evaluation,0.16841761054681417,0.028308818122972517,LIVE,False,False,False,2024Q4
TR-009948,TR-C01627,2024-10-19,1,evaluation,0.4547721454614336,0.10068696601075632,LIVE,False,False,False,2024Q4
TR-002183,TR-C02577,2024-10-20,0,evaluation,0.02109114772747483,0.014364929358682893,LIVE,False,False,False,2024Q4
TR-002549,TR-C05347,2024-10-20,1,evaluation,0.5991175085423013,0.18079089677992402,LIVE,True,True,True,2024Q4
TR-003320,TR-C01200,2024-10-20,0,evaluation,0.34995906726417814,0.06402131207700316,LIVE,False,False,False,2024Q4
TR-003553,TR-C02595,2024-10-20,0,evaluation,0.7559691140235177,0.31570397348661755,LIVE,True,False,True,2024Q4
TR-004009,TR-C01568,2024-10-20,0,evaluation,0.0790146339054491,0.01877679007748293,LIVE,False,False,False,2024Q4
TR-007728,TR-C00743,2024-10-20,0,evaluation,0.047552714292513384,0.016237013291535745,LIVE,False,False,False,2024Q4
TR-008105,TR-C05802,2024-10-20,1,evaluation,0.4473348737386105,0.09756481379849048,LIVE,False,False,False,2024Q4
TR-008235,TR-C04546,2024-10-20,0,evaluation,0.04748136431517059,0.01623165604539585,LIVE,False,False,False,2024Q4
TR-009766,TR-C00737,2024-10-20,0,evaluation,0.18245502450470635,0.030181785253502905,LIVE,False,False,False,2024Q4
TR-009897,TR-C06467,2024-10-20,0,evaluation,0.13449970951986684,0.02423735669900642,LIVE,False,False,False,2024Q4
TR-000022,TR-C05337,2024-10-21,0,evaluation,0.2556977587245394,0.042066321679196515,LIVE,False,False,False,2024Q4
TR-001841,TR-C02335,2024-10-21,0,evaluation,0.13467385603787993,0.02425672693982762,LIVE,False,False,False,2024Q4
TR-003756,TR-C00379,2024-10-21,0,evaluation,0.029166974609610166,0.014912521820791379,LIVE,False,False,False,2024Q4
TR-004843,TR-C04032,2024-10-21,0,evaluation,0.015899891021726086,0.01402344146476867,LIVE,False,False,False,2024Q4
TR-005152,TR-C00484,2024-10-21,0,evaluation,0.1169160759262491,0.022357310724955757,LIVE,False,False,False,2024Q4
TR-007159,TR-C05573,2024-10-21,0,evaluation,0.3251772219328265,0.05738448276886281,LIVE,False,False,False,2024Q4
TR-007590,TR-C01476,2024-10-21,0,evaluation,0.0226402469174061,0.014468409565765119,LIVE,False,False,False,2024Q4
TR-007922,TR-C02120,2024-10-21,0,evaluation,0.1511834681183672,0.026163241962381775,LIVE,False,False,False,2024Q4
TR-008041,TR-C05717,2024-10-21,0,evaluation,0.7384399642799262,0.2981765506796305,LIVE,True,False,True,2024Q4
TR-008081,TR-C04276,2024-10-21,0,evaluation,0.017137724670008816,0.014104134089245818,LIVE,False,False,False,2024Q4
TR-008391,TR-C01174,2024-10-21,0,evaluation,0.07656732627080093,0.018565977452790247,LIVE,False,False,False,2024Q4
TR-008879,TR-C04913,2024-10-21,0,evaluation,0.08507664674836313,0.01930913760810227,LIVE,False,False,False,2024Q4
TR-009385,TR-C01526,2024-10-21,0,evaluation,0.6797957879863515,0.24384708578768052,LIVE,True,False,True,2024Q4
TR-009423,TR-C03335,2024-10-21,0,evaluation,0.2941902099765764,0.04999401404633814,LIVE,False,False,False,2024Q4
TR-009487,TR-C02153,2024-10-21,0,evaluation,0.3979801416852134,0.07895627398939822,LIVE,False,False,False,2024Q4
TR-009508,TR-C05443,2024-10-21,0,evaluation,0.025759838617025767,0.014679032914795526,LIVE,False,False,False,2024Q4
TR-001310,TR-C04253,2024-10-22,0,evaluation,0.4314912508573307,0.09120032688464447,LIVE,False,False,False,2024Q4
TR-003361,TR-C02986,2024-10-22,0,evaluation,0.016182836169419533,0.014041846041528337,LIVE,False,False,False,2024Q4
TR-004344,TR-C02657,2024-10-22,0,evaluation,0.03137783000151215,0.015065983220430667,LIVE,False,False,False,2024Q4
TR-005972,TR-C03205,2024-10-22,0,evaluation,0.006853763730406145,0.013447395883292372,LIVE,False,False,False,2024Q4
TR-006141,TR-C03041,2024-10-22,0,evaluation,0.021040705340652482,0.014361572084083205,LIVE,False,False,False,2024Q4
TR-008850,TR-C02001,2024-10-22,0,evaluation,0.30524470136961146,0.05252088024919489,LIVE,False,False,False,2024Q4
TR-008941,TR-C04139,2024-10-22,0,evaluation,0.014978992278798467,0.013963704767704027,LIVE,False,False,False,2024Q4
TR-009341,TR-C03150,2024-10-22,0,evaluation,0.012925937431149186,0.013831429169656703,LIVE,False,False,False,2024Q4
TR-001696,TR-C05617,2024-10-23,0,evaluation,0.042440303305731224,0.015857521161902217,LIVE,False,False,False,2024Q4
TR-003965,TR-C04566,2024-10-23,0,evaluation,0.00672237374939606,0.013439203471456622,LIVE,False,False,False,2024Q4
TR-004580,TR-C00229,2024-10-23,0,evaluation,0.04841192027733208,0.01630166268134351,LIVE,False,False,False,2024Q4
TR-004853,TR-C05521,2024-10-23,0,evaluation,0.09883623094799611,0.020572955597970052,LIVE,False,False,False,2024Q4
TR-004891,TR-C04500,2024-10-23,0,evaluation,0.4096668347234509,0.08304542437986628,LIVE,False,False,False,2024Q4
TR-007793,TR-C06092,2024-10-23,0,evaluation,0.42849067249257844,0.09003784372345347,LIVE,False,False,False,2024Q4
TR-009422,TR-C01977,2024-10-23,0,evaluation,0.031251686584721196,0.015057185585753675,LIVE,False,False,False,2024Q4
TR-001758,TR-C05830,2024-10-24,0,evaluation,0.39929070968792013,0.07940551025632607,LIVE,False,False,False,2024Q4
TR-002141,TR-C03039,2024-10-24,0,evaluation,0.012289840455499195,0.013790697531872889,LIVE,False,False,False,2024Q4
TR-002355,TR-C02130,2024-10-24,0,evaluation,0.007499334004183766,0.013487720016256909,LIVE,False,False,False,2024Q4
TR-003356,TR-C03437,2024-10-24,0,evaluation,0.08890737000814102,0.019653140122227932,LIVE,False,False,False,2024Q4
TR-003901,TR-C01092,2024-10-24,0,evaluation,0.13269721398184392,0.0240377499395297,LIVE,False,False,False,2024Q4
TR-005526,TR-C05795,2024-10-24,0,evaluation,0.31158903435898133,0.054025102838132034,LIVE,False,False,False,2024Q4
TR-006003,TR-C01423,2024-10-24,0,evaluation,0.04248743864352367,0.015860979823761393,LIVE,False,False,False,2024Q4
TR-008177,TR-C02811,2024-10-24,0,evaluation,0.06382640112455706,0.01750543396704144,LIVE,False,False,False,2024Q4
TR-001514,TR-C01231,2024-10-25,0,evaluation,0.01854892214016131,0.01419668646347314,LIVE,False,False,False,2024Q4
TR-003536,TR-C02125,2024-10-25,1,evaluation,0.6856099530727439,0.2489223711560956,LIVE,True,False,True,2024Q4
TR-004618,TR-C00764,2024-10-25,0,evaluation,0.033288619485687176,0.015199868300220586,LIVE,False,False,False,2024Q4
TR-004982,TR-C02423,2024-10-25,0,evaluation,0.061381421846755845,0.017308829636017226,LIVE,False,False,False,2024Q4
TR-005338,TR-C06404,2024-10-25,0,evaluation,0.05521799349095123,0.01682279578241626,LIVE,False,False,False,2024Q4
TR-005373,TR-C01496,2024-10-25,0,evaluation,0.01769775813922054,0.014140792089594111,LIVE,False,False,False,2024Q4
TR-005471,TR-C02769,2024-10-25,0,evaluation,0.7762296560702826,0.33663325040875963,LIVE,True,False,True,2024Q4
TR-007969,TR-C01351,2024-10-25,0,evaluation,0.0393992638219403,0.015635939471871838,LIVE,False,False,False,2024Q4
TR-008446,TR-C05239,2024-10-25,0,evaluation,0.523698735085851,0.134055430500584,LIVE,False,False,False,2024Q4
TR-008867,TR-C00587,2024-10-25,0,evaluation,0.09796074251600011,0.02049018348568608,LIVE,False,False,False,2024Q4
TR-010000,TR-C03283,2024-10-25,0,evaluation,0.08775692780048011,0.019549203108896736,LIVE,False,False,False,2024Q4
TR-005447,TR-C02422,2024-10-26,0,evaluation,0.44599849621537424,0.0970130389497299,LIVE,False,False,False,2024Q4
TR-007724,TR-C06294,2024-10-26,0,evaluation,0.042865221146330346,0.015888727294156513,LIVE,False,False,False,2024Q4
TR-008897,TR-C00412,2024-10-26,0,evaluation,0.10058686194775814,0.02073944998108899,LIVE,False,False,False,2024Q4
TR-009940,TR-C06262,2024-10-26,0,evaluation,0.058332048994107676,0.017066662852443158,LIVE,False,False,False,2024Q4
TR-000471,TR-C04639,2024-10-27,0,evaluation,0.08579232945200373,0.019372955096477525,LIVE,False,False,False,2024Q4
TR-000514,TR-C01700,2024-10-27,0,evaluation,0.07500323999541171,0.018432464147106586,LIVE,False,False,False,2024Q4
TR-001594,TR-C01784,2024-10-27,0,evaluation,0.016681387082132543,0.014074332963576268,LIVE,False,False,False,2024Q4
TR-002283,TR-C06150,2024-10-27,0,evaluation,0.18622499137164833,0.03070492106912157,LIVE,False,False,False,2024Q4
TR-002542,TR-C00984,2024-10-27,0,evaluation,0.02680146172957992,0.014750029898949015,LIVE,False,False,False,2024Q4
TR-003046,TR-C05632,2024-10-27,0,evaluation,0.4381220636314677,0.09381722876356348,LIVE,False,False,False,2024Q4
TR-003583,TR-C06185,2024-10-27,0,evaluation,0.02550270148674205,0.014661558332942292,LIVE,False,False,False,2024Q4
TR-003998,TR-C05502,2024-10-27,0,evaluation,0.16051936245825846,0.02730509825255954,LIVE,False,False,False,2024Q4
TR-005838,TR-C00034,2024-10-27,0,evaluation,0.21646337548905367,0.035230220902412825,LIVE,False,False,False,2024Q4
TR-007222,TR-C03393,2024-10-27,0,evaluation,0.0414175302724488,0.015782655360342658,LIVE,False,False,False,2024Q4
TR-009127,TR-C03980,2024-10-27,1,evaluation,0.8746048561141547,0.44624882689141515,LIVE,True,False,True,2024Q4
TR-000045,TR-C05093,2024-10-28,0,evaluation,0.8427209775705639,0.40957183415239085,LIVE,True,False,True,2024Q4
TR-000830,TR-C01606,2024-10-28,0,evaluation,0.1596878919096338,0.027201467996177887,LIVE,False,False,False,2024Q4
TR-001155,TR-C02111,2024-10-28,1,evaluation,0.23418924319926254,0.03817506433094385,LIVE,False,False,False,2024Q4
TR-004826,TR-C01960,2024-10-28,0,evaluation,0.1344388731976366,0.024230593457319972,LIVE,False,False,False,2024Q4
TR-005752,TR-C02780,2024-10-28,0,evaluation,0.14710768630339396,0.025679435448346513,LIVE,False,False,False,2024Q4
TR-006042,TR-C05739,2024-10-28,0,evaluation,0.17159664377193093,0.028722847397821594,LIVE,False,False,False,2024Q4
TR-007348,TR-C03913,2024-10-28,0,evaluation,0.029212924366798745,0.014915695596499447,LIVE,False,False,False,2024Q4
TR-009353,TR-C02977,2024-10-28,0,evaluation,0.1438345538413195,0.025297222262095072,LIVE,False,False,False,2024Q4
TR-009867,TR-C02409,2024-10-28,0,evaluation,0.04368069218099896,0.015948785136863833,LIVE,False,False,False,2024Q4
TR-006260,TR-C05550,2024-10-29,0,evaluation,0.040971249787324776,0.01575009723139046,LIVE,False,False,False,2024Q4
TR-006316,TR-C03160,2024-10-29,0,evaluation,0.12836906951828322,0.023564980406898632,LIVE,False,False,False,2024Q4
TR-008505,TR-C01317,2024-10-29,0,evaluation,0.09128515699229746,0.01986968106949097,LIVE,False,False,False,2024Q4
TR-008535,TR-C04923,2024-10-29,0,evaluation,0.05543545883308388,0.01683971406160041,LIVE,False,False,False,2024Q4
TR-008645,TR-C03516,2024-10-29,0,evaluation,0.0805510017272616,0.01891033158074871,LIVE,False,False,False,2024Q4
TR-009935,TR-C00520,2024-10-29,0,evaluation,0.04449413171224101,0.016008915848715284,LIVE,False,False,False,2024Q4
TR-000441,TR-C01816,2024-10-30,0,evaluation,0.2338506386542589,0.03811665651799225,LIVE,False,False,False,2024Q4
TR-001747,TR-C04471,2024-10-30,0,evaluation,0.10830312483794012,0.02148915896520938,LIVE,False,False,False,2024Q4
TR-001817,TR-C04341,2024-10-30,0,evaluation,0.03229314827162249,0.015129972159336293,LIVE,False,False,False,2024Q4
TR-002865,TR-C00727,2024-10-30,0,evaluation,0.519450400662278,0.1317537884623475,LIVE,False,False,False,2024Q4
TR-003525,TR-C00885,2024-10-30,0,evaluation,0.06489185119008657,0.01759179299133217,LIVE,False,False,False,2024Q4
TR-005697,TR-C02718,2024-10-30,0,evaluation,0.04302740193453384,0.015900653839082835,LIVE,False,False,False,2024Q4
TR-007966,TR-C01902,2024-10-30,1,evaluation,0.8315188047892789,0.39689946678987087,LIVE,True,False,True,2024Q4
TR-008195,TR-C03128,2024-10-30,0,evaluation,0.1156484603651244,0.02222742149476807,LIVE,False,False,False,2024Q4
TR-009980,TR-C02361,2024-10-30,0,evaluation,0.4588419952005951,0.1024327949162229,LIVE,False,False,False,2024Q4
TR-000997,TR-C01810,2024-10-31,0,evaluation,0.22214694126719114,0.03614978623275683,LIVE,False,False,False,2024Q4
TR-001201,TR-C03067,2024-10-31,0,evaluation,0.04905769152701516,0.01635041912860639,LIVE,False,False,False,2024Q4
TR-004014,TR-C04744,2024-10-31,0,evaluation,0.35898720374579757,0.06661224199116209,LIVE,False,False,False,2024Q4
TR-004815,TR-C03312,2024-10-31,0,evaluation,0.7270161896052527,0.28706058472022195,LIVE,True,False,True,2024Q4
TR-005175,TR-C02142,2024-10-31,1,evaluation,0.6330346111901577,0.2056183133686492,LIVE,True,False,True,2024Q4
TR-005678,TR-C04804,2024-10-31,0,evaluation,0.31403184547202756,0.054615048476043614,LIVE,False,False,False,2024Q4
TR-006371,TR-C05410,2024-10-31,0,evaluation,0.061362703662115416,0.017307332877817824,LIVE,False,False,False,2024Q4
TR-006521,TR-C04874,2024-10-31,0,evaluation,0.7377645089057329,0.2975124391542806,LIVE,True,False,True,2024Q4
TR-007257,TR-C03898,2024-10-31,0,evaluation,0.15826691019951972,0.027025248416102852,LIVE,False,False,False,2024Q4
TR-008270,TR-C01187,2024-10-31,0,evaluation,0.15120585278723842,0.026165923424469467,LIVE,False,False,False,2024Q4
TR-009414,TR-C04442,2024-10-31,0,evaluation,0.011614552390616352,0.013747585768367926,LIVE,False,False,False,2024Q4
TR-001674,TR-C03083,2024-11-01,0,evaluation,0.6646333504272748,0.23094443941551868,LIVE,True,False,True,2024Q4
TR-005033,TR-C06097,2024-11-01,0,evaluation,0.02464220489929572,0.014603229423219094,LIVE,False,False,False,2024Q4
TR-007425,TR-C06017,2024-11-01,1,evaluation,0.7424293590861483,0.3021162607569969,LIVE,True,False,True,2024Q4
TR-008154,TR-C04605,2024-11-01,0,evaluation,0.10720788704576704,0.02138115358393436,LIVE,False,False,False,2024Q4
TR-008961,TR-C05491,2024-11-01,0,evaluation,0.25344955748476733,0.0416424584261631,LIVE,False,False,False,2024Q4
TR-000820,TR-C02008,2024-11-02,0,evaluation,0.2118209550226077,0.034495867964319936,LIVE,False,False,False,2024Q4
TR-001409,TR-C06019,2024-11-02,0,evaluation,0.038968746436603315,0.015604817555617876,LIVE,False,False,False,2024Q4
TR-002149,TR-C03621,2024-11-02,0,evaluation,0.0657535889763336,0.017661946250179146,LIVE,False,False,False,2024Q4
TR-003192,TR-C00657,2024-11-02,0,evaluation,0.020605429487946827,0.014332633701447666,LIVE,False,False,False,2024Q4
TR-004403,TR-C02896,2024-11-02,0,evaluation,0.09026536899300794,0.01977652592733755,LIVE,False,False,False,2024Q4
TR-008239,TR-C04977,2024-11-02,0,evaluation,0.11120857310690463,0.021778267545355886,LIVE,False,False,False,2024Q4
TR-000184,TR-C02442,2024-11-03,0,evaluation,0.33331916253675564,0.05949042141726765,LIVE,False,False,False,2024Q4
TR-002741,TR-C01765,2024-11-03,0,evaluation,0.10825337422536027,0.021484241327888825,LIVE,False,False,False,2024Q4
TR-003801,TR-C03705,2024-11-03,0,evaluation,0.14533947446112705,0.025472263145494417,LIVE,False,False,False,2024Q4
TR-005009,TR-C05544,2024-11-03,0,evaluation,0.6303891538306448,0.20359426613754494,LIVE,True,False,True,2024Q4
TR-005133,TR-C05008,2024-11-03,0,evaluation,0.061119277056872694,0.017287879383397337,LIVE,False,False,False,2024Q4
TR-005583,TR-C02677,2024-11-03,0,evaluation,0.057665437778373796,0.017014168843793285,LIVE,False,False,False,2024Q4
TR-006653,TR-C00489,2024-11-03,0,evaluation,0.3158113267517715,0.05504861399021687,LIVE,False,False,False,2024Q4
TR-007528,TR-C03693,2024-11-03,0,evaluation,0.08593464619002229,0.019385670114912438,LIVE,False,False,False,2024Q4
TR-007847,TR-C00377,2024-11-03,0,evaluation,0.08787971760797801,0.019560270856532044,LIVE,False,False,False,2024Q4
TR-008134,TR-C05102,2024-11-03,0,evaluation,0.07300278919044881,0.018263074297058004,LIVE,False,False,False,2024Q4
TR-008578,TR-C04279,2024-11-03,0,evaluation,0.040984163864124,0.015751038441021086,LIVE,False,False,False,2024Q4
TR-009339,TR-C06114,2024-11-03,0,evaluation,0.20990678183785688,0.03419739458302776,LIVE,False,False,False,2024Q4
TR-001573,TR-C04550,2024-11-04,0,evaluation,0.11306636789397166,0.021965118359058452,LIVE,False,False,False,2024Q4
TR-005454,TR-C00655,2024-11-04,0,evaluation,0.2718996450783591,0.04524508975861607,LIVE,False,False,False,2024Q4
TR-005495,TR-C01844,2024-11-04,0,evaluation,0.1563825735485735,0.02679327798353026,LIVE,False,False,False,2024Q4
TR-005616,TR-C04481,2024-11-04,0,evaluation,0.503698063659711,0.12351061718372007,LIVE,False,False,False,2024Q4
TR-006335,TR-C00719,2024-11-04,0,evaluation,0.16191533784858933,0.02747994903737839,LIVE,False,False,False,2024Q4
TR-007505,TR-C05729,2024-11-04,0,evaluation,0.07936699037920021,0.018807335017211924,LIVE,False,False,False,2024Q4
TR-001403,TR-C01428,2024-11-05,1,evaluation,0.5013875220942097,0.12233947507904434,LIVE,False,False,False,2024Q4
TR-002441,TR-C00805,2024-11-05,0,evaluation,0.677273692841372,0.24166742889517012,LIVE,True,False,True,2024Q4
TR-004743,TR-C00254,2024-11-05,0,evaluation,0.026414482211978185,0.01472361398980826,LIVE,False,False,False,2024Q4
TR-007179,TR-C02599,2024-11-05,0,evaluation,0.02193059173463497,0.014420913570989503,LIVE,False,False,False,2024Q4
TR-007446,TR-C00212,2024-11-05,0,evaluation,0.3680969929848787,0.06932502617591503,LIVE,False,False,False,2024Q4
TR-008713,TR-C03156,2024-11-05,0,evaluation,0.06147024675284904,0.01731593405664666,LIVE,False,False,False,2024Q4
TR-001900,TR-C01109,2024-11-06,0,evaluation,0.603318848303885,0.18373473152019765,LIVE,True,True,True,2024Q4
TR-002107,TR-C02331,2024-11-06,0,evaluation,0.894458068709378,0.4694127307149098,LIVE,True,False,True,2024Q4
TR-002227,TR-C05324,2024-11-06,0,evaluation,0.01843860048784032,0.014189429579023225,LIVE,False,False,False,2024Q4
TR-002813,TR-C03880,2024-11-06,0,evaluation,0.016913919251165924,0.014089510712698356,LIVE,False,False,False,2024Q4
TR-003863,TR-C06119,2024-11-06,1,evaluation,0.3718955799345868,0.07048613594400661,LIVE,False,False,False,2024Q4
TR-006815,TR-C05055,2024-11-06,0,evaluation,0.226543296685329,0.036876892411270915,LIVE,False,False,False,2024Q4
TR-007343,TR-C03526,2024-11-06,0,evaluation,0.057051480888123035,0.016965961616427192,LIVE,False,False,False,2024Q4
TR-009010,TR-C02016,2024-11-06,0,evaluation,0.5732544982899606,0.16347599461191425,LIVE,False,True,True,2024Q4
TR-009314,TR-C00839,2024-11-06,0,evaluation,0.041926642045694476,0.01581987817919337,LIVE,False,False,False,2024Q4
TR-003048,TR-C02153,2024-11-07,0,evaluation,0.10257800615118462,0.020930421861584357,LIVE,False,False,False,2024Q4
TR-003582,TR-C02146,2024-11-07,0,evaluation,0.06061492678099465,0.01724764244674447,LIVE,False,False,False,2024Q4
TR-004103,TR-C03833,2024-11-07,0,evaluation,0.03327147955691064,0.015198662149503644,LIVE,False,False,False,2024Q4
TR-004670,TR-C02564,2024-11-07,0,evaluation,0.019167883561554463,0.014237469215448472,LIVE,False,False,False,2024Q4
TR-005393,TR-C01212,2024-11-07,0,evaluation,0.04747346890050454,0.016231063332427607,LIVE,False,False,False,2024Q4
TR-005464,TR-C00855,2024-11-07,0,evaluation,0.7454185187371932,0.3050874487601603,LIVE,True,False,True,2024Q4
TR-005643,TR-C05088,2024-11-07,0,evaluation,0.5001367402594925,0.12170948791265694,LIVE,False,False,False,2024Q4
TR-005790,TR-C00143,2024-11-07,0,evaluation,0.17470409336510803,0.029133230087458113,LIVE,False,False,False,2024Q4
TR-008792,TR-C02035,2024-11-07,0,evaluation,0.21723326579112262,0.035353451979400076,LIVE,False,False,False,2024Q4
TR-000120,TR-C04580,2024-11-08,0,evaluation,0.5640548270454424,0.15764712918879664,LIVE,False,True,True,2024Q4
TR-001454,TR-C02261,2024-11-08,0,evaluation,0.06824164774845273,0.017866042029094087,LIVE,False,False,False,2024Q4
TR-002058,TR-C03621,2024-11-08,0,evaluation,0.027908904135856862,0.01482588411280815,LIVE,False,False,False,2024Q4
TR-003088,TR-C02713,2024-11-08,0,evaluation,0.4409229239528818,0.09494269954465644,LIVE,False,False,False,2024Q4
TR-006157,TR-C04374,2024-11-08,0,evaluation,0.7947232124352491,0.35631611166843885,LIVE,True,False,True,2024Q4
TR-008102,TR-C05065,2024-11-08,0,evaluation,0.04264339997613863,0.01587242913038159,LIVE,False,False,False,2024Q4
TR-008317,TR-C04279,2024-11-08,0,evaluation,0.015384402143859133,0.013989971851122794,LIVE,False,False,False,2024Q4
TR-008828,TR-C03568,2024-11-08,0,evaluation,0.615723269388915,0.19264272992062778,LIVE,True,True,True,2024Q4
TR-009066,TR-C03205,2024-11-08,0,evaluation,0.023398894795429226,0.014519355023734342,LIVE,False,False,False,2024Q4
TR-009086,TR-C01539,2024-11-08,0,evaluation,0.048128167925737535,0.016280284305354914,LIVE,False,False,False,2024Q4
TR-000733,TR-C05060,2024-11-09,0,evaluation,0.10007606638950808,0.02069073478431395,LIVE,False,False,False,2024Q4
TR-000911,TR-C04329,2024-11-09,1,evaluation,0.029144250598530198,0.014910952506297268,LIVE,False,False,False,2024Q4
TR-001279,TR-C06319,2024-11-09,0,evaluation,0.05004991134265772,0.016425612393158213,LIVE,False,False,False,2024Q4
TR-001473,TR-C01638,2024-11-09,1,evaluation,0.11247174074216854,0.021905142846916713,LIVE,False,False,False,2024Q4
TR-001561,TR-C05789,2024-11-09,0,evaluation,0.023183970267294213,0.014504904287007002,LIVE,False,False,False,2024Q4
TR-003299,TR-C01684,2024-11-09,0,evaluation,0.2980621890403935,0.05086569813789269,LIVE,False,False,False,2024Q4
TR-006168,TR-C00658,2024-11-09,0,evaluation,0.03433363511404397,0.015273585203475585,LIVE,False,False,False,2024Q4
TR-006252,TR-C01680,2024-11-09,0,evaluation,0.1749832297949959,0.029170371189558952,LIVE,False,False,False,2024Q4
TR-006345,TR-C02425,2024-11-09,0,evaluation,0.7297944731606816,0.2897411585956027,LIVE,True,False,True,2024Q4
TR-006625,TR-C00684,2024-11-09,1,evaluation,0.7593397089299513,0.31913728567888944,LIVE,True,False,True,2024Q4
TR-006767,TR-C01986,2024-11-09,0,evaluation,0.4455214999024686,0.09681676812829366,LIVE,False,False,False,2024Q4
TR-007062,TR-C03577,2024-11-09,0,evaluation,0.24261138567475307,0.03965579911969181,LIVE,False,False,False,2024Q4
TR-007539,TR-C00616,2024-11-09,0,evaluation,0.04938828085358375,0.01637543445824238,LIVE,False,False,False,2024Q4
TR-007719,TR-C04425,2024-11-09,0,evaluation,0.11028438488412294,0.021685895505043358,LIVE,False,False,False,2024Q4
TR-008426,TR-C05033,2024-11-09,0,evaluation,0.4287104770858957,0.09012254516015787,LIVE,False,False,False,2024Q4
TR-008483,TR-C03669,2024-11-09,0,evaluation,0.1366642997254946,0.02447919815807947,LIVE,False,False,False,2024Q4
TR-009046,TR-C06116,2024-11-09,0,evaluation,0.040988001443850106,0.01575131814392243,LIVE,False,False,False,2024Q4
TR-009807,TR-C01164,2024-11-09,1,evaluation,0.8242901400622885,0.38879379072757525,LIVE,True,False,True,2024Q4
TR-001158,TR-C04099,2024-11-10,0,evaluation,0.04255519573830816,0.015865952953957815,LIVE,False,False,False,2024Q4
TR-002060,TR-C04377,2024-11-10,0,evaluation,0.8497238366796389,0.4175563703409467,LIVE,True,False,True,2024Q4
TR-002805,TR-C00996,2024-11-10,0,evaluation,0.7301658482044845,0.29010059372135255,LIVE,True,False,True,2024Q4
TR-004311,TR-C04937,2024-11-10,0,evaluation,0.021136857517135323,0.014367972315568975,LIVE,False,False,False,2024Q4
TR-004474,TR-C02364,2024-11-10,0,evaluation,0.0333646240422487,0.015205217938239148,LIVE,False,False,False,2024Q4
TR-006865,TR-C02180,2024-11-10,0,evaluation,0.11863671900997143,0.022534807728307668,LIVE,False,False,False,2024Q4
TR-007342,TR-C02915,2024-11-10,0,evaluation,0.6331394046283724,0.2056987973955444,LIVE,True,False,True,2024Q4
TR-009057,TR-C01031,2024-11-10,0,evaluation,0.02531707985830891,0.014648956555166154,LIVE,False,False,False,2024Q4
TR-001163,TR-C02493,2024-11-11,1,evaluation,0.1305527202081334,0.023802358574032196,LIVE,False,False,False,2024Q4
TR-001750,TR-C01222,2024-11-11,0,evaluation,0.6183720078364715,0.19458692054545856,LIVE,True,False,True,2024Q4
TR-003435,TR-C01857,2024-11-11,1,evaluation,0.8833037578370991,0.4563756413764929,LIVE,True,False,True,2024Q4
TR-003511,TR-C02662,2024-11-11,0,evaluation,0.15221163495962067,0.02628668253598086,LIVE,False,False,False,2024Q4
TR-004443,TR-C06355,2024-11-11,0,evaluation,0.04833624694225726,0.016295958627840355,LIVE,False,False,False,2024Q4
TR-005619,TR-C05950,2024-11-11,1,evaluation,0.013585659751439641,0.01387379893076872,LIVE,False,False,False,2024Q4
TR-006464,TR-C01732,2024-11-11,0,evaluation,0.04672655189414788,0.016175088029424262,LIVE,False,False,False,2024Q4
TR-006695,TR-C05927,2024-11-11,0,evaluation,0.7399694298898496,0.2996834752948273,LIVE,True,False,True,2024Q4
TR-007310,TR-C03174,2024-11-11,0,evaluation,0.31242515803744797,0.054226349556951665,LIVE,False,False,False,2024Q4
TR-009383,TR-C04536,2024-11-11,0,evaluation,0.328239924426792,0.05816831767675784,LIVE,False,False,False,2024Q4
TR-000768,TR-C00553,2024-11-12,0,evaluation,0.39824201490225913,0.07904585268112496,LIVE,False,False,False,2024Q4
TR-001599,TR-C00482,2024-11-12,0,evaluation,0.02808709482063204,0.014838125108025403,LIVE,False,False,False,2024Q4
TR-002216,TR-C04971,2024-11-12,0,evaluation,0.12561848322399358,0.023269258278466817,LIVE,False,False,False,2024Q4
TR-002245,TR-C01446,2024-11-12,0,evaluation,0.4883679254994119,0.11591770496063565,LIVE,False,False,False,2024Q4
TR-002735,TR-C03261,2024-11-12,0,evaluation,0.2502460970365135,0.0410455481404721,LIVE,False,False,False,2024Q4
TR-004585,TR-C02432,2024-11-12,0,evaluation,0.00982963915708457,0.013634272121431881,LIVE,False,False,False,2024Q4
TR-004903,TR-C04532,2024-11-12,0,evaluation,0.5769255090852795,0.16584987340836366,LIVE,False,True,True,2024Q4
TR-005231,TR-C04202,2024-11-12,0,evaluation,0.025136088409193107,0.014636679393025617,LIVE,False,False,False,2024Q4
TR-006208,TR-C04288,2024-11-12,0,evaluation,0.299418094382651,0.05117433469821757,LIVE,False,False,False,2024Q4
TR-006884,TR-C05982,2024-11-12,0,evaluation,0.010495476622224073,0.013676434113696737,LIVE,False,False,False,2024Q4
TR-006932,TR-C05623,2024-11-12,0,evaluation,0.04830769603801448,0.01629380704709652,LIVE,False,False,False,2024Q4
TR-007029,TR-C03147,2024-11-12,0,evaluation,0.4867760557918054,0.11515294875356155,LIVE,False,False,False,2024Q4
TR-007050,TR-C02001,2024-11-12,0,evaluation,0.6824809057446638,0.24618222600445044,LIVE,True,False,True,2024Q4
TR-007153,TR-C03454,2024-11-12,0,evaluation,0.020370907323166845,0.014317065826118188,LIVE,False,False,False,2024Q4
TR-008033,TR-C01869,2024-11-12,0,evaluation,0.3902691422973485,0.07635986278704236,LIVE,False,False,False,2024Q4
TR-009557,TR-C00042,2024-11-12,0,evaluation,0.07999445889102795,0.018861849475269553,LIVE,False,False,False,2024Q4
TR-009754,TR-C06283,2024-11-12,0,evaluation,0.008615213348496298,0.0135577024039916,LIVE,False,False,False,2024Q4
TR-000175,TR-C01402,2024-11-13,0,evaluation,0.6688789262665777,0.23450852011137338,LIVE,True,False,True,2024Q4
TR-003029,TR-C00054,2024-11-13,0,evaluation,0.2721401435257045,0.045293957307438744,LIVE,False,False,False,2024Q4
TR-003338,TR-C04880,2024-11-13,0,evaluation,0.00512447038261332,0.01333996434405516,LIVE,False,False,False,2024Q4
TR-004919,TR-C05441,2024-11-13,1,evaluation,0.7526392414287345,0.31233177400540524,LIVE,True,False,True,2024Q4
TR-005890,TR-C03169,2024-11-13,0,evaluation,0.1381993311846744,0.024652125493342485,LIVE,False,False,False,2024Q4
TR-007617,TR-C02061,2024-11-13,0,evaluation,0.059733169684650964,0.01717751701691653,LIVE,False,False,False,2024Q4
TR-008100,TR-C02281,2024-11-13,0,evaluation,0.01475733923952051,0.013949364115168441,LIVE,False,False,False,2024Q4
TR-009152,TR-C04278,2024-11-13,0,evaluation,0.06444819153240788,0.017555781864586072,LIVE,False,False,False,2024Q4
TR-009277,TR-C01734,2024-11-13,0,evaluation,0.9034181054421611,0.47991634406147204,LIVE,True,False,True,2024Q4
TR-009454,TR-C01900,2024-11-13,0,evaluation,0.3017387990570384,0.05170669749320942,LIVE,False,False,False,2024Q4
TR-001341,TR-C01260,2024-11-14,0,evaluation,0.236726604778174,0.038615491183892396,LIVE,False,False,False,2024Q4
TR-001418,TR-C04365,2024-11-14,0,evaluation,0.6867905580756027,0.24996152420754975,LIVE,True,False,True,2024Q4
TR-001918,TR-C03026,2024-11-14,0,evaluation,0.30683371189521363,0.052893874577822436,LIVE,False,False,False,2024Q4
TR-002393,TR-C03530,2024-11-14,0,evaluation,0.5740609488006915,0.16399513602478957,LIVE,False,True,True,2024Q4
TR-002398,TR-C00720,2024-11-14,0,evaluation,0.006971903431110388,0.013454766321016685,LIVE,False,False,False,2024Q4
TR-003246,TR-C02371,2024-11-14,0,evaluation,0.0734544298268474,0.018301183329901084,LIVE,False,False,False,2024Q4
TR-004281,TR-C01697,2024-11-14,0,evaluation,0.5552972128952025,0.1522563917090016,LIVE,False,False,False,2024Q4
TR-005103,TR-C04238,2024-11-14,1,evaluation,0.7715542207072388,0.3317424467967049,LIVE,True,False,True,2024Q4
TR-006753,TR-C05578,2024-11-14,0,evaluation,0.22208936690549158,0.03614035623702435,LIVE,False,False,False,2024Q4
TR-007012,TR-C05951,2024-11-14,0,evaluation,0.6534585612095325,0.221745625729095,LIVE,True,False,True,2024Q4
TR-007059,TR-C05485,2024-11-14,0,evaluation,0.1536851715258319,0.026464582245765776,LIVE,False,False,False,2024Q4
TR-007167,TR-C00032,2024-11-14,0,evaluation,0.2201955914373612,0.03583149487861056,LIVE,False,False,False,2024Q4
TR-007788,TR-C05192,2024-11-14,0,evaluation,0.015153757510786136,0.013975022089081463,LIVE,False,False,False,2024Q4
TR-007915,TR-C04214,2024-11-14,1,evaluation,0.09641289783697914,0.02034464128289291,LIVE,False,False,False,2024Q4
TR-008032,TR-C05028,2024-11-14,0,evaluation,0.037683999705236594,0.015512305740448408,LIVE,False,False,False,2024Q4
TR-000132,TR-C02336,2024-11-15,0,evaluation,0.754156159638375,0.31386553853774585,LIVE,True,False,True,2024Q4
TR-000330,TR-C04365,2024-11-15,1,evaluation,0.1262467772723445,0.023336486810917316,LIVE,False,False,False,2024Q4
TR-001897,TR-C00976,2024-11-15,0,evaluation,0.025342306080443248,0.014650668526528004,LIVE,False,False,False,2024Q4
TR-002003,TR-C01370,2024-11-15,0,evaluation,0.1761388305960505,0.02932462136971799,LIVE,False,False,False,2024Q4
TR-002475,TR-C03867,2024-11-15,1,evaluation,0.030578466582962847,0.015010318601753227,LIVE,False,False,False,2024Q4
TR-002776,TR-C05776,2024-11-15,0,evaluation,0.14960305897891418,0.025974599017094546,LIVE,False,False,False,2024Q4
TR-002919,TR-C04489,2024-11-15,0,evaluation,0.2141707155636459,0.034865697066284354,LIVE,False,False,False,2024Q4
TR-003754,TR-C03031,2024-11-15,0,evaluation,0.26016663447437777,0.04292113708178254,LIVE,False,False,False,2024Q4
TR-005687,TR-C05007,2024-11-15,0,evaluation,0.02150545183825688,0.014392533316550642,LIVE,False,False,False,2024Q4
TR-005805,TR-C05939,2024-11-15,0,evaluation,0.14959317498829686,0.02597342340647071,LIVE,False,False,False,2024Q4
TR-007615,TR-C00112,2024-11-15,0,evaluation,0.3586072654749244,0.06650126968303934,LIVE,False,False,False,2024Q4
TR-008059,TR-C04538,2024-11-15,0,evaluation,0.16409849669428908,0.027755580622660394,LIVE,False,False,False,2024Q4
TR-008772,TR-C02570,2024-11-15,0,evaluation,0.016177320313799027,0.014041487027254166,LIVE,False,False,False,2024Q4
TR-009418,TR-C00400,2024-11-15,0,evaluation,0.02069888941902836,0.014338842336393666,LIVE,False,False,False,2024Q4
TR-000766,TR-C04665,2024-11-16,0,evaluation,0.33975881747825865,0.0612071109629385,LIVE,False,False,False,2024Q4
TR-003463,TR-C04065,2024-11-16,0,evaluation,0.12008688037050415,0.02268547101474265,LIVE,False,False,False,2024Q4
TR-004253,TR-C03280,2024-11-16,0,evaluation,0.17347615914516204,0.028970388678907392,LIVE,False,False,False,2024Q4
TR-005018,TR-C01821,2024-11-16,0,evaluation,0.13971496221847726,0.024824035302226075,LIVE,False,False,False,2024Q4
TR-005399,TR-C06433,2024-11-16,0,evaluation,0.055246355018193624,0.01682500129315156,LIVE,False,False,False,2024Q4
TR-005588,TR-C00207,2024-11-16,0,evaluation,0.07928168264223674,0.018799935425232322,LIVE,False,False,False,2024Q4
TR-006395,TR-C04870,2024-11-16,0,evaluation,0.4185319861378473,0.08627481652480959,LIVE,False,False,False,2024Q4
TR-007074,TR-C04783,2024-11-16,0,evaluation,0.15169493212419344,0.02622457709396456,LIVE,False,False,False,2024Q4
TR-007203,TR-C03935,2024-11-16,0,evaluation,0.04886544127184017,0.016335889048780798,LIVE,False,False,False,2024Q4
TR-007357,TR-C00878,2024-11-16,0,evaluation,0.6251465342506379,0.19962704146277294,LIVE,True,False,True,2024Q4
TR-007384,TR-C00328,2024-11-16,0,evaluation,0.031599235454922645,0.015081436966571549,LIVE,False,False,False,2024Q4
TR-008627,TR-C03812,2024-11-16,0,evaluation,0.021092650072934982,0.0143650293615728,LIVE,False,False,False,2024Q4
TR-009509,TR-C01398,2024-11-16,0,evaluation,0.007919560081354648,0.013514032578137986,LIVE,False,False,False,2024Q4
TR-000823,TR-C01856,2024-11-17,0,evaluation,0.11711713809619576,0.022377981072986653,LIVE,False,False,False,2024Q4
TR-001351,TR-C05044,2024-11-17,0,evaluation,0.5441372104019513,0.14560709328389163,LIVE,False,False,False,2024Q4
TR-002008,TR-C00278,2024-11-17,0,evaluation,0.41997265706814907,0.08681024697087222,LIVE,False,False,False,2024Q4
TR-002014,TR-C02883,2024-11-17,0,evaluation,0.0770629940403563,0.01860848622128027,LIVE,False,False,False,2024Q4
TR-002219,TR-C00422,2024-11-17,0,evaluation,0.01271438713624272,0.013817869675757244,LIVE,False,False,False,2024Q4
TR-004095,TR-C00786,2024-11-17,0,evaluation,0.005441331166486913,0.013359585617448272,LIVE,False,False,False,2024Q4
TR-007004,TR-C05532,2024-11-17,0,evaluation,0.33675347060325844,0.06040025411146657,LIVE,False,False,False,2024Q4
TR-007733,TR-C02058,2024-11-17,0,evaluation,0.18728073899027597,0.0308529878405227,LIVE,False,False,False,2024Q4
TR-000532,TR-C06195,2024-11-18,0,evaluation,0.22659510003129554,0.03688554337567663,LIVE,False,False,False,2024Q4
TR-001240,TR-C05672,2024-11-18,0,evaluation,0.2365176249892669,0.038579033613651635,LIVE,False,False,False,2024Q4
TR-003278,TR-C04671,2024-11-18,0,evaluation,0.037999958645789284,0.015535007080202628,LIVE,False,False,False,2024Q4
TR-003523,TR-C02114,2024-11-18,0,evaluation,0.047462917668741715,0.016230271279091487,LIVE,False,False,False,2024Q4
TR-006622,TR-C01302,2024-11-18,0,evaluation,0.13129006406759067,0.023883038685378014,LIVE,False,False,False,2024Q4
TR-006788,TR-C00429,2024-11-18,0,evaluation,0.4982291658454041,0.12075407315890548,LIVE,False,False,False,2024Q4
TR-006888,TR-C00446,2024-11-18,0,evaluation,0.00812116362408003,0.01352667399948048,LIVE,False,False,False,2024Q4
TR-007545,TR-C00243,2024-11-18,0,evaluation,0.6955674373669372,0.2577770865607563,LIVE,True,False,True,2024Q4
TR-008462,TR-C05287,2024-11-18,0,evaluation,0.33154330908020524,0.05902500447822374,LIVE,False,False,False,2024Q4
TR-009775,TR-C03687,2024-11-18,1,evaluation,0.802562546861247,0.3648131076074002,LIVE,True,False,True,2024Q4
TR-009933,TR-C04110,2024-11-18,0,evaluation,0.022521682790747507,0.01446046356272549,LIVE,False,False,False,2024Q4
TR-001007,TR-C04434,2024-11-19,0,evaluation,0.07890169965967715,0.01876701037890725,LIVE,False,False,False,2024Q4
TR-001067,TR-C04854,2024-11-19,0,evaluation,0.03818249906611933,0.015548137329192852,LIVE,False,False,False,2024Q4
TR-001568,TR-C01694,2024-11-19,0,evaluation,0.17523650514562544,0.0292041110287751,LIVE,False,False,False,2024Q4
TR-002631,TR-C03057,2024-11-19,0,evaluation,0.25763993285031217,0.04243580637191298,LIVE,False,False,False,2024Q4
TR-005460,TR-C00492,2024-11-19,0,evaluation,0.5078023759055004,0.12561471484899084,LIVE,False,False,False,2024Q4
TR-006036,TR-C06430,2024-11-19,0,evaluation,0.034967335169002516,0.015318458630362514,LIVE,False,False,False,2024Q4
TR-006838,TR-C04564,2024-11-19,0,evaluation,0.06644109561611006,0.01771811247754856,LIVE,False,False,False,2024Q4
TR-009722,TR-C00766,2024-11-19,0,evaluation,0.10628082210404773,0.02129014742605017,LIVE,False,False,False,2024Q4
TR-009748,TR-C01397,2024-11-19,0,evaluation,0.46051195835204056,0.10315688058694453,LIVE,False,False,False,2024Q4
TR-001811,TR-C01070,2024-11-20,0,evaluation,0.32488496715883464,0.05731020682557406,LIVE,False,False,False,2024Q4
TR-001875,TR-C03693,2024-11-20,0,evaluation,0.014397730472504304,0.013926128794246153,LIVE,False,False,False,2024Q4
TR-002076,TR-C00809,2024-11-20,0,evaluation,0.7540814556485657,0.3137899092728789,LIVE,True,False,True,2024Q4
TR-003181,TR-C05531,2024-11-20,0,evaluation,0.19605728052280327,0.03211092361040224,LIVE,False,False,False,2024Q4
TR-009047,TR-C05201,2024-11-20,1,evaluation,0.07921353528414624,0.01879402637603762,LIVE,False,False,False,2024Q4
TR-009254,TR-C05939,2024-11-20,0,evaluation,0.08066948896595368,0.018920669126035617,LIVE,False,False,False,2024Q4
TR-009580,TR-C02348,2024-11-20,0,evaluation,0.06043411070220978,0.017233239403098902,LIVE,False,False,False,2024Q4
TR-002792,TR-C02385,2024-11-21,0,evaluation,0.036646465949406105,0.015437989367597731,LIVE,False,False,False,2024Q4
TR-004999,TR-C00658,2024-11-21,0,evaluation,0.15371528780964375,0.026468230364018856,LIVE,False,False,False,2024Q4
TR-006171,TR-C04831,2024-11-21,0,evaluation,0.1688022680852151,0.028358605168344864,LIVE,False,False,False,2024Q4
TR-006816,TR-C02168,2024-11-21,0,evaluation,0.4581503653796281,0.1021342292419008,LIVE,False,False,False,2024Q4
TR-000199,TR-C04106,2024-11-22,0,evaluation,0.231140130047793,0.03765218927789319,LIVE,False,False,False,2024Q4
TR-001036,TR-C03253,2024-11-22,0,evaluation,0.23577645078404494,0.03844999826762566,LIVE,False,False,False,2024Q4
TR-003018,TR-C00413,2024-11-22,0,evaluation,0.4739972249164259,0.10917156748715884,LIVE,False,False,False,2024Q4
TR-003283,TR-C05356,2024-11-22,0,evaluation,0.44379327475700064,0.0961086175155543,LIVE,False,False,False,2024Q4
TR-003304,TR-C02216,2024-11-22,0,evaluation,0.10754977017519911,0.021414810794581955,LIVE,False,False,False,2024Q4
TR-003449,TR-C05865,2024-11-22,0,evaluation,0.015163407295835556,0.01397564724629145,LIVE,False,False,False,2024Q4
TR-003547,TR-C02212,2024-11-22,0,evaluation,0.0353599294813916,0.015346324014981056,LIVE,False,False,False,2024Q4
TR-005057,TR-C01303,2024-11-22,0,evaluation,0.06258578490951076,0.017405401631668885,LIVE,False,False,False,2024Q4
TR-007210,TR-C02131,2024-11-22,0,evaluation,0.013550610587122652,0.013871544731092979,LIVE,False,False,False,2024Q4
TR-008121,TR-C03853,2024-11-22,0,evaluation,0.058706947015558786,0.0170962550446945,LIVE,False,False,False,2024Q4
TR-008779,TR-C00453,2024-11-22,0,evaluation,0.10168390450002177,0.020844456059063786,LIVE,False,False,False,2024Q4
TR-008802,TR-C05931,2024-11-22,0,evaluation,0.01783891445838583,0.014150046539384413,LIVE,False,False,False,2024Q4
TR-009444,TR-C04503,2024-11-22,0,evaluation,0.22566105830031322,0.036729861170700547,LIVE,False,False,False,2024Q4
TR-001211,TR-C05870,2024-11-23,0,evaluation,0.1730903769911845,0.028919411058522505,LIVE,False,False,False,2024Q4
TR-003696,TR-C00238,2024-11-23,0,evaluation,0.023080337610433807,0.014497941472070229,LIVE,False,False,False,2024Q4
TR-003746,TR-C03351,2024-11-23,0,evaluation,0.05638649888799096,0.01691389937722506,LIVE,False,False,False,2024Q4
TR-004890,TR-C00017,2024-11-23,0,evaluation,0.7447392272394793,0.3044108025316006,LIVE,True,False,True,2024Q4
TR-006538,TR-C04082,2024-11-23,0,evaluation,0.04666150565654874,0.016170222344267567,LIVE,False,False,False,2024Q4
TR-007668,TR-C00678,2024-11-23,1,evaluation,0.14212860459192236,0.025100215961159304,LIVE,False,False,False,2024Q4
TR-008141,TR-C06357,2024-11-23,0,evaluation,0.019340114549651816,0.014248837863914504,LIVE,False,False,False,2024Q4
TR-008211,TR-C00433,2024-11-23,0,evaluation,0.020324455445805,0.014313984270037466,LIVE,False,False,False,2024Q4
TR-008606,TR-C01188,2024-11-23,0,evaluation,0.04927415864351382,0.016366794705876663,LIVE,False,False,False,2024Q4
TR-009427,TR-C06200,2024-11-23,0,evaluation,0.05804384726327656,0.01704394816752389,LIVE,False,False,False,2024Q4
TR-009579,TR-C05444,2024-11-23,0,evaluation,0.09880733919696064,0.020570218842641357,LIVE,False,False,False,2024Q4
TR-002375,TR-C02456,2024-11-24,0,evaluation,0.058552322710641806,0.01708404382909468,LIVE,False,False,False,2024Q4
TR-006152,TR-C05412,2024-11-24,0,evaluation,0.061545074631506234,0.017321921185797777,LIVE,False,False,False,2024Q4
TR-007023,TR-C03042,2024-11-24,0,evaluation,0.054622041895324346,0.0167765177637917,LIVE,False,False,False,2024Q4
TR-007725,TR-C00209,2024-11-24,0,evaluation,0.15765022544494822,0.026949117570077803,LIVE,False,False,False,2024Q4
TR-008631,TR-C03032,2024-11-24,0,evaluation,0.704486942324071,0.2658812940406785,LIVE,True,False,True,2024Q4
TR-009243,TR-C04143,2024-11-24,0,evaluation,0.05870992272605879,0.017096490130928343,LIVE,False,False,False,2024Q4
TR-009404,TR-C00945,2024-11-24,0,evaluation,0.11445410176204221,0.022105713637825278,LIVE,False,False,False,2024Q4
TR-000288,TR-C03140,2024-11-25,0,evaluation,0.033045474691420954,0.015182766814152907,LIVE,False,False,False,2024Q4
TR-002223,TR-C00386,2024-11-25,0,evaluation,0.04181904259446612,0.015812004041183866,LIVE,False,False,False,2024Q4
TR-004405,TR-C01983,2024-11-25,0,evaluation,0.02115536149747562,0.014369204328893981,LIVE,False,False,False,2024Q4
TR-005301,TR-C01537,2024-11-25,0,evaluation,0.22222543494628233,0.03616264637928366,LIVE,False,False,False,2024Q4
TR-005401,TR-C05553,2024-11-25,0,evaluation,0.1272926170308808,0.023448814121818196,LIVE,False,False,False,2024Q4
TR-005773,TR-C02403,2024-11-25,0,evaluation,0.048235547754731496,0.01628837123629146,LIVE,False,False,False,2024Q4
TR-006762,TR-C05504,2024-11-25,0,evaluation,0.030134837143159354,0.01497951338091195,LIVE,False,False,False,2024Q4
TR-006795,TR-C04650,2024-11-25,0,evaluation,0.019731010543476524,0.014274673389959011,LIVE,False,False,False,2024Q4
TR-006956,TR-C04648,2024-11-25,0,evaluation,0.2217046126603938,0.036077398821406634,LIVE,False,False,False,2024Q4
TR-008409,TR-C00486,2024-11-25,0,evaluation,0.022894139558069786,0.014485439571000094,LIVE,False,False,False,2024Q4
TR-009323,TR-C02326,2024-11-25,0,evaluation,0.12724354728844606,0.023443532059278967,LIVE,False,False,False,2024Q4
TR-009914,TR-C02415,2024-11-25,0,evaluation,0.4042301589210774,0.08111971253671624,LIVE,False,False,False,2024Q4
TR-000770,TR-C00856,2024-11-26,0,evaluation,0.05299210164125985,0.016650584614507323,LIVE,False,False,False,2024Q4
TR-001181,TR-C06250,2024-11-26,0,evaluation,0.1523751417066198,0.026306365129816586,LIVE,False,False,False,2024Q4
TR-005023,TR-C00790,2024-11-26,0,evaluation,0.05342481334264526,0.01668392608089876,LIVE,False,False,False,2024Q4
TR-005620,TR-C04494,2024-11-26,0,evaluation,0.5847931511380499,0.17103043250480046,LIVE,False,True,True,2024Q4
TR-005672,TR-C04539,2024-11-26,1,evaluation,0.013350257094242497,0.013858665854098498,LIVE,False,False,False,2024Q4
TR-005934,TR-C00673,2024-11-26,0,evaluation,0.36884207963523463,0.0695513715911318,LIVE,False,False,False,2024Q4
TR-008259,TR-C00298,2024-11-26,0,evaluation,0.027861427455990493,0.014822624331138895,LIVE,False,False,False,2024Q4
TR-009028,TR-C05252,2024-11-26,0,evaluation,0.6425376985520456,0.21301187944859165,LIVE,True,False,True,2024Q4
TR-000257,TR-C03879,2024-11-27,0,evaluation,0.599312381223695,0.18092662523173356,LIVE,True,True,True,2024Q4
TR-001709,TR-C05287,2024-11-27,0,evaluation,0.04300828018705783,0.01589924719503164,LIVE,False,False,False,2024Q4
TR-002907,TR-C04218,2024-11-27,1,evaluation,0.44512477190902994,0.09665379563478041,LIVE,False,False,False,2024Q4
TR-002927,TR-C01875,2024-11-27,0,evaluation,0.0745236875891432,0.018391717693015685,LIVE,False,False,False,2024Q4
TR-003476,TR-C04696,2024-11-27,0,evaluation,0.3614465293131064,0.06733472991546183,LIVE,False,False,False,2024Q4
TR-003611,TR-C01833,2024-11-27,0,evaluation,0.15343069085143154,0.026433775403227326,LIVE,False,False,False,2024Q4
TR-004578,TR-C03713,2024-11-27,0,evaluation,0.15436878537389762,0.02654751199264938,LIVE,False,False,False,2024Q4
TR-004980,TR-C02160,2024-11-27,0,evaluation,0.2905493656797871,0.04918728976600626,LIVE,False,False,False,2024Q4
TR-007861,TR-C02722,2024-11-27,0,evaluation,0.05610688259725046,0.016892054802015027,LIVE,False,False,False,2024Q4
TR-009573,TR-C03094,2024-11-27,0,evaluation,0.3704859053466935,0.07005315978000065,LIVE,False,False,False,2024Q4
TR-000290,TR-C06186,2024-11-28,0,evaluation,0.49834437793424385,0.12081159344330711,LIVE,False,False,False,2024Q4
TR-000480,TR-C02193,2024-11-28,0,evaluation,0.01623082831775905,0.014044970121263337,LIVE,False,False,False,2024Q4
TR-001075,TR-C04967,2024-11-28,0,evaluation,0.2823571628813872,0.04741701132187146,LIVE,False,False,False,2024Q4
TR-001735,TR-C00891,2024-11-28,0,evaluation,0.11185058592548255,0.02184266266273395,LIVE,False,False,False,2024Q4
TR-006258,TR-C02674,2024-11-28,0,evaluation,0.5869805760733933,0.17249339989751697,LIVE,False,True,True,2024Q4
TR-007964,TR-C03824,2024-11-28,0,evaluation,0.4070132294099266,0.08210035728328366,LIVE,False,False,False,2024Q4
TR-008890,TR-C03233,2024-11-28,0,evaluation,0.08516921136758827,0.019317379985302516,LIVE,False,False,False,2024Q4
TR-009529,TR-C02111,2024-11-28,0,evaluation,0.4638732796344195,0.10462807254906294,LIVE,False,False,False,2024Q4
TR-001856,TR-C03399,2024-11-29,0,evaluation,0.5049505361717728,0.12414947373800905,LIVE,False,False,False,2024Q4
TR-002874,TR-C00098,2024-11-29,0,evaluation,0.027845120399446446,0.014821504840248297,LIVE,False,False,False,2024Q4
TR-005163,TR-C06279,2024-11-29,0,evaluation,0.0800785569455372,0.018869167680993608,LIVE,False,False,False,2024Q4
TR-005370,TR-C02391,2024-11-29,1,evaluation,0.42316398471436795,0.08800703580477319,LIVE,False,False,False,2024Q4
TR-005626,TR-C03966,2024-11-29,0,evaluation,0.22041394760834324,0.03586697718975288,LIVE,False,False,False,2024Q4
TR-005867,TR-C05301,2024-11-29,0,evaluation,0.2311579899588517,0.03765523184423664,LIVE,False,False,False,2024Q4
TR-006402,TR-C06359,2024-11-29,0,evaluation,0.016633779459170307,0.014071227525539597,LIVE,False,False,False,2024Q4
TR-007183,TR-C00693,2024-11-29,1,evaluation,0.7748141524241507,0.3351487859087328,LIVE,True,False,True,2024Q4
TR-008525,TR-C04887,2024-11-29,0,evaluation,0.2735527824021061,0.04558201175339755,LIVE,False,False,False,2024Q4
TR-009912,TR-C00903,2024-11-29,0,evaluation,0.49463151535045685,0.11896978263458448,LIVE,False,False,False,2024Q4
TR-000802,TR-C02516,2024-11-30,0,evaluation,0.5675457828279201,0.159838840531303,LIVE,False,True,True,2024Q4
TR-002379,TR-C03174,2024-11-30,1,evaluation,0.45974604093202637,0.10282422285709143,LIVE,False,False,False,2024Q4
TR-004455,TR-C06003,2024-11-30,1,evaluation,0.831759986539161,0.3971709150146976,LIVE,True,False,True,2024Q4
TR-005048,TR-C02438,2024-11-30,0,evaluation,0.13221823918076114,0.023984978893346515,LIVE,False,False,False,2024Q4
TR-009953,TR-C05514,2024-11-30,0,evaluation,0.35641040089480164,0.0658629700271676,LIVE,False,False,False,2024Q4
TR-000476,TR-C02454,2024-12-01,0,evaluation,0.10827554234975126,0.02148643241711816,LIVE,False,False,False,2024Q4
TR-003384,TR-C05417,2024-12-01,0,evaluation,0.0297581909878424,0.014953408292348038,LIVE,False,False,False,2024Q4
TR-004593,TR-C03068,2024-12-01,0,evaluation,0.21363470928235187,0.03478099995111115,LIVE,False,False,False,2024Q4
TR-004961,TR-C01675,2024-12-01,0,evaluation,0.26983404079957335,0.04482743734726754,LIVE,False,False,False,2024Q4
TR-005557,TR-C03431,2024-12-01,0,evaluation,0.06027301787895742,0.017220417384509787,LIVE,False,False,False,2024Q4
TR-006013,TR-C05397,2024-12-01,0,evaluation,0.09499600990527435,0.020212300574074946,LIVE,False,False,False,2024Q4
TR-006066,TR-C01541,2024-12-01,0,evaluation,0.5716645309449835,0.1624563493778724,LIVE,False,True,True,2024Q4
TR-000557,TR-C02175,2024-12-02,0,evaluation,0.31482017290714176,0.05480672381316689,LIVE,False,False,False,2024Q4
TR-001533,TR-C00059,2024-12-02,0,evaluation,0.0387724390400898,0.01559064682285556,LIVE,False,False,False,2024Q4
TR-001825,TR-C01038,2024-12-02,0,evaluation,0.24891995306776324,0.040800848125854314,LIVE,False,False,False,2024Q4
TR-002079,TR-C01597,2024-12-02,0,evaluation,0.08584310020248392,0.019377490174407094,LIVE,False,False,False,2024Q4
TR-003531,TR-C02994,2024-12-02,0,evaluation,0.700145133062904,0.26191613229415117,LIVE,True,False,True,2024Q4
TR-003716,TR-C01936,2024-12-02,0,evaluation,0.054607261470827936,0.01677537159653637,LIVE,False,False,False,2024Q4
TR-004414,TR-C03269,2024-12-02,0,evaluation,0.5169836103617136,0.13043278413380233,LIVE,False,False,False,2024Q4
TR-004447,TR-C05466,2024-12-02,0,evaluation,0.09629948820248306,0.020334017385879342,LIVE,False,False,False,2024Q4
TR-004504,TR-C03604,2024-12-02,0,evaluation,0.032348905660048166,0.01513387873538781,LIVE,False,False,False,2024Q4
TR-004799,TR-C04118,2024-12-02,0,evaluation,0.051744054214447326,0.016554786079264278,LIVE,False,False,False,2024Q4
TR-004926,TR-C00808,2024-12-02,0,evaluation,0.8225390421012913,0.38683927458470185,LIVE,True,False,True,2024Q4
TR-005877,TR-C01808,2024-12-02,0,evaluation,0.3056016011297551,0.05260443970647321,LIVE,False,False,False,2024Q4
TR-007223,TR-C05560,2024-12-02,0,evaluation,0.09511020005463451,0.020222934897078836,LIVE,False,False,False,2024Q4
TR-008047,TR-C04885,2024-12-02,0,evaluation,0.06306897139883617,0.017444294591276152,LIVE,False,False,False,2024Q4
TR-008844,TR-C02515,2024-12-02,1,evaluation,0.3023427477591746,0.051846097888515005,LIVE,False,False,False,2024Q4
TR-009402,TR-C01867,2024-12-02,0,evaluation,0.15869290138287706,0.02707795986040441,LIVE,False,False,False,2024Q4
TR-009799,TR-C03426,2024-12-02,0,evaluation,0.05783214925833025,0.01702728206908769,LIVE,False,False,False,2024Q4
TR-000577,TR-C05340,2024-12-03,0,evaluation,0.17173132327795718,0.028740516862264205,LIVE,False,False,False,2024Q4
TR-000846,TR-C02751,2024-12-03,0,evaluation,0.08515317836588372,0.019315952086550577,LIVE,False,False,False,2024Q4
TR-003736,TR-C03846,2024-12-03,0,evaluation,0.16041389471821632,0.027291932070831873,LIVE,False,False,False,2024Q4
TR-004759,TR-C01189,2024-12-03,0,evaluation,0.35035087024786327,0.06413177808650969,LIVE,False,False,False,2024Q4
TR-006886,TR-C01393,2024-12-03,0,evaluation,0.7614829119698792,0.3213306486442227,LIVE,True,False,True,2024Q4
TR-007351,TR-C02937,2024-12-03,0,evaluation,0.6246835224449502,0.19927947216077915,LIVE,True,False,True,2024Q4
TR-008856,TR-C05440,2024-12-03,0,evaluation,0.08089476170420652,0.018940338573250125,LIVE,False,False,False,2024Q4
TR-009432,TR-C04419,2024-12-03,0,evaluation,0.07565458552475617,0.018487949352360363,LIVE,False,False,False,2024Q4
TR-000335,TR-C01786,2024-12-04,0,evaluation,0.045561295493759334,0.016088140567866904,LIVE,False,False,False,2024Q4
TR-001853,TR-C03092,2024-12-04,0,evaluation,0.3741841890797581,0.07119434306627345,LIVE,False,False,False,2024Q4
TR-002435,TR-C03754,2024-12-04,0,evaluation,0.03304905199665092,0.01518301828503743,LIVE,False,False,False,2024Q4
TR-004107,TR-C06499,2024-12-04,0,evaluation,0.2221213987310117,0.03614560237686402,LIVE,False,False,False,2024Q4
TR-004422,TR-C02950,2024-12-04,0,evaluation,0.8109034066653439,0.37394701950087417,LIVE,True,False,True,2024Q4
TR-004883,TR-C03308,2024-12-04,0,evaluation,0.19992125954850865,0.03268033981622577,LIVE,False,False,False,2024Q4
TR-005599,TR-C04720,2024-12-04,0,evaluation,0.04515650064157671,0.016058043877564446,LIVE,False,False,False,2024Q4
TR-005926,TR-C04618,2024-12-04,0,evaluation,0.08996328049042002,0.019749013130807392,LIVE,False,False,False,2024Q4
TR-006227,TR-C02794,2024-12-04,0,evaluation,0.32481561309472395,0.057292593895165805,LIVE,False,False,False,2024Q4
TR-006772,TR-C05788,2024-12-04,0,evaluation,0.23988797161465836,0.0391710570119429,LIVE,False,False,False,2024Q4
TR-006781,TR-C04135,2024-12-04,0,evaluation,0.05690709965605912,0.016954644468293496,LIVE,False,False,False,2024Q4
TR-008026,TR-C04710,2024-12-04,0,evaluation,0.08206164325644816,0.019042544972271865,LIVE,False,False,False,2024Q4
TR-008874,TR-C04505,2024-12-04,0,evaluation,0.031989809813954447,0.015108736494551816,LIVE,False,False,False,2024Q4
TR-009160,TR-C06032,2024-12-04,0,evaluation,0.5449160990996148,0.1460632359026729,LIVE,False,False,False,2024Q4
TR-009183,TR-C05635,2024-12-04,0,evaluation,0.10053216838519491,0.02073422842681052,LIVE,False,False,False,2024Q4
TR-000993,TR-C02980,2024-12-05,0,evaluation,0.10246383925711368,0.020919425686015732,LIVE,False,False,False,2024Q4
TR-001265,TR-C03068,2024-12-05,0,evaluation,0.12424853151872137,0.023123326008955315,LIVE,False,False,False,2024Q4
TR-001733,TR-C05750,2024-12-05,1,evaluation,0.7959601942750903,0.3576510304727561,LIVE,True,False,True,2024Q4
TR-001745,TR-C01789,2024-12-05,0,evaluation,0.14838156192650395,0.025829704697933047,LIVE,False,False,False,2024Q4
TR-002694,TR-C06417,2024-12-05,0,evaluation,0.07147709949524005,0.018134912996389026,LIVE,False,False,False,2024Q4
TR-002895,TR-C04378,2024-12-05,0,evaluation,0.7039937342944039,0.26542894889889934,LIVE,True,False,True,2024Q4
TR-004324,TR-C02855,2024-12-05,0,evaluation,0.02878028478621656,0.014885839272694965,LIVE,False,False,False,2024Q4
TR-005202,TR-C02576,2024-12-05,0,evaluation,0.6720663015411689,0.2372092233667052,LIVE,True,False,True,2024Q4
TR-000470,TR-C01297,2024-12-06,0,evaluation,0.3211477226543497,0.05636832177011705,LIVE,False,False,False,2024Q4
TR-000694,TR-C04969,2024-12-06,1,evaluation,0.7344633707084323,0.29427905179909486,LIVE,True,False,True,2024Q4
TR-001572,TR-C03064,2024-12-06,0,evaluation,0.028600963057181104,0.014873481596574957,LIVE,False,False,False,2024Q4
TR-001858,TR-C03794,2024-12-06,0,evaluation,0.1790761240070951,0.029720261557591388,LIVE,False,False,False,2024Q4
TR-001928,TR-C03302,2024-12-06,0,evaluation,0.7022910905989187,0.2638711533178664,LIVE,True,False,True,2024Q4
TR-002029,TR-C04745,2024-12-06,0,evaluation,0.6324418151892014,0.20516347043648764,LIVE,True,False,True,2024Q4
TR-002428,TR-C05422,2024-12-06,0,evaluation,0.27118704845609637,0.04510058998283597,LIVE,False,False,False,2024Q4
TR-002796,TR-C01600,2024-12-06,0,evaluation,0.05964843324004513,0.017170792767940493,LIVE,False,False,False,2024Q4
TR-005052,TR-C00372,2024-12-06,0,evaluation,0.04435872675588058,0.01599889105475972,LIVE,False,False,False,2024Q4
TR-005860,TR-C01035,2024-12-06,0,evaluation,0.35348847920523696,0.0650228274882322,LIVE,False,False,False,2024Q4
TR-007129,TR-C00415,2024-12-06,0,evaluation,0.007885397242171637,0.013511891574003346,LIVE,False,False,False,2024Q4
TR-009051,TR-C00072,2024-12-06,0,evaluation,0.030673639835428684,0.01501693546804281,LIVE,False,False,False,2024Q4
TR-009741,TR-C04300,2024-12-06,0,evaluation,0.045399343379336494,0.01607609269784846,LIVE,False,False,False,2024Q4
TR-000221,TR-C03645,2024-12-07,0,evaluation,0.07737567182213266,0.018635350756604836,LIVE,False,False,False,2024Q4
TR-001809,TR-C02291,2024-12-07,0,evaluation,0.04958464602288837,0.01639031100652283,LIVE,False,False,False,2024Q4
TR-004571,TR-C06177,2024-12-07,0,evaluation,0.05171718837961829,0.016552729861175564,LIVE,False,False,False,2024Q4
TR-006250,TR-C03262,2024-12-07,0,evaluation,0.12570817696589418,0.023278844080521333,LIVE,False,False,False,2024Q4
TR-006460,TR-C05419,2024-12-07,0,evaluation,0.5161462308977539,0.12998692068044515,LIVE,False,False,False,2024Q4
TR-006604,TR-C03734,2024-12-07,0,evaluation,0.6790780892359807,0.24322547951229873,LIVE,True,False,True,2024Q4
TR-006751,TR-C03143,2024-12-07,0,evaluation,0.06250242920198577,0.0173987007300629,LIVE,False,False,False,2024Q4
TR-007103,TR-C02059,2024-12-07,0,evaluation,0.07584634927395109,0.01850431604931877,LIVE,False,False,False,2024Q4
TR-007235,TR-C06251,2024-12-07,0,evaluation,0.1193634583436487,0.02261018910535962,LIVE,False,False,False,2024Q4
TR-008846,TR-C05287,2024-12-07,0,evaluation,0.16997372307212938,0.028510753272724492,LIVE,False,False,False,2024Q4
TR-008996,TR-C06471,2024-12-07,0,evaluation,0.36730019472577663,0.06908372609543885,LIVE,False,False,False,2024Q4
TR-009676,TR-C04792,2024-12-07,0,evaluation,0.31990862002763626,0.0560592606620502,LIVE,False,False,False,2024Q4
TR-000176,TR-C02738,2024-12-08,0,evaluation,0.06102323863249033,0.017280210360738728,LIVE,False,False,False,2024Q4
TR-003061,TR-C04366,2024-12-08,0,evaluation,0.017523644580117,0.01412938512420061,LIVE,False,False,False,2024Q4
TR-004150,TR-C06452,2024-12-08,1,evaluation,0.791712666353603,0.3530765559883058,LIVE,True,False,True,2024Q4
TR-004178,TR-C02217,2024-12-08,0,evaluation,0.019569169004800824,0.014263971186383869,LIVE,False,False,False,2024Q4
TR-004523,TR-C01029,2024-12-08,0,evaluation,0.03380545754577533,0.015236282913225818,LIVE,False,False,False,2024Q4
TR-008152,TR-C06090,2024-12-08,0,evaluation,0.1922937464596485,0.03156553755314805,LIVE,False,False,False,2024Q4
TR-008550,TR-C01511,2024-12-08,0,evaluation,0.3875308871981396,0.07545684687835086,LIVE,False,False,False,2024Q4
TR-009151,TR-C02098,2024-12-08,0,evaluation,0.8615465874372507,0.43113298700613784,LIVE,True,False,True,2024Q4
TR-002884,TR-C05206,2024-12-09,0,evaluation,0.015659347391542826,0.01400781365897095,LIVE,False,False,False,2024Q4
TR-003166,TR-C06434,2024-12-09,0,evaluation,0.13939074684732458,0.024787163356504906,LIVE,False,False,False,2024Q4
TR-004051,TR-C00301,2024-12-09,0,evaluation,0.007283466246258245,0.013474223054649724,LIVE,False,False,False,2024Q4
TR-005157,TR-C05069,2024-12-09,1,evaluation,0.15919556125127435,0.0271402867192483,LIVE,False,False,False,2024Q4
TR-005550,TR-C01930,2024-12-09,0,evaluation,0.3118088745109203,0.054077947853388375,LIVE,False,False,False,2024Q4
TR-006849,TR-C05124,2024-12-09,0,evaluation,0.08663539056712541,0.019448396184803037,LIVE,False,False,False,2024Q4
TR-007322,TR-C01121,2024-12-09,0,evaluation,0.5494518228532543,0.14874307335910192,LIVE,False,False,False,2024Q4
TR-008724,TR-C00242,2024-12-09,0,evaluation,0.046835694618012735,0.01618325552084582,LIVE,False,False,False,2024Q4
TR-009118,TR-C05837,2024-12-09,0,evaluation,0.05635975721965771,0.01691180902712563,LIVE,False,False,False,2024Q4
TR-000523,TR-C06403,2024-12-10,0,evaluation,0.6831500176855961,0.24676646426613835,LIVE,True,False,True,2024Q4
TR-002480,TR-C00147,2024-12-10,0,evaluation,0.2007543411739437,0.03280437954455917,LIVE,False,False,False,2024Q4
TR-002554,TR-C02657,2024-12-10,0,evaluation,0.01646331866838369,0.014060113931699,LIVE,False,False,False,2024Q4
TR-002872,TR-C06244,2024-12-10,0,evaluation,0.009418881517407302,0.013608326185207114,LIVE,False,False,False,2024Q4
TR-004193,TR-C02262,2024-12-10,0,evaluation,0.32689607805327087,0.05782315885810287,LIVE,False,False,False,2024Q4
TR-004791,TR-C01876,2024-12-10,0,evaluation,0.008949329188014641,0.013578726064680888,LIVE,False,False,False,2024Q4
TR-006379,TR-C02542,2024-12-10,0,evaluation,0.1678855335573257,0.028240090119472983,LIVE,False,False,False,2024Q4
TR-007450,TR-C04630,2024-12-10,0,evaluation,0.31409043561203964,0.054629272433159556,LIVE,False,False,False,2024Q4
TR-009249,TR-C01867,2024-12-10,0,evaluation,0.17228947366797628,0.028813856679612608,LIVE,False,False,False,2024Q4
TR-000420,TR-C01212,2024-12-11,0,evaluation,0.09179011931840256,0.01991596715001211,LIVE,False,False,False,2024Q4
TR-000528,TR-C01485,2024-12-11,0,evaluation,0.029972281296558316,0.014968241245383405,LIVE,False,False,False,2024Q4
TR-002322,TR-C02927,2024-12-11,1,evaluation,0.3924230993575408,0.07707714487258469,LIVE,False,False,False,2024Q4
TR-003146,TR-C01196,2024-12-11,0,evaluation,0.5990952698426137,0.1807754126133823,LIVE,True,True,True,2024Q4
TR-004174,TR-C02740,2024-12-11,0,evaluation,0.7807188870943257,0.3413624549561919,LIVE,True,False,True,2024Q4
TR-004436,TR-C05864,2024-12-11,0,evaluation,0.11987290637581542,0.022663178644785932,LIVE,False,False,False,2024Q4
TR-004437,TR-C06354,2024-12-11,0,evaluation,0.6670314869693201,0.23295295655917486,LIVE,True,False,True,2024Q4
TR-005510,TR-C00148,2024-12-11,0,evaluation,0.8705433658508742,0.4415353641125188,LIVE,True,False,True,2024Q4
TR-006322,TR-C00493,2024-12-11,0,evaluation,0.041844767102034344,0.01581388621224189,LIVE,False,False,False,2024Q4
TR-007567,TR-C02845,2024-12-11,0,evaluation,0.093258730748986,0.020051184820494804,LIVE,False,False,False,2024Q4
TR-008725,TR-C04417,2024-12-11,1,evaluation,0.11941047503105835,0.022615074407934317,LIVE,False,False,False,2024Q4
TR-008813,TR-C02957,2024-12-11,0,evaluation,0.2010610549023781,0.03285016141928501,LIVE,False,False,False,2024Q4
TR-000337,TR-C01871,2024-12-12,0,evaluation,0.4923193276147442,0.11783510418187865,LIVE,False,False,False,2024Q4
TR-002852,TR-C04153,2024-12-12,0,evaluation,0.12186398488141985,0.02287144387201953,LIVE,False,False,False,2024Q4
TR-003269,TR-C03907,2024-12-12,0,evaluation,0.5734244087142477,0.16358526205205948,LIVE,False,True,True,2024Q4
TR-003892,TR-C03162,2024-12-12,0,evaluation,0.0062899803940233995,0.013412277678107822,LIVE,False,False,False,2024Q4
TR-003941,TR-C03079,2024-12-12,0,evaluation,0.06945516546188624,0.017966425420740152,LIVE,False,False,False,2024Q4
TR-004023,TR-C00760,2024-12-12,0,evaluation,0.02094173983203404,0.014354987521148303,LIVE,False,False,False,2024Q4
TR-005774,TR-C00294,2024-12-12,0,evaluation,0.05025585223785744,0.016441261744298715,LIVE,False,False,False,2024Q4
TR-007075,TR-C02041,2024-12-12,0,evaluation,0.11185118589500517,0.021842722927806,LIVE,False,False,False,2024Q4
TR-009147,TR-C01276,2024-12-12,0,evaluation,0.008605806599841217,0.013557110965494926,LIVE,False,False,False,2024Q4
TR-000249,TR-C05030,2024-12-13,0,evaluation,0.10500945587020084,0.02116595853589117,LIVE,False,False,False,2024Q4
TR-004246,TR-C03005,2024-12-13,0,evaluation,0.13111938451450597,0.02386433924389746,LIVE,False,False,False,2024Q4
TR-004968,TR-C06266,2024-12-13,0,evaluation,0.03157293238834878,0.015079600237934374,LIVE,False,False,False,2024Q4
TR-005354,TR-C01349,2024-12-13,0,evaluation,0.013096920424799692,0.013842398054451286,LIVE,False,False,False,2024Q4
TR-006746,TR-C02358,2024-12-13,0,evaluation,0.042426403030151875,0.015856501339479197,LIVE,False,False,False,2024Q4
TR-009687,TR-C01110,2024-12-13,0,evaluation,0.7271080584799002,0.28714898550767165,LIVE,True,False,True,2024Q4
TR-009819,TR-C03047,2024-12-13,0,evaluation,0.4560361311991792,0.10122632559564802,LIVE,False,False,False,2024Q4
TR-009925,TR-C01293,2024-12-13,0,evaluation,0.0327590750603817,0.01516264731572621,LIVE,False,False,False,2024Q4
TR-000794,TR-C03115,2024-12-14,0,evaluation,0.39104219278657076,0.07661658657376846,LIVE,False,False,False,2024Q4
TR-001333,TR-C01847,2024-12-14,0,evaluation,0.06579617188467676,0.017665419998844155,LIVE,False,False,False,2024Q4
TR-005641,TR-C04649,2024-12-14,1,evaluation,0.8633601580967273,0.4332253187469322,LIVE,True,False,True,2024Q4
TR-006052,TR-C06320,2024-12-14,0,evaluation,0.2818639565388511,0.04731238726672369,LIVE,False,False,False,2024Q4
TR-009655,TR-C02730,2024-12-14,0,evaluation,0.05964083637928257,0.01717019004643503,LIVE,False,False,False,2024Q4
TR-001429,TR-C00627,2024-12-15,0,evaluation,0.01224364813632434,0.013787744277545198,LIVE,False,False,False,2024Q4
TR-001940,TR-C02920,2024-12-15,0,evaluation,0.3256298138395007,0.05749968648619567,LIVE,False,False,False,2024Q4
TR-002404,TR-C03657,2024-12-15,0,evaluation,0.022542030883832005,0.01446182695793631,LIVE,False,False,False,2024Q4
TR-002595,TR-C02228,2024-12-15,1,evaluation,0.7932528439790485,0.3547322289814204,LIVE,True,False,True,2024Q4
TR-002636,TR-C06261,2024-12-15,0,evaluation,0.6378884325192441,0.20937067521862246,LIVE,True,False,True,2024Q4
TR-005864,TR-C01886,2024-12-15,0,evaluation,0.21801597360712535,0.03547916029842588,LIVE,False,False,False,2024Q4
TR-006654,TR-C02729,2024-12-15,0,evaluation,0.048686476894971326,0.016322374514594878,LIVE,False,False,False,2024Q4
TR-007182,TR-C00943,2024-12-15,0,evaluation,0.05809282811678344,0.01704780650812849,LIVE,False,False,False,2024Q4
TR-007251,TR-C04588,2024-12-15,0,evaluation,0.24389371859927986,0.03988602898905077,LIVE,False,False,False,2024Q4
TR-007845,TR-C00155,2024-12-15,0,evaluation,0.6533342651702071,0.22164479685719066,LIVE,True,False,True,2024Q4
TR-008310,TR-C05453,2024-12-15,0,evaluation,0.4933331578651132,0.1183314704921597,LIVE,False,False,False,2024Q4
TR-008355,TR-C01566,2024-12-15,0,evaluation,0.15106036450274762,0.026148500144400497,LIVE,False,False,False,2024Q4
TR-000902,TR-C01829,2024-12-16,0,evaluation,0.2933637570105978,0.04980979909803803,LIVE,False,False,False,2024Q4
TR-000921,TR-C04663,2024-12-16,0,evaluation,0.7599502555833183,0.3197613118234448,LIVE,True,False,True,2024Q4
TR-001274,TR-C02051,2024-12-16,0,evaluation,0.08116531081647993,0.018963987783303236,LIVE,False,False,False,2024Q4
TR-001280,TR-C01726,2024-12-16,0,evaluation,0.15352040358808225,0.02644463183618947,LIVE,False,False,False,2024Q4
TR-002211,TR-C04293,2024-12-16,0,evaluation,0.032460005118896386,0.015141665750031733,LIVE,False,False,False,2024Q4
TR-003777,TR-C00427,2024-12-16,0,evaluation,0.3912941125228128,0.07670041792115144,LIVE,False,False,False,2024Q4
TR-008486,TR-C03542,2024-12-16,0,evaluation,0.34447895506851617,0.062494706597551866,LIVE,False,False,False,2024Q4
TR-001146,TR-C03043,2024-12-17,0,evaluation,0.24522847701215922,0.0401270318413454,LIVE,False,False,False,2024Q4
TR-001289,TR-C02755,2024-12-17,0,evaluation,0.04003597321765208,0.01568207892136849,LIVE,False,False,False,2024Q4
TR-002289,TR-C05422,2024-12-17,0,evaluation,0.04326027978406572,0.015917794750702974,LIVE,False,False,False,2024Q4
TR-002605,TR-C03927,2024-12-17,0,evaluation,0.7011410971141065,0.26282231727428246,LIVE,True,False,True,2024Q4
TR-005044,TR-C02919,2024-12-17,0,evaluation,0.03998723910793686,0.01567854265083153,LIVE,False,False,False,2024Q4
TR-006194,TR-C01700,2024-12-17,0,evaluation,0.10218495988897733,0.02089258871987335,LIVE,False,False,False,2024Q4
TR-007109,TR-C05345,2024-12-17,0,evaluation,0.05345735614652236,0.016686436233287034,LIVE,False,False,False,2024Q4
TR-007383,TR-C05885,2024-12-17,0,evaluation,0.5737249962664507,0.16377871034251673,LIVE,False,True,True,2024Q4
TR-007409,TR-C02693,2024-12-17,0,evaluation,0.5873020104200819,0.1727092104865691,LIVE,False,True,True,2024Q4
TR-007696,TR-C05946,2024-12-17,0,evaluation,0.03181559069168218,0.015096553294103834,LIVE,False,False,False,2024Q4
TR-009500,TR-C03189,2024-12-17,0,evaluation,0.09032188256810401,0.01978167708574712,LIVE,False,False,False,2024Q4
TR-000157,TR-C04256,2024-12-18,0,evaluation,0.029701336141698502,0.014949471615583649,LIVE,False,False,False,2024Q4
TR-000632,TR-C02034,2024-12-18,0,evaluation,0.03259653734542588,0.015151240762977016,LIVE,False,False,False,2024Q4
TR-000982,TR-C05301,2024-12-18,0,evaluation,0.7024319349672904,0.26399979293566195,LIVE,True,False,True,2024Q4
TR-001539,TR-C06308,2024-12-18,0,evaluation,0.08598671848751419,0.019390324459161747,LIVE,False,False,False,2024Q4
TR-002570,TR-C02602,2024-12-18,0,evaluation,0.09312342664127864,0.020038689613980403,LIVE,False,False,False,2024Q4
TR-003124,TR-C03160,2024-12-18,0,evaluation,0.06294264309757724,0.017434117857872668,LIVE,False,False,False,2024Q4
TR-003508,TR-C00704,2024-12-18,0,evaluation,0.4955211723640333,0.11940888293736697,LIVE,False,False,False,2024Q4
TR-006588,TR-C01442,2024-12-18,0,evaluation,0.03249766481342729,0.015144306231379199,LIVE,False,False,False,2024Q4
TR-006960,TR-C05358,2024-12-18,0,evaluation,0.25362860080215394,0.04167606399235153,LIVE,False,False,False,2024Q4
TR-007786,TR-C02040,2024-12-18,0,evaluation,0.07931808950117371,0.018803093006347776,LIVE,False,False,False,2024Q4
TR-008513,TR-C01647,2024-12-18,0,evaluation,0.2227215818726648,0.03624403539649526,LIVE,False,False,False,2024Q4
TR-000379,TR-C06132,2024-12-19,0,evaluation,0.8003814012298499,0.36244024380526324,LIVE,True,False,True,2024Q4
TR-000397,TR-C01134,2024-12-19,0,evaluation,0.1460100347512638,0.025550636961444474,LIVE,False,False,False,2024Q4
TR-001395,TR-C04263,2024-12-19,0,evaluation,0.019622321189406183,0.014267485144063287,LIVE,False,False,False,2024Q4
TR-001608,TR-C05859,2024-12-19,0,evaluation,0.7495513617484669,0.30922229298494974,LIVE,True,False,True,2024Q4
TR-002296,TR-C01889,2024-12-19,0,evaluation,0.4718031932627384,0.10817244897738294,LIVE,False,False,False,2024Q4
TR-003366,TR-C03397,2024-12-19,0,evaluation,0.08269718972534243,0.01909843937436609,LIVE,False,False,False,2024Q4
TR-003919,TR-C04048,2024-12-19,0,evaluation,0.4174064487292321,0.08585858934612424,LIVE,False,False,False,2024Q4
TR-005870,TR-C06238,2024-12-19,0,evaluation,0.8757521717917711,0.44758210627539863,LIVE,True,False,True,2024Q4
TR-007288,TR-C04772,2024-12-19,1,evaluation,0.3263958088507765,0.05769515943974325,LIVE,False,False,False,2024Q4
TR-009355,TR-C03409,2024-12-19,0,evaluation,0.1324899994227962,0.02401490619217638,LIVE,False,False,False,2024Q4
TR-009860,TR-C01004,2024-12-19,0,evaluation,0.14911047792189921,0.025916073969744477,LIVE,False,False,False,2024Q4
TR-001796,TR-C01723,2024-12-20,0,evaluation,0.3158257930822365,0.055052151918203,LIVE,False,False,False,2024Q4
TR-001813,TR-C00324,2024-12-20,0,evaluation,0.2545169088198886,0.041843179078472126,LIVE,False,False,False,2024Q4
TR-004031,TR-C00390,2024-12-20,0,evaluation,0.7570419776491072,0.3167946429902066,LIVE,True,False,True,2024Q4
TR-005129,TR-C02689,2024-12-20,0,evaluation,0.01571273732681141,0.014011280850329232,LIVE,False,False,False,2024Q4
TR-005561,TR-C06299,2024-12-20,0,evaluation,0.00773796959909756,0.013502656037993851,LIVE,False,False,False,2024Q4
TR-005990,TR-C02519,2024-12-20,0,evaluation,0.22829629167455012,0.03717072280659803,LIVE,False,False,False,2024Q4
TR-006584,TR-C04436,2024-12-20,0,evaluation,0.014131644756430545,0.013908960823033913,LIVE,False,False,False,2024Q4
TR-006680,TR-C01463,2024-12-20,0,evaluation,0.6498782759671556,0.2188544376543655,LIVE,True,False,True,2024Q4
TR-008669,TR-C03909,2024-12-20,0,evaluation,0.76167401642771,0.3215266109343171,LIVE,True,False,True,2024Q4
TR-000069,TR-C00591,2024-12-21,1,evaluation,0.3062612539297777,0.052759212068803005,LIVE,False,False,False,2024Q4
TR-001263,TR-C06444,2024-12-21,0,evaluation,0.03330274760805384,0.015200862578528963,LIVE,False,False,False,2024Q4
TR-003898,TR-C00354,2024-12-21,0,evaluation,0.12496163884510357,0.023199176959762587,LIVE,False,False,False,2024Q4
TR-003966,TR-C00057,2024-12-21,0,evaluation,0.6160148959394292,0.1928560589884361,LIVE,True,True,True,2024Q4
TR-004316,TR-C03163,2024-12-21,1,evaluation,0.1030045418205259,0.02097155442465883,LIVE,False,False,False,2024Q4
TR-005331,TR-C03439,2024-12-21,0,evaluation,0.11606613542466955,0.022270137888832746,LIVE,False,False,False,2024Q4
TR-005596,TR-C03165,2024-12-21,1,evaluation,0.6877429963290167,0.2508019530157307,LIVE,True,False,True,2024Q4
TR-005850,TR-C06492,2024-12-21,1,evaluation,0.8860735465062545,0.4596080796851737,LIVE,True,False,True,2024Q4
TR-007741,TR-C03824,2024-12-21,0,evaluation,0.6615339194990114,0.22836656470881633,LIVE,True,False,True,2024Q4
TR-007799,TR-C00778,2024-12-21,0,evaluation,0.028687285145151665,0.014879429086320131,LIVE,False,False,False,2024Q4
TR-008257,TR-C03486,2024-12-21,0,evaluation,0.15726621520787384,0.026901816207440605,LIVE,False,False,False,2024Q4
TR-009266,TR-C01337,2024-12-21,0,evaluation,0.340510513362447,0.061410491306830635,LIVE,False,False,False,2024Q4
TR-009416,TR-C00937,2024-12-21,0,evaluation,0.14370205549626094,0.025281867302194522,LIVE,False,False,False,2024Q4
TR-000932,TR-C03158,2024-12-22,0,evaluation,0.37976863505234887,0.07295009777068859,LIVE,False,False,False,2024Q4
TR-002742,TR-C03223,2024-12-22,0,evaluation,0.03134949248944571,0.015064006433385067,LIVE,False,False,False,2024Q4
TR-004940,TR-C01693,2024-12-22,0,evaluation,0.02259252258478645,0.014465210630094639,LIVE,False,False,False,2024Q4
TR-005427,TR-C06378,2024-12-22,0,evaluation,0.3634045682987923,0.06791514404999112,LIVE,False,False,False,2024Q4
TR-005905,TR-C02021,2024-12-22,0,evaluation,0.07987499229567646,0.018851458287851418,LIVE,False,False,False,2024Q4
TR-006941,TR-C04278,2024-12-22,0,evaluation,0.06874448966598526,0.017907570624399807,LIVE,False,False,False,2024Q4
TR-007592,TR-C03323,2024-12-22,0,evaluation,0.19922310679607771,0.032576739133909204,LIVE,False,False,False,2024Q4
TR-009372,TR-C06200,2024-12-22,0,evaluation,0.020344408673123933,0.014315307860646564,LIVE,False,False,False,2024Q4
TR-000986,TR-C04281,2024-12-23,0,evaluation,0.7490249837118694,0.30869394109038606,LIVE,True,False,True,2024Q4
TR-001468,TR-C05779,2024-12-23,0,evaluation,0.07497156195216052,0.01842976980713788,LIVE,False,False,False,2024Q4
TR-002422,TR-C01944,2024-12-23,0,evaluation,0.011428183162614371,0.013735710995421981,LIVE,False,False,False,2024Q4
TR-002979,TR-C05288,2024-12-23,0,evaluation,0.10494631755186197,0.02115980960094595,LIVE,False,False,False,2024Q4
TR-005622,TR-C03581,2024-12-23,0,evaluation,0.0313454360998241,0.01506372348595293,LIVE,False,False,False,2024Q4
TR-005703,TR-C03365,2024-12-23,0,evaluation,0.2773891076355978,0.04637311165302719,LIVE,False,False,False,2024Q4
TR-007300,TR-C01240,2024-12-23,0,evaluation,0.043829923293474335,0.015959799865193226,LIVE,False,False,False,2024Q4
TR-009140,TR-C01266,2024-12-23,0,evaluation,0.044264506534293306,0.015991919043299607,LIVE,False,False,False,2024Q4
TR-000098,TR-C06121,2024-12-24,0,evaluation,0.20831054305461788,0.03395040231539693,LIVE,False,False,False,2024Q4
TR-000196,TR-C01424,2024-12-24,1,evaluation,0.7859092818865435,0.3468698602846142,LIVE,True,False,True,2024Q4
TR-000318,TR-C01009,2024-12-24,0,evaluation,0.564707274444154,0.15805488785719893,LIVE,False,True,True,2024Q4
TR-000651,TR-C01533,2024-12-24,0,evaluation,0.043228772935649036,0.01591547463463701,LIVE,False,False,False,2024Q4
TR-002685,TR-C02277,2024-12-24,0,evaluation,0.13875298597128444,0.02471478861357527,LIVE,False,False,False,2024Q4
TR-003335,TR-C03992,2024-12-24,0,evaluation,0.652715471258859,0.22114331968537254,LIVE,True,False,True,2024Q4
TR-008353,TR-C04479,2024-12-24,0,evaluation,0.3534190578944724,0.0650029884952861,LIVE,False,False,False,2024Q4
TR-008815,TR-C01216,2024-12-24,0,evaluation,0.04809822725433378,0.016278030133961015,LIVE,False,False,False,2024Q4
TR-009381,TR-C05458,2024-12-24,0,evaluation,0.044013574866227236,0.01597336543548268,LIVE,False,False,False,2024Q4
TR-009895,TR-C04151,2024-12-24,0,evaluation,0.12497319967480307,0.02320040864705898,LIVE,False,False,False,2024Q4
TR-000920,TR-C03151,2024-12-25,0,evaluation,0.05612004603176818,0.01689308255204622,LIVE,False,False,False,2024Q4
TR-002286,TR-C05910,2024-12-25,0,evaluation,0.2243436443748281,0.03651135408950724,LIVE,False,False,False,2024Q4
TR-003203,TR-C06436,2024-12-25,0,evaluation,0.030331160605403213,0.014993138214716824,LIVE,False,False,False,2024Q4
TR-003629,TR-C06301,2024-12-25,0,evaluation,0.05002420624739872,0.016423660103612684,LIVE,False,False,False,2024Q4
TR-004154,TR-C00229,2024-12-25,0,evaluation,0.3340419056951068,0.05968082099596551,LIVE,False,False,False,2024Q4
TR-005097,TR-C04700,2024-12-25,0,evaluation,0.1062692384594148,0.02128901270753318,LIVE,False,False,False,2024Q4
TR-005171,TR-C04123,2024-12-25,0,evaluation,0.09439415767613783,0.020156341600354368,LIVE,False,False,False,2024Q4
TR-006697,TR-C01756,2024-12-25,0,evaluation,0.05831621840064063,0.01706541438888511,LIVE,False,False,False,2024Q4
TR-008577,TR-C01882,2024-12-25,0,evaluation,0.3022792936618169,0.05183143504733376,LIVE,False,False,False,2024Q4
TR-000050,TR-C04766,2024-12-26,0,evaluation,0.29715810305291457,0.05066088628216688,LIVE,False,False,False,2024Q4
TR-000904,TR-C00188,2024-12-26,0,evaluation,0.020507755219141402,0.014326147935005295,LIVE,False,False,False,2024Q4
TR-001225,TR-C00763,2024-12-26,1,evaluation,0.7420464501698156,0.30173684141062324,LIVE,True,False,True,2024Q4
TR-001517,TR-C01911,2024-12-26,0,evaluation,0.06342497648371809,0.0174730049886995,LIVE,False,False,False,2024Q4
TR-007722,TR-C03231,2024-12-26,0,evaluation,0.03180558471462609,0.015095853866662793,LIVE,False,False,False,2024Q4
TR-008028,TR-C05647,2024-12-26,0,evaluation,0.40636208064136403,0.0818699551466075,LIVE,False,False,False,2024Q4
TR-008361,TR-C03486,2024-12-26,0,evaluation,0.014218193130608436,0.013914542672496382,LIVE,False,False,False,2024Q4
TR-008919,TR-C04915,2024-12-26,0,evaluation,0.02955414920400518,0.014939285010509873,LIVE,False,False,False,2024Q4
TR-009644,TR-C00323,2024-12-26,0,evaluation,0.32430095961978334,0.05716205294711022,LIVE,False,False,False,2024Q4
TR-009667,TR-C00280,2024-12-26,0,evaluation,0.07454997005341722,0.018393948561882513,LIVE,False,False,False,2024Q4
TR-009957,TR-C00800,2024-12-26,0,evaluation,0.04407888435975927,0.0159781923071342,LIVE,False,False,False,2024Q4
TR-000910,TR-C05319,2024-12-27,0,evaluation,0.1539836574371531,0.026500760771074668,LIVE,False,False,False,2024Q4
TR-001183,TR-C04298,2024-12-27,0,evaluation,0.4585667070507678,0.10231386485024369,LIVE,False,False,False,2024Q4
TR-002383,TR-C05207,2024-12-27,0,evaluation,0.059644081782021525,0.017170447528408777,LIVE,False,False,False,2024Q4
TR-002571,TR-C06187,2024-12-27,0,evaluation,0.02525219989419056,0.014644554397539278,LIVE,False,False,False,2024Q4
TR-002602,TR-C01725,2024-12-27,0,evaluation,0.07573603859871676,0.018494899492286557,LIVE,False,False,False,2024Q4
TR-002630,TR-C04170,2024-12-27,0,evaluation,0.6220935289742879,0.1973436248252697,LIVE,True,False,True,2024Q4
TR-003529,TR-C04155,2024-12-27,0,evaluation,0.06462679037594089,0.017570269725415328,LIVE,False,False,False,2024Q4
TR-005303,TR-C04426,2024-12-27,0,evaluation,0.5375247255916076,0.14178207668074946,LIVE,False,False,False,2024Q4
TR-006525,TR-C05707,2024-12-27,0,evaluation,0.10087141413055621,0.020766636743624015,LIVE,False,False,False,2024Q4
TR-008716,TR-C04903,2024-12-27,0,evaluation,0.03313690273003233,0.015189195142915144,LIVE,False,False,False,2024Q4
TR-008804,TR-C02820,2024-12-27,0,evaluation,0.6545083635788957,0.22259853285186987,LIVE,True,False,True,2024Q4
TR-000445,TR-C01272,2024-12-28,0,evaluation,0.10605595325869772,0.021268130141584875,LIVE,False,False,False,2024Q4
TR-000657,TR-C04864,2024-12-28,0,evaluation,0.015741785543751663,0.01401316762352226,LIVE,False,False,False,2024Q4
TR-001247,TR-C03430,2024-12-28,0,evaluation,0.03271923935845279,0.01515985094855511,LIVE,False,False,False,2024Q4
TR-004016,TR-C05685,2024-12-28,0,evaluation,0.06275809575507564,0.017419261606429363,LIVE,False,False,False,2024Q4
TR-005265,TR-C04527,2024-12-28,0,evaluation,0.0753026187025825,0.018457946556780864,LIVE,False,False,False,2024Q4
TR-005322,TR-C02608,2024-12-28,0,evaluation,0.13564699085478146,0.02436524647308283,LIVE,False,False,False,2024Q4
TR-005567,TR-C00546,2024-12-28,0,evaluation,0.13078110515970698,0.023827319972395986,LIVE,False,False,False,2024Q4
TR-006906,TR-C04401,2024-12-28,0,evaluation,0.03859442156115908,0.015577807324306804,LIVE,False,False,False,2024Q4
TR-007626,TR-C06199,2024-12-28,0,evaluation,0.08887626198532782,0.01965032254893806,LIVE,False,False,False,2024Q4
TR-008675,TR-C02453,2024-12-28,0,evaluation,0.16278944111319413,0.027589986954027767,LIVE,False,False,False,2024Q4
TR-009027,TR-C05613,2024-12-28,0,evaluation,0.10725331301461663,0.021385622630794365,LIVE,False,False,False,2024Q4
TR-009258,TR-C05371,2024-12-28,0,evaluation,0.15950683574195518,0.02717895281690038,LIVE,False,False,False,2024Q4
TR-009649,TR-C02967,2024-12-28,1,evaluation,0.38475640911961223,0.07455189748922239,LIVE,False,False,False,2024Q4
TR-000578,TR-C00368,2024-12-29,0,evaluation,0.13954644910746541,0.024804864195213213,LIVE,False,False,False,2024Q4
TR-002309,TR-C02776,2024-12-29,0,evaluation,0.4237111166779486,0.08821370836800774,LIVE,False,False,False,2024Q4
TR-003212,TR-C03529,2024-12-29,0,evaluation,0.22031923713671497,0.03585158283136286,LIVE,False,False,False,2024Q4
TR-003616,TR-C01705,2024-12-29,0,evaluation,0.06189117007879241,0.01734963944441688,LIVE,False,False,False,2024Q4
TR-005670,TR-C00572,2024-12-29,0,evaluation,0.09525988322240947,0.020236882920344007,LIVE,False,False,False,2024Q4
TR-005692,TR-C04136,2024-12-29,0,evaluation,0.082963133555745,0.01912187604862112,LIVE,False,False,False,2024Q4
TR-006007,TR-C05690,2024-12-29,0,evaluation,0.08466453435496119,0.01927248305978296,LIVE,False,False,False,2024Q4
TR-007686,TR-C00514,2024-12-29,0,evaluation,0.2682299354208189,0.04450563443330579,LIVE,False,False,False,2024Q4
TR-009179,TR-C03390,2024-12-29,0,evaluation,0.11070361499826416,0.02172774972294024,LIVE,False,False,False,2024Q4
TR-009501,TR-C01395,2024-12-29,0,evaluation,0.022917032256645074,0.014486976083214321,LIVE,False,False,False,2024Q4
TR-001438,TR-C00983,2024-12-30,0,evaluation,0.04624745597593347,0.016139283716491648,LIVE,False,False,False,2024Q4
TR-002073,TR-C05159,2024-12-30,1,evaluation,0.8810369845006399,0.4537329581704199,LIVE,True,False,True,2024Q4
TR-005021,TR-C04599,2024-12-30,0,evaluation,0.0182073355609349,0.014174228990112442,LIVE,False,False,False,2024Q4
TR-005791,TR-C00251,2024-12-30,0,evaluation,0.07601954291254308,0.018519110037025343,LIVE,False,False,False,2024Q4
TR-006916,TR-C03618,2024-12-30,0,evaluation,0.028013734711908368,0.01483308435368373,LIVE,False,False,False,2024Q4
TR-000251,TR-C01382,2024-12-31,0,evaluation,0.014858750709302239,0.013955923497698256,LIVE,False,False,False,2024Q4
TR-002906,TR-C01347,2024-12-31,0,evaluation,0.22762162363105862,0.037057372005733565,LIVE,False,False,False,2024Q4
TR-003861,TR-C05398,2024-12-31,0,evaluation,0.0881173083140396,0.019581703705513317,LIVE,False,False,False,2024Q4
TR-004412,TR-C03084,2024-12-31,0,evaluation,0.21819061470804635,0.035507267568206866,LIVE,False,False,False,2024Q4
TR-004453,TR-C01245,2024-12-31,0,evaluation,0.01643318118507186,0.014058149947601654,LIVE,False,False,False,2024Q4
TR-007585,TR-C03378,2024-12-31,0,evaluation,0.13961565493156,0.02481273573656395,LIVE,False,False,False,2024Q4
TR-008027,TR-C05584,2024-12-31,0,evaluation,0.09643384162239525,0.02034660383255481,LIVE,False,False,False,2024Q4
