threshold,tp,fp,fn,tn,flagged,flag_fraction,recall,precision,false_positive_rate,accuracy,loss_units,loss_units_per_10000,capacity_feasible,max_period_flag_fraction,rows,source
0.0,179,1976,0,0,2155,1.0,1.0,0.08306264501160093,1.0,0.08306264501160093,1976.0,9169.37354988399,False,1.0,2155,LIVE
0.001041580842154565,179,1976,0,0,2155,1.0,1.0,0.08306264501160093,1.0,0.08306264501160093,1976.0,9169.37354988399,False,1.0,2155,LIVE
0.001254853188898171,179,1975,0,1,2154,0.9995359628770302,1.0,0.08310120705663882,0.9994939271255061,0.08352668213457076,1975.0,9164.733178654293,False,1.0,2155,LIVE
0.0014931189842435416,179,1974,0,2,2153,0.9990719257540603,1.0,0.08313980492336275,0.9989878542510121,0.0839907192575406,1974.0,9160.092807424593,False,1.0,2155,LIVE
0.0016664365782355839,179,1973,0,3,2152,0.9986078886310905,1.0,0.08317843866171004,0.9984817813765182,0.08445475638051043,1973.0,9155.452436194895,False,1.0,2155,LIVE
0.001701100557838265,179,1972,0,4,2151,0.9981438515081207,1.0,0.08321710832171084,0.9979757085020243,0.08491879350348028,1972.0,9150.812064965197,False,1.0,2155,LIVE
0.0017016065042398758,179,1971,0,5,2150,0.9976798143851509,1.0,0.08325581395348837,0.9974696356275303,0.08538283062645012,1971.0,9146.1716937355,False,1.0,2155,LIVE
0.0017294795817831131,179,1970,0,6,2149,0.997215777262181,1.0,0.0832945556072592,0.9969635627530364,0.08584686774941995,1970.0,9141.5313225058,False,1.0,2155,LIVE
0.0017297805813784593,179,1969,0,7,2148,0.9967517401392111,1.0,0.08333333333333333,0.9964574898785425,0.0863109048723898,1969.0,9136.890951276102,False,1.0,2155,LIVE
0.0018423267869432085,179,1968,0,8,2147,0.9962877030162413,1.0,0.08337214718211458,0.9959514170040485,0.08677494199535962,1968.0,9132.250580046404,False,0.9986338797814208,2155,LIVE
0.001879322627041893,179,1967,0,9,2146,0.9958236658932714,1.0,0.08341099720410065,0.9954453441295547,0.08723897911832947,1967.0,9127.610208816706,False,0.9986338797814208,2155,LIVE
0.001913669339330034,179,1966,0,10,2145,0.9953596287703016,1.0,0.08344988344988345,0.9949392712550608,0.08770301624129931,1966.0,9122.969837587007,False,0.9986338797814208,2155,LIVE
0.0019180716961036876,179,1965,0,11,2144,0.9948955916473318,1.0,0.08348880597014925,0.9944331983805668,0.08816705336426914,1965.0,9118.329466357309,False,0.9986338797814208,2155,LIVE
0.0020395398359682984,179,1964,0,12,2143,0.9944315545243619,1.0,0.08352776481567896,0.9939271255060729,0.08863109048723898,1964.0,9113.689095127611,False,0.9986338797814208,2155,LIVE
0.0021708373129153465,179,1963,0,13,2142,0.9939675174013921,1.0,0.08356676003734827,0.993421052631579,0.08909512761020881,1963.0,9109.048723897913,False,0.9986338797814208,2155,LIVE
0.002280241794456027,179,1962,0,14,2141,0.9935034802784223,1.0,0.08360579168612797,0.992914979757085,0.08955916473317865,1962.0,9104.408352668213,False,0.9972677595628415,2155,LIVE
0.002298760672413783,179,1961,0,15,2140,0.9930394431554525,1.0,0.08364485981308412,0.9924089068825911,0.0900232018561485,1961.0,9099.767981438514,False,0.9972677595628415,2155,LIVE
0.0023358092803252043,179,1960,0,16,2139,0.9925754060324826,1.0,0.08368396446937822,0.9919028340080972,0.09048723897911833,1960.0,9095.127610208816,False,0.9959016393442623,2155,LIVE
0.0023378883362030474,179,1959,0,17,2138,0.9921113689095128,1.0,0.08372310570626754,0.9913967611336032,0.09095127610208817,1959.0,9090.487238979118,False,0.9959016393442623,2155,LIVE
0.002349896537024644,179,1958,0,18,2137,0.991647331786543,1.0,0.08376228357510529,0.9908906882591093,0.091415313225058,1958.0,9085.84686774942,False,0.9959016393442623,2155,LIVE
0.0024498288771980987,179,1957,0,19,2136,0.9911832946635731,1.0,0.08380149812734082,0.9903846153846154,0.09187935034802784,1957.0,9081.206496519722,False,0.9959016393442623,2155,LIVE
0.0024744102067688254,179,1956,0,20,2135,0.9907192575406032,1.0,0.08384074941451991,0.9898785425101214,0.09234338747099768,1956.0,9076.566125290023,False,0.9959016393442623,2155,LIVE
0.002488268083003341,179,1955,0,21,2134,0.9902552204176334,1.0,0.08388003748828492,0.9893724696356275,0.09280742459396751,1955.0,9071.925754060325,False,0.9959016393442623,2155,LIVE
0.0025117747876982365,179,1954,0,22,2133,0.9897911832946635,1.0,0.08391936240037506,0.9888663967611336,0.09327146171693736,1954.0,9067.285382830627,False,0.9959016393442623,2155,LIVE
0.002652675391508611,179,1953,0,23,2132,0.9893271461716937,1.0,0.08395872420262664,0.9883603238866396,0.09373549883990719,1953.0,9062.64501160093,False,0.9959016393442623,2155,LIVE
0.002702376767991463,179,1952,0,24,2131,0.9888631090487239,1.0,0.08399812294697326,0.9878542510121457,0.09419953596287703,1952.0,9058.00464037123,False,0.9959016393442623,2155,LIVE
0.002712080864168567,179,1951,0,25,2130,0.988399071925754,1.0,0.084037558685446,0.9873481781376519,0.09466357308584687,1951.0,9053.364269141532,False,0.9959016393442623,2155,LIVE
0.002814197850590731,179,1950,0,26,2129,0.9879350348027842,1.0,0.08407703147017379,0.9868421052631579,0.0951276102088167,1950.0,9048.723897911834,False,0.9959016393442623,2155,LIVE
0.0028447632367781177,179,1949,0,27,2128,0.9874709976798144,1.0,0.08411654135338346,0.986336032388664,0.09559164733178654,1949.0,9044.083526682136,False,0.994535519125683,2155,LIVE
0.002882691775622924,179,1948,0,28,2127,0.9870069605568446,1.0,0.08415608838740009,0.9858299595141701,0.09605568445475637,1948.0,9039.443155452436,False,0.9931693989071039,2155,LIVE
0.002909829876917206,179,1947,0,29,2126,0.9865429234338747,1.0,0.08419567262464722,0.9853238866396761,0.09651972157772622,1947.0,9034.802784222737,False,0.9931693989071039,2155,LIVE
0.0029160239566928246,179,1946,0,30,2125,0.9860788863109049,1.0,0.08423529411764706,0.9848178137651822,0.09698375870069606,1946.0,9030.162412993039,False,0.9918032786885246,2155,LIVE
0.002922513404139092,179,1945,0,31,2124,0.9856148491879351,1.0,0.08427495291902072,0.9843117408906883,0.09744779582366589,1945.0,9025.52204176334,False,0.9904371584699454,2155,LIVE
0.002934247390623844,179,1944,0,32,2123,0.9851508120649652,1.0,0.08431464908148846,0.9838056680161943,0.09791183294663573,1944.0,9020.881670533643,False,0.9890710382513661,2155,LIVE
0.0029577029633435737,179,1943,0,33,2122,0.9846867749419954,1.0,0.08435438265786993,0.9832995951417004,0.09837587006960556,1943.0,9016.241299303943,False,0.9890710382513661,2155,LIVE
0.0030093960608093724,179,1942,0,34,2121,0.9842227378190255,1.0,0.0843941537010844,0.9827935222672065,0.0988399071925754,1942.0,9011.600928074246,False,0.9890710382513661,2155,LIVE
0.003101590682940899,179,1941,0,35,2120,0.9837587006960556,1.0,0.08443396226415094,0.9822874493927125,0.09930394431554525,1941.0,9006.960556844548,False,0.9890710382513661,2155,LIVE
0.0031744686994845503,179,1940,0,36,2119,0.9832946635730858,1.0,0.08447380840018877,0.9817813765182186,0.09976798143851508,1940.0,9002.32018561485,False,0.9877049180327869,2155,LIVE
0.0031843011228515853,179,1939,0,37,2118,0.982830626450116,1.0,0.08451369216241737,0.9812753036437247,0.10023201856148492,1939.0,8997.679814385152,False,0.9877049180327869,2155,LIVE
0.003279543195794066,179,1938,0,38,2117,0.9823665893271462,1.0,0.08455361360415682,0.9807692307692307,0.10069605568445476,1938.0,8993.039443155452,False,0.9877049180327869,2155,LIVE
0.0033089774542441066,179,1937,0,39,2116,0.9819025522041763,1.0,0.08459357277882798,0.9802631578947368,0.10116009280742459,1937.0,8988.399071925754,False,0.9877049180327869,2155,LIVE
0.0033547069027905366,179,1936,0,40,2115,0.9814385150812065,1.0,0.08463356973995272,0.979757085020243,0.10162412993039444,1936.0,8983.758700696057,False,0.9877049180327869,2155,LIVE
0.0034059573870489504,179,1935,0,41,2114,0.9809744779582367,1.0,0.0846736045411542,0.979251012145749,0.10208816705336426,1935.0,8979.118329466357,False,0.9877049180327869,2155,LIVE
0.003448425697936701,179,1934,0,42,2113,0.9805104408352668,1.0,0.08471367723615712,0.978744939271255,0.10255220417633411,1934.0,8974.47795823666,False,0.9863387978142076,2155,LIVE
0.003481648694248212,179,1933,0,43,2112,0.980046403712297,1.0,0.08475378787878787,0.9782388663967612,0.10301624129930395,1933.0,8969.83758700696,False,0.9863387978142076,2155,LIVE
0.00355349553301573,179,1932,0,44,2111,0.9795823665893272,1.0,0.0847939365229749,0.9777327935222672,0.10348027842227378,1932.0,8965.197215777262,False,0.9863387978142076,2155,LIVE
0.003627834755469523,179,1931,0,45,2110,0.9791183294663574,1.0,0.08483412322274882,0.9772267206477733,0.10394431554524362,1931.0,8960.556844547564,False,0.9863387978142076,2155,LIVE
0.003629951150321354,179,1930,0,46,2109,0.9786542923433875,1.0,0.08487434803224277,0.9767206477732794,0.10440835266821345,1930.0,8955.916473317866,False,0.9863387978142076,2155,LIVE
0.0036324837099538047,179,1929,0,47,2108,0.9781902552204176,1.0,0.0849146110056926,0.9762145748987854,0.1048723897911833,1929.0,8951.276102088166,False,0.9863387978142076,2155,LIVE
0.0036407732831022534,179,1928,0,48,2107,0.9777262180974478,1.0,0.08495491219743712,0.9757085020242915,0.10533642691415314,1928.0,8946.635730858468,False,0.9849726775956285,2155,LIVE
0.0036592429524375807,179,1927,0,49,2106,0.9772621809744779,1.0,0.08499525166191833,0.9752024291497976,0.10580046403712297,1927.0,8941.99535962877,False,0.9849726775956285,2155,LIVE
0.0036685741135032463,179,1926,0,50,2105,0.9767981438515081,1.0,0.0850356294536817,0.9746963562753036,0.10626450116009281,1926.0,8937.354988399073,False,0.9836065573770492,2155,LIVE
0.0037055578368569964,179,1925,0,51,2104,0.9763341067285383,1.0,0.08507604562737643,0.9741902834008097,0.10672853828306264,1925.0,8932.714617169373,False,0.9836065573770492,2155,LIVE
0.003728954356526832,179,1924,0,52,2103,0.9758700696055684,1.0,0.08511650023775559,0.9736842105263158,0.10719257540603248,1924.0,8928.074245939675,False,0.9836065573770492,2155,LIVE
0.0037783266605142217,179,1923,0,53,2102,0.9754060324825986,1.0,0.0851569933396765,0.9731781376518218,0.10765661252900233,1923.0,8923.433874709977,False,0.9836065573770492,2155,LIVE
0.003820610983263763,179,1922,0,54,2101,0.9749419953596288,1.0,0.0851975249881009,0.9726720647773279,0.10812064965197216,1922.0,8918.793503480278,False,0.9836065573770492,2155,LIVE
0.003835440828180841,179,1921,0,55,2100,0.974477958236659,1.0,0.08523809523809524,0.972165991902834,0.108584686774942,1921.0,8914.15313225058,False,0.9836065573770492,2155,LIVE
0.003862111693550323,179,1920,0,56,2099,0.9740139211136891,1.0,0.08527870414483087,0.97165991902834,0.10904872389791183,1920.0,8909.512761020882,False,0.9836065573770492,2155,LIVE
0.0039028185996859586,179,1919,0,57,2098,0.9735498839907193,1.0,0.08531935176358436,0.9711538461538461,0.10951276102088167,1919.0,8904.872389791182,False,0.9836065573770492,2155,LIVE
0.003991590541882248,179,1918,0,58,2097,0.9730858468677495,1.0,0.08536003814973772,0.9706477732793523,0.10997679814385151,1918.0,8900.232018561484,False,0.9836065573770492,2155,LIVE
0.004060298032145808,179,1917,0,59,2096,0.9726218097447796,1.0,0.08540076335877862,0.9701417004048583,0.11044083526682134,1917.0,8895.591647331787,False,0.9836065573770492,2155,LIVE
0.004062932724242138,179,1916,0,60,2095,0.9721577726218097,1.0,0.08544152744630072,0.9696356275303644,0.11090487238979119,1916.0,8890.951276102089,False,0.9836065573770492,2155,LIVE
0.004113153729353027,179,1915,0,61,2094,0.9716937354988399,1.0,0.08548233046800383,0.9691295546558705,0.11136890951276102,1915.0,8886.310904872389,False,0.9836065573770492,2155,LIVE
0.004135610112214589,179,1914,0,62,2093,0.97122969837587,1.0,0.08552317247969422,0.9686234817813765,0.11183294663573086,1914.0,8881.670533642691,False,0.9836065573770492,2155,LIVE
0.004150401405673278,179,1913,0,63,2092,0.9707656612529002,1.0,0.0855640535372849,0.9681174089068826,0.1122969837587007,1913.0,8877.030162412993,False,0.9836065573770492,2155,LIVE
0.004212306548750688,179,1912,0,64,2091,0.9703016241299304,1.0,0.08560497369679579,0.9676113360323887,0.11276102088167053,1912.0,8872.389791183296,False,0.9836065573770492,2155,LIVE
0.004258789931820797,179,1911,0,65,2090,0.9698375870069605,1.0,0.08564593301435407,0.9671052631578947,0.11322505800464037,1911.0,8867.749419953596,False,0.98224043715847,2155,LIVE
0.004273997903721907,179,1910,0,66,2089,0.9693735498839907,1.0,0.08568693154619435,0.9665991902834008,0.1136890951276102,1910.0,8863.109048723898,False,0.9808743169398907,2155,LIVE
0.004276383035435812,179,1909,0,67,2088,0.9689095127610209,1.0,0.085727969348659,0.9660931174089069,0.11415313225058005,1909.0,8858.4686774942,False,0.9808743169398907,2155,LIVE
0.004312868724055854,179,1908,0,68,2087,0.9684454756380511,1.0,0.08576904647819837,0.9655870445344129,0.11461716937354989,1908.0,8853.8283062645,False,0.9795081967213115,2155,LIVE
0.004402060093747577,179,1907,0,69,2086,0.9679814385150812,1.0,0.08581016299137105,0.965080971659919,0.11508120649651972,1907.0,8849.187935034803,False,0.9795081967213115,2155,LIVE
0.004412396327659315,179,1906,0,70,2085,0.9675174013921114,1.0,0.08585131894484413,0.9645748987854251,0.11554524361948956,1906.0,8844.547563805105,False,0.9781420765027322,2155,LIVE
0.004421474528784816,179,1905,0,71,2084,0.9670533642691416,1.0,0.08589251439539347,0.9640688259109311,0.11600928074245939,1905.0,8839.907192575405,False,0.9781420765027322,2155,LIVE
0.0044283740097402855,179,1904,0,72,2083,0.9665893271461717,1.0,0.08593374939990399,0.9635627530364372,0.11647331786542924,1904.0,8835.266821345707,False,0.976775956284153,2155,LIVE
0.004484285062410866,179,1903,0,73,2082,0.9661252900232019,1.0,0.08597502401536984,0.9630566801619433,0.11693735498839908,1903.0,8830.62645011601,False,0.9754098360655737,2155,LIVE
0.004528358225048611,179,1902,0,74,2081,0.965661252900232,1.0,0.08601633829889477,0.9625506072874493,0.11740139211136891,1902.0,8825.986078886312,False,0.9740437158469946,2155,LIVE
0.0045320888197025976,179,1901,0,75,2080,0.9651972157772621,1.0,0.08605769230769231,0.9620445344129555,0.11786542923433875,1901.0,8821.345707656612,False,0.9740437158469946,2155,LIVE
0.004539512040169794,179,1900,0,76,2079,0.9647331786542923,1.0,0.0860990860990861,0.9615384615384616,0.11832946635730858,1900.0,8816.705336426914,False,0.9740437158469946,2155,LIVE
0.0045395596208478,179,1899,0,77,2078,0.9642691415313225,1.0,0.08614051973051011,0.9610323886639676,0.11879350348027842,1899.0,8812.064965197216,False,0.9726775956284153,2155,LIVE
0.0045794395128415655,179,1898,0,78,2077,0.9638051044083527,1.0,0.08618199325950891,0.9605263157894737,0.11925754060324827,1898.0,8807.424593967518,False,0.9726775956284153,2155,LIVE
0.004660037451213006,179,1897,0,79,2076,0.9633410672853828,1.0,0.08622350674373795,0.9600202429149798,0.1197215777262181,1897.0,8802.784222737819,False,0.9726775956284153,2155,LIVE
0.004700780139087402,179,1896,0,80,2075,0.962877030162413,1.0,0.08626506024096385,0.9595141700404858,0.12018561484918794,1896.0,8798.14385150812,False,0.9726775956284153,2155,LIVE
0.004717978561404236,179,1895,0,81,2074,0.9624129930394432,1.0,0.0863066538090646,0.9590080971659919,0.12064965197215777,1895.0,8793.503480278421,False,0.9713114754098361,2155,LIVE
0.0047224977915351785,179,1894,0,82,2073,0.9619489559164733,1.0,0.08634828750602991,0.958502024291498,0.12111368909512761,1894.0,8788.863109048723,False,0.9713114754098361,2155,LIVE
0.004759787408388996,179,1893,0,83,2072,0.9614849187935035,1.0,0.08638996138996138,0.957995951417004,0.12157772621809745,1893.0,8784.222737819025,False,0.9699453551912568,2155,LIVE
0.004765552793845735,179,1892,0,84,2071,0.9610208816705337,1.0,0.08643167551907291,0.9574898785425101,0.12204176334106728,1892.0,8779.582366589328,False,0.9699453551912568,2155,LIVE
0.0047722588177178515,179,1891,0,85,2070,0.9605568445475638,1.0,0.08647342995169083,0.9569838056680162,0.12250580046403713,1891.0,8774.941995359628,False,0.9699453551912568,2155,LIVE
0.004822531012520883,179,1890,0,86,2069,0.960092807424594,1.0,0.08651522474625423,0.9564777327935222,0.12296983758700696,1890.0,8770.30162412993,False,0.9699453551912568,2155,LIVE
0.004825108110262328,179,1889,0,87,2068,0.9596287703016241,1.0,0.08655705996131528,0.9559716599190283,0.1234338747099768,1889.0,8765.661252900232,False,0.9685792349726776,2155,LIVE
0.0048301295743955934,179,1888,0,88,2067,0.9591647331786542,1.0,0.08659893565553943,0.9554655870445344,0.12389791183294664,1888.0,8761.020881670534,False,0.9672131147540983,2155,LIVE
0.004841839080097895,179,1887,0,89,2066,0.9587006960556844,1.0,0.0866408518877057,0.9549595141700404,0.12436194895591647,1887.0,8756.380510440835,False,0.9672131147540983,2155,LIVE
0.0048440202920883085,179,1886,0,90,2065,0.9582366589327146,1.0,0.08668280871670703,0.9544534412955465,0.12482598607888631,1886.0,8751.740139211137,False,0.9672131147540983,2155,LIVE
0.004844057131604851,179,1885,0,91,2064,0.9577726218097448,1.0,0.08672480620155039,0.9539473684210527,0.12529002320185614,1885.0,8747.099767981439,False,0.9672131147540983,2155,LIVE
0.004845757448523599,179,1884,0,92,2063,0.9573085846867749,1.0,0.08676684440135725,0.9534412955465587,0.12575406032482597,1884.0,8742.459396751741,False,0.9672131147540983,2155,LIVE
0.004888284982008557,179,1883,0,93,2062,0.9568445475638051,1.0,0.08680892337536372,0.9529352226720648,0.12621809744779583,1883.0,8737.819025522042,False,0.9672131147540983,2155,LIVE
0.0048982549916738805,179,1882,0,94,2061,0.9563805104408353,1.0,0.08685104318292092,0.9524291497975709,0.12668213457076566,1882.0,8733.178654292344,False,0.9672131147540983,2155,LIVE
0.00491382010103173,179,1881,0,95,2060,0.9559164733178654,1.0,0.08689320388349514,0.9519230769230769,0.1271461716937355,1881.0,8728.538283062644,False,0.9672131147540983,2155,LIVE
0.005003463416850504,179,1880,0,96,2059,0.9554524361948956,1.0,0.08693540553666829,0.951417004048583,0.12761020881670534,1880.0,8723.897911832946,False,0.9658469945355191,2155,LIVE
0.00505183001802094,179,1879,0,97,2058,0.9549883990719258,1.0,0.08697764820213799,0.9509109311740891,0.12807424593967517,1879.0,8719.257540603248,False,0.9658469945355191,2155,LIVE
0.005090008933157181,179,1878,0,98,2057,0.954524361948956,1.0,0.08701993193971803,0.9504048582995951,0.128538283062645,1878.0,8714.61716937355,False,0.9644808743169399,2155,LIVE
0.005120552375332972,179,1877,0,99,2056,0.9540603248259861,1.0,0.08706225680933852,0.9498987854251012,0.12900232018561486,1877.0,8709.97679814385,False,0.9644808743169399,2155,LIVE
0.00513255663540515,179,1876,0,100,2055,0.9535962877030162,1.0,0.08710462287104623,0.9493927125506073,0.1294663573085847,1876.0,8705.336426914153,False,0.9644808743169399,2155,LIVE
0.005164875030154338,179,1875,0,101,2054,0.9531322505800464,1.0,0.08714703018500487,0.9488866396761133,0.12993039443155452,1875.0,8700.696055684455,False,0.9644808743169399,2155,LIVE
0.0051904395343016245,179,1874,0,102,2053,0.9526682134570765,1.0,0.08718947881149537,0.9483805668016194,0.13039443155452435,1874.0,8696.055684454757,False,0.9644808743169399,2155,LIVE
0.005290068230664699,179,1873,0,103,2052,0.9522041763341067,1.0,0.08723196881091617,0.9478744939271255,0.1308584686774942,1873.0,8691.415313225058,False,0.9644808743169399,2155,LIVE
0.005304369337941759,179,1872,0,104,2051,0.9517401392111369,1.0,0.08727450024378353,0.9473684210526315,0.13132250580046403,1872.0,8686.77494199536,False,0.9631147540983607,2155,LIVE
0.005377751044590746,179,1871,0,105,2050,0.951276102088167,1.0,0.0873170731707317,0.9468623481781376,0.13178654292343386,1871.0,8682.134570765662,False,0.9631147540983607,2155,LIVE
0.005419122541130188,179,1870,0,106,2049,0.9508120649651972,1.0,0.08735968765251342,0.9463562753036437,0.13225058004640372,1870.0,8677.494199535964,False,0.9631147540983607,2155,LIVE
0.00542856475723271,179,1869,0,107,2048,0.9503480278422274,1.0,0.08740234375,0.9458502024291497,0.13271461716937355,1869.0,8672.853828306264,False,0.9631147540983607,2155,LIVE
0.005475272815244044,179,1868,0,108,2047,0.9498839907192576,1.0,0.08744504152418173,0.9453441295546559,0.13317865429234338,1868.0,8668.213457076567,False,0.9631147540983607,2155,LIVE
0.00556426928533689,179,1867,0,109,2046,0.9494199535962877,1.0,0.08748778103616814,0.944838056680162,0.13364269141531324,1867.0,8663.573085846867,False,0.9617486338797814,2155,LIVE
0.0055845195713806715,179,1866,0,110,2045,0.9489559164733179,1.0,0.08753056234718827,0.944331983805668,0.13410672853828307,1866.0,8658.932714617169,False,0.9603825136612022,2155,LIVE
0.005607816117408489,179,1865,0,111,2044,0.9484918793503481,1.0,0.087573385518591,0.9438259109311741,0.1345707656612529,1865.0,8654.292343387471,False,0.9603825136612022,2155,LIVE
0.00565516949293746,179,1864,0,112,2043,0.9480278422273782,1.0,0.08761625061184533,0.9433198380566802,0.13503480278422275,1864.0,8649.651972157773,False,0.9603825136612022,2155,LIVE
0.005659478209519752,179,1863,0,113,2042,0.9475638051044084,1.0,0.08765915768854064,0.9428137651821862,0.13549883990719258,1863.0,8645.011600928074,False,0.9603825136612022,2155,LIVE
0.005675416063160866,179,1862,0,114,2041,0.9470997679814385,1.0,0.08770210681038706,0.9423076923076923,0.1359628770301624,1862.0,8640.371229698376,False,0.9603825136612022,2155,LIVE
0.005677268016135091,179,1861,0,115,2040,0.9466357308584686,1.0,0.08774509803921568,0.9418016194331984,0.13642691415313224,1861.0,8635.730858468678,False,0.9603825136612022,2155,LIVE
0.005740674658184623,179,1860,0,116,2039,0.9461716937354988,1.0,0.08778813143697892,0.9412955465587044,0.1368909512761021,1860.0,8631.09048723898,False,0.9590163934426229,2155,LIVE
0.005786371262408175,179,1859,0,117,2038,0.945707656612529,1.0,0.08783120706575073,0.9407894736842105,0.13735498839907193,1859.0,8626.45011600928,False,0.9590163934426229,2155,LIVE
0.005827353776665117,179,1858,0,118,2037,0.9452436194895592,1.0,0.08787432498772704,0.9402834008097166,0.13781902552204175,1858.0,8621.809744779583,False,0.9576502732240437,2155,LIVE
0.005853517347980885,179,1857,0,119,2036,0.9447795823665893,1.0,0.08791748526522593,0.9397773279352226,0.1382830626450116,1857.0,8617.169373549885,False,0.9576502732240437,2155,LIVE
0.005873215432017234,179,1856,0,120,2035,0.9443155452436195,1.0,0.08796068796068796,0.9392712550607287,0.13874709976798144,1856.0,8612.529002320187,False,0.9562841530054644,2155,LIVE
0.005902668150980123,179,1855,0,121,2034,0.9438515081206497,1.0,0.0880039331366765,0.9387651821862348,0.13921113689095127,1855.0,8607.888631090487,False,0.9549180327868853,2155,LIVE
0.005906046748355932,179,1854,0,122,2033,0.9433874709976798,1.0,0.08804722085587802,0.9382591093117408,0.13967517401392113,1854.0,8603.248259860788,False,0.9549180327868853,2155,LIVE
0.005933460094729886,179,1853,0,123,2032,0.94292343387471,1.0,0.08809055118110236,0.937753036437247,0.14013921113689096,1853.0,8598.60788863109,False,0.953551912568306,2155,LIVE
0.005941597265123028,179,1852,0,124,2031,0.9424593967517402,1.0,0.08813392417528311,0.937246963562753,0.14060324825986079,1852.0,8593.967517401392,False,0.9521857923497268,2155,LIVE
0.006013115035288625,179,1851,0,125,2030,0.9419953596287703,1.0,0.08817733990147783,0.9367408906882592,0.14106728538283062,1851.0,8589.327146171694,False,0.9508196721311475,2155,LIVE
0.00601622718234852,179,1850,0,126,2029,0.9415313225058005,1.0,0.08822079842286841,0.9362348178137652,0.14153132250580047,1850.0,8584.686774941994,False,0.9508196721311475,2155,LIVE
0.006078580447641186,179,1849,0,127,2028,0.9410672853828306,1.0,0.08826429980276135,0.9357287449392713,0.1419953596287703,1849.0,8580.046403712297,False,0.9508196721311475,2155,LIVE
0.006109746565288679,179,1848,0,128,2027,0.9406032482598607,1.0,0.08830784410458806,0.9352226720647774,0.14245939675174013,1848.0,8575.406032482599,False,0.9508196721311475,2155,LIVE
0.006130838365400703,179,1847,0,129,2026,0.9401392111368909,1.0,0.08835143139190524,0.9347165991902834,0.14292343387471,1847.0,8570.7656612529,False,0.9508196721311475,2155,LIVE
0.006177567007010776,179,1846,0,130,2025,0.9396751740139211,1.0,0.08839506172839506,0.9342105263157895,0.14338747099767982,1846.0,8566.125290023203,False,0.9508196721311475,2155,LIVE
0.006187213611610539,179,1845,0,131,2024,0.9392111368909513,1.0,0.08843873517786562,0.9337044534412956,0.14385150812064965,1845.0,8561.484918793503,False,0.9508196721311475,2155,LIVE
0.006190168523660513,179,1844,0,132,2023,0.9387470997679814,1.0,0.08848245180425111,0.9331983805668016,0.1443155452436195,1844.0,8556.844547563805,False,0.9494535519125683,2155,LIVE
0.006193660044016171,179,1843,0,133,2022,0.9382830626450116,1.0,0.08852621167161226,0.9326923076923077,0.14477958236658933,1843.0,8552.204176334108,False,0.9494535519125683,2155,LIVE
0.0062324327479124164,179,1842,0,134,2021,0.9378190255220418,1.0,0.08857001484413657,0.9321862348178138,0.14524361948955916,1842.0,8547.563805104408,False,0.9494535519125683,2155,LIVE
0.006235503512294865,179,1841,0,135,2020,0.9373549883990719,1.0,0.08861386138613861,0.9316801619433198,0.145707656612529,1841.0,8542.92343387471,False,0.9494535519125683,2155,LIVE
0.006242516786508726,179,1840,0,136,2019,0.9368909512761021,1.0,0.08865775136206043,0.9311740890688259,0.14617169373549885,1840.0,8538.28306264501,False,0.9480874316939891,2155,LIVE
0.0063408661469964295,179,1839,0,137,2018,0.9364269141531323,1.0,0.08870168483647176,0.930668016194332,0.14663573085846868,1839.0,8533.642691415313,False,0.9467213114754098,2155,LIVE
0.006367604717006699,179,1838,0,138,2017,0.9359628770301625,1.0,0.0887456618740704,0.930161943319838,0.1470997679814385,1838.0,8529.002320185615,False,0.9467213114754098,2155,LIVE
0.006391029523338909,179,1837,0,139,2016,0.9354988399071926,1.0,0.08878968253968254,0.9296558704453441,0.14756380510440836,1837.0,8524.361948955917,False,0.9453551912568307,2155,LIVE
0.006393026788871328,179,1836,0,140,2015,0.9350348027842227,1.0,0.08883374689826302,0.9291497975708503,0.1480278422273782,1836.0,8519.721577726217,False,0.9439890710382514,2155,LIVE
0.00642623890866944,179,1835,0,141,2014,0.9345707656612529,1.0,0.08887785501489573,0.9286437246963563,0.14849187935034802,1835.0,8515.08120649652,False,0.9439890710382514,2155,LIVE
0.006447382870120907,179,1834,0,142,2013,0.934106728538283,1.0,0.08892200695479384,0.9281376518218624,0.14895591647331788,1834.0,8510.440835266822,False,0.9439890710382514,2155,LIVE
0.00646290465098966,179,1833,0,143,2012,0.9336426914153132,1.0,0.0889662027833002,0.9276315789473685,0.1494199535962877,1833.0,8505.800464037124,False,0.9426229508196722,2155,LIVE
0.006466737271432846,179,1832,0,144,2011,0.9331786542923434,1.0,0.08901044256588762,0.9271255060728745,0.14988399071925754,1832.0,8501.160092807424,False,0.9426229508196722,2155,LIVE
0.006507272438605168,179,1831,0,145,2010,0.9327146171693735,1.0,0.0890547263681592,0.9266194331983806,0.15034802784222737,1831.0,8496.519721577726,False,0.9426229508196722,2155,LIVE
0.00651304199446827,179,1830,0,146,2009,0.9322505800464037,1.0,0.08909905425584869,0.9261133603238867,0.15081206496519722,1830.0,8491.879350348028,False,0.9426229508196722,2155,LIVE
0.006519640853693706,179,1829,0,147,2008,0.9317865429234339,1.0,0.08914342629482072,0.9256072874493927,0.15127610208816705,1829.0,8487.238979118329,False,0.9426229508196722,2155,LIVE
0.0065510286945281195,179,1828,0,148,2007,0.931322505800464,1.0,0.08918784255107125,0.9251012145748988,0.15174013921113688,1828.0,8482.59860788863,False,0.9426229508196722,2155,LIVE
0.00656241768314987,179,1827,0,149,2006,0.9308584686774942,1.0,0.08923230309072781,0.9245951417004049,0.15220417633410674,1827.0,8477.958236658933,False,0.9426229508196722,2155,LIVE
0.006571504487290045,179,1826,0,150,2005,0.9303944315545244,1.0,0.08927680798004987,0.9240890688259109,0.15266821345707657,1826.0,8473.317865429233,False,0.9426229508196722,2155,LIVE
0.006600924860190775,179,1825,0,151,2004,0.9299303944315546,1.0,0.08932135728542914,0.923582995951417,0.1531322505800464,1825.0,8468.677494199535,False,0.9412568306010929,2155,LIVE
0.006754520567180541,179,1824,0,152,2003,0.9294663573085847,1.0,0.08936595107338992,0.9230769230769231,0.15359628770301625,1824.0,8464.037122969838,False,0.9412568306010929,2155,LIVE
0.006765421933963835,179,1823,0,153,2002,0.9290023201856148,1.0,0.08941058941058941,0.9225708502024291,0.15406032482598608,1823.0,8459.39675174014,False,0.9412568306010929,2155,LIVE
0.006786302812499184,179,1822,0,154,2001,0.928538283062645,1.0,0.08945527236381809,0.9220647773279352,0.1545243619489559,1822.0,8454.75638051044,False,0.9412568306010929,2155,LIVE
0.006787226601373364,179,1821,0,155,2000,0.9280742459396751,1.0,0.0895,0.9215587044534413,0.15498839907192574,1821.0,8450.116009280742,False,0.9398907103825137,2155,LIVE
0.006822957173667598,179,1820,0,156,1999,0.9276102088167053,1.0,0.0895447723861931,0.9210526315789473,0.1554524361948956,1820.0,8445.475638051044,False,0.9398907103825137,2155,LIVE
0.006848683660718372,179,1819,0,157,1998,0.9271461716937355,1.0,0.08958958958958958,0.9205465587044535,0.15591647331786543,1819.0,8440.835266821347,False,0.9398907103825137,2155,LIVE
0.006857489985243317,179,1818,0,158,1997,0.9266821345707656,1.0,0.08963445167751627,0.9200404858299596,0.15638051044083526,1818.0,8436.194895591647,False,0.9398907103825137,2155,LIVE
0.006929800766181985,179,1817,0,159,1996,0.9262180974477958,1.0,0.08967935871743488,0.9195344129554656,0.15684454756380511,1817.0,8431.554524361949,False,0.9398907103825137,2155,LIVE
0.0069756838207461775,179,1816,0,160,1995,0.925754060324826,1.0,0.08972431077694236,0.9190283400809717,0.15730858468677494,1816.0,8426.914153132251,False,0.9398907103825137,2155,LIVE
0.006991386394614534,179,1815,0,161,1994,0.9252900232018562,1.0,0.08976930792377132,0.9185222672064778,0.15777262180974477,1815.0,8422.273781902551,False,0.9398907103825137,2155,LIVE
0.00700694264287606,179,1814,0,162,1993,0.9248259860788863,1.0,0.08981435022579026,0.9180161943319838,0.15823665893271463,1814.0,8417.633410672854,False,0.9398907103825137,2155,LIVE
0.00702760220270651,179,1813,0,163,1992,0.9243619489559165,1.0,0.08985943775100401,0.9175101214574899,0.15870069605568446,1813.0,8412.993039443156,False,0.9398907103825137,2155,LIVE
0.007086997756870108,179,1812,0,164,1991,0.9238979118329467,1.0,0.08990457056755399,0.917004048582996,0.1591647331786543,1812.0,8408.352668213456,False,0.9398907103825137,2155,LIVE
0.007113958073818606,179,1811,0,165,1990,0.9234338747099768,1.0,0.0899497487437186,0.916497975708502,0.15962877030162412,1811.0,8403.712296983758,False,0.9398907103825137,2155,LIVE
0.007118940154312448,179,1810,0,166,1989,0.922969837587007,1.0,0.08999497234791352,0.9159919028340081,0.16009280742459397,1810.0,8399.07192575406,False,0.9398907103825137,2155,LIVE
0.007140513978274931,179,1809,0,167,1988,0.9225058004640371,1.0,0.09004024144869216,0.9154858299595142,0.1605568445475638,1809.0,8394.431554524363,False,0.9398907103825137,2155,LIVE
0.0071433690855629535,179,1808,0,168,1987,0.9220417633410672,1.0,0.09008555611474585,0.9149797570850202,0.16102088167053363,1808.0,8389.791183294663,False,0.9385245901639344,2155,LIVE
0.007146577787866788,179,1807,0,169,1986,0.9215777262180974,1.0,0.09013091641490432,0.9144736842105263,0.1614849187935035,1807.0,8385.150812064965,False,0.9371584699453552,2155,LIVE
0.007241245432827915,179,1806,0,170,1985,0.9211136890951276,1.0,0.09017632241813602,0.9139676113360324,0.16194895591647332,1806.0,8380.510440835267,False,0.9357923497267759,2155,LIVE
0.00740035647418885,179,1805,0,171,1984,0.9206496519721578,1.0,0.09022177419354839,0.9134615384615384,0.16241299303944315,1805.0,8375.87006960557,False,0.9357923497267759,2155,LIVE
0.007420530336657667,179,1804,0,172,1983,0.9201856148491879,1.0,0.0902672718103883,0.9129554655870445,0.162877030162413,1804.0,8371.22969837587,False,0.9344262295081968,2155,LIVE
0.007529105593339532,179,1803,0,173,1982,0.9197215777262181,1.0,0.09031281533804238,0.9124493927125507,0.16334106728538283,1803.0,8366.589327146172,False,0.9344262295081968,2155,LIVE
0.007549559302349279,179,1802,0,174,1981,0.9192575406032483,1.0,0.09035840484603735,0.9119433198380567,0.16380510440835266,1802.0,8361.948955916472,False,0.9344262295081968,2155,LIVE
0.007631106421235814,179,1801,0,175,1980,0.9187935034802784,1.0,0.0904040404040404,0.9114372469635628,0.1642691415313225,1801.0,8357.308584686774,False,0.9330601092896175,2155,LIVE
0.0076522662346818204,179,1800,0,176,1979,0.9183294663573086,1.0,0.09044972208185953,0.9109311740890689,0.16473317865429235,1800.0,8352.668213457076,False,0.9330601092896175,2155,LIVE
0.007657389746346671,179,1799,0,177,1978,0.9178654292343388,1.0,0.09049544994944388,0.9104251012145749,0.16519721577726218,1799.0,8348.027842227379,False,0.9330601092896175,2155,LIVE
0.007663999830178408,179,1798,0,178,1977,0.917401392111369,1.0,0.09054122407688417,0.909919028340081,0.165661252900232,1798.0,8343.387470997679,False,0.9316939890710383,2155,LIVE
0.007704825171954535,179,1797,0,179,1976,0.9169373549883991,1.0,0.09058704453441295,0.9094129554655871,0.16612529002320187,1797.0,8338.747099767981,False,0.9316939890710383,2155,LIVE
0.007712133407008322,179,1796,0,180,1975,0.9164733178654292,1.0,0.09063291139240506,0.9089068825910931,0.1665893271461717,1796.0,8334.106728538283,False,0.9316939890710383,2155,LIVE
0.007714712902554286,179,1795,0,181,1974,0.9160092807424594,1.0,0.09067882472137791,0.9084008097165992,0.16705336426914152,1795.0,8329.466357308585,False,0.9316939890710383,2155,LIVE
0.007742655406479527,179,1794,0,182,1973,0.9155452436194895,1.0,0.09072478459199189,0.9078947368421053,0.16751740139211138,1794.0,8324.825986078886,False,0.9316939890710383,2155,LIVE
0.007751712954102,179,1793,0,183,1972,0.9150812064965197,1.0,0.0907707910750507,0.9073886639676113,0.1679814385150812,1793.0,8320.185614849188,False,0.930327868852459,2155,LIVE
0.007795166791827466,178,1793,1,183,1971,0.9146171693735499,0.994413407821229,0.09030948756976154,0.9073886639676113,0.16751740139211138,1803.0,8366.589327146172,False,0.930327868852459,2155,LIVE
0.007815764812772167,178,1792,1,184,1970,0.91415313225058,0.994413407821229,0.09035532994923857,0.9068825910931174,0.1679814385150812,1802.0,8361.948955916472,False,0.9289617486338798,2155,LIVE
0.007834584828356183,178,1791,1,185,1969,0.9136890951276102,0.994413407821229,0.090401218892839,0.9063765182186235,0.16844547563805104,1801.0,8357.308584686774,False,0.9275956284153005,2155,LIVE
0.007860112471783743,178,1790,1,186,1968,0.9132250580046404,0.994413407821229,0.09044715447154472,0.9058704453441295,0.16890951276102087,1800.0,8352.668213457076,False,0.9275956284153005,2155,LIVE
0.007861611246212537,178,1789,1,187,1967,0.9127610208816705,0.994413407821229,0.09049313675648195,0.9053643724696356,0.16937354988399073,1799.0,8348.027842227379,False,0.9262295081967213,2155,LIVE
0.007934871979867836,178,1788,1,188,1966,0.9122969837587007,0.994413407821229,0.09053916581892167,0.9048582995951417,0.16983758700696056,1798.0,8343.387470997679,False,0.9262295081967213,2155,LIVE
0.00795942862515363,178,1787,1,189,1965,0.9118329466357309,0.994413407821229,0.0905852417302799,0.9043522267206477,0.17030162412993038,1797.0,8338.747099767981,False,0.9262295081967213,2155,LIVE
0.00797677906841356,178,1786,1,190,1964,0.9113689095127611,0.994413407821229,0.09063136456211812,0.9038461538461539,0.17076566125290024,1796.0,8334.106728538283,False,0.924863387978142,2155,LIVE
0.00802263808402494,178,1785,1,191,1963,0.9109048723897912,0.994413407821229,0.09067753438614366,0.90334008097166,0.17122969837587007,1795.0,8329.466357308585,False,0.924863387978142,2155,LIVE
0.008026875639721164,178,1784,1,192,1962,0.9104408352668213,0.994413407821229,0.09072375127421,0.902834008097166,0.1716937354988399,1794.0,8324.825986078886,False,0.924863387978142,2155,LIVE
0.008042012872424458,178,1783,1,193,1961,0.9099767981438515,0.994413407821229,0.09077001529831719,0.9023279352226721,0.17215777262180976,1793.0,8320.185614849188,False,0.924863387978142,2155,LIVE
0.00810774773696655,178,1782,1,194,1960,0.9095127610208816,0.994413407821229,0.09081632653061225,0.9018218623481782,0.1726218097447796,1792.0,8315.54524361949,False,0.924863387978142,2155,LIVE
0.008111064681223856,178,1781,1,195,1959,0.9090487238979118,0.994413407821229,0.09086268504338949,0.9013157894736842,0.17308584686774942,1791.0,8310.904872389792,False,0.924863387978142,2155,LIVE
0.008136945981019383,178,1780,1,196,1958,0.908584686774942,0.994413407821229,0.09090909090909091,0.9008097165991903,0.17354988399071924,1790.0,8306.264501160093,False,0.924863387978142,2155,LIVE
0.008139558415241267,178,1779,1,197,1957,0.9081206496519721,0.994413407821229,0.09095554420030659,0.9003036437246964,0.1740139211136891,1789.0,8301.624129930395,False,0.9234972677595629,2155,LIVE
0.008150362398193632,178,1778,1,198,1956,0.9076566125290023,0.994413407821229,0.09100204498977506,0.8997975708502024,0.17447795823665893,1788.0,8296.983758700695,False,0.9221311475409836,2155,LIVE
0.008153128571386106,178,1777,1,199,1955,0.9071925754060325,0.994413407821229,0.09104859335038364,0.8992914979757085,0.17494199535962876,1787.0,8292.343387470997,False,0.9221311475409836,2155,LIVE
0.008198720660213751,178,1776,1,200,1954,0.9067285382830627,0.994413407821229,0.09109518935516889,0.8987854251012146,0.17540603248259862,1786.0,8287.7030162413,False,0.9207650273224044,2155,LIVE
0.008200032672006235,178,1775,1,201,1953,0.9062645011600928,0.994413407821229,0.09114183307731695,0.8982793522267206,0.17587006960556845,1785.0,8283.062645011601,False,0.9207650273224044,2155,LIVE
0.008240544647051139,178,1774,1,202,1952,0.905800464037123,0.994413407821229,0.09118852459016394,0.8977732793522267,0.17633410672853828,1784.0,8278.422273781902,False,0.9207650273224044,2155,LIVE
0.008257124610611613,178,1773,1,203,1951,0.9053364269141532,0.994413407821229,0.0912352639671963,0.8972672064777328,0.17679814385150813,1783.0,8273.781902552204,False,0.9193989071038251,2155,LIVE
0.00825787385925574,178,1772,1,204,1950,0.9048723897911833,0.994413407821229,0.09128205128205129,0.8967611336032388,0.17726218097447796,1782.0,8269.141531322506,False,0.9193989071038251,2155,LIVE
0.008267637386940982,178,1771,1,205,1949,0.9044083526682135,0.994413407821229,0.09132888660851719,0.896255060728745,0.1777262180974478,1781.0,8264.501160092808,False,0.9180327868852459,2155,LIVE
0.008274345529292713,178,1770,1,206,1948,0.9039443155452436,0.994413407821229,0.09137577002053388,0.895748987854251,0.17819025522041762,1780.0,8259.860788863109,False,0.9180327868852459,2155,LIVE
0.008285964176160013,178,1769,1,207,1947,0.9034802784222737,0.994413407821229,0.09142270159219312,0.895242914979757,0.17865429234338748,1779.0,8255.22041763341,False,0.9180327868852459,2155,LIVE
0.008321744862839117,178,1768,1,208,1946,0.9030162412993039,0.994413407821229,0.09146968139773895,0.8947368421052632,0.1791183294663573,1778.0,8250.580046403713,False,0.9180327868852459,2155,LIVE
0.008325706778852039,178,1767,1,209,1945,0.9025522041763341,0.994413407821229,0.09151670951156812,0.8942307692307693,0.17958236658932714,1777.0,8245.939675174015,False,0.9180327868852459,2155,LIVE
0.008335148821560159,178,1766,1,210,1944,0.9020881670533643,0.994413407821229,0.09156378600823045,0.8937246963562753,0.180046403712297,1776.0,8241.299303944315,False,0.9180327868852459,2155,LIVE
0.008372153202448253,178,1765,1,211,1943,0.9016241299303944,0.994413407821229,0.09161091096242924,0.8932186234817814,0.18051044083526682,1775.0,8236.658932714618,False,0.9180327868852459,2155,LIVE
0.00839633297298069,178,1764,1,212,1942,0.9011600928074246,0.994413407821229,0.09165808444902163,0.8927125506072875,0.18097447795823665,1774.0,8232.018561484918,False,0.9166666666666666,2155,LIVE
0.008410511138242522,178,1763,1,213,1941,0.9006960556844548,0.994413407821229,0.09170530654301906,0.8922064777327935,0.1814385150812065,1773.0,8227.37819025522,False,0.9166666666666666,2155,LIVE
0.008433942143443039,178,1762,1,214,1940,0.9002320185614849,0.994413407821229,0.09175257731958762,0.8917004048582996,0.18190255220417634,1772.0,8222.737819025522,False,0.9166666666666666,2155,LIVE
0.008440616938155733,178,1761,1,215,1939,0.8997679814385151,0.994413407821229,0.09179989685404848,0.8911943319838057,0.18236658932714617,1771.0,8218.097447795824,False,0.9153005464480874,2155,LIVE
0.00846218279678634,178,1760,1,216,1938,0.8993039443155453,0.994413407821229,0.09184726522187822,0.8906882591093117,0.182830626450116,1770.0,8213.457076566125,False,0.9139344262295082,2155,LIVE
0.008511516576275881,178,1759,1,217,1937,0.8988399071925754,0.994413407821229,0.09189468249870934,0.8901821862348178,0.18329466357308585,1769.0,8208.816705336427,False,0.9139344262295082,2155,LIVE
0.008530663229439716,178,1758,1,218,1936,0.8983758700696056,0.994413407821229,0.09194214876033058,0.8896761133603239,0.18375870069605568,1768.0,8204.176334106729,False,0.9139344262295082,2155,LIVE
0.008536695778396913,178,1757,1,219,1935,0.8979118329466357,0.994413407821229,0.09198966408268734,0.8891700404858299,0.1842227378190255,1767.0,8199.535962877031,False,0.9139344262295082,2155,LIVE
0.008543706891401288,178,1756,1,220,1934,0.8974477958236659,0.994413407821229,0.09203722854188211,0.888663967611336,0.18468677494199537,1766.0,8194.895591647331,False,0.9139344262295082,2155,LIVE
0.008614501344471504,178,1755,1,221,1933,0.896983758700696,0.994413407821229,0.09208484221417486,0.8881578947368421,0.1851508120649652,1765.0,8190.255220417634,False,0.9139344262295082,2155,LIVE
0.008619703989827237,178,1754,1,222,1932,0.8965197215777262,0.994413407821229,0.09213250517598344,0.8876518218623481,0.18561484918793503,1764.0,8185.614849187936,False,0.9139344262295082,2155,LIVE
0.008653206624194967,178,1753,1,223,1931,0.8960556844547564,0.994413407821229,0.092180217503884,0.8871457489878543,0.18607888631090488,1763.0,8180.974477958237,False,0.912568306010929,2155,LIVE
0.00865543014181775,178,1752,1,224,1930,0.8955916473317865,0.994413407821229,0.0922279792746114,0.8866396761133604,0.1865429234338747,1762.0,8176.334106728537,False,0.912568306010929,2155,LIVE
0.008681364756011004,178,1751,1,225,1929,0.8951276102088167,0.994413407821229,0.09227579056505962,0.8861336032388664,0.18700696055684454,1761.0,8171.6937354988395,False,0.912568306010929,2155,LIVE
0.008762675643081821,178,1750,1,226,1928,0.8946635730858469,0.994413407821229,0.09232365145228216,0.8856275303643725,0.18747099767981437,1760.0,8167.053364269142,False,0.9112021857923497,2155,LIVE
0.008820115797954152,178,1749,1,227,1927,0.894199535962877,0.994413407821229,0.09237156201349248,0.8851214574898786,0.18793503480278423,1759.0,8162.412993039443,False,0.9112021857923497,2155,LIVE
0.008836004146891846,178,1748,1,228,1926,0.8937354988399072,0.994413407821229,0.09241952232606439,0.8846153846153846,0.18839907192575406,1758.0,8157.772621809745,False,0.9112021857923497,2155,LIVE
0.008868387342900862,178,1747,1,229,1925,0.8932714617169374,0.994413407821229,0.09246753246753246,0.8841093117408907,0.1888631090487239,1757.0,8153.132250580046,False,0.9112021857923497,2155,LIVE
0.008911878639641001,178,1746,1,230,1924,0.8928074245939676,0.994413407821229,0.09251559251559252,0.8836032388663968,0.18932714617169374,1756.0,8148.491879350348,False,0.9112021857923497,2155,LIVE
0.008914803790394167,178,1745,1,231,1923,0.8923433874709977,0.994413407821229,0.09256370254810192,0.8830971659919028,0.18979118329466357,1755.0,8143.85150812065,False,0.9112021857923497,2155,LIVE
0.008928427314064485,178,1744,1,232,1922,0.8918793503480278,0.994413407821229,0.09261186264308012,0.8825910931174089,0.1902552204176334,1754.0,8139.211136890952,False,0.9098360655737705,2155,LIVE
0.008973420025148617,177,1744,2,232,1921,0.891415313225058,0.9888268156424581,0.09213951067152525,0.8825910931174089,0.18979118329466357,1764.0,8185.614849187936,False,0.9098360655737705,2155,LIVE
0.008993619206274846,177,1743,2,233,1920,0.8909512761020881,0.9888268156424581,0.0921875,0.882085020242915,0.1902552204176334,1763.0,8180.974477958237,False,0.9098360655737705,2155,LIVE
0.009003094653233073,177,1742,2,234,1919,0.8904872389791183,0.9888268156424581,0.09223553934340803,0.881578947368421,0.19071925754060326,1762.0,8176.334106728537,False,0.9098360655737705,2155,LIVE
0.009068618998208907,177,1741,2,235,1918,0.8900232018561485,0.9888268156424581,0.09228362877997914,0.8810728744939271,0.1911832946635731,1761.0,8171.6937354988395,False,0.9098360655737705,2155,LIVE
0.00907715903440692,177,1740,2,236,1917,0.8895591647331786,0.9888268156424581,0.09233176838810642,0.8805668016194332,0.19164733178654292,1760.0,8167.053364269142,False,0.9098360655737705,2155,LIVE
0.009090248507940636,177,1739,2,237,1916,0.8890951276102088,0.9888268156424581,0.09237995824634655,0.8800607287449392,0.19211136890951275,1759.0,8162.412993039443,False,0.9098360655737705,2155,LIVE
0.009137083036521637,177,1738,2,238,1915,0.888631090487239,0.9888268156424581,0.09242819843342037,0.8795546558704453,0.1925754060324826,1758.0,8157.772621809745,False,0.9084699453551912,2155,LIVE
0.00916199610861158,177,1737,2,239,1914,0.8881670533642692,0.9888268156424581,0.09247648902821316,0.8790485829959515,0.19303944315545243,1757.0,8153.132250580046,False,0.9084699453551912,2155,LIVE
0.009172037474747282,176,1737,3,239,1913,0.8877030162412993,0.9832402234636871,0.09200209095661264,0.8790485829959515,0.1925754060324826,1767.0,8199.535962877031,False,0.9084699453551912,2155,LIVE
0.009189423455464625,176,1736,3,240,1912,0.8872389791183295,0.9832402234636871,0.09205020920502092,0.8785425101214575,0.19303944315545243,1766.0,8194.895591647331,False,0.907103825136612,2155,LIVE
0.009205526212618373,176,1735,3,241,1911,0.8867749419953597,0.9832402234636871,0.09209837781266353,0.8780364372469636,0.19350348027842226,1765.0,8190.255220417634,False,0.907103825136612,2155,LIVE
0.009216177051559844,176,1734,3,242,1910,0.8863109048723898,0.9832402234636871,0.09214659685863874,0.8775303643724697,0.19396751740139212,1764.0,8185.614849187936,False,0.907103825136612,2155,LIVE
0.0092617257299885,176,1733,3,243,1909,0.88584686774942,0.9832402234636871,0.09219486642221059,0.8770242914979757,0.19443155452436195,1763.0,8180.974477958237,False,0.907103825136612,2155,LIVE
0.009297872750363824,176,1732,3,244,1908,0.8853828306264501,0.9832402234636871,0.09224318658280922,0.8765182186234818,0.19489559164733178,1762.0,8176.334106728537,False,0.907103825136612,2155,LIVE
0.009333365873230323,176,1731,3,245,1907,0.8849187935034802,0.9832402234636871,0.09229155742003146,0.8760121457489879,0.19535962877030164,1761.0,8171.6937354988395,False,0.907103825136612,2155,LIVE
0.009347704285846633,176,1730,3,246,1906,0.8844547563805104,0.9832402234636871,0.09233997901364113,0.8755060728744939,0.19582366589327146,1760.0,8167.053364269142,False,0.907103825136612,2155,LIVE
0.009413284272805116,176,1729,3,247,1905,0.8839907192575406,0.9832402234636871,0.09238845144356955,0.875,0.1962877030162413,1759.0,8162.412993039443,False,0.907103825136612,2155,LIVE
0.009414863382303816,176,1728,3,248,1904,0.8835266821345708,0.9832402234636871,0.09243697478991597,0.8744939271255061,0.19675174013921112,1758.0,8157.772621809745,False,0.907103825136612,2155,LIVE
0.009421177812214916,176,1727,3,249,1903,0.8830626450116009,0.9832402234636871,0.09248554913294797,0.8739878542510121,0.19721577726218098,1757.0,8153.132250580046,False,0.907103825136612,2155,LIVE
0.009421989005054313,176,1726,3,250,1902,0.8825986078886311,0.9832402234636871,0.09253417455310199,0.8734817813765182,0.1976798143851508,1756.0,8148.491879350348,False,0.9057377049180327,2155,LIVE
0.009423103584542299,176,1725,3,251,1901,0.8821345707656613,0.9832402234636871,0.09258285113098369,0.8729757085020243,0.19814385150812064,1755.0,8143.85150812065,False,0.9057377049180327,2155,LIVE
0.009426773903566043,176,1724,3,252,1900,0.8816705336426914,0.9832402234636871,0.09263157894736843,0.8724696356275303,0.1986078886310905,1754.0,8139.211136890952,False,0.9043715846994536,2155,LIVE
0.009428237776258522,176,1723,3,253,1899,0.8812064965197216,0.9832402234636871,0.09268035808320169,0.8719635627530364,0.19907192575406032,1753.0,8134.570765661253,False,0.9030054644808743,2155,LIVE
0.009482358857519576,176,1722,3,254,1898,0.8807424593967518,0.9832402234636871,0.09272918861959958,0.8714574898785425,0.19953596287703015,1752.0,8129.930394431555,False,0.9030054644808743,2155,LIVE
0.009511064710902696,176,1721,3,255,1897,0.880278422273782,0.9832402234636871,0.09277807063784924,0.8709514170040485,0.2,1751.0,8125.2900232018565,False,0.9030054644808743,2155,LIVE
0.009513747345893456,176,1720,3,256,1896,0.8798143851508121,0.9832402234636871,0.09282700421940929,0.8704453441295547,0.20046403712296984,1750.0,8120.649651972159,False,0.9030054644808743,2155,LIVE
0.009533775883757799,176,1719,3,257,1895,0.8793503480278422,0.9832402234636871,0.09287598944591029,0.8699392712550608,0.20092807424593967,1749.0,8116.009280742459,False,0.9016393442622951,2155,LIVE
0.009591186231790857,176,1718,3,258,1894,0.8788863109048723,0.9832402234636871,0.09292502639915523,0.8694331983805668,0.20139211136890953,1748.0,8111.36890951276,False,0.9002732240437158,2155,LIVE
0.009601821978379037,176,1717,3,259,1893,0.8784222737819025,0.9832402234636871,0.09297411516111992,0.8689271255060729,0.20185614849187936,1747.0,8106.728538283062,False,0.8989071038251366,2155,LIVE
0.009617288342334327,176,1716,3,260,1892,0.8779582366589327,0.9832402234636871,0.09302325581395349,0.868421052631579,0.20232018561484919,1746.0,8102.088167053364,False,0.8989071038251366,2155,LIVE
0.009641166872832225,176,1715,3,261,1891,0.8774941995359629,0.9832402234636871,0.09307244843997885,0.867914979757085,0.20278422273781901,1745.0,8097.447795823666,False,0.8989071038251366,2155,LIVE
0.009642724438215703,176,1714,3,262,1890,0.877030162412993,0.9832402234636871,0.09312169312169312,0.8674089068825911,0.20324825986078887,1744.0,8092.807424593967,False,0.8989071038251366,2155,LIVE
0.009647880737878716,176,1713,3,263,1889,0.8765661252900232,0.9832402234636871,0.09317098994176813,0.8669028340080972,0.2037122969837587,1743.0,8088.167053364269,False,0.8989071038251366,2155,LIVE
0.009673717646412032,176,1712,3,264,1888,0.8761020881670534,0.9832402234636871,0.09322033898305085,0.8663967611336032,0.20417633410672853,1742.0,8083.52668213457,False,0.8989071038251366,2155,LIVE
0.00968736353137519,176,1711,3,265,1887,0.8756380510440835,0.9832402234636871,0.09326974032856386,0.8658906882591093,0.2046403712296984,1741.0,8078.8863109048725,False,0.8989071038251366,2155,LIVE
0.00972497184692316,176,1710,3,266,1886,0.8751740139211137,0.9832402234636871,0.09331919406150584,0.8653846153846154,0.20510440835266822,1740.0,8074.245939675175,False,0.8975409836065574,2155,LIVE
0.009741983542887338,176,1709,3,267,1885,0.8747099767981439,0.9832402234636871,0.09336870026525199,0.8648785425101214,0.20556844547563805,1739.0,8069.605568445476,False,0.8975409836065574,2155,LIVE
0.009754944697196231,176,1708,3,268,1884,0.874245939675174,0.9832402234636871,0.09341825902335456,0.8643724696356275,0.2060324825986079,1738.0,8064.965197215778,False,0.8975409836065574,2155,LIVE
0.009805247149195432,176,1707,3,269,1883,0.8737819025522042,0.9832402234636871,0.09346787041954328,0.8638663967611336,0.20649651972157773,1737.0,8060.324825986079,False,0.8975409836065574,2155,LIVE
0.009811193635303694,176,1706,3,270,1882,0.8733178654292343,0.9832402234636871,0.09351753453772582,0.8633603238866396,0.20696055684454756,1736.0,8055.6844547563815,False,0.8961748633879781,2155,LIVE
0.009817713379655877,176,1705,3,271,1881,0.8728538283062645,0.9832402234636871,0.0935672514619883,0.8628542510121457,0.2074245939675174,1735.0,8051.044083526682,False,0.8961748633879781,2155,LIVE
0.009834023287203484,176,1704,3,272,1880,0.8723897911832946,0.9832402234636871,0.09361702127659574,0.8623481781376519,0.20788863109048725,1734.0,8046.403712296983,False,0.894808743169399,2155,LIVE
0.009860909138235209,176,1703,3,273,1879,0.8719257540603248,0.9832402234636871,0.09366684406599254,0.8618421052631579,0.20835266821345708,1733.0,8041.763341067285,False,0.894808743169399,2155,LIVE
0.009916522548023828,176,1702,3,274,1878,0.871461716937355,0.9832402234636871,0.09371671991480299,0.861336032388664,0.2088167053364269,1732.0,8037.122969837586,False,0.894808743169399,2155,LIVE
0.009925780310585776,176,1701,3,275,1877,0.8709976798143851,0.9832402234636871,0.09376664890783165,0.8608299595141701,0.20928074245939676,1731.0,8032.482598607889,False,0.8934426229508197,2155,LIVE
0.009928157865434786,176,1700,3,276,1876,0.8705336426914153,0.9832402234636871,0.09381663113006397,0.8603238866396761,0.2097447795823666,1730.0,8027.84222737819,False,0.8934426229508197,2155,LIVE
0.009932382096086127,176,1699,3,277,1875,0.8700696055684455,0.9832402234636871,0.09386666666666667,0.8598178137651822,0.21020881670533642,1729.0,8023.201856148492,False,0.8934426229508197,2155,LIVE
0.009936927006755412,176,1698,3,278,1874,0.8696055684454757,0.9832402234636871,0.09391675560298826,0.8593117408906883,0.21067285382830628,1728.0,8018.561484918793,False,0.8934426229508197,2155,LIVE
0.009939834119890868,176,1697,3,279,1873,0.8691415313225058,0.9832402234636871,0.09396689802455953,0.8588056680161943,0.2111368909512761,1727.0,8013.921113689095,False,0.8920765027322405,2155,LIVE
0.009954153181030406,176,1696,3,280,1872,0.868677494199536,0.9832402234636871,0.09401709401709402,0.8582995951417004,0.21160092807424594,1726.0,8009.280742459397,False,0.8907103825136612,2155,LIVE
0.009974234624178308,176,1695,3,281,1871,0.8682134570765662,0.9832402234636871,0.09406734366648851,0.8577935222672065,0.21206496519721577,1725.0,8004.640371229699,False,0.889344262295082,2155,LIVE
0.009987226179891394,176,1694,3,282,1870,0.8677494199535963,0.9832402234636871,0.09411764705882353,0.8572874493927125,0.21252900232018562,1724.0,8000.0,False,0.889344262295082,2155,LIVE
0.0099985476061978,176,1693,3,283,1869,0.8672853828306265,0.9832402234636871,0.09416800428036383,0.8567813765182186,0.21299303944315545,1723.0,7995.359628770302,False,0.889344262295082,2155,LIVE
0.010005746724889837,176,1692,3,284,1868,0.8668213457076566,0.9832402234636871,0.09421841541755889,0.8562753036437247,0.21345707656612528,1722.0,7990.7192575406025,False,0.889344262295082,2155,LIVE
0.010012586164071174,176,1691,3,285,1867,0.8663573085846867,0.9832402234636871,0.09426888055704338,0.8557692307692307,0.21392111368909514,1721.0,7986.078886310905,False,0.8879781420765027,2155,LIVE
0.010024545314253628,176,1690,3,286,1866,0.8658932714617169,0.9832402234636871,0.09431939978563773,0.8552631578947368,0.21438515081206497,1720.0,7981.438515081206,False,0.8879781420765027,2155,LIVE
0.010028211976137647,176,1689,3,287,1865,0.8654292343387471,0.9832402234636871,0.09436997319034852,0.854757085020243,0.2148491879350348,1719.0,7976.798143851508,False,0.8879781420765027,2155,LIVE
0.010035172564661559,176,1688,3,288,1864,0.8649651972157772,0.9832402234636871,0.0944206008583691,0.854251012145749,0.21531322505800465,1718.0,7972.157772621809,False,0.8879781420765027,2155,LIVE
0.010126321650370317,176,1687,3,289,1863,0.8645011600928074,0.9832402234636871,0.09447128287707998,0.853744939271255,0.21577726218097448,1717.0,7967.517401392111,False,0.8879781420765027,2155,LIVE
0.010126583467331909,176,1686,3,290,1862,0.8640371229698376,0.9832402234636871,0.09452201933404941,0.8532388663967612,0.2162412993039443,1716.0,7962.877030162413,False,0.8866120218579235,2155,LIVE
0.010162705469211091,176,1685,3,291,1861,0.8635730858468678,0.9832402234636871,0.09457281031703385,0.8527327935222672,0.21670533642691414,1715.0,7958.236658932715,False,0.8866120218579235,2155,LIVE
0.010173258163767868,176,1684,3,292,1860,0.8631090487238979,0.9832402234636871,0.09462365591397849,0.8522267206477733,0.217169373549884,1714.0,7953.596287703016,False,0.8852459016393442,2155,LIVE
0.0101820839378883,176,1683,3,293,1859,0.8626450116009281,0.9832402234636871,0.09467455621301775,0.8517206477732794,0.21763341067285383,1713.0,7948.955916473318,False,0.8838797814207651,2155,LIVE
0.010185293225418633,176,1682,3,294,1858,0.8621809744779583,0.9832402234636871,0.09472551130247578,0.8512145748987854,0.21809744779582366,1712.0,7944.315545243619,False,0.8838797814207651,2155,LIVE
0.010188762111235873,176,1681,3,295,1857,0.8617169373549884,0.9832402234636871,0.09477652127086698,0.8507085020242915,0.2185614849187935,1711.0,7939.675174013922,False,0.8838797814207651,2155,LIVE
0.01022205503942239,176,1680,3,296,1856,0.8612529002320186,0.9832402234636871,0.09482758620689655,0.8502024291497976,0.21902552204176334,1710.0,7935.034802784223,False,0.8838797814207651,2155,LIVE
0.010229767845572993,176,1679,3,297,1855,0.8607888631090487,0.9832402234636871,0.09487870619946091,0.8496963562753036,0.21948955916473317,1709.0,7930.394431554524,False,0.8838797814207651,2155,LIVE
0.010311082362908019,176,1678,3,298,1854,0.8603248259860788,0.9832402234636871,0.09492988133764833,0.8491902834008097,0.21995359628770303,1708.0,7925.754060324825,False,0.8838797814207651,2155,LIVE
0.01034703430223542,176,1677,3,299,1853,0.859860788863109,0.9832402234636871,0.09498111171073934,0.8486842105263158,0.22041763341067286,1707.0,7921.1136890951275,False,0.8825136612021858,2155,LIVE
0.010352737315109061,176,1676,3,300,1852,0.8593967517401392,0.9832402234636871,0.09503239740820735,0.8481781376518218,0.2208816705336427,1706.0,7916.473317865429,False,0.8825136612021858,2155,LIVE
0.010362737700181935,176,1675,3,301,1851,0.8589327146171694,0.9832402234636871,0.09508373851971907,0.8476720647773279,0.22134570765661252,1705.0,7911.832946635731,False,0.8811475409836066,2155,LIVE
0.010391425363503458,176,1674,3,302,1850,0.8584686774941995,0.9832402234636871,0.09513513513513513,0.847165991902834,0.22180974477958237,1704.0,7907.192575406032,False,0.8811475409836066,2155,LIVE
0.010421173126675695,176,1673,3,303,1849,0.8580046403712297,0.9832402234636871,0.09518658734451055,0.84665991902834,0.2222737819025522,1703.0,7902.552204176334,False,0.8811475409836066,2155,LIVE
0.010435310711329361,176,1672,3,304,1848,0.8575406032482599,0.9832402234636871,0.09523809523809523,0.8461538461538461,0.22273781902552203,1702.0,7897.9118329466355,False,0.8811475409836066,2155,LIVE
0.010480343964597964,176,1671,3,305,1847,0.85707656612529,0.9832402234636871,0.09528965890633459,0.8456477732793523,0.2232018561484919,1701.0,7893.271461716938,False,0.8797814207650273,2155,LIVE
0.010527290619102906,176,1670,3,306,1846,0.8566125290023202,0.9832402234636871,0.09534127843986999,0.8451417004048583,0.22366589327146172,1700.0,7888.631090487239,False,0.8797814207650273,2155,LIVE
0.0105335316036838,176,1669,3,307,1845,0.8561484918793504,0.9832402234636871,0.0953929539295393,0.8446356275303644,0.22412993039443155,1699.0,7883.990719257541,False,0.8797814207650273,2155,LIVE
0.01053438471865617,176,1668,3,308,1844,0.8556844547563806,0.9832402234636871,0.09544468546637744,0.8441295546558705,0.2245939675174014,1698.0,7879.350348027842,False,0.8784153005464481,2155,LIVE
0.01055366360514542,176,1667,3,309,1843,0.8552204176334107,0.9832402234636871,0.09549647314161692,0.8436234817813765,0.22505800464037123,1697.0,7874.709976798144,False,0.8770491803278688,2155,LIVE
0.010558365734255748,176,1666,3,310,1842,0.8547563805104408,0.9832402234636871,0.09554831704668838,0.8431174089068826,0.22552204176334106,1696.0,7870.069605568445,False,0.8770491803278688,2155,LIVE
0.010583089630933039,176,1665,3,311,1841,0.854292343387471,0.9832402234636871,0.09560021727322107,0.8426113360323887,0.2259860788863109,1695.0,7865.429234338747,False,0.8756830601092896,2155,LIVE
0.010632372483705778,176,1664,3,312,1840,0.8538283062645011,0.9832402234636871,0.09565217391304348,0.8421052631578947,0.22645011600928075,1694.0,7860.788863109048,False,0.8756830601092896,2155,LIVE
0.010657394509361307,176,1663,3,313,1839,0.8533642691415313,0.9832402234636871,0.0957041870581838,0.8415991902834008,0.22691415313225058,1693.0,7856.14849187935,False,0.8756830601092896,2155,LIVE
0.010659727504408193,176,1662,3,314,1838,0.8529002320185615,0.9832402234636871,0.0957562568008705,0.8410931174089069,0.2273781902552204,1692.0,7851.508120649652,False,0.8743169398907104,2155,LIVE
0.010734379523724314,176,1661,3,315,1837,0.8524361948955916,0.9832402234636871,0.09580838323353294,0.8405870445344129,0.22784222737819027,1691.0,7846.867749419954,False,0.8729508196721312,2155,LIVE
0.010752131958869615,176,1660,3,316,1836,0.8519721577726218,0.9832402234636871,0.09586056644880174,0.840080971659919,0.2283062645011601,1690.0,7842.227378190255,False,0.8729508196721312,2155,LIVE
0.010795603996101698,176,1659,3,317,1835,0.851508120649652,0.9832402234636871,0.09591280653950954,0.8395748987854251,0.22877030162412992,1689.0,7837.587006960557,False,0.8715846994535519,2155,LIVE
0.010819869009261292,176,1658,3,318,1834,0.8510440835266821,0.9832402234636871,0.09596510359869138,0.8390688259109311,0.22923433874709978,1688.0,7832.946635730858,False,0.8715846994535519,2155,LIVE
0.010869757927345127,176,1657,3,319,1833,0.8505800464037123,0.9832402234636871,0.09601745771958538,0.8385627530364372,0.2296983758700696,1687.0,7828.3062645011605,False,0.8715846994535519,2155,LIVE
0.01088698207984244,176,1656,3,320,1832,0.8501160092807425,0.9832402234636871,0.09606986899563319,0.8380566801619433,0.23016241299303944,1686.0,7823.665893271462,False,0.8715846994535519,2155,LIVE
0.010916119352016437,176,1655,3,321,1831,0.8496519721577727,0.9832402234636871,0.0961223375204806,0.8375506072874493,0.23062645011600927,1685.0,7819.025522041764,False,0.8702185792349727,2155,LIVE
0.010993206993086018,176,1654,3,322,1830,0.8491879350348028,0.9832402234636871,0.09617486338797815,0.8370445344129555,0.23109048723897913,1684.0,7814.385150812065,False,0.8688524590163934,2155,LIVE
0.011073071347734406,176,1653,3,323,1829,0.8487238979118329,0.9832402234636871,0.09622744669218151,0.8365384615384616,0.23155452436194895,1683.0,7809.744779582367,False,0.8688524590163934,2155,LIVE
0.011165796069265231,176,1652,3,324,1828,0.8482598607888631,0.9832402234636871,0.0962800875273523,0.8360323886639676,0.23201856148491878,1682.0,7805.104408352668,False,0.8674863387978142,2155,LIVE
0.011235112148263822,176,1651,3,325,1827,0.8477958236658932,0.9832402234636871,0.0963327859879584,0.8355263157894737,0.23248259860788864,1681.0,7800.46403712297,False,0.8674863387978142,2155,LIVE
0.01131378100783468,176,1650,3,326,1826,0.8473317865429234,0.9832402234636871,0.0963855421686747,0.8350202429149798,0.23294663573085847,1680.0,7795.823665893271,False,0.8674863387978142,2155,LIVE
0.011315064904184458,176,1649,3,327,1825,0.8468677494199536,0.9832402234636871,0.09643835616438357,0.8345141700404858,0.2334106728538283,1679.0,7791.183294663573,False,0.8674863387978142,2155,LIVE
0.011388948465480272,176,1648,3,328,1824,0.8464037122969837,0.9832402234636871,0.09649122807017543,0.8340080971659919,0.23387470997679816,1678.0,7786.542923433874,False,0.8674863387978142,2155,LIVE
0.011390031126912677,176,1647,3,329,1823,0.8459396751740139,0.9832402234636871,0.09654415798134942,0.833502024291498,0.23433874709976799,1677.0,7781.902552204177,False,0.8661202185792349,2155,LIVE
0.011394881332646737,176,1646,3,330,1822,0.8454756380510441,0.9832402234636871,0.09659714599341383,0.832995951417004,0.23480278422273781,1676.0,7777.262180974478,False,0.8661202185792349,2155,LIVE
0.011414698778378298,176,1645,3,331,1821,0.8450116009280743,0.9832402234636871,0.09665019220208676,0.8324898785425101,0.23526682134570764,1675.0,7772.62180974478,False,0.8661202185792349,2155,LIVE
0.0114755310396699,176,1644,3,332,1820,0.8445475638051044,0.9832402234636871,0.0967032967032967,0.8319838056680162,0.2357308584686775,1674.0,7767.981438515081,False,0.8647540983606558,2155,LIVE
0.011525659133580543,176,1643,3,333,1819,0.8440835266821346,0.9832402234636871,0.09675645959318306,0.8314777327935222,0.23619489559164733,1673.0,7763.341067285383,False,0.8647540983606558,2155,LIVE
0.011543560616424094,176,1642,3,334,1818,0.8436194895591648,0.9832402234636871,0.0968096809680968,0.8309716599190283,0.23665893271461716,1672.0,7758.700696055685,False,0.8633879781420765,2155,LIVE
0.011558987217349674,176,1641,3,335,1817,0.8431554524361949,0.9832402234636871,0.09686296092460099,0.8304655870445344,0.23712296983758702,1671.0,7754.060324825987,False,0.8633879781420765,2155,LIVE
0.011581410334269564,176,1640,3,336,1816,0.8426914153132251,0.9832402234636871,0.09691629955947137,0.8299595141700404,0.23758700696055685,1670.0,7749.419953596288,False,0.8620218579234973,2155,LIVE
0.011628492608350877,176,1639,3,337,1815,0.8422273781902552,0.9832402234636871,0.09696969696969697,0.8294534412955465,0.23805104408352667,1669.0,7744.779582366589,False,0.8620218579234973,2155,LIVE
0.011628884004233234,176,1638,3,338,1814,0.8417633410672853,0.9832402234636871,0.0970231532524807,0.8289473684210527,0.23851508120649653,1668.0,7740.1392111368905,False,0.860655737704918,2155,LIVE
0.011668739035419451,176,1637,3,339,1813,0.8412993039443155,0.9832402234636871,0.09707666850523994,0.8284412955465587,0.23897911832946636,1667.0,7735.498839907193,False,0.860655737704918,2155,LIVE
0.011720046991324898,176,1636,3,340,1812,0.8408352668213457,0.9832402234636871,0.09713024282560706,0.8279352226720648,0.2394431554524362,1666.0,7730.858468677494,False,0.8592896174863388,2155,LIVE
0.01175564928507701,176,1635,3,341,1811,0.8403712296983759,0.9832402234636871,0.09718387631143015,0.8274291497975709,0.23990719257540602,1665.0,7726.218097447796,False,0.8579234972677595,2155,LIVE
0.011771426105996378,176,1634,3,342,1810,0.839907192575406,0.9832402234636871,0.09723756906077348,0.8269230769230769,0.24037122969837588,1664.0,7721.577726218097,False,0.8565573770491803,2155,LIVE
0.011863961223180702,176,1633,3,343,1809,0.8394431554524362,0.9832402234636871,0.09729132117191819,0.826417004048583,0.2408352668213457,1663.0,7716.937354988399,False,0.855191256830601,2155,LIVE
0.011870415394991165,176,1632,3,344,1808,0.8389791183294664,0.9832402234636871,0.09734513274336283,0.8259109311740891,0.24129930394431554,1662.0,7712.296983758701,False,0.855191256830601,2155,LIVE
0.011872674038039169,176,1631,3,345,1807,0.8385150812064965,0.9832402234636871,0.09739900387382401,0.8254048582995951,0.2417633410672854,1661.0,7707.656612529003,False,0.855191256830601,2155,LIVE
0.01192387892844239,176,1630,3,346,1806,0.8380510440835267,0.9832402234636871,0.09745293466223699,0.8248987854251012,0.24222737819025522,1660.0,7703.016241299304,False,0.8538251366120219,2155,LIVE
0.011965340955000415,176,1629,3,347,1805,0.8375870069605569,0.9832402234636871,0.09750692520775624,0.8243927125506073,0.24269141531322505,1659.0,7698.375870069606,False,0.8538251366120219,2155,LIVE
0.011982710353151084,176,1628,3,348,1804,0.837122969837587,0.9832402234636871,0.0975609756097561,0.8238866396761133,0.2431554524361949,1658.0,7693.735498839907,False,0.8538251366120219,2155,LIVE
0.011993010654679096,176,1627,3,349,1803,0.8366589327146172,0.9832402234636871,0.09761508596783139,0.8233805668016194,0.24361948955916474,1657.0,7689.09512761021,False,0.8538251366120219,2155,LIVE
0.012027141552871415,176,1626,3,350,1802,0.8361948955916473,0.9832402234636871,0.097669256381798,0.8228744939271255,0.24408352668213457,1656.0,7684.45475638051,False,0.8538251366120219,2155,LIVE
0.012057252990355545,176,1625,3,351,1801,0.8357308584686775,0.9832402234636871,0.0977234869516935,0.8223684210526315,0.2445475638051044,1655.0,7679.814385150811,False,0.8538251366120219,2155,LIVE
0.012083587039835532,176,1624,3,352,1800,0.8352668213457076,0.9832402234636871,0.09777777777777778,0.8218623481781376,0.24501160092807425,1654.0,7675.174013921113,False,0.8524590163934426,2155,LIVE
0.012096757362219357,176,1623,3,353,1799,0.8348027842227378,0.9832402234636871,0.09783212896053363,0.8213562753036437,0.24547563805104408,1653.0,7670.533642691415,False,0.8524590163934426,2155,LIVE
0.01215055552469453,176,1622,3,354,1798,0.834338747099768,0.9832402234636871,0.09788654060066741,0.8208502024291497,0.2459396751740139,1652.0,7665.893271461717,False,0.8510928961748634,2155,LIVE
0.012158379347636066,176,1621,3,355,1797,0.8338747099767981,0.9832402234636871,0.09794101279910963,0.8203441295546559,0.24640371229698377,1651.0,7661.252900232019,False,0.8510928961748634,2155,LIVE
0.012169167435066575,176,1620,3,356,1796,0.8334106728538283,0.9832402234636871,0.09799554565701558,0.819838056680162,0.2468677494199536,1650.0,7656.61252900232,False,0.8510928961748634,2155,LIVE
0.012173037390786115,176,1619,3,357,1795,0.8329466357308585,0.9832402234636871,0.09805013927576602,0.819331983805668,0.24733178654292343,1649.0,7651.972157772622,False,0.8510928961748634,2155,LIVE
0.012227717614938096,176,1618,3,358,1794,0.8324825986078886,0.9832402234636871,0.09810479375696766,0.8188259109311741,0.24779582366589328,1648.0,7647.3317865429235,False,0.8510928961748634,2155,LIVE
0.012236467597602926,176,1617,3,359,1793,0.8320185614849188,0.9832402234636871,0.09815950920245399,0.8183198380566802,0.2482598607888631,1647.0,7642.691415313226,False,0.8510928961748634,2155,LIVE
0.012252829880230366,176,1616,3,360,1792,0.831554524361949,0.9832402234636871,0.09821428571428571,0.8178137651821862,0.24872389791183294,1646.0,7638.051044083527,False,0.8510928961748634,2155,LIVE
0.012253007224397518,176,1615,3,361,1791,0.8310904872389792,0.9832402234636871,0.09826912339475154,0.8173076923076923,0.24918793503480277,1645.0,7633.410672853829,False,0.8497267759562842,2155,LIVE
0.012259662536428639,176,1614,3,362,1790,0.8306264501160093,0.9832402234636871,0.09832402234636871,0.8168016194331984,0.24965197215777263,1644.0,7628.77030162413,False,0.8483606557377049,2155,LIVE
0.012282211563474,176,1613,3,363,1789,0.8301624129930394,0.9832402234636871,0.09837898267188373,0.8162955465587044,0.25011600928074246,1643.0,7624.129930394432,False,0.8483606557377049,2155,LIVE
0.01228544577213509,176,1612,3,364,1788,0.8296983758700696,0.9832402234636871,0.09843400447427293,0.8157894736842105,0.2505800464037123,1642.0,7619.489559164733,False,0.8483606557377049,2155,LIVE
0.012348705815506693,176,1611,3,365,1787,0.8292343387470997,0.9832402234636871,0.09848908785674315,0.8152834008097166,0.2510440835266821,1641.0,7614.849187935034,False,0.8469945355191257,2155,LIVE
0.012361501860672594,176,1610,3,366,1786,0.8287703016241299,0.9832402234636871,0.09854423292273236,0.8147773279352226,0.25150812064965195,1640.0,7610.208816705336,False,0.8469945355191257,2155,LIVE
0.012363481890803222,176,1609,3,367,1785,0.8283062645011601,0.9832402234636871,0.09859943977591036,0.8142712550607287,0.25197215777262183,1639.0,7605.568445475637,False,0.8469945355191257,2155,LIVE
0.012412959046023382,176,1608,3,368,1784,0.8278422273781902,0.9832402234636871,0.09865470852017937,0.8137651821862348,0.25243619489559166,1638.0,7600.92807424594,False,0.8456284153005464,2155,LIVE
0.012425238654755429,176,1607,3,369,1783,0.8273781902552204,0.9832402234636871,0.09871003925967471,0.8132591093117408,0.2529002320185615,1637.0,7596.287703016241,False,0.8456284153005464,2155,LIVE
0.01243485088409548,176,1606,3,370,1782,0.8269141531322506,0.9832402234636871,0.09876543209876543,0.812753036437247,0.2533642691415313,1636.0,7591.647331786543,False,0.8456284153005464,2155,LIVE
0.012436195311955913,176,1605,3,371,1781,0.8264501160092808,0.9832402234636871,0.09882088714205503,0.812246963562753,0.25382830626450115,1635.0,7587.006960556844,False,0.8442622950819673,2155,LIVE
0.012473070936941591,176,1604,3,372,1780,0.8259860788863109,0.9832402234636871,0.09887640449438202,0.8117408906882592,0.254292343387471,1634.0,7582.366589327146,False,0.8442622950819673,2155,LIVE
0.012482496658727365,176,1603,3,373,1779,0.8255220417633411,0.9832402234636871,0.09893198426082069,0.8112348178137652,0.25475638051044086,1633.0,7577.7262180974485,False,0.842896174863388,2155,LIVE
0.012486792094434738,176,1602,3,374,1778,0.8250580046403713,0.9832402234636871,0.09898762654668167,0.8107287449392713,0.2552204176334107,1632.0,7573.08584686775,False,0.842896174863388,2155,LIVE
0.012507652764554855,176,1601,3,375,1777,0.8245939675174014,0.9832402234636871,0.09904333145751266,0.8102226720647774,0.2556844547563805,1631.0,7568.445475638052,False,0.842896174863388,2155,LIVE
0.012519174437493365,176,1600,3,376,1776,0.8241299303944316,0.9832402234636871,0.0990990990990991,0.8097165991902834,0.25614849187935035,1630.0,7563.805104408353,False,0.842896174863388,2155,LIVE
0.012530048859864477,176,1599,3,377,1775,0.8236658932714617,0.9832402234636871,0.09915492957746479,0.8092105263157895,0.2566125290023202,1629.0,7559.1647331786535,False,0.8415300546448088,2155,LIVE
0.01253226764090669,176,1598,3,378,1774,0.8232018561484918,0.9832402234636871,0.0992108229988726,0.8087044534412956,0.25707656612529,1628.0,7554.524361948956,False,0.8415300546448088,2155,LIVE
0.012594589683879711,176,1597,3,379,1773,0.822737819025522,0.9832402234636871,0.09926677946982515,0.8081983805668016,0.25754060324825984,1627.0,7549.883990719257,False,0.8415300546448088,2155,LIVE
0.012636358000872351,176,1596,3,380,1772,0.8222737819025522,0.9832402234636871,0.09932279909706546,0.8076923076923077,0.2580046403712297,1626.0,7545.243619489559,False,0.8401639344262295,2155,LIVE
0.012644408147009813,176,1595,3,381,1771,0.8218097447795824,0.9832402234636871,0.09937888198757763,0.8071862348178138,0.25846867749419955,1625.0,7540.60324825986,False,0.8401639344262295,2155,LIVE
0.012669713467031727,176,1594,3,382,1770,0.8213457076566125,0.9832402234636871,0.09943502824858758,0.8066801619433198,0.2589327146171694,1624.0,7535.962877030162,False,0.8401639344262295,2155,LIVE
0.012695774274296207,176,1593,3,383,1769,0.8208816705336427,0.9832402234636871,0.0994912379875636,0.8061740890688259,0.2593967517401392,1623.0,7531.322505800464,False,0.8401639344262295,2155,LIVE
0.012695921633100949,176,1592,3,384,1768,0.8204176334106729,0.9832402234636871,0.09954751131221719,0.805668016194332,0.25986078886310904,1622.0,7526.682134570766,False,0.8401639344262295,2155,LIVE
0.012715038305769574,176,1591,3,385,1767,0.819953596287703,0.9832402234636871,0.09960384833050367,0.805161943319838,0.26032482598607887,1621.0,7522.041763341067,False,0.8401639344262295,2155,LIVE
0.012745881539723685,176,1590,3,386,1766,0.8194895591647332,0.9832402234636871,0.09966024915062288,0.8046558704453441,0.2607888631090487,1620.0,7517.401392111369,False,0.8401639344262295,2155,LIVE
0.012766535777942642,176,1589,3,387,1765,0.8190255220417634,0.9832402234636871,0.09971671388101983,0.8041497975708503,0.2612529002320186,1619.0,7512.76102088167,False,0.8401639344262295,2155,LIVE
0.012776957208253076,176,1588,3,388,1764,0.8185614849187935,0.9832402234636871,0.09977324263038549,0.8036437246963563,0.2617169373549884,1618.0,7508.120649651973,False,0.8387978142076503,2155,LIVE
0.012829518497070178,176,1587,3,389,1763,0.8180974477958237,0.9832402234636871,0.09982983550765741,0.8031376518218624,0.26218097447795824,1617.0,7503.480278422274,False,0.8387978142076503,2155,LIVE
0.012832220480368112,176,1586,3,390,1762,0.8176334106728538,0.9832402234636871,0.09988649262202043,0.8026315789473685,0.26264501160092807,1616.0,7498.839907192575,False,0.8387978142076503,2155,LIVE
0.012844403937858703,176,1585,3,391,1761,0.817169373549884,0.9832402234636871,0.09994321408290743,0.8021255060728745,0.2631090487238979,1615.0,7494.199535962876,False,0.837431693989071,2155,LIVE
0.012879726031399962,176,1584,3,392,1760,0.8167053364269141,0.9832402234636871,0.1,0.8016194331983806,0.2635730858468677,1614.0,7489.5591647331785,False,0.8360655737704918,2155,LIVE
0.012880895216323815,176,1583,3,393,1759,0.8162412993039443,0.9832402234636871,0.10005685048322911,0.8011133603238867,0.2640371229698376,1613.0,7484.91879350348,False,0.8346994535519126,2155,LIVE
0.012922379345731405,176,1582,3,394,1758,0.8157772621809745,0.9832402234636871,0.10011376564277588,0.8006072874493927,0.26450116009280744,1612.0,7480.278422273782,False,0.8333333333333334,2155,LIVE
0.0129447181656366,176,1581,3,395,1757,0.8153132250580046,0.9832402234636871,0.10017074558907228,0.8001012145748988,0.26496519721577727,1611.0,7475.638051044083,False,0.8319672131147541,2155,LIVE
0.012964992127636623,176,1580,3,396,1756,0.8148491879350348,0.9832402234636871,0.10022779043280182,0.7995951417004049,0.2654292343387471,1610.0,7470.997679814385,False,0.8306010928961749,2155,LIVE
0.012965212683954761,176,1579,3,397,1755,0.814385150812065,0.9832402234636871,0.10028490028490028,0.7990890688259109,0.26589327146171693,1609.0,7466.3573085846865,False,0.8306010928961749,2155,LIVE
0.013002637575166627,176,1578,3,398,1754,0.8139211136890951,0.9832402234636871,0.10034207525655645,0.798582995951417,0.26635730858468676,1608.0,7461.716937354989,False,0.8306010928961749,2155,LIVE
0.013030247746387898,176,1577,3,399,1753,0.8134570765661253,0.9832402234636871,0.10039931545921278,0.7980769230769231,0.2668213457076566,1607.0,7457.07656612529,False,0.8292349726775956,2155,LIVE
0.013039122594218066,175,1577,4,399,1752,0.8129930394431555,0.9776536312849162,0.09988584474885845,0.7980769230769231,0.26635730858468676,1617.0,7503.480278422274,False,0.8278688524590164,2155,LIVE
0.013042729154319324,175,1576,4,400,1751,0.8125290023201857,0.9776536312849162,0.09994288977727013,0.7975708502024291,0.2668213457076566,1616.0,7498.839907192575,False,0.8265027322404371,2155,LIVE
0.013174697049850375,175,1575,4,401,1750,0.8120649651972158,0.9776536312849162,0.1,0.7970647773279352,0.2672853828306265,1615.0,7494.199535962876,False,0.8265027322404371,2155,LIVE
0.013181549171285993,175,1574,4,402,1749,0.8116009280742459,0.9776536312849162,0.10005717552887364,0.7965587044534413,0.2677494199535963,1614.0,7489.5591647331785,False,0.8265027322404371,2155,LIVE
0.013186581987931387,175,1573,4,403,1748,0.8111368909512761,0.9776536312849162,0.10011441647597254,0.7960526315789473,0.26821345707656613,1613.0,7484.91879350348,False,0.8265027322404371,2155,LIVE
0.013232000228419246,175,1572,4,404,1747,0.8106728538283062,0.9776536312849162,0.1001717229536348,0.7955465587044535,0.26867749419953596,1612.0,7480.278422273782,False,0.8265027322404371,2155,LIVE
0.013302691410059523,175,1571,4,405,1746,0.8102088167053364,0.9776536312849162,0.1002290950744559,0.7950404858299596,0.2691415313225058,1611.0,7475.638051044083,False,0.8265027322404371,2155,LIVE
0.013305291790125564,175,1570,4,406,1745,0.8097447795823666,0.9776536312849162,0.10028653295128939,0.7945344129554656,0.2696055684454756,1610.0,7470.997679814385,False,0.8265027322404371,2155,LIVE
0.013322741926648065,175,1569,4,407,1744,0.8092807424593967,0.9776536312849162,0.1003440366972477,0.7940283400809717,0.2700696055684455,1609.0,7466.3573085846865,False,0.825136612021858,2155,LIVE
0.013366582150586993,175,1568,4,408,1743,0.8088167053364269,0.9776536312849162,0.10040160642570281,0.7935222672064778,0.27053364269141533,1608.0,7461.716937354989,False,0.825136612021858,2155,LIVE
0.013400070600920492,175,1567,4,409,1742,0.8083526682134571,0.9776536312849162,0.10045924225028703,0.7930161943319838,0.27099767981438516,1607.0,7457.07656612529,False,0.8237704918032787,2155,LIVE
0.013433601850877368,175,1566,4,410,1741,0.8078886310904873,0.9776536312849162,0.10051694428489374,0.7925101214574899,0.271461716937355,1606.0,7452.436194895592,False,0.8237704918032787,2155,LIVE
0.013450193335160137,175,1565,4,411,1740,0.8074245939675174,0.9776536312849162,0.10057471264367816,0.792004048582996,0.2719257540603248,1605.0,7447.795823665893,False,0.8224043715846995,2155,LIVE
0.013485918897644266,175,1564,4,412,1739,0.8069605568445476,0.9776536312849162,0.10063254744105808,0.791497975708502,0.27238979118329465,1604.0,7443.155452436195,False,0.8210382513661202,2155,LIVE
0.01350505533231739,175,1563,4,413,1738,0.8064965197215778,0.9776536312849162,0.10069044879171461,0.7909919028340081,0.2728538283062645,1603.0,7438.515081206497,False,0.819672131147541,2155,LIVE
0.013509737513459998,175,1562,4,414,1737,0.8060324825986079,0.9776536312849162,0.10074841681059298,0.7904858299595142,0.27331786542923436,1602.0,7433.874709976798,False,0.819672131147541,2155,LIVE
0.013563349062705923,175,1561,4,415,1736,0.8055684454756381,0.9776536312849162,0.10080645161290322,0.7899797570850202,0.2737819025522042,1601.0,7429.234338747099,False,0.819672131147541,2155,LIVE
0.013570811430685408,175,1560,4,416,1735,0.8051044083526682,0.9776536312849162,0.10086455331412104,0.7894736842105263,0.274245939675174,1600.0,7424.593967517401,False,0.8183060109289617,2155,LIVE
0.013579695085316722,175,1559,4,417,1734,0.8046403712296983,0.9776536312849162,0.10092272202998846,0.7889676113360324,0.27470997679814385,1599.0,7419.953596287703,False,0.8169398907103825,2155,LIVE
0.013588596755688836,175,1558,4,418,1733,0.8041763341067285,0.9776536312849162,0.10098095787651472,0.7884615384615384,0.2751740139211137,1598.0,7415.313225058005,False,0.8169398907103825,2155,LIVE
0.013633665939611267,175,1557,4,419,1732,0.8037122969837587,0.9776536312849162,0.10103926096997691,0.7879554655870445,0.2756380510440835,1597.0,7410.672853828306,False,0.8169398907103825,2155,LIVE
0.013649118171786238,175,1556,4,420,1731,0.8032482598607888,0.9776536312849162,0.10109763142692085,0.7874493927125507,0.27610208816705334,1596.0,7406.032482598608,False,0.8169398907103825,2155,LIVE
0.013651484964828287,175,1555,4,421,1730,0.802784222737819,0.9776536312849162,0.10115606936416185,0.7869433198380567,0.2765661252900232,1595.0,7401.392111368909,False,0.8155737704918032,2155,LIVE
0.013665731012746688,175,1554,4,422,1729,0.8023201856148492,0.9776536312849162,0.10121457489878542,0.7864372469635628,0.27703016241299305,1594.0,7396.7517401392115,False,0.8155737704918032,2155,LIVE
0.013670456260936497,175,1553,4,423,1728,0.8018561484918794,0.9776536312849162,0.10127314814814815,0.7859311740890689,0.2774941995359629,1593.0,7392.111368909513,False,0.8155737704918032,2155,LIVE
0.013683307001567281,175,1552,4,424,1727,0.8013921113689095,0.9776536312849162,0.1013317892298784,0.7854251012145749,0.2779582366589327,1592.0,7387.470997679815,False,0.8155737704918032,2155,LIVE
0.013702148825598438,175,1551,4,425,1726,0.8009280742459397,0.9776536312849162,0.10139049826187717,0.784919028340081,0.27842227378190254,1591.0,7382.830626450116,False,0.8155737704918032,2155,LIVE
0.013757109421887978,175,1550,4,426,1725,0.8004640371229699,0.9776536312849162,0.10144927536231885,0.7844129554655871,0.27888631090487237,1590.0,7378.190255220418,False,0.8155737704918032,2155,LIVE
0.013762491102102547,175,1549,4,427,1724,0.8,0.9776536312849162,0.10150812064965198,0.7839068825910931,0.27935034802784225,1589.0,7373.549883990719,False,0.8155737704918032,2155,LIVE
0.013814088591860299,175,1548,4,428,1723,0.7995359628770302,0.9776536312849162,0.10156703424260012,0.7834008097165992,0.2798143851508121,1588.0,7368.909512761021,False,0.8142076502732241,2155,LIVE
0.01383662422460855,175,1547,4,429,1722,0.7990719257540603,0.9776536312849162,0.1016260162601626,0.7828947368421053,0.2802784222737819,1587.0,7364.269141531322,False,0.8142076502732241,2155,LIVE
0.013846016084952723,175,1546,4,430,1721,0.7986078886310904,0.9776536312849162,0.10168506682161534,0.7823886639676113,0.28074245939675174,1586.0,7359.628770301624,False,0.8142076502732241,2155,LIVE
0.01385286881838022,175,1545,4,431,1720,0.7981438515081206,0.9776536312849162,0.10174418604651163,0.7818825910931174,0.28120649651972157,1585.0,7354.988399071925,False,0.8142076502732241,2155,LIVE
0.013881531849669433,175,1544,4,432,1719,0.7976798143851508,0.9776536312849162,0.10180337405468295,0.7813765182186235,0.2816705336426914,1584.0,7350.348027842228,False,0.8128415300546448,2155,LIVE
0.013891943266390875,175,1543,4,433,1718,0.797215777262181,0.9776536312849162,0.10186263096623982,0.7808704453441295,0.28213457076566123,1583.0,7345.707656612529,False,0.8128415300546448,2155,LIVE
0.013907799469135177,175,1542,4,434,1717,0.7967517401392111,0.9776536312849162,0.1019219569015725,0.7803643724696356,0.2825986078886311,1582.0,7341.067285382831,False,0.8128415300546448,2155,LIVE
0.013923382455975408,175,1541,4,435,1716,0.7962877030162413,0.9776536312849162,0.10198135198135198,0.7798582995951417,0.28306264501160094,1581.0,7336.426914153132,False,0.8114754098360656,2155,LIVE
0.013973937589862675,175,1540,4,436,1715,0.7958236658932715,0.9776536312849162,0.10204081632653061,0.7793522267206477,0.2835266821345708,1580.0,7331.786542923434,False,0.8114754098360656,2155,LIVE
0.01408975174300796,175,1539,4,437,1714,0.7953596287703016,0.9776536312849162,0.10210035005834306,0.7788461538461539,0.2839907192575406,1579.0,7327.146171693736,False,0.8101092896174863,2155,LIVE
0.014096476267350017,175,1538,4,438,1713,0.7948955916473318,0.9776536312849162,0.10215995329830706,0.77834008097166,0.28445475638051043,1578.0,7322.505800464038,False,0.8087431693989071,2155,LIVE
0.014102304266610785,175,1537,4,439,1712,0.794431554524362,0.9776536312849162,0.1022196261682243,0.777834008097166,0.28491879350348026,1577.0,7317.865429234339,False,0.8087431693989071,2155,LIVE
0.014107391866719917,175,1536,4,440,1711,0.7939675174013922,0.9776536312849162,0.10227936879018118,0.7773279352226721,0.2853828306264501,1576.0,7313.22505800464,False,0.8073770491803278,2155,LIVE
0.014156266004616582,175,1535,4,441,1710,0.7935034802784223,0.9776536312849162,0.1023391812865497,0.7768218623481782,0.28584686774942,1575.0,7308.5846867749415,False,0.8073770491803278,2155,LIVE
0.014174709679387752,175,1534,4,442,1709,0.7930394431554524,0.9776536312849162,0.1023990637799883,0.7763157894736842,0.2863109048723898,1574.0,7303.944315545244,False,0.8060109289617486,2155,LIVE
0.014199488968162085,175,1533,4,443,1708,0.7925754060324826,0.9776536312849162,0.10245901639344263,0.7758097165991903,0.28677494199535963,1573.0,7299.303944315545,False,0.8046448087431693,2155,LIVE
0.014199536235927634,175,1532,4,444,1707,0.7921113689095127,0.9776536312849162,0.10251903925014645,0.7753036437246964,0.28723897911832946,1572.0,7294.663573085847,False,0.8046448087431693,2155,LIVE
0.0142435584094337,175,1531,4,445,1706,0.7916473317865429,0.9776536312849162,0.1025791324736225,0.7747975708502024,0.2877030162412993,1571.0,7290.023201856148,False,0.8046448087431693,2155,LIVE
0.01424441699577792,175,1530,4,446,1705,0.7911832946635731,0.9776536312849162,0.10263929618768329,0.7742914979757085,0.2881670533642691,1570.0,7285.38283062645,False,0.8046448087431693,2155,LIVE
0.014360951618231553,175,1529,4,447,1704,0.7907192575406032,0.9776536312849162,0.10269953051643192,0.7737854251012146,0.288631090487239,1569.0,7280.742459396752,False,0.8032786885245902,2155,LIVE
0.01440197859144346,175,1528,4,448,1703,0.7902552204176334,0.9776536312849162,0.10275983558426306,0.7732793522267206,0.28909512761020884,1568.0,7276.102088167054,False,0.8032786885245902,2155,LIVE
0.014428615805225748,175,1527,4,449,1702,0.7897911832946636,0.9776536312849162,0.1028202115158637,0.7727732793522267,0.28955916473317866,1567.0,7271.461716937355,False,0.8019125683060109,2155,LIVE
0.014461509631704,175,1526,4,450,1701,0.7893271461716937,0.9776536312849162,0.102880658436214,0.7722672064777328,0.2900232018561485,1566.0,7266.821345707657,False,0.8019125683060109,2155,LIVE
0.014470733706568435,175,1525,4,451,1700,0.7888631090487239,0.9776536312849162,0.10294117647058823,0.7717611336032388,0.2904872389791183,1565.0,7262.180974477958,False,0.8019125683060109,2155,LIVE
0.014545017495837396,175,1524,4,452,1699,0.7883990719257541,0.9776536312849162,0.10300176574455562,0.771255060728745,0.29095127610208815,1564.0,7257.540603248261,False,0.8019125683060109,2155,LIVE
0.014552161069533703,175,1523,4,453,1698,0.7879350348027843,0.9776536312849162,0.10306242638398115,0.770748987854251,0.291415313225058,1563.0,7252.900232018561,False,0.8005464480874317,2155,LIVE
0.01457839655432369,175,1522,4,454,1697,0.7874709976798144,0.9776536312849162,0.10312315851502651,0.770242914979757,0.29187935034802787,1562.0,7248.259860788863,False,0.8005464480874317,2155,LIVE
0.01460580427413331,175,1521,4,455,1696,0.7870069605568445,0.9776536312849162,0.10318396226415094,0.7697368421052632,0.2923433874709977,1561.0,7243.619489559164,False,0.8005464480874317,2155,LIVE
0.01462632845634502,175,1520,4,456,1695,0.7865429234338747,0.9776536312849162,0.10324483775811209,0.7692307692307693,0.2928074245939675,1560.0,7238.9791183294665,False,0.8005464480874317,2155,LIVE
0.014628685517407609,175,1519,4,457,1694,0.7860788863109048,0.9776536312849162,0.10330578512396695,0.7687246963562753,0.29327146171693735,1559.0,7234.338747099768,False,0.8005464480874317,2155,LIVE
0.014664817894303891,175,1518,4,458,1693,0.785614849187935,0.9776536312849162,0.10336680448907265,0.7682186234817814,0.2937354988399072,1558.0,7229.69837587007,False,0.8005464480874317,2155,LIVE
0.014685717976979607,175,1517,4,459,1692,0.7851508120649652,0.9776536312849162,0.10342789598108747,0.7677125506072875,0.294199535962877,1557.0,7225.058004640371,False,0.8005464480874317,2155,LIVE
0.014694314612642418,174,1517,5,459,1691,0.7846867749419953,0.9720670391061452,0.1028976936723832,0.7677125506072875,0.2937354988399072,1567.0,7271.461716937355,False,0.7991803278688525,2155,LIVE
0.014731289008211036,174,1516,5,460,1690,0.7842227378190255,0.9720670391061452,0.10295857988165681,0.7672064777327935,0.294199535962877,1566.0,7266.821345707657,False,0.7978142076502732,2155,LIVE
0.01476307950728911,174,1515,5,461,1689,0.7837587006960557,0.9720670391061452,0.10301953818827708,0.7667004048582996,0.29466357308584684,1565.0,7262.180974477958,False,0.7978142076502732,2155,LIVE
0.014804132219897837,174,1514,5,462,1688,0.7832946635730859,0.9720670391061452,0.10308056872037914,0.7661943319838057,0.2951276102088167,1564.0,7257.540603248261,False,0.7978142076502732,2155,LIVE
0.014809091801731237,174,1513,5,463,1687,0.782830626450116,0.9720670391061452,0.10314167160640189,0.7656882591093117,0.29559164733178656,1563.0,7252.900232018561,False,0.7978142076502732,2155,LIVE
0.014909036888530394,174,1512,5,464,1686,0.7823665893271462,0.9720670391061452,0.10320284697508897,0.7651821862348178,0.2960556844547564,1562.0,7248.259860788863,False,0.7978142076502732,2155,LIVE
0.015016056548096223,174,1511,5,465,1685,0.7819025522041764,0.9720670391061452,0.10326409495548962,0.7646761133603239,0.2965197215777262,1561.0,7243.619489559164,False,0.7978142076502732,2155,LIVE
0.015047523772144366,174,1510,5,466,1684,0.7814385150812065,0.9720670391061452,0.10332541567695962,0.7641700404858299,0.29698375870069604,1560.0,7238.9791183294665,False,0.7978142076502732,2155,LIVE
0.01509875511935587,174,1509,5,467,1683,0.7809744779582367,0.9720670391061452,0.10338680926916222,0.763663967611336,0.2974477958236659,1559.0,7234.338747099768,False,0.7978142076502732,2155,LIVE
0.015137586648250372,174,1508,5,468,1682,0.7805104408352668,0.9720670391061452,0.10344827586206896,0.7631578947368421,0.29791183294663576,1558.0,7229.69837587007,False,0.7978142076502732,2155,LIVE
0.015186017999084587,174,1507,5,469,1681,0.7800464037122969,0.9720670391061452,0.10350981558596074,0.7626518218623481,0.2983758700696056,1557.0,7225.058004640371,False,0.796448087431694,2155,LIVE
0.015203373561905353,174,1506,5,470,1680,0.7795823665893271,0.9720670391061452,0.10357142857142858,0.7621457489878543,0.2988399071925754,1556.0,7220.417633410673,False,0.796448087431694,2155,LIVE
0.015231821505121689,174,1505,5,471,1679,0.7791183294663573,0.9720670391061452,0.10363311494937463,0.7616396761133604,0.29930394431554525,1555.0,7215.7772621809745,False,0.7950819672131147,2155,LIVE
0.015256445904387936,174,1504,5,472,1678,0.7786542923433875,0.9720670391061452,0.10369487485101311,0.7611336032388664,0.2997679814385151,1554.0,7211.136890951277,False,0.7950819672131147,2155,LIVE
0.015308811362168776,174,1503,5,473,1677,0.7781902552204176,0.9720670391061452,0.1037567084078712,0.7606275303643725,0.3002320185614849,1553.0,7206.496519721578,False,0.7950819672131147,2155,LIVE
0.015335353258379309,174,1502,5,474,1676,0.7777262180974478,0.9720670391061452,0.10381861575178998,0.7601214574898786,0.30069605568445473,1552.0,7201.85614849188,False,0.7950819672131147,2155,LIVE
0.01536256861846947,174,1501,5,475,1675,0.777262180974478,0.9720670391061452,0.10388059701492537,0.7596153846153846,0.3011600928074246,1551.0,7197.215777262181,False,0.7950819672131147,2155,LIVE
0.015428020721436756,174,1500,5,476,1674,0.7767981438515081,0.9720670391061452,0.1039426523297491,0.7591093117408907,0.30162412993039445,1550.0,7192.575406032483,False,0.7950819672131147,2155,LIVE
0.015459454369431169,174,1499,5,477,1673,0.7763341067285383,0.9720670391061452,0.10400478182904961,0.7586032388663968,0.3020881670533643,1549.0,7187.935034802784,False,0.7950819672131147,2155,LIVE
0.015463961988059176,174,1498,5,478,1672,0.7758700696055685,0.9720670391061452,0.10406698564593302,0.7580971659919028,0.3025522041763341,1548.0,7183.294663573085,False,0.7950819672131147,2155,LIVE
0.015524207012291336,174,1497,5,479,1671,0.7754060324825987,0.9720670391061452,0.10412926391382406,0.7575910931174089,0.30301624129930393,1547.0,7178.654292343387,False,0.7937158469945356,2155,LIVE
0.015583654903386538,174,1496,5,480,1670,0.7749419953596288,0.9720670391061452,0.10419161676646707,0.757085020242915,0.30348027842227376,1546.0,7174.013921113688,False,0.7937158469945356,2155,LIVE
0.01566318673860381,174,1495,5,481,1669,0.7744779582366589,0.9720670391061452,0.1042540443379269,0.756578947368421,0.3039443155452436,1545.0,7169.373549883991,False,0.7937158469945356,2155,LIVE
0.015741805768461785,174,1494,5,482,1668,0.774013921113689,0.9720670391061452,0.10431654676258993,0.7560728744939271,0.3044083526682135,1544.0,7164.733178654293,False,0.7937158469945356,2155,LIVE
0.01574382113568431,174,1493,5,483,1667,0.7735498839907192,0.9720670391061452,0.10437912417516497,0.7555668016194332,0.3048723897911833,1543.0,7160.092807424594,False,0.7937158469945356,2155,LIVE
0.015745425581859186,174,1492,5,484,1666,0.7730858468677494,0.9720670391061452,0.10444177671068428,0.7550607287449392,0.30533642691415314,1542.0,7155.452436194896,False,0.7937158469945356,2155,LIVE
0.015765182316828448,174,1491,5,485,1665,0.7726218097447796,0.9720670391061452,0.1045045045045045,0.7545546558704453,0.30580046403712297,1541.0,7150.812064965197,False,0.7937158469945356,2155,LIVE
0.0157727534005358,174,1490,5,486,1664,0.7721577726218097,0.9720670391061452,0.1045673076923077,0.7540485829959515,0.3062645011600928,1540.0,7146.1716937354995,False,0.7937158469945356,2155,LIVE
0.01578400638980089,174,1489,5,487,1663,0.7716937354988399,0.9720670391061452,0.10463018641010223,0.7535425101214575,0.3067285382830626,1539.0,7141.531322505801,False,0.7937158469945356,2155,LIVE
0.01578683732520391,174,1488,5,488,1662,0.7712296983758701,0.9720670391061452,0.10469314079422383,0.7530364372469636,0.3071925754060325,1538.0,7136.890951276103,False,0.7937158469945356,2155,LIVE
0.01582287644163261,174,1487,5,489,1661,0.7707656612529002,0.9720670391061452,0.10475617098133655,0.7525303643724697,0.30765661252900234,1537.0,7132.250580046404,False,0.7937158469945356,2155,LIVE
0.0158236038049048,174,1486,5,490,1660,0.7703016241299304,0.9720670391061452,0.10481927710843374,0.7520242914979757,0.30812064965197217,1536.0,7127.6102088167045,False,0.7923497267759563,2155,LIVE
0.01588319255864505,174,1485,5,491,1659,0.7698375870069606,0.9720670391061452,0.10488245931283906,0.7515182186234818,0.308584686774942,1535.0,7122.969837587007,False,0.7909836065573771,2155,LIVE
0.015887932011230673,174,1484,5,492,1658,0.7693735498839908,0.9720670391061452,0.10494571773220748,0.7510121457489879,0.3090487238979118,1534.0,7118.329466357308,False,0.7896174863387978,2155,LIVE
0.015923846076669516,174,1483,5,493,1657,0.7689095127610209,0.9720670391061452,0.10500905250452625,0.7505060728744939,0.30951276102088165,1533.0,7113.68909512761,False,0.7896174863387978,2155,LIVE
0.015988593994406046,174,1482,5,494,1656,0.768445475638051,0.9720670391061452,0.10507246376811594,0.75,0.3099767981438515,1532.0,7109.048723897911,False,0.7896174863387978,2155,LIVE
0.016009719270780667,174,1481,5,495,1655,0.7679814385150812,0.9720670391061452,0.10513595166163142,0.7494939271255061,0.31044083526682137,1531.0,7104.408352668213,False,0.7896174863387978,2155,LIVE
0.016074759916635598,174,1480,5,496,1654,0.7675174013921113,0.9720670391061452,0.10519951632406288,0.7489878542510121,0.3109048723897912,1530.0,7099.767981438515,False,0.7896174863387978,2155,LIVE
0.01618484943998095,174,1479,5,497,1653,0.7670533642691415,0.9720670391061452,0.10526315789473684,0.7484817813765182,0.311368909512761,1529.0,7095.127610208817,False,0.7882513661202186,2155,LIVE
0.0161926295391698,174,1478,5,498,1652,0.7665893271461717,0.9720670391061452,0.1053268765133172,0.7479757085020243,0.31183294663573086,1528.0,7090.487238979118,False,0.7882513661202186,2155,LIVE
0.016197593459773917,174,1477,5,499,1651,0.7661252900232018,0.9720670391061452,0.10539067231980617,0.7474696356275303,0.3122969837587007,1527.0,7085.84686774942,False,0.7882513661202186,2155,LIVE
0.0162028457446475,174,1476,5,500,1650,0.765661252900232,0.9720670391061452,0.10545454545454545,0.7469635627530364,0.3127610208816705,1526.0,7081.206496519721,False,0.7882513661202186,2155,LIVE
0.016204977573456167,174,1475,5,501,1649,0.7651972157772622,0.9720670391061452,0.1055184960582171,0.7464574898785425,0.31322505800464034,1525.0,7076.566125290024,False,0.7868852459016393,2155,LIVE
0.016328316804791142,174,1474,5,502,1648,0.7647331786542924,0.9720670391061452,0.10558252427184465,0.7459514170040485,0.31368909512761023,1524.0,7071.925754060326,False,0.7868852459016393,2155,LIVE
0.016336962174618237,174,1473,5,503,1647,0.7642691415313225,0.9720670391061452,0.10564663023679417,0.7454453441295547,0.31415313225058006,1523.0,7067.285382830626,False,0.7855191256830601,2155,LIVE
0.016413666321039806,174,1472,5,504,1646,0.7638051044083527,0.9720670391061452,0.10571081409477522,0.7449392712550608,0.3146171693735499,1522.0,7062.645011600927,False,0.7841530054644809,2155,LIVE
0.01643683469630753,174,1471,5,505,1645,0.7633410672853829,0.9720670391061452,0.10577507598784194,0.7444331983805668,0.3150812064965197,1521.0,7058.0046403712295,False,0.7827868852459017,2155,LIVE
0.016439617065621217,174,1470,5,506,1644,0.762877030162413,0.9720670391061452,0.10583941605839416,0.7439271255060729,0.31554524361948955,1520.0,7053.364269141531,False,0.7827868852459017,2155,LIVE
0.016447089118471796,174,1469,5,507,1643,0.7624129930394432,0.9720670391061452,0.10590383444917834,0.743421052631579,0.3160092807424594,1519.0,7048.723897911833,False,0.7814207650273224,2155,LIVE
0.016467882278777064,174,1468,5,508,1642,0.7619489559164733,0.9720670391061452,0.10596833130328867,0.742914979757085,0.31647331786542926,1518.0,7044.083526682134,False,0.7814207650273224,2155,LIVE
0.01650397741405411,174,1467,5,509,1641,0.7614849187935034,0.9720670391061452,0.10603290676416818,0.7424089068825911,0.3169373549883991,1517.0,7039.443155452436,False,0.7814207650273224,2155,LIVE
0.01653924286919306,174,1466,5,510,1640,0.7610208816705336,0.9720670391061452,0.10609756097560975,0.7419028340080972,0.3174013921113689,1516.0,7034.8027842227375,False,0.7814207650273224,2155,LIVE
0.016546744829626227,174,1465,5,511,1639,0.7605568445475638,0.9720670391061452,0.10616229408175717,0.7413967611336032,0.31786542923433875,1515.0,7030.16241299304,False,0.7800546448087432,2155,LIVE
0.01656062934401798,174,1464,5,512,1638,0.760092807424594,0.9720670391061452,0.10622710622710622,0.7408906882591093,0.3183294663573086,1514.0,7025.522041763341,False,0.7786885245901639,2155,LIVE
0.01661324777082601,174,1463,5,513,1637,0.7596287703016241,0.9720670391061452,0.1062919975565058,0.7403846153846154,0.3187935034802784,1513.0,7020.881670533643,False,0.7773224043715847,2155,LIVE
0.01662105176300535,174,1462,5,514,1636,0.7591647331786543,0.9720670391061452,0.10635696821515893,0.7398785425101214,0.31925754060324824,1512.0,7016.241299303944,False,0.7773224043715847,2155,LIVE
0.016621278721383855,174,1461,5,515,1635,0.7587006960556845,0.9720670391061452,0.10642201834862386,0.7393724696356275,0.3197215777262181,1511.0,7011.600928074246,False,0.7773224043715847,2155,LIVE
0.016624449112516034,174,1460,5,516,1634,0.7582366589327146,0.9720670391061452,0.10648714810281518,0.7388663967611336,0.32018561484918795,1510.0,7006.960556844548,False,0.7773224043715847,2155,LIVE
0.016629654492990725,174,1459,5,517,1633,0.7577726218097448,0.9720670391061452,0.1065523576240049,0.7383603238866396,0.3206496519721578,1509.0,7002.320185614849,False,0.7773224043715847,2155,LIVE
0.016666995951418916,174,1458,5,518,1632,0.757308584686775,0.9720670391061452,0.10661764705882353,0.7378542510121457,0.3211136890951276,1508.0,6997.67981438515,False,0.7773224043715847,2155,LIVE
0.016674274172638868,174,1457,5,519,1631,0.7568445475638051,0.9720670391061452,0.10668301655426118,0.7373481781376519,0.32157772621809744,1507.0,6993.039443155452,False,0.7759562841530054,2155,LIVE
0.01668133608683325,174,1456,5,520,1630,0.7563805104408353,0.9720670391061452,0.1067484662576687,0.7368421052631579,0.32204176334106727,1506.0,6988.399071925754,False,0.7759562841530054,2155,LIVE
0.01670218595839162,174,1455,5,521,1629,0.7559164733178654,0.9720670391061452,0.10681399631675875,0.736336032388664,0.3225058004640371,1505.0,6983.758700696056,False,0.7759562841530054,2155,LIVE
0.016715097825008025,174,1454,5,522,1628,0.7554524361948955,0.9720670391061452,0.10687960687960688,0.7358299595141701,0.322969837587007,1504.0,6979.118329466357,False,0.7745901639344263,2155,LIVE
0.01673603146829855,174,1453,5,523,1627,0.7549883990719257,0.9720670391061452,0.10694529809465274,0.7353238866396761,0.3234338747099768,1503.0,6974.477958236659,False,0.7745901639344263,2155,LIVE
0.016764624788768733,174,1452,5,524,1626,0.7545243619489559,0.9720670391061452,0.1070110701107011,0.7348178137651822,0.32389791183294664,1502.0,6969.83758700696,False,0.7745901639344263,2155,LIVE
0.016786112907349503,174,1451,5,525,1625,0.7540603248259861,0.9720670391061452,0.10707692307692308,0.7343117408906883,0.32436194895591647,1501.0,6965.1972157772625,False,0.7745901639344263,2155,LIVE
0.01681218763560815,174,1450,5,526,1624,0.7535962877030162,0.9720670391061452,0.10714285714285714,0.7338056680161943,0.3248259860788863,1500.0,6960.556844547564,False,0.773224043715847,2155,LIVE
0.016846215328253682,174,1449,5,527,1623,0.7531322505800464,0.9720670391061452,0.10720887245841035,0.7332995951417004,0.3252900232018561,1499.0,6955.916473317866,False,0.7718579234972678,2155,LIVE
0.016851051298357737,174,1448,5,528,1622,0.7526682134570766,0.9720670391061452,0.10727496917385944,0.7327935222672065,0.325754060324826,1498.0,6951.276102088167,False,0.7718579234972678,2155,LIVE
0.016883214358793714,174,1447,5,529,1621,0.7522041763341067,0.9720670391061452,0.10734114743985194,0.7322874493927125,0.32621809744779584,1497.0,6946.635730858469,False,0.7704918032786885,2155,LIVE
0.016962538136473873,174,1446,5,530,1620,0.7517401392111369,0.9720670391061452,0.10740740740740741,0.7317813765182186,0.32668213457076567,1496.0,6941.99535962877,False,0.7704918032786885,2155,LIVE
0.016999442377492343,174,1445,5,531,1619,0.7512761020881671,0.9720670391061452,0.10747374922791847,0.7312753036437247,0.3271461716937355,1495.0,6937.354988399072,False,0.7691256830601093,2155,LIVE
0.017017699987719834,174,1444,5,532,1618,0.7508120649651973,0.9720670391061452,0.10754017305315204,0.7307692307692307,0.32761020881670533,1494.0,6932.714617169373,False,0.7691256830601093,2155,LIVE
0.017034468112164095,174,1443,5,533,1617,0.7503480278422274,0.9720670391061452,0.10760667903525047,0.7302631578947368,0.32807424593967516,1493.0,6928.074245939675,False,0.76775956284153,2155,LIVE
0.01708908911867214,174,1442,5,534,1616,0.7498839907192575,0.9720670391061452,0.10767326732673267,0.729757085020243,0.328538283062645,1492.0,6923.433874709976,False,0.76775956284153,2155,LIVE
0.017105381062944916,174,1441,5,535,1615,0.7494199535962877,0.9720670391061452,0.10773993808049535,0.729251012145749,0.32900232018561487,1491.0,6918.793503480279,False,0.76775956284153,2155,LIVE
0.01718257472997016,174,1440,5,536,1614,0.7489559164733178,0.9720670391061452,0.10780669144981413,0.728744939271255,0.3294663573085847,1490.0,6914.15313225058,False,0.7663934426229508,2155,LIVE
0.017196481958212426,174,1439,5,537,1613,0.748491879350348,0.9720670391061452,0.1078735275883447,0.7282388663967612,0.32993039443155453,1489.0,6909.512761020882,False,0.7663934426229508,2155,LIVE
0.017247753778875972,174,1438,5,538,1612,0.7480278422273782,0.9720670391061452,0.10794044665012408,0.7277327935222672,0.33039443155452436,1488.0,6904.872389791183,False,0.7650273224043715,2155,LIVE
0.017267539376293498,174,1437,5,539,1611,0.7475638051044083,0.9720670391061452,0.10800744878957169,0.7272267206477733,0.3308584686774942,1487.0,6900.232018561485,False,0.7650273224043715,2155,LIVE
0.017267584309442082,174,1436,5,540,1610,0.7470997679814385,0.9720670391061452,0.10807453416149068,0.7267206477732794,0.331322505800464,1486.0,6895.591647331787,False,0.7636612021857924,2155,LIVE
0.01728023662350061,174,1435,5,541,1609,0.7466357308584687,0.9720670391061452,0.10814170292106899,0.7262145748987854,0.33178654292343385,1485.0,6890.951276102089,False,0.7636612021857924,2155,LIVE
0.01728127100023159,174,1434,5,542,1608,0.7461716937354989,0.9720670391061452,0.10820895522388059,0.7257085020242915,0.33225058004640373,1484.0,6886.31090487239,False,0.7622950819672131,2155,LIVE
0.01729570995412385,174,1433,5,543,1607,0.745707656612529,0.9720670391061452,0.10827629122588675,0.7252024291497976,0.33271461716937356,1483.0,6881.670533642691,False,0.7609289617486339,2155,LIVE
0.017410998301584036,174,1432,5,544,1606,0.7452436194895592,0.9720670391061452,0.10834371108343711,0.7246963562753036,0.3331786542923434,1482.0,6877.0301624129925,False,0.7595628415300546,2155,LIVE
0.017418426179271407,173,1432,6,544,1605,0.7447795823665894,0.9664804469273743,0.10778816199376948,0.7246963562753036,0.33271461716937356,1492.0,6923.433874709976,False,0.7581967213114754,2155,LIVE
0.017434134027185494,173,1431,6,545,1604,0.7443155452436195,0.9664804469273743,0.10785536159600997,0.7241902834008097,0.3331786542923434,1491.0,6918.793503480279,False,0.7581967213114754,2155,LIVE
0.017477096246980267,173,1430,6,546,1603,0.7438515081206497,0.9664804469273743,0.10792264504054896,0.7236842105263158,0.3336426914153132,1490.0,6914.15313225058,False,0.7568306010928961,2155,LIVE
0.017506115711927013,173,1429,6,547,1602,0.7433874709976798,0.9664804469273743,0.10799001248439451,0.7231781376518218,0.33410672853828305,1489.0,6909.512761020882,False,0.7568306010928961,2155,LIVE
0.017527731355080154,173,1428,6,548,1601,0.7429234338747099,0.9664804469273743,0.1080574640849469,0.7226720647773279,0.3345707656612529,1488.0,6904.872389791183,False,0.755464480874317,2155,LIVE
0.017533426031649254,173,1427,6,549,1600,0.7424593967517401,0.9664804469273743,0.108125,0.722165991902834,0.33503480278422276,1487.0,6900.232018561485,False,0.755464480874317,2155,LIVE
0.01753392068807377,173,1426,6,550,1599,0.7419953596287703,0.9664804469273743,0.10819262038774234,0.72165991902834,0.3354988399071926,1486.0,6895.591647331787,False,0.755464480874317,2155,LIVE
0.017539284914929593,173,1425,6,551,1598,0.7415313225058004,0.9664804469273743,0.10826032540675845,0.7211538461538461,0.3359628770301624,1485.0,6890.951276102089,False,0.7540983606557377,2155,LIVE
0.017546904772919075,173,1424,6,552,1597,0.7410672853828306,0.9664804469273743,0.10832811521603006,0.7206477732793523,0.33642691415313225,1484.0,6886.31090487239,False,0.7527322404371585,2155,LIVE
0.0175578364762978,173,1423,6,553,1596,0.7406032482598608,0.9664804469273743,0.10839598997493734,0.7201417004048583,0.3368909512761021,1483.0,6881.670533642691,False,0.7527322404371585,2155,LIVE
0.017561392239225156,173,1422,6,554,1595,0.740139211136891,0.9664804469273743,0.10846394984326019,0.7196356275303644,0.3373549883990719,1482.0,6877.0301624129925,False,0.7527322404371585,2155,LIVE
0.01758373876531961,173,1421,6,555,1594,0.7396751740139211,0.9664804469273743,0.10853199498117942,0.7191295546558705,0.33781902552204174,1481.0,6872.389791183295,False,0.7527322404371585,2155,LIVE
0.01760178178793577,173,1420,6,556,1593,0.7392111368909513,0.9664804469273743,0.10860012554927809,0.7186234817813765,0.3382830626450116,1480.0,6867.749419953596,False,0.7527322404371585,2155,LIVE
0.017623748001106592,173,1419,6,557,1592,0.7387470997679815,0.9664804469273743,0.10866834170854271,0.7181174089068826,0.33874709976798145,1479.0,6863.109048723898,False,0.7527322404371585,2155,LIVE
0.017642994523540973,173,1418,6,558,1591,0.7382830626450116,0.9664804469273743,0.10873664362036455,0.7176113360323887,0.3392111368909513,1478.0,6858.468677494199,False,0.7527322404371585,2155,LIVE
0.01765211029772965,173,1417,6,559,1590,0.7378190255220418,0.9664804469273743,0.10880503144654088,0.7171052631578947,0.3396751740139211,1477.0,6853.828306264501,False,0.7527322404371585,2155,LIVE
0.0176584160176074,173,1416,6,560,1589,0.7373549883990719,0.9664804469273743,0.10887350534927627,0.7165991902834008,0.34013921113689094,1476.0,6849.187935034803,False,0.7527322404371585,2155,LIVE
0.01765962510715139,173,1415,6,561,1588,0.736890951276102,0.9664804469273743,0.10894206549118388,0.7160931174089069,0.34060324825986077,1475.0,6844.547563805105,False,0.7513661202185792,2155,LIVE
0.01769658017444753,173,1414,6,562,1587,0.7364269141531322,0.9664804469273743,0.1090107120352867,0.7155870445344129,0.34106728538283065,1474.0,6839.907192575406,False,0.75,2155,LIVE
0.017702969191611666,173,1413,6,563,1586,0.7359628770301624,0.9664804469273743,0.10907944514501891,0.715080971659919,0.3415313225058005,1473.0,6835.266821345708,False,0.75,2155,LIVE
0.017711211550810218,173,1412,6,564,1585,0.7354988399071926,0.9664804469273743,0.10914826498422713,0.7145748987854251,0.3419953596287703,1472.0,6830.626450116009,False,0.7486338797814208,2155,LIVE
0.017778712932246196,173,1411,6,565,1584,0.7350348027842227,0.9664804469273743,0.10921717171717171,0.7140688259109311,0.34245939675174014,1471.0,6825.986078886312,False,0.7486338797814208,2155,LIVE
0.017864555579193198,173,1410,6,566,1583,0.7345707656612529,0.9664804469273743,0.10928616550852811,0.7135627530364372,0.34292343387470997,1470.0,6821.345707656613,False,0.7486338797814208,2155,LIVE
0.017876494025236164,173,1409,6,567,1582,0.7341067285382831,0.9664804469273743,0.10935524652338811,0.7130566801619433,0.3433874709976798,1469.0,6816.705336426914,False,0.7472677595628415,2155,LIVE
0.01788016215465034,173,1408,6,568,1581,0.7336426914153132,0.9664804469273743,0.10942441492726122,0.7125506072874493,0.34385150812064963,1468.0,6812.064965197215,False,0.7472677595628415,2155,LIVE
0.017894365132684154,173,1407,6,569,1580,0.7331786542923434,0.9664804469273743,0.10949367088607595,0.7120445344129555,0.3443155452436195,1467.0,6807.4245939675175,False,0.7459016393442623,2155,LIVE
0.01789587955409088,173,1406,6,570,1579,0.7327146171693736,0.9664804469273743,0.10956301456618113,0.7115384615384616,0.34477958236658934,1466.0,6802.784222737819,False,0.744535519125683,2155,LIVE
0.017919774535411097,173,1405,6,571,1578,0.7322505800464038,0.9664804469273743,0.10963244613434728,0.7110323886639676,0.3452436194895592,1465.0,6798.143851508121,False,0.7431693989071039,2155,LIVE
0.017972743647413917,173,1404,6,572,1577,0.7317865429234339,0.9664804469273743,0.10970196575776792,0.7105263157894737,0.345707656612529,1464.0,6793.503480278422,False,0.7431693989071039,2155,LIVE
0.017977892740492947,173,1403,6,573,1576,0.731322505800464,0.9664804469273743,0.10977157360406091,0.7100202429149798,0.34617169373549883,1463.0,6788.863109048724,False,0.7418032786885246,2155,LIVE
0.018040699217214802,173,1402,6,574,1575,0.7308584686774942,0.9664804469273743,0.10984126984126984,0.7095141700404858,0.34663573085846866,1462.0,6784.2227378190255,False,0.7418032786885246,2155,LIVE
0.018074831831681838,173,1401,6,575,1574,0.7303944315545243,0.9664804469273743,0.10991105463786531,0.7090080971659919,0.3470997679814385,1461.0,6779.582366589328,False,0.7418032786885246,2155,LIVE
0.018165444673839744,173,1400,6,576,1573,0.7299303944315545,0.9664804469273743,0.10998092816274635,0.708502024291498,0.3475638051044084,1460.0,6774.941995359629,False,0.7418032786885246,2155,LIVE
0.01817254953557409,173,1399,6,577,1572,0.7294663573085847,0.9664804469273743,0.11005089058524173,0.707995951417004,0.3480278422273782,1459.0,6770.301624129931,False,0.7418032786885246,2155,LIVE
0.018179018842499638,173,1398,6,578,1571,0.7290023201856148,0.9664804469273743,0.11012094207511139,0.7074898785425101,0.34849187935034803,1458.0,6765.661252900232,False,0.7418032786885246,2155,LIVE
0.01818565433838703,173,1397,6,579,1570,0.728538283062645,0.9664804469273743,0.11019108280254777,0.7069838056680162,0.34895591647331786,1457.0,6761.020881670534,False,0.7404371584699454,2155,LIVE
0.01818824247397759,173,1396,6,580,1569,0.7280742459396752,0.9664804469273743,0.11026131293817719,0.7064777327935222,0.3494199535962877,1456.0,6756.380510440835,False,0.7390710382513661,2155,LIVE
0.01822885042352451,173,1395,6,581,1568,0.7276102088167054,0.9664804469273743,0.11033163265306123,0.7059716599190283,0.3498839907192575,1455.0,6751.740139211137,False,0.7390710382513661,2155,LIVE
0.018239726487713433,173,1394,6,582,1567,0.7271461716937355,0.9664804469273743,0.11040204211869815,0.7054655870445344,0.3503480278422274,1454.0,6747.099767981438,False,0.7390710382513661,2155,LIVE
0.01827768351500243,173,1393,6,583,1566,0.7266821345707657,0.9664804469273743,0.11047254150702426,0.7049595141700404,0.35081206496519723,1453.0,6742.45939675174,False,0.7390710382513661,2155,LIVE
0.01834627616480069,173,1392,6,584,1565,0.7262180974477959,0.9664804469273743,0.11054313099041534,0.7044534412955465,0.35127610208816706,1452.0,6737.819025522042,False,0.7390710382513661,2155,LIVE
0.01837609153322909,173,1391,6,585,1564,0.725754060324826,0.9664804469273743,0.11061381074168798,0.7039473684210527,0.3517401392111369,1451.0,6733.178654292344,False,0.7377049180327869,2155,LIVE
0.018421004159453882,173,1390,6,586,1563,0.7252900232018561,0.9664804469273743,0.11068458093410109,0.7034412955465587,0.3522041763341067,1450.0,6728.538283062645,False,0.7377049180327869,2155,LIVE
0.018458559418082512,173,1389,6,587,1562,0.7248259860788863,0.9664804469273743,0.11075544174135724,0.7029352226720648,0.35266821345707655,1449.0,6723.897911832947,False,0.7363387978142076,2155,LIVE
0.018553861215492594,173,1388,6,588,1561,0.7243619489559164,0.9664804469273743,0.1108263933376041,0.7024291497975709,0.3531322505800464,1448.0,6719.257540603248,False,0.7349726775956285,2155,LIVE
0.018596946264721376,173,1387,6,589,1560,0.7238979118329466,0.9664804469273743,0.11089743589743589,0.7019230769230769,0.35359628770301627,1447.0,6714.6171693735505,False,0.7349726775956285,2155,LIVE
0.018603944641544874,173,1386,6,590,1559,0.7234338747099768,0.9664804469273743,0.11096856959589481,0.701417004048583,0.3540603248259861,1446.0,6709.976798143852,False,0.7336065573770492,2155,LIVE
0.018630035908662218,173,1385,6,591,1558,0.722969837587007,0.9664804469273743,0.1110397946084724,0.7009109311740891,0.3545243619489559,1445.0,6705.336426914154,False,0.7336065573770492,2155,LIVE
0.018650105261005096,173,1384,6,592,1557,0.7225058004640371,0.9664804469273743,0.1111111111111111,0.7004048582995951,0.35498839907192575,1444.0,6700.696055684455,False,0.7336065573770492,2155,LIVE
0.018653081773473072,173,1383,6,593,1556,0.7220417633410673,0.9664804469273743,0.11118251928020566,0.6998987854251012,0.3554524361948956,1443.0,6696.0556844547555,False,0.7336065573770492,2155,LIVE
0.018771505095468672,173,1382,6,594,1555,0.7215777262180975,0.9664804469273743,0.1112540192926045,0.6993927125506073,0.3559164733178654,1442.0,6691.415313225058,False,0.7336065573770492,2155,LIVE
0.018780662444357565,173,1381,6,595,1554,0.7211136890951276,0.9664804469273743,0.11132561132561132,0.6988866396761133,0.35638051044083524,1441.0,6686.774941995359,False,0.73224043715847,2155,LIVE
0.01878785715486446,173,1380,6,596,1553,0.7206496519721578,0.9664804469273743,0.11139729555698648,0.6983805668016194,0.3568445475638051,1440.0,6682.134570765661,False,0.73224043715847,2155,LIVE
0.018799156422828502,173,1379,6,597,1552,0.720185614849188,0.9664804469273743,0.11146907216494846,0.6978744939271255,0.35730858468677495,1439.0,6677.494199535962,False,0.73224043715847,2155,LIVE
0.01881357580077122,173,1378,6,598,1551,0.7197215777262181,0.9664804469273743,0.11154094132817537,0.6973684210526315,0.3577726218097448,1438.0,6672.853828306264,False,0.73224043715847,2155,LIVE
0.01882123876508689,173,1377,6,599,1550,0.7192575406032483,0.9664804469273743,0.11161290322580646,0.6968623481781376,0.3582366589327146,1437.0,6668.213457076566,False,0.7308743169398907,2155,LIVE
0.018843133817848003,173,1376,6,600,1549,0.7187935034802784,0.9664804469273743,0.11168495803744351,0.6963562753036437,0.35870069605568444,1436.0,6663.573085846868,False,0.7295081967213115,2155,LIVE
0.018909926915079377,173,1375,6,601,1548,0.7183294663573085,0.9664804469273743,0.11175710594315245,0.6958502024291497,0.35916473317865427,1435.0,6658.93271461717,False,0.7281420765027322,2155,LIVE
0.01894850387080681,173,1374,6,602,1547,0.7178654292343387,0.9664804469273743,0.11182934712346478,0.6953441295546559,0.35962877030162416,1434.0,6654.292343387471,False,0.7281420765027322,2155,LIVE
0.01895095448742136,173,1373,6,603,1546,0.7174013921113689,0.9664804469273743,0.11190168175937905,0.694838056680162,0.360092807424594,1433.0,6649.651972157773,False,0.7281420765027322,2155,LIVE
0.018956160579796315,173,1372,6,604,1545,0.7169373549883991,0.9664804469273743,0.11197411003236246,0.694331983805668,0.3605568445475638,1432.0,6645.011600928075,False,0.7281420765027322,2155,LIVE
0.01901192521066972,173,1371,6,605,1544,0.7164733178654292,0.9664804469273743,0.11204663212435233,0.6938259109311741,0.36102088167053364,1431.0,6640.371229698377,False,0.7281420765027322,2155,LIVE
0.019019522451589194,173,1370,6,606,1543,0.7160092807424594,0.9664804469273743,0.11211924821775761,0.6933198380566802,0.3614849187935035,1430.0,6635.730858468677,False,0.7281420765027322,2155,LIVE
0.01905027336270457,173,1369,6,607,1542,0.7155452436194896,0.9664804469273743,0.11219195849546044,0.6928137651821862,0.3619489559164733,1429.0,6631.090487238978,False,0.7281420765027322,2155,LIVE
0.019061802341247,173,1368,6,608,1541,0.7150812064965197,0.9664804469273743,0.11226476314081765,0.6923076923076923,0.36241299303944313,1428.0,6626.4501160092805,False,0.726775956284153,2155,LIVE
0.01906640512724179,173,1367,6,609,1540,0.7146171693735499,0.9664804469273743,0.11233766233766233,0.6918016194331984,0.362877030162413,1427.0,6621.809744779582,False,0.7254098360655737,2155,LIVE
0.019107345813776388,172,1367,7,609,1539,0.7141531322505801,0.9608938547486033,0.11176088369070825,0.6918016194331984,0.36241299303944313,1437.0,6668.213457076566,False,0.7240437158469946,2155,LIVE
0.01912732055111096,172,1366,7,610,1538,0.7136890951276103,0.9608938547486033,0.11183355006501951,0.6912955465587044,0.362877030162413,1436.0,6663.573085846868,False,0.7240437158469946,2155,LIVE
0.01915891617997353,172,1365,7,611,1537,0.7132250580046404,0.9608938547486033,0.11190631099544568,0.6907894736842105,0.36334106728538285,1435.0,6658.93271461717,False,0.7226775956284153,2155,LIVE
0.01916661210753865,172,1364,7,612,1536,0.7127610208816705,0.9608938547486033,0.11197916666666667,0.6902834008097166,0.3638051044083527,1434.0,6654.292343387471,False,0.7226775956284153,2155,LIVE
0.019200894487000984,172,1363,7,613,1535,0.7122969837587007,0.9608938547486033,0.11205211726384365,0.6897773279352226,0.3642691415313225,1433.0,6649.651972157773,False,0.7213114754098361,2155,LIVE
0.019217791065611802,172,1362,7,614,1534,0.7118329466357308,0.9608938547486033,0.1121251629726206,0.6892712550607287,0.36473317865429233,1432.0,6645.011600928075,False,0.7199453551912568,2155,LIVE
0.019243276288827316,172,1361,7,615,1533,0.711368909512761,0.9608938547486033,0.11219830397912589,0.6887651821862348,0.36519721577726216,1431.0,6640.371229698377,False,0.7185792349726776,2155,LIVE
0.019250646074577465,172,1360,7,616,1532,0.7109048723897912,0.9608938547486033,0.1122715404699739,0.6882591093117408,0.365661252900232,1430.0,6635.730858468677,False,0.7184325108853411,2155,LIVE
0.019275579496785565,172,1359,7,617,1531,0.7104408352668213,0.9608938547486033,0.11234487263226649,0.687753036437247,0.3661252900232019,1429.0,6631.090487238978,False,0.7184325108853411,2155,LIVE
0.019380484520677192,172,1358,7,618,1530,0.7099767981438515,0.9608938547486033,0.11241830065359477,0.687246963562753,0.3665893271461717,1428.0,6626.4501160092805,False,0.7184325108853411,2155,LIVE
0.019403749895988934,172,1357,7,619,1529,0.7095127610208817,0.9608938547486033,0.11249182472204054,0.6867408906882592,0.36705336426914154,1427.0,6621.809744779582,False,0.7184325108853411,2155,LIVE
0.019435817754707863,172,1356,7,620,1528,0.7090487238979118,0.9608938547486033,0.112565445026178,0.6862348178137652,0.36751740139211136,1426.0,6617.169373549884,False,0.7184325108853411,2155,LIVE
0.019456397565033846,172,1355,7,621,1527,0.708584686774942,0.9608938547486033,0.11263916175507531,0.6857287449392713,0.3679814385150812,1425.0,6612.529002320185,False,0.7184325108853411,2155,LIVE
0.01945780029027113,172,1354,7,622,1526,0.7081206496519722,0.9608938547486033,0.1127129750982962,0.6852226720647774,0.368445475638051,1424.0,6607.888631090487,False,0.7184325108853411,2155,LIVE
0.019465995517293014,172,1353,7,623,1525,0.7076566125290024,0.9608938547486033,0.11278688524590164,0.6847165991902834,0.3689095127610209,1423.0,6603.2482598607885,False,0.7184325108853411,2155,LIVE
0.019476244244205944,172,1352,7,624,1524,0.7071925754060325,0.9608938547486033,0.11286089238845144,0.6842105263157895,0.36937354988399074,1422.0,6598.607888631091,False,0.7169811320754716,2155,LIVE
0.019526038268961533,172,1351,7,625,1523,0.7067285382830626,0.9608938547486033,0.11293499671700591,0.6837044534412956,0.36983758700696057,1421.0,6593.967517401392,False,0.7155297532656023,2155,LIVE
0.01955515681527106,172,1350,7,626,1522,0.7062645011600928,0.9608938547486033,0.11300919842312747,0.6831983805668016,0.3703016241299304,1420.0,6589.327146171694,False,0.7155297532656023,2155,LIVE
0.019562818303268493,172,1349,7,627,1521,0.7058004640371229,0.9608938547486033,0.11308349769888232,0.6826923076923077,0.3707656612529002,1419.0,6584.686774941995,False,0.714078374455733,2155,LIVE
0.01956704027097468,172,1348,7,628,1520,0.7053364269141531,0.9608938547486033,0.11315789473684211,0.6821862348178138,0.37122969837587005,1418.0,6580.046403712297,False,0.714078374455733,2155,LIVE
0.019735767961860346,172,1347,7,629,1519,0.7048723897911833,0.9608938547486033,0.11323238973008558,0.6816801619433198,0.3716937354988399,1417.0,6575.4060324826,False,0.714078374455733,2155,LIVE
0.01975731958850341,172,1346,7,630,1518,0.7044083526682134,0.9608938547486033,0.11330698287220026,0.6811740890688259,0.37215777262180977,1416.0,6570.7656612529,False,0.714078374455733,2155,LIVE
0.01979159536495885,172,1345,7,631,1517,0.7039443155452436,0.9608938547486033,0.1133816743572841,0.680668016194332,0.3726218097447796,1415.0,6566.125290023201,False,0.7126269956458636,2155,LIVE
0.01980028725442614,172,1344,7,632,1516,0.7034802784222738,0.9608938547486033,0.11345646437994723,0.680161943319838,0.3730858468677494,1414.0,6561.484918793503,False,0.7126269956458636,2155,LIVE
0.01989841983245444,172,1343,7,633,1515,0.703016241299304,0.9608938547486033,0.11353135313531353,0.6796558704453441,0.37354988399071926,1413.0,6556.844547563805,False,0.7111756168359942,2155,LIVE
0.019944028835648307,172,1342,7,634,1514,0.7025522041763341,0.9608938547486033,0.11360634081902246,0.6791497975708503,0.3740139211136891,1412.0,6552.204176334107,False,0.7111756168359942,2155,LIVE
0.01994653885791114,172,1341,7,635,1513,0.7020881670533643,0.9608938547486033,0.11368142762723067,0.6786437246963563,0.3744779582366589,1411.0,6547.563805104408,False,0.7111756168359942,2155,LIVE
0.020009753552204808,172,1340,7,636,1512,0.7016241299303945,0.9608938547486033,0.11375661375661375,0.6781376518218624,0.37494199535962874,1410.0,6542.92343387471,False,0.7111756168359942,2155,LIVE
0.020022008531213806,172,1339,7,637,1511,0.7011600928074246,0.9608938547486033,0.11383189940436797,0.6776315789473685,0.37540603248259863,1409.0,6538.283062645011,False,0.7097242380261248,2155,LIVE
0.020026034054985955,172,1338,7,638,1510,0.7006960556844548,0.9608938547486033,0.11390728476821192,0.6771255060728745,0.37587006960556846,1408.0,6533.6426914153135,False,0.7097242380261248,2155,LIVE
0.020075204096103035,172,1337,7,639,1509,0.7002320185614849,0.9608938547486033,0.11398277004638833,0.6766194331983806,0.3763341067285383,1407.0,6529.002320185615,False,0.7082728592162555,2155,LIVE
0.02008799080568769,172,1336,7,640,1508,0.699767981438515,0.9608938547486033,0.11405835543766578,0.6761133603238867,0.3767981438515081,1406.0,6524.361948955917,False,0.706821480406386,2155,LIVE
0.020185874413573418,172,1335,7,641,1507,0.6993039443155452,0.9608938547486033,0.11413404114134042,0.6756072874493927,0.37726218097447795,1405.0,6519.721577726218,False,0.706821480406386,2155,LIVE
0.020210859933080392,172,1334,7,642,1506,0.6988399071925754,0.9608938547486033,0.11420982735723771,0.6751012145748988,0.3777262180974478,1404.0,6515.08120649652,False,0.706821480406386,2155,LIVE
0.020247109255637833,172,1333,7,643,1505,0.6983758700696056,0.9608938547486033,0.11428571428571428,0.6745951417004049,0.37819025522041766,1403.0,6510.440835266821,False,0.706821480406386,2155,LIVE
0.02028773902830331,172,1332,7,644,1504,0.6979118329466357,0.9608938547486033,0.11436170212765957,0.6740890688259109,0.3786542923433875,1402.0,6505.800464037123,False,0.706821480406386,2155,LIVE
0.020313886213844407,172,1331,7,645,1503,0.6974477958236659,0.9608938547486033,0.11443779108449767,0.673582995951417,0.3791183294663573,1401.0,6501.160092807424,False,0.706821480406386,2155,LIVE
0.02032734121327144,172,1330,7,646,1502,0.6969837587006961,0.9608938547486033,0.11451398135818908,0.6730769230769231,0.37958236658932715,1400.0,6496.519721577726,False,0.706821480406386,2155,LIVE
0.020359559421752767,172,1329,7,647,1501,0.6965197215777262,0.9608938547486033,0.1145902731512325,0.6725708502024291,0.380046403712297,1399.0,6491.879350348027,False,0.7053701015965167,2155,LIVE
0.02037011805753737,172,1328,7,648,1500,0.6960556844547564,0.9608938547486033,0.11466666666666667,0.6720647773279352,0.3805104408352668,1398.0,6487.23897911833,False,0.7039187227866474,2155,LIVE
0.02039353962462529,172,1327,7,649,1499,0.6955916473317866,0.9608938547486033,0.11474316210807205,0.6715587044534413,0.38097447795823663,1397.0,6482.598607888631,False,0.7039187227866474,2155,LIVE
0.020425206666918952,172,1326,7,650,1498,0.6951276102088167,0.9608938547486033,0.11481975967957277,0.6710526315789473,0.3814385150812065,1396.0,6477.958236658933,False,0.7039187227866474,2155,LIVE
0.020518530023998713,172,1325,7,651,1497,0.6946635730858469,0.9608938547486033,0.11489645958583834,0.6705465587044535,0.38190255220417635,1395.0,6473.317865429234,False,0.7024673439767779,2155,LIVE
0.020531542730474497,172,1324,7,652,1496,0.694199535962877,0.9608938547486033,0.11497326203208556,0.6700404858299596,0.3823665893271462,1394.0,6468.677494199536,False,0.7024673439767779,2155,LIVE
0.020544302403789752,172,1323,7,653,1495,0.6937354988399071,0.9608938547486033,0.11505016722408026,0.6695344129554656,0.382830626450116,1393.0,6464.037122969838,False,0.7010159651669086,2155,LIVE
0.020653062886210927,172,1322,7,654,1494,0.6932714617169373,0.9608938547486033,0.11512717536813923,0.6690283400809717,0.38329466357308584,1392.0,6459.39675174014,False,0.7010159651669086,2155,LIVE
0.020655895829250023,172,1321,7,655,1493,0.6928074245939675,0.9608938547486033,0.11520428667113194,0.6685222672064778,0.38375870069605567,1391.0,6454.756380510441,False,0.7010159651669086,2155,LIVE
0.020712157147412737,172,1320,7,656,1492,0.6923433874709977,0.9608938547486033,0.11528150134048257,0.6680161943319838,0.3842227378190255,1390.0,6450.116009280742,False,0.7010159651669086,2155,LIVE
0.020727097377108167,172,1319,7,657,1491,0.6918793503480278,0.9608938547486033,0.1153588195841717,0.6675101214574899,0.3846867749419954,1389.0,6445.4756380510435,False,0.7010159651669086,2155,LIVE
0.02077497695804429,172,1318,7,658,1490,0.691415313225058,0.9608938547486033,0.11543624161073826,0.667004048582996,0.3851508120649652,1388.0,6440.835266821346,False,0.7010159651669086,2155,LIVE
0.020789448932498764,172,1317,7,659,1489,0.6909512761020882,0.9608938547486033,0.1155137676292814,0.666497975708502,0.38561484918793504,1387.0,6436.194895591647,False,0.7010159651669086,2155,LIVE
0.02080831207283297,172,1316,7,660,1488,0.6904872389791183,0.9608938547486033,0.11559139784946236,0.6659919028340081,0.38607888631090487,1386.0,6431.554524361949,False,0.7010159651669086,2155,LIVE
0.020819727927500514,172,1315,7,661,1487,0.6900232018561485,0.9608938547486033,0.11566913248150638,0.6654858299595142,0.3865429234338747,1385.0,6426.91415313225,False,0.7010159651669086,2155,LIVE
0.020882794188038532,172,1314,7,662,1486,0.6895591647331787,0.9608938547486033,0.11574697173620457,0.6649797570850202,0.3870069605568445,1384.0,6422.273781902552,False,0.7010159651669086,2155,LIVE
0.02089447616823359,172,1313,7,663,1485,0.6890951276102089,0.9608938547486033,0.11582491582491583,0.6644736842105263,0.3874709976798144,1383.0,6417.633410672854,False,0.6995645863570392,2155,LIVE
0.020906152557951915,172,1312,7,664,1484,0.688631090487239,0.9608938547486033,0.11590296495956873,0.6639676113360324,0.38793503480278424,1382.0,6412.993039443156,False,0.6995645863570392,2155,LIVE
0.020987072051812248,172,1311,7,665,1483,0.6881670533642691,0.9608938547486033,0.11598111935266352,0.6634615384615384,0.38839907192575407,1381.0,6408.352668213457,False,0.6981132075471698,2155,LIVE
0.021023363475443514,172,1310,7,666,1482,0.6877030162412993,0.9608938547486033,0.11605937921727395,0.6629554655870445,0.3888631090487239,1380.0,6403.712296983759,False,0.6981132075471698,2155,LIVE
0.02103911480604883,172,1309,7,667,1481,0.6872389791183294,0.9608938547486033,0.11613774476704929,0.6624493927125507,0.3893271461716937,1379.0,6399.07192575406,False,0.6981132075471698,2155,LIVE
0.02104316779955404,172,1308,7,668,1480,0.6867749419953596,0.9608938547486033,0.11621621621621622,0.6619433198380567,0.38979118329466356,1378.0,6394.431554524363,False,0.6981132075471698,2155,LIVE
0.0211251477330081,172,1307,7,669,1479,0.6863109048723898,0.9608938547486033,0.1162947937795808,0.6614372469635628,0.3902552204176334,1377.0,6389.791183294664,False,0.6981132075471698,2155,LIVE
0.021163028853462933,172,1306,7,670,1478,0.6858468677494199,0.9608938547486033,0.11637347767253045,0.6609311740890689,0.39071925754060327,1376.0,6385.150812064965,False,0.6981132075471698,2155,LIVE
0.02120303227477276,172,1305,7,671,1477,0.6853828306264501,0.9608938547486033,0.11645226811103589,0.6604251012145749,0.3911832946635731,1375.0,6380.510440835266,False,0.6966618287373004,2155,LIVE
0.021240839657076717,172,1304,7,672,1476,0.6849187935034803,0.9608938547486033,0.11653116531165311,0.659919028340081,0.39164733178654293,1374.0,6375.8700696055685,False,0.6966618287373004,2155,LIVE
0.02130237607887408,172,1303,7,673,1475,0.6844547563805105,0.9608938547486033,0.11661016949152542,0.6594129554655871,0.39211136890951276,1373.0,6371.22969837587,False,0.6966618287373004,2155,LIVE
0.021324397928615114,172,1302,7,674,1474,0.6839907192575406,0.9608938547486033,0.11668928086838534,0.6589068825910931,0.3925754060324826,1372.0,6366.589327146172,False,0.6966618287373004,2155,LIVE
0.02140556413980886,172,1301,7,675,1473,0.6835266821345708,0.9608938547486033,0.11676849966055669,0.6584008097165992,0.3930394431554524,1371.0,6361.948955916473,False,0.6952104499274311,2155,LIVE
0.021423491910621935,172,1300,7,676,1472,0.683062645011601,0.9608938547486033,0.11684782608695653,0.6578947368421053,0.39350348027842225,1370.0,6357.308584686775,False,0.6952104499274311,2155,LIVE
0.02147062416306744,172,1299,7,677,1471,0.6825986078886311,0.9608938547486033,0.11692726036709722,0.6573886639676113,0.39396751740139213,1369.0,6352.6682134570765,False,0.6952104499274311,2155,LIVE
0.021511149696199612,172,1298,7,678,1470,0.6821345707656613,0.9608938547486033,0.11700680272108843,0.6568825910931174,0.39443155452436196,1368.0,6348.027842227379,False,0.6952104499274311,2155,LIVE
0.021519400433950748,172,1297,7,679,1469,0.6816705336426914,0.9608938547486033,0.11708645336963922,0.6563765182186235,0.3948955916473318,1367.0,6343.38747099768,False,0.6937590711175616,2155,LIVE
0.021577460272818833,172,1296,7,680,1468,0.6812064965197215,0.9608938547486033,0.11716621253405994,0.6558704453441295,0.3953596287703016,1366.0,6338.747099767982,False,0.6937590711175616,2155,LIVE
0.021580256834820344,172,1295,7,681,1467,0.6807424593967517,0.9608938547486033,0.11724608043626449,0.6553643724696356,0.39582366589327145,1365.0,6334.106728538283,False,0.6923076923076923,2155,LIVE
0.021594428883185017,172,1294,7,682,1466,0.6802784222737819,0.9608938547486033,0.11732605729877217,0.6548582995951417,0.3962877030162413,1364.0,6329.466357308585,False,0.690856313497823,2155,LIVE
0.021594977132786516,172,1293,7,683,1465,0.679814385150812,0.9608938547486033,0.1174061433447099,0.6543522267206477,0.39675174013921116,1363.0,6324.825986078886,False,0.690856313497823,2155,LIVE
0.02159871176045211,172,1292,7,684,1464,0.6793503480278422,0.9608938547486033,0.11748633879781421,0.6538461538461539,0.397215777262181,1362.0,6320.185614849188,False,0.690856313497823,2155,LIVE
0.021636489327194877,172,1291,7,685,1463,0.6788863109048724,0.9608938547486033,0.11756664388243336,0.65334008097166,0.3976798143851508,1361.0,6315.545243619489,False,0.6894049346879536,2155,LIVE
0.021670076634803453,172,1290,7,686,1462,0.6784222737819026,0.9608938547486033,0.11764705882352941,0.652834008097166,0.39814385150812065,1360.0,6310.904872389791,False,0.6879535558780842,2155,LIVE
0.0217176592033871,172,1289,7,687,1461,0.6779582366589327,0.9608938547486033,0.11772758384668036,0.6523279352226721,0.3986078886310905,1359.0,6306.264501160093,False,0.6879535558780842,2155,LIVE
0.021780034553337674,172,1288,7,688,1460,0.6774941995359629,0.9608938547486033,0.1178082191780822,0.6518218623481782,0.3990719257540603,1358.0,6301.624129930395,False,0.6879535558780842,2155,LIVE
0.021788728664376807,172,1287,7,689,1459,0.6770301624129931,0.9608938547486033,0.11788896504455106,0.6513157894736842,0.39953596287703014,1357.0,6296.983758700696,False,0.6865021770682148,2155,LIVE
0.021834255080666637,172,1286,7,690,1458,0.6765661252900232,0.9608938547486033,0.11796982167352538,0.6508097165991903,0.4,1356.0,6292.343387470998,False,0.6850507982583455,2155,LIVE
0.021840416970507426,172,1285,7,691,1457,0.6761020881670534,0.9608938547486033,0.11805078929306795,0.6503036437246964,0.40046403712296985,1355.0,6287.703016241299,False,0.6850507982583455,2155,LIVE
0.021893791379529987,172,1284,7,692,1456,0.6756380510440835,0.9608938547486033,0.11813186813186813,0.6497975708502024,0.4009280742459397,1354.0,6283.0626450116015,False,0.683599419448476,2155,LIVE
0.021980281454827468,172,1283,7,693,1455,0.6751740139211136,0.9608938547486033,0.11821305841924398,0.6492914979757085,0.4013921113689095,1353.0,6278.422273781903,False,0.6821480406386067,2155,LIVE
0.022010634058987903,172,1282,7,694,1454,0.6747099767981438,0.9608938547486033,0.11829436038514443,0.6487854251012146,0.40185614849187934,1352.0,6273.781902552205,False,0.6821480406386067,2155,LIVE
0.022070281041634568,172,1281,7,695,1453,0.674245939675174,0.9608938547486033,0.11837577426015142,0.6482793522267206,0.40232018561484917,1351.0,6269.141531322506,False,0.6806966618287373,2155,LIVE
0.022161512522489196,172,1280,7,696,1452,0.6737819025522042,0.9608938547486033,0.1184573002754821,0.6477732793522267,0.40278422273781905,1350.0,6264.5011600928065,False,0.6792452830188679,2155,LIVE
0.02223840073232391,172,1279,7,697,1451,0.6733178654292343,0.9608938547486033,0.11853893866299105,0.6472672064777328,0.4032482598607889,1349.0,6259.860788863109,False,0.6777939042089985,2155,LIVE
0.02227341797795901,172,1278,7,698,1450,0.6728538283062645,0.9608938547486033,0.11862068965517242,0.6467611336032388,0.4037122969837587,1348.0,6255.22041763341,False,0.6777939042089985,2155,LIVE
0.022298435007409436,172,1277,7,699,1449,0.6723897911832947,0.9608938547486033,0.11870255348516218,0.646255060728745,0.40417633410672854,1347.0,6250.580046403712,False,0.6763425253991292,2155,LIVE
0.02230659352209948,172,1276,7,700,1448,0.6719257540603248,0.9608938547486033,0.11878453038674033,0.645748987854251,0.40464037122969837,1346.0,6245.939675174014,False,0.6748911465892597,2155,LIVE
0.02238121068683161,172,1275,7,701,1447,0.671461716937355,0.9608938547486033,0.1188666205943331,0.645242914979757,0.4051044083526682,1345.0,6241.299303944315,False,0.6748911465892597,2155,LIVE
0.02240286179383446,172,1274,7,702,1446,0.6709976798143852,0.9608938547486033,0.11894882434301521,0.6447368421052632,0.40556844547563803,1344.0,6236.658932714618,False,0.6748911465892597,2155,LIVE
0.022408396180719416,172,1273,7,703,1445,0.6705336426914154,0.9608938547486033,0.11903114186851212,0.6442307692307693,0.4060324825986079,1343.0,6232.018561484919,False,0.6748911465892597,2155,LIVE
0.022415334009660403,172,1272,7,704,1444,0.6700696055684455,0.9608938547486033,0.11911357340720222,0.6437246963562753,0.40649651972157774,1342.0,6227.378190255221,False,0.6748911465892597,2155,LIVE
0.02244297215320079,172,1271,7,705,1443,0.6696055684454756,0.9608938547486033,0.1191961191961192,0.6432186234817814,0.40696055684454757,1341.0,6222.737819025522,False,0.6748911465892597,2155,LIVE
0.022472275893097516,172,1270,7,706,1442,0.6691415313225058,0.9608938547486033,0.11927877947295423,0.6427125506072875,0.4074245939675174,1340.0,6218.097447795824,False,0.6734397677793904,2155,LIVE
0.022507140596471468,172,1269,7,707,1441,0.6686774941995359,0.9608938547486033,0.1193615544760583,0.6422064777327935,0.40788863109048723,1339.0,6213.457076566126,False,0.6734397677793904,2155,LIVE
0.02252631811343336,172,1268,7,708,1440,0.6682134570765661,0.9608938547486033,0.11944444444444445,0.6417004048582996,0.40835266821345706,1338.0,6208.816705336428,False,0.6734397677793904,2155,LIVE
0.022528580588625998,172,1267,7,709,1439,0.6677494199535963,0.9608938547486033,0.11952744961779013,0.6411943319838057,0.4088167053364269,1337.0,6204.176334106729,False,0.6719883889695211,2155,LIVE
0.02260706586101019,172,1266,7,710,1438,0.6672853828306264,0.9608938547486033,0.11961057023643949,0.6406882591093117,0.4092807424593968,1336.0,6199.535962877029,False,0.6719883889695211,2155,LIVE
0.022623931726929124,172,1265,7,711,1437,0.6668213457076566,0.9608938547486033,0.11969380654140571,0.6401821862348178,0.4097447795823666,1335.0,6194.8955916473315,False,0.6705370101596516,2155,LIVE
0.022626547587839656,172,1264,7,712,1436,0.6663573085846868,0.9608938547486033,0.11977715877437325,0.6396761133603239,0.41020881670533643,1334.0,6190.255220417633,False,0.6690856313497823,2155,LIVE
0.022729535345235526,171,1264,8,712,1435,0.665893271461717,0.9553072625698324,0.11916376306620209,0.6396761133603239,0.4097447795823666,1344.0,6236.658932714618,False,0.6680327868852459,2155,LIVE
0.022785594829179624,171,1263,8,713,1434,0.6654292343387471,0.9553072625698324,0.1192468619246862,0.6391700404858299,0.41020881670533643,1343.0,6232.018561484919,False,0.6676342525399129,2155,LIVE
0.02281419902522758,171,1262,8,714,1433,0.6649651972157773,0.9553072625698324,0.11933007676203769,0.638663967611336,0.41067285382830626,1342.0,6227.378190255221,False,0.6676342525399129,2155,LIVE
0.022875050171200954,171,1261,8,715,1432,0.6645011600928075,0.9553072625698324,0.11941340782122906,0.6381578947368421,0.4111368909512761,1341.0,6222.737819025522,False,0.6676342525399129,2155,LIVE
0.02293201137107578,171,1260,8,716,1431,0.6640371229698376,0.9553072625698324,0.11949685534591195,0.6376518218623481,0.4116009280742459,1340.0,6218.097447795824,False,0.6676342525399129,2155,LIVE
0.022992403428219666,171,1259,8,717,1430,0.6635730858468677,0.9553072625698324,0.11958041958041958,0.6371457489878543,0.4120649651972158,1339.0,6213.457076566126,False,0.6676342525399129,2155,LIVE
0.023013936491935512,171,1258,8,718,1429,0.6631090487238979,0.9553072625698324,0.11966410076976906,0.6366396761133604,0.41252900232018563,1338.0,6208.816705336428,False,0.6676342525399129,2155,LIVE
0.023027032696139316,171,1257,8,719,1428,0.662645011600928,0.9553072625698324,0.11974789915966387,0.6361336032388664,0.41299303944315546,1337.0,6204.176334106729,False,0.6676342525399129,2155,LIVE
0.023057610080670195,171,1256,8,720,1427,0.6621809744779582,0.9553072625698324,0.11983181499649614,0.6356275303643725,0.4134570765661253,1336.0,6199.535962877029,False,0.6661828737300436,2155,LIVE
0.02308872183147397,171,1255,8,721,1426,0.6617169373549884,0.9553072625698324,0.11991584852734923,0.6351214574898786,0.4139211136890951,1335.0,6194.8955916473315,False,0.6647314949201741,2155,LIVE
0.02311654238694038,171,1254,8,722,1425,0.6612529002320185,0.9553072625698324,0.12,0.6346153846153846,0.41438515081206495,1334.0,6190.255220417633,False,0.6632801161103048,2155,LIVE
0.023120491459355245,171,1253,8,723,1424,0.6607888631090487,0.9553072625698324,0.12008426966292135,0.6341093117408907,0.4148491879350348,1333.0,6185.614849187935,False,0.6618287373004355,2155,LIVE
0.023155836035894,171,1252,8,724,1423,0.6603248259860789,0.9553072625698324,0.12016865776528461,0.6336032388663968,0.41531322505800466,1332.0,6180.974477958236,False,0.6612021857923497,2155,LIVE
0.02317825338308251,171,1251,8,725,1422,0.6598607888631091,0.9553072625698324,0.12025316455696203,0.6330971659919028,0.4157772621809745,1331.0,6176.334106728538,False,0.6612021857923497,2155,LIVE
0.02318203405480955,171,1250,8,726,1421,0.6593967517401392,0.9553072625698324,0.1203377902885292,0.6325910931174089,0.4162412993039443,1330.0,6171.6937354988395,False,0.6612021857923497,2155,LIVE
0.023184470454639932,171,1249,8,727,1420,0.6589327146171694,0.9553072625698324,0.12042253521126761,0.632085020242915,0.41670533642691415,1329.0,6167.053364269142,False,0.6612021857923497,2155,LIVE
0.023216244894289792,171,1248,8,728,1419,0.6584686774941996,0.9553072625698324,0.12050739957716702,0.631578947368421,0.417169373549884,1328.0,6162.412993039444,False,0.6612021857923497,2155,LIVE
0.023226464118149315,171,1247,8,729,1418,0.6580046403712297,0.9553072625698324,0.12059238363892807,0.6310728744939271,0.4176334106728538,1327.0,6157.772621809745,False,0.6612021857923497,2155,LIVE
0.023258809031680077,171,1246,8,730,1417,0.6575406032482599,0.9553072625698324,0.12067748764996472,0.6305668016194332,0.41809744779582364,1326.0,6153.132250580047,False,0.6598360655737705,2155,LIVE
0.023259916759853307,171,1245,8,731,1416,0.65707656612529,0.9553072625698324,0.12076271186440678,0.6300607287449392,0.4185614849187935,1325.0,6148.491879350348,False,0.6584699453551912,2155,LIVE
0.02326132560365059,170,1245,9,731,1415,0.6566125290023201,0.9497206703910615,0.12014134275618374,0.6300607287449392,0.41809744779582364,1335.0,6194.8955916473315,False,0.6584699453551912,2155,LIVE
0.023296782293810384,170,1244,9,732,1414,0.6561484918793503,0.9497206703910615,0.12022630834512023,0.6295546558704453,0.4185614849187935,1334.0,6190.255220417633,False,0.6584699453551912,2155,LIVE
0.023338650722912246,170,1243,9,733,1413,0.6556844547563805,0.9497206703910615,0.12031139419674451,0.6290485829959515,0.41902552204176335,1333.0,6185.614849187935,False,0.6584699453551912,2155,LIVE
0.023351456718971722,170,1242,9,734,1412,0.6552204176334107,0.9497206703910615,0.12039660056657224,0.6285425101214575,0.4194895591647332,1332.0,6180.974477958236,False,0.6584699453551912,2155,LIVE
0.02336052374115433,170,1241,9,735,1411,0.6547563805104408,0.9497206703910615,0.12048192771084337,0.6280364372469636,0.419953596287703,1331.0,6176.334106728538,False,0.657103825136612,2155,LIVE
0.02343566653235823,170,1240,9,736,1410,0.654292343387471,0.9497206703910615,0.12056737588652482,0.6275303643724697,0.42041763341067284,1330.0,6171.6937354988395,False,0.657103825136612,2155,LIVE
0.02343674396110712,170,1239,9,737,1409,0.6538283062645012,0.9497206703910615,0.12065294535131299,0.6270242914979757,0.42088167053364267,1329.0,6167.053364269142,False,0.6557377049180327,2155,LIVE
0.023480826152177316,170,1238,9,738,1408,0.6533642691415313,0.9497206703910615,0.12073863636363637,0.6265182186234818,0.42134570765661256,1328.0,6162.412993039444,False,0.6557377049180327,2155,LIVE
0.02349329280016447,170,1237,9,739,1407,0.6529002320185615,0.9497206703910615,0.12082444918265814,0.6260121457489879,0.4218097447795824,1327.0,6157.772621809745,False,0.6557377049180327,2155,LIVE
0.023539735368020114,170,1236,9,740,1406,0.6524361948955917,0.9497206703910615,0.12091038406827881,0.6255060728744939,0.4222737819025522,1326.0,6153.132250580047,False,0.6543715846994536,2155,LIVE
0.023568856926031997,170,1235,9,741,1405,0.6519721577726219,0.9497206703910615,0.12099644128113879,0.625,0.42273781902552204,1325.0,6148.491879350348,False,0.6543715846994536,2155,LIVE
0.023574536557213255,170,1234,9,742,1404,0.651508120649652,0.9497206703910615,0.12108262108262108,0.6244939271255061,0.4232018561484919,1324.0,6143.851508120651,False,0.6543715846994536,2155,LIVE
0.023609690765177938,170,1233,9,743,1403,0.6510440835266821,0.9497206703910615,0.12116892373485388,0.6239878542510121,0.4236658932714617,1323.0,6139.211136890951,False,0.6543715846994536,2155,LIVE
0.023624654374406247,170,1232,9,744,1402,0.6505800464037123,0.9497206703910615,0.12125534950071326,0.6234817813765182,0.42412993039443153,1322.0,6134.570765661252,False,0.6543715846994536,2155,LIVE
0.023628222562146462,170,1231,9,745,1401,0.6501160092807424,0.9497206703910615,0.12134189864382584,0.6229757085020243,0.4245939675174014,1321.0,6129.930394431554,False,0.6530054644808743,2155,LIVE
0.023675661444552836,170,1230,9,746,1400,0.6496519721577726,0.9497206703910615,0.12142857142857143,0.6224696356275303,0.42505800464037125,1320.0,6125.290023201856,False,0.6530054644808743,2155,LIVE
0.02375042671184569,170,1229,9,747,1399,0.6491879350348028,0.9497206703910615,0.12151536812008577,0.6219635627530364,0.4255220417633411,1319.0,6120.649651972158,False,0.6530054644808743,2155,LIVE
0.02383663378742799,170,1228,9,748,1398,0.6487238979118329,0.9497206703910615,0.12160228898426323,0.6214574898785425,0.4259860788863109,1318.0,6116.009280742459,False,0.6530054644808743,2155,LIVE
0.02390800727200757,170,1227,9,749,1397,0.6482598607888631,0.9497206703910615,0.12168933428775948,0.6209514170040485,0.42645011600928073,1317.0,6111.368909512761,False,0.6516393442622951,2155,LIVE
0.0239084294413402,170,1226,9,750,1396,0.6477958236658933,0.9497206703910615,0.12177650429799428,0.6204453441295547,0.42691415313225056,1316.0,6106.728538283062,False,0.6516393442622951,2155,LIVE
0.02395658808730725,170,1225,9,751,1395,0.6473317865429234,0.9497206703910615,0.12186379928315412,0.6199392712550608,0.4273781902552204,1315.0,6102.0881670533645,False,0.6502732240437158,2155,LIVE
0.023969815040785217,170,1224,9,752,1394,0.6468677494199536,0.9497206703910615,0.12195121951219512,0.6194331983805668,0.4278422273781903,1314.0,6097.447795823666,False,0.6502732240437158,2155,LIVE
0.0239813624794095,170,1223,9,753,1393,0.6464037122969838,0.9497206703910615,0.12203876525484565,0.6189271255060729,0.4283062645011601,1313.0,6092.807424593968,False,0.6489071038251366,2155,LIVE
0.024005059900744075,170,1222,9,754,1392,0.645939675174014,0.9497206703910615,0.1221264367816092,0.618421052631579,0.42877030162412993,1312.0,6088.167053364269,False,0.6475409836065574,2155,LIVE
0.024059937486135455,170,1221,9,755,1391,0.6454756380510441,0.9497206703910615,0.12221423436376708,0.617914979757085,0.42923433874709976,1311.0,6083.526682134571,False,0.6475409836065574,2155,LIVE
0.024077945522158903,170,1220,9,756,1390,0.6450116009280742,0.9497206703910615,0.1223021582733813,0.6174089068825911,0.4296983758700696,1310.0,6078.886310904872,False,0.6461748633879781,2155,LIVE
0.024100867354380356,170,1219,9,757,1389,0.6445475638051044,0.9497206703910615,0.12239020878329733,0.6169028340080972,0.4301624129930394,1309.0,6074.245939675174,False,0.6461748633879781,2155,LIVE
0.024109980962717003,170,1218,9,758,1388,0.6440835266821345,0.9497206703910615,0.12247838616714697,0.6163967611336032,0.4306264501160093,1308.0,6069.605568445475,False,0.6461748633879781,2155,LIVE
0.02413311299754049,170,1217,9,759,1387,0.6436194895591647,0.9497206703910615,0.12256669069935111,0.6158906882591093,0.43109048723897914,1307.0,6064.965197215777,False,0.6461748633879781,2155,LIVE
0.024205288700113792,170,1216,9,760,1386,0.6431554524361949,0.9497206703910615,0.12265512265512266,0.6153846153846154,0.43155452436194897,1306.0,6060.324825986078,False,0.644808743169399,2155,LIVE
0.024222606816965465,170,1215,9,761,1385,0.642691415313225,0.9497206703910615,0.12274368231046931,0.6148785425101214,0.4320185614849188,1305.0,6055.684454756381,False,0.644808743169399,2155,LIVE
0.024242229303493814,170,1214,9,762,1384,0.6422273781902552,0.9497206703910615,0.12283236994219653,0.6143724696356275,0.4324825986078886,1304.0,6051.044083526682,False,0.644808743169399,2155,LIVE
0.024244862992875964,170,1213,9,763,1383,0.6417633410672854,0.9497206703910615,0.12292118582791034,0.6138663967611336,0.43294663573085845,1303.0,6046.403712296984,False,0.644808743169399,2155,LIVE
0.024283641884963028,170,1212,9,764,1382,0.6412993039443156,0.9497206703910615,0.12301013024602026,0.6133603238866396,0.4334106728538283,1302.0,6041.763341067285,False,0.644808743169399,2155,LIVE
0.02429895058137464,170,1211,9,765,1381,0.6408352668213457,0.9497206703910615,0.12309920347574221,0.6128542510121457,0.43387470997679817,1301.0,6037.122969837587,False,0.644808743169399,2155,LIVE
0.02430399563019639,170,1210,9,766,1380,0.6403712296983759,0.9497206703910615,0.12318840579710146,0.6123481781376519,0.434338747099768,1300.0,6032.482598607889,False,0.6434426229508197,2155,LIVE
0.024323773787885836,170,1209,9,767,1379,0.6399071925754061,0.9497206703910615,0.12327773749093546,0.6118421052631579,0.4348027842227378,1299.0,6027.842227378191,False,0.6420765027322405,2155,LIVE
0.024346850605298148,170,1208,9,768,1378,0.6394431554524362,0.9497206703910615,0.12336719883889695,0.611336032388664,0.43526682134570766,1298.0,6023.201856148492,False,0.6420765027322405,2155,LIVE
0.024349101519043244,170,1207,9,769,1377,0.6389791183294664,0.9497206703910615,0.12345679012345678,0.6108299595141701,0.4357308584686775,1297.0,6018.561484918794,False,0.6420765027322405,2155,LIVE
0.024351166644630846,170,1206,9,770,1376,0.6385150812064965,0.9497206703910615,0.12354651162790697,0.6103238866396761,0.4361948955916473,1296.0,6013.921113689094,False,0.6416893732970027,2155,LIVE
0.024361525408246164,170,1205,9,771,1375,0.6380510440835266,0.9497206703910615,0.12363636363636364,0.6098178137651822,0.43665893271461714,1295.0,6009.280742459397,False,0.6407103825136612,2155,LIVE
0.024367223363165942,170,1204,9,772,1374,0.6375870069605568,0.9497206703910615,0.12372634643377002,0.6093117408906883,0.437122969837587,1294.0,6004.640371229698,False,0.6403269754768393,2155,LIVE
0.024442854150532517,170,1203,9,773,1373,0.637122969837587,0.9497206703910615,0.12381646030589949,0.6088056680161943,0.43758700696055686,1293.0,6000.0,False,0.6403269754768393,2155,LIVE
0.02444579094891496,170,1202,9,774,1372,0.6366589327146172,0.9497206703910615,0.1239067055393586,0.6082995951417004,0.4380510440835267,1292.0,5995.359628770301,False,0.6403269754768393,2155,LIVE
0.024453629016812067,170,1201,9,775,1371,0.6361948955916473,0.9497206703910615,0.12399708242159008,0.6077935222672065,0.4385150812064965,1291.0,5990.719257540603,False,0.6403269754768393,2155,LIVE
0.02446021595245372,170,1200,9,776,1370,0.6357308584686775,0.9497206703910615,0.12408759124087591,0.6072874493927125,0.43897911832946634,1290.0,5986.078886310905,False,0.6403269754768393,2155,LIVE
0.02446203951933778,170,1199,9,777,1369,0.6352668213457077,0.9497206703910615,0.1241782322863404,0.6067813765182186,0.4394431554524362,1289.0,5981.438515081207,False,0.6403269754768393,2155,LIVE
0.024504439747412267,170,1198,9,778,1368,0.6348027842227378,0.9497206703910615,0.12426900584795321,0.6062753036437247,0.43990719257540606,1288.0,5976.798143851508,False,0.6403269754768393,2155,LIVE
0.02451864985570273,170,1197,9,779,1367,0.634338747099768,0.9497206703910615,0.12435991221653256,0.6057692307692307,0.4403712296983759,1287.0,5972.15777262181,False,0.6403269754768393,2155,LIVE
0.024575922446631156,170,1196,9,780,1366,0.6338747099767982,0.9497206703910615,0.12445095168374817,0.6052631578947368,0.4408352668213457,1286.0,5967.517401392111,False,0.6403269754768393,2155,LIVE
0.024582686739541327,170,1195,9,781,1365,0.6334106728538283,0.9497206703910615,0.12454212454212454,0.604757085020243,0.44129930394431555,1285.0,5962.877030162414,False,0.6403269754768393,2155,LIVE
0.024625807951866162,170,1194,9,782,1364,0.6329466357308585,0.9497206703910615,0.12463343108504399,0.604251012145749,0.4417633410672854,1284.0,5958.236658932715,False,0.6403269754768393,2155,LIVE
0.024653133625049097,170,1193,9,783,1363,0.6324825986078886,0.9497206703910615,0.12472487160674982,0.603744939271255,0.4422273781902552,1283.0,5953.596287703016,False,0.6403269754768393,2155,LIVE
0.024666079697434822,170,1192,9,784,1362,0.6320185614849188,0.9497206703910615,0.12481644640234948,0.6032388663967612,0.44269141531322503,1282.0,5948.955916473317,False,0.6403269754768393,2155,LIVE
0.024670314723609147,170,1191,9,785,1361,0.6315545243619489,0.9497206703910615,0.12490815576781777,0.6027327935222672,0.4431554524361949,1281.0,5944.315545243619,False,0.6389645776566758,2155,LIVE
0.02467102271527492,170,1190,9,786,1360,0.6310904872389791,0.9497206703910615,0.125,0.6022267206477733,0.44361948955916475,1280.0,5939.675174013921,False,0.6389645776566758,2155,LIVE
0.024675640081087177,170,1189,9,787,1359,0.6306264501160093,0.9497206703910615,0.12509197939661515,0.6017206477732794,0.4440835266821346,1279.0,5935.034802784223,False,0.6376021798365122,2155,LIVE
0.0247327820464655,170,1188,9,788,1358,0.6301624129930394,0.9497206703910615,0.1251840942562592,0.6012145748987854,0.4445475638051044,1278.0,5930.394431554524,False,0.6362397820163488,2155,LIVE
0.024776032144496845,170,1187,9,789,1357,0.6296983758700696,0.9497206703910615,0.12527634487840825,0.6007085020242915,0.44501160092807424,1277.0,5925.754060324826,False,0.6348773841961853,2155,LIVE
0.02485578148041092,170,1186,9,790,1356,0.6292343387470998,0.9497206703910615,0.12536873156342182,0.6002024291497976,0.44547563805104406,1276.0,5921.1136890951275,False,0.6335149863760218,2155,LIVE
0.024866619435897064,170,1185,9,791,1355,0.62877030162413,0.9497206703910615,0.12546125461254612,0.5996963562753036,0.4459396751740139,1275.0,5916.47331786543,False,0.6335149863760218,2155,LIVE
0.02488856548181235,170,1184,9,792,1354,0.6283062645011601,0.9497206703910615,0.1255539143279173,0.5991902834008097,0.4464037122969838,1274.0,5911.832946635731,False,0.6335149863760218,2155,LIVE
0.024896943925382515,170,1183,9,793,1353,0.6278422273781903,0.9497206703910615,0.12564671101256467,0.5986842105263158,0.4468677494199536,1273.0,5907.192575406033,False,0.6321525885558583,2155,LIVE
0.02491004071933948,170,1182,9,794,1352,0.6273781902552205,0.9497206703910615,0.1257396449704142,0.5981781376518218,0.44733178654292344,1272.0,5902.552204176334,False,0.6321525885558583,2155,LIVE
0.024959457137587217,170,1181,9,795,1351,0.6269141531322506,0.9497206703910615,0.12583271650629163,0.5976720647773279,0.44779582366589327,1271.0,5897.911832946636,False,0.6321525885558583,2155,LIVE
0.025020501146422895,170,1180,9,796,1350,0.6264501160092807,0.9497206703910615,0.1259259259259259,0.597165991902834,0.4482598607888631,1270.0,5893.271461716937,False,0.6321525885558583,2155,LIVE
0.025044295940622244,170,1179,9,797,1349,0.6259860788863109,0.9497206703910615,0.12601927353595255,0.59665991902834,0.4487238979118329,1269.0,5888.631090487239,False,0.6307901907356949,2155,LIVE
0.025052381160279233,170,1178,9,798,1348,0.625522041763341,0.9497206703910615,0.1261127596439169,0.5961538461538461,0.4491879350348028,1268.0,5883.99071925754,False,0.6307901907356949,2155,LIVE
0.025089272918784655,170,1177,9,799,1347,0.6250580046403712,0.9497206703910615,0.12620638455827765,0.5956477732793523,0.44965197215777264,1267.0,5879.350348027842,False,0.6294277929155313,2155,LIVE
0.02511367983184056,170,1176,9,800,1346,0.6245939675174014,0.9497206703910615,0.1263001485884101,0.5951417004048583,0.45011600928074247,1266.0,5874.7099767981435,False,0.6280653950953679,2155,LIVE
0.025135779246662823,170,1175,9,801,1345,0.6241299303944315,0.9497206703910615,0.12639405204460966,0.5946356275303644,0.4505800464037123,1265.0,5870.069605568446,False,0.6280653950953679,2155,LIVE
0.02515041581648625,170,1174,9,802,1344,0.6236658932714617,0.9497206703910615,0.12648809523809523,0.5941295546558705,0.4510440835266821,1264.0,5865.429234338747,False,0.6267029972752044,2155,LIVE
0.025205733697044323,170,1173,9,803,1343,0.6232018561484919,0.9497206703910615,0.12658227848101267,0.5936234817813765,0.45150812064965196,1263.0,5860.788863109049,False,0.6267029972752044,2155,LIVE
0.02526869188369442,170,1172,9,804,1342,0.622737819025522,0.9497206703910615,0.12667660208643816,0.5931174089068826,0.4519721577726218,1262.0,5856.14849187935,False,0.6267029972752044,2155,LIVE
0.025325285397637974,170,1171,9,805,1341,0.6222737819025522,0.9497206703910615,0.1267710663683818,0.5926113360323887,0.45243619489559167,1261.0,5851.5081206496525,False,0.6253405994550408,2155,LIVE
0.025335338300570723,170,1170,9,806,1340,0.6218097447795824,0.9497206703910615,0.12686567164179105,0.5921052631578947,0.4529002320185615,1260.0,5846.867749419954,False,0.6253405994550408,2155,LIVE
0.025375758922735466,170,1169,9,807,1339,0.6213457076566126,0.9497206703910615,0.12696041822255413,0.5915991902834008,0.45336426914153133,1259.0,5842.227378190256,False,0.6253405994550408,2155,LIVE
0.025401179646590746,170,1168,9,808,1338,0.6208816705336427,0.9497206703910615,0.12705530642750373,0.5910931174089069,0.45382830626450116,1258.0,5837.587006960557,False,0.6253405994550408,2155,LIVE
0.025433657961373993,170,1167,9,809,1337,0.6204176334106729,0.9497206703910615,0.12715033657442035,0.5905870445344129,0.454292343387471,1257.0,5832.946635730858,False,0.6253405994550408,2155,LIVE
0.02545574226600769,170,1166,9,810,1336,0.619953596287703,0.9497206703910615,0.12724550898203593,0.590080971659919,0.4547563805104408,1256.0,5828.30626450116,False,0.6253405994550408,2155,LIVE
0.025471672072761155,170,1165,9,811,1335,0.6194895591647331,0.9497206703910615,0.12734082397003746,0.5895748987854251,0.45522041763341065,1255.0,5823.665893271462,False,0.6253405994550408,2155,LIVE
0.025474446835450727,170,1164,9,812,1334,0.6190255220417633,0.9497206703910615,0.12743628185907047,0.5890688259109311,0.45568445475638053,1254.0,5819.025522041763,False,0.6253405994550408,2155,LIVE
0.025497423906026592,170,1163,9,813,1333,0.6185614849187935,0.9497206703910615,0.1275318829707427,0.5885627530364372,0.45614849187935036,1253.0,5814.385150812065,False,0.6239782016348774,2155,LIVE
0.025521044197748803,170,1162,9,814,1332,0.6180974477958237,0.9497206703910615,0.12762762762762764,0.5880566801619433,0.4566125290023202,1252.0,5809.744779582366,False,0.6226158038147139,2155,LIVE
0.025559933548235214,170,1161,9,815,1331,0.6176334106728538,0.9497206703910615,0.1277235161532682,0.5875506072874493,0.45707656612529,1251.0,5805.1044083526685,False,0.6212534059945504,2155,LIVE
0.025640509350438784,170,1160,9,816,1330,0.617169373549884,0.9497206703910615,0.12781954887218044,0.5870445344129555,0.45754060324825985,1250.0,5800.46403712297,False,0.6198910081743869,2155,LIVE
0.0256931081406534,170,1159,9,817,1329,0.6167053364269142,0.9497206703910615,0.12791572610985705,0.5865384615384616,0.4580046403712297,1249.0,5795.823665893272,False,0.6198910081743869,2155,LIVE
0.025705414372325455,170,1158,9,818,1328,0.6162412993039443,0.9497206703910615,0.1280120481927711,0.5860323886639676,0.45846867749419956,1248.0,5791.183294663573,False,0.6185286103542235,2155,LIVE
0.025708414708998914,170,1157,9,819,1327,0.6157772621809745,0.9497206703910615,0.1281085154483798,0.5855263157894737,0.4589327146171694,1247.0,5786.542923433875,False,0.6185286103542235,2155,LIVE
0.02571529195908158,170,1156,9,820,1326,0.6153132250580047,0.9497206703910615,0.1282051282051282,0.5850202429149798,0.4593967517401392,1246.0,5781.902552204177,False,0.6185286103542235,2155,LIVE
0.025758680744784487,170,1155,9,821,1325,0.6148491879350348,0.9497206703910615,0.12830188679245283,0.5845141700404858,0.45986078886310905,1245.0,5777.262180974479,False,0.6185286103542235,2155,LIVE
0.02584510315688906,170,1154,9,822,1324,0.614385150812065,0.9497206703910615,0.1283987915407855,0.5840080971659919,0.4603248259860789,1244.0,5772.62180974478,False,0.6185286103542235,2155,LIVE
0.025880781449554358,170,1153,9,823,1323,0.6139211136890951,0.9497206703910615,0.12849584278155707,0.583502024291498,0.4607888631090487,1243.0,5767.98143851508,False,0.6171662125340599,2155,LIVE
0.025892965294278533,170,1152,9,824,1322,0.6134570765661252,0.9497206703910615,0.12859304084720122,0.582995951417004,0.46125290023201854,1242.0,5763.341067285382,False,0.6171662125340599,2155,LIVE
0.0258977968002328,170,1151,9,825,1321,0.6129930394431554,0.9497206703910615,0.1286903860711582,0.5824898785425101,0.4617169373549884,1241.0,5758.700696055684,False,0.6158038147138964,2155,LIVE
0.025931349899592743,170,1150,9,826,1320,0.6125290023201856,0.9497206703910615,0.12878787878787878,0.5819838056680162,0.46218097447795825,1240.0,5754.060324825986,False,0.6158038147138964,2155,LIVE
0.025937172842526984,170,1149,9,827,1319,0.6120649651972158,0.9497206703910615,0.1288855193328279,0.5814777327935222,0.4626450116009281,1239.0,5749.419953596288,False,0.6158038147138964,2155,LIVE
0.025954942957281575,170,1148,9,828,1318,0.6116009280742459,0.9497206703910615,0.12898330804248861,0.5809716599190283,0.4631090487238979,1238.0,5744.779582366589,False,0.6158038147138964,2155,LIVE
0.026006031631396136,170,1147,9,829,1317,0.6111368909512761,0.9497206703910615,0.12908124525436598,0.5804655870445344,0.46357308584686774,1237.0,5740.139211136891,False,0.6158038147138964,2155,LIVE
0.026025615110605096,170,1146,9,830,1316,0.6106728538283063,0.9497206703910615,0.12917933130699089,0.5799595141700404,0.46403712296983757,1236.0,5735.498839907193,False,0.6158038147138964,2155,LIVE
0.026094270719464296,170,1145,9,831,1315,0.6102088167053364,0.9497206703910615,0.12927756653992395,0.5794534412955465,0.4645011600928074,1235.0,5730.858468677495,False,0.6158038147138964,2155,LIVE
0.026155761088201574,170,1144,9,832,1314,0.6097447795823666,0.9497206703910615,0.1293759512937595,0.5789473684210527,0.4649651972157773,1234.0,5726.218097447796,False,0.6158038147138964,2155,LIVE
0.02615688976043539,170,1143,9,833,1313,0.6092807424593968,0.9497206703910615,0.12947448591012947,0.5784412955465587,0.4654292343387471,1233.0,5721.577726218098,False,0.6158038147138964,2155,LIVE
0.026272342979188096,170,1142,9,834,1312,0.608816705336427,0.9497206703910615,0.12957317073170732,0.5779352226720648,0.46589327146171694,1232.0,5716.937354988399,False,0.6158038147138964,2155,LIVE
0.02637652226752233,170,1141,9,835,1311,0.6083526682134571,0.9497206703910615,0.12967200610221205,0.5774291497975709,0.46635730858468677,1231.0,5712.296983758702,False,0.6158038147138964,2155,LIVE
0.026411217903916512,170,1140,9,836,1310,0.6078886310904872,0.9497206703910615,0.1297709923664122,0.5769230769230769,0.4668213457076566,1230.0,5707.656612529002,False,0.6158038147138964,2155,LIVE
0.026456317834587583,170,1139,9,837,1309,0.6074245939675174,0.9497206703910615,0.12987012987012986,0.576417004048583,0.46728538283062643,1229.0,5703.016241299303,False,0.614441416893733,2155,LIVE
0.026518985524600653,170,1138,9,838,1308,0.6069605568445475,0.9497206703910615,0.12996941896024464,0.5759109311740891,0.4677494199535963,1228.0,5698.375870069605,False,0.614441416893733,2155,LIVE
0.02662096942636681,170,1137,9,839,1307,0.6064965197215777,0.9497206703910615,0.13006885998469778,0.5754048582995951,0.46821345707656614,1227.0,5693.7354988399065,False,0.6130790190735694,2155,LIVE
0.02664816524904844,170,1136,9,840,1306,0.6060324825986079,0.9497206703910615,0.13016845329249618,0.5748987854251012,0.46867749419953597,1226.0,5689.095127610209,False,0.6130790190735694,2155,LIVE
0.026651418312173963,170,1135,9,841,1305,0.605568445475638,0.9497206703910615,0.13026819923371646,0.5743927125506073,0.4691415313225058,1225.0,5684.45475638051,False,0.6130790190735694,2155,LIVE
0.026710070612087463,170,1134,9,842,1304,0.6051044083526682,0.9497206703910615,0.1303680981595092,0.5738866396761133,0.46960556844547563,1224.0,5679.814385150812,False,0.611716621253406,2155,LIVE
0.026770266600892604,170,1133,9,843,1303,0.6046403712296984,0.9497206703910615,0.13046815042210283,0.5733805668016194,0.47006960556844546,1223.0,5675.174013921113,False,0.611716621253406,2155,LIVE
0.02678709502597728,170,1132,9,844,1302,0.6041763341067286,0.9497206703910615,0.130568356374808,0.5728744939271255,0.4705336426914153,1222.0,5670.5336426914155,False,0.611716621253406,2155,LIVE
0.026796839365484364,170,1131,9,845,1301,0.6037122969837587,0.9497206703910615,0.13066871637202152,0.5723684210526315,0.4709976798143852,1221.0,5665.893271461717,False,0.611716621253406,2155,LIVE
0.02682904602867751,170,1130,9,846,1300,0.6032482598607889,0.9497206703910615,0.13076923076923078,0.5718623481781376,0.471461716937355,1220.0,5661.252900232019,False,0.6103542234332425,2155,LIVE
0.026923848879678473,170,1129,9,847,1299,0.6027842227378191,0.9497206703910615,0.1308698999230177,0.5713562753036437,0.47192575406032483,1219.0,5656.612529002321,False,0.6103542234332425,2155,LIVE
0.026930186510110865,170,1128,9,848,1298,0.6023201856148492,0.9497206703910615,0.13097072419106318,0.5708502024291497,0.47238979118329466,1218.0,5651.972157772622,False,0.6103542234332425,2155,LIVE
0.026991917151650252,170,1127,9,849,1297,0.6018561484918794,0.9497206703910615,0.13107170393215112,0.5703441295546559,0.4728538283062645,1217.0,5647.331786542923,False,0.6089918256130791,2155,LIVE
0.027086953737239634,170,1126,9,850,1296,0.6013921113689095,0.9497206703910615,0.13117283950617284,0.569838056680162,0.4733178654292343,1216.0,5642.691415313225,False,0.6089918256130791,2155,LIVE
0.027309386110567827,170,1125,9,851,1295,0.6009280742459396,0.9497206703910615,0.13127413127413126,0.569331983805668,0.4737819025522042,1215.0,5638.051044083526,False,0.6089918256130791,2155,LIVE
0.027402184132463942,170,1124,9,852,1294,0.6004640371229698,0.9497206703910615,0.13137557959814528,0.5688259109311741,0.47424593967517403,1214.0,5633.410672853828,False,0.6089918256130791,2155,LIVE
0.027404104298128312,170,1123,9,853,1293,0.6,0.9497206703910615,0.131477184841454,0.5683198380566802,0.47470997679814386,1213.0,5628.770301624129,False,0.6089918256130791,2155,LIVE
0.02744634976467117,170,1122,9,854,1292,0.5995359628770301,0.9497206703910615,0.13157894736842105,0.5678137651821862,0.4751740139211137,1212.0,5624.1299303944315,False,0.6089918256130791,2155,LIVE
0.02755159184669921,170,1121,9,855,1291,0.5990719257540603,0.9497206703910615,0.13168086754453912,0.5673076923076923,0.4756380510440835,1211.0,5619.489559164733,False,0.6089918256130791,2155,LIVE
0.027563249227220296,170,1120,9,856,1290,0.5986078886310905,0.9497206703910615,0.13178294573643412,0.5668016194331984,0.47610208816705335,1210.0,5614.849187935035,False,0.6089918256130791,2155,LIVE
0.027600382616105156,170,1119,9,857,1289,0.5981438515081207,0.9497206703910615,0.13188518231186966,0.5662955465587044,0.4765661252900232,1209.0,5610.208816705336,False,0.6076294277929155,2155,LIVE
0.02760754260522396,170,1118,9,858,1288,0.5976798143851508,0.9497206703910615,0.13198757763975155,0.5657894736842105,0.47703016241299306,1208.0,5605.568445475638,False,0.6076294277929155,2155,LIVE
0.027653872161239195,170,1117,9,859,1287,0.597215777262181,0.9497206703910615,0.1320901320901321,0.5652834008097166,0.4774941995359629,1207.0,5600.92807424594,False,0.6062670299727521,2155,LIVE
0.027664735114744873,170,1116,9,860,1286,0.5967517401392112,0.9497206703910615,0.1321928460342146,0.5647773279352226,0.4779582366589327,1206.0,5596.287703016242,False,0.6049046321525886,2155,LIVE
0.027672807551669634,170,1115,9,861,1285,0.5962877030162413,0.9497206703910615,0.13229571984435798,0.5642712550607287,0.47842227378190255,1205.0,5591.647331786543,False,0.6049046321525886,2155,LIVE
0.027691051494447234,170,1114,9,862,1284,0.5958236658932715,0.9497206703910615,0.13239875389408098,0.5637651821862348,0.4788863109048724,1204.0,5587.006960556845,False,0.6049046321525886,2155,LIVE
0.027694890549336878,170,1113,9,863,1283,0.5953596287703016,0.9497206703910615,0.13250194855806702,0.5632591093117408,0.4793503480278422,1203.0,5582.366589327145,False,0.6049046321525886,2155,LIVE
0.02771999380830046,170,1112,9,864,1282,0.5948955916473317,0.9497206703910615,0.13260530421216848,0.562753036437247,0.47981438515081204,1202.0,5577.726218097448,False,0.6049046321525886,2155,LIVE
0.02784743373437089,170,1111,9,865,1281,0.5944315545243619,0.9497206703910615,0.1327088212334114,0.562246963562753,0.4802784222737819,1201.0,5573.085846867749,False,0.603542234332425,2155,LIVE
0.027930677723785408,170,1110,9,866,1280,0.5939675174013921,0.9497206703910615,0.1328125,0.5617408906882592,0.48074245939675175,1200.0,5568.445475638051,False,0.6021798365122616,2155,LIVE
0.02794626949714605,170,1109,9,867,1279,0.5935034802784223,0.9497206703910615,0.13291634089132134,0.5612348178137652,0.4812064965197216,1199.0,5563.805104408352,False,0.6008174386920981,2155,LIVE
0.028003260234385506,170,1108,9,868,1278,0.5930394431554524,0.9497206703910615,0.13302034428794993,0.5607287449392713,0.4816705336426914,1198.0,5559.164733178654,False,0.6008174386920981,2155,LIVE
0.028012402437175815,170,1107,9,869,1277,0.5925754060324826,0.9497206703910615,0.1331245105716523,0.5602226720647774,0.48213457076566124,1197.0,5554.524361948956,False,0.6008174386920981,2155,LIVE
0.028098809902573185,170,1106,9,870,1276,0.5921113689095128,0.9497206703910615,0.13322884012539185,0.5597165991902834,0.48259860788863107,1196.0,5549.883990719258,False,0.6008174386920981,2155,LIVE
0.028137290437892103,170,1105,9,871,1275,0.5916473317865429,0.9497206703910615,0.13333333333333333,0.5592105263157895,0.48306264501160096,1195.0,5545.243619489559,False,0.5994550408719346,2155,LIVE
0.028187322850651557,170,1104,9,872,1274,0.5911832946635731,0.9497206703910615,0.13343799058084774,0.5587044534412956,0.4835266821345708,1194.0,5540.603248259861,False,0.5994550408719346,2155,LIVE
0.028234404222456256,170,1103,9,873,1273,0.5907192575406033,0.9497206703910615,0.1335428122545169,0.5581983805668016,0.4839907192575406,1193.0,5535.962877030162,False,0.5980926430517711,2155,LIVE
0.028349494957901476,170,1102,9,874,1272,0.5902552204176335,0.9497206703910615,0.13364779874213836,0.5576923076923077,0.48445475638051044,1192.0,5531.322505800465,False,0.5980926430517711,2155,LIVE
0.028358721795366335,170,1101,9,875,1271,0.5897911832946636,0.9497206703910615,0.13375295043273014,0.5571862348178138,0.48491879350348027,1191.0,5526.682134570766,False,0.5980926430517711,2155,LIVE
0.02837493824019702,170,1100,9,876,1270,0.5893271461716937,0.9497206703910615,0.13385826771653545,0.5566801619433198,0.4853828306264501,1190.0,5522.041763341067,False,0.5980926430517711,2155,LIVE
0.02840702723640068,170,1099,9,877,1269,0.5888631090487239,0.9497206703910615,0.13396375098502758,0.5561740890688259,0.48584686774941993,1189.0,5517.401392111368,False,0.5967302452316077,2155,LIVE
0.028429213342414203,170,1098,9,878,1268,0.588399071925754,0.9497206703910615,0.13406940063091483,0.555668016194332,0.4863109048723898,1188.0,5512.76102088167,False,0.5967302452316077,2155,LIVE
0.028469291013354214,170,1097,9,879,1267,0.5879350348027842,0.9497206703910615,0.13417521704814522,0.555161943319838,0.48677494199535964,1187.0,5508.120649651972,False,0.5953678474114441,2155,LIVE
0.028517195431247457,170,1096,9,880,1266,0.5874709976798144,0.9497206703910615,0.13428120063191154,0.5546558704453441,0.4872389791183295,1186.0,5503.480278422274,False,0.5953678474114441,2155,LIVE
0.028534539486055565,170,1095,9,881,1265,0.5870069605568445,0.9497206703910615,0.13438735177865613,0.5541497975708503,0.4877030162412993,1185.0,5498.839907192575,False,0.5940054495912807,2155,LIVE
0.02856323835269918,170,1094,9,882,1264,0.5865429234338747,0.9497206703910615,0.13449367088607594,0.5536437246963563,0.48816705336426913,1184.0,5494.199535962877,False,0.5940054495912807,2155,LIVE
0.028563532927465902,170,1093,9,883,1263,0.5860788863109049,0.9497206703910615,0.13460015835312747,0.5531376518218624,0.48863109048723896,1183.0,5489.5591647331785,False,0.5926430517711172,2155,LIVE
0.02858035172909045,170,1092,9,884,1262,0.585614849187935,0.9497206703910615,0.1347068145800317,0.5526315789473685,0.4890951276102088,1182.0,5484.918793503481,False,0.5912806539509536,2155,LIVE
0.028603119540195385,170,1091,9,885,1261,0.5851508120649652,0.9497206703910615,0.13481363996827914,0.5521255060728745,0.4895591647331787,1181.0,5480.278422273782,False,0.5899182561307902,2155,LIVE
0.028682385656188886,170,1090,9,886,1260,0.5846867749419954,0.9497206703910615,0.1349206349206349,0.5516194331983806,0.4900232018561485,1180.0,5475.638051044084,False,0.5885558583106267,2155,LIVE
0.028755069155187572,170,1089,9,887,1259,0.5842227378190256,0.9497206703910615,0.13502779984114377,0.5511133603238867,0.49048723897911833,1179.0,5470.997679814385,False,0.5885558583106267,2155,LIVE
0.028919795307259293,170,1088,9,888,1258,0.5837587006960557,0.9497206703910615,0.13513513513513514,0.5506072874493927,0.49095127610208816,1178.0,5466.357308584687,False,0.5885558583106267,2155,LIVE
0.02895501797002634,170,1087,9,889,1257,0.5832946635730858,0.9497206703910615,0.13524264120922833,0.5501012145748988,0.491415313225058,1177.0,5461.716937354988,False,0.5885558583106267,2155,LIVE
0.02905176748667228,170,1086,9,890,1256,0.582830626450116,0.9497206703910615,0.13535031847133758,0.5495951417004049,0.4918793503480278,1176.0,5457.07656612529,False,0.5871934604904632,2155,LIVE
0.029058356665332633,170,1085,9,891,1255,0.5823665893271461,0.9497206703910615,0.13545816733067728,0.5490890688259109,0.4923433874709977,1175.0,5452.436194895591,False,0.5858310626702997,2155,LIVE
0.0290743097680267,170,1084,9,892,1254,0.5819025522041763,0.9497206703910615,0.13556618819776714,0.548582995951417,0.49280742459396754,1174.0,5447.795823665893,False,0.5858310626702997,2155,LIVE
0.02911426807591918,170,1083,9,893,1253,0.5814385150812065,0.9497206703910615,0.13567438148443736,0.5480769230769231,0.49327146171693736,1173.0,5443.1554524361945,False,0.5858310626702997,2155,LIVE
0.029151512826740975,170,1082,9,894,1252,0.5809744779582366,0.9497206703910615,0.13578274760383385,0.5475708502024291,0.4937354988399072,1172.0,5438.515081206497,False,0.5858310626702997,2155,LIVE
0.029265609956940476,170,1081,9,895,1251,0.5805104408352668,0.9497206703910615,0.13589128697042366,0.5470647773279352,0.494199535962877,1171.0,5433.874709976798,False,0.5858310626702997,2155,LIVE
0.029269490960024874,170,1080,9,896,1250,0.580046403712297,0.9497206703910615,0.136,0.5465587044534413,0.49466357308584685,1170.0,5429.2343387471,False,0.5858310626702997,2155,LIVE
0.029453874296624993,170,1079,9,897,1249,0.5795823665893272,0.9497206703910615,0.13610888710968774,0.5460526315789473,0.4951276102088167,1169.0,5424.593967517401,False,0.5858310626702997,2155,LIVE
0.029474846140527783,170,1078,9,898,1248,0.5791183294663573,0.9497206703910615,0.1362179487179487,0.5455465587044535,0.49559164733178657,1168.0,5419.9535962877035,False,0.5858310626702997,2155,LIVE
0.029490485603548732,170,1077,9,899,1247,0.5786542923433875,0.9497206703910615,0.136327185244587,0.5450404858299596,0.4960556844547564,1167.0,5415.313225058005,False,0.5858310626702997,2155,LIVE
0.02954650322229355,170,1076,9,900,1246,0.5781902552204177,0.9497206703910615,0.13643659711075443,0.5445344129554656,0.4965197215777262,1166.0,5410.672853828307,False,0.5844686648501363,2155,LIVE
0.029550708780738847,170,1075,9,901,1245,0.5777262180974478,0.9497206703910615,0.13654618473895583,0.5440283400809717,0.49698375870069605,1165.0,5406.032482598608,False,0.5844686648501363,2155,LIVE
0.029641317372104705,170,1074,9,902,1244,0.577262180974478,0.9497206703910615,0.13665594855305466,0.5435222672064778,0.4974477958236659,1164.0,5401.39211136891,False,0.5844686648501363,2155,LIVE
0.029715775583889985,170,1073,9,903,1243,0.5767981438515081,0.9497206703910615,0.13676588897827835,0.5430161943319838,0.4979118329466357,1163.0,5396.751740139211,False,0.5844686648501363,2155,LIVE
0.02971832271286562,170,1072,9,904,1242,0.5763341067285382,0.9497206703910615,0.13687600644122383,0.5425101214574899,0.49837587006960554,1162.0,5392.111368909513,False,0.5831062670299727,2155,LIVE
0.029802537066888374,169,1072,10,904,1241,0.5758700696055684,0.9441340782122905,0.1361804995970991,0.5425101214574899,0.4979118329466357,1172.0,5438.515081206497,False,0.5831062670299727,2155,LIVE
0.02985358794737447,169,1071,10,905,1240,0.5754060324825986,0.9441340782122905,0.13629032258064516,0.542004048582996,0.49837587006960554,1171.0,5433.874709976798,False,0.5831062670299727,2155,LIVE
0.02987934391573867,169,1070,10,906,1239,0.5749419953596288,0.9441340782122905,0.13640032284100082,0.541497975708502,0.4988399071925754,1170.0,5429.2343387471,False,0.5817438692098093,2155,LIVE
0.029945415985865587,169,1069,10,907,1238,0.5744779582366589,0.9441340782122905,0.13651050080775445,0.5409919028340081,0.49930394431554526,1169.0,5424.593967517401,False,0.5803814713896458,2155,LIVE
0.030025193477840797,169,1068,10,908,1237,0.5740139211136891,0.9441340782122905,0.13662085691188358,0.5404858299595142,0.4997679814385151,1168.0,5419.9535962877035,False,0.5803814713896458,2155,LIVE
0.030040825945476843,169,1067,10,909,1236,0.5735498839907193,0.9441340782122905,0.13673139158576053,0.5399797570850202,0.5002320185614849,1167.0,5415.313225058005,False,0.5790190735694822,2155,LIVE
0.0300870339126742,169,1066,10,910,1235,0.5730858468677494,0.9441340782122905,0.1368421052631579,0.5394736842105263,0.5006960556844547,1166.0,5410.672853828307,False,0.5790190735694822,2155,LIVE
0.030190086093875704,169,1065,10,911,1234,0.5726218097447796,0.9441340782122905,0.13695299837925445,0.5389676113360324,0.5011600928074246,1165.0,5406.032482598608,False,0.5776566757493188,2155,LIVE
0.030231589846174217,169,1064,10,912,1233,0.5721577726218098,0.9441340782122905,0.13706407137064072,0.5384615384615384,0.5016241299303944,1164.0,5401.39211136891,False,0.5762942779291553,2155,LIVE
0.030254136533121808,169,1063,10,913,1232,0.57169373549884,0.9441340782122905,0.13717532467532467,0.5379554655870445,0.5020881670533642,1163.0,5396.751740139211,False,0.5762942779291553,2155,LIVE
0.03026394304028612,169,1062,10,914,1231,0.5712296983758701,0.9441340782122905,0.1372867587327376,0.5374493927125507,0.5025522041763341,1162.0,5392.111368909513,False,0.5749318801089919,2155,LIVE
0.030340768319344437,169,1061,10,915,1230,0.5707656612529002,0.9441340782122905,0.13739837398373983,0.5369433198380567,0.5030162412993039,1161.0,5387.470997679814,False,0.5749318801089919,2155,LIVE
0.030349588193417005,169,1060,10,916,1229,0.5703016241299304,0.9441340782122905,0.13751017087062653,0.5364372469635628,0.5034802784222738,1160.0,5382.830626450116,False,0.5735694822888283,2155,LIVE
0.030367516140581627,169,1059,10,917,1228,0.5698375870069605,0.9441340782122905,0.13762214983713356,0.5359311740890689,0.5039443155452437,1159.0,5378.190255220417,False,0.5722070844686649,2155,LIVE
0.03042526708221508,169,1058,10,918,1227,0.5693735498839907,0.9441340782122905,0.13773431132844335,0.5354251012145749,0.5044083526682135,1158.0,5373.5498839907195,False,0.5722070844686649,2155,LIVE
0.03050663520161312,169,1057,10,919,1226,0.5689095127610209,0.9441340782122905,0.13784665579119088,0.534919028340081,0.5048723897911833,1157.0,5368.909512761021,False,0.5708446866485014,2155,LIVE
0.03057829255985379,169,1056,10,920,1225,0.568445475638051,0.9441340782122905,0.13795918367346938,0.5344129554655871,0.5053364269141531,1156.0,5364.269141531323,False,0.5694822888283378,2155,LIVE
0.030591581293941086,169,1055,10,921,1224,0.5679814385150812,0.9441340782122905,0.1380718954248366,0.5339068825910931,0.505800464037123,1155.0,5359.628770301624,False,0.5694822888283378,2155,LIVE
0.03060755969187761,169,1054,10,922,1223,0.5675174013921114,0.9441340782122905,0.1381847914963205,0.5334008097165992,0.5062645011600928,1154.0,5354.988399071926,False,0.5681198910081744,2155,LIVE
0.030654528953208426,169,1053,10,923,1222,0.5670533642691415,0.9441340782122905,0.13829787234042554,0.5328947368421053,0.5067285382830626,1153.0,5350.348027842228,False,0.5674891146589259,2155,LIVE
0.030668068767051596,169,1052,10,924,1221,0.5665893271461717,0.9441340782122905,0.13841113841113842,0.5323886639676113,0.5071925754060325,1152.0,5345.70765661253,False,0.5674891146589259,2155,LIVE
0.030719392309377404,169,1051,10,925,1220,0.5661252900232019,0.9441340782122905,0.13852459016393442,0.5318825910931174,0.5076566125290023,1151.0,5341.067285382831,False,0.5674891146589259,2155,LIVE
0.030727516555799774,169,1050,10,926,1219,0.5656612529002321,0.9441340782122905,0.13863822805578344,0.5313765182186235,0.5081206496519721,1150.0,5336.426914153132,False,0.5674891146589259,2155,LIVE
0.030771128454304054,169,1049,10,927,1218,0.5651972157772622,0.9441340782122905,0.138752052545156,0.5308704453441295,0.508584686774942,1149.0,5331.786542923433,False,0.5660377358490566,2155,LIVE
0.03080696556215255,169,1048,10,928,1217,0.5647331786542923,0.9441340782122905,0.1388660640920296,0.5303643724696356,0.5090487238979118,1148.0,5327.146171693736,False,0.5660377358490566,2155,LIVE
0.030918447208112206,169,1047,10,929,1216,0.5642691415313225,0.9441340782122905,0.13898026315789475,0.5298582995951417,0.5095127610208817,1147.0,5322.505800464037,False,0.5660377358490566,2155,LIVE
0.03100474467462973,169,1046,10,930,1215,0.5638051044083526,0.9441340782122905,0.1390946502057613,0.5293522267206477,0.5099767981438516,1146.0,5317.865429234339,False,0.5660377358490566,2155,LIVE
0.03104599748096009,169,1045,10,931,1214,0.5633410672853828,0.9441340782122905,0.13920922570016475,0.5288461538461539,0.5104408352668214,1145.0,5313.22505800464,False,0.5660377358490566,2155,LIVE
0.031062921071492024,169,1044,10,932,1213,0.562877030162413,0.9441340782122905,0.1393239901071723,0.52834008097166,0.5109048723897912,1144.0,5308.584686774942,False,0.5660377358490566,2155,LIVE
0.031116095389510795,169,1043,10,933,1212,0.5624129930394431,0.9441340782122905,0.13943894389438943,0.527834008097166,0.511368909512761,1143.0,5303.944315545244,False,0.5660377358490566,2155,LIVE
0.031125562696561453,169,1042,10,934,1211,0.5619489559164733,0.9441340782122905,0.13955408753096615,0.5273279352226721,0.5118329466357309,1142.0,5299.303944315546,False,0.5660377358490566,2155,LIVE
0.031127825545335535,168,1042,11,934,1210,0.5614849187935035,0.9385474860335196,0.13884297520661157,0.5273279352226721,0.511368909512761,1152.0,5345.70765661253,False,0.5645863570391872,2155,LIVE
0.03118417877445739,168,1041,11,935,1209,0.5610208816705337,0.9385474860335196,0.13895781637717122,0.5268218623481782,0.5118329466357309,1151.0,5341.067285382831,False,0.5631349782293179,2155,LIVE
0.031191094061739585,168,1040,11,936,1208,0.5605568445475638,0.9385474860335196,0.1390728476821192,0.5263157894736842,0.5122969837587007,1150.0,5336.426914153132,False,0.5616835994194485,2155,LIVE
0.031210229135500325,168,1039,11,937,1207,0.560092807424594,0.9385474860335196,0.1391880695940348,0.5258097165991903,0.5127610208816705,1149.0,5331.786542923433,False,0.5616835994194485,2155,LIVE
0.031227575716735515,168,1038,11,938,1206,0.5596287703016242,0.9385474860335196,0.13930348258706468,0.5253036437246964,0.5132250580046404,1148.0,5327.146171693736,False,0.5616835994194485,2155,LIVE
0.031237112814075874,168,1037,11,939,1205,0.5591647331786543,0.9385474860335196,0.13941908713692946,0.5247975708502024,0.5136890951276102,1147.0,5322.505800464037,False,0.5616835994194485,2155,LIVE
0.0312558001200503,168,1036,11,940,1204,0.5587006960556845,0.9385474860335196,0.13953488372093023,0.5242914979757085,0.51415313225058,1146.0,5317.865429234339,False,0.5616835994194485,2155,LIVE
0.03127223002546066,168,1035,11,941,1203,0.5582366589327146,0.9385474860335196,0.1396508728179551,0.5237854251012146,0.5146171693735498,1145.0,5313.22505800464,False,0.5602322206095791,2155,LIVE
0.031336236531804715,168,1034,11,942,1202,0.5577726218097447,0.9385474860335196,0.13976705490848584,0.5232793522267206,0.5150812064965197,1144.0,5308.584686774942,False,0.5602322206095791,2155,LIVE
0.03137211675968527,168,1033,11,943,1201,0.5573085846867749,0.9385474860335196,0.1398834304746045,0.5227732793522267,0.5155452436194896,1143.0,5303.944315545244,False,0.5602322206095791,2155,LIVE
0.031393267984319226,168,1032,11,944,1200,0.5568445475638051,0.9385474860335196,0.14,0.5222672064777328,0.5160092807424594,1142.0,5299.303944315546,False,0.5602322206095791,2155,LIVE
0.03140383854595427,168,1031,11,945,1199,0.5563805104408353,0.9385474860335196,0.14011676396997497,0.5217611336032388,0.5164733178654293,1141.0,5294.663573085847,False,0.5602322206095791,2155,LIVE
0.03146333611991548,168,1030,11,946,1198,0.5559164733178654,0.9385474860335196,0.14023372287145242,0.521255060728745,0.5169373549883991,1140.0,5290.023201856149,False,0.5587808417997098,2155,LIVE
0.031595584866999704,168,1029,11,947,1197,0.5554524361948956,0.9385474860335196,0.14035087719298245,0.520748987854251,0.5174013921113689,1139.0,5285.38283062645,False,0.5587808417997098,2155,LIVE
0.03161345813048786,168,1028,11,948,1196,0.5549883990719258,0.9385474860335196,0.14046822742474915,0.520242914979757,0.5178654292343388,1138.0,5280.742459396753,False,0.5587808417997098,2155,LIVE
0.03171485081458586,168,1027,11,949,1195,0.5545243619489559,0.9385474860335196,0.14058577405857742,0.5197368421052632,0.5183294663573086,1137.0,5276.102088167053,False,0.5587808417997098,2155,LIVE
0.031717764448095605,168,1026,11,950,1194,0.5540603248259861,0.9385474860335196,0.1407035175879397,0.5192307692307693,0.5187935034802784,1136.0,5271.461716937354,False,0.5587808417997098,2155,LIVE
0.031733078554565454,168,1025,11,951,1193,0.5535962877030163,0.9385474860335196,0.14082145850796313,0.5187246963562753,0.5192575406032482,1135.0,5266.821345707656,False,0.5587808417997098,2155,LIVE
0.03173314745983787,168,1024,11,952,1192,0.5531322505800464,0.9385474860335196,0.14093959731543623,0.5182186234817814,0.5197215777262181,1134.0,5262.1809744779575,False,0.5587808417997098,2155,LIVE
0.03194516492452666,168,1023,11,953,1191,0.5526682134570766,0.9385474860335196,0.14105793450881612,0.5177125506072875,0.5201856148491879,1133.0,5257.54060324826,False,0.5573294629898403,2155,LIVE
0.03194932920809405,168,1022,11,954,1190,0.5522041763341067,0.9385474860335196,0.1411764705882353,0.5172064777327935,0.5206496519721577,1132.0,5252.900232018561,False,0.5573294629898403,2155,LIVE
0.031968692661792045,168,1021,11,955,1189,0.5517401392111368,0.9385474860335196,0.14129520605550883,0.5167004048582996,0.5211136890951276,1131.0,5248.259860788863,False,0.5573294629898403,2155,LIVE
0.032013244040620295,167,1021,12,955,1188,0.551276102088167,0.9329608938547486,0.14057239057239057,0.5167004048582996,0.5206496519721577,1141.0,5294.663573085847,False,0.555878084179971,2155,LIVE
0.03204746443475677,167,1020,12,956,1187,0.5508120649651972,0.9329608938547486,0.14069081718618365,0.5161943319838057,0.5211136890951276,1140.0,5290.023201856149,False,0.555878084179971,2155,LIVE
0.032051900179047084,167,1019,12,957,1186,0.5503480278422274,0.9329608938547486,0.14080944350758853,0.5156882591093117,0.5215777262180974,1139.0,5285.38283062645,False,0.555878084179971,2155,LIVE
0.03209474808404991,167,1018,12,958,1185,0.5498839907192575,0.9329608938547486,0.1409282700421941,0.5151821862348178,0.5220417633410673,1138.0,5280.742459396753,False,0.5544267053701016,2155,LIVE
0.032111954020652485,166,1018,13,958,1184,0.5494199535962877,0.9273743016759777,0.14020270270270271,0.5151821862348178,0.5215777262180974,1148.0,5327.146171693736,False,0.5529753265602322,2155,LIVE
0.03217898155119424,166,1017,13,959,1183,0.5489559164733179,0.9273743016759777,0.14032121724429417,0.5146761133603239,0.5220417633410673,1147.0,5322.505800464037,False,0.5529753265602322,2155,LIVE
0.03227043991136072,166,1016,13,960,1182,0.548491879350348,0.9273743016759777,0.1404399323181049,0.5141700404858299,0.5225058004640372,1146.0,5317.865429234339,False,0.5515239477503628,2155,LIVE
0.03233933745657664,166,1015,13,961,1181,0.5480278422273782,0.9273743016759777,0.14055884843353092,0.513663967611336,0.522969837587007,1145.0,5313.22505800464,False,0.5500725689404935,2155,LIVE
0.03235653312513318,166,1014,13,962,1180,0.5475638051044084,0.9273743016759777,0.14067796610169492,0.5131578947368421,0.5234338747099768,1144.0,5308.584686774942,False,0.5500725689404935,2155,LIVE
0.03239471565351201,166,1013,13,963,1179,0.5470997679814386,0.9273743016759777,0.14079728583545378,0.5126518218623481,0.5238979118329467,1143.0,5303.944315545244,False,0.5500725689404935,2155,LIVE
0.032527486311539,166,1012,13,964,1178,0.5466357308584687,0.9273743016759777,0.14091680814940577,0.5121457489878543,0.5243619489559165,1142.0,5299.303944315546,False,0.5500725689404935,2155,LIVE
0.032555054291629894,166,1011,13,965,1177,0.5461716937354988,0.9273743016759777,0.14103653355989804,0.5116396761133604,0.5248259860788863,1141.0,5294.663573085847,False,0.548621190130624,2155,LIVE
0.03259722522639076,166,1010,13,966,1176,0.545707656612529,0.9273743016759777,0.141156462585034,0.5111336032388664,0.5252900232018561,1140.0,5290.023201856149,False,0.548621190130624,2155,LIVE
0.032626200316584225,166,1009,13,967,1175,0.5452436194895591,0.9273743016759777,0.14127659574468085,0.5106275303643725,0.525754060324826,1139.0,5285.38283062645,False,0.548621190130624,2155,LIVE
0.03267900441681896,166,1008,13,968,1174,0.5447795823665893,0.9273743016759777,0.141396933560477,0.5101214574898786,0.5262180974477958,1138.0,5280.742459396753,False,0.548621190130624,2155,LIVE
0.03272574009342309,166,1007,13,969,1173,0.5443155452436195,0.9273743016759777,0.14151747655583974,0.5096153846153846,0.5266821345707656,1137.0,5276.102088167053,False,0.548621190130624,2155,LIVE
0.03284209838832261,166,1006,13,970,1172,0.5438515081206496,0.9273743016759777,0.1416382252559727,0.5091093117408907,0.5271461716937355,1136.0,5271.461716937354,False,0.5471698113207547,2155,LIVE
0.03290496670149557,166,1005,13,971,1171,0.5433874709976798,0.9273743016759777,0.14175918018787362,0.5086032388663968,0.5276102088167053,1135.0,5266.821345707656,False,0.5471698113207547,2155,LIVE
0.032912997209243365,166,1004,13,972,1170,0.54292343387471,0.9273743016759777,0.14188034188034188,0.5080971659919028,0.5280742459396752,1134.0,5262.1809744779575,False,0.5471698113207547,2155,LIVE
0.03291303923564463,166,1003,13,973,1169,0.5424593967517402,0.9273743016759777,0.1420017108639863,0.5075910931174089,0.528538283062645,1133.0,5257.54060324826,False,0.5471698113207547,2155,LIVE
0.03319733229953046,166,1002,13,974,1168,0.5419953596287703,0.9273743016759777,0.1421232876712329,0.507085020242915,0.5290023201856149,1132.0,5252.900232018561,False,0.5457184325108854,2155,LIVE
0.03321670196776766,166,1001,13,975,1167,0.5415313225058005,0.9273743016759777,0.14224507283633248,0.506578947368421,0.5294663573085847,1131.0,5248.259860788863,False,0.5457184325108854,2155,LIVE
0.03322177770625126,166,1000,13,976,1166,0.5410672853828307,0.9273743016759777,0.1423670668953688,0.5060728744939271,0.5299303944315545,1130.0,5243.619489559165,False,0.5457184325108854,2155,LIVE
0.033283762757799804,166,999,13,977,1165,0.5406032482598608,0.9273743016759777,0.1424892703862661,0.5055668016194332,0.5303944315545244,1129.0,5238.9791183294665,False,0.5457184325108854,2155,LIVE
0.0332854109241495,166,998,13,978,1164,0.540139211136891,0.9273743016759777,0.14261168384879724,0.5050607287449392,0.5308584686774942,1128.0,5234.338747099769,False,0.5457184325108854,2155,LIVE
0.03332739083691139,166,997,13,979,1163,0.5396751740139211,0.9273743016759777,0.14273430782459157,0.5045546558704453,0.531322505800464,1127.0,5229.69837587007,False,0.5457184325108854,2155,LIVE
0.03334796593225279,166,996,13,980,1162,0.5392111368909512,0.9273743016759777,0.14285714285714285,0.5040485829959515,0.5317865429234339,1126.0,5225.058004640372,False,0.5442670537010159,2155,LIVE
0.033380099155133625,166,995,13,981,1161,0.5387470997679814,0.9273743016759777,0.1429801894918174,0.5035425101214575,0.5322505800464037,1125.0,5220.417633410673,False,0.5442670537010159,2155,LIVE
0.0333929200122766,166,994,13,982,1160,0.5382830626450116,0.9273743016759777,0.14310344827586208,0.5030364372469636,0.5327146171693735,1124.0,5215.777262180974,False,0.5442670537010159,2155,LIVE
0.033450542265414544,166,993,13,983,1159,0.5378190255220417,0.9273743016759777,0.14322691975841242,0.5025303643724697,0.5331786542923433,1123.0,5211.136890951276,False,0.5442670537010159,2155,LIVE
0.03356384274324565,166,992,13,984,1158,0.5373549883990719,0.9273743016759777,0.14335060449050085,0.5020242914979757,0.5336426914153132,1122.0,5206.496519721577,False,0.5442670537010159,2155,LIVE
0.03360799824306684,166,991,13,985,1157,0.5368909512761021,0.9273743016759777,0.14347450302506481,0.5015182186234818,0.5341067285382831,1121.0,5201.856148491879,False,0.5428156748911466,2155,LIVE
0.03383767012487601,166,990,13,986,1156,0.5364269141531323,0.9273743016759777,0.14359861591695502,0.5010121457489879,0.534570765661253,1120.0,5197.21577726218,False,0.5428156748911466,2155,LIVE
0.033902741780701705,166,989,13,987,1155,0.5359628770301624,0.9273743016759777,0.14372294372294372,0.5005060728744939,0.5350348027842228,1119.0,5192.5754060324825,False,0.5413642960812772,2155,LIVE
0.03390617276096268,166,988,13,988,1154,0.5354988399071926,0.9273743016759777,0.1438474870017331,0.5,0.5354988399071926,1118.0,5187.935034802784,False,0.5413642960812772,2155,LIVE
0.03394392356904841,166,987,13,989,1153,0.5350348027842228,0.9273743016759777,0.14397224631396358,0.49949392712550605,0.5359628770301624,1117.0,5183.294663573086,False,0.5399129172714079,2155,LIVE
0.03401582556105549,166,986,13,990,1152,0.534570765661253,0.9273743016759777,0.1440972222222222,0.49898785425101216,0.5364269141531323,1116.0,5178.654292343387,False,0.5384615384615384,2155,LIVE
0.03411476992537662,166,985,13,991,1151,0.5341067285382831,0.9273743016759777,0.14422241529105126,0.4984817813765182,0.5368909512761021,1115.0,5174.013921113689,False,0.5370101596516691,2155,LIVE
0.03424038592547278,166,984,13,992,1150,0.5336426914153132,0.9273743016759777,0.1443478260869565,0.4979757085020243,0.5373549883990719,1114.0,5169.373549883991,False,0.5370101596516691,2155,LIVE
0.03433315250460906,166,983,13,993,1149,0.5331786542923433,0.9273743016759777,0.144473455178416,0.4974696356275304,0.5378190255220417,1113.0,5164.733178654293,False,0.5370101596516691,2155,LIVE
0.034392633801119676,166,982,13,994,1148,0.5327146171693735,0.9273743016759777,0.1445993031358885,0.49696356275303644,0.5382830626450116,1112.0,5160.092807424595,False,0.5370101596516691,2155,LIVE
0.03441649021080734,166,981,13,995,1147,0.5322505800464037,0.9273743016759777,0.14472537053182213,0.4964574898785425,0.5387470997679814,1111.0,5155.452436194896,False,0.5370101596516691,2155,LIVE
0.03441771216739359,166,980,13,996,1146,0.5317865429234339,0.9273743016759777,0.14485165794066318,0.4959514170040486,0.5392111368909512,1110.0,5150.812064965196,False,0.5370101596516691,2155,LIVE
0.03447495991021801,165,980,14,996,1145,0.531322505800464,0.9217877094972067,0.14410480349344978,0.4959514170040486,0.5387470997679814,1120.0,5197.21577726218,False,0.5370101596516691,2155,LIVE
0.03459107061033848,165,979,14,997,1144,0.5308584686774942,0.9217877094972067,0.14423076923076922,0.49544534412955465,0.5392111368909512,1119.0,5192.5754060324825,False,0.5370101596516691,2155,LIVE
0.034616607422774004,165,978,14,998,1143,0.5303944315545244,0.9217877094972067,0.14435695538057744,0.4949392712550607,0.5396751740139211,1118.0,5187.935034802784,False,0.5370101596516691,2155,LIVE
0.03462060047311751,165,977,14,999,1142,0.5299303944315545,0.9217877094972067,0.14448336252189142,0.4944331983805668,0.540139211136891,1117.0,5183.294663573086,False,0.5370101596516691,2155,LIVE
0.034631560749419234,165,976,14,1000,1141,0.5294663573085847,0.9217877094972067,0.1446099912357581,0.4939271255060729,0.5406032482598608,1116.0,5178.654292343387,False,0.5355587808417998,2155,LIVE
0.034689174736558935,165,975,14,1001,1140,0.5290023201856149,0.9217877094972067,0.14473684210526316,0.4934210526315789,0.5410672853828307,1115.0,5174.013921113689,False,0.5341074020319303,2155,LIVE
0.034693762251422025,165,974,14,1002,1139,0.528538283062645,0.9217877094972067,0.14486391571553994,0.49291497975708504,0.5415313225058005,1114.0,5169.373549883991,False,0.532656023222061,2155,LIVE
0.034888087458489876,165,973,14,1003,1138,0.5280742459396752,0.9217877094972067,0.14499121265377857,0.4924089068825911,0.5419953596287703,1113.0,5164.733178654293,False,0.532656023222061,2155,LIVE
0.03491891423745751,165,972,14,1004,1137,0.5276102088167053,0.9217877094972067,0.14511873350923482,0.49190283400809715,0.5424593967517402,1112.0,5160.092807424595,False,0.532656023222061,2155,LIVE
0.035015339533844426,165,971,14,1005,1136,0.5271461716937355,0.9217877094972067,0.14524647887323944,0.49139676113360325,0.54292343387471,1111.0,5155.452436194896,False,0.532656023222061,2155,LIVE
0.03504018449230831,165,970,14,1006,1135,0.5266821345707656,0.9217877094972067,0.14537444933920704,0.4908906882591093,0.5433874709976798,1110.0,5150.812064965196,False,0.5312046444121916,2155,LIVE
0.035062940597767205,165,969,14,1007,1134,0.5262180974477958,0.9217877094972067,0.1455026455026455,0.49038461538461536,0.5438515081206496,1109.0,5146.171693735499,False,0.5297532656023222,2155,LIVE
0.03511763485091755,165,968,14,1008,1133,0.525754060324826,0.9217877094972067,0.14563106796116504,0.4898785425101215,0.5443155452436195,1108.0,5141.5313225058,False,0.5297532656023222,2155,LIVE
0.03513738659226127,165,967,14,1009,1132,0.5252900232018561,0.9217877094972067,0.14575971731448764,0.4893724696356275,0.5447795823665893,1107.0,5136.890951276102,False,0.5297532656023222,2155,LIVE
0.0351385687580133,165,966,14,1010,1131,0.5248259860788863,0.9217877094972067,0.14588859416445624,0.4888663967611336,0.5452436194895591,1106.0,5132.250580046403,False,0.5297532656023222,2155,LIVE
0.03526613507688378,165,965,14,1011,1130,0.5243619489559165,0.9217877094972067,0.14601769911504425,0.4883603238866397,0.545707656612529,1105.0,5127.610208816705,False,0.5297532656023222,2155,LIVE
0.035298805712404305,165,964,14,1012,1129,0.5238979118329467,0.9217877094972067,0.14614703277236493,0.48785425101214575,0.5461716937354988,1104.0,5122.969837587007,False,0.5297532656023222,2155,LIVE
0.03530198887185217,165,963,14,1013,1128,0.5234338747099768,0.9217877094972067,0.14627659574468085,0.4873481781376518,0.5466357308584687,1103.0,5118.329466357309,False,0.5283018867924528,2155,LIVE
0.03533430708507333,165,962,14,1014,1127,0.522969837587007,0.9217877094972067,0.14640638864241348,0.4868421052631579,0.5470997679814386,1102.0,5113.68909512761,False,0.5283018867924528,2155,LIVE
0.035366394515685295,165,961,14,1015,1126,0.5225058004640372,0.9217877094972067,0.14653641207815277,0.48633603238866396,0.5475638051044084,1101.0,5109.048723897912,False,0.5268505079825835,2155,LIVE
0.03555413478515786,164,961,15,1015,1125,0.5220417633410673,0.9162011173184358,0.14577777777777778,0.48633603238866396,0.5470997679814386,1111.0,5155.452436194896,False,0.525399129172714,2155,LIVE
0.03563833919826249,164,960,15,1016,1124,0.5215777262180974,0.9162011173184358,0.14590747330960854,0.48582995951417,0.5475638051044084,1110.0,5150.812064965196,False,0.525399129172714,2155,LIVE
0.035645035864091006,164,959,15,1017,1123,0.5211136890951276,0.9162011173184358,0.1460373998219056,0.4853238866396761,0.5480278422273782,1109.0,5146.171693735499,False,0.525399129172714,2155,LIVE
0.03573997083952429,164,958,15,1018,1122,0.5206496519721577,0.9162011173184358,0.14616755793226383,0.4848178137651822,0.548491879350348,1108.0,5141.5313225058,False,0.525399129172714,2155,LIVE
0.03577906005161947,164,957,15,1019,1121,0.5201856148491879,0.9162011173184358,0.1462979482604817,0.48431174089068824,0.5489559164733179,1107.0,5136.890951276102,False,0.525399129172714,2155,LIVE
0.035795355792420075,164,956,15,1020,1120,0.5197215777262181,0.9162011173184358,0.14642857142857144,0.48380566801619435,0.5494199535962877,1106.0,5132.250580046403,False,0.525399129172714,2155,LIVE
0.035884428114362564,164,955,15,1021,1119,0.5192575406032482,0.9162011173184358,0.14655942806076855,0.4832995951417004,0.5498839907192575,1105.0,5127.610208816705,False,0.525399129172714,2155,LIVE
0.03592069123186161,164,954,15,1022,1118,0.5187935034802784,0.9162011173184358,0.14669051878354203,0.48279352226720645,0.5503480278422274,1104.0,5122.969837587007,False,0.5239477503628447,2155,LIVE
0.035956210466552486,164,953,15,1023,1117,0.5183294663573086,0.9162011173184358,0.1468218442256043,0.48228744939271256,0.5508120649651972,1103.0,5118.329466357309,False,0.5239477503628447,2155,LIVE
0.03597971492445184,164,952,15,1024,1116,0.5178654292343388,0.9162011173184358,0.14695340501792115,0.4817813765182186,0.551276102088167,1102.0,5113.68909512761,False,0.5239477503628447,2155,LIVE
0.035991707439216696,164,951,15,1025,1115,0.5174013921113689,0.9162011173184358,0.14708520179372198,0.4812753036437247,0.5517401392111368,1101.0,5109.048723897912,False,0.5239477503628447,2155,LIVE
0.036013991205876714,164,950,15,1026,1114,0.5169373549883991,0.9162011173184358,0.14721723518850988,0.4807692307692308,0.5522041763341067,1100.0,5104.408352668213,False,0.5224963715529753,2155,LIVE
0.03607002975300696,164,949,15,1027,1113,0.5164733178654293,0.9162011173184358,0.14734950584007186,0.48026315789473684,0.5526682134570766,1099.0,5099.767981438516,False,0.5224963715529753,2155,LIVE
0.03611667812287508,164,948,15,1028,1112,0.5160092807424594,0.9162011173184358,0.1474820143884892,0.4797570850202429,0.5531322505800464,1098.0,5095.127610208817,False,0.5224963715529753,2155,LIVE
0.03612055698785851,164,947,15,1029,1111,0.5155452436194896,0.9162011173184358,0.1476147614761476,0.479251012145749,0.5535962877030163,1097.0,5090.487238979118,False,0.5224963715529753,2155,LIVE
0.03613374069379649,164,946,15,1030,1110,0.5150812064965197,0.9162011173184358,0.14774774774774774,0.47874493927125505,0.5540603248259861,1096.0,5085.846867749419,False,0.5224963715529753,2155,LIVE
0.036136175480875665,164,945,15,1031,1109,0.5146171693735498,0.9162011173184358,0.1478809738503156,0.4782388663967611,0.5545243619489559,1095.0,5081.206496519721,False,0.521044992743106,2155,LIVE
0.0362827795896201,164,944,15,1032,1108,0.51415313225058,0.9162011173184358,0.148014440433213,0.4777327935222672,0.5549883990719258,1094.0,5076.566125290023,False,0.521044992743106,2155,LIVE
0.0363025090966034,164,943,15,1033,1107,0.5136890951276102,0.9162011173184358,0.14814814814814814,0.4772267206477733,0.5554524361948956,1093.0,5071.925754060325,False,0.5195936139332366,2155,LIVE
0.03637463760560233,164,942,15,1034,1106,0.5132250580046404,0.9162011173184358,0.14828209764918626,0.4767206477732793,0.5559164733178654,1092.0,5067.285382830626,False,0.5195936139332366,2155,LIVE
0.036419516425754264,164,941,15,1035,1105,0.5127610208816705,0.9162011173184358,0.14841628959276018,0.47621457489878544,0.5563805104408353,1091.0,5062.645011600928,False,0.5195936139332366,2155,LIVE
0.03644943900640814,164,940,15,1036,1104,0.5122969837587007,0.9162011173184358,0.14855072463768115,0.4757085020242915,0.5568445475638051,1090.0,5058.0046403712295,False,0.5195936139332366,2155,LIVE
0.03653598488241964,164,939,15,1037,1103,0.5118329466357309,0.9162011173184358,0.1486854034451496,0.47520242914979755,0.5573085846867749,1089.0,5053.364269141532,False,0.5195936139332366,2155,LIVE
0.03654756228927338,164,938,15,1038,1102,0.511368909512761,0.9162011173184358,0.14882032667876588,0.47469635627530365,0.5577726218097447,1088.0,5048.723897911833,False,0.5195936139332366,2155,LIVE
0.036580212895778993,164,937,15,1039,1101,0.5109048723897912,0.9162011173184358,0.14895549500454133,0.4741902834008097,0.5582366589327146,1087.0,5044.083526682135,False,0.5195936139332366,2155,LIVE
0.03663527134272572,164,936,15,1040,1100,0.5104408352668214,0.9162011173184358,0.14909090909090908,0.47368421052631576,0.5587006960556845,1086.0,5039.443155452436,False,0.5195936139332366,2155,LIVE
0.03668326302651099,163,936,16,1040,1099,0.5099767981438516,0.9106145251396648,0.1483166515013649,0.47368421052631576,0.5582366589327146,1096.0,5085.846867749419,False,0.5195936139332366,2155,LIVE
0.03670315179894971,163,935,16,1041,1098,0.5095127610208817,0.9106145251396648,0.14845173041894352,0.4731781376518219,0.5587006960556845,1095.0,5081.206496519721,False,0.5195936139332366,2155,LIVE
0.036912347183384986,163,934,16,1042,1097,0.5090487238979118,0.9106145251396648,0.14858705560619873,0.4726720647773279,0.5591647331786543,1094.0,5076.566125290023,False,0.5181422351233672,2155,LIVE
0.03691347603841762,163,933,16,1043,1096,0.508584686774942,0.9106145251396648,0.14872262773722628,0.472165991902834,0.5596287703016242,1093.0,5071.925754060325,False,0.5181422351233672,2155,LIVE
0.03693021902636984,163,932,16,1044,1095,0.5081206496519721,0.9106145251396648,0.14885844748858448,0.4716599190283401,0.560092807424594,1092.0,5067.285382830626,False,0.5181422351233672,2155,LIVE
0.036949887602699204,162,932,17,1044,1094,0.5076566125290023,0.9050279329608939,0.1480804387568556,0.4716599190283401,0.5596287703016242,1102.0,5113.68909512761,False,0.5166908563134979,2155,LIVE
0.037002584234039244,162,931,17,1045,1093,0.5071925754060325,0.9050279329608939,0.14821591948764867,0.47115384615384615,0.560092807424594,1101.0,5109.048723897912,False,0.5166908563134979,2155,LIVE
0.037197223747352286,162,930,17,1046,1092,0.5067285382830626,0.9050279329608939,0.14835164835164835,0.4706477732793522,0.5605568445475638,1100.0,5104.408352668213,False,0.5152394775036284,2155,LIVE
0.03726282609108383,162,929,17,1047,1091,0.5062645011600928,0.9050279329608939,0.14848762603116408,0.4701417004048583,0.5610208816705337,1099.0,5099.767981438516,False,0.5152394775036284,2155,LIVE
0.0372667102786495,162,928,17,1048,1090,0.505800464037123,0.9050279329608939,0.14862385321100918,0.46963562753036436,0.5614849187935035,1098.0,5095.127610208817,False,0.5152394775036284,2155,LIVE
0.03730454086015005,162,927,17,1049,1089,0.5053364269141531,0.9050279329608939,0.1487603305785124,0.4691295546558704,0.5619489559164733,1097.0,5090.487238979118,False,0.5152394775036284,2155,LIVE
0.03733850887138977,162,926,17,1050,1088,0.5048723897911833,0.9050279329608939,0.1488970588235294,0.4686234817813765,0.5624129930394431,1096.0,5085.846867749419,False,0.5137880986937591,2155,LIVE
0.03737494576385652,162,925,17,1051,1087,0.5044083526682135,0.9050279329608939,0.14903403863845446,0.4681174089068826,0.562877030162413,1095.0,5081.206496519721,False,0.5123367198838897,2155,LIVE
0.037397323668461636,162,924,17,1052,1086,0.5039443155452437,0.9050279329608939,0.14917127071823205,0.4676113360323887,0.5633410672853828,1094.0,5076.566125290023,False,0.5108853410740203,2155,LIVE
0.03748329757589782,162,923,17,1053,1085,0.5034802784222738,0.9050279329608939,0.14930875576036867,0.46710526315789475,0.5638051044083526,1093.0,5071.925754060325,False,0.5094339622641509,2155,LIVE
0.03756269765370407,162,922,17,1054,1084,0.5030162412993039,0.9050279329608939,0.14944649446494465,0.4665991902834008,0.5642691415313225,1092.0,5067.285382830626,False,0.5094339622641509,2155,LIVE
0.0376066613672827,162,921,17,1055,1083,0.5025522041763341,0.9050279329608939,0.14958448753462603,0.4660931174089069,0.5647331786542923,1091.0,5062.645011600928,False,0.5079825834542816,2155,LIVE
0.037638723277033555,162,920,17,1056,1082,0.5020881670533642,0.9050279329608939,0.14972273567467653,0.46558704453441296,0.5651972157772622,1090.0,5058.0046403712295,False,0.5079825834542816,2155,LIVE
0.037643433553426656,162,919,17,1057,1081,0.5016241299303944,0.9050279329608939,0.1498612395929695,0.465080971659919,0.5656612529002321,1089.0,5053.364269141532,False,0.5079825834542816,2155,LIVE
0.03771827881260444,162,918,17,1058,1080,0.5011600928074246,0.9050279329608939,0.15,0.4645748987854251,0.5661252900232019,1088.0,5048.723897911833,False,0.5079825834542816,2155,LIVE
0.0377628643304916,162,917,17,1059,1079,0.5006960556844547,0.9050279329608939,0.15013901760889714,0.4640688259109312,0.5665893271461717,1087.0,5044.083526682135,False,0.5079825834542816,2155,LIVE
0.037817247336948585,162,916,17,1060,1078,0.5002320185614849,0.9050279329608939,0.150278293135436,0.46356275303643724,0.5670533642691415,1086.0,5039.443155452436,False,0.5079825834542816,2155,LIVE
0.037905649989741524,162,915,17,1061,1077,0.4997679814385151,0.9050279329608939,0.15041782729805014,0.46305668016194335,0.5675174013921114,1085.0,5034.802784222738,False,0.5079825834542816,2155,LIVE
0.037909432069809644,162,914,17,1062,1076,0.49930394431554526,0.9050279329608939,0.15055762081784388,0.4625506072874494,0.5679814385150812,1084.0,5030.162412993039,False,0.5065312046444121,2155,LIVE
0.03793601082450777,162,913,17,1063,1075,0.4988399071925754,0.9050279329608939,0.15069767441860465,0.46204453441295545,0.568445475638051,1083.0,5025.522041763341,False,0.5065312046444121,2155,LIVE
0.03807766208647559,162,912,17,1064,1074,0.49837587006960554,0.9050279329608939,0.15083798882681565,0.46153846153846156,0.5689095127610209,1082.0,5020.881670533642,False,0.5065312046444121,2155,LIVE
0.03814715454688735,162,911,17,1065,1073,0.4979118329466357,0.9050279329608939,0.1509785647716682,0.4610323886639676,0.5693735498839907,1081.0,5016.241299303944,False,0.5065312046444121,2155,LIVE
0.03820974617695142,162,910,17,1066,1072,0.4974477958236659,0.9050279329608939,0.15111940298507462,0.4605263157894737,0.5698375870069605,1080.0,5011.6009280742455,False,0.5065312046444121,2155,LIVE
0.038218122706928065,162,909,17,1067,1071,0.49698375870069605,0.9050279329608939,0.15126050420168066,0.4600202429149798,0.5703016241299304,1079.0,5006.960556844548,False,0.5050798258345428,2155,LIVE
0.03825310223058255,162,908,17,1068,1070,0.4965197215777262,0.9050279329608939,0.15140186915887852,0.45951417004048584,0.5707656612529002,1078.0,5002.320185614849,False,0.5050798258345428,2155,LIVE
0.03839474069890966,162,907,17,1069,1069,0.4960556844547564,0.9050279329608939,0.15154349859681945,0.4590080971659919,0.5712296983758701,1077.0,4997.679814385151,False,0.5050798258345428,2155,LIVE
0.0384555881865253,162,906,17,1070,1068,0.49559164733178657,0.9050279329608939,0.15168539325842698,0.458502024291498,0.57169373549884,1076.0,4993.039443155452,False,0.5050798258345428,2155,LIVE
0.03855057547194071,162,905,17,1071,1067,0.4951276102088167,0.9050279329608939,0.15182755388940955,0.45799595141700405,0.5721577726218098,1075.0,4988.3990719257545,False,0.5050798258345428,2155,LIVE
0.03855765014815636,162,904,17,1072,1066,0.49466357308584685,0.9050279329608939,0.15196998123827393,0.4574898785425101,0.5726218097447796,1074.0,4983.758700696056,False,0.5050798258345428,2155,LIVE
0.03861677850800763,162,903,17,1073,1065,0.494199535962877,0.9050279329608939,0.15211267605633802,0.4569838056680162,0.5730858468677494,1073.0,4979.118329466357,False,0.5050798258345428,2155,LIVE
0.03864464657226058,161,903,18,1073,1064,0.4937354988399072,0.8994413407821229,0.1513157894736842,0.4569838056680162,0.5726218097447796,1083.0,5025.522041763341,False,0.5050798258345428,2155,LIVE
0.03872911793305306,161,902,18,1074,1063,0.49327146171693736,0.8994413407821229,0.15145813734713076,0.4564777327935223,0.5730858468677494,1082.0,5020.881670533642,False,0.5036284470246735,2155,LIVE
0.038752716401634274,161,901,18,1075,1062,0.49280742459396754,0.8994413407821229,0.15160075329566855,0.4559716599190283,0.5735498839907193,1081.0,5016.241299303944,False,0.502177068214804,2155,LIVE
0.03880419348376333,161,900,18,1076,1061,0.4923433874709977,0.8994413407821229,0.15174363807728558,0.45546558704453444,0.5740139211136891,1080.0,5011.6009280742455,False,0.502177068214804,2155,LIVE
0.03891250641756808,161,899,18,1077,1060,0.4918793503480278,0.8994413407821229,0.15188679245283018,0.4549595141700405,0.5744779582366589,1079.0,5006.960556844548,False,0.502177068214804,2155,LIVE
0.038918809443396894,161,898,18,1078,1059,0.491415313225058,0.8994413407821229,0.15203021718602455,0.45445344129554655,0.5749419953596288,1078.0,5002.320185614849,False,0.502177068214804,2155,LIVE
0.03899759065585226,161,897,18,1079,1058,0.49095127610208816,0.8994413407821229,0.15217391304347827,0.45394736842105265,0.5754060324825986,1077.0,4997.679814385151,False,0.502177068214804,2155,LIVE
0.03921694840294564,161,896,18,1080,1057,0.49048723897911833,0.8994413407821229,0.152317880794702,0.4534412955465587,0.5758700696055684,1076.0,4993.039443155452,False,0.5007256894049347,2155,LIVE
0.03928892607931871,160,896,19,1080,1056,0.4900232018561485,0.8938547486033519,0.15151515151515152,0.4534412955465587,0.5754060324825986,1086.0,5039.443155452436,False,0.49927431059506533,2155,LIVE
0.039668276701464944,160,895,19,1081,1055,0.4895591647331787,0.8938547486033519,0.15165876777251186,0.45293522267206476,0.5758700696055684,1085.0,5034.802784222738,False,0.49927431059506533,2155,LIVE
0.03982604991870118,160,894,19,1082,1054,0.4890951276102088,0.8938547486033519,0.15180265654648956,0.4524291497975709,0.5763341067285382,1084.0,5030.162412993039,False,0.49782293178519593,2155,LIVE
0.0398373145215016,160,893,19,1083,1053,0.48863109048723896,0.8938547486033519,0.15194681861348527,0.4519230769230769,0.5767981438515081,1083.0,5025.522041763341,False,0.49637155297532654,2155,LIVE
0.039856877148105825,160,892,19,1084,1052,0.48816705336426913,0.8938547486033519,0.1520912547528517,0.451417004048583,0.577262180974478,1082.0,5020.881670533642,False,0.49637155297532654,2155,LIVE
0.03991801058656429,160,891,19,1085,1051,0.4877030162412993,0.8938547486033519,0.1522359657469077,0.4509109311740891,0.5777262180974478,1081.0,5016.241299303944,False,0.49637155297532654,2155,LIVE
0.04004822132831457,160,890,19,1086,1050,0.4872389791183295,0.8938547486033519,0.1523809523809524,0.45040485829959515,0.5781902552204177,1080.0,5011.6009280742455,False,0.49637155297532654,2155,LIVE
0.04004838644416431,160,889,19,1087,1049,0.48677494199535964,0.8938547486033519,0.15252621544327932,0.4498987854251012,0.5786542923433875,1079.0,5006.960556844548,False,0.49637155297532654,2155,LIVE
0.04016961649870774,160,888,19,1088,1048,0.4863109048723898,0.8938547486033519,0.15267175572519084,0.4493927125506073,0.5791183294663573,1078.0,5002.320185614849,False,0.4949201741654572,2155,LIVE
0.0401783397617138,160,887,19,1089,1047,0.48584686774941993,0.8938547486033519,0.15281757402101243,0.44888663967611336,0.5795823665893272,1077.0,4997.679814385151,False,0.4949201741654572,2155,LIVE
0.040316413789795544,160,886,19,1090,1046,0.4853828306264501,0.8938547486033519,0.15296367112810708,0.4483805668016194,0.580046403712297,1076.0,4993.039443155452,False,0.4949201741654572,2155,LIVE
0.04033407305925852,160,885,19,1091,1045,0.48491879350348027,0.8938547486033519,0.15311004784688995,0.4478744939271255,0.5805104408352668,1075.0,4988.3990719257545,False,0.4949201741654572,2155,LIVE
0.040432166300215684,160,884,19,1092,1044,0.48445475638051044,0.8938547486033519,0.1532567049808429,0.4473684210526316,0.5809744779582366,1074.0,4983.758700696056,False,0.4949201741654572,2155,LIVE
0.04060841210855778,160,883,19,1093,1043,0.4839907192575406,0.8938547486033519,0.15340364333652926,0.44686234817813764,0.5814385150812065,1073.0,4979.118329466357,False,0.4934687953555878,2155,LIVE
0.04068631108231055,160,882,19,1094,1042,0.4835266821345708,0.8938547486033519,0.15355086372360843,0.44635627530364375,0.5819025522041763,1072.0,4974.477958236659,False,0.49201741654571846,2155,LIVE
0.04075228697672654,160,881,19,1095,1041,0.48306264501160096,0.8938547486033519,0.15369836695485112,0.4458502024291498,0.5823665893271461,1071.0,4969.83758700696,False,0.49056603773584906,2155,LIVE
0.040779691413817265,160,880,19,1096,1040,0.48259860788863107,0.8938547486033519,0.15384615384615385,0.44534412955465585,0.582830626450116,1070.0,4965.1972157772625,False,0.48911465892597966,2155,LIVE
0.04080889119739307,160,879,19,1097,1039,0.48213457076566124,0.8938547486033519,0.15399422521655437,0.44483805668016196,0.5832946635730858,1069.0,4960.556844547564,False,0.4876632801161103,2155,LIVE
0.04085422061521736,160,878,19,1098,1038,0.4816705336426914,0.8938547486033519,0.15414258188824662,0.444331983805668,0.5837587006960557,1068.0,4955.916473317866,False,0.4862119013062409,2155,LIVE
0.040871714296937645,160,877,19,1099,1037,0.4812064965197216,0.8938547486033519,0.15429122468659595,0.4438259109311741,0.5842227378190256,1067.0,4951.276102088167,False,0.4847605224963715,2155,LIVE
0.04092113878673254,160,876,19,1100,1036,0.48074245939675175,0.8938547486033519,0.15444015444015444,0.4433198380566802,0.5846867749419954,1066.0,4946.635730858468,False,0.4847605224963715,2155,LIVE
0.04092396310281504,160,875,19,1101,1035,0.4802784222737819,0.8938547486033519,0.15458937198067632,0.44281376518218624,0.5851508120649652,1065.0,4941.9953596287705,False,0.4847605224963715,2155,LIVE
0.040942672627442174,160,874,19,1102,1034,0.47981438515081204,0.8938547486033519,0.15473887814313347,0.4423076923076923,0.585614849187935,1064.0,4937.354988399072,False,0.4847605224963715,2155,LIVE
0.04096039593334499,160,873,19,1103,1033,0.4793503480278422,0.8938547486033519,0.15488867376573087,0.4418016194331984,0.5860788863109049,1063.0,4932.714617169374,False,0.4833091436865022,2155,LIVE
0.04097523495904856,160,872,19,1104,1032,0.4788863109048724,0.8938547486033519,0.15503875968992248,0.44129554655870445,0.5865429234338747,1062.0,4928.074245939675,False,0.4833091436865022,2155,LIVE
0.04101031196840513,160,871,19,1105,1031,0.47842227378190255,0.8938547486033519,0.15518913676042678,0.4407894736842105,0.5870069605568445,1061.0,4923.433874709977,False,0.4833091436865022,2155,LIVE
0.04102986179656765,160,870,19,1106,1030,0.4779582366589327,0.8938547486033519,0.1553398058252427,0.4402834008097166,0.5874709976798144,1060.0,4918.793503480279,False,0.4833091436865022,2155,LIVE
0.04103779720264805,159,870,20,1106,1029,0.4774941995359629,0.888268156424581,0.15451895043731778,0.4402834008097166,0.5870069605568445,1070.0,4965.1972157772625,False,0.4833091436865022,2155,LIVE
0.04109633403502027,159,869,20,1107,1028,0.47703016241299306,0.888268156424581,0.1546692607003891,0.4397773279352227,0.5874709976798144,1069.0,4960.556844547564,False,0.4833091436865022,2155,LIVE
0.04127133419072289,159,868,20,1108,1027,0.4765661252900232,0.888268156424581,0.15481986368062317,0.4392712550607287,0.5879350348027842,1068.0,4955.916473317866,False,0.4833091436865022,2155,LIVE
0.041475634801228886,159,867,20,1109,1026,0.47610208816705335,0.888268156424581,0.15497076023391812,0.43876518218623484,0.588399071925754,1067.0,4951.276102088167,False,0.4833091436865022,2155,LIVE
0.04150277443761696,159,866,20,1110,1025,0.4756380510440835,0.888268156424581,0.1551219512195122,0.4382591093117409,0.5888631090487239,1066.0,4946.635730858468,False,0.4818577648766328,2155,LIVE
0.04151685642902631,159,865,20,1111,1024,0.4751740139211137,0.888268156424581,0.1552734375,0.43775303643724695,0.5893271461716937,1065.0,4941.9953596287705,False,0.4818577648766328,2155,LIVE
0.04157775199902664,159,864,20,1112,1023,0.47470997679814386,0.888268156424581,0.15542521994134897,0.43724696356275305,0.5897911832946636,1064.0,4937.354988399072,False,0.48040638606676345,2155,LIVE
0.041715311273316145,159,863,20,1113,1022,0.47424593967517403,0.888268156424581,0.15557729941291584,0.4367408906882591,0.5902552204176335,1063.0,4932.714617169374,False,0.48040638606676345,2155,LIVE
0.04171908166409843,159,862,20,1114,1021,0.4737819025522042,0.888268156424581,0.15572967678746327,0.43623481781376516,0.5907192575406033,1062.0,4928.074245939675,False,0.47895500725689405,2155,LIVE
0.041739363563007836,159,861,20,1115,1020,0.4733178654292343,0.888268156424581,0.15588235294117647,0.4357287449392713,0.5911832946635731,1061.0,4923.433874709977,False,0.47895500725689405,2155,LIVE
0.041774993392402815,159,860,20,1116,1019,0.4728538283062645,0.888268156424581,0.1560353287536801,0.4352226720647773,0.5916473317865429,1060.0,4918.793503480279,False,0.47895500725689405,2155,LIVE
0.04187383491453868,159,859,20,1117,1018,0.47238979118329466,0.888268156424581,0.15618860510805502,0.4347165991902834,0.5921113689095128,1059.0,4914.15313225058,False,0.47750362844702465,2155,LIVE
0.041901849531231286,159,858,20,1118,1017,0.47192575406032483,0.888268156424581,0.15634218289085547,0.4342105263157895,0.5925754060324826,1058.0,4909.512761020882,False,0.47750362844702465,2155,LIVE
0.04190585945922743,159,857,20,1119,1016,0.471461716937355,0.888268156424581,0.15649606299212598,0.43370445344129555,0.5930394431554524,1057.0,4904.872389791183,False,0.47750362844702465,2155,LIVE
0.041917875762930726,159,856,20,1120,1015,0.4709976798143852,0.888268156424581,0.1566502463054187,0.4331983805668016,0.5935034802784223,1056.0,4900.232018561485,False,0.47750362844702465,2155,LIVE
0.04206121952641517,159,855,20,1121,1014,0.4705336426914153,0.888268156424581,0.15680473372781065,0.4326923076923077,0.5939675174013921,1055.0,4895.591647331787,False,0.4760522496371553,2155,LIVE
0.042080030019316775,159,854,20,1122,1013,0.47006960556844546,0.888268156424581,0.15695952615992104,0.43218623481781376,0.5944315545243619,1054.0,4890.951276102088,False,0.4746008708272859,2155,LIVE
0.04216601391694522,159,853,20,1123,1012,0.46960556844547563,0.888268156424581,0.15711462450592886,0.4316801619433198,0.5948955916473317,1053.0,4886.31090487239,False,0.4746008708272859,2155,LIVE
0.04231268046775745,159,852,20,1124,1011,0.4691415313225058,0.888268156424581,0.1572700296735905,0.4311740890688259,0.5953596287703016,1052.0,4881.670533642691,False,0.4746008708272859,2155,LIVE
0.04234804699095903,159,851,20,1125,1010,0.46867749419953597,0.888268156424581,0.15742574257425743,0.430668016194332,0.5958236658932715,1051.0,4877.030162412993,False,0.4746008708272859,2155,LIVE
0.04241986568198183,159,850,20,1126,1009,0.46821345707656614,0.888268156424581,0.15758176412289396,0.43016194331983804,0.5962877030162413,1050.0,4872.389791183295,False,0.4746008708272859,2155,LIVE
0.0424399580511134,159,849,20,1127,1008,0.4677494199535963,0.888268156424581,0.15773809523809523,0.42965587044534415,0.5967517401392112,1049.0,4867.749419953597,False,0.4746008708272859,2155,LIVE
0.0424968673983989,159,848,20,1128,1007,0.46728538283062643,0.888268156424581,0.15789473684210525,0.4291497975708502,0.597215777262181,1048.0,4863.109048723898,False,0.4746008708272859,2155,LIVE
0.04249886607369393,159,847,20,1129,1006,0.4668213457076566,0.888268156424581,0.15805168986083498,0.42864372469635625,0.5976798143851508,1047.0,4858.468677494199,False,0.4746008708272859,2155,LIVE
0.04252828233889284,159,846,20,1130,1005,0.46635730858468677,0.888268156424581,0.1582089552238806,0.42813765182186236,0.5981438515081207,1046.0,4853.828306264501,False,0.4746008708272859,2155,LIVE
0.042553303304254,159,845,20,1131,1004,0.46589327146171694,0.888268156424581,0.15836653386454183,0.4276315789473684,0.5986078886310905,1045.0,4849.187935034803,False,0.4731494920174166,2155,LIVE
0.042569362457270395,159,844,20,1132,1003,0.4654292343387471,0.888268156424581,0.1585244267198405,0.4271255060728745,0.5990719257540603,1044.0,4844.547563805105,False,0.4716981132075472,2155,LIVE
0.04260083492196364,159,843,20,1133,1002,0.4649651972157773,0.888268156424581,0.15868263473053892,0.4266194331983806,0.5995359628770301,1043.0,4839.907192575406,False,0.4716981132075472,2155,LIVE
0.04268863924608398,159,842,20,1134,1001,0.4645011600928074,0.888268156424581,0.15884115884115885,0.42611336032388664,0.6,1042.0,4835.266821345708,False,0.4716981132075472,2155,LIVE
0.04271684620112337,158,842,21,1134,1000,0.46403712296983757,0.88268156424581,0.158,0.42611336032388664,0.5995359628770301,1052.0,4881.670533642691,False,0.4716981132075472,2155,LIVE
0.04272456136071838,158,841,21,1135,999,0.46357308584686774,0.88268156424581,0.15815815815815815,0.4256072874493927,0.6,1051.0,4877.030162412993,False,0.4716981132075472,2155,LIVE
0.042752301012360494,158,840,21,1136,998,0.4631090487238979,0.88268156424581,0.15831663326653306,0.4251012145748988,0.6004640371229698,1050.0,4872.389791183295,False,0.4702467343976778,2155,LIVE
0.04293115446841956,157,840,22,1136,997,0.4626450116009281,0.8770949720670391,0.15747241725175526,0.4251012145748988,0.6,1060.0,4918.793503480279,False,0.46879535558780844,2155,LIVE
0.04295829953030756,157,839,22,1137,996,0.46218097447795825,0.8770949720670391,0.1576305220883534,0.42459514170040485,0.6004640371229698,1059.0,4914.15313225058,False,0.46734397677793904,2155,LIVE
0.04295873182652257,157,838,22,1138,995,0.4617169373549884,0.8770949720670391,0.1577889447236181,0.4240890688259109,0.6009280742459396,1058.0,4909.512761020882,False,0.46734397677793904,2155,LIVE
0.04298450728311583,157,837,22,1139,994,0.46125290023201854,0.8770949720670391,0.1579476861167002,0.423582995951417,0.6013921113689095,1057.0,4904.872389791183,False,0.46734397677793904,2155,LIVE
0.04302096390085613,157,836,22,1140,993,0.4607888631090487,0.8770949720670391,0.1581067472306143,0.4230769230769231,0.6018561484918794,1056.0,4900.232018561485,False,0.46734397677793904,2155,LIVE
0.043065780004362335,157,835,22,1141,992,0.4603248259860789,0.8770949720670391,0.15826612903225806,0.4225708502024291,0.6023201856148492,1055.0,4895.591647331787,False,0.46734397677793904,2155,LIVE
0.0430953217388192,157,834,22,1142,991,0.45986078886310905,0.8770949720670391,0.1584258324924319,0.42206477732793524,0.6027842227378191,1054.0,4890.951276102088,False,0.46589259796806964,2155,LIVE
0.0431369014334854,157,833,22,1143,990,0.4593967517401392,0.8770949720670391,0.15858585858585858,0.4215587044534413,0.6032482598607889,1053.0,4886.31090487239,False,0.46589259796806964,2155,LIVE
0.043156143833623366,157,832,22,1144,989,0.4589327146171694,0.8770949720670391,0.15874620829120323,0.42105263157894735,0.6037122969837587,1052.0,4881.670533642691,False,0.46589259796806964,2155,LIVE
0.0433033242351109,157,831,22,1145,988,0.45846867749419956,0.8770949720670391,0.15890688259109312,0.42054655870445345,0.6041763341067286,1051.0,4877.030162412993,False,0.46589259796806964,2155,LIVE
0.04337518073751252,157,830,22,1146,987,0.4580046403712297,0.8770949720670391,0.1590678824721378,0.4200404858299595,0.6046403712296984,1050.0,4872.389791183295,False,0.4644412191582003,2155,LIVE
0.04339283401306302,157,829,22,1147,986,0.45754060324825985,0.8770949720670391,0.1592292089249493,0.41953441295546556,0.6051044083526682,1049.0,4867.749419953597,False,0.4644412191582003,2155,LIVE
0.04343913644268287,157,828,22,1148,985,0.45707656612529,0.8770949720670391,0.15939086294416244,0.4190283400809717,0.605568445475638,1048.0,4863.109048723898,False,0.4629898403483309,2155,LIVE
0.04347350877643536,157,827,22,1149,984,0.4566125290023202,0.8770949720670391,0.15955284552845528,0.4185222672064777,0.6060324825986079,1047.0,4858.468677494199,False,0.46185286103542234,2155,LIVE
0.04351072464035485,157,826,22,1150,983,0.45614849187935036,0.8770949720670391,0.15971515768056968,0.4180161943319838,0.6064965197215777,1046.0,4853.828306264501,False,0.46153846153846156,2155,LIVE
0.043544741453415574,157,825,22,1151,982,0.45568445475638053,0.8770949720670391,0.159877800407332,0.4175101214574899,0.6069605568445475,1045.0,4849.187935034803,False,0.46153846153846156,2155,LIVE
0.043693246678357466,157,824,22,1152,981,0.45522041763341065,0.8770949720670391,0.1600407747196738,0.41700404858299595,0.6074245939675174,1044.0,4844.547563805105,False,0.46153846153846156,2155,LIVE
0.043861267895289435,157,823,22,1153,980,0.4547563805104408,0.8770949720670391,0.16020408163265307,0.416497975708502,0.6078886310904872,1043.0,4839.907192575406,False,0.46153846153846156,2155,LIVE
0.04390651938648589,157,822,22,1154,979,0.454292343387471,0.8770949720670391,0.16036772216547499,0.4159919028340081,0.6083526682134571,1042.0,4835.266821345708,False,0.46153846153846156,2155,LIVE
0.04394293693812723,157,821,22,1155,978,0.45382830626450116,0.8770949720670391,0.1605316973415133,0.41548582995951416,0.608816705336427,1041.0,4830.626450116009,False,0.46153846153846156,2155,LIVE
0.043953963479202454,157,820,22,1156,977,0.45336426914153133,0.8770949720670391,0.16069600818833163,0.4149797570850202,0.6092807424593968,1040.0,4825.986078886311,False,0.46153846153846156,2155,LIVE
0.04397428778010385,157,819,22,1157,976,0.4529002320185615,0.8770949720670391,0.16086065573770492,0.4144736842105263,0.6097447795823666,1039.0,4821.345707656613,False,0.46153846153846156,2155,LIVE
0.04403667519053162,157,818,22,1158,975,0.45243619489559167,0.8770949720670391,0.16102564102564101,0.4139676113360324,0.6102088167053364,1038.0,4816.705336426914,False,0.46008708272859217,2155,LIVE
0.04405871088528784,157,817,22,1159,974,0.4519721577726218,0.8770949720670391,0.16119096509240247,0.41346153846153844,0.6106728538283063,1037.0,4812.064965197216,False,0.46008708272859217,2155,LIVE
0.0442289523292391,157,816,22,1160,973,0.45150812064965196,0.8770949720670391,0.16135662898252826,0.41295546558704455,0.6111368909512761,1036.0,4807.4245939675175,False,0.46008708272859217,2155,LIVE
0.044245738496256855,157,815,22,1161,972,0.4510440835266821,0.8770949720670391,0.16152263374485595,0.4124493927125506,0.6116009280742459,1035.0,4802.78422273782,False,0.46008708272859217,2155,LIVE
0.044280244929206354,156,815,23,1161,971,0.4505800464037123,0.8715083798882681,0.16065911431513905,0.4124493927125506,0.6111368909512761,1045.0,4849.187935034803,False,0.45863570391872277,2155,LIVE
0.04436083395733505,156,814,23,1162,970,0.45011600928074247,0.8715083798882681,0.16082474226804125,0.41194331983805665,0.6116009280742459,1044.0,4844.547563805105,False,0.45863570391872277,2155,LIVE
0.04444489858204263,156,813,23,1163,969,0.44965197215777264,0.8715083798882681,0.1609907120743034,0.41143724696356276,0.6120649651972158,1043.0,4839.907192575406,False,0.45718432510885343,2155,LIVE
0.044446239081586826,156,812,23,1164,968,0.4491879350348028,0.8715083798882681,0.16115702479338842,0.4109311740890688,0.6125290023201856,1042.0,4835.266821345708,False,0.45573294629898403,2155,LIVE
0.044625743573988665,156,811,23,1165,967,0.4487238979118329,0.8715083798882681,0.16132368148914167,0.4104251012145749,0.6129930394431554,1041.0,4830.626450116009,False,0.45573294629898403,2155,LIVE
0.04463011317776907,156,810,23,1166,966,0.4482598607888631,0.8715083798882681,0.16149068322981366,0.409919028340081,0.6134570765661252,1040.0,4825.986078886311,False,0.45573294629898403,2155,LIVE
0.04472629994693742,156,809,23,1167,965,0.44779582366589327,0.8715083798882681,0.1616580310880829,0.40941295546558704,0.6139211136890951,1039.0,4821.345707656613,False,0.45428156748911463,2155,LIVE
0.04476332478644706,156,808,23,1168,964,0.44733178654292344,0.8715083798882681,0.16182572614107885,0.4089068825910931,0.614385150812065,1038.0,4816.705336426914,False,0.45428156748911463,2155,LIVE
0.04503390810666493,156,807,23,1169,963,0.4468677494199536,0.8715083798882681,0.16199376947040497,0.4084008097165992,0.6148491879350348,1037.0,4812.064965197216,False,0.45428156748911463,2155,LIVE
0.04506918265209507,156,806,23,1170,962,0.4464037122969838,0.8715083798882681,0.16216216216216217,0.40789473684210525,0.6153132250580047,1036.0,4807.4245939675175,False,0.45428156748911463,2155,LIVE
0.04514020768491662,156,805,23,1171,961,0.4459396751740139,0.8715083798882681,0.16233090530697192,0.4073886639676113,0.6157772621809745,1035.0,4802.78422273782,False,0.4528301886792453,2155,LIVE
0.045204832962206586,156,804,23,1172,960,0.44547563805104406,0.8715083798882681,0.1625,0.4068825910931174,0.6162412993039443,1034.0,4798.14385150812,False,0.4528301886792453,2155,LIVE
0.04521012440857506,155,804,24,1172,959,0.44501160092807424,0.8659217877094972,0.1616266944734098,0.4068825910931174,0.6157772621809745,1044.0,4844.547563805105,False,0.4528301886792453,2155,LIVE
0.04530548851221778,155,803,24,1173,958,0.4445475638051044,0.8659217877094972,0.1617954070981211,0.4063765182186235,0.6162412993039443,1043.0,4839.907192575406,False,0.4528301886792453,2155,LIVE
0.045334386092880916,155,802,24,1174,957,0.4440835266821346,0.8659217877094972,0.1619644723092999,0.4058704453441296,0.6167053364269142,1042.0,4835.266821345708,False,0.4528301886792453,2155,LIVE
0.0453846891685062,155,801,24,1175,956,0.44361948955916475,0.8659217877094972,0.16213389121338911,0.40536437246963564,0.617169373549884,1041.0,4830.626450116009,False,0.4513788098693759,2155,LIVE
0.04572496785961876,155,800,24,1176,955,0.4431554524361949,0.8659217877094972,0.16230366492146597,0.4048582995951417,0.6176334106728538,1040.0,4825.986078886311,False,0.44992743105950656,2155,LIVE
0.045813420323078405,155,799,24,1177,954,0.44269141531322503,0.8659217877094972,0.16247379454926625,0.4043522267206478,0.6180974477958237,1039.0,4821.345707656613,False,0.44992743105950656,2155,LIVE
0.045840397046079194,155,798,24,1178,953,0.4422273781902552,0.8659217877094972,0.1626442812172088,0.40384615384615385,0.6185614849187935,1038.0,4816.705336426914,False,0.44992743105950656,2155,LIVE
0.045845356518204275,155,797,24,1179,952,0.4417633410672854,0.8659217877094972,0.16281512605042017,0.4033400809716599,0.6190255220417633,1037.0,4812.064965197216,False,0.44992743105950656,2155,LIVE
0.04587912350853223,155,796,24,1180,951,0.44129930394431555,0.8659217877094972,0.16298633017875921,0.402834008097166,0.6194895591647331,1036.0,4807.4245939675175,False,0.44847605224963716,2155,LIVE
0.04591586545517178,155,795,24,1181,950,0.4408352668213457,0.8659217877094972,0.1631578947368421,0.4023279352226721,0.619953596287703,1035.0,4802.78422273782,False,0.44847605224963716,2155,LIVE
0.046009577387291944,155,794,24,1182,949,0.4403712296983759,0.8659217877094972,0.16332982086406744,0.4018218623481781,0.6204176334106729,1034.0,4798.14385150812,False,0.44847605224963716,2155,LIVE
0.04602795807354386,155,793,24,1183,948,0.43990719257540606,0.8659217877094972,0.16350210970464135,0.40131578947368424,0.6208816705336427,1033.0,4793.503480278422,False,0.44702467343976776,2155,LIVE
0.046034112592504166,155,792,24,1184,947,0.4394431554524362,0.8659217877094972,0.16367476240760295,0.4008097165991903,0.6213457076566126,1032.0,4788.863109048724,False,0.44702467343976776,2155,LIVE
0.04603842772224766,155,791,24,1185,946,0.43897911832946634,0.8659217877094972,0.1638477801268499,0.40030364372469635,0.6218097447795824,1031.0,4784.2227378190255,False,0.4455732946298984,2155,LIVE
0.0460859355028212,155,790,24,1186,945,0.4385150812064965,0.8659217877094972,0.164021164021164,0.39979757085020245,0.6222737819025522,1030.0,4779.582366589328,False,0.4455732946298984,2155,LIVE
0.04608946427466307,155,789,24,1187,944,0.4380510440835267,0.8659217877094972,0.1641949152542373,0.3992914979757085,0.622737819025522,1029.0,4774.941995359629,False,0.4455732946298984,2155,LIVE
0.04610730565244685,155,788,24,1188,943,0.43758700696055686,0.8659217877094972,0.16436903499469777,0.39878542510121456,0.6232018561484919,1028.0,4770.301624129931,False,0.444121915820029,2155,LIVE
0.046111234979042064,155,787,24,1189,942,0.437122969837587,0.8659217877094972,0.16454352441613587,0.3982793522267207,0.6236658932714617,1027.0,4765.661252900231,False,0.4426705370101596,2155,LIVE
0.04631615846211174,155,786,24,1190,941,0.43665893271461714,0.8659217877094972,0.1647183846971307,0.3977732793522267,0.6241299303944315,1026.0,4761.0208816705335,False,0.4412191582002903,2155,LIVE
0.046352687118020104,155,785,24,1191,940,0.4361948955916473,0.8659217877094972,0.16489361702127658,0.3972672064777328,0.6245939675174014,1025.0,4756.380510440835,False,0.4412191582002903,2155,LIVE
0.0463926225350395,155,784,24,1192,939,0.4357308584686775,0.8659217877094972,0.1650692225772098,0.3967611336032389,0.6250580046403712,1024.0,4751.740139211137,False,0.4397677793904209,2155,LIVE
0.046535015998589016,155,783,24,1193,938,0.43526682134570766,0.8659217877094972,0.1652452025586354,0.39625506072874495,0.625522041763341,1023.0,4747.099767981439,False,0.4397677793904209,2155,LIVE
0.046658715389432275,155,782,24,1194,937,0.4348027842227378,0.8659217877094972,0.16542155816435433,0.395748987854251,0.6259860788863109,1022.0,4742.45939675174,False,0.43831640058055155,2155,LIVE
0.04675255674735041,155,781,24,1195,936,0.434338747099768,0.8659217877094972,0.1655982905982906,0.3952429149797571,0.6264501160092807,1021.0,4737.8190255220425,False,0.43831640058055155,2155,LIVE
0.046776969508219274,155,780,24,1196,935,0.43387470997679817,0.8659217877094972,0.1657754010695187,0.39473684210526316,0.6269141531322506,1020.0,4733.178654292343,False,0.4373297002724796,2155,LIVE
0.04678199844267601,155,779,24,1197,934,0.4334106728538283,0.8659217877094972,0.16595289079229122,0.3942307692307692,0.6273781902552205,1019.0,4728.538283062645,False,0.43686502177068215,2155,LIVE
0.04678628555400752,155,778,24,1198,933,0.43294663573085845,0.8659217877094972,0.16613076098606644,0.3937246963562753,0.6278422273781903,1018.0,4723.897911832946,False,0.4359673024523161,2155,LIVE
0.04684410356941722,155,777,24,1199,932,0.4324825986078886,0.8659217877094972,0.16630901287553648,0.3932186234817814,0.6283062645011601,1017.0,4719.257540603248,False,0.4359673024523161,2155,LIVE
0.04685176260108353,155,776,24,1200,931,0.4320185614849188,0.8659217877094972,0.16648764769065522,0.39271255060728744,0.62877030162413,1016.0,4714.61716937355,False,0.4359673024523161,2155,LIVE
0.046856037197244536,155,775,24,1201,930,0.43155452436194897,0.8659217877094972,0.16666666666666666,0.39220647773279355,0.6292343387470998,1015.0,4709.976798143852,False,0.43541364296081275,2155,LIVE
0.046959588253889545,155,774,24,1202,929,0.43109048723897914,0.8659217877094972,0.1668460710441335,0.3917004048582996,0.6296983758700696,1014.0,4705.336426914153,False,0.43541364296081275,2155,LIVE
0.047257694802784696,155,773,24,1203,928,0.4306264501160093,0.8659217877094972,0.16702586206896552,0.39119433198380565,0.6301624129930394,1013.0,4700.696055684454,False,0.43541364296081275,2155,LIVE
0.04752871566769359,155,772,24,1204,927,0.4301624129930394,0.8659217877094972,0.16720604099244876,0.39068825910931176,0.6306264501160093,1012.0,4696.055684454756,False,0.4339622641509434,2155,LIVE
0.047534946305005786,155,771,24,1205,926,0.4296983758700696,0.8659217877094972,0.1673866090712743,0.3901821862348178,0.6310904872389791,1011.0,4691.415313225058,False,0.4339622641509434,2155,LIVE
0.04760189113354732,155,770,24,1206,925,0.42923433874709976,0.8659217877094972,0.16756756756756758,0.3896761133603239,0.6315545243619489,1010.0,4686.77494199536,False,0.4339622641509434,2155,LIVE
0.04760941487173614,155,769,24,1207,924,0.42877030162412993,0.8659217877094972,0.16774891774891776,0.38917004048583,0.6320185614849188,1009.0,4682.134570765661,False,0.4339622641509434,2155,LIVE
0.04769099688847272,155,768,24,1208,923,0.4283062645011601,0.8659217877094972,0.16793066088840736,0.38866396761133604,0.6324825986078886,1008.0,4677.494199535963,False,0.432510885341074,2155,LIVE
0.04774566275136654,155,767,24,1209,922,0.4278422273781903,0.8659217877094972,0.1681127982646421,0.3881578947368421,0.6329466357308585,1007.0,4672.853828306264,False,0.432510885341074,2155,LIVE
0.04785082843034513,155,766,24,1210,921,0.4273781902552204,0.8659217877094972,0.16829533116178066,0.3876518218623482,0.6334106728538283,1006.0,4668.213457076566,False,0.432510885341074,2155,LIVE
0.047856078385205225,154,766,25,1210,920,0.42691415313225056,0.8603351955307262,0.1673913043478261,0.3876518218623482,0.6329466357308585,1016.0,4714.61716937355,False,0.4310595065312046,2155,LIVE
0.04799882659091349,154,765,25,1211,919,0.42645011600928073,0.8603351955307262,0.16757344940152338,0.38714574898785425,0.6334106728538283,1015.0,4709.976798143852,False,0.4310595065312046,2155,LIVE
0.04801641854434244,154,764,25,1212,918,0.4259860788863109,0.8603351955307262,0.16775599128540306,0.3866396761133603,0.6338747099767982,1014.0,4705.336426914153,False,0.4296081277213353,2155,LIVE
0.04820251334942656,154,763,25,1213,917,0.4255220417633411,0.8603351955307262,0.16793893129770993,0.3861336032388664,0.634338747099768,1013.0,4700.696055684454,False,0.4296081277213353,2155,LIVE
0.048282937188424975,154,762,25,1214,916,0.42505800464037125,0.8603351955307262,0.16812227074235808,0.3856275303643725,0.6348027842227378,1012.0,4696.055684454756,False,0.4296081277213353,2155,LIVE
0.04832238613300642,154,761,25,1215,915,0.4245939675174014,0.8603351955307262,0.16830601092896175,0.3851214574898785,0.6352668213457077,1011.0,4691.415313225058,False,0.4296081277213353,2155,LIVE
0.04836518715612106,154,760,25,1216,914,0.42412993039443153,0.8603351955307262,0.16849015317286653,0.38461538461538464,0.6357308584686775,1010.0,4686.77494199536,False,0.4296081277213353,2155,LIVE
0.04836683414968721,154,759,25,1217,913,0.4236658932714617,0.8603351955307262,0.1686746987951807,0.3841093117408907,0.6361948955916473,1009.0,4682.134570765661,False,0.4296081277213353,2155,LIVE
0.04840998144556466,154,758,25,1218,912,0.4232018561484919,0.8603351955307262,0.16885964912280702,0.38360323886639675,0.6366589327146172,1008.0,4677.494199535963,False,0.4296081277213353,2155,LIVE
0.04846284984698976,154,757,25,1219,911,0.42273781902552204,0.8603351955307262,0.1690450054884742,0.38309716599190285,0.637122969837587,1007.0,4672.853828306264,False,0.4281567489114659,2155,LIVE
0.04848884171658539,153,757,26,1219,910,0.4222737819025522,0.8547486033519553,0.16813186813186815,0.38309716599190285,0.6366589327146172,1017.0,4719.257540603248,False,0.4281567489114659,2155,LIVE
0.04860717103844525,153,756,26,1220,909,0.4218097447795824,0.8547486033519553,0.16831683168316833,0.3825910931174089,0.637122969837587,1016.0,4714.61716937355,False,0.4281567489114659,2155,LIVE
0.04866778432262869,153,755,26,1221,908,0.42134570765661256,0.8547486033519553,0.1685022026431718,0.38208502024291496,0.6375870069605568,1015.0,4709.976798143852,False,0.4281567489114659,2155,LIVE
0.04868193792277602,153,754,26,1222,907,0.42088167053364267,0.8547486033519553,0.16868798235942667,0.3815789473684211,0.6380510440835266,1014.0,4705.336426914153,False,0.4281567489114659,2155,LIVE
0.0486939045531657,153,753,26,1223,906,0.42041763341067284,0.8547486033519553,0.16887417218543047,0.3810728744939271,0.6385150812064965,1013.0,4700.696055684454,False,0.4281567489114659,2155,LIVE
0.048733207338574606,153,752,26,1224,905,0.419953596287703,0.8547486033519553,0.16906077348066298,0.3805668016194332,0.6389791183294664,1012.0,4696.055684454756,False,0.42670537010159654,2155,LIVE
0.0488674170467325,153,751,26,1225,904,0.4194895591647332,0.8547486033519553,0.16924778761061948,0.3800607287449393,0.6394431554524362,1011.0,4691.415313225058,False,0.42670537010159654,2155,LIVE
0.04888979232793492,153,750,26,1226,903,0.41902552204176335,0.8547486033519553,0.16943521594684385,0.37955465587044535,0.6399071925754061,1010.0,4686.77494199536,False,0.42525399129172714,2155,LIVE
0.049000697312719534,153,749,26,1227,902,0.4185614849187935,0.8547486033519553,0.1696230598669623,0.3790485829959514,0.6403712296983759,1009.0,4682.134570765661,False,0.42525399129172714,2155,LIVE
0.04907043313904577,153,748,26,1228,901,0.41809744779582364,0.8547486033519553,0.16981132075471697,0.3785425101214575,0.6408352668213457,1008.0,4677.494199535963,False,0.42525399129172714,2155,LIVE
0.049079198595708,153,747,26,1229,900,0.4176334106728538,0.8547486033519553,0.17,0.37803643724696356,0.6412993039443156,1007.0,4672.853828306264,False,0.42380261248185774,2155,LIVE
0.04924190108578758,153,746,26,1230,899,0.417169373549884,0.8547486033519553,0.17018909899888765,0.3775303643724696,0.6417633410672854,1006.0,4668.213457076566,False,0.42380261248185774,2155,LIVE
0.04927940382928351,153,745,26,1231,898,0.41670533642691415,0.8547486033519553,0.17037861915367483,0.3770242914979757,0.6422273781902552,1005.0,4663.573085846868,False,0.42380261248185774,2155,LIVE
0.049547523238109195,152,745,27,1231,897,0.4162412993039443,0.8491620111731844,0.16945373467112598,0.3770242914979757,0.6417633410672854,1015.0,4709.976798143852,False,0.42380261248185774,2155,LIVE
0.04971190134793961,152,744,27,1232,896,0.4157772621809745,0.8491620111731844,0.16964285714285715,0.3765182186234818,0.6422273781902552,1014.0,4705.336426914153,False,0.42380261248185774,2155,LIVE
0.04972523236971815,152,743,27,1233,895,0.41531322505800466,0.8491620111731844,0.16983240223463686,0.37601214574898784,0.642691415313225,1013.0,4700.696055684454,False,0.42380261248185774,2155,LIVE
0.04973057306344201,152,742,27,1234,894,0.4148491879350348,0.8491620111731844,0.17002237136465326,0.37550607287449395,0.6431554524361949,1012.0,4696.055684454756,False,0.42380261248185774,2155,LIVE
0.0497562925412563,152,741,27,1235,893,0.41438515081206495,0.8491620111731844,0.1702127659574468,0.375,0.6436194895591647,1011.0,4691.415313225058,False,0.42380261248185774,2155,LIVE
0.04983747572042303,152,740,27,1236,892,0.4139211136890951,0.8491620111731844,0.17040358744394618,0.37449392712550605,0.6440835266821345,1010.0,4686.77494199536,False,0.4223512336719884,2155,LIVE
0.04987761956481055,152,739,27,1237,891,0.4134570765661253,0.8491620111731844,0.17059483726150393,0.37398785425101216,0.6445475638051044,1009.0,4682.134570765661,False,0.4223512336719884,2155,LIVE
0.05000777280559603,152,738,27,1238,890,0.41299303944315546,0.8491620111731844,0.1707865168539326,0.3734817813765182,0.6450116009280742,1008.0,4677.494199535963,False,0.4223512336719884,2155,LIVE
0.05026232413377245,152,737,27,1239,889,0.41252900232018563,0.8491620111731844,0.17097862767154107,0.3729757085020243,0.6454756380510441,1007.0,4672.853828306264,False,0.420899854862119,2155,LIVE
0.050337209028551225,152,736,27,1240,888,0.4120649651972158,0.8491620111731844,0.17117117117117117,0.3724696356275304,0.645939675174014,1006.0,4668.213457076566,False,0.420899854862119,2155,LIVE
0.050406143512262455,152,735,27,1241,887,0.4116009280742459,0.8491620111731844,0.1713641488162345,0.37196356275303644,0.6464037122969838,1005.0,4663.573085846868,False,0.420899854862119,2155,LIVE
0.050490725077189026,152,734,27,1242,886,0.4111368909512761,0.8491620111731844,0.17155756207674944,0.3714574898785425,0.6468677494199536,1004.0,4658.932714617169,False,0.41944847605224966,2155,LIVE
0.05059882305354108,152,733,27,1243,885,0.41067285382830626,0.8491620111731844,0.17175141242937852,0.3709514170040486,0.6473317865429234,1003.0,4654.292343387471,False,0.41799709724238027,2155,LIVE
0.050612595516636084,152,732,27,1244,884,0.41020881670533643,0.8491620111731844,0.17194570135746606,0.37044534412955465,0.6477958236658933,1002.0,4649.651972157772,False,0.41799709724238027,2155,LIVE
0.05063900844936079,152,731,27,1245,883,0.4097447795823666,0.8491620111731844,0.17214043035107587,0.3699392712550607,0.6482598607888631,1001.0,4645.011600928074,False,0.41654571843251087,2155,LIVE
0.05070467038047752,152,730,27,1246,882,0.4092807424593968,0.8491620111731844,0.17233560090702948,0.3694331983805668,0.6487238979118329,1000.0,4640.371229698376,False,0.41654571843251087,2155,LIVE
0.0507605807728272,152,729,27,1247,881,0.4088167053364269,0.8491620111731844,0.17253121452894438,0.3689271255060729,0.6491879350348028,999.0,4635.730858468677,False,0.41654571843251087,2155,LIVE
0.05076439481980565,152,728,27,1248,880,0.40835266821345706,0.8491620111731844,0.17272727272727273,0.3684210526315789,0.6496519721577726,998.0,4631.090487238979,False,0.41509433962264153,2155,LIVE
0.05112997944260874,152,727,27,1249,879,0.40788863109048723,0.8491620111731844,0.17292377701934017,0.36791497975708504,0.6501160092807424,997.0,4626.4501160092805,False,0.41509433962264153,2155,LIVE
0.051136267399899064,152,726,27,1250,878,0.4074245939675174,0.8491620111731844,0.17312072892938496,0.3674089068825911,0.6505800464037123,996.0,4621.809744779583,False,0.41364296081277213,2155,LIVE
0.05125829290399178,152,725,27,1251,877,0.40696055684454757,0.8491620111731844,0.1733181299885975,0.36690283400809715,0.6510440835266821,995.0,4617.169373549884,False,0.41219158200290273,2155,LIVE
0.05138056059883811,152,724,27,1252,876,0.40649651972157774,0.8491620111731844,0.1735159817351598,0.36639676113360325,0.651508120649652,994.0,4612.529002320185,False,0.41219158200290273,2155,LIVE
0.05162801745409863,152,723,27,1253,875,0.4060324825986079,0.8491620111731844,0.1737142857142857,0.3658906882591093,0.6519721577726219,993.0,4607.888631090487,False,0.41219158200290273,2155,LIVE
0.051670025334024414,152,722,27,1254,874,0.40556844547563803,0.8491620111731844,0.17391304347826086,0.36538461538461536,0.6524361948955917,992.0,4603.2482598607885,False,0.4107402031930334,2155,LIVE
0.051795619892872596,152,721,27,1255,873,0.4051044083526682,0.8491620111731844,0.17411225658648338,0.3648785425101215,0.6529002320185615,991.0,4598.607888631091,False,0.409288824383164,2155,LIVE
0.05188992566662974,152,720,27,1256,872,0.40464037122969837,0.8491620111731844,0.1743119266055046,0.3643724696356275,0.6533642691415313,990.0,4593.967517401392,False,0.409288824383164,2155,LIVE
0.05202929255172583,152,719,27,1257,871,0.40417633410672854,0.8491620111731844,0.17451205510907003,0.3638663967611336,0.6538283062645012,989.0,4589.327146171694,False,0.409288824383164,2155,LIVE
0.05216677183892935,152,718,27,1258,870,0.4037122969837587,0.8491620111731844,0.17471264367816092,0.3633603238866397,0.654292343387471,988.0,4584.686774941995,False,0.409288824383164,2155,LIVE
0.05219641400599743,152,717,27,1259,869,0.4032482598607889,0.8491620111731844,0.17491369390103567,0.36285425101214575,0.6547563805104408,987.0,4580.0464037122965,False,0.409288824383164,2155,LIVE
0.0524074417072088,152,716,27,1260,868,0.40278422273781905,0.8491620111731844,0.17511520737327188,0.3623481781376518,0.6552204176334107,986.0,4575.406032482599,False,0.40783744557329465,2155,LIVE
0.05242351135244233,152,715,27,1261,867,0.40232018561484917,0.8491620111731844,0.17531718569780855,0.3618421052631579,0.6556844547563805,985.0,4570.7656612529,False,0.40783744557329465,2155,LIVE
0.05242764877828675,152,714,27,1262,866,0.40185614849187934,0.8491620111731844,0.17551963048498845,0.36133603238866396,0.6561484918793503,984.0,4566.125290023202,False,0.40783744557329465,2155,LIVE
0.052601792447224106,152,713,27,1263,865,0.4013921113689095,0.8491620111731844,0.17572254335260115,0.36082995951417,0.6566125290023201,983.0,4561.484918793503,False,0.40783744557329465,2155,LIVE
0.052619750420969495,152,712,27,1264,864,0.4009280742459397,0.8491620111731844,0.17592592592592593,0.3603238866396761,0.65707656612529,982.0,4556.8445475638055,False,0.40783744557329465,2155,LIVE
0.052678886121204554,152,711,27,1265,863,0.40046403712296985,0.8491620111731844,0.1761297798377752,0.3598178137651822,0.6575406032482599,981.0,4552.204176334107,False,0.40638606676342526,2155,LIVE
0.052703450308500224,152,710,27,1266,862,0.4,0.8491620111731844,0.17633410672853828,0.35931174089068824,0.6580046403712297,980.0,4547.563805104408,False,0.40638606676342526,2155,LIVE
0.05277616998235407,152,709,27,1267,861,0.39953596287703014,0.8491620111731844,0.1765389082462253,0.35880566801619435,0.6584686774941996,979.0,4542.92343387471,False,0.40493468795355586,2155,LIVE
0.05289408554357945,152,708,27,1268,860,0.3990719257540603,0.8491620111731844,0.17674418604651163,0.3582995951417004,0.6589327146171694,978.0,4538.283062645011,False,0.40493468795355586,2155,LIVE
0.052978071444585564,152,707,27,1269,859,0.3986078886310905,0.8491620111731844,0.1769499417927823,0.35779352226720645,0.6593967517401392,977.0,4533.6426914153135,False,0.40493468795355586,2155,LIVE
0.05302176247267718,152,706,27,1270,858,0.39814385150812065,0.8491620111731844,0.17715617715617715,0.35728744939271256,0.6598607888631091,976.0,4529.002320185615,False,0.40493468795355586,2155,LIVE
0.05305948943324587,152,705,27,1271,857,0.3976798143851508,0.8491620111731844,0.17736289381563594,0.3567813765182186,0.6603248259860789,975.0,4524.361948955917,False,0.4034833091436865,2155,LIVE
0.05315305212768384,152,704,27,1272,856,0.397215777262181,0.8491620111731844,0.17757009345794392,0.3562753036437247,0.6607888631090487,974.0,4519.721577726218,False,0.4020319303338171,2155,LIVE
0.05317426806685827,152,703,27,1273,855,0.39675174013921116,0.8491620111731844,0.17777777777777778,0.3557692307692308,0.6612529002320185,973.0,4515.081206496519,False,0.4020319303338171,2155,LIVE
0.05322754643836602,152,702,27,1274,854,0.3962877030162413,0.8491620111731844,0.17798594847775176,0.35526315789473684,0.6617169373549884,972.0,4510.4408352668215,False,0.4020319303338171,2155,LIVE
0.05323234674883817,152,701,27,1275,853,0.39582366589327145,0.8491620111731844,0.17819460726846426,0.3547570850202429,0.6621809744779582,971.0,4505.800464037123,False,0.4005805515239477,2155,LIVE
0.053316478130385495,151,701,28,1275,852,0.3953596287703016,0.8435754189944135,0.1772300469483568,0.3547570850202429,0.6617169373549884,981.0,4552.204176334107,False,0.3991825613079019,2155,LIVE
0.053330817160240684,151,700,28,1276,851,0.3948955916473318,0.8435754189944135,0.17743830787309048,0.354251012145749,0.6621809744779582,980.0,4547.563805104408,False,0.3991825613079019,2155,LIVE
0.05336238193700933,151,699,28,1277,850,0.39443155452436196,0.8435754189944135,0.1776470588235294,0.35374493927125505,0.662645011600928,979.0,4542.92343387471,False,0.3991825613079019,2155,LIVE
0.05342862746447469,151,698,28,1278,849,0.39396751740139213,0.8435754189944135,0.17785630153121318,0.3532388663967611,0.6631090487238979,978.0,4538.283062645011,False,0.3978201634877384,2155,LIVE
0.053439741503391494,151,697,28,1279,848,0.39350348027842225,0.8435754189944135,0.17806603773584906,0.3527327935222672,0.6635730858468677,977.0,4533.6426914153135,False,0.39645776566757496,2155,LIVE
0.05363409962243552,151,696,28,1280,847,0.3930394431554524,0.8435754189944135,0.1782762691853601,0.3522267206477733,0.6640371229698376,976.0,4529.002320185615,False,0.39622641509433965,2155,LIVE
0.05363899470163001,151,695,28,1281,846,0.3925754060324826,0.8435754189944135,0.17848699763593381,0.3517206477732793,0.6645011600928075,975.0,4524.361948955917,False,0.39622641509433965,2155,LIVE
0.053720149697980064,151,694,28,1282,845,0.39211136890951276,0.8435754189944135,0.178698224852071,0.35121457489878544,0.6649651972157773,974.0,4519.721577726218,False,0.39477503628447025,2155,LIVE
0.05376889863631778,151,693,28,1283,844,0.39164733178654293,0.8435754189944135,0.17890995260663506,0.3507085020242915,0.6654292343387471,973.0,4515.081206496519,False,0.39477503628447025,2155,LIVE
0.05379591024371585,151,692,28,1284,843,0.3911832946635731,0.8435754189944135,0.17912218268090155,0.35020242914979755,0.665893271461717,972.0,4510.4408352668215,False,0.39477503628447025,2155,LIVE
0.053815494717820496,151,691,28,1285,842,0.39071925754060327,0.8435754189944135,0.17933491686460806,0.34969635627530365,0.6663573085846868,971.0,4505.800464037123,False,0.39477503628447025,2155,LIVE
0.05387210759326836,151,690,28,1286,841,0.3902552204176334,0.8435754189944135,0.17954815695600476,0.3491902834008097,0.6668213457076566,970.0,4501.160092807425,False,0.39373297002724794,2155,LIVE
0.053920047366985135,151,689,28,1287,840,0.38979118329466356,0.8435754189944135,0.17976190476190476,0.34868421052631576,0.6672853828306264,969.0,4496.519721577726,False,0.39373297002724794,2155,LIVE
0.054113398984314956,150,689,29,1287,839,0.3893271461716937,0.8379888268156425,0.17878426698450536,0.34868421052631576,0.6668213457076566,979.0,4542.92343387471,False,0.39373297002724794,2155,LIVE
0.054117284552947356,150,688,29,1288,838,0.3888631090487239,0.8379888268156425,0.17899761336515513,0.3481781376518219,0.6672853828306264,978.0,4538.283062645011,False,0.39373297002724794,2155,LIVE
0.05424158523071672,150,687,29,1289,837,0.38839907192575407,0.8379888268156425,0.17921146953405018,0.3476720647773279,0.6677494199535963,977.0,4533.6426914153135,False,0.39373297002724794,2155,LIVE
0.05425642245761867,150,686,29,1290,836,0.38793503480278424,0.8379888268156425,0.17942583732057416,0.347165991902834,0.6682134570765661,976.0,4529.002320185615,False,0.3923705722070845,2155,LIVE
0.0542912860290836,150,685,29,1291,835,0.3874709976798144,0.8379888268156425,0.17964071856287425,0.3466599190283401,0.6686774941995359,975.0,4524.361948955917,False,0.3923705722070845,2155,LIVE
0.054291906777578725,149,685,30,1291,834,0.3870069605568445,0.8324022346368715,0.17865707434052758,0.3466599190283401,0.6682134570765661,985.0,4570.7656612529,False,0.3923705722070845,2155,LIVE
0.054317891568471374,149,684,30,1292,833,0.3865429234338747,0.8324022346368715,0.1788715486194478,0.34615384615384615,0.6686774941995359,984.0,4566.125290023202,False,0.391008174386921,2155,LIVE
0.054489860502037836,149,683,30,1293,832,0.38607888631090487,0.8324022346368715,0.17908653846153846,0.3456477732793522,0.6691415313225058,983.0,4561.484918793503,False,0.391008174386921,2155,LIVE
0.05452984868470766,149,682,30,1294,831,0.38561484918793504,0.8324022346368715,0.1793020457280385,0.3451417004048583,0.6696055684454756,982.0,4556.8445475638055,False,0.391008174386921,2155,LIVE
0.05455553950648912,149,681,30,1295,830,0.3851508120649652,0.8324022346368715,0.17951807228915662,0.34463562753036436,0.6700696055684455,981.0,4552.204176334107,False,0.3904208998548621,2155,LIVE
0.05457335014765401,149,680,30,1296,829,0.3846867749419954,0.8324022346368715,0.17973462002412546,0.3441295546558704,0.6705336426914154,980.0,4547.563805104408,False,0.3896457765667575,2155,LIVE
0.0545884192712446,149,679,30,1297,828,0.3842227378190255,0.8324022346368715,0.17995169082125603,0.3436234817813765,0.6709976798143852,979.0,4542.92343387471,False,0.3889695210449927,2155,LIVE
0.054679694310042055,149,678,30,1298,827,0.38375870069605567,0.8324022346368715,0.18016928657799275,0.3431174089068826,0.671461716937355,978.0,4538.283062645011,False,0.3889695210449927,2155,LIVE
0.05478051585503881,149,677,30,1299,826,0.38329466357308584,0.8324022346368715,0.18038740920096852,0.3426113360323887,0.6719257540603248,977.0,4533.6426914153135,False,0.3889695210449927,2155,LIVE
0.05478415376796136,149,676,30,1300,825,0.382830626450116,0.8324022346368715,0.1806060606060606,0.34210526315789475,0.6723897911832947,976.0,4529.002320185615,False,0.3889695210449927,2155,LIVE
0.05479598651918127,149,675,30,1301,824,0.3823665893271462,0.8324022346368715,0.1808252427184466,0.3415991902834008,0.6728538283062645,975.0,4524.361948955917,False,0.3875181422351234,2155,LIVE
0.05483280111186362,149,674,30,1302,823,0.38190255220417635,0.8324022346368715,0.181044957472661,0.3410931174089069,0.6733178654292343,974.0,4519.721577726218,False,0.386066763425254,2155,LIVE
0.054838608721225125,149,673,30,1303,822,0.3814385150812065,0.8324022346368715,0.18126520681265207,0.34058704453441296,0.6737819025522042,973.0,4515.081206496519,False,0.386066763425254,2155,LIVE
0.05485053265193118,149,672,30,1304,821,0.38097447795823663,0.8324022346368715,0.1814859926918392,0.340080971659919,0.674245939675174,972.0,4510.4408352668215,False,0.38461538461538464,2155,LIVE
0.0549895881813706,149,671,30,1305,820,0.3805104408352668,0.8324022346368715,0.18170731707317073,0.3395748987854251,0.6747099767981438,971.0,4505.800464037123,False,0.38461538461538464,2155,LIVE
0.055255307654916305,149,670,30,1306,819,0.380046403712297,0.8324022346368715,0.18192918192918192,0.3390688259109312,0.6751740139211136,970.0,4501.160092807425,False,0.38461538461538464,2155,LIVE
0.05534610363721156,149,669,30,1307,818,0.37958236658932715,0.8324022346368715,0.1821515892420538,0.33856275303643724,0.6756380510440835,969.0,4496.519721577726,False,0.38461538461538464,2155,LIVE
0.055424749501642064,149,668,30,1308,817,0.3791183294663573,0.8324022346368715,0.18237454100367198,0.33805668016194335,0.6761020881670534,968.0,4491.879350348028,False,0.38316400580551524,2155,LIVE
0.055531859214538154,148,668,31,1308,816,0.3786542923433875,0.8268156424581006,0.18137254901960784,0.33805668016194335,0.6756380510440835,978.0,4538.283062645011,False,0.38171262699564584,2155,LIVE
0.05555735662412577,147,668,32,1308,815,0.37819025522041766,0.8212290502793296,0.18036809815950922,0.33805668016194335,0.6751740139211136,988.0,4584.686774941995,False,0.38171262699564584,2155,LIVE
0.05562832718733885,147,667,32,1309,814,0.3777262180974478,0.8212290502793296,0.18058968058968058,0.3375506072874494,0.6756380510440835,987.0,4580.0464037122965,False,0.38171262699564584,2155,LIVE
0.05564577646866932,147,666,32,1310,813,0.37726218097447795,0.8212290502793296,0.18081180811808117,0.33704453441295545,0.6761020881670534,986.0,4575.406032482599,False,0.38171262699564584,2155,LIVE
0.055652102129095785,147,665,32,1311,812,0.3767981438515081,0.8212290502793296,0.1810344827586207,0.33653846153846156,0.6765661252900232,985.0,4570.7656612529,False,0.38171262699564584,2155,LIVE
0.05576953494465247,147,664,32,1312,811,0.3763341067285383,0.8212290502793296,0.1812577065351418,0.3360323886639676,0.6770301624129931,984.0,4566.125290023202,False,0.38171262699564584,2155,LIVE
0.055769942702524264,147,663,32,1313,810,0.37587006960556846,0.8212290502793296,0.1814814814814815,0.3355263157894737,0.6774941995359629,983.0,4561.484918793503,False,0.38171262699564584,2155,LIVE
0.05580534291919688,147,662,32,1314,809,0.37540603248259863,0.8212290502793296,0.18170580964153277,0.3350202429149798,0.6779582366589327,982.0,4556.8445475638055,False,0.38171262699564584,2155,LIVE
0.05590441247589831,147,661,32,1315,808,0.37494199535962874,0.8212290502793296,0.18193069306930693,0.33451417004048584,0.6784222737819026,981.0,4552.204176334107,False,0.38171262699564584,2155,LIVE
0.055952716884904934,147,660,32,1316,807,0.3744779582366589,0.8212290502793296,0.1821561338289963,0.3340080971659919,0.6788863109048724,980.0,4547.563805104408,False,0.3802612481857765,2155,LIVE
0.056093493977757376,147,659,32,1317,806,0.3740139211136891,0.8212290502793296,0.18238213399503722,0.333502024291498,0.6793503480278422,979.0,4542.92343387471,False,0.3802612481857765,2155,LIVE
0.05619664338378039,147,658,32,1318,805,0.37354988399071926,0.8212290502793296,0.1826086956521739,0.33299595141700405,0.679814385150812,978.0,4538.283062645011,False,0.3802612481857765,2155,LIVE
0.056294052608305716,147,657,32,1319,804,0.3730858468677494,0.8212290502793296,0.1828358208955224,0.3324898785425101,0.6802784222737819,977.0,4533.6426914153135,False,0.3802612481857765,2155,LIVE
0.056302555611843066,147,656,32,1320,803,0.3726218097447796,0.8212290502793296,0.18306351183063513,0.3319838056680162,0.6807424593967517,976.0,4529.002320185615,False,0.3802612481857765,2155,LIVE
0.056323711611102195,147,655,32,1321,802,0.37215777262180977,0.8212290502793296,0.18329177057356608,0.3314777327935223,0.6812064965197215,975.0,4524.361948955917,False,0.3802612481857765,2155,LIVE
0.05641210565288035,147,654,32,1322,801,0.3716937354988399,0.8212290502793296,0.18352059925093633,0.3309716599190283,0.6816705336426914,974.0,4519.721577726218,False,0.3788098693759071,2155,LIVE
0.05650044537157983,147,653,32,1323,800,0.37122969837587005,0.8212290502793296,0.18375,0.33046558704453444,0.6821345707656613,973.0,4515.081206496519,False,0.3788098693759071,2155,LIVE
0.0565395991659351,147,652,32,1324,799,0.3707656612529002,0.8212290502793296,0.18397997496871088,0.3299595141700405,0.6825986078886311,972.0,4510.4408352668215,False,0.3788098693759071,2155,LIVE
0.05656918948184204,147,651,32,1325,798,0.3703016241299304,0.8212290502793296,0.18421052631578946,0.32945344129554655,0.683062645011601,971.0,4505.800464037123,False,0.3788098693759071,2155,LIVE
0.05660568816477281,147,650,32,1326,797,0.36983758700696057,0.8212290502793296,0.18444165621079048,0.32894736842105265,0.6835266821345708,970.0,4501.160092807425,False,0.3788098693759071,2155,LIVE
0.056676275399992024,146,650,33,1326,796,0.36937354988399074,0.8156424581005587,0.18341708542713567,0.32894736842105265,0.683062645011601,980.0,4547.563805104408,False,0.3788098693759071,2155,LIVE
0.056687958649293976,146,649,33,1327,795,0.3689095127610209,0.8156424581005587,0.18364779874213835,0.3284412955465587,0.6835266821345708,979.0,4542.92343387471,False,0.37735849056603776,2155,LIVE
0.05671944334051022,146,648,33,1328,794,0.368445475638051,0.8156424581005587,0.18387909319899245,0.32793522267206476,0.6839907192575406,978.0,4538.283062645011,False,0.37590711175616837,2155,LIVE
0.056719810789533864,146,647,33,1329,793,0.3679814385150812,0.8156424581005587,0.1841109709962169,0.3274291497975709,0.6844547563805105,977.0,4533.6426914153135,False,0.37590711175616837,2155,LIVE
0.05679446053463099,146,646,33,1330,792,0.36751740139211136,0.8156424581005587,0.18434343434343434,0.3269230769230769,0.6849187935034803,976.0,4529.002320185615,False,0.37590711175616837,2155,LIVE
0.05686118914912188,146,645,33,1331,791,0.36705336426914154,0.8156424581005587,0.1845764854614412,0.326417004048583,0.6853828306264501,975.0,4524.361948955917,False,0.37590711175616837,2155,LIVE
0.056966280255863394,146,644,33,1332,790,0.3665893271461717,0.8156424581005587,0.1848101265822785,0.3259109311740891,0.6858468677494199,974.0,4519.721577726218,False,0.37590711175616837,2155,LIVE
0.05697241649386796,146,643,33,1333,789,0.3661252900232019,0.8156424581005587,0.1850443599493029,0.32540485829959515,0.6863109048723898,973.0,4515.081206496519,False,0.37445573294629897,2155,LIVE
0.05703420697296256,146,642,33,1334,788,0.365661252900232,0.8156424581005587,0.18527918781725888,0.3248987854251012,0.6867749419953596,972.0,4510.4408352668215,False,0.37445573294629897,2155,LIVE
0.05707307320451704,146,641,33,1335,787,0.36519721577726216,0.8156424581005587,0.1855146124523507,0.3243927125506073,0.6872389791183294,971.0,4505.800464037123,False,0.37300435413642963,2155,LIVE
0.057078900093709146,146,640,33,1336,786,0.36473317865429233,0.8156424581005587,0.18575063613231552,0.32388663967611336,0.6877030162412993,970.0,4501.160092807425,False,0.37300435413642963,2155,LIVE
0.0572793703849832,146,639,33,1337,785,0.3642691415313225,0.8156424581005587,0.1859872611464968,0.3233805668016194,0.6881670533642691,969.0,4496.519721577726,False,0.37155297532656023,2155,LIVE
0.0573180075887767,146,638,33,1338,784,0.3638051044083527,0.8156424581005587,0.18622448979591838,0.3228744939271255,0.688631090487239,968.0,4491.879350348028,False,0.37155297532656023,2155,LIVE
0.05738396639926852,146,637,33,1339,783,0.36334106728538285,0.8156424581005587,0.18646232439335889,0.3223684210526316,0.6890951276102089,967.0,4487.23897911833,False,0.37155297532656023,2155,LIVE
0.05763684646471394,146,636,33,1340,782,0.362877030162413,0.8156424581005587,0.1867007672634271,0.32186234817813764,0.6895591647331787,966.0,4482.598607888631,False,0.37010159651669083,2155,LIVE
0.05778735842848241,146,635,33,1341,781,0.36241299303944313,0.8156424581005587,0.18693982074263765,0.32135627530364375,0.6900232018561485,965.0,4477.958236658933,False,0.37010159651669083,2155,LIVE
0.057799856897711,145,635,34,1341,780,0.3619489559164733,0.8100558659217877,0.1858974358974359,0.32135627530364375,0.6895591647331787,975.0,4524.361948955917,False,0.37010159651669083,2155,LIVE
0.058111724882488225,144,635,35,1341,779,0.3614849187935035,0.8044692737430168,0.18485237483953787,0.32135627530364375,0.6890951276102089,985.0,4570.7656612529,False,0.37010159651669083,2155,LIVE
0.05820885695056694,144,634,35,1342,778,0.36102088167053364,0.8044692737430168,0.18508997429305912,0.3208502024291498,0.6895591647331787,984.0,4566.125290023202,False,0.37010159651669083,2155,LIVE
0.058294065068027416,144,633,35,1343,777,0.3605568445475638,0.8044692737430168,0.18532818532818532,0.32034412955465585,0.6900232018561485,983.0,4561.484918793503,False,0.37010159651669083,2155,LIVE
0.05833908853382143,144,632,35,1344,776,0.360092807424594,0.8044692737430168,0.18556701030927836,0.31983805668016196,0.6904872389791183,982.0,4556.8445475638055,False,0.37010159651669083,2155,LIVE
0.05840900705398647,144,631,35,1345,775,0.35962877030162416,0.8044692737430168,0.18580645161290324,0.319331983805668,0.6909512761020882,981.0,4552.204176334107,False,0.37010159651669083,2155,LIVE
0.058411257531509955,144,630,35,1346,774,0.35916473317865427,0.8044692737430168,0.18604651162790697,0.3188259109311741,0.691415313225058,980.0,4547.563805104408,False,0.3686502177068215,2155,LIVE
0.05848924317657625,144,629,35,1347,773,0.35870069605568444,0.8044692737430168,0.18628719275549807,0.3183198380566802,0.6918793503480278,979.0,4542.92343387471,False,0.3686502177068215,2155,LIVE
0.05857183386547332,144,628,35,1348,772,0.3582366589327146,0.8044692737430168,0.18652849740932642,0.31781376518218624,0.6923433874709977,978.0,4538.283062645011,False,0.3686502177068215,2155,LIVE
0.058591240138731626,144,627,35,1349,771,0.3577726218097448,0.8044692737430168,0.1867704280155642,0.3173076923076923,0.6928074245939675,977.0,4533.6426914153135,False,0.3686502177068215,2155,LIVE
0.058618457737249864,144,626,35,1350,770,0.35730858468677495,0.8044692737430168,0.18701298701298702,0.3168016194331984,0.6932714617169373,976.0,4529.002320185615,False,0.3686502177068215,2155,LIVE
0.05883131731936509,144,625,35,1351,769,0.3568445475638051,0.8044692737430168,0.18725617685305593,0.31629554655870445,0.6937354988399071,975.0,4524.361948955917,False,0.3671988388969521,2155,LIVE
0.05917237828636146,144,624,35,1352,768,0.35638051044083524,0.8044692737430168,0.1875,0.3157894736842105,0.694199535962877,974.0,4519.721577726218,False,0.3671988388969521,2155,LIVE
0.05946930061445538,144,623,35,1353,767,0.3559164733178654,0.8044692737430168,0.1877444589308996,0.3152834008097166,0.6946635730858469,973.0,4515.081206496519,False,0.36574746008708275,2155,LIVE
0.05957350610118617,144,622,35,1354,766,0.3554524361948956,0.8044692737430168,0.18798955613577023,0.3147773279352227,0.6951276102088167,972.0,4510.4408352668215,False,0.36574746008708275,2155,LIVE
0.05959169884610733,144,621,35,1355,765,0.35498839907192575,0.8044692737430168,0.18823529411764706,0.3142712550607287,0.6955916473317866,971.0,4505.800464037123,False,0.36429608127721336,2155,LIVE
0.059599927236720945,144,620,35,1356,764,0.3545243619489559,0.8044692737430168,0.18848167539267016,0.31376518218623484,0.6960556844547564,970.0,4501.160092807425,False,0.36429608127721336,2155,LIVE
0.05975321489772619,144,619,35,1357,763,0.3540603248259861,0.8044692737430168,0.18872870249017037,0.3132591093117409,0.6965197215777262,969.0,4496.519721577726,False,0.36429608127721336,2155,LIVE
0.059804228530447,144,618,35,1358,762,0.35359628770301627,0.8044692737430168,0.1889763779527559,0.31275303643724695,0.6969837587006961,968.0,4491.879350348028,False,0.36429608127721336,2155,LIVE
0.05987516772914531,144,617,35,1359,761,0.3531322505800464,0.8044692737430168,0.18922470433639949,0.31224696356275305,0.6974477958236659,967.0,4487.23897911833,False,0.36429608127721336,2155,LIVE
0.05989891977608245,144,616,35,1360,760,0.35266821345707655,0.8044692737430168,0.18947368421052632,0.3117408906882591,0.6979118329466357,966.0,4482.598607888631,False,0.36429608127721336,2155,LIVE
0.05994641231679501,144,615,35,1361,759,0.3522041763341067,0.8044692737430168,0.18972332015810275,0.31123481781376516,0.6983758700696056,965.0,4477.958236658933,False,0.36429608127721336,2155,LIVE
0.059980877896071816,144,614,35,1362,758,0.3517401392111369,0.8044692737430168,0.18997361477572558,0.3107287449392713,0.6988399071925754,964.0,4473.317865429234,False,0.36429608127721336,2155,LIVE
0.05998342977225833,144,613,35,1363,757,0.35127610208816706,0.8044692737430168,0.190224570673712,0.3102226720647773,0.6993039443155452,963.0,4468.677494199536,False,0.36429608127721336,2155,LIVE
0.060014852839038735,144,612,35,1364,756,0.35081206496519723,0.8044692737430168,0.19047619047619047,0.3097165991902834,0.699767981438515,962.0,4464.037122969838,False,0.36284470246734396,2155,LIVE
0.06009550336537473,144,611,35,1365,755,0.3503480278422274,0.8044692737430168,0.19072847682119207,0.3092105263157895,0.7002320185614849,961.0,4459.396751740139,False,0.3613933236574746,2155,LIVE
0.06021273445226774,144,610,35,1366,754,0.3498839907192575,0.8044692737430168,0.1909814323607427,0.30870445344129555,0.7006960556844548,960.0,4454.756380510441,False,0.3613933236574746,2155,LIVE
0.06033193399119303,144,609,35,1367,753,0.3494199535962877,0.8044692737430168,0.19123505976095617,0.3081983805668016,0.7011600928074246,959.0,4450.116009280742,False,0.3613933236574746,2155,LIVE
0.060357514373895325,144,608,35,1368,752,0.34895591647331786,0.8044692737430168,0.19148936170212766,0.3076923076923077,0.7016241299303945,958.0,4445.475638051044,False,0.3613933236574746,2155,LIVE
0.06038703753722824,144,607,35,1369,751,0.34849187935034803,0.8044692737430168,0.19174434087882822,0.30718623481781376,0.7020881670533643,957.0,4440.835266821346,False,0.3613933236574746,2155,LIVE
0.06040698940610083,144,606,35,1370,750,0.3480278422273782,0.8044692737430168,0.192,0.3066801619433198,0.7025522041763341,956.0,4436.194895591648,False,0.3599419448476052,2155,LIVE
0.060409273772047585,144,605,35,1371,749,0.3475638051044084,0.8044692737430168,0.19225634178905207,0.3061740890688259,0.703016241299304,955.0,4431.554524361949,False,0.3599419448476052,2155,LIVE
0.06052443843640333,144,604,35,1372,748,0.3470997679814385,0.8044692737430168,0.1925133689839572,0.305668016194332,0.7034802784222738,954.0,4426.91415313225,False,0.3599419448476052,2155,LIVE
0.06056905725567309,143,604,36,1372,747,0.34663573085846866,0.7988826815642458,0.19143239625167335,0.305668016194332,0.703016241299304,964.0,4473.317865429234,False,0.3599419448476052,2155,LIVE
0.06103677866700965,143,603,36,1373,746,0.34617169373549883,0.7988826815642458,0.19168900804289543,0.30516194331983804,0.7034802784222738,963.0,4468.677494199536,False,0.3599419448476052,2155,LIVE
0.06113361213802571,143,602,36,1374,745,0.345707656612529,0.7988826815642458,0.1919463087248322,0.30465587044534415,0.7039443155452436,962.0,4464.037122969838,False,0.3599419448476052,2155,LIVE
0.061316347949281265,143,601,36,1375,744,0.3452436194895592,0.7988826815642458,0.1922043010752688,0.3041497975708502,0.7044083526682134,961.0,4459.396751740139,False,0.3599419448476052,2155,LIVE
0.06163064599511507,143,600,36,1376,743,0.34477958236658934,0.7988826815642458,0.19246298788694483,0.30364372469635625,0.7048723897911833,960.0,4454.756380510441,False,0.3599419448476052,2155,LIVE
0.061751421197054436,143,599,36,1377,742,0.3443155452436195,0.7988826815642458,0.192722371967655,0.30313765182186236,0.7053364269141531,959.0,4450.116009280742,False,0.3584905660377358,2155,LIVE
0.06202482697368706,143,598,36,1378,741,0.34385150812064963,0.7988826815642458,0.19298245614035087,0.3026315789473684,0.7058004640371229,958.0,4445.475638051044,False,0.3584905660377358,2155,LIVE
0.062421320514795195,143,597,36,1379,740,0.3433874709976798,0.7988826815642458,0.19324324324324324,0.3021255060728745,0.7062645011600928,957.0,4440.835266821346,False,0.3570391872278665,2155,LIVE
0.06272143815219919,143,596,36,1380,739,0.34292343387470997,0.7988826815642458,0.19350473612990526,0.3016194331983806,0.7067285382830626,956.0,4436.194895591648,False,0.3555878084179971,2155,LIVE
0.06274002922576406,143,595,36,1381,738,0.34245939675174014,0.7988826815642458,0.1937669376693767,0.30111336032388664,0.7071925754060325,955.0,4431.554524361949,False,0.35413642960812775,2155,LIVE
0.06279568623396281,143,594,36,1382,737,0.3419953596287703,0.7988826815642458,0.19402985074626866,0.3006072874493927,0.7076566125290024,954.0,4426.91415313225,False,0.35413642960812775,2155,LIVE
0.06293321621670224,143,593,36,1383,736,0.3415313225058005,0.7988826815642458,0.19429347826086957,0.3001012145748988,0.7081206496519722,953.0,4422.273781902552,False,0.35413642960812775,2155,LIVE
0.06296235203207066,143,592,36,1384,735,0.34106728538283065,0.7988826815642458,0.1945578231292517,0.29959514170040485,0.708584686774942,952.0,4417.633410672854,False,0.35413642960812775,2155,LIVE
0.0630064989358562,143,591,36,1385,734,0.34060324825986077,0.7988826815642458,0.19482288828337874,0.2990890688259109,0.7090487238979118,951.0,4412.993039443156,False,0.35413642960812775,2155,LIVE
0.06300895520950515,143,590,36,1386,733,0.34013921113689094,0.7988826815642458,0.19508867667121418,0.298582995951417,0.7095127610208817,950.0,4408.352668213457,False,0.35268505079825835,2155,LIVE
0.06317335070541608,143,589,36,1387,732,0.3396751740139211,0.7988826815642458,0.1953551912568306,0.2980769230769231,0.7099767981438515,949.0,4403.712296983759,False,0.35268505079825835,2155,LIVE
0.06330631196211053,143,588,36,1388,731,0.3392111368909513,0.7988826815642458,0.19562243502051985,0.2975708502024291,0.7104408352668213,948.0,4399.07192575406,False,0.35268505079825835,2155,LIVE
0.06333052622577666,143,587,36,1389,730,0.33874709976798145,0.7988826815642458,0.1958904109589041,0.29706477732793524,0.7109048723897912,947.0,4394.431554524362,False,0.35123367198838895,2155,LIVE
0.06337157553112713,143,586,36,1390,729,0.3382830626450116,0.7988826815642458,0.19615912208504802,0.2965587044534413,0.711368909512761,946.0,4389.791183294664,False,0.35123367198838895,2155,LIVE
0.06338693138851523,143,585,36,1391,728,0.33781902552204174,0.7988826815642458,0.19642857142857142,0.29605263157894735,0.7118329466357308,945.0,4385.150812064965,False,0.35123367198838895,2155,LIVE
0.06347399457512373,143,584,36,1392,727,0.3373549883990719,0.7988826815642458,0.19669876203576342,0.29554655870445345,0.7122969837587007,944.0,4380.510440835267,False,0.35123367198838895,2155,LIVE
0.06359081908680521,143,583,36,1393,726,0.3368909512761021,0.7988826815642458,0.19696969696969696,0.2950404858299595,0.7127610208816705,943.0,4375.8700696055685,False,0.35123367198838895,2155,LIVE
0.06371180334344596,143,582,36,1394,725,0.33642691415313225,0.7988826815642458,0.19724137931034483,0.29453441295546556,0.7132250580046404,942.0,4371.229698375871,False,0.35123367198838895,2155,LIVE
0.0637421994737439,143,581,36,1395,724,0.3359628770301624,0.7988826815642458,0.19751381215469613,0.2940283400809717,0.7136890951276103,941.0,4366.589327146172,False,0.35123367198838895,2155,LIVE
0.06399777734090165,142,581,37,1395,723,0.3354988399071926,0.7932960893854749,0.19640387275242047,0.2940283400809717,0.7132250580046404,951.0,4412.993039443156,False,0.3497822931785196,2155,LIVE
0.0640243495911424,142,580,37,1396,722,0.33503480278422276,0.7932960893854749,0.19667590027700832,0.2935222672064777,0.7136890951276103,950.0,4408.352668213457,False,0.3497822931785196,2155,LIVE
0.06403631390231114,142,579,37,1397,721,0.3345707656612529,0.7932960893854749,0.19694868238557559,0.2930161943319838,0.7141531322505801,949.0,4403.712296983759,False,0.3497822931785196,2155,LIVE
0.06403976451523949,142,578,37,1398,720,0.33410672853828305,0.7932960893854749,0.19722222222222222,0.2925101214574899,0.7146171693735499,948.0,4399.07192575406,False,0.3497822931785196,2155,LIVE
0.0640904936693098,142,577,37,1399,719,0.3336426914153132,0.7932960893854749,0.19749652294853964,0.29200404858299595,0.7150812064965197,947.0,4394.431554524362,False,0.3497822931785196,2155,LIVE
0.06416834038886697,142,576,37,1400,718,0.3331786542923434,0.7932960893854749,0.1977715877437326,0.291497975708502,0.7155452436194896,946.0,4389.791183294664,False,0.3497822931785196,2155,LIVE
0.064198965241692,142,575,37,1401,717,0.33271461716937356,0.7932960893854749,0.19804741980474197,0.2909919028340081,0.7160092807424594,945.0,4385.150812064965,False,0.3497822931785196,2155,LIVE
0.06429804599301256,142,574,37,1402,716,0.33225058004640373,0.7932960893854749,0.19832402234636873,0.29048582995951416,0.7164733178654292,944.0,4380.510440835267,False,0.3497822931785196,2155,LIVE
0.06454759660367199,142,573,37,1403,715,0.33178654292343385,0.7932960893854749,0.1986013986013986,0.2899797570850202,0.7169373549883991,943.0,4375.8700696055685,False,0.3497822931785196,2155,LIVE
0.06461640602586102,142,572,37,1404,714,0.331322505800464,0.7932960893854749,0.19887955182072828,0.2894736842105263,0.7174013921113689,942.0,4371.229698375871,False,0.3483309143686502,2155,LIVE
0.06473611063198671,142,571,37,1405,713,0.3308584686774942,0.7932960893854749,0.19915848527349228,0.2889676113360324,0.7178654292343387,941.0,4366.589327146172,False,0.3483309143686502,2155,LIVE
0.06476989174429088,142,570,37,1406,712,0.33039443155452436,0.7932960893854749,0.199438202247191,0.28846153846153844,0.7183294663573085,940.0,4361.948955916473,False,0.3483309143686502,2155,LIVE
0.06482839995563058,142,569,37,1407,711,0.32993039443155453,0.7932960893854749,0.19971870604781997,0.28795546558704455,0.7187935034802784,939.0,4357.308584686775,False,0.3468795355587808,2155,LIVE
0.06483639171326394,142,568,37,1408,710,0.3294663573085847,0.7932960893854749,0.2,0.2874493927125506,0.7192575406032483,938.0,4352.6682134570765,False,0.3468795355587808,2155,LIVE
0.06504262885932513,141,568,38,1408,709,0.32900232018561487,0.7877094972067039,0.19887165021156558,0.2874493927125506,0.7187935034802784,948.0,4399.07192575406,False,0.3454281567489115,2155,LIVE
0.06526210948443675,141,567,38,1409,708,0.328538283062645,0.7877094972067039,0.19915254237288135,0.28694331983805665,0.7192575406032483,947.0,4394.431554524362,False,0.3454281567489115,2155,LIVE
0.06538905490455138,140,567,39,1409,707,0.32807424593967516,0.7821229050279329,0.19801980198019803,0.28694331983805665,0.7187935034802784,957.0,4440.835266821346,False,0.3454281567489115,2155,LIVE
0.06542164846939928,140,566,39,1410,706,0.32761020881670533,0.7821229050279329,0.19830028328611898,0.28643724696356276,0.7192575406032483,956.0,4436.194895591648,False,0.3439767779390421,2155,LIVE
0.06568519011393607,140,565,39,1411,705,0.3271461716937355,0.7821229050279329,0.19858156028368795,0.2859311740890688,0.7197215777262181,955.0,4431.554524361949,False,0.34252539912917274,2155,LIVE
0.06570056370522508,140,564,39,1412,704,0.32668213457076567,0.7821229050279329,0.19886363636363635,0.2854251012145749,0.720185614849188,954.0,4426.91415313225,False,0.34252539912917274,2155,LIVE
0.06587409373268396,140,563,39,1413,703,0.32621809744779584,0.7821229050279329,0.19914651493598862,0.284919028340081,0.7206496519721578,953.0,4422.273781902552,False,0.34107402031930334,2155,LIVE
0.06595146239629196,140,562,39,1414,702,0.325754060324826,0.7821229050279329,0.19943019943019943,0.28441295546558704,0.7211136890951276,952.0,4417.633410672854,False,0.33962264150943394,2155,LIVE
0.06612425378772487,140,561,39,1415,701,0.3252900232018561,0.7821229050279329,0.19971469329529243,0.2839068825910931,0.7215777262180975,951.0,4412.993039443156,False,0.33962264150943394,2155,LIVE
0.06624607361959005,140,560,39,1416,700,0.3248259860788863,0.7821229050279329,0.2,0.2834008097165992,0.7220417633410673,950.0,4408.352668213457,False,0.33962264150943394,2155,LIVE
0.06648914570737605,140,559,39,1417,699,0.32436194895591647,0.7821229050279329,0.20028612303290416,0.28289473684210525,0.7225058004640371,949.0,4403.712296983759,False,0.3381712626995646,2155,LIVE
0.06649409419473855,140,558,39,1418,698,0.32389791183294664,0.7821229050279329,0.20057306590257878,0.2823886639676113,0.722969837587007,948.0,4399.07192575406,False,0.3381712626995646,2155,LIVE
0.0664964583665361,140,557,39,1419,697,0.3234338747099768,0.7821229050279329,0.20086083213773315,0.2818825910931174,0.7234338747099768,947.0,4394.431554524362,False,0.3367198838896952,2155,LIVE
0.06655472719245038,140,556,39,1420,696,0.322969837587007,0.7821229050279329,0.20114942528735633,0.2813765182186235,0.7238979118329466,946.0,4389.791183294664,False,0.3367198838896952,2155,LIVE
0.06668226117362172,140,555,39,1421,695,0.3225058004640371,0.7821229050279329,0.2014388489208633,0.2808704453441296,0.7243619489559164,945.0,4385.150812064965,False,0.3352685050798258,2155,LIVE
0.06679787342900834,140,554,39,1422,694,0.32204176334106727,0.7821229050279329,0.2017291066282421,0.28036437246963564,0.7248259860788863,944.0,4380.510440835267,False,0.3352685050798258,2155,LIVE
0.06691952188012701,140,553,39,1423,693,0.32157772621809744,0.7821229050279329,0.20202020202020202,0.2798582995951417,0.7252900232018561,943.0,4375.8700696055685,False,0.3352685050798258,2155,LIVE
0.0671651354988293,140,552,39,1424,692,0.3211136890951276,0.7821229050279329,0.2023121387283237,0.2793522267206478,0.725754060324826,942.0,4371.229698375871,False,0.3352685050798258,2155,LIVE
0.06724468303925488,140,551,39,1425,691,0.3206496519721578,0.7821229050279329,0.20260492040520983,0.27884615384615385,0.7262180974477959,941.0,4366.589327146172,False,0.33381712626995647,2155,LIVE
0.06733163698515944,140,550,39,1426,690,0.32018561484918795,0.7821229050279329,0.2028985507246377,0.2783400809716599,0.7266821345707657,940.0,4361.948955916473,False,0.33381712626995647,2155,LIVE
0.067380997514287,139,550,40,1426,689,0.3197215777262181,0.776536312849162,0.20174165457184326,0.2783400809716599,0.7262180974477959,950.0,4408.352668213457,False,0.33236574746008707,2155,LIVE
0.06747070427303724,139,549,40,1427,688,0.31925754060324824,0.776536312849162,0.20203488372093023,0.277834008097166,0.7266821345707657,949.0,4403.712296983759,False,0.33236574746008707,2155,LIVE
0.06748983711131933,139,548,40,1428,687,0.3187935034802784,0.776536312849162,0.20232896652110627,0.2773279352226721,0.7271461716937355,948.0,4399.07192575406,False,0.33236574746008707,2155,LIVE
0.06750928613922216,138,548,41,1428,686,0.3183294663573086,0.770949720670391,0.20116618075801748,0.2773279352226721,0.7266821345707657,958.0,4445.475638051044,False,0.3309143686502177,2155,LIVE
0.06764757531821962,138,547,41,1429,685,0.31786542923433875,0.770949720670391,0.20145985401459854,0.2768218623481781,0.7271461716937355,957.0,4440.835266821346,False,0.3309143686502177,2155,LIVE
0.06776746060836099,138,546,41,1430,684,0.3174013921113689,0.770949720670391,0.20175438596491227,0.27631578947368424,0.7276102088167054,956.0,4436.194895591648,False,0.3309143686502177,2155,LIVE
0.06780982826738273,138,545,41,1431,683,0.3169373549883991,0.770949720670391,0.2020497803806735,0.2758097165991903,0.7280742459396752,955.0,4431.554524361949,False,0.3309143686502177,2155,LIVE
0.06781879343160709,138,544,41,1432,682,0.31647331786542926,0.770949720670391,0.20234604105571846,0.27530364372469635,0.728538283062645,954.0,4426.91415313225,False,0.32946298984034833,2155,LIVE
0.06783190364649275,138,543,41,1433,681,0.3160092807424594,0.770949720670391,0.2026431718061674,0.27479757085020245,0.7290023201856148,953.0,4422.273781902552,False,0.32946298984034833,2155,LIVE
0.06791420060671187,138,542,41,1434,680,0.31554524361948955,0.770949720670391,0.20294117647058824,0.2742914979757085,0.7294663573085847,952.0,4417.633410672854,False,0.32946298984034833,2155,LIVE
0.06798574337086023,138,541,41,1435,679,0.3150812064965197,0.770949720670391,0.203240058910162,0.27378542510121456,0.7299303944315545,951.0,4412.993039443156,False,0.32946298984034833,2155,LIVE
0.06822562773753467,138,540,41,1436,678,0.3146171693735499,0.770949720670391,0.20353982300884957,0.2732793522267207,0.7303944315545243,950.0,4408.352668213457,False,0.32946298984034833,2155,LIVE
0.06828057708533192,138,539,41,1437,677,0.31415313225058006,0.770949720670391,0.2038404726735598,0.2727732793522267,0.7308584686774942,949.0,4403.712296983759,False,0.32946298984034833,2155,LIVE
0.06836347193496695,138,538,41,1438,676,0.31368909512761023,0.770949720670391,0.20414201183431951,0.2722672064777328,0.731322505800464,948.0,4399.07192575406,False,0.32801161103047893,2155,LIVE
0.06837591667436489,138,537,41,1439,675,0.31322505800464034,0.770949720670391,0.20444444444444446,0.2717611336032389,0.7317865429234339,947.0,4394.431554524362,False,0.32801161103047893,2155,LIVE
0.06838606407962505,138,536,41,1440,674,0.3127610208816705,0.770949720670391,0.20474777448071216,0.27125506072874495,0.7322505800464038,946.0,4389.791183294664,False,0.32801161103047893,2155,LIVE
0.06848361785897167,138,535,41,1441,673,0.3122969837587007,0.770949720670391,0.2050520059435364,0.270748987854251,0.7327146171693736,945.0,4385.150812064965,False,0.32801161103047893,2155,LIVE
0.06871600976944091,138,534,41,1442,672,0.31183294663573086,0.770949720670391,0.20535714285714285,0.2702429149797571,0.7331786542923434,944.0,4380.510440835267,False,0.32801161103047893,2155,LIVE
0.06872597009482087,138,533,41,1443,671,0.311368909512761,0.770949720670391,0.20566318926974664,0.26973684210526316,0.7336426914153132,943.0,4375.8700696055685,False,0.3265602322206096,2155,LIVE
0.06894727502396528,138,532,41,1444,670,0.3109048723897912,0.770949720670391,0.20597014925373133,0.2692307692307692,0.7341067285382831,942.0,4371.229698375871,False,0.3251088534107402,2155,LIVE
0.06901134651536074,138,531,41,1445,669,0.31044083526682137,0.770949720670391,0.2062780269058296,0.2687246963562753,0.7345707656612529,941.0,4366.589327146172,False,0.32365747460087085,2155,LIVE
0.06911260272042384,138,530,41,1446,668,0.3099767981438515,0.770949720670391,0.20658682634730538,0.2682186234817814,0.7350348027842227,940.0,4361.948955916473,False,0.32365747460087085,2155,LIVE
0.06928886922422743,138,529,41,1447,667,0.30951276102088165,0.770949720670391,0.20689655172413793,0.26771255060728744,0.7354988399071926,939.0,4357.308584686775,False,0.32365747460087085,2155,LIVE
0.06977867002516361,138,528,41,1448,666,0.3090487238979118,0.770949720670391,0.2072072072072072,0.26720647773279355,0.7359628770301624,938.0,4352.6682134570765,False,0.32220609579100146,2155,LIVE
0.06988741466006007,138,527,41,1449,665,0.308584686774942,0.770949720670391,0.2075187969924812,0.2667004048582996,0.7364269141531322,937.0,4348.027842227379,False,0.32075471698113206,2155,LIVE
0.06991928739894876,138,526,41,1450,664,0.30812064965197217,0.770949720670391,0.20783132530120482,0.26619433198380565,0.736890951276102,936.0,4343.38747099768,False,0.32075471698113206,2155,LIVE
0.07014897796593435,138,525,41,1451,663,0.30765661252900234,0.770949720670391,0.2081447963800905,0.26568825910931176,0.7373549883990719,935.0,4338.747099767982,False,0.32075471698113206,2155,LIVE
0.07028419318000349,137,525,42,1451,662,0.3071925754060325,0.7653631284916201,0.20694864048338368,0.26568825910931176,0.736890951276102,945.0,4385.150812064965,False,0.32075471698113206,2155,LIVE
0.0703645571020868,137,524,42,1452,661,0.3067285382830626,0.7653631284916201,0.20726172465960666,0.2651821862348178,0.7373549883990719,944.0,4380.510440835267,False,0.32075471698113206,2155,LIVE
0.07052206675820198,137,523,42,1453,660,0.3062645011600928,0.7653631284916201,0.20757575757575758,0.2646761133603239,0.7378190255220418,943.0,4375.8700696055685,False,0.3193033381712627,2155,LIVE
0.0705592264743806,137,522,42,1454,659,0.30580046403712297,0.7653631284916201,0.2078907435508346,0.26417004048583,0.7382830626450116,942.0,4371.229698375871,False,0.3193033381712627,2155,LIVE
0.07060907989972896,137,521,42,1455,658,0.30533642691415314,0.7653631284916201,0.20820668693009117,0.26366396761133604,0.7387470997679815,941.0,4366.589327146172,False,0.3193033381712627,2155,LIVE
0.07071816725217259,137,520,42,1456,657,0.3048723897911833,0.7653631284916201,0.2085235920852359,0.2631578947368421,0.7392111368909513,940.0,4361.948955916473,False,0.3193033381712627,2155,LIVE
0.07096851640778952,137,519,42,1457,656,0.3044083526682135,0.7653631284916201,0.20884146341463414,0.2626518218623482,0.7396751740139211,939.0,4357.308584686775,False,0.3178519593613933,2155,LIVE
0.0711774668772146,137,518,42,1458,655,0.3039443155452436,0.7653631284916201,0.20916030534351146,0.26214574898785425,0.740139211136891,938.0,4352.6682134570765,False,0.3178519593613933,2155,LIVE
0.07134726310928115,137,517,42,1459,654,0.30348027842227376,0.7653631284916201,0.20948012232415902,0.2616396761133603,0.7406032482598608,937.0,4348.027842227379,False,0.3178519593613933,2155,LIVE
0.07142916122246523,137,516,42,1460,653,0.30301624129930393,0.7653631284916201,0.20980091883614088,0.2611336032388664,0.7410672853828306,936.0,4343.38747099768,False,0.3178519593613933,2155,LIVE
0.07155131228057712,137,515,42,1461,652,0.3025522041763341,0.7653631284916201,0.21012269938650308,0.2606275303643725,0.7415313225058004,935.0,4338.747099767982,False,0.3178519593613933,2155,LIVE
0.07155705029981856,137,514,42,1462,651,0.3020881670533643,0.7653631284916201,0.21044546850998463,0.2601214574898785,0.7419953596287703,934.0,4334.106728538283,False,0.3164005805515239,2155,LIVE
0.07156552821494314,137,513,42,1463,650,0.30162412993039445,0.7653631284916201,0.21076923076923076,0.25961538461538464,0.7424593967517401,933.0,4329.4663573085845,False,0.3149492017416546,2155,LIVE
0.07173559838371667,137,512,42,1464,649,0.3011600928074246,0.7653631284916201,0.2110939907550077,0.2591093117408907,0.7429234338747099,932.0,4324.825986078887,False,0.3149492017416546,2155,LIVE
0.07178048338264413,137,511,42,1465,648,0.30069605568445473,0.7653631284916201,0.21141975308641975,0.25860323886639675,0.7433874709976798,931.0,4320.185614849188,False,0.3134978229317852,2155,LIVE
0.07195467995148672,137,510,42,1466,647,0.3002320185614849,0.7653631284916201,0.2117465224111283,0.25809716599190285,0.7438515081206497,930.0,4315.54524361949,False,0.3134978229317852,2155,LIVE
0.07201553457788186,136,510,43,1466,646,0.2997679814385151,0.7597765363128491,0.21052631578947367,0.25809716599190285,0.7433874709976798,940.0,4361.948955916473,False,0.3134978229317852,2155,LIVE
0.07206141321051159,136,509,43,1467,645,0.29930394431554525,0.7597765363128491,0.21085271317829457,0.2575910931174089,0.7438515081206497,939.0,4357.308584686775,False,0.3134978229317852,2155,LIVE
0.07212850249608724,136,508,43,1468,644,0.2988399071925754,0.7597765363128491,0.2111801242236025,0.25708502024291496,0.7443155452436195,938.0,4352.6682134570765,False,0.3134978229317852,2155,LIVE
0.07262617122829051,136,507,43,1469,643,0.2983758700696056,0.7597765363128491,0.2115085536547434,0.2565789473684211,0.7447795823665894,937.0,4348.027842227379,False,0.31204644412191584,2155,LIVE
0.07267374910219364,136,506,43,1470,642,0.29791183294663576,0.7597765363128491,0.2118380062305296,0.2560728744939271,0.7452436194895592,936.0,4343.38747099768,False,0.31059506531204645,2155,LIVE
0.07277060915108463,136,505,43,1471,641,0.2974477958236659,0.7597765363128491,0.2121684867394696,0.2555668016194332,0.745707656612529,935.0,4338.747099767982,False,0.30914368650217705,2155,LIVE
0.0727990987748671,136,504,43,1472,640,0.29698375870069604,0.7597765363128491,0.2125,0.2550607287449393,0.7461716937354989,934.0,4334.106728538283,False,0.3076923076923077,2155,LIVE
0.07300752781255958,136,503,43,1473,639,0.2965197215777262,0.7597765363128491,0.21283255086071987,0.25455465587044535,0.7466357308584687,933.0,4329.4663573085845,False,0.3076923076923077,2155,LIVE
0.07300973066118213,136,502,43,1474,638,0.2960556844547564,0.7597765363128491,0.21316614420062696,0.2540485829959514,0.7470997679814385,932.0,4324.825986078887,False,0.3076923076923077,2155,LIVE
0.07307015669434043,135,502,44,1474,637,0.29559164733178656,0.7541899441340782,0.2119309262166405,0.2540485829959514,0.7466357308584687,942.0,4371.229698375871,False,0.3076923076923077,2155,LIVE
0.07317130162603275,135,501,44,1475,636,0.2951276102088167,0.7541899441340782,0.21226415094339623,0.2535425101214575,0.7470997679814385,941.0,4366.589327146172,False,0.3062409288824383,2155,LIVE
0.07320748773250527,135,500,44,1476,635,0.29466357308584684,0.7541899441340782,0.2125984251968504,0.25303643724696356,0.7475638051044083,940.0,4361.948955916473,False,0.3062409288824383,2155,LIVE
0.07326767768256653,135,499,44,1477,634,0.294199535962877,0.7541899441340782,0.21293375394321767,0.2525303643724696,0.7480278422273782,939.0,4357.308584686775,False,0.3062409288824383,2155,LIVE
0.07356761295891621,135,498,44,1478,633,0.2937354988399072,0.7541899441340782,0.2132701421800948,0.2520242914979757,0.748491879350348,938.0,4352.6682134570765,False,0.3062409288824383,2155,LIVE
0.07358491760243911,135,497,44,1479,632,0.29327146171693735,0.7541899441340782,0.21360759493670886,0.2515182186234818,0.7489559164733178,937.0,4348.027842227379,False,0.3062409288824383,2155,LIVE
0.07365952855497986,135,496,44,1480,631,0.2928074245939675,0.7541899441340782,0.21394611727416799,0.25101214574898784,0.7494199535962877,936.0,4343.38747099768,False,0.3062409288824383,2155,LIVE
0.07383128772200277,135,495,44,1481,630,0.2923433874709977,0.7541899441340782,0.21428571428571427,0.25050607287449395,0.7498839907192575,935.0,4338.747099767982,False,0.3062409288824383,2155,LIVE
0.0738749290756384,135,494,44,1482,629,0.29187935034802787,0.7541899441340782,0.21462639109697934,0.25,0.7503480278422274,934.0,4334.106728538283,False,0.3047895500725689,2155,LIVE
0.07408296989516044,134,494,45,1482,628,0.291415313225058,0.7486033519553073,0.21337579617834396,0.25,0.7498839907192575,944.0,4380.510440835267,False,0.3047895500725689,2155,LIVE
0.07410773233119819,134,493,45,1483,627,0.29095127610208815,0.7486033519553073,0.21371610845295055,0.24949392712550608,0.7503480278422274,943.0,4375.8700696055685,False,0.3033381712626996,2155,LIVE
0.0741304172573415,134,492,45,1484,626,0.2904872389791183,0.7486033519553073,0.21405750798722045,0.24898785425101214,0.7508120649651973,942.0,4371.229698375871,False,0.3018867924528302,2155,LIVE
0.07415097207664938,134,491,45,1485,625,0.2900232018561485,0.7486033519553073,0.2144,0.24848178137651822,0.7512761020881671,941.0,4366.589327146172,False,0.3018867924528302,2155,LIVE
0.07423833520127932,134,490,45,1486,624,0.28955916473317866,0.7486033519553073,0.21474358974358973,0.2479757085020243,0.7517401392111369,940.0,4361.948955916473,False,0.3018867924528302,2155,LIVE
0.07424853915437035,134,489,45,1487,623,0.28909512761020884,0.7486033519553073,0.21508828250401285,0.24746963562753035,0.7522041763341067,939.0,4357.308584686775,False,0.30043541364296084,2155,LIVE
0.07440023001679277,134,488,45,1488,622,0.288631090487239,0.7486033519553073,0.21543408360128619,0.24696356275303644,0.7526682134570766,938.0,4352.6682134570765,False,0.30043541364296084,2155,LIVE
0.07478185634545924,134,487,45,1489,621,0.2881670533642691,0.7486033519553073,0.21578099838969403,0.24645748987854252,0.7531322505800464,937.0,4348.027842227379,False,0.30043541364296084,2155,LIVE
0.07483759831192288,134,486,45,1490,620,0.2877030162412993,0.7486033519553073,0.2161290322580645,0.24595141700404857,0.7535962877030162,936.0,4343.38747099768,False,0.30043541364296084,2155,LIVE
0.0750227759643429,134,485,45,1491,619,0.28723897911832946,0.7486033519553073,0.21647819063004847,0.24544534412955465,0.7540603248259861,935.0,4338.747099767982,False,0.30043541364296084,2155,LIVE
0.0757774082781514,134,484,45,1492,618,0.28677494199535963,0.7486033519553073,0.2168284789644013,0.24493927125506074,0.7545243619489559,934.0,4334.106728538283,False,0.29898403483309144,2155,LIVE
0.0759370745662951,133,484,46,1492,617,0.2863109048723898,0.7430167597765364,0.21555915721231766,0.24493927125506074,0.7540603248259861,944.0,4380.510440835267,False,0.29898403483309144,2155,LIVE
0.07617872849723105,133,483,46,1493,616,0.28584686774942,0.7430167597765364,0.2159090909090909,0.2444331983805668,0.7545243619489559,943.0,4375.8700696055685,False,0.29898403483309144,2155,LIVE
0.07636187739309366,133,482,46,1494,615,0.2853828306264501,0.7430167597765364,0.216260162601626,0.24392712550607287,0.7549883990719257,942.0,4371.229698375871,False,0.29898403483309144,2155,LIVE
0.07645572140103826,133,481,46,1495,614,0.28491879350348026,0.7430167597765364,0.21661237785016288,0.24342105263157895,0.7554524361948955,941.0,4366.589327146172,False,0.29753265602322204,2155,LIVE
0.07649871795242065,133,480,46,1496,613,0.28445475638051043,0.7430167597765364,0.2169657422512235,0.242914979757085,0.7559164733178654,940.0,4361.948955916473,False,0.29753265602322204,2155,LIVE
0.07654391202911143,132,480,47,1496,612,0.2839907192575406,0.7374301675977654,0.21568627450980393,0.242914979757085,0.7554524361948955,950.0,4408.352668213457,False,0.29753265602322204,2155,LIVE
0.07655395346887862,132,479,47,1497,611,0.2835266821345708,0.7374301675977654,0.2160392798690671,0.2424089068825911,0.7559164733178654,949.0,4403.712296983759,False,0.29753265602322204,2155,LIVE
0.07657835805010615,132,478,47,1498,610,0.28306264501160094,0.7374301675977654,0.21639344262295082,0.24190283400809717,0.7563805104408353,948.0,4399.07192575406,False,0.2960812772133527,2155,LIVE
0.07663609945651591,132,477,47,1499,609,0.2825986078886311,0.7374301675977654,0.21674876847290642,0.24139676113360323,0.7568445475638051,947.0,4394.431554524362,False,0.2960812772133527,2155,LIVE
0.0767538963125702,131,477,48,1499,608,0.28213457076566123,0.7318435754189944,0.21546052631578946,0.24139676113360323,0.7563805104408353,957.0,4440.835266821346,False,0.2960812772133527,2155,LIVE
0.07689533336293067,131,476,48,1500,607,0.2816705336426914,0.7318435754189944,0.2158154859967051,0.2408906882591093,0.7568445475638051,956.0,4436.194895591648,False,0.2946298984034833,2155,LIVE
0.07696533834185051,130,476,49,1500,606,0.28120649651972157,0.7262569832402235,0.2145214521452145,0.2408906882591093,0.7563805104408353,966.0,4482.598607888631,False,0.2946298984034833,2155,LIVE
0.0771240819024814,130,475,49,1501,605,0.28074245939675174,0.7262569832402235,0.21487603305785125,0.2403846153846154,0.7568445475638051,965.0,4477.958236658933,False,0.2931785195936139,2155,LIVE
0.07716232239513494,130,474,49,1502,604,0.2802784222737819,0.7262569832402235,0.2152317880794702,0.23987854251012145,0.757308584686775,964.0,4473.317865429234,False,0.2931785195936139,2155,LIVE
0.07750074335437858,130,473,49,1503,603,0.2798143851508121,0.7262569832402235,0.2155887230514096,0.23937246963562753,0.7577726218097448,963.0,4468.677494199536,False,0.2931785195936139,2155,LIVE
0.07769182768842368,130,472,49,1504,602,0.27935034802784225,0.7262569832402235,0.2159468438538206,0.2388663967611336,0.7582366589327146,962.0,4464.037122969838,False,0.2931785195936139,2155,LIVE
0.07771765532944891,130,471,49,1505,601,0.27888631090487237,0.7262569832402235,0.21630615640599002,0.23836032388663966,0.7587006960556845,961.0,4459.396751740139,False,0.2931785195936139,2155,LIVE
0.07774696750404059,130,470,49,1506,600,0.27842227378190254,0.7262569832402235,0.21666666666666667,0.23785425101214575,0.7591647331786543,960.0,4454.756380510441,False,0.29172714078374457,2155,LIVE
0.07783354667638842,130,469,49,1507,599,0.2779582366589327,0.7262569832402235,0.21702838063439064,0.23734817813765183,0.7596287703016241,959.0,4450.116009280742,False,0.29172714078374457,2155,LIVE
0.07810403078171266,130,468,49,1508,598,0.2774941995359629,0.7262569832402235,0.21739130434782608,0.23684210526315788,0.760092807424594,958.0,4445.475638051044,False,0.29172714078374457,2155,LIVE
0.07817290518418629,130,467,49,1509,597,0.27703016241299305,0.7262569832402235,0.21775544388609716,0.23633603238866396,0.7605568445475638,957.0,4440.835266821346,False,0.29172714078374457,2155,LIVE
0.07822158175250393,130,466,49,1510,596,0.2765661252900232,0.7262569832402235,0.2181208053691275,0.23582995951417005,0.7610208816705336,956.0,4436.194895591648,False,0.29172714078374457,2155,LIVE
0.07824326480028444,129,466,50,1510,595,0.27610208816705334,0.7206703910614525,0.21680672268907564,0.23582995951417005,0.7605568445475638,966.0,4482.598607888631,False,0.29172714078374457,2155,LIVE
0.07824641432146953,129,465,50,1511,594,0.2756380510440835,0.7206703910614525,0.21717171717171718,0.2353238866396761,0.7610208816705336,965.0,4477.958236658933,False,0.29027576197387517,2155,LIVE
0.07830272422181081,129,464,50,1512,593,0.2751740139211137,0.7206703910614525,0.2175379426644182,0.23481781376518218,0.7614849187935034,964.0,4473.317865429234,False,0.29027576197387517,2155,LIVE
0.07843476442672014,129,463,50,1513,592,0.27470997679814385,0.7206703910614525,0.2179054054054054,0.23431174089068826,0.7619489559164733,963.0,4468.677494199536,False,0.29027576197387517,2155,LIVE
0.07846133076315687,129,462,50,1514,591,0.274245939675174,0.7206703910614525,0.2182741116751269,0.23380566801619435,0.7624129930394432,962.0,4464.037122969838,False,0.29027576197387517,2155,LIVE
0.0784625947617913,129,461,50,1515,590,0.2737819025522042,0.7206703910614525,0.21864406779661016,0.2332995951417004,0.762877030162413,961.0,4459.396751740139,False,0.29027576197387517,2155,LIVE
0.0785422625008733,129,460,50,1516,589,0.27331786542923436,0.7206703910614525,0.21901528013582344,0.23279352226720648,0.7633410672853829,960.0,4454.756380510441,False,0.29027576197387517,2155,LIVE
0.0786689599546087,128,460,51,1516,588,0.2728538283062645,0.7150837988826816,0.21768707482993196,0.23279352226720648,0.762877030162413,970.0,4501.160092807425,False,0.29027576197387517,2155,LIVE
0.07888498981562896,128,459,51,1517,587,0.27238979118329465,0.7150837988826816,0.21805792163543442,0.23228744939271256,0.7633410672853829,969.0,4496.519721577726,False,0.29027576197387517,2155,LIVE
0.0790449931451235,128,458,51,1518,586,0.2719257540603248,0.7150837988826816,0.21843003412969283,0.23178137651821862,0.7638051044083527,968.0,4491.879350348028,False,0.29027576197387517,2155,LIVE
0.07913667757904894,128,457,51,1519,585,0.271461716937355,0.7150837988826816,0.2188034188034188,0.2312753036437247,0.7642691415313225,967.0,4487.23897911833,False,0.29027576197387517,2155,LIVE
0.07930409521345562,128,456,51,1520,584,0.27099767981438516,0.7150837988826816,0.2191780821917808,0.23076923076923078,0.7647331786542924,966.0,4482.598607888631,False,0.29027576197387517,2155,LIVE
0.07963109519590794,128,455,51,1521,583,0.27053364269141533,0.7150837988826816,0.2195540308747856,0.23026315789473684,0.7651972157772622,965.0,4477.958236658933,False,0.2888243831640058,2155,LIVE
0.07973518869046253,128,454,51,1522,582,0.2700696055684455,0.7150837988826816,0.21993127147766323,0.22975708502024292,0.765661252900232,964.0,4473.317865429234,False,0.28737300435413643,2155,LIVE
0.07980474113827032,128,453,51,1523,581,0.2696055684454756,0.7150837988826816,0.22030981067125646,0.229251012145749,0.7661252900232018,963.0,4468.677494199536,False,0.28737300435413643,2155,LIVE
0.07983091376993806,128,452,51,1524,580,0.2691415313225058,0.7150837988826816,0.2206896551724138,0.22874493927125505,0.7665893271461717,962.0,4464.037122969838,False,0.28592162554426703,2155,LIVE
0.08016246746777436,128,451,51,1525,579,0.26867749419953596,0.7150837988826816,0.22107081174438686,0.22823886639676114,0.7670533642691415,961.0,4459.396751740139,False,0.28592162554426703,2155,LIVE
0.08039059171951567,128,450,51,1526,578,0.26821345707656613,0.7150837988826816,0.22145328719723184,0.22773279352226722,0.7675174013921113,960.0,4454.756380510441,False,0.2844702467343977,2155,LIVE
0.08066199703418865,128,449,51,1527,577,0.2677494199535963,0.7150837988826816,0.2218370883882149,0.22722672064777327,0.7679814385150812,959.0,4450.116009280742,False,0.2844702467343977,2155,LIVE
0.0810244300588522,128,448,51,1528,576,0.2672853828306265,0.7150837988826816,0.2222222222222222,0.22672064777327935,0.768445475638051,958.0,4445.475638051044,False,0.2844702467343977,2155,LIVE
0.08107315063951658,128,447,51,1529,575,0.2668213457076566,0.7150837988826816,0.22260869565217392,0.22621457489878544,0.7689095127610209,957.0,4440.835266821346,False,0.2830188679245283,2155,LIVE
0.08117056160285074,127,447,52,1529,574,0.26635730858468676,0.7094972067039106,0.22125435540069685,0.22621457489878544,0.768445475638051,967.0,4487.23897911833,False,0.2830188679245283,2155,LIVE
0.08131783914461228,127,446,52,1530,573,0.26589327146171693,0.7094972067039106,0.22164048865619546,0.2257085020242915,0.7689095127610209,966.0,4482.598607888631,False,0.28156748911465895,2155,LIVE
0.08136568281522437,127,445,52,1531,572,0.2654292343387471,0.7094972067039106,0.22202797202797203,0.22520242914979757,0.7693735498839908,965.0,4477.958236658933,False,0.28011611030478956,2155,LIVE
0.08143957158629164,127,444,52,1532,571,0.26496519721577727,0.7094972067039106,0.2224168126094571,0.22469635627530365,0.7698375870069606,964.0,4473.317865429234,False,0.28011611030478956,2155,LIVE
0.08162801265035244,127,443,52,1533,570,0.26450116009280744,0.7094972067039106,0.22280701754385965,0.2241902834008097,0.7703016241299304,963.0,4468.677494199536,False,0.27866473149492016,2155,LIVE
0.08166239891234342,127,442,52,1534,569,0.2640371229698376,0.7094972067039106,0.22319859402460457,0.2236842105263158,0.7707656612529002,962.0,4464.037122969838,False,0.2772133526850508,2155,LIVE
0.0819764539812003,127,441,52,1535,568,0.2635730858468677,0.7094972067039106,0.22359154929577466,0.22317813765182187,0.7712296983758701,961.0,4459.396751740139,False,0.2772133526850508,2155,LIVE
0.08204089927412475,126,441,53,1535,567,0.2631090487238979,0.7039106145251397,0.2222222222222222,0.22317813765182187,0.7707656612529002,971.0,4505.800464037123,False,0.2772133526850508,2155,LIVE
0.08206345023298103,126,440,53,1536,566,0.26264501160092807,0.7039106145251397,0.2226148409893993,0.22267206477732793,0.7712296983758701,970.0,4501.160092807425,False,0.2772133526850508,2155,LIVE
0.08231875654118094,126,439,53,1537,565,0.26218097447795824,0.7039106145251397,0.22300884955752212,0.222165991902834,0.7716937354988399,969.0,4496.519721577726,False,0.2772133526850508,2155,LIVE
0.0823946262095075,126,438,53,1538,564,0.2617169373549884,0.7039106145251397,0.22340425531914893,0.2216599190283401,0.7721577726218097,968.0,4491.879350348028,False,0.2772133526850508,2155,LIVE
0.08240124639268082,126,437,53,1539,563,0.2612529002320186,0.7039106145251397,0.22380106571936056,0.22115384615384615,0.7726218097447796,967.0,4487.23897911833,False,0.2772133526850508,2155,LIVE
0.0830552207128716,126,436,53,1540,562,0.2607888631090487,0.7039106145251397,0.22419928825622776,0.22064777327935223,0.7730858468677494,966.0,4482.598607888631,False,0.2772133526850508,2155,LIVE
0.08328140736504715,126,435,53,1541,561,0.26032482598607887,0.7039106145251397,0.22459893048128343,0.2201417004048583,0.7735498839907192,965.0,4477.958236658933,False,0.2772133526850508,2155,LIVE
0.08331813231848853,126,434,53,1542,560,0.25986078886310904,0.7039106145251397,0.225,0.21963562753036436,0.774013921113689,964.0,4473.317865429234,False,0.2757619738751814,2155,LIVE
0.08334285436460968,126,433,53,1543,559,0.2593967517401392,0.7039106145251397,0.22540250447227192,0.21912955465587045,0.7744779582366589,963.0,4468.677494199536,False,0.2757619738751814,2155,LIVE
0.08348870617077772,126,432,53,1544,558,0.2589327146171694,0.7039106145251397,0.22580645161290322,0.21862348178137653,0.7749419953596288,962.0,4464.037122969838,False,0.2757619738751814,2155,LIVE
0.0835427943428292,126,431,53,1545,557,0.25846867749419955,0.7039106145251397,0.22621184919210055,0.21811740890688258,0.7754060324825987,961.0,4459.396751740139,False,0.274310595065312,2155,LIVE
0.08355522034298349,126,430,53,1546,556,0.2580046403712297,0.7039106145251397,0.22661870503597123,0.21761133603238866,0.7758700696055685,960.0,4454.756380510441,False,0.274310595065312,2155,LIVE
0.08411849142119945,126,429,53,1547,555,0.25754060324825984,0.7039106145251397,0.22702702702702704,0.21710526315789475,0.7763341067285383,959.0,4450.116009280742,False,0.274310595065312,2155,LIVE
0.08442685586999306,126,428,53,1548,554,0.25707656612529,0.7039106145251397,0.22743682310469315,0.2165991902834008,0.7767981438515081,958.0,4445.475638051044,False,0.2728592162554427,2155,LIVE
0.08461138490031703,126,427,53,1549,553,0.2566125290023202,0.7039106145251397,0.22784810126582278,0.21609311740890688,0.777262180974478,957.0,4440.835266821346,False,0.2728592162554427,2155,LIVE
0.08471681123021754,125,427,54,1549,552,0.25614849187935035,0.6983240223463687,0.22644927536231885,0.21609311740890688,0.7767981438515081,967.0,4487.23897911833,False,0.2714078374455733,2155,LIVE
0.0850405340837351,125,426,54,1550,551,0.2556844547563805,0.6983240223463687,0.22686025408348456,0.21558704453441296,0.777262180974478,966.0,4482.598607888631,False,0.2714078374455733,2155,LIVE
0.08517110416667227,125,425,54,1551,550,0.2552204176334107,0.6983240223463687,0.22727272727272727,0.21508097165991902,0.7777262180974478,965.0,4477.958236658933,False,0.2714078374455733,2155,LIVE
0.08518248173679784,125,424,54,1552,549,0.25475638051044086,0.6983240223463687,0.22768670309653916,0.2145748987854251,0.7781902552204176,964.0,4473.317865429234,False,0.2714078374455733,2155,LIVE
0.08518911927370568,124,424,55,1552,548,0.254292343387471,0.6927374301675978,0.22627737226277372,0.2145748987854251,0.7777262180974478,974.0,4519.721577726218,False,0.2714078374455733,2155,LIVE
0.08528760610779249,124,423,55,1553,547,0.25382830626450115,0.6927374301675978,0.226691042047532,0.21406882591093118,0.7781902552204176,973.0,4515.081206496519,False,0.26995645863570394,2155,LIVE
0.08543012656069024,124,422,55,1554,546,0.2533642691415313,0.6927374301675978,0.2271062271062271,0.21356275303643724,0.7786542923433875,972.0,4510.4408352668215,False,0.26995645863570394,2155,LIVE
0.08595707847252519,124,421,55,1555,545,0.2529002320185615,0.6927374301675978,0.22752293577981653,0.21305668016194332,0.7791183294663573,971.0,4505.800464037123,False,0.26995645863570394,2155,LIVE
0.08608510707340697,124,420,55,1556,544,0.25243619489559166,0.6927374301675978,0.22794117647058823,0.2125506072874494,0.7795823665893271,970.0,4501.160092807425,False,0.26995645863570394,2155,LIVE
0.0861761327975252,124,419,55,1557,543,0.25197215777262183,0.6927374301675978,0.2283609576427256,0.21204453441295545,0.7800464037122969,969.0,4496.519721577726,False,0.26995645863570394,2155,LIVE
0.08629180246556228,124,418,55,1558,542,0.25150812064965195,0.6927374301675978,0.22878228782287824,0.21153846153846154,0.7805104408352668,968.0,4491.879350348028,False,0.26850507982583455,2155,LIVE
0.08644716114480867,123,418,56,1558,541,0.2510440835266821,0.6871508379888268,0.22735674676524953,0.21153846153846154,0.7800464037122969,978.0,4538.283062645011,False,0.26705370101596515,2155,LIVE
0.08650877258019903,123,417,56,1559,540,0.2505800464037123,0.6871508379888268,0.22777777777777777,0.21103238866396762,0.7805104408352668,977.0,4533.6426914153135,False,0.26705370101596515,2155,LIVE
0.08666058853332168,123,416,56,1560,539,0.25011600928074246,0.6871508379888268,0.22820037105751392,0.21052631578947367,0.7809744779582367,976.0,4529.002320185615,False,0.26705370101596515,2155,LIVE
0.086694097085236,123,415,56,1561,538,0.24965197215777263,0.6871508379888268,0.22862453531598512,0.21002024291497975,0.7814385150812065,975.0,4524.361948955917,False,0.2656023222060958,2155,LIVE
0.08679418859306744,122,415,57,1561,537,0.24918793503480277,0.6815642458100558,0.2271880819366853,0.21002024291497975,0.7809744779582367,985.0,4570.7656612529,False,0.2656023222060958,2155,LIVE
0.08689114787377059,122,414,57,1562,536,0.24872389791183294,0.6815642458100558,0.22761194029850745,0.20951417004048584,0.7814385150812065,984.0,4566.125290023202,False,0.2656023222060958,2155,LIVE
0.08731778020285148,121,414,58,1562,535,0.2482598607888631,0.6759776536312849,0.2261682242990654,0.20951417004048584,0.7809744779582367,994.0,4612.529002320185,False,0.2641509433962264,2155,LIVE
0.08740170546714215,121,413,58,1563,534,0.24779582366589328,0.6759776536312849,0.22659176029962547,0.2090080971659919,0.7814385150812065,993.0,4607.888631090487,False,0.2641509433962264,2155,LIVE
0.0876260556413414,121,412,58,1564,533,0.24733178654292343,0.6759776536312849,0.2270168855534709,0.20850202429149797,0.7819025522041764,992.0,4603.2482598607885,False,0.262699564586357,2155,LIVE
0.0876671874854251,121,411,58,1565,532,0.2468677494199536,0.6759776536312849,0.2274436090225564,0.20799595141700405,0.7823665893271462,991.0,4598.607888631091,False,0.262699564586357,2155,LIVE
0.08795136510193544,121,410,58,1566,531,0.24640371229698377,0.6759776536312849,0.2278719397363465,0.2074898785425101,0.782830626450116,990.0,4593.967517401392,False,0.262699564586357,2155,LIVE
0.08801484980999683,121,409,58,1567,530,0.2459396751740139,0.6759776536312849,0.22830188679245284,0.2069838056680162,0.7832946635730859,989.0,4589.327146171694,False,0.262699564586357,2155,LIVE
0.08801510045508974,120,409,59,1567,529,0.24547563805104408,0.6703910614525139,0.22684310018903592,0.2069838056680162,0.782830626450116,999.0,4635.730858468677,False,0.262699564586357,2155,LIVE
0.08807181908131421,119,409,60,1567,528,0.24501160092807425,0.664804469273743,0.22537878787878787,0.2069838056680162,0.7823665893271462,1009.0,4682.134570765661,False,0.2612481857764877,2155,LIVE
0.08828692069165181,119,408,60,1568,527,0.2445475638051044,0.664804469273743,0.22580645161290322,0.20647773279352227,0.782830626450116,1008.0,4677.494199535963,False,0.2612481857764877,2155,LIVE
0.08869998880449986,119,407,60,1569,526,0.24408352668213457,0.664804469273743,0.2262357414448669,0.20597165991902833,0.7832946635730859,1007.0,4672.853828306264,False,0.2612481857764877,2155,LIVE
0.08886973783403575,119,406,60,1570,525,0.24361948955916474,0.664804469273743,0.22666666666666666,0.2054655870445344,0.7837587006960557,1006.0,4668.213457076566,False,0.2612481857764877,2155,LIVE
0.08899686573835588,119,405,60,1571,524,0.2431554524361949,0.664804469273743,0.22709923664122136,0.2049595141700405,0.7842227378190255,1005.0,4663.573085846868,False,0.2612481857764877,2155,LIVE
0.08900176812429196,119,404,60,1572,523,0.24269141531322505,0.664804469273743,0.22753346080305928,0.20445344129554655,0.7846867749419953,1004.0,4658.932714617169,False,0.2597968069666183,2155,LIVE
0.08933709759932595,119,403,60,1573,522,0.24222737819025522,0.664804469273743,0.22796934865900384,0.20394736842105263,0.7851508120649652,1003.0,4654.292343387471,False,0.2597968069666183,2155,LIVE
0.08940662577745165,119,402,60,1574,521,0.2417633410672854,0.664804469273743,0.22840690978886757,0.2034412955465587,0.785614849187935,1002.0,4649.651972157772,False,0.2597968069666183,2155,LIVE
0.08964841693227961,119,401,60,1575,520,0.24129930394431554,0.664804469273743,0.22884615384615384,0.2029352226720648,0.7860788863109048,1001.0,4645.011600928074,False,0.25834542815674894,2155,LIVE
0.08989083384334223,119,400,60,1576,519,0.2408352668213457,0.664804469273743,0.22928709055876687,0.20242914979757085,0.7865429234338747,1000.0,4640.371229698376,False,0.25834542815674894,2155,LIVE
0.09015855055361757,119,399,60,1577,518,0.24037122969837588,0.664804469273743,0.22972972972972974,0.20192307692307693,0.7870069605568445,999.0,4635.730858468677,False,0.25834542815674894,2155,LIVE
0.09021688221157721,119,398,60,1578,517,0.23990719257540602,0.664804469273743,0.23017408123791103,0.201417004048583,0.7874709976798144,998.0,4631.090487238979,False,0.25834542815674894,2155,LIVE
0.0906751445544595,119,397,60,1579,516,0.2394431554524362,0.664804469273743,0.23062015503875968,0.20091093117408906,0.7879350348027843,997.0,4626.4501160092805,False,0.25834542815674894,2155,LIVE
0.090806906684561,119,396,60,1580,515,0.23897911832946636,0.664804469273743,0.23106796116504855,0.20040485829959515,0.7883990719257541,996.0,4621.809744779583,False,0.25689404934687954,2155,LIVE
0.0908835178882164,119,395,60,1581,514,0.23851508120649653,0.664804469273743,0.23151750972762647,0.19989878542510123,0.7888631090487239,995.0,4617.169373549884,False,0.25689404934687954,2155,LIVE
0.091013761644542,119,394,60,1582,513,0.23805104408352667,0.664804469273743,0.23196881091617932,0.19939271255060728,0.7893271461716937,994.0,4612.529002320185,False,0.25689404934687954,2155,LIVE
0.09105291204475002,119,393,60,1583,512,0.23758700696055685,0.664804469273743,0.232421875,0.19888663967611336,0.7897911832946636,993.0,4607.888631090487,False,0.25544267053701014,2155,LIVE
0.09107984321037121,118,393,61,1583,511,0.23712296983758702,0.659217877094972,0.2309197651663405,0.19888663967611336,0.7893271461716937,1003.0,4654.292343387471,False,0.25544267053701014,2155,LIVE
0.09118827814047246,118,392,61,1584,510,0.23665893271461716,0.659217877094972,0.23137254901960785,0.19838056680161945,0.7897911832946636,1002.0,4649.651972157772,False,0.25544267053701014,2155,LIVE
0.09120332395596614,118,391,61,1585,509,0.23619489559164733,0.659217877094972,0.2318271119842829,0.1978744939271255,0.7902552204176334,1001.0,4645.011600928074,False,0.25544267053701014,2155,LIVE
0.0913683510327005,118,390,61,1586,508,0.2357308584686775,0.659217877094972,0.23228346456692914,0.19736842105263158,0.7907192575406032,1000.0,4640.371229698376,False,0.2539912917271408,2155,LIVE
0.09143239547227056,118,389,61,1587,507,0.23526682134570764,0.659217877094972,0.23274161735700197,0.19686234817813766,0.7911832946635731,999.0,4635.730858468677,False,0.2525399129172714,2155,LIVE
0.09181667473130223,118,388,61,1588,506,0.23480278422273781,0.659217877094972,0.233201581027668,0.19635627530364372,0.7916473317865429,998.0,4631.090487238979,False,0.2525399129172714,2155,LIVE
0.0918475173079029,118,387,61,1589,505,0.23433874709976799,0.659217877094972,0.23366336633663368,0.1958502024291498,0.7921113689095127,997.0,4626.4501160092805,False,0.2525399129172714,2155,LIVE
0.09213008881142588,118,386,61,1590,504,0.23387470997679816,0.659217877094972,0.23412698412698413,0.19534412955465588,0.7925754060324826,996.0,4621.809744779583,False,0.2525399129172714,2155,LIVE
0.09214882182788994,118,385,61,1591,503,0.2334106728538283,0.659217877094972,0.2345924453280318,0.19483805668016194,0.7930394431554524,995.0,4617.169373549884,False,0.2525399129172714,2155,LIVE
0.0921532491399707,118,384,61,1592,502,0.23294663573085847,0.659217877094972,0.2350597609561753,0.19433198380566802,0.7935034802784223,994.0,4612.529002320185,False,0.2525399129172714,2155,LIVE
0.09226136885274078,117,384,62,1592,501,0.23248259860788864,0.6536312849162011,0.23353293413173654,0.19433198380566802,0.7930394431554524,1004.0,4658.932714617169,False,0.251088534107402,2155,LIVE
0.09244502236039326,117,383,62,1593,500,0.23201856148491878,0.6536312849162011,0.234,0.1938259109311741,0.7935034802784223,1003.0,4654.292343387471,False,0.24963715529753266,2155,LIVE
0.09271107431795698,117,382,62,1594,499,0.23155452436194895,0.6536312849162011,0.23446893787575152,0.19331983805668015,0.7939675174013922,1002.0,4649.651972157772,False,0.24963715529753266,2155,LIVE
0.09273748097479818,117,381,62,1595,498,0.23109048723897913,0.6536312849162011,0.23493975903614459,0.19281376518218624,0.794431554524362,1001.0,4645.011600928074,False,0.24963715529753266,2155,LIVE
0.09304371348264756,117,380,62,1596,497,0.23062645011600927,0.6536312849162011,0.23541247484909456,0.19230769230769232,0.7948955916473318,1000.0,4640.371229698376,False,0.24818577648766327,2155,LIVE
0.09308192976730381,117,379,62,1597,496,0.23016241299303944,0.6536312849162011,0.23588709677419356,0.19180161943319837,0.7953596287703016,999.0,4635.730858468677,False,0.24818577648766327,2155,LIVE
0.0930851291866685,117,378,62,1598,495,0.2296983758700696,0.6536312849162011,0.23636363636363636,0.19129554655870445,0.7958236658932715,998.0,4631.090487238979,False,0.24818577648766327,2155,LIVE
0.09370693217594699,117,377,62,1599,494,0.22923433874709978,0.6536312849162011,0.23684210526315788,0.19078947368421054,0.7962877030162413,997.0,4626.4501160092805,False,0.24818577648766327,2155,LIVE
0.09409862712956894,116,377,63,1599,493,0.22877030162412992,0.6480446927374302,0.23529411764705882,0.19078947368421054,0.7958236658932715,1007.0,4672.853828306264,False,0.24818577648766327,2155,LIVE
0.09414226356779251,116,376,63,1600,492,0.2283062645011601,0.6480446927374302,0.23577235772357724,0.1902834008097166,0.7962877030162413,1006.0,4668.213457076566,False,0.24818577648766327,2155,LIVE
0.09436586428457049,116,375,63,1601,491,0.22784222737819027,0.6480446927374302,0.23625254582484725,0.18977732793522267,0.7967517401392111,1005.0,4663.573085846868,False,0.24818577648766327,2155,LIVE
0.09453400190810243,116,374,63,1602,490,0.2273781902552204,0.6480446927374302,0.23673469387755103,0.18927125506072875,0.797215777262181,1004.0,4658.932714617169,False,0.2467343976777939,2155,LIVE
0.09479099619125335,116,373,63,1603,489,0.22691415313225058,0.6480446927374302,0.23721881390593047,0.1887651821862348,0.7976798143851508,1003.0,4654.292343387471,False,0.2467343976777939,2155,LIVE
0.09484357392920933,116,372,63,1604,488,0.22645011600928075,0.6480446927374302,0.23770491803278687,0.1882591093117409,0.7981438515081206,1002.0,4649.651972157772,False,0.2467343976777939,2155,LIVE
0.09495923178333457,116,371,63,1605,487,0.2259860788863109,0.6480446927374302,0.23819301848049282,0.18775303643724697,0.7986078886310904,1001.0,4645.011600928074,False,0.2467343976777939,2155,LIVE
0.09511782711920852,116,370,63,1606,486,0.22552204176334106,0.6480446927374302,0.23868312757201646,0.18724696356275303,0.7990719257540603,1000.0,4640.371229698376,False,0.2467343976777939,2155,LIVE
0.0956100900993917,116,369,63,1607,485,0.22505800464037123,0.6480446927374302,0.23917525773195877,0.1867408906882591,0.7995359628770302,999.0,4635.730858468677,False,0.24528301886792453,2155,LIVE
0.09596066842217699,116,368,63,1608,484,0.2245939675174014,0.6480446927374302,0.2396694214876033,0.1862348178137652,0.8,998.0,4631.090487238979,False,0.24528301886792453,2155,LIVE
0.09606012067330351,115,368,64,1608,483,0.22412993039443155,0.6424581005586593,0.23809523809523808,0.1862348178137652,0.7995359628770302,1008.0,4677.494199535963,False,0.24528301886792453,2155,LIVE
0.0962759664063487,115,367,64,1609,482,0.22366589327146172,0.6424581005586593,0.23858921161825727,0.18572874493927125,0.8,1007.0,4672.853828306264,False,0.24528301886792453,2155,LIVE
0.09637019223031476,115,366,64,1610,481,0.2232018561484919,0.6424581005586593,0.2390852390852391,0.18522267206477733,0.8004640371229699,1006.0,4668.213457076566,False,0.24528301886792453,2155,LIVE
0.09666707086344749,115,365,64,1611,480,0.22273781902552203,0.6424581005586593,0.23958333333333334,0.1847165991902834,0.8009280742459397,1005.0,4663.573085846868,False,0.24528301886792453,2155,LIVE
0.09678353324380637,115,364,64,1612,479,0.2222737819025522,0.6424581005586593,0.24008350730688935,0.18421052631578946,0.8013921113689095,1004.0,4658.932714617169,False,0.24383164005805516,2155,LIVE
0.09700117725806214,115,363,64,1613,478,0.22180974477958237,0.6424581005586593,0.2405857740585774,0.18370445344129555,0.8018561484918794,1003.0,4654.292343387471,False,0.24238026124818576,2155,LIVE
0.0970300394439789,115,362,64,1614,477,0.22134570765661252,0.6424581005586593,0.24109014675052412,0.18319838056680163,0.8023201856148492,1002.0,4649.651972157772,False,0.24238026124818576,2155,LIVE
0.09724899938647709,115,361,64,1615,476,0.2208816705336427,0.6424581005586593,0.2415966386554622,0.18269230769230768,0.802784222737819,1001.0,4645.011600928074,False,0.24238026124818576,2155,LIVE
0.09728195668783678,114,361,65,1615,475,0.22041763341067286,0.6368715083798883,0.24,0.18269230769230768,0.8023201856148492,1011.0,4691.415313225058,False,0.2409288824383164,2155,LIVE
0.09744834169493798,114,360,65,1616,474,0.21995359628770303,0.6368715083798883,0.24050632911392406,0.18218623481781376,0.802784222737819,1010.0,4686.77494199536,False,0.23947750362844702,2155,LIVE
0.09765834213918709,114,359,65,1617,473,0.21948955916473317,0.6368715083798883,0.24101479915433405,0.18168016194331985,0.8032482598607888,1009.0,4682.134570765661,False,0.23947750362844702,2155,LIVE
0.09774759144831205,114,358,65,1618,472,0.21902552204176334,0.6368715083798883,0.24152542372881355,0.1811740890688259,0.8037122969837587,1008.0,4677.494199535963,False,0.23802612481857766,2155,LIVE
0.09775364959195247,114,357,65,1619,471,0.2185614849187935,0.6368715083798883,0.24203821656050956,0.18066801619433198,0.8041763341067285,1007.0,4672.853828306264,False,0.2365747460087083,2155,LIVE
0.09827560409799388,113,357,66,1619,470,0.21809744779582366,0.6312849162011173,0.2404255319148936,0.18066801619433198,0.8037122969837587,1017.0,4719.257540603248,False,0.2365747460087083,2155,LIVE
0.0988575686702599,113,356,66,1620,469,0.21763341067285383,0.6312849162011173,0.24093816631130063,0.18016194331983806,0.8041763341067285,1016.0,4714.61716937355,False,0.2365747460087083,2155,LIVE
0.09900066349716384,113,355,66,1621,468,0.217169373549884,0.6312849162011173,0.24145299145299146,0.17965587044534412,0.8046403712296983,1015.0,4709.976798143852,False,0.2365747460087083,2155,LIVE
0.09913617456587807,113,354,66,1622,467,0.21670533642691414,0.6312849162011173,0.24197002141327623,0.1791497975708502,0.8051044083526682,1014.0,4705.336426914153,False,0.2365747460087083,2155,LIVE
0.09930508297016993,113,353,66,1623,466,0.2162412993039443,0.6312849162011173,0.24248927038626608,0.17864372469635628,0.8055684454756381,1013.0,4700.696055684454,False,0.2351233671988389,2155,LIVE
0.09933090162972316,113,352,66,1624,465,0.21577726218097448,0.6312849162011173,0.24301075268817204,0.17813765182186234,0.8060324825986079,1012.0,4696.055684454756,False,0.23367198838896952,2155,LIVE
0.09982310755550577,113,351,66,1625,464,0.21531322505800465,0.6312849162011173,0.2435344827586207,0.17763157894736842,0.8064965197215778,1011.0,4691.415313225058,False,0.23367198838896952,2155,LIVE
0.10007115854424158,113,350,66,1626,463,0.2148491879350348,0.6312849162011173,0.24406047516198703,0.1771255060728745,0.8069605568445476,1010.0,4686.77494199536,False,0.23367198838896952,2155,LIVE
0.10011465925140632,113,349,66,1627,462,0.21438515081206497,0.6312849162011173,0.24458874458874458,0.17661943319838055,0.8074245939675174,1009.0,4682.134570765661,False,0.23222060957910015,2155,LIVE
0.10013883158896046,113,348,66,1628,461,0.21392111368909514,0.6312849162011173,0.24511930585683298,0.17611336032388664,0.8078886310904873,1008.0,4677.494199535963,False,0.23076923076923078,2155,LIVE
0.10016105911030637,113,347,66,1629,460,0.21345707656612528,0.6312849162011173,0.24565217391304348,0.17560728744939272,0.8083526682134571,1007.0,4672.853828306264,False,0.23076923076923078,2155,LIVE
0.1004523870227549,113,346,66,1630,459,0.21299303944315545,0.6312849162011173,0.24618736383442266,0.17510121457489877,0.8088167053364269,1006.0,4668.213457076566,False,0.22931785195936139,2155,LIVE
0.10074696902881847,112,346,67,1630,458,0.21252900232018562,0.6256983240223464,0.2445414847161572,0.17510121457489877,0.8083526682134571,1016.0,4714.61716937355,False,0.22931785195936139,2155,LIVE
0.10095432468785363,112,345,67,1631,457,0.21206496519721577,0.6256983240223464,0.24507658643326038,0.17459514170040485,0.8088167053364269,1015.0,4709.976798143852,False,0.22786647314949202,2155,LIVE
0.10101496638561609,112,344,67,1632,456,0.21160092807424594,0.6256983240223464,0.24561403508771928,0.17408906882591094,0.8092807424593967,1014.0,4705.336426914153,False,0.22786647314949202,2155,LIVE
0.10142162861814684,112,343,67,1633,455,0.2111368909512761,0.6256983240223464,0.24615384615384617,0.173582995951417,0.8097447795823666,1013.0,4700.696055684454,False,0.22786647314949202,2155,LIVE
0.1017119362387452,112,342,67,1634,454,0.21067285382830628,0.6256983240223464,0.24669603524229075,0.17307692307692307,0.8102088167053364,1012.0,4696.055684454756,False,0.22786647314949202,2155,LIVE
0.10188206850728193,112,341,67,1635,453,0.21020881670533642,0.6256983240223464,0.24724061810154527,0.17257085020242915,0.8106728538283062,1011.0,4691.415313225058,False,0.22786647314949202,2155,LIVE
0.10198695232350578,112,340,67,1636,452,0.2097447795823666,0.6256983240223464,0.24778761061946902,0.1720647773279352,0.8111368909512761,1010.0,4686.77494199536,False,0.22786647314949202,2155,LIVE
0.10201029561229538,112,339,67,1637,451,0.20928074245939676,0.6256983240223464,0.24833702882483372,0.1715587044534413,0.8116009280742459,1009.0,4682.134570765661,False,0.22786647314949202,2155,LIVE
0.10207480773577943,112,338,67,1638,450,0.2088167053364269,0.6256983240223464,0.24888888888888888,0.17105263157894737,0.8120649651972158,1008.0,4677.494199535963,False,0.22786647314949202,2155,LIVE
0.10235023410861308,112,337,67,1639,449,0.20835266821345708,0.6256983240223464,0.24944320712694878,0.17054655870445345,0.8125290023201857,1007.0,4672.853828306264,False,0.22641509433962265,2155,LIVE
0.10238774426132269,112,336,67,1640,448,0.20788863109048725,0.6256983240223464,0.25,0.1700404858299595,0.8129930394431555,1006.0,4668.213457076566,False,0.22496371552975328,2155,LIVE
0.1025724268526407,112,335,67,1641,447,0.2074245939675174,0.6256983240223464,0.2505592841163311,0.1695344129554656,0.8134570765661253,1005.0,4663.573085846868,False,0.22351233671988388,2155,LIVE
0.10268888339678299,112,334,67,1642,446,0.20696055684454756,0.6256983240223464,0.25112107623318386,0.16902834008097167,0.8139211136890951,1004.0,4658.932714617169,False,0.22351233671988388,2155,LIVE
0.10292519574861296,112,333,67,1643,445,0.20649651972157773,0.6256983240223464,0.251685393258427,0.16852226720647773,0.814385150812065,1003.0,4654.292343387471,False,0.22351233671988388,2155,LIVE
0.10325601170281182,111,333,68,1643,444,0.2060324825986079,0.6201117318435754,0.25,0.16852226720647773,0.8139211136890951,1013.0,4700.696055684454,False,0.22351233671988388,2155,LIVE
0.10350154472269942,111,332,68,1644,443,0.20556844547563805,0.6201117318435754,0.2505643340857788,0.1680161943319838,0.814385150812065,1012.0,4696.055684454756,False,0.2220609579100145,2155,LIVE
0.10352566088322773,111,331,68,1645,442,0.20510440835266822,0.6201117318435754,0.251131221719457,0.1675101214574899,0.8148491879350348,1011.0,4691.415313225058,False,0.22060957910014514,2155,LIVE
0.10398775882611574,111,330,68,1646,441,0.2046403712296984,0.6201117318435754,0.25170068027210885,0.16700404858299595,0.8153132250580046,1010.0,4686.77494199536,False,0.21915820029027577,2155,LIVE
0.10402393537329094,111,329,68,1647,440,0.20417633410672853,0.6201117318435754,0.25227272727272726,0.16649797570850203,0.8157772621809745,1009.0,4682.134570765661,False,0.21915820029027577,2155,LIVE
0.10447402608829522,111,328,68,1648,439,0.2037122969837587,0.6201117318435754,0.2528473804100228,0.1659919028340081,0.8162412993039443,1008.0,4677.494199535963,False,0.21770682148040638,2155,LIVE
0.10451860072665921,111,327,68,1649,438,0.20324825986078887,0.6201117318435754,0.2534246575342466,0.16548582995951416,0.8167053364269141,1007.0,4672.853828306264,False,0.216255442670537,2155,LIVE
0.10457381867821712,111,326,68,1650,437,0.20278422273781901,0.6201117318435754,0.2540045766590389,0.16497975708502025,0.817169373549884,1006.0,4668.213457076566,False,0.216255442670537,2155,LIVE
0.10528240763554102,111,325,68,1651,436,0.20232018561484919,0.6201117318435754,0.2545871559633027,0.16447368421052633,0.8176334106728538,1005.0,4663.573085846868,False,0.21480406386066764,2155,LIVE
0.10565088326279094,111,324,68,1652,435,0.20185614849187936,0.6201117318435754,0.25517241379310346,0.16396761133603238,0.8180974477958237,1004.0,4658.932714617169,False,0.21480406386066764,2155,LIVE
0.10611674625478072,111,323,68,1653,434,0.20139211136890953,0.6201117318435754,0.2557603686635945,0.16346153846153846,0.8185614849187935,1003.0,4654.292343387471,False,0.21480406386066764,2155,LIVE
0.10663804186131182,111,322,68,1654,433,0.20092807424593967,0.6201117318435754,0.25635103926096997,0.16295546558704455,0.8190255220417634,1002.0,4649.651972157772,False,0.21480406386066764,2155,LIVE
0.10679683695389026,111,321,68,1655,432,0.20046403712296984,0.6201117318435754,0.2569444444444444,0.1624493927125506,0.8194895591647332,1001.0,4645.011600928074,False,0.21480406386066764,2155,LIVE
0.10682524240488062,111,320,68,1656,431,0.2,0.6201117318435754,0.25754060324825984,0.16194331983805668,0.819953596287703,1000.0,4640.371229698376,False,0.21335268505079827,2155,LIVE
0.10760352886050575,111,319,68,1657,430,0.19953596287703015,0.6201117318435754,0.25813953488372093,0.16143724696356276,0.8204176334106729,999.0,4635.730858468677,False,0.21190130624092887,2155,LIVE
0.10762284647663142,111,318,68,1658,429,0.19907192575406032,0.6201117318435754,0.25874125874125875,0.16093117408906882,0.8208816705336427,998.0,4631.090487238979,False,0.2104499274310595,2155,LIVE
0.10789446098233002,111,317,68,1659,428,0.1986078886310905,0.6201117318435754,0.25934579439252337,0.1604251012145749,0.8213457076566125,997.0,4626.4501160092805,False,0.20899854862119013,2155,LIVE
0.10790464380602999,111,316,68,1660,427,0.19814385150812064,0.6201117318435754,0.25995316159250587,0.15991902834008098,0.8218097447795824,996.0,4621.809744779583,False,0.20754716981132076,2155,LIVE
0.10799952293919705,111,315,68,1661,426,0.1976798143851508,0.6201117318435754,0.2605633802816901,0.15941295546558704,0.8222737819025522,995.0,4617.169373549884,False,0.20609579100145137,2155,LIVE
0.10858007913962318,111,314,68,1662,425,0.19721577726218098,0.6201117318435754,0.2611764705882353,0.15890688259109312,0.822737819025522,994.0,4612.529002320185,False,0.204644412191582,2155,LIVE
0.10868481094556696,111,313,68,1663,424,0.19675174013921112,0.6201117318435754,0.2617924528301887,0.1584008097165992,0.8232018561484918,993.0,4607.888631090487,False,0.204644412191582,2155,LIVE
0.1090222850292784,110,313,69,1663,423,0.1962877030162413,0.6145251396648045,0.26004728132387706,0.1584008097165992,0.822737819025522,1003.0,4654.292343387471,False,0.20319303338171263,2155,LIVE
0.10905015061291211,110,312,69,1664,422,0.19582366589327146,0.6145251396648045,0.26066350710900477,0.15789473684210525,0.8232018561484918,1002.0,4649.651972157772,False,0.20319303338171263,2155,LIVE
0.10928308091282053,110,311,69,1665,421,0.19535962877030164,0.6145251396648045,0.26128266033254155,0.15738866396761134,0.8236658932714617,1001.0,4645.011600928074,False,0.20319303338171263,2155,LIVE
0.10935158105257431,110,310,69,1666,420,0.19489559164733178,0.6145251396648045,0.2619047619047619,0.15688259109311742,0.8241299303944316,1000.0,4640.371229698376,False,0.20319303338171263,2155,LIVE
0.10950636697352159,110,309,69,1667,419,0.19443155452436195,0.6145251396648045,0.26252983293556087,0.15637651821862347,0.8245939675174014,999.0,4635.730858468677,False,0.20319303338171263,2155,LIVE
0.10950867709236746,110,308,69,1668,418,0.19396751740139212,0.6145251396648045,0.2631578947368421,0.15587044534412955,0.8250580046403713,998.0,4631.090487238979,False,0.20174165457184326,2155,LIVE
0.1097440458673301,110,307,69,1669,417,0.19350348027842226,0.6145251396648045,0.2637889688249401,0.15536437246963564,0.8255220417633411,997.0,4626.4501160092805,False,0.20029027576197386,2155,LIVE
0.10993893303353061,109,307,70,1669,416,0.19303944315545243,0.6089385474860335,0.2620192307692308,0.15536437246963564,0.8250580046403713,1007.0,4672.853828306264,False,0.1988388969521045,2155,LIVE
0.11001340828564189,109,306,70,1670,415,0.1925754060324826,0.6089385474860335,0.26265060240963856,0.1548582995951417,0.8255220417633411,1006.0,4668.213457076566,False,0.1988388969521045,2155,LIVE
0.11042511275351063,109,305,70,1671,414,0.19211136890951275,0.6089385474860335,0.2632850241545894,0.15435222672064777,0.8259860788863109,1005.0,4663.573085846868,False,0.1988388969521045,2155,LIVE
0.11044620481445103,109,304,70,1672,413,0.19164733178654292,0.6089385474860335,0.2639225181598063,0.15384615384615385,0.8264501160092808,1004.0,4658.932714617169,False,0.1988388969521045,2155,LIVE
0.1109414182709741,109,303,70,1673,412,0.1911832946635731,0.6089385474860335,0.2645631067961165,0.1533400809716599,0.8269141531322506,1003.0,4654.292343387471,False,0.1988388969521045,2155,LIVE
0.11097275980963303,109,302,70,1674,411,0.19071925754060326,0.6089385474860335,0.26520681265206814,0.152834008097166,0.8273781902552204,1002.0,4649.651972157772,False,0.1988388969521045,2155,LIVE
0.11100093402301846,109,301,70,1675,410,0.1902552204176334,0.6089385474860335,0.2658536585365854,0.15232793522267207,0.8278422273781902,1001.0,4645.011600928074,False,0.19738751814223512,2155,LIVE
0.11103134524185204,109,300,70,1676,409,0.18979118329466357,0.6089385474860335,0.2665036674816626,0.15182186234817813,0.8283062645011601,1000.0,4640.371229698376,False,0.19738751814223512,2155,LIVE
0.11123583670511197,109,299,70,1677,408,0.18932714617169374,0.6089385474860335,0.26715686274509803,0.1513157894736842,0.8287703016241299,999.0,4635.730858468677,False,0.19738751814223512,2155,LIVE
0.11155019741691195,109,298,70,1678,407,0.1888631090487239,0.6089385474860335,0.2678132678132678,0.1508097165991903,0.8292343387470997,998.0,4631.090487238979,False,0.19738751814223512,2155,LIVE
0.11160652765205922,109,297,70,1679,406,0.18839907192575406,0.6089385474860335,0.2684729064039409,0.15030364372469635,0.8296983758700696,997.0,4626.4501160092805,False,0.19593613933236576,2155,LIVE
0.11164106048289754,109,296,70,1680,405,0.18793503480278423,0.6089385474860335,0.2691358024691358,0.14979757085020243,0.8301624129930394,996.0,4621.809744779583,False,0.19593613933236576,2155,LIVE
0.11176895674846915,109,295,70,1681,404,0.18747099767981437,0.6089385474860335,0.2698019801980198,0.1492914979757085,0.8306264501160093,995.0,4617.169373549884,False,0.19448476052249636,2155,LIVE
0.11193984770953602,108,295,71,1681,403,0.18700696055684454,0.6033519553072626,0.2679900744416873,0.1492914979757085,0.8301624129930394,1005.0,4663.573085846868,False,0.19448476052249636,2155,LIVE
0.11253570305675124,108,294,71,1682,402,0.1865429234338747,0.6033519553072626,0.26865671641791045,0.14878542510121456,0.8306264501160093,1004.0,4658.932714617169,False,0.19448476052249636,2155,LIVE
0.11279812251018469,108,293,71,1683,401,0.18607888631090488,0.6033519553072626,0.26932668329177056,0.14827935222672065,0.8310904872389792,1003.0,4654.292343387471,False,0.19448476052249636,2155,LIVE
0.11285064227912942,107,293,72,1683,400,0.18561484918793503,0.5977653631284916,0.2675,0.14827935222672065,0.8306264501160093,1013.0,4700.696055684454,False,0.19448476052249636,2155,LIVE
0.11315927781663145,107,292,72,1684,399,0.1851508120649652,0.5977653631284916,0.2681704260651629,0.14777327935222673,0.8310904872389792,1012.0,4696.055684454756,False,0.193033381712627,2155,LIVE
0.11334205516236467,107,291,72,1685,398,0.18468677494199537,0.5977653631284916,0.26884422110552764,0.14726720647773278,0.831554524361949,1011.0,4691.415313225058,False,0.193033381712627,2155,LIVE
0.11351595717834721,107,290,72,1686,397,0.1842227378190255,0.5977653631284916,0.2695214105793451,0.14676113360323886,0.8320185614849188,1010.0,4686.77494199536,False,0.19158200290275762,2155,LIVE
0.11402781101167012,107,289,72,1687,396,0.18375870069605568,0.5977653631284916,0.2702020202020202,0.14625506072874495,0.8324825986078886,1009.0,4682.134570765661,False,0.19158200290275762,2155,LIVE
0.11422514944870409,107,288,72,1688,395,0.18329466357308585,0.5977653631284916,0.2708860759493671,0.145748987854251,0.8329466357308585,1008.0,4677.494199535963,False,0.19158200290275762,2155,LIVE
0.11423755538657399,107,287,72,1689,394,0.182830626450116,0.5977653631284916,0.2715736040609137,0.14524291497975708,0.8334106728538283,1007.0,4672.853828306264,False,0.19158200290275762,2155,LIVE
0.11430082216584213,107,286,72,1690,393,0.18236658932714617,0.5977653631284916,0.272264631043257,0.14473684210526316,0.8338747099767981,1006.0,4668.213457076566,False,0.19158200290275762,2155,LIVE
0.11441922318383317,107,285,72,1691,392,0.18190255220417634,0.5977653631284916,0.2729591836734694,0.14423076923076922,0.834338747099768,1005.0,4663.573085846868,False,0.19158200290275762,2155,LIVE
0.11492288789963495,107,284,72,1692,391,0.1814385150812065,0.5977653631284916,0.27365728900255754,0.1437246963562753,0.8348027842227378,1004.0,4658.932714617169,False,0.19013062409288825,2155,LIVE
0.11515578281545659,107,283,72,1693,390,0.18097447795823665,0.5977653631284916,0.2743589743589744,0.14321862348178138,0.8352668213457076,1003.0,4654.292343387471,False,0.18867924528301888,2155,LIVE
0.1156128173441645,107,282,72,1694,389,0.18051044083526682,0.5977653631284916,0.2750642673521851,0.14271255060728744,0.8357308584686775,1002.0,4649.651972157772,False,0.18867924528301888,2155,LIVE
0.1165365703751952,107,281,72,1695,388,0.180046403712297,0.5977653631284916,0.2757731958762887,0.14220647773279352,0.8361948955916473,1001.0,4645.011600928074,False,0.18867924528301888,2155,LIVE
0.11663749449737715,107,280,72,1696,387,0.17958236658932714,0.5977653631284916,0.27648578811369506,0.1417004048582996,0.8366589327146172,1000.0,4640.371229698376,False,0.18722786647314948,2155,LIVE
0.1168219520848779,107,279,72,1697,386,0.1791183294663573,0.5977653631284916,0.2772020725388601,0.14119433198380565,0.837122969837587,999.0,4635.730858468677,False,0.18722786647314948,2155,LIVE
0.1173796005058056,107,278,72,1698,385,0.17865429234338748,0.5977653631284916,0.2779220779220779,0.14068825910931174,0.8375870069605569,998.0,4631.090487238979,False,0.18577648766328012,2155,LIVE
0.11739115798155701,107,277,72,1699,384,0.17819025522041762,0.5977653631284916,0.2786458333333333,0.14018218623481782,0.8380510440835267,997.0,4626.4501160092805,False,0.18432510885341075,2155,LIVE
0.11749928329318778,107,276,72,1700,383,0.1777262180974478,0.5977653631284916,0.2793733681462141,0.1396761133603239,0.8385150812064965,996.0,4621.809744779583,False,0.18287373004354138,2155,LIVE
0.11773474045174248,107,275,72,1701,382,0.17726218097447796,0.5977653631284916,0.2801047120418848,0.13917004048582995,0.8389791183294664,995.0,4617.169373549884,False,0.18287373004354138,2155,LIVE
0.117942797586139,107,274,72,1702,381,0.17679814385150813,0.5977653631284916,0.28083989501312334,0.13866396761133604,0.8394431554524362,994.0,4612.529002320185,False,0.18287373004354138,2155,LIVE
0.11795980461182691,107,273,72,1703,380,0.17633410672853828,0.5977653631284916,0.28157894736842104,0.13815789473684212,0.839907192575406,993.0,4607.888631090487,False,0.18287373004354138,2155,LIVE
0.11806713906013125,107,272,72,1704,379,0.17587006960556845,0.5977653631284916,0.28232189973614774,0.13765182186234817,0.8403712296983759,992.0,4603.2482598607885,False,0.18287373004354138,2155,LIVE
0.11808608755888175,107,271,72,1705,378,0.17540603248259862,0.5977653631284916,0.2830687830687831,0.13714574898785425,0.8408352668213457,991.0,4598.607888631091,False,0.18142235123367198,2155,LIVE
0.11813974507821778,107,270,72,1706,377,0.17494199535962876,0.5977653631284916,0.2838196286472148,0.13663967611336034,0.8412993039443155,990.0,4593.967517401392,False,0.18142235123367198,2155,LIVE
0.11834182863587801,107,269,72,1707,376,0.17447795823665893,0.5977653631284916,0.2845744680851064,0.1361336032388664,0.8417633410672853,989.0,4589.327146171694,False,0.18142235123367198,2155,LIVE
0.11948906138012225,107,268,72,1708,375,0.1740139211136891,0.5977653631284916,0.2853333333333333,0.13562753036437247,0.8422273781902552,988.0,4584.686774941995,False,0.18142235123367198,2155,LIVE
0.11996181713633675,106,268,73,1708,374,0.17354988399071924,0.5921787709497207,0.28342245989304815,0.13562753036437247,0.8417633410672853,998.0,4631.090487238979,False,0.1799709724238026,2155,LIVE
0.12008772157896999,106,267,73,1709,373,0.17308584686774942,0.5921787709497207,0.28418230563002683,0.13512145748987855,0.8422273781902552,997.0,4626.4501160092805,False,0.1799709724238026,2155,LIVE
0.12031800272183568,105,267,74,1709,372,0.1726218097447796,0.5865921787709497,0.28225806451612906,0.13512145748987855,0.8417633410672853,1007.0,4672.853828306264,False,0.1799709724238026,2155,LIVE
0.1209048313944659,105,266,74,1710,371,0.17215777262180976,0.5865921787709497,0.2830188679245283,0.1346153846153846,0.8422273781902552,1006.0,4668.213457076566,False,0.1799709724238026,2155,LIVE
0.12108106706697534,105,265,74,1711,370,0.1716937354988399,0.5865921787709497,0.28378378378378377,0.1341093117408907,0.8426914153132251,1005.0,4663.573085846868,False,0.1799709724238026,2155,LIVE
0.12123998998674171,105,264,74,1712,369,0.17122969837587007,0.5865921787709497,0.2845528455284553,0.13360323886639677,0.8431554524361949,1004.0,4658.932714617169,False,0.1799709724238026,2155,LIVE
0.12190304849978831,105,263,74,1713,368,0.17076566125290024,0.5865921787709497,0.28532608695652173,0.13309716599190283,0.8436194895591648,1003.0,4654.292343387471,False,0.1799709724238026,2155,LIVE
0.1220507206217579,105,262,74,1714,367,0.17030162412993038,0.5865921787709497,0.28610354223433243,0.1325910931174089,0.8440835266821346,1002.0,4649.651972157772,False,0.17851959361393324,2155,LIVE
0.12227631455060346,105,261,74,1715,366,0.16983758700696056,0.5865921787709497,0.28688524590163933,0.132085020242915,0.8445475638051044,1001.0,4645.011600928074,False,0.17706821480406387,2155,LIVE
0.12277248049346583,105,260,74,1716,365,0.16937354988399073,0.5865921787709497,0.2876712328767123,0.13157894736842105,0.8450116009280743,1000.0,4640.371229698376,False,0.17561683599419448,2155,LIVE
0.1231521502686191,105,259,74,1717,364,0.16890951276102087,0.5865921787709497,0.28846153846153844,0.13107287449392713,0.8454756380510441,999.0,4635.730858468677,False,0.17561683599419448,2155,LIVE
0.12381871134774144,105,258,74,1718,363,0.16844547563805104,0.5865921787709497,0.2892561983471074,0.1305668016194332,0.8459396751740139,998.0,4631.090487238979,False,0.1741654571843251,2155,LIVE
0.12404908847331572,105,257,74,1719,362,0.1679814385150812,0.5865921787709497,0.2900552486187845,0.13006072874493926,0.8464037122969837,997.0,4626.4501160092805,False,0.1741654571843251,2155,LIVE
0.12430081169209653,104,257,75,1719,361,0.16751740139211138,0.5810055865921788,0.2880886426592798,0.13006072874493926,0.8459396751740139,1007.0,4672.853828306264,False,0.1741654571843251,2155,LIVE
0.12467736003141708,104,256,75,1720,360,0.16705336426914152,0.5810055865921788,0.28888888888888886,0.12955465587044535,0.8464037122969837,1006.0,4668.213457076566,False,0.1741654571843251,2155,LIVE
0.12475826860696797,104,255,75,1721,359,0.1665893271461717,0.5810055865921788,0.28969359331476324,0.12904858299595143,0.8468677494199536,1005.0,4663.573085846868,False,0.1741654571843251,2155,LIVE
0.12506642069281895,104,254,75,1722,358,0.16612529002320187,0.5810055865921788,0.2905027932960894,0.12854251012145748,0.8473317865429234,1004.0,4658.932714617169,False,0.1741654571843251,2155,LIVE
0.1251219051122656,104,253,75,1723,357,0.165661252900232,0.5810055865921788,0.2913165266106443,0.12803643724696356,0.8477958236658932,1003.0,4654.292343387471,False,0.1741654571843251,2155,LIVE
0.12546325618373325,103,253,76,1723,356,0.16519721577726218,0.5754189944134078,0.2893258426966292,0.12803643724696356,0.8473317865429234,1013.0,4700.696055684454,False,0.1741654571843251,2155,LIVE
0.12564385391614277,103,252,76,1724,355,0.16473317865429235,0.5754189944134078,0.29014084507042254,0.12753036437246965,0.8477958236658932,1012.0,4696.055684454756,False,0.1741654571843251,2155,LIVE
0.12648464014043595,103,251,76,1725,354,0.1642691415313225,0.5754189944134078,0.2909604519774011,0.1270242914979757,0.8482598607888631,1011.0,4691.415313225058,False,0.17271407837445574,2155,LIVE
0.1270793807509836,102,251,77,1725,353,0.16380510440835266,0.5698324022346368,0.28895184135977336,0.1270242914979757,0.8477958236658932,1021.0,4737.8190255220425,False,0.17271407837445574,2155,LIVE
0.12833883384840855,102,250,77,1726,352,0.16334106728538283,0.5698324022346368,0.2897727272727273,0.12651821862348178,0.8482598607888631,1020.0,4733.178654292343,False,0.17271407837445574,2155,LIVE
0.1294845576515726,102,249,77,1727,351,0.162877030162413,0.5698324022346368,0.2905982905982906,0.12601214574898786,0.8487238979118329,1019.0,4728.538283062645,False,0.17271407837445574,2155,LIVE
0.1300395716512123,101,249,78,1727,350,0.16241299303944315,0.5642458100558659,0.2885714285714286,0.12601214574898786,0.8482598607888631,1029.0,4774.941995359629,False,0.17126269956458637,2155,LIVE
0.13008314490794495,101,248,78,1728,349,0.16194895591647332,0.5642458100558659,0.28939828080229224,0.12550607287449392,0.8487238979118329,1028.0,4770.301624129931,False,0.17126269956458637,2155,LIVE
0.13028393920797762,101,247,78,1729,348,0.1614849187935035,0.5642458100558659,0.29022988505747127,0.125,0.8491879350348028,1027.0,4765.661252900231,False,0.17126269956458637,2155,LIVE
0.13028815738815308,101,246,78,1730,347,0.16102088167053363,0.5642458100558659,0.2910662824207493,0.12449392712550607,0.8496519721577727,1026.0,4761.0208816705335,False,0.16981132075471697,2155,LIVE
0.13069907548885998,101,245,78,1731,346,0.1605568445475638,0.5642458100558659,0.29190751445086704,0.12398785425101215,0.8501160092807425,1025.0,4756.380510440835,False,0.1683599419448476,2155,LIVE
0.13211344466557448,101,244,78,1732,345,0.16009280742459397,0.5642458100558659,0.2927536231884058,0.12348178137651822,0.8505800464037123,1024.0,4751.740139211137,False,0.1683599419448476,2155,LIVE
0.13223802423803976,101,243,78,1733,344,0.15962877030162412,0.5642458100558659,0.2936046511627907,0.12297570850202429,0.8510440835266821,1023.0,4747.099767981439,False,0.1683599419448476,2155,LIVE
0.13294470655180682,101,242,78,1734,343,0.1591647331786543,0.5642458100558659,0.2944606413994169,0.12246963562753037,0.851508120649652,1022.0,4742.45939675174,False,0.16690856313497823,2155,LIVE
0.13372086402114872,101,241,78,1735,342,0.15870069605568446,0.5642458100558659,0.2953216374269006,0.12196356275303644,0.8519721577726218,1021.0,4737.8190255220425,False,0.16690856313497823,2155,LIVE
0.13404291188056697,101,240,78,1736,341,0.15823665893271463,0.5642458100558659,0.2961876832844575,0.1214574898785425,0.8524361948955916,1020.0,4733.178654292343,False,0.16690856313497823,2155,LIVE
0.13429361329288292,101,239,78,1737,340,0.15777262180974477,0.5642458100558659,0.29705882352941176,0.12095141700404859,0.8529002320185615,1019.0,4728.538283062645,False,0.16690856313497823,2155,LIVE
0.13509035182019513,101,238,78,1738,339,0.15730858468677494,0.5642458100558659,0.29793510324483774,0.12044534412955465,0.8533642691415313,1018.0,4723.897911832946,False,0.16545718432510886,2155,LIVE
0.13526861067373325,101,237,78,1739,338,0.15684454756380511,0.5642458100558659,0.2988165680473373,0.11993927125506072,0.8538283062645011,1017.0,4719.257540603248,False,0.16400580551523947,2155,LIVE
0.1353359577006442,101,236,78,1740,337,0.15638051044083526,0.5642458100558659,0.2997032640949555,0.1194331983805668,0.854292343387471,1016.0,4714.61716937355,False,0.16400580551523947,2155,LIVE
0.13534283596521304,101,235,78,1741,336,0.15591647331786543,0.5642458100558659,0.3005952380952381,0.11892712550607287,0.8547563805104408,1015.0,4709.976798143852,False,0.16400580551523947,2155,LIVE
0.13540235141324522,101,234,78,1742,335,0.1554524361948956,0.5642458100558659,0.30149253731343284,0.11842105263157894,0.8552204176334107,1014.0,4705.336426914153,False,0.16400580551523947,2155,LIVE
0.13585365131779736,101,233,78,1743,334,0.15498839907192574,0.5642458100558659,0.3023952095808383,0.11791497975708502,0.8556844547563806,1013.0,4700.696055684454,False,0.16400580551523947,2155,LIVE
0.1359228627437014,101,232,78,1744,333,0.1545243619489559,0.5642458100558659,0.3033033033033033,0.11740890688259109,0.8561484918793504,1012.0,4696.055684454756,False,0.1625544267053701,2155,LIVE
0.13760733173931253,101,231,78,1745,332,0.15406032482598608,0.5642458100558659,0.3042168674698795,0.11690283400809717,0.8566125290023202,1011.0,4691.415313225058,False,0.1625544267053701,2155,LIVE
0.13792066501776348,100,231,79,1745,331,0.15359628770301625,0.5586592178770949,0.3021148036253776,0.11690283400809717,0.8561484918793504,1021.0,4737.8190255220425,False,0.1625544267053701,2155,LIVE
0.1380269041790392,99,231,80,1745,330,0.1531322505800464,0.553072625698324,0.3,0.11690283400809717,0.8556844547563806,1031.0,4784.2227378190255,False,0.1625544267053701,2155,LIVE
0.13809802356782186,98,231,81,1745,329,0.15266821345707657,0.547486033519553,0.2978723404255319,0.11690283400809717,0.8552204176334107,1041.0,4830.626450116009,False,0.1625544267053701,2155,LIVE
0.13825197574084847,98,230,81,1746,328,0.15220417633410674,0.547486033519553,0.29878048780487804,0.11639676113360324,0.8556844547563806,1040.0,4825.986078886311,False,0.1625544267053701,2155,LIVE
0.1384602261168199,98,229,81,1747,327,0.15174013921113688,0.547486033519553,0.2996941896024465,0.11589068825910931,0.8561484918793504,1039.0,4821.345707656613,False,0.1625544267053701,2155,LIVE
0.13864563369613786,98,228,81,1748,326,0.15127610208816705,0.547486033519553,0.3006134969325153,0.11538461538461539,0.8566125290023202,1038.0,4816.705336426914,False,0.16110304789550073,2155,LIVE
0.1394297709883076,98,227,81,1749,325,0.15081206496519722,0.547486033519553,0.30153846153846153,0.11487854251012146,0.85707656612529,1037.0,4812.064965197216,False,0.15965166908563136,2155,LIVE
0.13944452048638725,98,226,81,1750,324,0.15034802784222737,0.547486033519553,0.30246913580246915,0.11437246963562753,0.8575406032482599,1036.0,4807.4245939675175,False,0.15965166908563136,2155,LIVE
0.1395101666888945,98,225,81,1751,323,0.14988399071925754,0.547486033519553,0.30340557275541796,0.11386639676113361,0.8580046403712297,1035.0,4802.78422273782,False,0.15820029027576196,2155,LIVE
0.13968791883317766,98,224,81,1752,322,0.1494199535962877,0.547486033519553,0.30434782608695654,0.11336032388663968,0.8584686774941995,1034.0,4798.14385150812,False,0.1567489114658926,2155,LIVE
0.1402146763922855,97,224,82,1752,321,0.14895591647331788,0.5418994413407822,0.30218068535825543,0.11336032388663968,0.8580046403712297,1044.0,4844.547563805105,False,0.1567489114658926,2155,LIVE
0.14098913972781577,97,223,82,1753,320,0.14849187935034802,0.5418994413407822,0.303125,0.11285425101214575,0.8584686774941995,1043.0,4839.907192575406,False,0.15529753265602322,2155,LIVE
0.14123800391958916,97,222,82,1754,319,0.1480278422273782,0.5418994413407822,0.30407523510971785,0.11234817813765183,0.8589327146171694,1042.0,4835.266821345708,False,0.15529753265602322,2155,LIVE
0.14133867283091028,97,221,82,1755,318,0.14756380510440836,0.5418994413407822,0.3050314465408805,0.1118421052631579,0.8593967517401392,1041.0,4830.626450116009,False,0.15529753265602322,2155,LIVE
0.14143823799142208,97,220,82,1756,317,0.1470997679814385,0.5418994413407822,0.305993690851735,0.11133603238866396,0.859860788863109,1040.0,4825.986078886311,False,0.15529753265602322,2155,LIVE
0.14154809351639072,97,219,82,1757,316,0.14663573085846868,0.5418994413407822,0.3069620253164557,0.11082995951417005,0.8603248259860788,1039.0,4821.345707656613,False,0.15384615384615385,2155,LIVE
0.14187066146197333,97,218,82,1758,315,0.14617169373549885,0.5418994413407822,0.30793650793650795,0.11032388663967611,0.8607888631090487,1038.0,4816.705336426914,False,0.15384615384615385,2155,LIVE
0.14192067256004018,96,218,83,1758,314,0.145707656612529,0.5363128491620112,0.3057324840764331,0.11032388663967611,0.8603248259860788,1048.0,4863.109048723898,False,0.15239477503628446,2155,LIVE
0.14238281428056315,95,218,84,1758,313,0.14524361948955916,0.5307262569832403,0.3035143769968051,0.11032388663967611,0.859860788863109,1058.0,4909.512761020882,False,0.15239477503628446,2155,LIVE
0.1424469325352607,95,217,84,1759,312,0.14477958236658933,0.5307262569832403,0.30448717948717946,0.10981781376518218,0.8603248259860788,1057.0,4904.872389791183,False,0.15239477503628446,2155,LIVE
0.14252105725815312,95,216,84,1760,311,0.1443155452436195,0.5307262569832403,0.3054662379421222,0.10931174089068826,0.8607888631090487,1056.0,4900.232018561485,False,0.1509433962264151,2155,LIVE
0.1430469572105394,94,216,85,1760,310,0.14385150812064965,0.5251396648044693,0.3032258064516129,0.10931174089068826,0.8603248259860788,1066.0,4946.635730858468,False,0.14949201741654572,2155,LIVE
0.1441261560591307,94,215,85,1761,309,0.14338747099767982,0.5251396648044693,0.3042071197411003,0.10880566801619433,0.8607888631090487,1065.0,4941.9953596287705,False,0.14949201741654572,2155,LIVE
0.14466085990076136,94,214,85,1762,308,0.14292343387471,0.5251396648044693,0.3051948051948052,0.1082995951417004,0.8612529002320186,1064.0,4937.354988399072,False,0.14804063860667635,2155,LIVE
0.14557252979493365,94,213,85,1763,307,0.14245939675174013,0.5251396648044693,0.30618892508143325,0.10779352226720648,0.8617169373549884,1063.0,4932.714617169374,False,0.14658925979680695,2155,LIVE
0.14600095350829403,94,212,85,1764,306,0.1419953596287703,0.5251396648044693,0.30718954248366015,0.10728744939271255,0.8621809744779583,1062.0,4928.074245939675,False,0.14513788098693758,2155,LIVE
0.14606317967871346,93,212,86,1764,305,0.14153132250580047,0.5195530726256983,0.30491803278688523,0.10728744939271255,0.8617169373549884,1072.0,4974.477958236659,False,0.14368650217706821,2155,LIVE
0.14673813282124068,93,211,86,1765,304,0.14106728538283062,0.5195530726256983,0.3059210526315789,0.10678137651821862,0.8621809744779583,1071.0,4969.83758700696,False,0.14223512336719885,2155,LIVE
0.14681250644851557,93,210,86,1766,303,0.14060324825986079,0.5195530726256983,0.3069306930693069,0.1062753036437247,0.8626450116009281,1070.0,4965.1972157772625,False,0.14207650273224043,2155,LIVE
0.14697120337411473,93,209,86,1767,302,0.14013921113689096,0.5195530726256983,0.3079470198675497,0.10576923076923077,0.8631090487238979,1069.0,4960.556844547564,False,0.14207650273224043,2155,LIVE
0.14711107542399285,93,208,86,1768,301,0.13967517401392113,0.5195530726256983,0.3089700996677741,0.10526315789473684,0.8635730858468678,1068.0,4955.916473317866,False,0.14207650273224043,2155,LIVE
0.1478927867523264,93,207,86,1769,300,0.13921113689095127,0.5195530726256983,0.31,0.10475708502024292,0.8640371229698376,1067.0,4951.276102088167,False,0.14078374455732948,2155,LIVE
0.14806500019825913,93,206,86,1770,299,0.13874709976798144,0.5195530726256983,0.3110367892976589,0.10425101214574899,0.8645011600928074,1066.0,4946.635730858468,False,0.14078374455732948,2155,LIVE
0.14807871374606116,93,205,86,1771,298,0.1382830626450116,0.5195530726256983,0.31208053691275167,0.10374493927125505,0.8649651972157772,1065.0,4941.9953596287705,False,0.14078374455732948,2155,LIVE
0.14863505511533237,93,204,86,1772,297,0.13781902552204175,0.5195530726256983,0.31313131313131315,0.10323886639676114,0.8654292343387471,1064.0,4937.354988399072,False,0.14078374455732948,2155,LIVE
0.14896349971589934,93,203,86,1773,296,0.13735498839907193,0.5195530726256983,0.3141891891891892,0.1027327935222672,0.8658932714617169,1063.0,4932.714617169374,False,0.14078374455732948,2155,LIVE
0.1491629246559626,93,202,86,1774,295,0.1368909512761021,0.5195530726256983,0.3152542372881356,0.10222672064777327,0.8663573085846867,1062.0,4928.074245939675,False,0.14078374455732948,2155,LIVE
0.15075451292522515,93,201,86,1775,294,0.13642691415313224,0.5195530726256983,0.3163265306122449,0.10172064777327935,0.8668213457076566,1061.0,4923.433874709977,False,0.13933236574746008,2155,LIVE
0.1511576730606879,92,201,87,1775,293,0.1359628770301624,0.5139664804469274,0.31399317406143346,0.10172064777327935,0.8663573085846867,1071.0,4969.83758700696,False,0.13933236574746008,2155,LIVE
0.15127266513067716,92,200,87,1776,292,0.13549883990719258,0.5139664804469274,0.3150684931506849,0.10121457489878542,0.8668213457076566,1070.0,4965.1972157772625,False,0.1378809869375907,2155,LIVE
0.15143795083882997,92,199,87,1777,291,0.13503480278422275,0.5139664804469274,0.3161512027491409,0.1007085020242915,0.8672853828306265,1069.0,4960.556844547564,False,0.1378809869375907,2155,LIVE
0.15151500265160672,91,199,88,1777,290,0.1345707656612529,0.5083798882681564,0.3137931034482759,0.1007085020242915,0.8668213457076566,1079.0,5006.960556844548,False,0.13642960812772134,2155,LIVE
0.15180688958375332,91,198,88,1778,289,0.13410672853828307,0.5083798882681564,0.314878892733564,0.10020242914979757,0.8672853828306265,1078.0,5002.320185614849,False,0.13524590163934427,2155,LIVE
0.15245238010937845,91,197,88,1779,288,0.13364269141531324,0.5083798882681564,0.3159722222222222,0.09969635627530364,0.8677494199535963,1077.0,4997.679814385151,False,0.13497822931785197,2155,LIVE
0.15255419576202203,91,196,88,1780,287,0.13317865429234338,0.5083798882681564,0.3170731707317073,0.09919028340080972,0.8682134570765662,1076.0,4993.039443155452,False,0.13387978142076504,2155,LIVE
0.1541660722545734,91,195,88,1781,286,0.13271461716937355,0.5083798882681564,0.3181818181818182,0.09868421052631579,0.868677494199536,1075.0,4988.3990719257545,False,0.13387978142076504,2155,LIVE
0.15425275620236717,91,194,88,1782,285,0.13225058004640372,0.5083798882681564,0.3192982456140351,0.09817813765182186,0.8691415313225058,1074.0,4983.758700696056,False,0.13387978142076504,2155,LIVE
0.1547397711879562,90,194,89,1782,284,0.13178654292343386,0.5027932960893855,0.31690140845070425,0.09817813765182186,0.868677494199536,1084.0,5030.162412993039,False,0.13387978142076504,2155,LIVE
0.15485475062888704,90,193,89,1783,283,0.13132250580046403,0.5027932960893855,0.31802120141342755,0.09767206477732794,0.8691415313225058,1083.0,5025.522041763341,False,0.1325136612021858,2155,LIVE
0.15503085197389435,90,192,89,1784,282,0.1308584686774942,0.5027932960893855,0.3191489361702128,0.09716599190283401,0.8696055684454757,1082.0,5020.881670533642,False,0.13114754098360656,2155,LIVE
0.1552011064224783,90,191,89,1785,281,0.13039443155452435,0.5027932960893855,0.3202846975088968,0.09665991902834008,0.8700696055684455,1081.0,5016.241299303944,False,0.13114754098360656,2155,LIVE
0.1564029671748743,89,191,90,1785,280,0.12993039443155452,0.4972067039106145,0.31785714285714284,0.09665991902834008,0.8696055684454757,1091.0,5062.645011600928,False,0.13114754098360656,2155,LIVE
0.15672714383670203,88,191,91,1785,279,0.1294663573085847,0.49162011173184356,0.3154121863799283,0.09665991902834008,0.8691415313225058,1101.0,5109.048723897912,False,0.13114754098360656,2155,LIVE
0.15684862466702487,88,190,91,1786,278,0.12900232018561486,0.49162011173184356,0.31654676258992803,0.09615384615384616,0.8696055684454757,1100.0,5104.408352668213,False,0.1307901907356948,2155,LIVE
0.15721984501486116,88,189,91,1787,277,0.128538283062645,0.49162011173184356,0.3176895306859206,0.09564777327935223,0.8700696055684455,1099.0,5099.767981438516,False,0.12978142076502733,2155,LIVE
0.15762276521437635,88,188,91,1788,276,0.12807424593967517,0.49162011173184356,0.3188405797101449,0.0951417004048583,0.8705336426914153,1098.0,5095.127610208817,False,0.12978142076502733,2155,LIVE
0.15858120149433128,87,188,92,1788,275,0.12761020881670534,0.4860335195530726,0.31636363636363635,0.0951417004048583,0.8700696055684455,1108.0,5141.5313225058,False,0.12942779291553133,2155,LIVE
0.1586639066806024,87,187,92,1789,274,0.1271461716937355,0.4860335195530726,0.3175182481751825,0.09463562753036438,0.8705336426914153,1107.0,5136.890951276102,False,0.12942779291553133,2155,LIVE
0.15866924942269178,87,186,92,1790,273,0.12668213457076566,0.4860335195530726,0.31868131868131866,0.09412955465587045,0.8709976798143851,1106.0,5132.250580046403,False,0.12942779291553133,2155,LIVE
0.15879687555817906,87,185,92,1791,272,0.12621809744779583,0.4860335195530726,0.31985294117647056,0.09362348178137651,0.871461716937355,1105.0,5127.610208816705,False,0.12942779291553133,2155,LIVE
0.15884077705352595,87,184,92,1792,271,0.12575406032482597,0.4860335195530726,0.3210332103321033,0.0931174089068826,0.8719257540603248,1104.0,5122.969837587007,False,0.12942779291553133,2155,LIVE
0.15885423134614174,87,183,92,1793,270,0.12529002320185614,0.4860335195530726,0.32222222222222224,0.09261133603238866,0.8723897911832946,1103.0,5118.329466357309,False,0.12942779291553133,2155,LIVE
0.1591051605551963,86,183,93,1793,269,0.12482598607888631,0.48044692737430167,0.31970260223048325,0.09261133603238866,0.8719257540603248,1113.0,5164.733178654293,False,0.12942779291553133,2155,LIVE
0.15959789082696443,86,182,93,1794,268,0.12436194895591647,0.48044692737430167,0.3208955223880597,0.09210526315789473,0.8723897911832946,1112.0,5160.092807424595,False,0.12942779291553133,2155,LIVE
0.16018501103016675,86,181,93,1795,267,0.12389791183294664,0.48044692737430167,0.32209737827715357,0.09159919028340081,0.8728538283062645,1111.0,5155.452436194896,False,0.12942779291553133,2155,LIVE
0.16019690012203763,86,180,93,1796,266,0.1234338747099768,0.48044692737430167,0.3233082706766917,0.09109311740890688,0.8733178654292343,1110.0,5150.812064965196,False,0.12942779291553133,2155,LIVE
0.16087988292666036,86,179,93,1797,265,0.12296983758700696,0.48044692737430167,0.32452830188679244,0.09058704453441295,0.8737819025522042,1109.0,5146.171693735499,False,0.12806539509536785,2155,LIVE
0.1612914349942566,86,178,93,1798,264,0.12250580046403713,0.48044692737430167,0.32575757575757575,0.09008097165991903,0.874245939675174,1108.0,5141.5313225058,False,0.12806539509536785,2155,LIVE
0.16192847736230745,86,177,93,1799,263,0.12204176334106728,0.48044692737430167,0.3269961977186312,0.0895748987854251,0.8747099767981439,1107.0,5136.890951276102,False,0.12670299727520437,2155,LIVE
0.1622549390317694,85,177,94,1799,262,0.12157772621809745,0.4748603351955307,0.3244274809160305,0.0895748987854251,0.874245939675174,1117.0,5183.294663573086,False,0.12670299727520437,2155,LIVE
0.1625387257332982,85,176,94,1800,261,0.12111368909512761,0.4748603351955307,0.32567049808429116,0.08906882591093117,0.8747099767981439,1116.0,5178.654292343387,False,0.12670299727520437,2155,LIVE
0.16341657441332172,85,175,94,1801,260,0.12064965197215777,0.4748603351955307,0.3269230769230769,0.08856275303643725,0.8751740139211137,1115.0,5174.013921113689,False,0.12670299727520437,2155,LIVE
0.1644962538709769,85,174,94,1802,259,0.12018561484918794,0.4748603351955307,0.3281853281853282,0.08805668016194332,0.8756380510440835,1114.0,5169.373549883991,False,0.12670299727520437,2155,LIVE
0.1646915403820318,85,173,94,1803,258,0.1197215777262181,0.4748603351955307,0.32945736434108525,0.08755060728744939,0.8761020881670534,1113.0,5164.733178654293,False,0.12534059945504086,2155,LIVE
0.16543634749372477,85,172,94,1804,257,0.11925754060324827,0.4748603351955307,0.33073929961089493,0.08704453441295547,0.8765661252900232,1112.0,5160.092807424595,False,0.12397820163487738,2155,LIVE
0.16544786844266707,85,171,94,1805,256,0.11879350348027842,0.4748603351955307,0.33203125,0.08653846153846154,0.877030162412993,1111.0,5155.452436194896,False,0.1226158038147139,2155,LIVE
0.16660183324119146,84,171,95,1805,255,0.11832946635730858,0.4692737430167598,0.32941176470588235,0.08653846153846154,0.8765661252900232,1121.0,5201.856148491879,False,0.1226158038147139,2155,LIVE
0.16694470255055338,84,170,95,1806,254,0.11786542923433875,0.4692737430167598,0.33070866141732286,0.0860323886639676,0.877030162412993,1120.0,5197.21577726218,False,0.1226158038147139,2155,LIVE
0.16716219050841358,84,169,95,1807,253,0.11740139211136891,0.4692737430167598,0.33201581027667987,0.08552631578947369,0.8774941995359629,1119.0,5192.5754060324825,False,0.12125340599455041,2155,LIVE
0.16729988307187904,84,168,95,1808,252,0.11693735498839908,0.4692737430167598,0.3333333333333333,0.08502024291497975,0.8779582366589327,1118.0,5187.935034802784,True,0.11989100817438691,2155,LIVE
0.16752482742270583,84,167,95,1809,251,0.11647331786542924,0.4692737430167598,0.3346613545816733,0.08451417004048584,0.8784222737819025,1117.0,5183.294663573086,True,0.11989100817438691,2155,LIVE
0.16752555731687221,84,166,95,1810,250,0.11600928074245939,0.4692737430167598,0.336,0.0840080971659919,0.8788863109048723,1116.0,5178.654292343387,True,0.11885245901639344,2155,LIVE
0.16763870187632704,84,165,95,1811,249,0.11554524361948956,0.4692737430167598,0.3373493975903614,0.08350202429149797,0.8793503480278422,1115.0,5174.013921113689,True,0.11852861035422343,2155,LIVE
0.16765245468422404,84,164,95,1812,248,0.11508120649651972,0.4692737430167598,0.3387096774193548,0.08299595141700405,0.8798143851508121,1114.0,5169.373549883991,True,0.11852861035422343,2155,LIVE
0.16843058203845515,84,163,95,1813,247,0.11461716937354989,0.4692737430167598,0.340080971659919,0.08248987854251012,0.880278422273782,1113.0,5164.733178654293,True,0.11748633879781421,2155,LIVE
0.16856000552845168,84,162,95,1814,246,0.11415313225058005,0.4692737430167598,0.34146341463414637,0.08198380566801619,0.8807424593967518,1112.0,5160.092807424595,True,0.11748633879781421,2155,LIVE
0.16892161427109176,84,161,95,1815,245,0.1136890951276102,0.4692737430167598,0.34285714285714286,0.08147773279352227,0.8812064965197216,1111.0,5155.452436194896,True,0.11748633879781421,2155,LIVE
0.16922697386751764,83,161,96,1815,244,0.11322505800464037,0.46368715083798884,0.3401639344262295,0.08147773279352227,0.8807424593967518,1121.0,5201.856148491879,True,0.11612021857923498,2155,LIVE
0.16947341981432032,83,160,96,1816,243,0.11276102088167053,0.46368715083798884,0.34156378600823045,0.08097165991902834,0.8812064965197216,1120.0,5197.21577726218,True,0.11612021857923498,2155,LIVE
0.16949273635196516,83,159,96,1817,242,0.1122969837587007,0.46368715083798884,0.34297520661157027,0.08046558704453441,0.8816705336426914,1119.0,5192.5754060324825,True,0.11475409836065574,2155,LIVE
0.16955382934472318,82,159,97,1817,241,0.11183294663573086,0.4581005586592179,0.34024896265560167,0.08046558704453441,0.8812064965197216,1129.0,5238.9791183294665,True,0.1133879781420765,2155,LIVE
0.16979021687851367,82,158,97,1818,240,0.11136890951276102,0.4581005586592179,0.3416666666666667,0.07995951417004049,0.8816705336426914,1128.0,5234.338747099769,True,0.1133879781420765,2155,LIVE
0.16988016119325947,82,157,97,1819,239,0.11090487238979119,0.4581005586592179,0.34309623430962344,0.07945344129554656,0.8821345707656613,1127.0,5229.69837587007,True,0.11202185792349727,2155,LIVE
0.17190993822621292,82,156,97,1820,238,0.11044083526682134,0.4581005586592179,0.3445378151260504,0.07894736842105263,0.8825986078886311,1126.0,5225.058004640372,True,0.11171662125340599,2155,LIVE
0.1724134356264059,82,155,97,1821,237,0.10997679814385151,0.4581005586592179,0.3459915611814346,0.07844129554655871,0.8830626450116009,1125.0,5220.417633410673,True,0.11171662125340599,2155,LIVE
0.1729981383650352,81,155,98,1821,236,0.10951276102088167,0.45251396648044695,0.3432203389830508,0.07844129554655871,0.8825986078886311,1135.0,5266.821345707656,True,0.11171662125340599,2155,LIVE
0.1736293142789695,81,154,98,1822,235,0.10904872389791183,0.45251396648044695,0.3446808510638298,0.07793522267206478,0.8830626450116009,1134.0,5262.1809744779575,True,0.11171662125340599,2155,LIVE
0.1786119869185198,81,153,98,1823,234,0.108584686774942,0.45251396648044695,0.34615384615384615,0.07742914979757085,0.8835266821345708,1133.0,5257.54060324826,True,0.11171662125340599,2155,LIVE
0.17862596982157394,81,152,98,1824,233,0.10812064965197216,0.45251396648044695,0.34763948497854075,0.07692307692307693,0.8839907192575406,1132.0,5252.900232018561,True,0.11171662125340599,2155,LIVE
0.17893892990066382,81,151,98,1825,232,0.10765661252900233,0.45251396648044695,0.34913793103448276,0.076417004048583,0.8844547563805104,1131.0,5248.259860788863,True,0.11171662125340599,2155,LIVE
0.17986280939527333,81,150,98,1826,231,0.10719257540603248,0.45251396648044695,0.35064935064935066,0.07591093117408906,0.8849187935034802,1130.0,5243.619489559165,True,0.11035422343324251,2155,LIVE
0.1810089714286767,81,149,98,1827,230,0.10672853828306264,0.45251396648044695,0.3521739130434783,0.07540485829959515,0.8853828306264501,1129.0,5238.9791183294665,True,0.11035422343324251,2155,LIVE
0.18102270502454554,81,148,98,1828,229,0.10626450116009281,0.45251396648044695,0.3537117903930131,0.07489878542510121,0.88584686774942,1128.0,5234.338747099769,True,0.11035422343324251,2155,LIVE
0.18175939358886137,81,147,98,1829,228,0.10580046403712297,0.45251396648044695,0.35526315789473684,0.07439271255060728,0.8863109048723898,1127.0,5229.69837587007,True,0.11035422343324251,2155,LIVE
0.1819644180662153,81,146,98,1830,227,0.10533642691415314,0.45251396648044695,0.3568281938325991,0.07388663967611336,0.8867749419953597,1126.0,5225.058004640372,True,0.11035422343324251,2155,LIVE
0.18255956511705135,80,146,99,1830,226,0.1048723897911833,0.44692737430167595,0.35398230088495575,0.07388663967611336,0.8863109048723898,1136.0,5271.461716937354,True,0.11035422343324251,2155,LIVE
0.1825611632769632,80,145,99,1831,225,0.10440835266821345,0.44692737430167595,0.35555555555555557,0.07338056680161943,0.8867749419953597,1135.0,5266.821345707656,True,0.10899182561307902,2155,LIVE
0.18267049288659626,79,145,100,1831,224,0.10394431554524362,0.441340782122905,0.35267857142857145,0.07338056680161943,0.8863109048723898,1145.0,5313.22505800464,True,0.10899182561307902,2155,LIVE
0.1826774688085628,79,144,100,1832,223,0.10348027842227378,0.441340782122905,0.3542600896860987,0.0728744939271255,0.8867749419953597,1144.0,5308.584686774942,True,0.10762942779291552,2155,LIVE
0.18354280310909998,79,143,100,1833,222,0.10301624129930395,0.441340782122905,0.35585585585585583,0.07236842105263158,0.8872389791183295,1143.0,5303.944315545244,True,0.10762942779291552,2155,LIVE
0.18366326056725366,79,142,100,1834,221,0.10255220417633411,0.441340782122905,0.3574660633484163,0.07186234817813765,0.8877030162412993,1142.0,5299.303944315546,True,0.10762942779291552,2155,LIVE
0.18395987837427277,79,141,100,1835,220,0.10208816705336426,0.441340782122905,0.35909090909090907,0.07135627530364372,0.8881670533642692,1141.0,5294.663573085847,True,0.10762942779291552,2155,LIVE
0.18412528326268005,79,140,100,1836,219,0.10162412993039444,0.441340782122905,0.3607305936073059,0.0708502024291498,0.888631090487239,1140.0,5290.023201856149,True,0.10762942779291552,2155,LIVE
0.1846009380693141,79,139,100,1837,218,0.10116009280742459,0.441340782122905,0.3623853211009174,0.07034412955465587,0.8890951276102088,1139.0,5285.38283062645,True,0.10762942779291552,2155,LIVE
0.18461681396017732,79,138,100,1838,217,0.10069605568445476,0.441340782122905,0.3640552995391705,0.06983805668016195,0.8895591647331786,1138.0,5280.742459396753,True,0.10626702997275204,2155,LIVE
0.18568336533096813,79,137,100,1839,216,0.10023201856148492,0.441340782122905,0.36574074074074076,0.06933198380566802,0.8900232018561485,1137.0,5276.102088167053,True,0.10490463215258855,2155,LIVE
0.18695601475050713,79,136,100,1840,215,0.09976798143851508,0.441340782122905,0.3674418604651163,0.06882591093117409,0.8904872389791183,1136.0,5271.461716937354,True,0.10354223433242507,2155,LIVE
0.1873775846055863,79,135,100,1841,214,0.09930394431554525,0.441340782122905,0.3691588785046729,0.06831983805668017,0.8909512761020881,1135.0,5266.821345707656,True,0.10217983651226158,2155,LIVE
0.18739160722013024,79,134,100,1842,213,0.0988399071925754,0.441340782122905,0.37089201877934275,0.06781376518218624,0.891415313225058,1134.0,5262.1809744779575,True,0.10217983651226158,2155,LIVE
0.18756928314844384,79,133,100,1843,212,0.09837587006960556,0.441340782122905,0.37264150943396224,0.0673076923076923,0.8918793503480278,1133.0,5257.54060324826,True,0.1008174386920981,2155,LIVE
0.18776099328447163,79,132,100,1844,211,0.09791183294663573,0.441340782122905,0.3744075829383886,0.06680161943319839,0.8923433874709977,1132.0,5252.900232018561,True,0.1008174386920981,2155,LIVE
0.1886410511077296,79,131,100,1845,210,0.09744779582366589,0.441340782122905,0.3761904761904762,0.06629554655870445,0.8928074245939676,1131.0,5248.259860788863,True,0.0994550408719346,2155,LIVE
0.18922073006687407,79,130,100,1846,209,0.09698375870069606,0.441340782122905,0.37799043062200954,0.06578947368421052,0.8932714617169374,1130.0,5243.619489559165,True,0.0994550408719346,2155,LIVE
0.18995013961575563,79,129,100,1847,208,0.09651972157772622,0.441340782122905,0.3798076923076923,0.0652834008097166,0.8937354988399072,1129.0,5238.9791183294665,True,0.0994550408719346,2155,LIVE
0.1909573638978751,79,128,100,1848,207,0.09605568445475637,0.441340782122905,0.38164251207729466,0.06477732793522267,0.894199535962877,1128.0,5234.338747099769,True,0.0994550408719346,2155,LIVE
0.19393385669190208,79,127,100,1849,206,0.09559164733178654,0.441340782122905,0.38349514563106796,0.06427125506072874,0.8946635730858469,1127.0,5229.69837587007,True,0.09809264305177112,2155,LIVE
0.1940792284605753,79,126,100,1850,205,0.0951276102088167,0.441340782122905,0.3853658536585366,0.06376518218623482,0.8951276102088167,1126.0,5225.058004640372,True,0.09673024523160763,2155,LIVE
0.1945546548388643,79,125,100,1851,204,0.09466357308584687,0.441340782122905,0.3872549019607843,0.06325910931174089,0.8955916473317865,1125.0,5220.417633410673,True,0.09673024523160763,2155,LIVE
0.19469001408573045,79,124,100,1852,203,0.09419953596287703,0.441340782122905,0.3891625615763547,0.06275303643724696,0.8960556844547564,1124.0,5215.777262180974,True,0.09673024523160763,2155,LIVE
0.19617210298959328,79,123,100,1853,202,0.09373549883990719,0.441340782122905,0.3910891089108911,0.062246963562753034,0.8965197215777262,1123.0,5211.136890951276,True,0.09536784741144415,2155,LIVE
0.1971452574249362,79,122,100,1854,201,0.09327146171693736,0.441340782122905,0.39303482587064675,0.06174089068825911,0.896983758700696,1122.0,5206.496519721577,True,0.09536784741144415,2155,LIVE
0.19745885010055764,79,121,100,1855,200,0.09280742459396751,0.441340782122905,0.395,0.061234817813765184,0.8974477958236659,1121.0,5201.856148491879,True,0.09433962264150944,2155,LIVE
0.19948315159660923,79,120,100,1856,199,0.09234338747099768,0.441340782122905,0.3969849246231156,0.06072874493927125,0.8979118329466357,1120.0,5197.21577726218,True,0.09400544959128065,2155,LIVE
0.20086174633481174,79,119,100,1857,198,0.09187935034802784,0.441340782122905,0.398989898989899,0.06022267206477733,0.8983758700696056,1119.0,5192.5754060324825,True,0.09400544959128065,2155,LIVE
0.20127040116528566,79,118,100,1858,197,0.091415313225058,0.441340782122905,0.4010152284263959,0.0597165991902834,0.8988399071925754,1118.0,5187.935034802784,True,0.09264305177111716,2155,LIVE
0.20159760128477472,79,117,100,1859,196,0.09095127610208817,0.441340782122905,0.4030612244897959,0.05921052631578947,0.8993039443155453,1117.0,5183.294663573086,True,0.09264305177111716,2155,LIVE
0.20312669514369755,78,117,101,1859,195,0.09048723897911833,0.43575418994413406,0.4,0.05921052631578947,0.8988399071925754,1127.0,5229.69837587007,True,0.09264305177111716,2155,LIVE
0.20398223229684131,77,117,102,1859,194,0.0900232018561485,0.4301675977653631,0.39690721649484534,0.05921052631578947,0.8983758700696056,1137.0,5276.102088167053,True,0.09264305177111716,2155,LIVE
0.20582928067592,77,116,102,1860,193,0.08955916473317865,0.4301675977653631,0.39896373056994816,0.058704453441295545,0.8988399071925754,1136.0,5271.461716937354,True,0.09128065395095368,2155,LIVE
0.2072701143922485,77,115,102,1861,192,0.08909512761020881,0.4301675977653631,0.4010416666666667,0.05819838056680162,0.8993039443155453,1135.0,5266.821345707656,True,0.09128065395095368,2155,LIVE
0.20948119736049156,76,115,103,1861,191,0.08863109048723898,0.4245810055865922,0.39790575916230364,0.05819838056680162,0.8988399071925754,1145.0,5313.22505800464,True,0.08991825613079019,2155,LIVE
0.2103272800390964,76,114,103,1862,190,0.08816705336426914,0.4245810055865922,0.4,0.057692307692307696,0.8993039443155453,1144.0,5308.584686774942,True,0.0885558583106267,2155,LIVE
0.2104797456405309,76,113,103,1863,189,0.08770301624129931,0.4245810055865922,0.4021164021164021,0.057186234817813764,0.8997679814385151,1143.0,5303.944315545244,True,0.0885558583106267,2155,LIVE
0.2106708090196655,76,112,103,1864,188,0.08723897911832947,0.4245810055865922,0.40425531914893614,0.05668016194331984,0.9002320185614849,1142.0,5299.303944315546,True,0.0885558583106267,2155,LIVE
0.2112349580394982,75,112,104,1864,187,0.08677494199535962,0.41899441340782123,0.40106951871657753,0.05668016194331984,0.8997679814385151,1152.0,5345.70765661253,True,0.0885558583106267,2155,LIVE
0.21145465582605882,75,111,104,1865,186,0.0863109048723898,0.41899441340782123,0.4032258064516129,0.056174089068825914,0.9002320185614849,1151.0,5341.067285382831,True,0.0885558583106267,2155,LIVE
0.2115226611640083,74,111,105,1865,185,0.08584686774941995,0.4134078212290503,0.4,0.056174089068825914,0.8997679814385151,1161.0,5387.470997679814,True,0.0885558583106267,2155,LIVE
0.21451954947244986,73,111,106,1865,184,0.08538283062645012,0.40782122905027934,0.3967391304347826,0.056174089068825914,0.8993039443155453,1171.0,5433.874709976798,True,0.08719346049046321,2155,LIVE
0.2148832241523681,73,110,106,1866,183,0.08491879350348028,0.40782122905027934,0.3989071038251366,0.05566801619433198,0.8997679814385151,1170.0,5429.2343387471,True,0.08583106267029973,2155,LIVE
0.2158349238675228,72,110,107,1866,182,0.08445475638051043,0.4022346368715084,0.3956043956043956,0.05566801619433198,0.8993039443155453,1180.0,5475.638051044084,True,0.08583106267029973,2155,LIVE
0.21674914425133598,72,109,107,1867,181,0.0839907192575406,0.4022346368715084,0.39779005524861877,0.05516194331983806,0.8997679814385151,1179.0,5470.997679814385,True,0.08583106267029973,2155,LIVE
0.21723696794718833,72,108,107,1868,180,0.08352668213457076,0.4022346368715084,0.4,0.05465587044534413,0.9002320185614849,1178.0,5466.357308584687,True,0.08583106267029973,2155,LIVE
0.21725795834490574,72,107,107,1869,179,0.08306264501160093,0.4022346368715084,0.4022346368715084,0.0541497975708502,0.9006960556844548,1177.0,5461.716937354988,True,0.08446866485013624,2155,LIVE
0.21974507141152472,72,106,107,1870,178,0.08259860788863109,0.4022346368715084,0.4044943820224719,0.053643724696356275,0.9011600928074246,1176.0,5457.07656612529,True,0.08446866485013624,2155,LIVE
0.22043072149082654,72,105,107,1871,177,0.08213457076566125,0.4022346368715084,0.4067796610169492,0.05313765182186235,0.9016241299303944,1175.0,5452.436194895591,True,0.08446866485013624,2155,LIVE
0.2207233099408375,72,104,107,1872,176,0.08167053364269142,0.4022346368715084,0.4090909090909091,0.05263157894736842,0.9020881670533643,1174.0,5447.795823665893,True,0.08446866485013624,2155,LIVE
0.22225180380776177,71,104,108,1872,175,0.08120649651972157,0.39664804469273746,0.4057142857142857,0.05263157894736842,0.9016241299303944,1184.0,5494.199535962877,True,0.08446866485013624,2155,LIVE
0.22561700362034642,71,103,108,1873,174,0.08074245939675175,0.39664804469273746,0.40804597701149425,0.05212550607287449,0.9020881670533643,1183.0,5489.5591647331785,True,0.08446866485013624,2155,LIVE
0.22670286106094542,71,102,108,1874,173,0.0802784222737819,0.39664804469273746,0.41040462427745666,0.05161943319838057,0.9025522041763341,1182.0,5484.918793503481,True,0.08310626702997276,2155,LIVE
0.2275007841856891,71,101,108,1875,172,0.07981438515081206,0.39664804469273746,0.4127906976744186,0.051113360323886636,0.9030162412993039,1181.0,5480.278422273782,True,0.08310626702997276,2155,LIVE
0.2279980692410427,70,101,109,1875,171,0.07935034802784223,0.39106145251396646,0.4093567251461988,0.051113360323886636,0.9025522041763341,1191.0,5526.682134570766,True,0.08310626702997276,2155,LIVE
0.22816660782572568,70,100,109,1876,170,0.07888631090487239,0.39106145251396646,0.4117647058823529,0.05060728744939271,0.9030162412993039,1190.0,5522.041763341067,True,0.08310626702997276,2155,LIVE
0.22897114616044106,70,99,109,1877,169,0.07842227378190256,0.39106145251396646,0.41420118343195267,0.050101214574898786,0.9034802784222737,1189.0,5517.401392111368,True,0.08310626702997276,2155,LIVE
0.228974130404136,70,98,109,1878,168,0.07795823665893271,0.39106145251396646,0.4166666666666667,0.04959514170040486,0.9039443155452436,1188.0,5512.76102088167,True,0.08310626702997276,2155,LIVE
0.2299993522030369,69,98,110,1878,167,0.07749419953596287,0.3854748603351955,0.41317365269461076,0.04959514170040486,0.9034802784222737,1198.0,5559.164733178654,True,0.08174386920980926,2155,LIVE
0.23047568246747882,69,97,110,1879,166,0.07703016241299304,0.3854748603351955,0.41566265060240964,0.04908906882591093,0.9039443155452436,1197.0,5554.524361948956,True,0.08174386920980926,2155,LIVE
0.23067791513785052,69,96,110,1880,165,0.0765661252900232,0.3854748603351955,0.41818181818181815,0.048582995951417005,0.9044083526682135,1196.0,5549.883990719258,True,0.08174386920980926,2155,LIVE
0.23085966214829157,68,96,111,1880,164,0.07610208816705337,0.37988826815642457,0.4146341463414634,0.048582995951417005,0.9039443155452436,1206.0,5596.287703016242,True,0.08174386920980926,2155,LIVE
0.2326688442715642,68,95,111,1881,163,0.07563805104408353,0.37988826815642457,0.4171779141104294,0.04807692307692308,0.9044083526682135,1205.0,5591.647331786543,True,0.08038147138964577,2155,LIVE
0.23273569238406444,67,95,112,1881,162,0.07517401392111368,0.3743016759776536,0.41358024691358025,0.04807692307692308,0.9039443155452436,1215.0,5638.051044083526,True,0.07901907356948229,2155,LIVE
0.2352561389151256,67,94,112,1882,161,0.07470997679814385,0.3743016759776536,0.4161490683229814,0.04757085020242915,0.9044083526682135,1214.0,5633.410672853828,True,0.0776566757493188,2155,LIVE
0.23943890422416128,67,93,112,1883,160,0.07424593967517401,0.3743016759776536,0.41875,0.04706477732793522,0.9048723897911833,1213.0,5628.770301624129,True,0.07629427792915532,2155,LIVE
0.23967225058853597,67,92,112,1884,159,0.07378190255220418,0.3743016759776536,0.42138364779874216,0.0465587044534413,0.9053364269141532,1212.0,5624.1299303944315,True,0.07513661202185792,2155,LIVE
0.23986133920844513,66,92,113,1884,158,0.07331786542923434,0.3687150837988827,0.4177215189873418,0.0465587044534413,0.9048723897911833,1222.0,5670.5336426914155,True,0.07513661202185792,2155,LIVE
0.23996688306533498,66,91,113,1885,157,0.0728538283062645,0.3687150837988827,0.42038216560509556,0.046052631578947366,0.9053364269141532,1221.0,5665.893271461717,True,0.07513661202185792,2155,LIVE
0.2411403007368611,66,90,113,1886,156,0.07238979118329467,0.3687150837988827,0.4230769230769231,0.04554655870445344,0.905800464037123,1220.0,5661.252900232019,True,0.07377049180327869,2155,LIVE
0.24248625235175067,65,90,114,1886,155,0.07192575406032482,0.36312849162011174,0.41935483870967744,0.04554655870445344,0.9053364269141532,1230.0,5707.656612529002,True,0.07240437158469945,2155,LIVE
0.24368623965180178,65,89,114,1887,154,0.071461716937355,0.36312849162011174,0.42207792207792205,0.045040485829959516,0.905800464037123,1229.0,5703.016241299303,True,0.07240437158469945,2155,LIVE
0.24478117271922922,64,89,115,1887,153,0.07099767981438515,0.3575418994413408,0.41830065359477125,0.045040485829959516,0.9053364269141532,1239.0,5749.419953596288,True,0.07240437158469945,2155,LIVE
0.2448006237439368,63,89,116,1887,152,0.07053364269141531,0.35195530726256985,0.4144736842105263,0.045040485829959516,0.9048723897911833,1249.0,5795.823665893272,True,0.07240437158469945,2155,LIVE
0.24536740667010373,63,88,116,1888,151,0.07006960556844548,0.35195530726256985,0.41721854304635764,0.044534412955465584,0.9053364269141532,1248.0,5791.183294663573,True,0.07240437158469945,2155,LIVE
0.24538935313214635,63,87,116,1889,150,0.06960556844547564,0.35195530726256985,0.42,0.04402834008097166,0.905800464037123,1247.0,5786.542923433875,True,0.07103825136612021,2155,LIVE
0.2473438792525219,62,87,117,1889,149,0.0691415313225058,0.3463687150837989,0.4161073825503356,0.04402834008097166,0.9053364269141532,1257.0,5832.946635730858,True,0.07103825136612021,2155,LIVE
0.24913239993454164,62,86,117,1890,148,0.06867749419953596,0.3463687150837989,0.4189189189189189,0.043522267206477734,0.905800464037123,1256.0,5828.30626450116,True,0.07103825136612021,2155,LIVE
0.25011823539108863,62,85,117,1891,147,0.06821345707656612,0.3463687150837989,0.4217687074829932,0.0430161943319838,0.9062645011600928,1255.0,5823.665893271462,True,0.07103825136612021,2155,LIVE
0.250483720023821,62,84,117,1892,146,0.06774941995359629,0.3463687150837989,0.4246575342465753,0.04251012145748988,0.9067285382830627,1254.0,5819.025522041763,True,0.07103825136612021,2155,LIVE
0.253566721605436,62,83,117,1893,145,0.06728538283062645,0.3463687150837989,0.42758620689655175,0.04200404858299595,0.9071925754060325,1253.0,5814.385150812065,True,0.06967213114754098,2155,LIVE
0.2550458011703593,62,82,117,1894,144,0.06682134570765662,0.3463687150837989,0.4305555555555556,0.04149797570850203,0.9076566125290023,1252.0,5809.744779582366,True,0.06830601092896176,2155,LIVE
0.25730946508494545,62,81,117,1895,143,0.06635730858468677,0.3463687150837989,0.43356643356643354,0.040991902834008095,0.9081206496519721,1251.0,5805.1044083526685,True,0.06830601092896176,2155,LIVE
0.2581455655490605,62,80,117,1896,142,0.06589327146171693,0.3463687150837989,0.43661971830985913,0.04048582995951417,0.908584686774942,1250.0,5800.46403712297,True,0.06830601092896176,2155,LIVE
0.25868399985721274,62,79,117,1897,141,0.0654292343387471,0.3463687150837989,0.4397163120567376,0.039979757085020245,0.9090487238979118,1249.0,5795.823665893272,True,0.06693989071038252,2155,LIVE
0.25999863877883644,62,78,117,1898,140,0.06496519721577726,0.3463687150837989,0.44285714285714284,0.039473684210526314,0.9095127610208816,1248.0,5791.183294663573,True,0.0667574931880109,2155,LIVE
0.2601213310010646,61,78,118,1898,139,0.06450116009280743,0.3407821229050279,0.43884892086330934,0.039473684210526314,0.9090487238979118,1258.0,5837.587006960557,True,0.06557377049180328,2155,LIVE
0.2618135117264088,61,77,118,1899,138,0.06403712296983759,0.3407821229050279,0.4420289855072464,0.03896761133603239,0.9095127610208816,1257.0,5832.946635730858,True,0.06557377049180328,2155,LIVE
0.2629885149772848,61,76,118,1900,137,0.06357308584686774,0.3407821229050279,0.44525547445255476,0.038461538461538464,0.9099767981438515,1256.0,5828.30626450116,True,0.06420765027322405,2155,LIVE
0.264058463418863,60,76,119,1900,136,0.06310904872389791,0.33519553072625696,0.4411764705882353,0.038461538461538464,0.9095127610208816,1266.0,5874.7099767981435,True,0.06403269754768393,2155,LIVE
0.2642678495377478,60,75,119,1901,135,0.06264501160092807,0.33519553072625696,0.4444444444444444,0.03795546558704453,0.9099767981438515,1265.0,5870.069605568446,True,0.06403269754768393,2155,LIVE
0.2643220341888381,60,74,119,1902,134,0.062180974477958235,0.33519553072625696,0.44776119402985076,0.03744939271255061,0.9104408352668213,1264.0,5865.429234338747,True,0.06403269754768393,2155,LIVE
0.26463059122171634,59,74,120,1902,133,0.0617169373549884,0.329608938547486,0.44360902255639095,0.03744939271255061,0.9099767981438515,1274.0,5911.832946635731,True,0.06403269754768393,2155,LIVE
0.2658305796334718,58,74,121,1902,132,0.06125290023201856,0.3240223463687151,0.4393939393939394,0.03744939271255061,0.9095127610208816,1284.0,5958.236658932715,True,0.06403269754768393,2155,LIVE
0.26692591575298286,58,73,121,1903,131,0.06078886310904873,0.3240223463687151,0.44274809160305345,0.03694331983805668,0.9099767981438515,1283.0,5953.596287703016,True,0.06403269754768393,2155,LIVE
0.26816105285733305,58,72,121,1904,130,0.060324825986078884,0.3240223463687151,0.4461538461538462,0.03643724696356275,0.9104408352668213,1282.0,5948.955916473317,True,0.06403269754768393,2155,LIVE
0.2685404564153506,58,71,121,1905,129,0.05986078886310905,0.3240223463687151,0.4496124031007752,0.035931174089068825,0.9109048723897912,1281.0,5944.315545243619,True,0.06403269754768393,2155,LIVE
0.26996066533523067,58,70,121,1906,128,0.05939675174013921,0.3240223463687151,0.453125,0.0354251012145749,0.9113689095127611,1280.0,5939.675174013921,True,0.06267029972752043,2155,LIVE
0.27100643286974213,58,69,121,1907,127,0.058932714617169375,0.3240223463687151,0.4566929133858268,0.034919028340080975,0.9118329466357309,1279.0,5935.034802784223,True,0.06130790190735695,2155,LIVE
0.2715720562839708,58,68,121,1908,126,0.05846867749419954,0.3240223463687151,0.4603174603174603,0.03441295546558704,0.9122969837587007,1278.0,5930.394431554524,True,0.06130790190735695,2155,LIVE
0.2717845461901973,58,67,121,1909,125,0.058004640371229696,0.3240223463687151,0.464,0.03390688259109312,0.9127610208816705,1277.0,5925.754060324826,True,0.05994550408719346,2155,LIVE
0.2720902359350566,57,67,122,1909,124,0.05754060324825986,0.31843575418994413,0.4596774193548387,0.03390688259109312,0.9122969837587007,1287.0,5972.15777262181,True,0.05994550408719346,2155,LIVE
0.2725189953031611,57,66,122,1910,123,0.057076566125290024,0.31843575418994413,0.4634146341463415,0.03340080971659919,0.9127610208816705,1286.0,5967.517401392111,True,0.05994550408719346,2155,LIVE
0.2726325292157621,57,65,122,1911,122,0.05661252900232019,0.31843575418994413,0.4672131147540984,0.03289473684210526,0.9132250580046404,1285.0,5962.877030162414,True,0.05858310626702997,2155,LIVE
0.27392776652796785,57,64,122,1912,121,0.05614849187935035,0.31843575418994413,0.47107438016528924,0.032388663967611336,0.9136890951276102,1284.0,5958.236658932715,True,0.05858310626702997,2155,LIVE
0.2744047855812821,57,63,122,1913,120,0.05568445475638051,0.31843575418994413,0.475,0.03188259109311741,0.91415313225058,1283.0,5953.596287703016,True,0.05858310626702997,2155,LIVE
0.27710358975568755,57,62,122,1914,119,0.05522041763341067,0.31843575418994413,0.4789915966386555,0.03137651821862348,0.9146171693735499,1282.0,5948.955916473317,True,0.05858310626702997,2155,LIVE
0.27789528912549716,56,62,123,1914,118,0.054756380510440836,0.3128491620111732,0.4745762711864407,0.03137651821862348,0.91415313225058,1292.0,5995.359628770301,True,0.05858310626702997,2155,LIVE
0.2806596542296105,56,61,123,1915,117,0.054292343387471,0.3128491620111732,0.47863247863247865,0.030870445344129555,0.9146171693735499,1291.0,5990.719257540603,True,0.05722070844686648,2155,LIVE
0.28066874999857094,56,60,123,1916,116,0.05382830626450116,0.3128491620111732,0.4827586206896552,0.030364372469635626,0.9150812064965197,1290.0,5986.078886310905,True,0.05722070844686648,2155,LIVE
0.28158587963249476,56,59,123,1917,115,0.05336426914153132,0.3128491620111732,0.48695652173913045,0.0298582995951417,0.9155452436194895,1289.0,5981.438515081207,True,0.05722070844686648,2155,LIVE
0.2819647021799825,55,59,124,1917,114,0.052900232018561484,0.30726256983240224,0.4824561403508772,0.0298582995951417,0.9150812064965197,1299.0,6027.842227378191,True,0.055858310626702996,2155,LIVE
0.2821441541668634,54,59,125,1917,113,0.05243619489559165,0.3016759776536313,0.4778761061946903,0.0298582995951417,0.9146171693735499,1309.0,6074.245939675174,True,0.055858310626702996,2155,LIVE
0.28416749491872445,54,58,125,1918,112,0.05197215777262181,0.3016759776536313,0.48214285714285715,0.029352226720647773,0.9150812064965197,1308.0,6069.605568445475,True,0.055858310626702996,2155,LIVE
0.28613645822156414,53,58,126,1918,111,0.051508120649651976,0.29608938547486036,0.4774774774774775,0.029352226720647773,0.9146171693735499,1318.0,6116.009280742459,True,0.055858310626702996,2155,LIVE
0.2886479902803958,53,57,126,1919,110,0.05104408352668213,0.29608938547486036,0.4818181818181818,0.028846153846153848,0.9150812064965197,1317.0,6111.368909512761,True,0.05449591280653951,2155,LIVE
0.2892153102363639,53,56,126,1920,109,0.050580046403712296,0.29608938547486036,0.48623853211009177,0.02834008097165992,0.9155452436194895,1316.0,6106.728538283062,True,0.05449591280653951,2155,LIVE
0.29595923092553744,53,55,126,1921,108,0.05011600928074246,0.29608938547486036,0.49074074074074076,0.02783400809716599,0.9160092807424594,1315.0,6102.0881670533645,True,0.05313351498637602,2155,LIVE
0.2966510329734171,52,55,127,1921,107,0.049651972157772624,0.2905027932960894,0.48598130841121495,0.02783400809716599,0.9155452436194895,1325.0,6148.491879350348,True,0.05313351498637602,2155,LIVE
0.30044542489225107,52,54,127,1922,106,0.04918793503480278,0.2905027932960894,0.49056603773584906,0.027327935222672066,0.9160092807424594,1324.0,6143.851508120651,True,0.051771117166212535,2155,LIVE
0.30215551322545403,51,54,128,1922,105,0.048723897911832945,0.2849162011173184,0.4857142857142857,0.027327935222672066,0.9155452436194895,1334.0,6190.255220417633,True,0.051771117166212535,2155,LIVE
0.30221232941041265,50,54,129,1922,104,0.04825986078886311,0.27932960893854747,0.4807692307692308,0.027327935222672066,0.9150812064965197,1344.0,6236.658932714618,True,0.05040871934604905,2155,LIVE
0.30585251687485887,50,53,129,1923,103,0.04779582366589327,0.27932960893854747,0.4854368932038835,0.026821862348178137,0.9155452436194895,1343.0,6232.018561484919,True,0.04918032786885246,2155,LIVE
0.30592059146840933,50,52,129,1924,102,0.047331786542923436,0.27932960893854747,0.49019607843137253,0.02631578947368421,0.9160092807424594,1342.0,6227.378190255221,True,0.04904632152588556,2155,LIVE
0.30762781685726404,49,52,130,1924,101,0.04686774941995359,0.2737430167597765,0.48514851485148514,0.02631578947368421,0.9155452436194895,1352.0,6273.781902552205,True,0.04904632152588556,2155,LIVE
0.3079579542998715,49,51,130,1925,100,0.04640371229698376,0.2737430167597765,0.49,0.025809716599190284,0.9160092807424594,1351.0,6269.141531322506,True,0.04904632152588556,2155,LIVE
0.3112564221751985,48,51,131,1925,99,0.04593967517401392,0.2681564245810056,0.48484848484848486,0.025809716599190284,0.9155452436194895,1361.0,6315.545243619489,True,0.04904632152588556,2155,LIVE
0.31400120761564543,48,50,131,1926,98,0.045475638051044084,0.2681564245810056,0.4897959183673469,0.025303643724696356,0.9160092807424594,1360.0,6310.904872389791,True,0.047683923705722074,2155,LIVE
0.31464711922664457,48,49,131,1927,97,0.04501160092807425,0.2681564245810056,0.4948453608247423,0.02479757085020243,0.9164733178654292,1359.0,6306.264501160093,True,0.04632152588555858,2155,LIVE
0.3151226193523001,47,49,132,1927,96,0.044547563805104405,0.26256983240223464,0.4895833333333333,0.02479757085020243,0.9160092807424594,1369.0,6352.6682134570765,True,0.04499274310595065,2155,LIVE
0.31844093016946534,47,48,132,1928,95,0.04408352668213457,0.26256983240223464,0.49473684210526314,0.024291497975708502,0.9164733178654292,1368.0,6348.027842227379,True,0.04495912806539509,2155,LIVE
0.3190509521530107,46,48,133,1928,94,0.04361948955916473,0.2569832402234637,0.48936170212765956,0.024291497975708502,0.9160092807424594,1378.0,6394.431554524363,True,0.04495912806539509,2155,LIVE
0.3194834939821506,45,48,134,1928,93,0.0431554524361949,0.25139664804469275,0.4838709677419355,0.024291497975708502,0.9155452436194895,1388.0,6440.835266821346,True,0.04495912806539509,2155,LIVE
0.3200419055177375,45,47,134,1929,92,0.04269141531322506,0.25139664804469275,0.4891304347826087,0.023785425101214574,0.9160092807424594,1387.0,6436.194895591647,True,0.04495912806539509,2155,LIVE
0.32540197910947294,44,47,135,1929,91,0.04222737819025522,0.24581005586592178,0.4835164835164835,0.023785425101214574,0.9155452436194895,1397.0,6482.598607888631,True,0.04495912806539509,2155,LIVE
0.33111663734177565,44,46,135,1930,90,0.04176334106728538,0.24581005586592178,0.4888888888888889,0.02327935222672065,0.9160092807424594,1396.0,6477.958236658933,True,0.04495912806539509,2155,LIVE
0.3331305666711587,43,46,136,1930,89,0.041299303944315545,0.24022346368715083,0.48314606741573035,0.02327935222672065,0.9155452436194895,1406.0,6524.361948955917,True,0.04495912806539509,2155,LIVE
0.33332477530179977,43,45,136,1931,88,0.04083526682134571,0.24022346368715083,0.48863636363636365,0.02277327935222672,0.9160092807424594,1405.0,6519.721577726218,True,0.04495912806539509,2155,LIVE
0.33529523247756643,43,44,136,1932,87,0.04037122969837587,0.24022346368715083,0.4942528735632184,0.022267206477732792,0.9164733178654292,1404.0,6515.08120649652,True,0.043596730245231606,2155,LIVE
0.339974931420411,42,44,137,1932,86,0.03990719257540603,0.2346368715083799,0.4883720930232558,0.022267206477732792,0.9160092807424594,1414.0,6561.484918793503,True,0.043596730245231606,2155,LIVE
0.34330574759376614,41,44,138,1932,85,0.03944315545243619,0.22905027932960895,0.4823529411764706,0.022267206477732792,0.9155452436194895,1424.0,6607.888631090487,True,0.043596730245231606,2155,LIVE
0.3454093924072192,41,43,138,1933,84,0.03897911832946636,0.22905027932960895,0.4880952380952381,0.021761133603238867,0.9160092807424594,1423.0,6603.2482598607885,True,0.043596730245231606,2155,LIVE
0.3468762810271325,41,42,138,1934,83,0.03851508120649652,0.22905027932960895,0.4939759036144578,0.02125506072874494,0.9164733178654292,1422.0,6598.607888631091,True,0.04223433242506812,2155,LIVE
0.34703880769234074,41,41,138,1935,82,0.038051044083526685,0.22905027932960895,0.5,0.020748987854251014,0.9169373549883991,1421.0,6593.967517401392,True,0.04087193460490463,2155,LIVE
0.3513171900828342,41,40,138,1936,81,0.03758700696055684,0.22905027932960895,0.5061728395061729,0.020242914979757085,0.917401392111369,1420.0,6589.327146171694,True,0.04087193460490463,2155,LIVE
0.35187028280875116,40,40,139,1936,80,0.037122969837587005,0.22346368715083798,0.5,0.020242914979757085,0.9169373549883991,1430.0,6635.730858468677,True,0.039509536784741145,2155,LIVE
0.3546955472333157,40,39,139,1937,79,0.03665893271461717,0.22346368715083798,0.5063291139240507,0.019736842105263157,0.917401392111369,1429.0,6631.090487238978,True,0.03814713896457766,2155,LIVE
0.35618967662440104,39,39,140,1937,78,0.03619489559164733,0.21787709497206703,0.5,0.019736842105263157,0.9169373549883991,1439.0,6677.494199535962,True,0.03814713896457766,2155,LIVE
0.3562311908450596,38,39,141,1937,77,0.0357308584686775,0.2122905027932961,0.4935064935064935,0.019736842105263157,0.9164733178654292,1449.0,6723.897911832947,True,0.03814713896457766,2155,LIVE
0.35624301384203083,38,38,141,1938,76,0.035266821345707654,0.2122905027932961,0.5,0.019230769230769232,0.9169373549883991,1448.0,6719.257540603248,True,0.03814713896457766,2155,LIVE
0.3589314442803796,37,38,142,1938,75,0.03480278422273782,0.20670391061452514,0.49333333333333335,0.019230769230769232,0.9164733178654292,1458.0,6765.661252900232,True,0.03814713896457766,2155,LIVE
0.360045476972722,37,37,142,1939,74,0.03433874709976798,0.20670391061452514,0.5,0.018724696356275303,0.9169373549883991,1457.0,6761.020881670534,True,0.03814713896457766,2155,LIVE
0.3647991235109615,37,36,142,1940,73,0.033874709976798145,0.20670391061452514,0.5068493150684932,0.018218623481781375,0.917401392111369,1456.0,6756.380510440835,True,0.03678474114441417,2155,LIVE
0.3658523010073551,36,36,143,1940,72,0.03341067285382831,0.2011173184357542,0.5,0.018218623481781375,0.9169373549883991,1466.0,6802.784222737819,True,0.03678474114441417,2155,LIVE
0.3710896155322549,36,35,143,1941,71,0.032946635730858466,0.2011173184357542,0.5070422535211268,0.01771255060728745,0.917401392111369,1465.0,6798.143851508121,True,0.03678474114441417,2155,LIVE
0.3715313119802824,36,34,143,1942,70,0.03248259860788863,0.2011173184357542,0.5142857142857142,0.01720647773279352,0.9178654292343388,1464.0,6793.503480278422,True,0.03678474114441417,2155,LIVE
0.3733039155366598,36,33,143,1943,69,0.032018561484918794,0.2011173184357542,0.5217391304347826,0.016700404858299597,0.9183294663573086,1463.0,6788.863109048724,True,0.03678474114441417,2155,LIVE
0.3791492453232838,36,32,143,1944,68,0.03155452436194896,0.2011173184357542,0.5294117647058824,0.016194331983805668,0.9187935034802784,1462.0,6784.2227378190255,True,0.03678474114441417,2155,LIVE
0.38058343537162403,36,31,143,1945,67,0.031090487238979118,0.2011173184357542,0.5373134328358209,0.01568825910931174,0.9192575406032483,1461.0,6779.582366589328,True,0.03678474114441417,2155,LIVE
0.3883947823671442,36,30,143,1946,66,0.03062645011600928,0.2011173184357542,0.5454545454545454,0.015182186234817813,0.9197215777262181,1460.0,6774.941995359629,True,0.035422343324250684,2155,LIVE
0.3899746219654029,35,30,144,1946,65,0.030162412993039442,0.19553072625698323,0.5384615384615384,0.015182186234817813,0.9192575406032483,1470.0,6821.345707656613,True,0.035422343324250684,2155,LIVE
0.39400463067555497,34,30,145,1946,64,0.029698375870069606,0.18994413407821228,0.53125,0.015182186234817813,0.9187935034802784,1480.0,6867.749419953596,True,0.0340599455040872,2155,LIVE
0.394995620211619,33,30,146,1946,63,0.02923433874709977,0.18435754189944134,0.5238095238095238,0.015182186234817813,0.9183294663573086,1490.0,6914.15313225058,True,0.0326975476839237,2155,LIVE
0.3957580911913624,32,30,147,1946,62,0.02877030162412993,0.1787709497206704,0.5161290322580645,0.015182186234817813,0.9178654292343388,1500.0,6960.556844547564,True,0.0326975476839237,2155,LIVE
0.39600593293729724,32,29,147,1947,61,0.028306264501160094,0.1787709497206704,0.5245901639344263,0.014676113360323886,0.9183294663573086,1499.0,6955.916473317866,True,0.0326975476839237,2155,LIVE
0.39876210604137907,32,28,147,1948,60,0.027842227378190254,0.1787709497206704,0.5333333333333333,0.01417004048582996,0.9187935034802784,1498.0,6951.276102088167,True,0.031335149863760216,2155,LIVE
0.39917043897134896,32,27,147,1949,59,0.027378190255220418,0.1787709497206704,0.5423728813559322,0.013663967611336033,0.9192575406032483,1497.0,6946.635730858469,True,0.031335149863760216,2155,LIVE
0.40035186793786626,31,27,148,1949,58,0.02691415313225058,0.17318435754189945,0.5344827586206896,0.013663967611336033,0.9187935034802784,1507.0,6993.039443155452,True,0.031335149863760216,2155,LIVE
0.4039395484771232,31,26,148,1950,57,0.026450116009280742,0.17318435754189945,0.543859649122807,0.013157894736842105,0.9192575406032483,1506.0,6988.399071925754,True,0.02997275204359673,2155,LIVE
0.4053881364003229,30,26,149,1950,56,0.025986078886310906,0.16759776536312848,0.5357142857142857,0.013157894736842105,0.9187935034802784,1516.0,7034.8027842227375,True,0.02997275204359673,2155,LIVE
0.40801387796236155,30,25,149,1951,55,0.025522041763341066,0.16759776536312848,0.5454545454545454,0.012651821862348178,0.9192575406032483,1515.0,7030.16241299304,True,0.02997275204359673,2155,LIVE
0.41426531350463053,29,25,150,1951,54,0.02505800464037123,0.16201117318435754,0.5370370370370371,0.012651821862348178,0.9187935034802784,1525.0,7076.566125290024,True,0.02861035422343324,2155,LIVE
0.4178919687154671,29,24,150,1952,53,0.02459396751740139,0.16201117318435754,0.5471698113207547,0.012145748987854251,0.9192575406032483,1524.0,7071.925754060326,True,0.02861035422343324,2155,LIVE
0.42102696316650995,29,23,150,1953,52,0.024129930394431554,0.16201117318435754,0.5576923076923077,0.011639676113360324,0.9197215777262181,1523.0,7067.285382830626,True,0.02861035422343324,2155,LIVE
0.4312059452147028,29,22,150,1954,51,0.023665893271461718,0.16201117318435754,0.5686274509803921,0.011133603238866396,0.9201856148491879,1522.0,7062.645011600927,True,0.027247956403269755,2155,LIVE
0.4337437590668674,29,21,150,1955,50,0.02320185614849188,0.16201117318435754,0.58,0.01062753036437247,0.9206496519721578,1521.0,7058.0046403712295,True,0.025885558583106268,2155,LIVE
0.4356830491782393,29,20,150,1956,49,0.022737819025522042,0.16201117318435754,0.5918367346938775,0.010121457489878543,0.9211136890951276,1520.0,7053.364269141531,True,0.025885558583106268,2155,LIVE
0.4385432722049405,28,20,151,1956,48,0.022273781902552203,0.1564245810055866,0.5833333333333334,0.010121457489878543,0.9206496519721578,1530.0,7099.767981438515,True,0.025885558583106268,2155,LIVE
0.44057439090178574,28,19,151,1957,47,0.021809744779582366,0.1564245810055866,0.5957446808510638,0.009615384615384616,0.9211136890951276,1529.0,7095.127610208817,True,0.025885558583106268,2155,LIVE
0.44346041046133144,27,19,152,1957,46,0.02134570765661253,0.15083798882681565,0.5869565217391305,0.009615384615384616,0.9206496519721578,1539.0,7141.531322505801,True,0.025885558583106268,2155,LIVE
0.44970476313313046,27,18,152,1958,45,0.02088167053364269,0.15083798882681565,0.6,0.009109311740890687,0.9211136890951276,1538.0,7136.890951276103,True,0.025885558583106268,2155,LIVE
0.4555791368924831,27,17,152,1959,44,0.020417633410672854,0.15083798882681565,0.6136363636363636,0.00860323886639676,0.9215777262180974,1537.0,7132.250580046404,True,0.025885558583106268,2155,LIVE
0.45919519890719956,26,17,153,1959,43,0.019953596287703015,0.1452513966480447,0.6046511627906976,0.00860323886639676,0.9211136890951276,1547.0,7178.654292343387,True,0.025885558583106268,2155,LIVE
0.4672630923940957,26,16,153,1960,42,0.01948955916473318,0.1452513966480447,0.6190476190476191,0.008097165991902834,0.9215777262180974,1546.0,7174.013921113688,True,0.025885558583106268,2155,LIVE
0.48426050991703284,26,15,153,1961,41,0.019025522041763342,0.1452513966480447,0.6341463414634146,0.0075910931174089065,0.9220417633410672,1545.0,7169.373549883991,True,0.02452316076294278,2155,LIVE
0.4847824556988728,25,15,154,1961,40,0.018561484918793503,0.13966480446927373,0.625,0.0075910931174089065,0.9215777262180974,1555.0,7215.7772621809745,True,0.02316076294277929,2155,LIVE
0.49872831419790997,25,14,154,1962,39,0.018097447795823667,0.13966480446927373,0.6410256410256411,0.00708502024291498,0.9220417633410672,1554.0,7211.136890951277,True,0.02316076294277929,2155,LIVE
0.5,25,13,154,1963,38,0.017633410672853827,0.13966480446927373,0.6578947368421053,0.006578947368421052,0.9225058004640371,1553.0,7206.496519721578,True,0.02316076294277929,2155,LIVE
0.5038307830447937,25,13,154,1963,38,0.017633410672853827,0.13966480446927373,0.6578947368421053,0.006578947368421052,0.9225058004640371,1553.0,7206.496519721578,True,0.02316076294277929,2155,LIVE
0.5038596581659414,25,12,154,1964,37,0.01716937354988399,0.13966480446927373,0.6756756756756757,0.006072874493927126,0.922969837587007,1552.0,7201.85614849188,True,0.021798365122615803,2155,LIVE
0.50559129553254,24,12,155,1964,36,0.016705336426914155,0.1340782122905028,0.6666666666666666,0.006072874493927126,0.9225058004640371,1562.0,7248.259860788863,True,0.021798365122615803,2155,LIVE
0.5100756372030127,23,12,156,1964,35,0.016241299303944315,0.12849162011173185,0.6571428571428571,0.006072874493927126,0.9220417633410672,1572.0,7294.663573085847,True,0.020435967302452316,2155,LIVE
0.5161016003489132,23,11,156,1965,34,0.01577726218097448,0.12849162011173185,0.6764705882352942,0.005566801619433198,0.9225058004640371,1571.0,7290.023201856148,True,0.01907356948228883,2155,LIVE
0.5183413730600351,22,11,157,1965,33,0.01531322505800464,0.12290502793296089,0.6666666666666666,0.005566801619433198,0.9220417633410672,1581.0,7336.426914153132,True,0.01907356948228883,2155,LIVE
0.5296764328502193,22,10,157,1966,32,0.014849187935034803,0.12290502793296089,0.6875,0.005060728744939271,0.9225058004640371,1580.0,7331.786542923434,True,0.01907356948228883,2155,LIVE
0.5354423542772965,21,10,158,1966,31,0.014385150812064965,0.11731843575418995,0.6774193548387096,0.005060728744939271,0.9220417633410672,1590.0,7378.190255220418,True,0.01907356948228883,2155,LIVE
0.5372140327413885,20,10,159,1966,30,0.013921113689095127,0.11173184357541899,0.6666666666666666,0.005060728744939271,0.9215777262180974,1600.0,7424.593967517401,True,0.01907356948228883,2155,LIVE
0.5447218305966944,20,9,159,1967,29,0.01345707656612529,0.11173184357541899,0.6896551724137931,0.004554655870445344,0.9220417633410672,1599.0,7419.953596287703,True,0.01907356948228883,2155,LIVE
0.5513547789283156,20,8,159,1968,28,0.012993039443155453,0.11173184357541899,0.7142857142857143,0.004048582995951417,0.9225058004640371,1598.0,7415.313225058005,True,0.017711171662125342,2155,LIVE
0.5813856354848669,19,8,160,1968,27,0.012529002320185615,0.10614525139664804,0.7037037037037037,0.004048582995951417,0.9220417633410672,1608.0,7461.716937354989,True,0.01634877384196185,2155,LIVE
0.5941599247144616,18,8,161,1968,26,0.012064965197215777,0.1005586592178771,0.6923076923076923,0.004048582995951417,0.9215777262180974,1618.0,7508.120649651973,True,0.014986376021798364,2155,LIVE
0.6078120942442963,17,8,162,1968,25,0.01160092807424594,0.09497206703910614,0.68,0.004048582995951417,0.9211136890951276,1628.0,7554.524361948956,True,0.014986376021798364,2155,LIVE
0.6242884437281381,16,8,163,1968,24,0.011136890951276101,0.0893854748603352,0.6666666666666666,0.004048582995951417,0.9206496519721578,1638.0,7600.92807424594,True,0.014986376021798364,2155,LIVE
0.6253476195652508,16,7,163,1969,23,0.010672853828306265,0.0893854748603352,0.6956521739130435,0.00354251012145749,0.9211136890951276,1637.0,7596.287703016241,True,0.013623978201634877,2155,LIVE
0.6282074788999036,15,7,164,1969,22,0.010208816705336427,0.08379888268156424,0.6818181818181818,0.00354251012145749,0.9206496519721578,1647.0,7642.691415313226,True,0.013623978201634877,2155,LIVE
0.6355235425382904,14,7,165,1969,21,0.00974477958236659,0.0782122905027933,0.6666666666666666,0.00354251012145749,0.9201856148491879,1657.0,7689.09512761021,True,0.01226158038147139,2155,LIVE
0.6364745835814486,13,7,166,1969,20,0.009280742459396751,0.07262569832402235,0.65,0.00354251012145749,0.9197215777262181,1667.0,7735.498839907193,True,0.010899182561307902,2155,LIVE
0.6449837191719241,12,7,167,1969,19,0.008816705336426913,0.0670391061452514,0.631578947368421,0.00354251012145749,0.9192575406032483,1677.0,7781.902552204177,True,0.010899182561307902,2155,LIVE
0.647771667521845,12,6,167,1970,18,0.008352668213457077,0.0670391061452514,0.6666666666666666,0.003036437246963563,0.9197215777262181,1676.0,7777.262180974478,True,0.010159651669085631,2155,LIVE
0.6479154900803175,12,5,167,1971,17,0.00788863109048724,0.0670391061452514,0.7058823529411765,0.0025303643724696357,0.9201856148491879,1675.0,7772.62180974478,True,0.009536784741144414,2155,LIVE
0.6487743057184554,12,4,167,1972,16,0.007424593967517401,0.0670391061452514,0.75,0.0020242914979757085,0.9206496519721578,1674.0,7767.981438515081,True,0.009536784741144414,2155,LIVE
0.6708832640903646,11,4,168,1972,15,0.0069605568445475635,0.061452513966480445,0.7333333333333333,0.0020242914979757085,0.9201856148491879,1684.0,7814.385150812065,True,0.009536784741144414,2155,LIVE
0.6727722946672745,11,3,168,1973,14,0.0064965197215777265,0.061452513966480445,0.7857142857142857,0.0015182186234817814,0.9206496519721578,1683.0,7809.744779582367,True,0.008174386920980926,2155,LIVE
0.6865960425999498,11,2,168,1974,13,0.0060324825986078886,0.061452513966480445,0.8461538461538461,0.0010121457489878543,0.9211136890951276,1682.0,7805.104408352668,True,0.008174386920980926,2155,LIVE
0.6970956058791639,10,2,169,1974,12,0.005568445475638051,0.055865921787709494,0.8333333333333334,0.0010121457489878543,0.9206496519721578,1692.0,7851.508120649652,True,0.006811989100817439,2155,LIVE
0.7112468625596514,9,2,170,1974,11,0.005104408352668214,0.05027932960893855,0.8181818181818182,0.0010121457489878543,0.9201856148491879,1702.0,7897.9118329466355,True,0.006811989100817439,2155,LIVE
0.7329228939848312,8,2,171,1974,10,0.004640371229698376,0.0446927374301676,0.8,0.0010121457489878543,0.9197215777262181,1712.0,7944.315545243619,True,0.005449591280653951,2155,LIVE
0.7347121412831759,8,1,171,1975,9,0.004176334106728539,0.0446927374301676,0.8888888888888888,0.0005060728744939271,0.9201856148491879,1711.0,7939.675174013922,True,0.005449591280653951,2155,LIVE
0.740985931041812,7,1,172,1975,8,0.0037122969837587007,0.03910614525139665,0.875,0.0005060728744939271,0.9197215777262181,1721.0,7986.078886310905,True,0.005449591280653951,2155,LIVE
0.7553322094962359,6,1,173,1975,7,0.0032482598607888632,0.0335195530726257,0.8571428571428571,0.0005060728744939271,0.9192575406032483,1731.0,8032.482598607889,True,0.005449591280653951,2155,LIVE
0.7764964540558087,6,0,173,1976,6,0.0027842227378190253,0.0335195530726257,1.0,0.0,0.9197215777262181,1730.0,8027.84222737819,True,0.005449591280653951,2155,LIVE
0.7994072777668069,5,0,174,1976,5,0.002320185614849188,0.027932960893854747,1.0,0.0,0.9192575406032483,1740.0,8074.245939675175,True,0.004087193460490463,2155,LIVE
0.8006414134695587,4,0,175,1976,4,0.0018561484918793504,0.0223463687150838,1.0,0.0,0.9187935034802784,1750.0,8120.649651972159,True,0.004087193460490463,2155,LIVE
0.8063598885597527,3,0,176,1976,3,0.0013921113689095127,0.01675977653631285,1.0,0.0,0.9183294663573086,1760.0,8167.053364269142,True,0.004087193460490463,2155,LIVE
0.8305865088910619,2,0,177,1976,2,0.0009280742459396752,0.0111731843575419,1.0,0.0,0.9178654292343388,1770.0,8213.457076566125,True,0.0027247956403269754,2155,LIVE
0.9288922671629528,1,0,178,1976,1,0.0004640371229698376,0.00558659217877095,1.0,0.0,0.917401392111369,1780.0,8259.860788863109,True,0.0013623978201634877,2155,LIVE
1.0000000000000002,0,0,179,1976,0,0.0,0.0,,0.0,0.9169373549883991,1790.0,8306.264501160093,True,0.0,2155,LIVE
